Date,liga,HomeTeam,AwayTeam,total_real,data_corte_modelo,prob_over_3.5,over_real_3.5
2023-05-04,Championship,Huddersfield,Sheffield United,3.0,2023-05-04,0.5708942353440654,0.0
2023-05-08,Championship,Preston,Sunderland,2.0,2023-05-04,0.7067575455254181,0.0
2023-05-08,Championship,Wigan,Rotherham,2.0,2023-05-04,0.5118638588913541,0.0
2023-05-08,Championship,Watford,Stoke,2.0,2023-05-04,0.6325195915966517,0.0
2023-05-08,Championship,Swansea,West Brom,3.0,2023-05-04,0.6344952809568345,0.0
2023-05-08,Championship,Norwich,Blackpool,1.0,2023-05-04,0.4852427210348751,0.0
2023-05-08,Championship,QPR,Bristol City,1.0,2023-05-04,0.3786298797767422,0.0
2023-05-08,Championship,Middlesbrough,Coventry,4.0,2023-05-04,0.5482197678176051,1.0
2023-05-08,Championship,Luton,Hull,1.0,2023-05-04,0.3872347330462504,0.0
2023-05-08,Championship,Huddersfield,Reading,1.0,2023-05-04,0.4788599415199129,0.0
2023-05-08,Championship,Burnley,Cardiff,3.0,2023-05-04,0.5957687030618178,0.0
2023-05-08,Championship,Birmingham,Sheffield United,1.0,2023-05-04,0.34188113471446513,0.0
2023-05-08,Championship,Millwall,Blackburn,1.0,2023-05-04,0.5526177159453801,0.0
2023-08-05,Championship,Watford,QPR,3.0,2023-08-04,0.5655260424946578,0.0
2023-08-05,Championship,Swansea,Birmingham,5.0,2023-08-04,0.5197450681327879,1.0
2023-08-05,Championship,Stoke,Rotherham,8.0,2023-08-04,0.46918654847026436,1.0
2023-08-05,Championship,Middlesbrough,Millwall,4.0,2023-08-04,0.4042972093356485,1.0
2023-08-05,Championship,Bristol City,Preston,1.0,2023-08-04,0.2635246258221988,0.0
2023-08-05,Championship,Blackburn,West Brom,7.0,2023-08-04,0.33238072239061434,1.0
2023-08-05,Championship,Norwich,Hull,7.0,2023-08-04,0.5268730386478169,1.0
2023-08-06,Championship,Leeds,Cardiff,3.0,2023-08-04,0.5907421125603296,0.0
2023-08-06,Championship,Sunderland,Ipswich,4.0,2023-08-04,0.5304746010982193,1.0
2023-08-12,Championship,West Brom,Swansea,7.0,2023-08-04,0.4816527105966303,1.0
2023-08-12,Championship,Rotherham,Blackburn,4.0,2023-08-04,0.5088064320206547,1.0
2023-08-12,Championship,Preston,Sunderland,4.0,2023-08-04,0.641451468247246,1.0
2023-08-12,Championship,Millwall,Bristol City,4.0,2023-08-04,0.4596381508850744,1.0
2023-08-12,Championship,Hull,Sheffield Weds,4.0,2023-08-04,0.29512191588243697,1.0
2023-08-12,Championship,Coventry,Middlesbrough,2.0,2023-08-04,0.3527848470797415,0.0
2023-08-12,Championship,Ipswich,Stoke,4.0,2023-08-04,0.40233245984051114,1.0
2023-08-12,Championship,Cardiff,QPR,4.0,2023-08-04,0.573316637328771,1.0
2023-08-12,Championship,Birmingham,Leeds,3.0,2023-08-04,0.5774142997332767,0.0
2023-08-18,Championship,Leeds,West Brom,9.0,2023-08-04,0.5722804791676922,1.0
2023-08-19,Championship,Swansea,Coventry,3.0,2023-08-04,0.579315324532934,0.0
2023-08-19,Championship,Sunderland,Rotherham,3.0,2023-08-04,0.566088936186688,0.0
2023-08-19,Championship,QPR,Ipswich,5.0,2023-08-04,0.36270700697624025,1.0
2023-08-19,Championship,Middlesbrough,Huddersfield,4.0,2023-08-04,0.4830670226856693,1.0
2023-08-19,Championship,Stoke,Watford,5.0,2023-08-04,0.6166648386109476,1.0
2023-08-19,Championship,Bristol City,Birmingham,2.0,2023-08-04,0.370769711349659,0.0
2023-08-19,Championship,Blackburn,Hull,4.0,2023-08-04,0.5172369005599003,1.0
2023-08-19,Championship,Sheffield Weds,Preston,2.0,2023-08-04,0.3518212703624199,0.0
2023-08-20,Championship,Norwich,Millwall,3.0,2023-08-04,0.30184988073552854,0.0
2023-08-25,Championship,Hull,Bristol City,3.0,2023-08-04,0.3274804291247737,0.0
2023-08-26,Championship,Millwall,Stoke,6.0,2023-08-04,0.23767973855227506,1.0
2023-08-26,Championship,West Brom,Middlesbrough,3.0,2023-08-04,0.46716336468723524,0.0
2023-08-26,Championship,Preston,Swansea,3.0,2023-08-04,0.5583927236703298,0.0
2023-08-26,Championship,Ipswich,Leeds,5.0,2023-08-04,0.49201745833236,1.0
2023-08-26,Championship,Coventry,Sunderland,5.0,2023-08-04,0.76208775881088,1.0
2023-08-26,Championship,Cardiff,Sheffield Weds,5.0,2023-08-04,0.3703516294433499,1.0
2023-08-26,Championship,Huddersfield,Norwich,4.0,2023-08-04,0.2997045397077225,1.0
2023-08-27,Championship,Watford,Blackburn,5.0,2023-08-04,0.684905743841912,1.0
2023-09-02,Championship,Stoke,Preston,7.0,2023-08-04,0.5540871937292031,1.0
2023-09-02,Championship,Rotherham,Norwich,3.0,2023-08-04,0.41912459530190993,0.0
2023-09-02,Championship,Middlesbrough,QPR,3.0,2023-08-04,0.4330482614520385,0.0
2023-09-02,Championship,West Brom,Huddersfield,2.0,2023-08-04,0.4335498974432274,0.0
2023-09-02,Championship,Ipswich,Cardiff,7.0,2023-08-04,0.38771408829836784,1.0
2023-09-02,Championship,Swansea,Bristol City,5.0,2023-08-04,0.5426325103663763,1.0
2023-09-02,Championship,Birmingham,Millwall,3.0,2023-08-04,0.37077311546379815,0.0
2023-09-02,Championship,Leeds,Sheffield Weds,3.0,2023-08-04,0.2689082661384445,0.0
2023-09-02,Championship,Coventry,Watford,6.0,2023-08-04,0.4648201658005103,1.0
2023-09-15,Championship,Southampton,Leicester,6.0,2023-09-15,0.9993190998765634,1.0
2023-09-15,Championship,Hull,Coventry,7.0,2023-09-15,0.2911887536871578,1.0
2023-09-16,Championship,Blackburn,Middlesbrough,3.0,2023-09-15,0.4133206257552282,0.0
2023-09-16,Championship,Watford,Birmingham,6.0,2023-09-15,0.7645610827572693,1.0
2023-09-16,Championship,Sheffield Weds,Ipswich,7.0,2023-09-15,0.4257079264728943,1.0
2023-09-16,Championship,QPR,Sunderland,2.0,2023-09-15,0.3984917849501001,0.0
2023-09-16,Championship,Cardiff,Swansea,2.0,2023-09-15,0.535793811380908,0.0
2023-09-16,Championship,Norwich,Stoke,4.0,2023-09-15,0.6554132783930208,1.0
2023-09-16,Championship,Huddersfield,Rotherham,2.0,2023-09-15,0.3909212826808885,0.0
2023-09-16,Championship,Bristol City,West Brom,4.0,2023-09-15,0.3846130663863293,1.0
2023-09-16,Championship,Preston,Plymouth,4.0,2023-09-15,0.2307348001498579,1.0
2023-09-17,Championship,Millwall,Leeds,0.0,2023-09-15,0.46843159422527125,0.0
2023-09-19,Championship,Bristol City,Plymouth,3.0,2023-09-15,0.22743523641055063,0.0
2023-09-19,Championship,Cardiff,Coventry,5.0,2023-09-15,0.4917280926776607,1.0
2023-09-19,Championship,Preston,Birmingham,3.0,2023-09-15,0.3110054717643775,0.0
2023-09-19,Championship,QPR,Swansea,2.0,2023-09-15,0.49433508829708317,0.0
2023-09-19,Championship,Southampton,Ipswich,4.0,2023-09-15,0.9792047838489722,1.0
2023-09-19,Championship,Sheffield Weds,Middlesbrough,3.0,2023-09-15,0.25175563375890464,0.0
2023-09-20,Championship,Norwich,Leicester,7.0,2023-09-15,0.8346362872374514,1.0
2023-09-20,Championship,Watford,West Brom,3.0,2023-09-15,0.7675839959018814,0.0
2023-09-20,Championship,Millwall,Rotherham,2.0,2023-09-15,0.3367061386794975,0.0
2023-09-20,Championship,Huddersfield,Stoke,4.0,2023-09-15,0.5040729918946688,1.0
2023-09-20,Championship,Blackburn,Sunderland,8.0,2023-09-15,0.7314818841041019,1.0
2023-09-20,Championship,Hull,Leeds,5.0,2023-09-15,0.48924691828114886,1.0
2023-09-22,Championship,Birmingham,QPR,5.0,2023-09-15,0.5001266777065974,1.0
2023-09-23,Championship,Swansea,Sheffield Weds,4.0,2023-09-15,0.40863401872905175,1.0
2023-09-23,Championship,West Brom,Millwall,2.0,2023-09-15,0.3965425441705689,0.0
2023-09-23,Championship,Rotherham,Preston,5.0,2023-09-15,0.4145240302883702,1.0
2023-09-23,Championship,Plymouth,Norwich,1.0,2023-09-15,0.23750225492378885,0.0
2023-09-23,Championship,Leicester,Bristol City,3.0,2023-09-15,0.6075248871428073,0.0
2023-09-23,Championship,Leeds,Watford,4.0,2023-09-15,0.732267775436234,1.0
2023-09-23,Championship,Ipswich,Blackburn,7.0,2023-09-15,0.7903319730255821,1.0
2023-09-23,Championship,Middlesbrough,Southampton,3.0,2023-09-15,0.9825848664483698,0.0
2023-09-24,Championship,Stoke,Hull,5.0,2023-09-15,0.35246276550432887,1.0
2023-09-24,Championship,Sunderland,Cardiff,4.0,2023-09-15,0.5904811924457876,1.0
2023-09-25,Championship,Coventry,Huddersfield,5.0,2023-09-15,0.5435898651592719,1.0
2023-09-29,Championship,Sheffield Weds,Sunderland,2.0,2023-09-15,0.4425092688231413,0.0
2023-09-30,Championship,Norwich,Birmingham,2.0,2023-09-15,0.49896494440291567,0.0
2023-09-30,Championship,Watford,Middlesbrough,2.0,2023-09-15,0.737224932089169,0.0
2023-09-30,Championship,QPR,Coventry,6.0,2023-09-15,0.45457351686636893,1.0
2023-09-30,Championship,Preston,West Brom,4.0,2023-09-15,0.4787480956932156,1.0
2023-09-30,Championship,Millwall,Swansea,4.0,2023-09-15,0.5455744555360553,1.0
2023-09-30,Championship,Huddersfield,Ipswich,6.0,2023-09-15,0.5224208598818739,1.0
2023-09-30,Championship,Cardiff,Rotherham,2.0,2023-09-15,0.5872033471783583,0.0
2023-09-30,Championship,Southampton,Leeds,5.0,2023-09-15,0.9832156139896866,1.0
2023-09-30,Championship,Hull,Plymouth,4.0,2023-09-15,0.10436974236541124,1.0
2023-09-30,Championship,Bristol City,Stoke,2.0,2023-09-15,0.42192483378412354,0.0
2023-10-01,Championship,Blackburn,Leicester,5.0,2023-09-15,0.8807753104965786,1.0
2023-10-03,Championship,Birmingham,Huddersfield,4.0,2023-09-15,0.3845368693838575,1.0
2023-10-03,Championship,Ipswich,Hull,0.0,2023-09-15,0.5682676955801829,0.0
2023-10-03,Championship,Middlesbrough,Cardiff,4.0,2023-09-15,0.477235673753577,1.0
2023-10-03,Championship,Plymouth,Millwall,8.0,2023-09-15,0.22666301745663942,1.0
2023-10-03,Championship,Stoke,Southampton,5.0,2023-09-15,0.9316915601142426,1.0
2023-10-03,Championship,West Brom,Sheffield Weds,1.0,2023-09-15,0.47520370557792563,0.0
2023-10-04,Championship,Rotherham,Bristol City,2.0,2023-09-15,0.224912196071451,0.0
2023-10-04,Championship,Swansea,Norwich,6.0,2023-09-15,0.5541429798818994,1.0
2023-10-04,Championship,Sunderland,Watford,6.0,2023-09-15,0.6695663463088034,1.0
2023-10-04,Championship,Leeds,QPR,2.0,2023-09-15,0.43356615354589734,0.0
2023-10-04,Championship,Coventry,Blackburn,3.0,2023-09-15,0.5604278991601217,0.0
2023-10-04,Championship,Leicester,Preston,2.0,2023-09-15,0.7623801724052214,0.0
2023-10-06,Championship,Birmingham,West Brom,3.0,2023-09-15,0.4517084999154048,0.0
2023-10-07,Championship,Plymouth,Swansea,2.0,2023-09-15,0.23948048830057772,0.0
2023-10-07,Championship,Southampton,Rotherham,8.0,2023-09-15,0.968673555792187,1.0
2023-10-07,Championship,Sheffield Weds,Huddersfield,2.0,2023-09-15,0.40310535870682307,0.0
2023-10-07,Championship,QPR,Blackburn,4.0,2023-09-15,0.5243766773804325,1.0
2023-10-07,Championship,Millwall,Hull,6.0,2023-09-15,0.36635519481614526,1.0
2023-10-07,Championship,Leeds,Bristol City,3.0,2023-09-15,0.6725800584870144,0.0
2023-10-07,Championship,Ipswich,Preston,3.0,2023-09-15,0.4273147287788845,0.0
2023-10-07,Championship,Coventry,Norwich,2.0,2023-09-15,0.37911345093515264,0.0
2023-10-07,Championship,Cardiff,Watford,2.0,2023-09-15,0.6515594374224376,0.0
2023-10-07,Championship,Sunderland,Middlesbrough,5.0,2023-09-15,0.3950770825780486,1.0
2023-10-07,Championship,Leicester,Stoke,2.0,2023-09-15,0.828835111885978,0.0
2023-10-21,Championship,Hull,Southampton,7.0,2023-10-21,0.7580788610439195,1.0
2023-10-21,Championship,Preston,Millwall,5.0,2023-10-21,0.4792122184955671,1.0
2023-10-21,Championship,Blackburn,Cardiff,3.0,2023-10-21,0.6098612403010839,0.0
2023-10-21,Championship,Bristol City,Coventry,5.0,2023-10-21,0.3003208475877818,1.0
2023-10-21,Championship,Huddersfield,QPR,4.0,2023-10-21,0.4292986651147444,1.0
2023-10-21,Championship,Middlesbrough,Birmingham,6.0,2023-10-21,0.4539285477744519,1.0
2023-10-21,Championship,Norwich,Leeds,5.0,2023-10-21,0.640754434068275,1.0
2023-10-21,Championship,Stoke,Sunderland,9.0,2023-10-21,0.6674999413988842,1.0
2023-10-21,Championship,Swansea,Leicester,5.0,2023-10-21,0.6891992582024322,1.0
2023-10-21,Championship,Watford,Sheffield Weds,3.0,2023-10-21,0.355892962206405,0.0
2023-10-21,Championship,West Brom,Plymouth,9.0,2023-10-21,0.3658682410669176,1.0
2023-10-24,Championship,Leicester,Sunderland,7.0,2023-10-21,0.877558967504008,1.0
2023-10-24,Championship,West Brom,QPR,4.0,2023-10-21,0.3532116735541477,1.0
2023-10-24,Championship,Norwich,Middlesbrough,4.0,2023-10-21,0.5212055986561778,1.0
2023-10-24,Championship,Millwall,Blackburn,1.0,2023-10-21,0.44775428038596127,0.0
2023-10-24,Championship,Huddersfield,Cardiff,4.0,2023-10-21,0.459067975426629,1.0
2023-10-24,Championship,Swansea,Watford,3.0,2023-10-21,0.6478043707955912,0.0
2023-10-25,Championship,Birmingham,Hull,3.0,2023-10-21,0.4864479457263098,0.0
2023-10-25,Championship,Bristol City,Ipswich,4.0,2023-10-21,0.48156279850896566,1.0
2023-10-25,Championship,Plymouth,Sheffield Weds,3.0,2023-10-21,0.34853925365265565,0.0
2023-10-25,Championship,Preston,Southampton,5.0,2023-10-21,0.8137225460019221,1.0
2023-10-25,Championship,Rotherham,Coventry,3.0,2023-10-21,0.46302205506923977,0.0
2023-10-25,Championship,Stoke,Leeds,4.0,2023-10-21,0.769766290571849,1.0
2023-10-28,Championship,Watford,Millwall,6.0,2023-10-21,0.7050218938193745,1.0
2023-10-28,Championship,Sunderland,Norwich,8.0,2023-10-21,0.6357181748620653,1.0
2023-10-28,Championship,QPR,Leicester,3.0,2023-10-21,0.7405896480857282,0.0
2023-10-28,Championship,Middlesbrough,Stoke,4.0,2023-10-21,0.512306389002399,1.0
2023-10-28,Championship,Ipswich,Plymouth,6.0,2023-10-21,0.482546204973865,1.0
2023-10-28,Championship,Southampton,Birmingham,4.0,2023-10-21,0.6907770942387799,1.0
2023-10-28,Championship,Cardiff,Bristol City,3.0,2023-10-21,0.46087010752419755,0.0
2023-10-28,Championship,Blackburn,Swansea,8.0,2023-10-21,0.592802267192459,1.0
2023-10-28,Championship,Leeds,Huddersfield,4.0,2023-10-21,0.3744263038968809,1.0
2023-10-28,Championship,Hull,Preston,6.0,2023-10-21,0.6036987796638827,1.0
2023-10-29,Championship,Sheffield Weds,Rotherham,5.0,2023-10-21,0.29199191364323135,1.0
2023-10-30,Championship,Coventry,West Brom,8.0,2023-10-21,0.5323898364714983,1.0
2023-11-03,Championship,Leicester,Leeds,3.0,2023-10-21,0.49815042315937585,0.0
2023-11-04,Championship,Birmingham,Ipswich,4.0,2023-10-21,0.6558811286795581,1.0
2023-11-04,Championship,Bristol City,Sheffield Weds,4.0,2023-10-21,0.3076837346797086,1.0
2023-11-04,Championship,Huddersfield,Watford,2.0,2023-10-21,0.5745794152475818,0.0
2023-11-04,Championship,Millwall,Southampton,4.0,2023-10-21,0.7884789483527577,1.0
2023-11-04,Championship,Plymouth,Middlesbrough,5.0,2023-10-21,0.45531892617520253,1.0
2023-11-04,Championship,Preston,Coventry,4.0,2023-10-21,0.5231049410853621,1.0
2023-11-04,Championship,Rotherham,QPR,3.0,2023-10-21,0.2877597132694242,0.0
2023-11-04,Championship,Stoke,Cardiff,1.0,2023-10-21,0.6293557628073166,0.0
2023-11-04,Championship,Swansea,Sunderland,5.0,2023-10-21,0.681640825300623,1.0
2023-11-04,Championship,West Brom,Hull,2.0,2023-10-21,0.417408303415341,0.0
2023-11-05,Championship,Norwich,Blackburn,5.0,2023-10-21,0.5859623259879502,1.0
2023-11-07,Championship,Rotherham,Ipswich,2.0,2023-10-21,0.5741024835988345,0.0
2023-11-10,Championship,Blackburn,Preston,1.0,2023-10-21,0.48806399773133424,0.0
2023-11-11,Championship,QPR,Bristol City,4.0,2023-10-21,0.3424695277299552,1.0
2023-11-11,Championship,Middlesbrough,Leicester,7.0,2023-10-21,0.752780461365555,1.0
2023-11-11,Championship,Southampton,West Brom,3.0,2023-10-21,0.8204973338189698,0.0
2023-11-11,Championship,Sheffield Weds,Millwall,4.0,2023-10-21,0.30035100001925885,1.0
2023-11-11,Championship,Watford,Rotherham,3.0,2023-10-21,0.5576000630897678,0.0
2023-11-11,Championship,Leeds,Plymouth,5.0,2023-10-21,0.4025673508583747,1.0
2023-11-11,Championship,Hull,Huddersfield,5.0,2023-10-21,0.4570808739576772,1.0
2023-11-11,Championship,Coventry,Stoke,2.0,2023-10-21,0.5522152905421619,0.0
2023-11-11,Championship,Cardiff,Norwich,4.0,2023-10-21,0.5199520030578967,1.0
2023-11-11,Championship,Sunderland,Birmingham,4.0,2023-10-21,0.4191304510621993,1.0
2023-11-11,Championship,Ipswich,Swansea,3.0,2023-10-21,0.6342240109944971,0.0
2023-11-24,Championship,Rotherham,Leeds,0.0,2023-11-24,0.5598023601053337,0.0
2023-11-25,Championship,West Brom,Ipswich,3.0,2023-11-24,0.5804645231997532,0.0
2023-11-25,Championship,Swansea,Hull,2.0,2023-11-24,0.3126086071096156,0.0
2023-11-25,Championship,Stoke,Blackburn,3.0,2023-11-24,0.5709529305647997,0.0
2023-11-25,Championship,Preston,Cardiff,4.0,2023-11-24,0.5043826680127964,1.0
2023-11-25,Championship,Plymouth,Sunderland,5.0,2023-11-24,0.6327682218445524,1.0
2023-11-25,Championship,Leicester,Watford,7.0,2023-11-24,0.7430916892666698,1.0
2023-11-25,Championship,Millwall,Coventry,3.0,2023-11-24,0.521443184469651,0.0
2023-11-25,Championship,Huddersfield,Southampton,5.0,2023-11-24,0.6358865328953504,1.0
2023-11-25,Championship,Bristol City,Middlesbrough,4.0,2023-11-24,0.5077795772880979,1.0
2023-11-25,Championship,Birmingham,Sheffield Weds,1.0,2023-11-24,0.3655853512610936,0.0
2023-11-25,Championship,Norwich,QPR,8.0,2023-11-24,0.5675602479061235,1.0
2023-11-28,Championship,Watford,Norwich,5.0,2023-11-24,0.6480834392123773,1.0
2023-11-28,Championship,QPR,Stoke,7.0,2023-11-24,0.485337295277119,1.0
2023-11-28,Championship,Middlesbrough,Preston,2.0,2023-11-24,0.503211754706865,0.0
2023-11-28,Championship,Coventry,Plymouth,4.0,2023-11-24,0.5563274598524534,1.0
2023-11-28,Championship,Cardiff,West Brom,3.0,2023-11-24,0.4739207930069574,0.0
2023-11-28,Championship,Hull,Rotherham,3.0,2023-11-24,0.3852719842244597,0.0
2023-11-29,Championship,Blackburn,Birmingham,6.0,2023-11-24,0.6149738314462324,1.0
2023-11-29,Championship,Leeds,Swansea,1.0,2023-11-24,0.5662188625742094,0.0
2023-11-29,Championship,Sheffield Weds,Leicester,3.0,2023-11-24,0.427040960210914,0.0
2023-11-29,Championship,Southampton,Bristol City,4.0,2023-11-24,0.8642483594265875,1.0
2023-11-29,Championship,Sunderland,Huddersfield,3.0,2023-11-24,0.6822325143345819,0.0
2023-11-29,Championship,Ipswich,Millwall,5.0,2023-11-24,0.37656751338580174,1.0
2023-12-01,Championship,Preston,QPR,2.0,2023-11-24,0.47046529009427657,0.0
2023-12-02,Championship,Swansea,Huddersfield,3.0,2023-11-24,0.5206854204150827,0.0
2023-12-02,Championship,Southampton,Cardiff,2.0,2023-11-24,0.7252394730370397,0.0
2023-12-02,Championship,Sheffield Weds,Blackburn,3.0,2023-11-24,0.3546275332367502,0.0
2023-12-02,Championship,Plymouth,Stoke,3.0,2023-11-24,0.4210547631791609,0.0
2023-12-02,Championship,Millwall,Sunderland,8.0,2023-11-24,0.5623118846698528,1.0
2023-12-02,Championship,West Brom,Leicester,3.0,2023-11-24,0.6982028447278222,0.0
2023-12-02,Championship,Ipswich,Coventry,3.0,2023-11-24,0.6026070102976571,0.0
2023-12-02,Championship,Hull,Watford,3.0,2023-11-24,0.6412813068995757,0.0
2023-12-02,Championship,Birmingham,Rotherham,4.0,2023-11-24,0.33580782613552573,1.0
2023-12-02,Championship,Leeds,Middlesbrough,7.0,2023-11-24,0.6097933923419611,1.0
2023-12-03,Championship,Bristol City,Norwich,2.0,2023-11-24,0.4494851218976477,0.0
2023-12-08,Championship,Coventry,Birmingham,5.0,2023-11-24,0.499024834620817,1.0
2023-12-09,Championship,Blackburn,Leeds,5.0,2023-11-24,0.6171474591173115,1.0
2023-12-09,Championship,Watford,Southampton,7.0,2023-11-24,0.855453358541028,1.0
2023-12-09,Championship,Rotherham,Swansea,5.0,2023-11-24,0.461449488479989,1.0
2023-12-09,Championship,QPR,Hull,4.0,2023-11-24,0.3541410944250628,1.0
2023-12-09,Championship,Norwich,Preston,2.0,2023-11-24,0.6497048883166262,0.0
2023-12-09,Championship,Stoke,Sheffield Weds,7.0,2023-11-24,0.34436597318930806,1.0
2023-12-09,Championship,Leicester,Plymouth,3.0,2023-11-24,0.708943472260111,0.0
2023-12-09,Championship,Huddersfield,Bristol City,2.0,2023-11-24,0.33828650681790484,0.0
2023-12-09,Championship,Cardiff,Millwall,3.0,2023-11-24,0.396614017583203,0.0
2023-12-09,Championship,Sunderland,West Brom,7.0,2023-11-24,0.6799709629684788,1.0
2023-12-09,Championship,Middlesbrough,Ipswich,4.0,2023-11-24,0.4106084353570524,1.0
2023-12-12,Championship,Blackburn,Bristol City,5.0,2023-11-24,0.46792178109975513,1.0
2023-12-12,Championship,Huddersfield,Preston,2.0,2023-11-24,0.5590543137392625,0.0
2023-12-12,Championship,Rotherham,West Brom,1.0,2023-11-24,0.2918237263142664,0.0
2023-12-12,Championship,Stoke,Swansea,5.0,2023-11-24,0.4118782475553094,1.0
2023-12-12,Championship,Watford,Ipswich,6.0,2023-11-24,0.742859910401397,1.0
2023-12-12,Championship,Sunderland,Leeds,4.0,2023-11-24,0.484298037912458,1.0
2023-12-13,Championship,Middlesbrough,Hull,1.0,2023-11-24,0.5472179452789088,0.0
2023-12-13,Championship,QPR,Plymouth,5.0,2023-11-24,0.4519641667212299,1.0
2023-12-13,Championship,Norwich,Sheffield Weds,2.0,2023-11-24,0.5553858569547536,0.0
2023-12-13,Championship,Coventry,Southampton,3.0,2023-11-24,0.8233548054371267,0.0
2023-12-13,Championship,Cardiff,Birmingham,3.0,2023-11-24,0.46972867050749745,0.0
2023-12-13,Championship,Leicester,Millwall,6.0,2023-11-24,0.7423286791877701,1.0
2023-12-16,Championship,Sheffield Weds,QPR,9.0,2023-11-24,0.3617617322113705,1.0
2023-12-16,Championship,Swansea,Middlesbrough,5.0,2023-11-24,0.6023456213080777,1.0
2023-12-16,Championship,Southampton,Blackburn,5.0,2023-11-24,0.8941220792710775,1.0
2023-12-16,Championship,Preston,Watford,4.0,2023-11-24,0.5824024981832646,1.0
2023-12-16,Championship,Plymouth,Rotherham,5.0,2023-11-24,0.49269488019881286,1.0
2023-12-16,Championship,Leeds,Coventry,8.0,2023-11-24,0.5452216864988694,1.0
2023-12-16,Championship,Hull,Cardiff,4.0,2023-11-24,0.5995524455229101,1.0
2023-12-16,Championship,Bristol City,Sunderland,6.0,2023-11-24,0.5906285811583241,1.0
2023-12-16,Championship,Ipswich,Norwich,2.0,2023-11-24,0.6206295111491961,0.0
2023-12-16,Championship,Millwall,Huddersfield,2.0,2023-11-24,0.4120384005638372,0.0
2023-12-17,Championship,West Brom,Stoke,4.0,2023-11-24,0.5073653972626978,1.0
2023-12-18,Championship,Birmingham,Leicester,1.0,2023-11-24,0.4624649812955736,0.0
2023-12-22,Championship,Swansea,Preston,6.0,2023-11-24,0.5644782475115968,1.0
2023-12-22,Championship,Bristol City,Hull,5.0,2023-11-24,0.3559633966202069,1.0
2023-12-23,Championship,Sheffield Weds,Cardiff,5.0,2023-11-24,0.2760982954976903,1.0
2023-12-23,Championship,Sunderland,Coventry,5.0,2023-11-24,0.7498482212918273,1.0
2023-12-23,Championship,Stoke,Millwall,4.0,2023-11-24,0.41603234034173,1.0
2023-12-23,Championship,Plymouth,Birmingham,7.0,2023-11-24,0.5846910093141475,1.0
2023-12-23,Championship,QPR,Southampton,4.0,2023-11-24,0.8519104734720682,1.0
2023-12-23,Championship,Middlesbrough,West Brom,3.0,2023-11-24,0.4911431681915639,0.0
2023-12-23,Championship,Leeds,Ipswich,5.0,2023-11-24,0.6641919976720831,1.0
2023-12-23,Championship,Norwich,Huddersfield,2.0,2023-11-24,0.4987927448675334,0.0
2023-12-23,Championship,Leicester,Rotherham,2.0,2023-11-24,0.6351966520903375,0.0
2023-12-23,Championship,Blackburn,Watford,5.0,2023-11-24,0.47607837587795454,1.0
2023-12-26,Championship,Preston,Leeds,6.0,2023-12-26,0.505489544521727,1.0
2023-12-26,Championship,Ipswich,Leicester,3.0,2023-12-26,0.49684586716912094,0.0
2023-12-26,Championship,Birmingham,Stoke,5.0,2023-12-26,0.5699702218654856,1.0
2023-12-26,Championship,West Brom,Norwich,0.0,2023-12-26,0.42770352054951694,0.0
2023-12-26,Championship,Southampton,Swansea,6.0,2023-12-26,0.8834171776507161,1.0
2023-12-26,Championship,Rotherham,Middlesbrough,0.0,2023-12-26,0.19870804342384812,0.0
2023-12-26,Championship,Watford,Bristol City,1.0,2023-12-26,0.6046300186962441,0.0
2023-12-26,Championship,Huddersfield,Blackburn,5.0,2023-12-26,0.6089241342130348,1.0
2023-12-26,Championship,Coventry,Sheffield Weds,2.0,2023-12-26,0.5717308710828201,0.0
2023-12-26,Championship,Cardiff,Plymouth,1.0,2023-12-26,0.580772617216543,0.0
2023-12-26,Championship,Millwall,QPR,6.0,2023-12-26,0.3592897858300578,1.0
2023-12-26,Championship,Hull,Sunderland,2.0,2023-12-26,0.6025318876941932,0.0
2023-12-29,Championship,Millwall,Norwich,9.0,2023-12-26,0.2995726891535964,1.0
2023-12-29,Championship,West Brom,Leeds,2.0,2023-12-26,0.6143613851026732,0.0
2023-12-29,Championship,Watford,Stoke,5.0,2023-12-26,0.656907778076598,1.0
2023-12-29,Championship,Rotherham,Sunderland,3.0,2023-12-26,0.5203344593569337,0.0
2023-12-29,Championship,Ipswich,QPR,5.0,2023-12-26,0.44591244620460885,1.0
2023-12-29,Championship,Preston,Sheffield Weds,6.0,2023-12-26,0.44576471966664816,1.0
2023-12-29,Championship,Huddersfield,Middlesbrough,2.0,2023-12-26,0.43475977654276343,0.0
2023-12-29,Championship,Coventry,Swansea,5.0,2023-12-26,0.5800854852241176,1.0
2023-12-29,Championship,Cardiff,Leicester,1.0,2023-12-26,0.6553682011561484,0.0
2023-12-29,Championship,Birmingham,Bristol City,0.0,2023-12-26,0.37683170565121993,0.0
2023-12-29,Championship,Southampton,Plymouth,5.0,2023-12-26,0.8416436463824725,1.0
2023-12-29,Championship,Hull,Blackburn,6.0,2023-12-26,0.5562583745442207,1.0
2024-01-01,Championship,Sheffield Weds,Hull,7.0,2023-12-26,0.43993153753792635,1.0
2024-01-01,Championship,Swansea,West Brom,2.0,2023-12-26,0.5211982725428425,0.0
2024-01-01,Championship,Stoke,Ipswich,3.0,2023-12-26,0.5470252978814326,0.0
2024-01-01,Championship,QPR,Cardiff,7.0,2023-12-26,0.24638424659068595,1.0
2024-01-01,Championship,Plymouth,Watford,5.0,2023-12-26,0.7807025452743959,1.0
2024-01-01,Championship,Norwich,Southampton,5.0,2023-12-26,0.8423374658480756,1.0
2024-01-01,Championship,Middlesbrough,Coventry,4.0,2023-12-26,0.41079768723298427,1.0
2024-01-01,Championship,Leeds,Birmingham,2.0,2023-12-26,0.6949639930644713,0.0
2024-01-01,Championship,Bristol City,Millwall,3.0,2023-12-26,0.3503616058369073,0.0
2024-01-01,Championship,Blackburn,Rotherham,1.0,2023-12-26,0.33007348002736103,0.0
2024-01-01,Championship,Sunderland,Preston,1.0,2023-12-26,0.7147433671268854,0.0
2024-01-01,Championship,Leicester,Huddersfield,1.0,2023-12-26,0.5287426615635434,0.0
2024-01-12,Championship,Hull,Norwich,6.0,2023-12-26,0.22733206889218255,1.0
2024-01-13,Championship,Rotherham,Stoke,5.0,2023-12-26,0.6240361722727998,1.0
2024-01-13,Championship,Ipswich,Sunderland,7.0,2023-12-26,0.736775811866687,1.0
2024-01-13,Championship,West Brom,Blackburn,2.0,2023-12-26,0.6118047567814229,0.0
2024-01-13,Championship,Southampton,Sheffield Weds,6.0,2023-12-26,0.7056306526399562,1.0
2024-01-13,Championship,Preston,Bristol City,3.0,2023-12-26,0.2505802223035987,0.0
2024-01-13,Championship,Millwall,Middlesbrough,4.0,2023-12-26,0.4353860768141436,1.0
2024-01-13,Championship,Huddersfield,Plymouth,5.0,2023-12-26,0.5339054982844947,1.0
2024-01-13,Championship,Cardiff,Leeds,2.0,2023-12-26,0.5387567634704299,0.0
2024-01-13,Championship,Birmingham,Swansea,8.0,2023-12-26,0.528933628617696,1.0
2024-01-13,Championship,Coventry,Leicester,8.0,2023-12-26,0.7389414788130502,1.0
2024-01-14,Championship,QPR,Watford,6.0,2023-12-26,0.6565445520137603,1.0
2024-01-19,Championship,Sunderland,Hull,9.0,2023-12-26,0.5704823732684886,1.0
2024-01-20,Championship,Stoke,Birmingham,2.0,2023-12-26,0.34741785282383264,0.0
2024-01-20,Championship,Sheffield Weds,Coventry,9.0,2023-12-26,0.5074556124425169,1.0
2024-01-20,Championship,QPR,Millwall,2.0,2023-12-26,0.44535015901806346,0.0
2024-01-20,Championship,Plymouth,Cardiff,6.0,2023-12-26,0.576425849665665,1.0
2024-01-20,Championship,Middlesbrough,Rotherham,4.0,2023-12-26,0.4684593644750929,1.0
2024-01-20,Championship,Bristol City,Watford,3.0,2023-12-26,0.2663113347194723,0.0
2024-01-20,Championship,Blackburn,Huddersfield,3.0,2023-12-26,0.5291658264830361,0.0
2024-01-20,Championship,Swansea,Southampton,4.0,2023-12-26,0.7921415605656327,1.0
2024-01-20,Championship,Norwich,West Brom,3.0,2023-12-26,0.5096973989453404,0.0
2024-01-21,Championship,Leeds,Preston,10.0,2023-12-26,0.42015661063766163,1.0
2024-01-22,Championship,Leicester,Ipswich,4.0,2023-12-26,0.6816909755514897,1.0
2024-01-24,Championship,Leeds,Norwich,3.0,2023-12-26,0.6133547455056002,0.0
2024-01-27,Championship,Millwall,Preston,6.0,2024-01-27,0.4936195522467001,1.0
2024-01-27,Championship,Sunderland,Stoke,4.0,2024-01-27,0.6994119689474152,1.0
2024-01-28,Championship,QPR,Huddersfield,7.0,2024-01-27,0.5019464576763643,1.0
2024-01-30,Championship,Coventry,Bristol City,3.0,2024-01-27,0.5753243981321057,0.0
2024-01-30,Championship,Leicester,Swansea,2.0,2024-01-27,0.7565708026200579,0.0
2024-01-31,Championship,Sheffield Weds,Watford,7.0,2024-01-27,0.6333803846120507,1.0
2024-02-02,Championship,Bristol City,Leeds,1.0,2024-01-27,0.4687622922105985,0.0
2024-02-03,Championship,West Brom,Birmingham,5.0,2024-01-27,0.3267134532329225,1.0
2024-02-03,Championship,Watford,Cardiff,6.0,2024-01-27,0.6128662461490267,1.0
2024-02-03,Championship,Swansea,Plymouth,5.0,2024-01-27,0.7167182030579614,1.0
2024-02-03,Championship,Stoke,Leicester,7.0,2024-01-27,0.6065980931870141,1.0
2024-02-03,Championship,Rotherham,Southampton,2.0,2024-01-27,0.613776925019979,0.0
2024-02-03,Championship,Norwich,Coventry,3.0,2024-01-27,0.5750983047722715,0.0
2024-02-03,Championship,Hull,Millwall,5.0,2024-01-27,0.4369987428559087,1.0
2024-02-03,Championship,Huddersfield,Sheffield Weds,4.0,2024-01-27,0.5214060989223201,1.0
2024-02-03,Championship,Blackburn,QPR,5.0,2024-01-27,0.5929155699351036,1.0
2024-02-03,Championship,Preston,Ipswich,0.0,2024-01-27,0.6479273752658999,0.0
2024-02-04,Championship,Middlesbrough,Sunderland,6.0,2024-01-27,0.7903872016733852,1.0
2024-02-09,Championship,Sheffield Weds,Birmingham,4.0,2024-01-27,0.4393368150257041,1.0
2024-02-10,Championship,Southampton,Huddersfield,5.0,2024-01-27,0.5407596918149803,1.0
2024-02-10,Championship,Watford,Leicester,5.0,2024-01-27,0.6352416008490278,1.0
2024-02-10,Championship,Sunderland,Plymouth,6.0,2024-01-27,0.7834719909844278,1.0
2024-02-10,Championship,QPR,Norwich,6.0,2024-01-27,0.5764177277457512,1.0
2024-02-10,Championship,Middlesbrough,Bristol City,1.0,2024-01-27,0.47190511489338466,0.0
2024-02-10,Championship,Leeds,Rotherham,2.0,2024-01-27,0.46371631217233616,0.0
2024-02-10,Championship,Hull,Swansea,4.0,2024-01-27,0.5144200320364142,1.0
2024-02-10,Championship,Cardiff,Preston,3.0,2024-01-27,0.34913706431149527,0.0
2024-02-10,Championship,Blackburn,Stoke,2.0,2024-01-27,0.5932369183311401,0.0
2024-02-10,Championship,Ipswich,West Brom,5.0,2024-01-27,0.510958902621234,1.0
2024-02-11,Championship,Coventry,Millwall,1.0,2024-01-27,0.3771625816139776,0.0
2024-02-13,Championship,West Brom,Cardiff,3.0,2024-01-27,0.42470314074620313,0.0
2024-02-13,Championship,Swansea,Leeds,4.0,2024-01-27,0.4801666516282567,1.0
2024-02-13,Championship,Rotherham,Hull,3.0,2024-01-27,0.48666791021364286,0.0
2024-02-13,Championship,Bristol City,Southampton,4.0,2024-01-27,0.6731535835419852,1.0
2024-02-13,Championship,Leicester,Sheffield Weds,3.0,2024-01-27,0.6100057683784414,0.0
2024-02-13,Championship,Birmingham,Blackburn,5.0,2024-01-27,0.4887030850052632,1.0
2024-02-13,Championship,Norwich,Watford,5.0,2024-01-27,0.7830483078988203,1.0
2024-02-14,Championship,Huddersfield,Sunderland,6.0,2024-01-27,0.5633719501817633,1.0
2024-02-14,Championship,Plymouth,Coventry,4.0,2024-01-27,0.795944385777814,1.0
2024-02-14,Championship,Preston,Middlesbrough,3.0,2024-01-27,0.4102206200318689,0.0
2024-02-14,Championship,Stoke,QPR,1.0,2024-01-27,0.4393056667785283,0.0
2024-02-14,Championship,Millwall,Ipswich,4.0,2024-01-27,0.34036960930884447,1.0
2024-02-16,Championship,West Brom,Southampton,3.0,2024-01-27,0.7352602183953494,0.0
2024-02-17,Championship,Preston,Blackburn,0.0,2024-01-27,0.45765306023869373,0.0
2024-02-17,Championship,Swansea,Ipswich,2.0,2024-01-27,0.6628235709153284,0.0
2024-02-17,Championship,Stoke,Coventry,3.0,2024-01-27,0.4670432496925577,0.0
2024-02-17,Championship,Rotherham,Watford,3.0,2024-01-27,0.34606979685109285,0.0
2024-02-17,Championship,Norwich,Cardiff,3.0,2024-01-27,0.5621110214520553,0.0
2024-02-17,Championship,Plymouth,Leeds,3.0,2024-01-27,0.6965283908837218,0.0
2024-02-17,Championship,Leicester,Middlesbrough,5.0,2024-01-27,0.40280469423328114,1.0
2024-02-17,Championship,Huddersfield,Hull,4.0,2024-01-27,0.40339632912753637,1.0
2024-02-17,Championship,Bristol City,QPR,1.0,2024-01-27,0.2734245747890072,0.0
2024-02-17,Championship,Birmingham,Sunderland,8.0,2024-01-27,0.6621943990783762,1.0
2024-02-17,Championship,Millwall,Sheffield Weds,4.0,2024-01-27,0.4798477560311067,1.0
2024-02-20,Championship,Cardiff,Blackburn,5.0,2024-01-27,0.6423720570493345,1.0
2024-02-20,Championship,Ipswich,Rotherham,3.0,2024-01-27,0.6103257237829492,0.0
2024-02-20,Championship,Plymouth,West Brom,1.0,2024-01-27,0.5477713057373392,0.0
2024-02-20,Championship,Southampton,Hull,3.0,2024-01-27,0.6805201960630126,0.0
2024-02-23,Championship,Coventry,Preston,4.0,2024-01-27,0.5423143361435215,1.0
2024-02-23,Championship,Leeds,Leicester,7.0,2024-01-27,0.5113095251026764,1.0
2024-02-24,Championship,Southampton,Millwall,7.0,2024-01-27,0.6149622171176566,1.0
2024-02-24,Championship,Watford,Huddersfield,4.0,2024-01-27,0.5142472127906372,1.0
2024-02-24,Championship,Sunderland,Swansea,5.0,2024-01-27,0.8496971300166113,1.0
2024-02-24,Championship,Sheffield Weds,Bristol City,4.0,2024-01-27,0.428846478471174,1.0
2024-02-24,Championship,QPR,Rotherham,5.0,2024-01-27,0.5148160135634452,1.0
2024-02-24,Championship,Middlesbrough,Plymouth,2.0,2024-01-27,0.6094767325832219,0.0
2024-02-24,Championship,Ipswich,Birmingham,4.0,2024-01-27,0.4814141543885727,1.0
2024-02-24,Championship,Cardiff,Stoke,6.0,2024-01-27,0.5249888874150355,1.0
2024-02-24,Championship,Blackburn,Norwich,4.0,2024-01-27,0.5687960316074901,1.0
2024-02-24,Championship,Hull,West Brom,0.0,2024-01-27,0.4713819588013569,0.0
2024-03-01,Championship,West Brom,Coventry,3.0,2024-03-01,0.4651109465897642,0.0
2024-03-02,Championship,Swansea,Blackburn,3.0,2024-03-01,0.686000204229384,0.0
2024-03-02,Championship,Stoke,Middlesbrough,4.0,2024-03-01,0.593944181933013,1.0
2024-03-02,Championship,Rotherham,Sheffield Weds,3.0,2024-03-01,0.34112505412259386,0.0
2024-03-02,Championship,Preston,Hull,2.0,2024-03-01,0.4073087812057503,0.0
2024-03-02,Championship,Plymouth,Ipswich,4.0,2024-03-01,0.5991263119716228,1.0
2024-03-02,Championship,Millwall,Watford,4.0,2024-03-01,0.5717047214140287,1.0
2024-03-02,Championship,Leicester,QPR,5.0,2024-03-01,0.6162080392649448,1.0
2024-03-02,Championship,Birmingham,Southampton,4.0,2024-03-01,0.5347320776953184,1.0
2024-03-02,Championship,Huddersfield,Leeds,4.0,2024-03-01,0.2627919352735913,1.0
2024-03-02,Championship,Bristol City,Cardiff,4.0,2024-03-01,0.3610414869990551,1.0
2024-03-02,Championship,Norwich,Sunderland,5.0,2024-03-01,0.7004156779475563,1.0
2024-03-05,Championship,Sheffield Weds,Plymouth,3.0,2024-03-01,0.6363331191493601,0.0
2024-03-05,Championship,Ipswich,Bristol City,4.0,2024-03-01,0.33366163670446053,1.0
2024-03-05,Championship,Sunderland,Leicester,4.0,2024-03-01,0.7409401575618783,1.0
2024-03-05,Championship,Leeds,Stoke,2.0,2024-03-01,0.5751170748659512,0.0
2024-03-05,Championship,Hull,Birmingham,4.0,2024-03-01,0.5726629397500167,1.0
2024-03-05,Championship,Coventry,Rotherham,1.0,2024-03-01,0.5119218474003299,0.0
2024-03-05,Championship,Blackburn,Millwall,1.0,2024-03-01,0.4830170915539199,0.0
2024-03-06,Championship,Cardiff,Huddersfield,5.0,2024-03-01,0.4783398291575849,1.0
2024-03-06,Championship,Middlesbrough,Norwich,2.0,2024-03-01,0.6193177399303101,0.0
2024-03-06,Championship,Watford,Swansea,6.0,2024-03-01,0.6232911115849963,1.0
2024-03-06,Championship,QPR,West Brom,1.0,2024-03-01,0.49329845519488347,0.0
2024-03-08,Championship,Sheffield Weds,Leeds,2.0,2024-03-01,0.5621650223729203,0.0
2024-03-09,Championship,Watford,Coventry,6.0,2024-03-01,0.7430651432010013,1.0
2024-03-09,Championship,Southampton,Sunderland,5.0,2024-03-01,0.9126040202065796,1.0
2024-03-09,Championship,QPR,Middlesbrough,7.0,2024-03-01,0.6522427562795395,1.0
2024-03-09,Championship,Preston,Stoke,4.0,2024-03-01,0.5264282319852405,1.0
2024-03-09,Championship,Blackburn,Plymouth,3.0,2024-03-01,0.37666627848051765,0.0
2024-03-09,Championship,Millwall,Birmingham,3.0,2024-03-01,0.4836029741083997,0.0
2024-03-09,Championship,Hull,Leicester,4.0,2024-03-01,0.35566227600561584,1.0
2024-03-09,Championship,Cardiff,Ipswich,1.0,2024-03-01,0.5059158814737685,0.0
2024-03-09,Championship,Norwich,Rotherham,1.0,2024-03-01,0.433323653773775,0.0
2024-03-10,Championship,Huddersfield,West Brom,2.0,2024-03-01,0.30482857494223553,0.0
2024-03-10,Championship,Bristol City,Swansea,3.0,2024-03-01,0.46406566206238675,0.0
2024-03-12,Championship,Birmingham,Middlesbrough,2.0,2024-03-01,0.42417049603464585,0.0
2024-03-16,Championship,Sunderland,QPR,3.0,2024-03-01,0.7326059717328594,0.0
2024-03-16,Championship,Stoke,Norwich,1.0,2024-03-01,0.5603291877412327,0.0
2024-03-16,Championship,West Brom,Bristol City,6.0,2024-03-01,0.2995488521113085,1.0
2024-03-16,Championship,Rotherham,Huddersfield,4.0,2024-03-01,0.34185459097173043,1.0
2024-03-16,Championship,Middlesbrough,Blackburn,6.0,2024-03-01,0.6743329633294978,1.0
2024-03-16,Championship,Ipswich,Sheffield Weds,3.0,2024-03-01,0.6742366713427768,0.0
2024-03-16,Championship,Swansea,Cardiff,3.0,2024-03-01,0.41825869741794724,0.0
2024-03-16,Championship,Plymouth,Preston,4.0,2024-03-01,0.5897738691939373,1.0
2024-03-16,Championship,Birmingham,Watford,3.0,2024-03-01,0.6501375286792729,0.0
2024-03-17,Championship,Leeds,Millwall,7.0,2024-03-01,0.5867906439450413,1.0
2024-03-29,Championship,Watford,Leeds,0.0,2024-03-01,0.5548818441852855,0.0
2024-03-29,Championship,Blackburn,Ipswich,5.0,2024-03-01,0.6988814397551862,1.0
2024-03-29,Championship,Southampton,Middlesbrough,6.0,2024-03-01,0.7605550103186891,1.0
2024-03-29,Championship,Sheffield Weds,Swansea,2.0,2024-03-01,0.565630062457116,0.0
2024-03-29,Championship,Preston,Rotherham,4.0,2024-03-01,0.4211290425788162,1.0
2024-03-29,Championship,QPR,Birmingham,4.0,2024-03-01,0.5331506130589827,1.0
2024-03-29,Championship,Hull,Stoke,4.0,2024-03-01,0.5415360043133799,1.0
2024-03-29,Championship,Huddersfield,Coventry,5.0,2024-03-01,0.4707850335317562,1.0
2024-03-29,Championship,Cardiff,Sunderland,3.0,2024-03-01,0.617828272781271,0.0
2024-03-29,Championship,Millwall,West Brom,3.0,2024-03-01,0.28384716086557005,0.0
2024-03-29,Championship,Bristol City,Leicester,2.0,2024-03-01,0.25477070986245065,0.0
2024-03-29,Championship,Norwich,Plymouth,7.0,2024-03-01,0.6174519957721356,1.0
2024-04-01,Championship,Swansea,QPR,0.0,2024-04-01,0.569877850780747,0.0
2024-04-01,Championship,Leeds,Hull,4.0,2024-04-01,0.5119597229212901,1.0
2024-04-01,Championship,Ipswich,Southampton,4.0,2024-04-01,0.5381749275001647,1.0
2024-04-01,Championship,West Brom,Watford,1.0,2024-04-01,0.5150234095957736,0.0
2024-04-01,Championship,Sunderland,Blackburn,0.0,2024-04-01,0.7555000652302277,0.0
2024-04-01,Championship,Stoke,Huddersfield,4.0,2024-04-01,0.581689342119818,1.0
2024-04-01,Championship,Plymouth,Bristol City,5.0,2024-04-01,0.5718696586245242,1.0
2024-04-01,Championship,Middlesbrough,Sheffield Weds,5.0,2024-04-01,0.5736551948038676,1.0
2024-04-01,Championship,Coventry,Cardiff,3.0,2024-04-01,0.6381081430737332,0.0
2024-04-01,Championship,Birmingham,Preston,2.0,2024-04-01,0.3997789841919318,0.0
2024-04-01,Championship,Leicester,Norwich,2.0,2024-04-01,0.6513717937962732,0.0
2024-04-01,Championship,Rotherham,Millwall,2.0,2024-04-01,0.35060379488231314,0.0
2024-04-05,Championship,Rotherham,Plymouth,0.0,2024-04-01,0.3798194379175884,0.0
2024-04-06,Championship,Coventry,Leeds,6.0,2024-04-01,0.6185167701613172,1.0
2024-04-06,Championship,Stoke,West Brom,4.0,2024-04-01,0.2747917265853094,1.0
2024-04-06,Championship,QPR,Sheffield Weds,6.0,2024-04-01,0.593599167140213,1.0
2024-04-06,Championship,Middlesbrough,Swansea,4.0,2024-04-01,0.6171958678930465,1.0
2024-04-06,Championship,Leicester,Birmingham,4.0,2024-04-01,0.47550688558532994,1.0
2024-04-06,Championship,Blackburn,Southampton,5.0,2024-04-01,0.8303855346388304,1.0
2024-04-06,Championship,Cardiff,Hull,4.0,2024-04-01,0.4794495021151923,1.0
2024-04-06,Championship,Sunderland,Bristol City,2.0,2024-04-01,0.6795230550271872,0.0
2024-04-06,Championship,Norwich,Ipswich,1.0,2024-04-01,0.6366725545273147,0.0
2024-04-06,Championship,Huddersfield,Millwall,8.0,2024-04-01,0.48484428656871836,1.0
2024-04-06,Championship,Watford,Preston,3.0,2024-04-01,0.4868814821257787,0.0
2024-04-09,Championship,Southampton,Coventry,3.0,2024-04-01,0.7401060733859591,0.0
2024-04-09,Championship,Leeds,Sunderland,6.0,2024-04-01,0.7043880145236734,1.0
2024-04-09,Championship,Preston,Huddersfield,5.0,2024-04-01,0.4366184836511358,1.0
2024-04-09,Championship,Plymouth,QPR,2.0,2024-04-01,0.5371323260209363,0.0
2024-04-09,Championship,Millwall,Leicester,4.0,2024-04-01,0.5487767988408031,1.0
2024-04-09,Championship,Sheffield Weds,Norwich,3.0,2024-04-01,0.41957545143496017,0.0
2024-04-10,Championship,Birmingham,Cardiff,4.0,2024-04-01,0.4286764063085587,1.0
2024-04-10,Championship,Bristol City,Blackburn,2.0,2024-04-01,0.513637920158742,0.0
2024-04-10,Championship,Hull,Middlesbrough,3.0,2024-04-01,0.4409629681912018,0.0
2024-04-10,Championship,Ipswich,Watford,3.0,2024-04-01,0.4769364897126606,0.0
2024-04-10,Championship,Swansea,Stoke,6.0,2024-04-01,0.6971644443905075,1.0
2024-04-10,Championship,West Brom,Rotherham,1.0,2024-04-01,0.3107515329136991,0.0
2024-04-12,Championship,Plymouth,Leicester,7.0,2024-04-01,0.6815821823642506,1.0
2024-04-13,Championship,West Brom,Sunderland,6.0,2024-04-01,0.6510360243988985,1.0
2024-04-13,Championship,Swansea,Rotherham,5.0,2024-04-01,0.5226400761290662,1.0
2024-04-13,Championship,Sheffield Weds,Stoke,5.0,2024-04-01,0.6058123196466688,1.0
2024-04-13,Championship,Preston,Norwich,4.0,2024-04-01,0.31192215061068934,1.0
2024-04-13,Championship,Millwall,Cardiff,4.0,2024-04-01,0.43751549216865293,1.0
2024-04-13,Championship,Southampton,Watford,4.0,2024-04-01,0.8261173419415339,1.0
2024-04-13,Championship,Hull,QPR,3.0,2024-04-01,0.6019425430375477,0.0
2024-04-13,Championship,Bristol City,Huddersfield,7.0,2024-04-01,0.433371381928907,1.0
2024-04-13,Championship,Birmingham,Coventry,5.0,2024-04-01,0.45157659285239904,1.0
2024-04-13,Championship,Leeds,Blackburn,5.0,2024-04-01,0.4485539261045557,1.0
2024-04-13,Championship,Ipswich,Middlesbrough,4.0,2024-04-01,0.5192693995579947,1.0
2024-04-16,Championship,Southampton,Preston,2.0,2024-04-01,0.55347210376393,0.0
2024-04-20,Championship,QPR,Preston,6.0,2024-04-01,0.5213542820594189,1.0
2024-04-20,Championship,Watford,Hull,8.0,2024-04-01,0.578809833291681,1.0
2024-04-20,Championship,Sunderland,Millwall,5.0,2024-04-01,0.8567218112088796,1.0
2024-04-20,Championship,Stoke,Plymouth,7.0,2024-04-01,0.6744218485278883,1.0
2024-04-20,Championship,Rotherham,Birmingham,6.0,2024-04-01,0.4804009600608437,1.0
2024-04-20,Championship,Huddersfield,Swansea,3.0,2024-04-01,0.5211925195544479,0.0
2024-04-20,Championship,Cardiff,Southampton,4.0,2024-04-01,0.6329936768046553,1.0
2024-04-20,Championship,Leicester,West Brom,5.0,2024-04-01,0.46949279590921705,1.0
2024-04-20,Championship,Norwich,Bristol City,3.0,2024-04-01,0.27273746653466097,0.0
2024-04-21,Championship,Blackburn,Sheffield Weds,6.0,2024-04-01,0.5380830308462542,1.0
2024-04-22,Championship,Middlesbrough,Leeds,4.0,2024-04-01,0.4224991454767387,1.0
2024-04-23,Championship,Leicester,Southampton,1.0,2024-04-01,0.8525695350155046,0.0
2024-04-24,Championship,Coventry,Hull,6.0,2024-04-01,0.6265228675647184,1.0
2024-04-26,Championship,QPR,Leeds,3.0,2024-04-01,0.6074152067347647,0.0
2024-04-27,Championship,Sheffield Weds,West Brom,4.0,2024-04-01,0.46183789852231516,1.0
2024-04-27,Championship,Norwich,Swansea,5.0,2024-04-01,0.5921790314834169,1.0
2024-04-27,Championship,Watford,Sunderland,3.0,2024-04-01,0.7208127228068281,0.0
2024-04-27,Championship,Southampton,Stoke,3.0,2024-04-01,0.6524174357059087,0.0
2024-04-27,Championship,Hull,Ipswich,4.0,2024-04-01,0.3146952603764133,1.0
2024-04-27,Championship,Millwall,Plymouth,0.0,2024-04-01,0.482148648566414,0.0
2024-04-27,Championship,Cardiff,Middlesbrough,0.0,2024-04-01,0.41226368822371307,0.0
2024-04-27,Championship,Bristol City,Rotherham,3.0,2024-04-01,0.28892693907187456,0.0
2024-04-27,Championship,Blackburn,Coventry,1.0,2024-04-01,0.7907984190013156,0.0
2024-04-27,Championship,Huddersfield,Birmingham,5.0,2024-04-01,0.5012870511141021,1.0
2024-04-29,Championship,Preston,Leicester,4.0,2024-04-01,0.5681191398747335,1.0
2024-04-30,Championship,Coventry,Ipswich,2.0,2024-04-01,0.46445105470079845,0.0
2024-05-04,Championship,West Brom,Preston,1.0,2024-05-04,0.5063960952462703,0.0
2024-05-04,Championship,Swansea,Millwall,2.0,2024-05-04,0.4663809544727335,0.0
2024-05-04,Championship,Sunderland,Sheffield Weds,2.0,2024-05-04,0.6728518212488483,0.0
2024-05-04,Championship,Stoke,Bristol City,0.0,2024-05-04,0.2696478906476328,0.0
2024-05-04,Championship,Rotherham,Cardiff,1.0,2024-05-04,0.3000684743305762,0.0
2024-05-04,Championship,Plymouth,Hull,0.0,2024-05-04,0.5532224008061604,0.0
2024-05-04,Championship,Middlesbrough,Watford,2.0,2024-05-04,0.7638659558171796,0.0
2024-05-04,Championship,Leicester,Blackburn,4.0,2024-05-04,0.4690973100653763,1.0
2024-05-04,Championship,Leeds,Southampton,6.0,2024-05-04,0.7484092633516902,1.0
2024-05-04,Championship,Ipswich,Huddersfield,2.0,2024-05-04,0.5714217127980975,0.0
2024-05-04,Championship,Coventry,QPR,5.0,2024-05-04,0.5914972365029136,1.0
2024-05-04,Championship,Birmingham,Norwich,2.0,2024-05-04,0.4073907299597015,0.0
2024-08-09,Championship,Blackburn,Derby,4.0,2024-08-09,0.5149700507581009,1.0
2024-08-09,Championship,Preston,Sheffield United,1.0,2024-08-09,0.5745791983313099,0.0
2024-08-10,Championship,Stoke,Coventry,3.0,2024-08-09,0.5386766931629478,0.0
2024-08-10,Championship,QPR,West Brom,1.0,2024-08-09,0.3656064481597096,0.0
2024-08-10,Championship,Millwall,Watford,5.0,2024-08-09,0.5828381190815493,1.0
2024-08-10,Championship,Cardiff,Sunderland,2.0,2024-08-09,0.538660276534161,0.0
2024-08-10,Championship,Hull,Bristol City,2.0,2024-08-09,0.514915984585157,0.0
2024-08-10,Championship,Middlesbrough,Swansea,5.0,2024-08-09,0.4692577070946485,1.0
2024-08-11,Championship,Sheffield Weds,Plymouth,2.0,2024-08-09,0.5693168992285105,0.0
2024-08-12,Championship,Luton,Burnley,5.0,2024-08-09,0.5506556672521536,1.0
2024-08-17,Championship,Swansea,Preston,4.0,2024-08-09,0.5832400142238419,1.0
2024-08-17,Championship,Derby,Middlesbrough,4.0,2024-08-09,0.5248504655912247,1.0
2024-08-17,Championship,West Brom,Leeds,4.0,2024-08-09,0.4090919204401339,1.0
2024-08-17,Championship,Bristol City,Millwall,3.0,2024-08-09,0.18365051320528006,0.0
2024-08-17,Championship,Burnley,Cardiff,3.0,2024-08-09,0.3235774519945134,0.0
2024-08-17,Championship,Norwich,Blackburn,5.0,2024-08-09,0.4188042049711412,1.0
2024-08-17,Championship,Plymouth,Hull,4.0,2024-08-09,0.6173637310801753,1.0
2024-08-17,Championship,Sheffield United,QPR,4.0,2024-08-09,0.721462111076025,1.0
2024-08-17,Championship,Watford,Stoke,4.0,2024-08-09,0.7385574399845528,1.0
2024-08-18,Championship,Sunderland,Sheffield Weds,3.0,2024-08-09,0.559298561832064,0.0
2024-08-23,Championship,Sheffield Weds,Leeds,5.0,2024-08-09,0.5893796857432615,1.0
2024-08-24,Championship,Watford,Derby,5.0,2024-08-09,0.5394027108530665,1.0
2024-08-24,Championship,Sunderland,Burnley,5.0,2024-08-09,0.7269651489283728,1.0
2024-08-24,Championship,Preston,Luton,7.0,2024-08-09,0.32759233913688274,1.0
2024-08-24,Championship,Norwich,Sheffield United,7.0,2024-08-09,0.5699530396304364,1.0
2024-08-24,Championship,Stoke,West Brom,5.0,2024-08-09,0.34808314893077524,1.0
2024-08-24,Championship,QPR,Plymouth,5.0,2024-08-09,0.544333926301047,1.0
2024-08-24,Championship,Hull,Millwall,4.0,2024-08-09,0.356656982996077,1.0
2024-08-24,Championship,Bristol City,Coventry,6.0,2024-08-09,0.295697631257654,1.0
2024-08-25,Championship,Swansea,Cardiff,4.0,2024-08-09,0.41028349401477365,1.0
2024-08-30,Championship,Luton,QPR,5.0,2024-08-09,0.5717445723325976,1.0
2024-08-31,Championship,West Brom,Swansea,5.0,2024-08-09,0.5922248775173181,1.0
2024-08-31,Championship,Millwall,Sheffield Weds,3.0,2024-08-09,0.6023272189483065,0.0
2024-08-31,Championship,Plymouth,Stoke,4.0,2024-08-09,0.48573201822059997,1.0
2024-08-31,Championship,Derby,Bristol City,1.0,2024-08-09,0.4536207007962009,0.0
2024-08-31,Championship,Coventry,Norwich,7.0,2024-08-09,0.4667230895750955,1.0
2024-08-31,Championship,Cardiff,Middlesbrough,3.0,2024-08-09,0.3598325736960284,0.0
2024-08-31,Championship,Burnley,Blackburn,9.0,2024-08-09,0.47818851751341374,1.0
2024-08-31,Championship,Leeds,Hull,3.0,2024-08-09,0.499036261290021,0.0
2024-09-01,Championship,Sheffield United,Watford,8.0,2024-08-09,0.4847032932576622,1.0
2024-09-13,Championship,Hull,Sheffield United,5.0,2024-09-13,0.6096050653888213,1.0
2024-09-14,Championship,Watford,Coventry,4.0,2024-09-13,0.6999507264563444,1.0
2024-09-14,Championship,Swansea,Norwich,5.0,2024-09-13,0.5782258964950275,1.0
2024-09-14,Championship,Sheffield Weds,QPR,3.0,2024-09-13,0.4721701849588124,0.0
2024-09-14,Championship,Plymouth,Sunderland,8.0,2024-09-13,0.6506506653656825,1.0
2024-09-14,Championship,Middlesbrough,Preston,5.0,2024-09-13,0.5306501877570967,1.0
2024-09-14,Championship,Derby,Cardiff,5.0,2024-09-13,0.4902960225382246,1.0
2024-09-14,Championship,Oxford,Stoke,1.0,2024-09-13,0.30353869066997563,0.0
2024-09-14,Championship,Millwall,Luton,5.0,2024-09-13,0.504179275545147,1.0
2024-09-14,Championship,Leeds,Burnley,7.0,2024-09-13,0.566970770501665,1.0
2024-09-14,Championship,Blackburn,Bristol City,4.0,2024-09-13,0.4744136446149059,1.0
2024-09-15,Championship,Portsmouth,West Brom,7.0,2024-09-13,0.6645863049985072,1.0
2024-09-20,Championship,Stoke,Hull,5.0,2024-09-13,0.5153051958303717,1.0
2024-09-21,Championship,Coventry,Swansea,5.0,2024-09-13,0.6565485287722194,1.0
2024-09-21,Championship,Sheffield United,Derby,5.0,2024-09-13,0.4613028832633923,1.0
2024-09-21,Championship,Luton,Sheffield Weds,2.0,2024-09-13,0.47112199599608623,0.0
2024-09-21,Championship,West Brom,Plymouth,5.0,2024-09-13,0.4165073907443489,1.0
2024-09-21,Championship,Cardiff,Leeds,4.0,2024-09-13,0.5381734679702708,1.0
2024-09-21,Championship,Bristol City,Oxford,5.0,2024-09-13,0.2737179602089719,1.0
2024-09-21,Championship,Norwich,Watford,3.0,2024-09-13,0.7926977803515408,0.0
2024-09-21,Championship,Burnley,Portsmouth,4.0,2024-09-13,0.6680532213187041,1.0
2024-09-21,Championship,Sunderland,Middlesbrough,5.0,2024-09-13,0.665003447886811,1.0
2024-09-21,Championship,QPR,Millwall,3.0,2024-09-13,0.5321629416171162,0.0
2024-09-22,Championship,Preston,Blackburn,8.0,2024-09-13,0.5893945162716772,1.0
2024-09-27,Championship,Plymouth,Luton,5.0,2024-09-13,0.5427293422810949,1.0
2024-09-28,Championship,Portsmouth,Sheffield United,4.0,2024-09-13,0.7442132261181204,1.0
2024-09-28,Championship,Oxford,Burnley,3.0,2024-09-13,0.5068323170724706,0.0
2024-09-28,Championship,Millwall,Preston,4.0,2024-09-13,0.45030305197903076,1.0
2024-09-28,Championship,Middlesbrough,Stoke,11.0,2024-09-13,0.5913664462791073,1.0
2024-09-28,Championship,Watford,Sunderland,3.0,2024-09-13,0.684832551728885,0.0
2024-09-28,Championship,Hull,Cardiff,7.0,2024-09-13,0.5238086560827797,1.0
2024-09-28,Championship,Sheffield Weds,West Brom,8.0,2024-09-13,0.44402691184010246,1.0
2024-09-28,Championship,Derby,Norwich,5.0,2024-09-13,0.42346596373361955,1.0
2024-09-28,Championship,Blackburn,QPR,5.0,2024-09-13,0.667287479973029,1.0
2024-09-28,Championship,Leeds,Coventry,2.0,2024-09-13,0.561201025392535,0.0
2024-09-29,Championship,Swansea,Bristol City,4.0,2024-09-13,0.3753192134052596,1.0
2024-10-01,Championship,Burnley,Plymouth,1.0,2024-09-13,0.6564848154717129,0.0
2024-10-01,Championship,Cardiff,Millwall,4.0,2024-09-13,0.4004956254189024,1.0
2024-10-01,Championship,Coventry,Blackburn,4.0,2024-09-13,0.6109517869615094,1.0
2024-10-01,Championship,Luton,Oxford,6.0,2024-09-13,0.2963846198512847,1.0
2024-10-01,Championship,Norwich,Leeds,6.0,2024-09-13,0.631941378926871,1.0
2024-10-01,Championship,QPR,Hull,4.0,2024-09-13,0.5156270103905107,1.0
2024-10-01,Championship,Sunderland,Derby,4.0,2024-09-13,0.5128762758337823,1.0
2024-10-01,Championship,West Brom,Middlesbrough,3.0,2024-09-13,0.3089288269195103,0.0
2024-10-02,Championship,Bristol City,Sheffield Weds,3.0,2024-09-13,0.5476270592546368,0.0
2024-10-02,Championship,Stoke,Portsmouth,3.0,2024-09-13,0.7363480712501819,0.0
2024-10-02,Championship,Preston,Watford,2.0,2024-09-13,0.5576422943252645,0.0
2024-10-02,Championship,Sheffield United,Swansea,5.0,2024-09-13,0.6732225115503779,1.0
2024-10-04,Championship,Sunderland,Leeds,6.0,2024-09-13,0.7185451101112803,1.0
2024-10-05,Championship,Swansea,Stoke,4.0,2024-09-13,0.5102750682288484,1.0
2024-10-05,Championship,Burnley,Preston,7.0,2024-09-13,0.5464942694029206,1.0
2024-10-05,Championship,Norwich,Hull,7.0,2024-09-13,0.5337838301279294,1.0
2024-10-05,Championship,Portsmouth,Oxford,1.0,2024-09-13,0.46954038713978197,0.0
2024-10-05,Championship,Coventry,Sheffield Weds,7.0,2024-09-13,0.45739548239288746,1.0
2024-10-05,Championship,Derby,QPR,2.0,2024-09-13,0.3843313137547719,0.0
2024-10-05,Championship,Plymouth,Blackburn,7.0,2024-09-13,0.6351999913979932,1.0
2024-10-05,Championship,Sheffield United,Luton,3.0,2024-09-13,0.5375316992577871,0.0
2024-10-05,Championship,Watford,Middlesbrough,4.0,2024-09-13,0.6760799829861335,1.0
2024-10-05,Championship,West Brom,Millwall,5.0,2024-09-13,0.4180518134318754,1.0
2024-10-06,Championship,Bristol City,Cardiff,3.0,2024-09-13,0.3851924637487631,0.0
2024-10-18,Championship,Leeds,Sheffield United,3.0,2024-10-18,0.5216062054787952,0.0
2024-10-19,Championship,QPR,Portsmouth,4.0,2024-10-18,0.6914209849072124,1.0
2024-10-19,Championship,Millwall,Derby,2.0,2024-10-18,0.5641210547415249,0.0
2024-10-19,Championship,Stoke,Norwich,1.0,2024-10-18,0.6744572071850644,0.0
2024-10-19,Championship,Sheffield Weds,Burnley,3.0,2024-10-18,0.4255385656771488,0.0
2024-10-19,Championship,Middlesbrough,Bristol City,8.0,2024-10-18,0.3716927326565124,1.0
2024-10-19,Championship,Cardiff,Plymouth,4.0,2024-10-18,0.48770813374095745,1.0
2024-10-19,Championship,Preston,Coventry,4.0,2024-10-18,0.5889634671539854,1.0
2024-10-19,Championship,Oxford,West Brom,4.0,2024-10-18,0.46420761173526126,1.0
2024-10-19,Championship,Luton,Watford,5.0,2024-10-18,0.6893142627615041,1.0
2024-10-19,Championship,Blackburn,Swansea,3.0,2024-10-18,0.456042230144925,0.0
2024-10-20,Championship,Hull,Sunderland,2.0,2024-10-18,0.6004376216151078,0.0
2024-10-22,Championship,Cardiff,Portsmouth,4.0,2024-10-18,0.4999391904847343,1.0
2024-10-22,Championship,Leeds,Watford,3.0,2024-10-18,0.7393254757940865,0.0
2024-10-22,Championship,Oxford,Derby,6.0,2024-10-18,0.3366537599203915,1.0
2024-10-22,Championship,Preston,Norwich,5.0,2024-10-18,0.5618156564020992,1.0
2024-10-22,Championship,Sheffield Weds,Swansea,4.0,2024-10-18,0.6459017961736618,1.0
2024-10-22,Championship,Stoke,Bristol City,4.0,2024-10-18,0.31191585502719815,1.0
2024-10-22,Championship,QPR,Coventry,3.0,2024-10-18,0.5594595058037759,0.0
2024-10-23,Championship,Millwall,Plymouth,6.0,2024-10-18,0.5022108963211646,1.0
2024-10-23,Championship,Luton,Sunderland,6.0,2024-10-18,0.712307757560549,1.0
2024-10-23,Championship,Middlesbrough,Sheffield United,1.0,2024-10-18,0.4959633819692334,0.0
2024-10-23,Championship,Blackburn,West Brom,2.0,2024-10-18,0.5153792856885798,0.0
2024-10-23,Championship,Hull,Burnley,1.0,2024-10-18,0.4593641881275458,0.0
2024-10-25,Championship,Portsmouth,Sheffield Weds,4.0,2024-10-18,0.6447579911310346,1.0
2024-10-26,Championship,West Brom,Cardiff,7.0,2024-10-18,0.45796869053230316,1.0
2024-10-26,Championship,Swansea,Millwall,5.0,2024-10-18,0.5426924350449804,1.0
2024-10-26,Championship,Sunderland,Oxford,4.0,2024-10-18,0.48281226741900996,1.0
2024-10-26,Championship,Plymouth,Preston,3.0,2024-10-18,0.4846999486788412,0.0
2024-10-26,Championship,Sheffield United,Stoke,6.0,2024-10-18,0.8164680290916383,1.0
2024-10-26,Championship,Burnley,QPR,1.0,2024-10-18,0.5644522977120914,0.0
2024-10-26,Championship,Watford,Blackburn,9.0,2024-10-18,0.7742517598011559,1.0
2024-10-26,Championship,Coventry,Luton,5.0,2024-10-18,0.5587763865938303,1.0
2024-10-26,Championship,Bristol City,Leeds,4.0,2024-10-18,0.5140094655157337,1.0
2024-10-26,Championship,Derby,Hull,5.0,2024-10-18,0.5237573344319075,1.0
2024-10-27,Championship,Norwich,Middlesbrough,5.0,2024-10-18,0.537177517303535,1.0
2024-11-01,Championship,Luton,West Brom,3.0,2024-10-18,0.36278772689699235,0.0
2024-11-02,Championship,Middlesbrough,Coventry,4.0,2024-10-18,0.5370265028332154,1.0
2024-11-02,Championship,QPR,Sunderland,3.0,2024-10-18,0.8683495714725998,0.0
2024-11-02,Championship,Preston,Bristol City,7.0,2024-10-18,0.35389740135420583,1.0
2024-11-02,Championship,Leeds,Plymouth,0.0,2024-10-18,0.5066022841343092,0.0
2024-11-02,Championship,Sheffield Weds,Watford,6.0,2024-10-18,0.5796853607759082,1.0
2024-11-02,Championship,Cardiff,Norwich,5.0,2024-10-18,0.40197495976467096,1.0
2024-11-02,Championship,Stoke,Derby,5.0,2024-10-18,0.5660361505494397,1.0
2024-11-02,Championship,Oxford,Swansea,2.0,2024-10-18,0.25722945417587145,0.0
2024-11-02,Championship,Blackburn,Sheffield United,3.0,2024-10-18,0.5327931844814285,0.0
2024-11-02,Championship,Hull,Portsmouth,5.0,2024-10-18,0.6665580993362873,1.0
2024-11-03,Championship,Millwall,Burnley,4.0,2024-10-18,0.5190973349969622,1.0
2024-11-05,Championship,Bristol City,Sheffield United,2.0,2024-10-18,0.4552288377896588,0.0
2024-11-05,Championship,Oxford,Hull,3.0,2024-10-18,0.3765800240019525,0.0
2024-11-05,Championship,QPR,Middlesbrough,2.0,2024-10-18,0.4544482551802247,0.0
2024-11-05,Championship,Sheffield Weds,Norwich,0.0,2024-10-18,0.6643018195787673,0.0
2024-11-05,Championship,Plymouth,Portsmouth,6.0,2024-10-18,0.631804596458924,1.0
2024-11-05,Championship,Swansea,Watford,5.0,2024-10-18,0.6541060799845526,1.0
2024-11-06,Championship,Blackburn,Stoke,3.0,2024-10-18,0.5178390293394954,0.0
2024-11-06,Championship,Coventry,Derby,2.0,2024-10-18,0.6294847517627583,0.0
2024-11-06,Championship,Millwall,Leeds,3.0,2024-10-18,0.6760642733708749,0.0
2024-11-06,Championship,Luton,Cardiff,3.0,2024-10-18,0.5708718356113384,0.0
2024-11-06,Championship,Preston,Sunderland,3.0,2024-10-18,0.539642013551827,0.0
2024-11-07,Championship,West Brom,Burnley,6.0,2024-10-18,0.5985571804236339,1.0
2024-11-08,Championship,Watford,Oxford,7.0,2024-10-18,0.5638293068095376,1.0
2024-11-09,Championship,Sunderland,Coventry,7.0,2024-10-18,0.8086873964570672,1.0
2024-11-09,Championship,Portsmouth,Preston,1.0,2024-10-18,0.5637792819304203,0.0
2024-11-09,Championship,Leeds,QPR,3.0,2024-10-18,0.6796374132046541,0.0
2024-11-09,Championship,Norwich,Bristol City,2.0,2024-10-18,0.4455663648320189,0.0
2024-11-09,Championship,Stoke,Millwall,4.0,2024-10-18,0.5139534080260423,1.0
2024-11-09,Championship,Middlesbrough,Luton,5.0,2024-10-18,0.5262858995383632,1.0
2024-11-09,Championship,Cardiff,Blackburn,3.0,2024-10-18,0.47954397309348173,0.0
2024-11-09,Championship,Derby,Plymouth,5.0,2024-10-18,0.5971712107459913,1.0
2024-11-10,Championship,Sheffield United,Sheffield Weds,4.0,2024-10-18,0.45648186962441567,1.0
2024-11-10,Championship,Hull,West Brom,3.0,2024-10-18,0.3847910019203472,0.0
2024-11-10,Championship,Burnley,Swansea,4.0,2024-10-18,0.4908828713122193,1.0
2024-11-22,Championship,Plymouth,Watford,3.0,2024-11-22,0.5566527851163141,0.0
2024-11-23,Championship,West Brom,Norwich,3.0,2024-11-22,0.38291852812325816,0.0
2024-11-23,Championship,QPR,Stoke,5.0,2024-11-22,0.5050590784747067,1.0
2024-11-23,Championship,Preston,Derby,4.0,2024-11-22,0.36133886439406643,1.0
2024-11-23,Championship,Oxford,Middlesbrough,4.0,2024-11-22,0.5629619121593951,1.0
2024-11-23,Championship,Sheffield Weds,Cardiff,1.0,2024-11-22,0.4305387222320083,0.0
2024-11-23,Championship,Luton,Hull,3.0,2024-11-22,0.4778949809103464,0.0
2024-11-23,Championship,Coventry,Sheffield United,6.0,2024-11-22,0.5879385028232378,1.0
2024-11-23,Championship,Bristol City,Burnley,7.0,2024-11-22,0.4533451541263787,1.0
2024-11-23,Championship,Millwall,Sunderland,3.0,2024-11-22,0.6066496726911862,0.0
2024-11-24,Championship,Swansea,Leeds,3.0,2024-11-22,0.4211717895918361,0.0
2024-11-26,Championship,Watford,Bristol City,4.0,2024-11-22,0.5749300187988711,1.0
2024-11-26,Championship,Sunderland,West Brom,0.0,2024-11-22,0.5789613670226621,0.0
2024-11-26,Championship,Sheffield United,Oxford,2.0,2024-11-22,0.6456260678313311,0.0
2024-11-26,Championship,Stoke,Preston,2.0,2024-11-22,0.6205144428905928,0.0
2024-11-26,Championship,Hull,Sheffield Weds,3.0,2024-11-22,0.41756899897354255,0.0
2024-11-26,Championship,Burnley,Coventry,1.0,2024-11-22,0.6747638104766875,0.0
2024-11-26,Championship,Norwich,Plymouth,1.0,2024-11-22,0.36086857935227346,0.0
2024-11-27,Championship,Cardiff,QPR,1.0,2024-11-22,0.5553916384274875,0.0
2024-11-27,Championship,Leeds,Luton,3.0,2024-11-22,0.630843593083875,0.0
2024-11-27,Championship,Middlesbrough,Blackburn,1.0,2024-11-22,0.590498289344395,0.0
2024-11-27,Championship,Derby,Swansea,4.0,2024-11-22,0.7267292885809323,1.0
2024-11-29,Championship,Sheffield United,Sunderland,6.0,2024-11-22,0.6371874018928142,1.0
2024-11-30,Championship,Swansea,Portsmouth,6.0,2024-11-22,0.6113778531860997,1.0
2024-11-30,Championship,Stoke,Burnley,2.0,2024-11-22,0.5293115487343394,0.0
2024-11-30,Championship,Preston,West Brom,3.0,2024-11-22,0.4451526261323815,0.0
2024-11-30,Championship,Norwich,Luton,3.0,2024-11-22,0.6268573197771006,0.0
2024-11-30,Championship,Coventry,Cardiff,6.0,2024-11-22,0.5569302614197261,1.0
2024-11-30,Championship,Blackburn,Leeds,4.0,2024-11-22,0.45149559367084136,1.0
2024-11-30,Championship,Watford,QPR,5.0,2024-11-22,0.5221221617985601,1.0
2024-11-30,Championship,Oxford,Millwall,4.0,2024-11-22,0.5496921745916573,1.0
2024-11-30,Championship,Middlesbrough,Hull,3.0,2024-11-22,0.4984094505222338,0.0
2024-11-30,Championship,Bristol City,Plymouth,4.0,2024-11-22,0.5288093740748009,1.0
2024-12-01,Championship,Derby,Sheffield Weds,6.0,2024-11-22,0.497295393697113,1.0
2024-12-06,Championship,Burnley,Middlesbrough,1.0,2024-11-22,0.499750208915009,0.0
2024-12-07,Championship,QPR,Norwich,7.0,2024-11-22,0.5814791496836444,1.0
2024-12-07,Championship,Portsmouth,Bristol City,6.0,2024-11-22,0.24890471659571167,1.0
2024-12-07,Championship,Millwall,Coventry,3.0,2024-11-22,0.5157387506123678,0.0
2024-12-07,Championship,Luton,Swansea,0.0,2024-11-22,0.5756456776326493,0.0
2024-12-07,Championship,Sunderland,Stoke,0.0,2024-11-22,0.7986399556627198,0.0
2024-12-07,Championship,Sheffield Weds,Preston,6.0,2024-11-22,0.507155531249701,1.0
2024-12-07,Championship,Leeds,Derby,1.0,2024-11-22,0.604204425893971,0.0
2024-12-07,Championship,Hull,Blackburn,6.0,2024-11-22,0.5350799012435602,1.0
2024-12-08,Championship,West Brom,Sheffield United,6.0,2024-11-22,0.3707419546960533,1.0
2024-12-10,Championship,Sunderland,Bristol City,7.0,2024-11-22,0.42813033770803743,1.0
2024-12-10,Championship,Sheffield Weds,Blackburn,2.0,2024-11-22,0.6357377685860016,0.0
2024-12-10,Championship,Portsmouth,Norwich,8.0,2024-11-22,0.4951057107976271,1.0
2024-12-10,Championship,Leeds,Middlesbrough,3.0,2024-11-22,0.7195047947059158,0.0
2024-12-10,Championship,Luton,Stoke,3.0,2024-11-22,0.6785387801683269,0.0
2024-12-10,Championship,Burnley,Derby,2.0,2024-11-22,0.4556738113116807,0.0
2024-12-10,Championship,Plymouth,Swansea,3.0,2024-11-22,0.6701604584067039,0.0
2024-12-11,Championship,Cardiff,Preston,7.0,2024-11-22,0.569031971501893,1.0
2024-12-11,Championship,Hull,Watford,5.0,2024-11-22,0.7086069312707776,1.0
2024-12-11,Championship,Millwall,Sheffield United,2.0,2024-11-22,0.5835623945759142,0.0
2024-12-11,Championship,QPR,Oxford,4.0,2024-11-22,0.4879310752585066,1.0
2024-12-11,Championship,West Brom,Coventry,2.0,2024-11-22,0.4871851213804294,0.0
2024-12-13,Championship,Derby,Portsmouth,1.0,2024-11-22,0.47802533792910407,0.0
2024-12-14,Championship,Swansea,Sunderland,5.0,2024-11-22,0.5549582875796011,1.0
2024-12-14,Championship,Stoke,Cardiff,5.0,2024-11-22,0.5936608038330725,1.0
2024-12-14,Championship,Sheffield United,Plymouth,2.0,2024-11-22,0.5996062194340932,0.0
2024-12-14,Championship,Oxford,Sheffield Weds,1.0,2024-11-22,0.582943866366976,0.0
2024-12-14,Championship,Blackburn,Luton,5.0,2024-11-22,0.3681973180599071,1.0
2024-12-14,Championship,Preston,Leeds,4.0,2024-11-22,0.5070476481895616,1.0
2024-12-14,Championship,Middlesbrough,Millwall,4.0,2024-11-22,0.5188707241570558,1.0
2024-12-14,Championship,Coventry,Hull,6.0,2024-11-22,0.4936101932451633,1.0
2024-12-14,Championship,Bristol City,QPR,3.0,2024-11-22,0.3117381663456901,0.0
2024-12-15,Championship,Watford,West Brom,5.0,2024-11-22,0.5344988332175542,1.0
2024-12-15,Championship,Norwich,Burnley,4.0,2024-11-22,0.5850682039045708,1.0
2024-12-20,Championship,Luton,Derby,4.0,2024-11-22,0.44851210133257274,1.0
2024-12-21,Championship,Sunderland,Norwich,8.0,2024-11-22,0.7876162549080414,1.0
2024-12-21,Championship,QPR,Preston,1.0,2024-11-22,0.5843064925533714,0.0
2024-12-21,Championship,Plymouth,Middlesbrough,4.0,2024-11-22,0.5858267059518885,1.0
2024-12-21,Championship,Millwall,Blackburn,2.0,2024-11-22,0.3960966083277135,0.0
2024-12-21,Championship,Leeds,Oxford,1.0,2024-11-22,0.5194977507487589,0.0
2024-12-21,Championship,Burnley,Watford,4.0,2024-11-22,0.7306540992831998,1.0
2024-12-21,Championship,Sheffield Weds,Stoke,4.0,2024-11-22,0.6374308454659805,1.0
2024-12-21,Championship,Portsmouth,Coventry,1.0,2024-11-22,0.473316306562881,0.0
2024-12-21,Championship,Hull,Swansea,4.0,2024-11-22,0.48981619484112987,1.0
2024-12-21,Championship,Cardiff,Sheffield United,4.0,2024-11-22,0.5177783221046679,1.0
2024-12-22,Championship,West Brom,Bristol City,5.0,2024-12-22,0.4204132027692429,1.0
2024-12-26,Championship,Swansea,QPR,5.0,2024-12-22,0.6867324592022457,1.0
2024-12-26,Championship,Stoke,Leeds,4.0,2024-12-22,0.5511070978786013,1.0
2024-12-26,Championship,Derby,West Brom,2.0,2024-12-22,0.2608806511282394,0.0
2024-12-26,Championship,Watford,Portsmouth,7.0,2024-12-22,0.7353668699699892,1.0
2024-12-26,Championship,Preston,Hull,4.0,2024-12-22,0.5480830285774252,1.0
2024-12-26,Championship,Sheffield United,Burnley,4.0,2024-12-22,0.4455220805560299,1.0
2024-12-26,Championship,Norwich,Millwall,3.0,2024-12-22,0.6337542396473324,0.0
2024-12-26,Championship,Blackburn,Sunderland,5.0,2024-12-22,0.7053696549865619,1.0
2024-12-26,Championship,Bristol City,Luton,3.0,2024-12-22,0.5738615978051719,0.0
2024-12-26,Championship,Oxford,Cardiff,2.0,2024-12-22,0.40177971446725275,0.0
2024-12-26,Championship,Middlesbrough,Sheffield Weds,2.0,2024-12-22,0.5741938045234027,0.0
2024-12-26,Championship,Coventry,Plymouth,1.0,2024-12-22,0.5987941807658914,0.0
2024-12-29,Championship,Norwich,QPR,5.0,2024-12-22,0.3318668222699455,1.0
2024-12-29,Championship,Preston,Sheffield Weds,2.0,2024-12-22,0.3162269377228262,0.0
2024-12-29,Championship,Sheffield United,West Brom,5.0,2024-12-22,0.4768968588026902,1.0
2024-12-29,Championship,Bristol City,Portsmouth,2.0,2024-12-22,0.559148314712011,0.0
2024-12-29,Championship,Coventry,Millwall,1.0,2024-12-22,0.46990659135628265,0.0
2024-12-29,Championship,Oxford,Plymouth,2.0,2024-12-22,0.3377338902865016,0.0
2024-12-29,Championship,Stoke,Sunderland,7.0,2024-12-22,0.621333107765613,1.0
2024-12-29,Championship,Swansea,Luton,3.0,2024-12-22,0.5517676881976742,0.0
2024-12-29,Championship,Watford,Cardiff,5.0,2024-12-22,0.6675495487956831,1.0
2024-12-29,Championship,Derby,Leeds,2.0,2024-12-22,0.3597678703623544,0.0
2024-12-29,Championship,Middlesbrough,Burnley,4.0,2024-12-22,0.5761799531555457,1.0
2024-12-29,Championship,Blackburn,Hull,3.0,2024-12-22,0.42525291581256064,0.0
2025-01-01,Championship,West Brom,Preston,5.0,2024-12-22,0.5031343293574362,1.0
2025-01-01,Championship,Hull,Middlesbrough,3.0,2024-12-22,0.616347037050752,0.0
2025-01-01,Championship,QPR,Watford,8.0,2024-12-22,0.6458462170046659,1.0
2025-01-01,Championship,Sheffield Weds,Derby,3.0,2024-12-22,0.3995623911993042,0.0
2025-01-01,Championship,Sunderland,Sheffield United,5.0,2024-12-22,0.7190085755955515,1.0
2025-01-01,Championship,Portsmouth,Swansea,1.0,2024-12-22,0.7124288913793074,0.0
2025-01-01,Championship,Plymouth,Bristol City,1.0,2024-12-22,0.5343299957616634,0.0
2025-01-01,Championship,Leeds,Blackburn,6.0,2024-12-22,0.46382268424040346,1.0
2025-01-01,Championship,Cardiff,Coventry,2.0,2024-12-22,0.5332320176761988,0.0
2025-01-01,Championship,Burnley,Stoke,5.0,2024-12-22,0.5467036297067809,1.0
2025-01-01,Championship,Millwall,Oxford,1.0,2024-12-22,0.3918796474396335,0.0
2025-01-01,Championship,Luton,Norwich,2.0,2024-12-22,0.3588530067606538,0.0
2025-01-04,Championship,Blackburn,Burnley,4.0,2024-12-22,0.5068679771543091,1.0
2025-01-04,Championship,Stoke,Plymouth,3.0,2024-12-22,0.4385932965909714,0.0
2025-01-04,Championship,Swansea,West Brom,6.0,2024-12-22,0.5487743229679342,1.0
2025-01-04,Championship,Bristol City,Derby,4.0,2024-12-22,0.4502718236184019,1.0
2025-01-04,Championship,Hull,Leeds,1.0,2024-12-22,0.5319572059336182,0.0
2025-01-04,Championship,Middlesbrough,Cardiff,5.0,2024-12-22,0.5914819962811348,1.0
2025-01-04,Championship,Norwich,Coventry,3.0,2024-12-22,0.5480333056352223,0.0
2025-01-04,Championship,Preston,Oxford,6.0,2024-12-22,0.5668133356802783,1.0
2025-01-04,Championship,Sheffield Weds,Millwall,4.0,2024-12-22,0.585887219756278,1.0
2025-01-04,Championship,Watford,Sheffield United,3.0,2024-12-22,0.5304013156673629,0.0
2025-01-05,Championship,Sunderland,Portsmouth,3.0,2024-12-22,0.7467956953441793,0.0
2025-01-06,Championship,QPR,Luton,2.0,2024-12-22,0.38995470399679294,0.0
2025-01-14,Championship,Cardiff,Watford,3.0,2024-12-22,0.5059219202173543,0.0
2025-01-14,Championship,Plymouth,Oxford,2.0,2024-12-22,0.48857817391747693,0.0
2025-01-15,Championship,Blackburn,Portsmouth,4.0,2024-12-22,0.6872558960346892,1.0
2025-01-17,Championship,Burnley,Sunderland,5.0,2024-12-22,0.715213060814159,1.0
2025-01-18,Championship,Cardiff,Swansea,5.0,2024-12-22,0.48248904551274585,1.0
2025-01-18,Championship,Millwall,Hull,2.0,2024-12-22,0.49122150887975685,0.0
2025-01-18,Championship,Plymouth,QPR,4.0,2024-12-22,0.5427809030857429,1.0
2025-01-18,Championship,Coventry,Bristol City,0.0,2024-12-22,0.5051394561637385,0.0
2025-01-18,Championship,Derby,Watford,4.0,2024-12-22,0.5983973435795543,1.0
2025-01-18,Championship,Luton,Preston,5.0,2024-12-22,0.5792746329743794,1.0
2025-01-18,Championship,Oxford,Blackburn,4.0,2024-12-22,0.4836895366932138,1.0
2025-01-18,Championship,Portsmouth,Middlesbrough,3.0,2024-12-22,0.6069282905510429,0.0
2025-01-18,Championship,Sheffield United,Norwich,3.0,2024-12-22,0.6349635176748263,0.0
2025-01-18,Championship,West Brom,Stoke,2.0,2024-12-22,0.5677102329664718,0.0
2025-01-19,Championship,Leeds,Sheffield Weds,3.0,2024-12-22,0.3926781498439191,0.0
2025-01-21,Championship,Watford,Preston,2.0,2025-01-21,0.7584271357638076,0.0
2025-01-21,Championship,Swansea,Sheffield United,7.0,2025-01-21,0.45785221874646914,1.0
2025-01-21,Championship,Millwall,Cardiff,0.0,2025-01-21,0.32854888027413864,0.0
2025-01-21,Championship,Oxford,Luton,6.0,2025-01-21,0.4253300615998829,1.0
2025-01-21,Championship,Middlesbrough,West Brom,1.0,2025-01-21,0.3926142057935833,0.0
2025-01-21,Championship,Hull,QPR,4.0,2025-01-21,0.509105434759209,1.0
2025-01-21,Championship,Derby,Sunderland,2.0,2025-01-21,0.694591348515088,0.0
2025-01-21,Championship,Blackburn,Coventry,1.0,2025-01-21,0.49116380229009776,0.0
2025-01-22,Championship,Leeds,Norwich,6.0,2025-01-21,0.5715917051738332,1.0
2025-01-22,Championship,Portsmouth,Stoke,7.0,2025-01-21,0.6149443422790525,1.0
2025-01-22,Championship,Sheffield Weds,Bristol City,4.0,2025-01-21,0.4702741055283985,1.0
2025-01-22,Championship,Plymouth,Burnley,1.0,2025-01-21,0.513974045445748,0.0
2025-01-24,Championship,Sheffield United,Hull,2.0,2025-01-21,0.4217636837242657,0.0
2025-01-25,Championship,West Brom,Portsmouth,3.0,2025-01-21,0.30622666305127905,0.0
2025-01-25,Championship,Sunderland,Plymouth,5.0,2025-01-21,0.5777733695569889,1.0
2025-01-25,Championship,QPR,Sheffield Weds,3.0,2025-01-21,0.5881541747508672,0.0
2025-01-25,Championship,Preston,Middlesbrough,4.0,2025-01-21,0.4945144659052509,1.0
2025-01-25,Championship,Coventry,Watford,7.0,2025-01-21,0.6579270528485401,1.0
2025-01-25,Championship,Norwich,Swansea,3.0,2025-01-21,0.5295966273749524,0.0
2025-01-25,Championship,Bristol City,Blackburn,5.0,2025-01-21,0.5371725214932082,1.0
2025-01-25,Championship,Stoke,Oxford,7.0,2025-01-21,0.4128437882586246,1.0
2025-01-25,Championship,Luton,Millwall,6.0,2025-01-21,0.4439598297540566,1.0
2025-01-25,Championship,Cardiff,Derby,3.0,2025-01-21,0.36473732313628787,0.0
2025-01-27,Championship,Burnley,Leeds,3.0,2025-01-21,0.5651747851668523,0.0
2025-01-28,Championship,Portsmouth,Millwall,2.0,2025-01-21,0.38284989184390245,0.0
2025-01-31,Championship,Blackburn,Preston,2.0,2025-01-21,0.6460895325502941,0.0
2025-02-01,Championship,Oxford,Bristol City,6.0,2025-01-21,0.2543515255970417,1.0
2025-02-01,Championship,Plymouth,West Brom,1.0,2025-01-21,0.36440793392408294,0.0
2025-02-01,Championship,Watford,Norwich,3.0,2025-01-21,0.5874572591682862,0.0
2025-02-01,Championship,Derby,Sheffield United,2.0,2025-01-21,0.6000188799954116,0.0
2025-02-01,Championship,Hull,Stoke,2.0,2025-01-21,0.5276955501608446,0.0
2025-02-01,Championship,Leeds,Cardiff,2.0,2025-01-21,0.35180693935611923,0.0
2025-02-01,Championship,Millwall,QPR,3.0,2025-01-21,0.4447295725941617,0.0
2025-02-01,Championship,Portsmouth,Burnley,4.0,2025-01-21,0.45895378460756536,1.0
2025-02-01,Championship,Sheffield Weds,Luton,2.0,2025-01-21,0.676861631948671,0.0
2025-02-01,Championship,Swansea,Coventry,2.0,2025-01-21,0.6174186586400473,0.0
2025-02-03,Championship,Middlesbrough,Sunderland,5.0,2025-01-21,0.6810066894106921,1.0
2025-02-04,Championship,Burnley,Oxford,4.0,2025-01-21,0.3968346346954916,1.0
2025-02-04,Championship,QPR,Blackburn,0.0,2025-01-21,0.628099707558834,0.0
2025-02-05,Championship,Coventry,Leeds,3.0,2025-01-21,0.37701525226270904,0.0
2025-02-08,Championship,Sunderland,Watford,6.0,2025-01-21,0.8527133793295061,1.0
2025-02-08,Championship,West Brom,Sheffield Weds,5.0,2025-01-21,0.5710349466688255,1.0
2025-02-08,Championship,Norwich,Derby,4.0,2025-01-21,0.5418636514083673,1.0
2025-02-08,Championship,Sheffield United,Portsmouth,5.0,2025-01-21,0.5033545426099765,1.0
2025-02-09,Championship,Bristol City,Swansea,0.0,2025-01-21,0.440700670840374,0.0
2025-02-11,Championship,Norwich,Preston,4.0,2025-01-21,0.585494813192946,1.0
2025-02-11,Championship,Watford,Leeds,0.0,2025-01-21,0.5218845498270281,0.0
2025-02-11,Championship,Derby,Oxford,1.0,2025-01-21,0.39058092702017055,0.0
2025-02-11,Championship,Coventry,QPR,5.0,2025-01-21,0.5544504156056012,1.0
2025-02-11,Championship,Portsmouth,Cardiff,4.0,2025-01-21,0.6366278946383412,1.0
2025-02-12,Championship,Bristol City,Stoke,4.0,2025-01-21,0.46073460819983986,1.0
2025-02-12,Championship,Burnley,Hull,1.0,2025-01-21,0.5853973614073753,0.0
2025-02-12,Championship,Plymouth,Millwall,1.0,2025-01-21,0.3553345189605391,0.0
2025-02-12,Championship,Sunderland,Luton,2.0,2025-01-21,0.6319623235232509,0.0
2025-02-12,Championship,Swansea,Sheffield Weds,2.0,2025-01-21,0.5441695267508916,0.0
2025-02-12,Championship,Sheffield United,Middlesbrough,5.0,2025-01-21,0.5546096587536599,1.0
2025-02-12,Championship,West Brom,Blackburn,1.0,2025-01-21,0.42123044800414555,0.0
2025-02-14,Championship,QPR,Derby,2.0,2025-01-21,0.3664355595280113,0.0
2025-02-15,Championship,Millwall,West Brom,3.0,2025-01-21,0.41819051510750266,0.0
2025-02-15,Championship,Middlesbrough,Watford,4.0,2025-01-21,0.6371544133488252,1.0
2025-02-15,Championship,Luton,Sheffield United,4.0,2025-01-21,0.44287785637435956,1.0
2025-02-15,Championship,Hull,Norwich,3.0,2025-01-21,0.7012785665558064,0.0
2025-02-15,Championship,Sheffield Weds,Coventry,1.0,2025-01-21,0.5525531756874709,0.0
2025-02-15,Championship,Preston,Burnley,5.0,2025-01-21,0.4799904472440505,1.0
2025-02-15,Championship,Oxford,Portsmouth,2.0,2025-01-21,0.48993267108474425,0.0
2025-02-15,Championship,Cardiff,Bristol City,4.0,2025-01-21,0.45257307465576263,1.0
2025-02-15,Championship,Blackburn,Plymouth,2.0,2025-01-21,0.6436531618635293,0.0
2025-02-15,Championship,Stoke,Swansea,4.0,2025-01-21,0.44349423231275675,1.0
2025-02-17,Championship,Leeds,Sunderland,9.0,2025-01-21,0.683042138975918,1.0
2025-02-18,Championship,Preston,Millwall,4.0,2025-01-21,0.5010715507053327,1.0
2025-02-19,Championship,Luton,Plymouth,2.0,2025-01-21,0.3850037903747835,0.0
2025-02-21,Championship,Bristol City,Middlesbrough,2.0,2025-02-21,0.4929546144612312,0.0
2025-02-21,Championship,Burnley,Sheffield Weds,7.0,2025-02-21,0.5686258363091284,1.0
2025-02-22,Championship,West Brom,Oxford,5.0,2025-02-21,0.37798552262171625,1.0
2025-02-22,Championship,Swansea,Blackburn,2.0,2025-02-21,0.5790021964511574,0.0
2025-02-22,Championship,Portsmouth,QPR,5.0,2025-02-21,0.519036294178175,1.0
2025-02-22,Championship,Norwich,Stoke,1.0,2025-02-21,0.5459938462897154,0.0
2025-02-22,Championship,Sunderland,Hull,3.0,2025-02-21,0.6167358523303542,0.0
2025-02-22,Championship,Plymouth,Cardiff,7.0,2025-02-21,0.4488873574894558,1.0
2025-02-22,Championship,Derby,Millwall,2.0,2025-02-21,0.3877755731879866,0.0
2025-02-22,Championship,Coventry,Preston,1.0,2025-02-21,0.471524296395653,0.0
2025-02-23,Championship,Watford,Luton,4.0,2025-02-21,0.5345604755667338,1.0
2025-02-24,Championship,Sheffield United,Leeds,2.0,2025-02-21,0.3895357840657623,0.0
2025-02-25,Championship,Stoke,Middlesbrough,4.0,2025-02-21,0.42048602129632456,1.0
2025-02-25,Championship,Cardiff,Hull,4.0,2025-02-21,0.4509793074266862,1.0
2025-02-28,Championship,Sheffield Weds,Sunderland,2.0,2025-02-21,0.7623549501242839,0.0
2025-03-01,Championship,Middlesbrough,Derby,3.0,2025-02-21,0.44636499862675066,0.0
2025-03-01,Championship,QPR,Sheffield United,6.0,2025-02-21,0.5672731409859275,1.0
2025-03-01,Championship,Stoke,Watford,3.0,2025-02-21,0.7219832534685198,0.0
2025-03-01,Championship,Oxford,Coventry,6.0,2025-02-21,0.31752492788907605,1.0
2025-03-01,Championship,Leeds,West Brom,0.0,2025-02-21,0.4728314614399843,0.0
2025-03-01,Championship,Blackburn,Norwich,1.0,2025-02-21,0.7119320009816287,0.0
2025-03-01,Championship,Luton,Portsmouth,6.0,2025-02-21,0.5689876215989047,1.0
2025-03-04,Championship,Cardiff,Burnley,3.0,2025-02-21,0.5425629407963714,0.0
2025-03-04,Championship,Hull,Plymouth,4.0,2025-02-21,0.32071026754432125,1.0
2025-03-04,Championship,Millwall,Bristol City,0.0,2025-02-21,0.4418376735698307,0.0
2025-03-04,Championship,Preston,Swansea,0.0,2025-02-21,0.6041425732345115,0.0
2025-03-07,Championship,Norwich,Oxford,2.0,2025-02-21,0.46281130261275755,0.0
2025-03-08,Championship,West Brom,QPR,8.0,2025-02-21,0.48919722846345165,1.0
2025-03-08,Championship,Swansea,Middlesbrough,2.0,2025-02-21,0.5310437903779065,0.0
2025-03-08,Championship,Sunderland,Cardiff,3.0,2025-02-21,0.6678003513822562,0.0
2025-03-08,Championship,Sheffield United,Preston,5.0,2025-02-21,0.5037927214247775,1.0
2025-03-08,Championship,Plymouth,Sheffield Weds,8.0,2025-02-21,0.3654109611049164,1.0
2025-03-08,Championship,Bristol City,Hull,4.0,2025-02-21,0.42781567066981185,1.0
2025-03-08,Championship,Burnley,Luton,5.0,2025-02-21,0.5891229293774566,1.0
2025-03-08,Championship,Watford,Millwall,1.0,2025-02-21,0.5837743910171896,0.0
2025-03-08,Championship,Coventry,Stoke,4.0,2025-02-21,0.4243675090516498,1.0
2025-03-08,Championship,Derby,Blackburn,6.0,2025-02-21,0.3791660460307412,1.0
2025-03-09,Championship,Portsmouth,Leeds,2.0,2025-02-21,0.6839981253058609,0.0
2025-03-11,Championship,Sunderland,Preston,4.0,2025-02-21,0.6114682418101873,1.0
2025-03-11,Championship,Sheffield United,Bristol City,4.0,2025-02-21,0.5422894023920559,1.0
2025-03-11,Championship,Norwich,Sheffield Weds,4.0,2025-02-21,0.5425822980148489,1.0
2025-03-11,Championship,Cardiff,Luton,2.0,2025-02-21,0.3716602495067345,0.0
2025-03-11,Championship,Derby,Coventry,3.0,2025-02-21,0.42122049170679715,0.0
2025-03-11,Championship,Burnley,West Brom,2.0,2025-02-21,0.4955282832587917,0.0
2025-03-11,Championship,Middlesbrough,QPR,0.0,2025-02-21,0.3683183740701955,0.0
2025-03-12,Championship,Hull,Oxford,3.0,2025-02-21,0.4109560694983288,0.0
2025-03-12,Championship,Leeds,Millwall,0.0,2025-02-21,0.3679398539745665,0.0
2025-03-12,Championship,Portsmouth,Plymouth,3.0,2025-02-21,0.5833413182855685,0.0
2025-03-12,Championship,Watford,Swansea,5.0,2025-02-21,0.5244379492181679,1.0
2025-03-12,Championship,Stoke,Blackburn,4.0,2025-02-21,0.5890657161294713,1.0
2025-03-14,Championship,Bristol City,Norwich,5.0,2025-02-21,0.4736431312092829,1.0
2025-03-15,Championship,Preston,Portsmouth,2.0,2025-02-21,0.6244676383268174,0.0
2025-03-15,Championship,Plymouth,Derby,3.0,2025-02-21,0.3367464442966731,0.0
2025-03-15,Championship,Oxford,Watford,2.0,2025-02-21,0.5568357767232481,0.0
2025-03-15,Championship,Luton,Middlesbrough,5.0,2025-02-21,0.4991247134262667,1.0
2025-03-15,Championship,Millwall,Stoke,7.0,2025-02-21,0.3702592739789152,1.0
2025-03-15,Championship,Blackburn,Cardiff,1.0,2025-02-21,0.5314937880279768,0.0
2025-03-15,Championship,QPR,Leeds,5.0,2025-02-21,0.5477193268409045,1.0
2025-03-15,Championship,Swansea,Burnley,1.0,2025-02-21,0.469977214534663,0.0
2025-03-15,Championship,Coventry,Sunderland,3.0,2025-02-21,0.5428686018640841,0.0
2025-03-15,Championship,West Brom,Hull,6.0,2025-02-21,0.3074382983704472,1.0
2025-03-16,Championship,Sheffield Weds,Sheffield United,6.0,2025-02-21,0.4462896125411438,1.0
2025-03-28,Championship,Sheffield United,Coventry,3.0,2025-03-28,0.49193998055022164,0.0
2025-03-29,Championship,Sunderland,Millwall,7.0,2025-03-28,0.582639681362921,1.0
2025-03-29,Championship,Stoke,QPR,4.0,2025-03-28,0.5831000548410896,1.0
2025-03-29,Championship,Norwich,West Brom,1.0,2025-03-28,0.3428506894779349,0.0
2025-03-29,Championship,Middlesbrough,Oxford,2.0,2025-03-28,0.4628642254140208,0.0
2025-03-29,Championship,Portsmouth,Blackburn,6.0,2025-03-28,0.5233696052567273,1.0
2025-03-29,Championship,Cardiff,Sheffield Weds,3.0,2025-03-28,0.5268900779627191,0.0
2025-03-29,Championship,Burnley,Bristol City,0.0,2025-03-28,0.4155392709266765,0.0
2025-03-29,Championship,Watford,Plymouth,4.0,2025-03-28,0.6084957559325138,1.0
2025-03-29,Championship,Hull,Luton,0.0,2025-03-28,0.482585995905752,0.0
2025-03-29,Championship,Leeds,Swansea,7.0,2025-03-28,0.5991711183959995,1.0
2025-04-02,Championship,Derby,Preston,3.0,2025-03-28,0.4892128216982667,0.0
2025-04-04,Championship,Blackburn,Middlesbrough,2.0,2025-03-28,0.4306115026676182,0.0
2025-04-05,Championship,Plymouth,Norwich,0.0,2025-03-28,0.4962950962804208,0.0
2025-04-05,Championship,Swansea,Derby,2.0,2025-03-28,0.3775749103436943,0.0
2025-04-05,Championship,Sheffield Weds,Hull,3.0,2025-03-28,0.3966617459651309,0.0
2025-04-05,Championship,QPR,Cardiff,2.0,2025-03-28,0.3729004746447354,0.0
2025-04-05,Championship,Oxford,Sheffield United,5.0,2025-03-28,0.5476032875139112,1.0
2025-04-05,Championship,Preston,Stoke,7.0,2025-03-28,0.535625495039508,1.0
2025-04-05,Championship,Bristol City,Watford,2.0,2025-03-28,0.5486061285907191,0.0
2025-04-05,Championship,West Brom,Sunderland,5.0,2025-03-28,0.6438439877631642,1.0
2025-04-05,Championship,Luton,Leeds,3.0,2025-03-28,0.4382411136079583,0.0
2025-04-05,Championship,Coventry,Burnley,6.0,2025-03-28,0.5463608185636464,1.0
2025-04-05,Championship,Millwall,Portsmouth,4.0,2025-03-28,0.6105685260896935,1.0
2025-04-08,Championship,Middlesbrough,Leeds,2.0,2025-03-28,0.39369501510926735,0.0
2025-04-08,Championship,Watford,Hull,3.0,2025-03-28,0.5877259309999906,0.0
2025-04-08,Championship,Sheffield United,Millwall,1.0,2025-03-28,0.5276771309681948,0.0
2025-04-08,Championship,Preston,Cardiff,2.0,2025-03-28,0.3229550544033526,0.0
2025-04-08,Championship,Stoke,Luton,4.0,2025-03-28,0.4305442842353913,1.0
2025-04-08,Championship,Derby,Burnley,2.0,2025-03-28,0.45361218246604174,0.0
2025-04-08,Championship,Bristol City,West Brom,2.0,2025-03-28,0.4523191559881218,0.0
2025-04-08,Championship,Blackburn,Sheffield Weds,7.0,2025-03-28,0.6048009086210384,1.0
2025-04-08,Championship,Norwich,Sunderland,6.0,2025-03-28,0.6160650758560733,1.0
2025-04-09,Championship,Oxford,QPR,4.0,2025-03-28,0.4591076138852956,1.0
2025-04-09,Championship,Swansea,Plymouth,2.0,2025-03-28,0.569306014257735,0.0
2025-04-09,Championship,Coventry,Portsmouth,4.0,2025-03-28,0.5749188010158731,1.0
2025-04-11,Championship,Burnley,Norwich,4.0,2025-03-28,0.5553984975883584,1.0
2025-04-12,Championship,QPR,Bristol City,3.0,2025-03-28,0.5694237928421237,0.0
2025-04-12,Championship,West Brom,Watford,6.0,2025-03-28,0.5830856009597196,1.0
2025-04-12,Championship,Sunderland,Swansea,5.0,2025-03-28,0.6336642684396517,1.0
2025-04-12,Championship,Sheffield Weds,Oxford,3.0,2025-03-28,0.36640112574913364,0.0
2025-04-12,Championship,Portsmouth,Derby,9.0,2025-03-28,0.4733756325876713,1.0
2025-04-12,Championship,Millwall,Middlesbrough,1.0,2025-03-28,0.4459992017895455,0.0
2025-04-12,Championship,Luton,Blackburn,4.0,2025-03-28,0.3737227423476992,1.0
2025-04-12,Championship,Cardiff,Stoke,4.0,2025-03-28,0.3777513016137572,1.0
2025-04-12,Championship,Plymouth,Sheffield United,2.0,2025-03-28,0.4867071878139405,0.0
2025-04-12,Championship,Leeds,Preston,3.0,2025-03-28,0.44806370069644064,0.0
2025-04-14,Championship,Hull,Coventry,1.0,2025-03-28,0.4240807832450902,0.0
2025-04-18,Championship,Oxford,Leeds,6.0,2025-03-28,0.27923006210960966,1.0
2025-04-18,Championship,Sheffield United,Cardiff,2.0,2025-03-28,0.5627957363431347,0.0
2025-04-18,Championship,Watford,Burnley,7.0,2025-03-28,0.6691142163766589,1.0
2025-04-18,Championship,Swansea,Hull,4.0,2025-03-28,0.597632406391151,1.0
2025-04-18,Championship,Stoke,Sheffield Weds,4.0,2025-03-28,0.6142292998636277,1.0
2025-04-18,Championship,Preston,QPR,3.0,2025-03-28,0.4741986905464993,0.0
2025-04-18,Championship,Norwich,Portsmouth,4.0,2025-03-28,0.794113186948915,1.0
2025-04-18,Championship,Middlesbrough,Plymouth,2.0,2025-03-28,0.5132333147024007,0.0
2025-04-18,Championship,Coventry,West Brom,3.0,2025-03-28,0.3915116332030141,0.0
2025-04-18,Championship,Bristol City,Sunderland,4.0,2025-03-28,0.4843315112223659,1.0
2025-04-18,Championship,Blackburn,Millwall,1.0,2025-03-28,0.3587401906843363,0.0
2025-04-18,Championship,Derby,Luton,4.0,2025-03-28,0.478893501818101,1.0
2025-04-21,Championship,Burnley,Sheffield United,4.0,2025-03-28,0.43224851525652996,1.0
2025-04-21,Championship,West Brom,Derby,3.0,2025-03-28,0.4089350423909788,0.0
2025-04-21,Championship,Sunderland,Blackburn,3.0,2025-03-28,0.681661988574387,0.0
2025-04-21,Championship,Sheffield Weds,Middlesbrough,7.0,2025-03-28,0.48945797982086764,1.0
2025-04-21,Championship,QPR,Swansea,2.0,2025-03-28,0.5591193381528312,0.0
2025-04-21,Championship,Portsmouth,Watford,6.0,2025-03-28,0.6852532916072641,1.0
2025-04-21,Championship,Millwall,Norwich,4.0,2025-03-28,0.44244266700626905,1.0
2025-04-21,Championship,Luton,Bristol City,3.0,2025-03-28,0.3854438413967068,0.0
2025-04-21,Championship,Leeds,Stoke,1.0,2025-03-28,0.5581843182135211,0.0
2025-04-21,Championship,Hull,Preston,3.0,2025-03-28,0.45462879554193136,0.0
2025-04-21,Championship,Cardiff,Oxford,4.0,2025-03-28,0.4109211271416425,1.0
2025-04-21,Championship,Plymouth,Coventry,2.0,2025-03-28,0.42013445345260625,0.0
2025-04-25,Championship,Stoke,Sheffield United,5.0,2025-03-28,0.3752754284312388,1.0
2025-04-26,Championship,Hull,Derby,3.0,2025-03-28,0.46480306491730455,0.0
2025-04-26,Championship,Sheffield Weds,Portsmouth,3.0,2025-03-28,0.6933759502405841,0.0
2025-04-26,Championship,Preston,Plymouth,5.0,2025-03-28,0.5346298479412942,1.0
2025-04-26,Championship,Oxford,Sunderland,4.0,2025-03-28,0.6313864518860554,1.0
2025-04-26,Championship,Millwall,Swansea,2.0,2025-03-28,0.4222824150326336,0.0
2025-04-26,Championship,Blackburn,Watford,10.0,2025-03-28,0.6138033170719221,1.0
2025-04-26,Championship,Cardiff,West Brom,1.0,2025-03-28,0.41406390335570303,0.0
2025-04-26,Championship,QPR,Burnley,6.0,2025-03-28,0.5708915977472087,1.0
2025-04-26,Championship,Luton,Coventry,7.0,2025-03-28,0.43777128164070805,1.0
2025-04-26,Championship,Middlesbrough,Norwich,3.0,2025-03-28,0.3754370183727397,0.0
2025-04-28,Championship,Leeds,Bristol City,1.0,2025-04-28,0.40225314919060734,0.0
2025-05-03,Championship,Sunderland,QPR,5.0,2025-04-28,0.6697449032102197,1.0
2025-05-03,Championship,Swansea,Oxford,2.0,2025-04-28,0.4636312639096235,0.0
2025-05-03,Championship,Sheffield United,Blackburn,2.0,2025-04-28,0.6098340439167155,0.0
2025-05-03,Championship,West Brom,Luton,4.0,2025-04-28,0.42476051319993235,1.0
2025-05-03,Championship,Watford,Sheffield Weds,1.0,2025-04-28,0.6964528762939038,0.0
2025-05-03,Championship,Portsmouth,Hull,2.0,2025-04-28,0.4456525823910577,0.0
2025-05-03,Championship,Bristol City,Preston,6.0,2025-04-28,0.4981042605020505,1.0
2025-05-03,Championship,Norwich,Cardiff,5.0,2025-04-28,0.6178161416289469,1.0
2025-05-03,Championship,Derby,Stoke,3.0,2025-04-28,0.4333718675915482,0.0
2025-05-03,Championship,Coventry,Middlesbrough,4.0,2025-04-28,0.6947542971897062,1.0
2025-05-03,Championship,Burnley,Millwall,1.0,2025-04-28,0.36666912953952147,0.0
2025-05-03,Championship,Plymouth,Leeds,4.0,2025-04-28,0.4276436494397829,1.0
2025-08-08,Championship,Birmingham,Ipswich,5.0,2025-08-08,0.3652504761078757,1.0
2025-08-09,Championship,Sheffield United,Bristol City,0.0,2025-08-08,0.5057487416448899,0.0
2025-08-09,Championship,West Brom,Blackburn,2.0,2025-08-08,0.3492493068960327,0.0
2025-08-09,Championship,Stoke,Derby,3.0,2025-08-08,0.5306025297754934,0.0
2025-08-09,Championship,QPR,Preston,3.0,2025-08-08,0.46492736385911154,0.0
2025-08-09,Championship,Oxford,Portsmouth,3.0,2025-08-08,0.43382756766616964,0.0
2025-08-09,Championship,Norwich,Millwall,5.0,2025-08-08,0.46153482902185583,1.0
2025-08-09,Championship,Middlesbrough,Swansea,7.0,2025-08-08,0.4398487258241238,1.0
2025-08-09,Championship,Coventry,Hull,6.0,2025-08-08,0.4961885180679088,1.0
2025-08-09,Championship,Charlton,Watford,3.0,2025-08-08,0.6954622954446987,0.0
2025-08-10,Championship,Leicester,Sheffield Weds,0.0,2025-08-08,0.696310112527206,0.0
2025-08-16,Championship,Watford,QPR,3.0,2025-08-08,0.6396025202301194,0.0
2025-08-16,Championship,Swansea,Sheffield United,4.0,2025-08-08,0.7285901398208388,1.0
2025-08-16,Championship,Sheffield Weds,Stoke,3.0,2025-08-08,0.45596483361164086,0.0
2025-08-16,Championship,Preston,Leicester,2.0,2025-08-08,0.5928366906096024,0.0
2025-08-16,Championship,Millwall,Middlesbrough,9.0,2025-08-08,0.38533424171899405,1.0
2025-08-16,Championship,Derby,Coventry,7.0,2025-08-08,0.4555599704876484,1.0
2025-08-16,Championship,Blackburn,Birmingham,3.0,2025-08-08,0.44450358500579146,0.0
2025-08-16,Championship,Portsmouth,Norwich,6.0,2025-08-08,0.6152143674845408,1.0
2025-08-16,Championship,Bristol City,Charlton,1.0,2025-08-08,0.4985322792618043,0.0
2025-08-17,Championship,Ipswich,Southampton,4.0,2025-08-08,0.7032720181219533,1.0
2025-08-17,Championship,Hull,Oxford,2.0,2025-08-08,0.2935451412102274,0.0
2025-08-22,Championship,Derby,Bristol City,3.0,2025-08-08,0.22934384363244814,0.0
2025-08-23,Championship,Preston,Ipswich,8.0,2025-08-08,0.5482807788254703,1.0
2025-08-23,Championship,Southampton,Stoke,4.0,2025-08-08,0.7808097375923785,1.0
2025-08-23,Championship,Sheffield United,Millwall,5.0,2025-08-08,0.3863036656767611,1.0
2025-08-23,Championship,Norwich,Middlesbrough,3.0,2025-08-08,0.5855086624060114,0.0
2025-08-23,Championship,West Brom,Portsmouth,7.0,2025-08-08,0.6073737414233811,1.0
2025-08-23,Championship,Birmingham,Oxford,0.0,2025-08-08,0.4945407858513153,0.0
2025-08-23,Championship,Swansea,Watford,8.0,2025-08-08,0.6362974758491903,1.0
2025-08-23,Championship,Hull,Blackburn,6.0,2025-08-08,0.48033268395436346,1.0
2025-08-23,Championship,Coventry,QPR,3.0,2025-08-08,0.5627953367307024,0.0
2025-08-23,Championship,Charlton,Leicester,3.0,2025-08-08,0.5516939239413973,0.0
2025-08-29,Championship,Leicester,Birmingham,6.0,2025-08-08,0.6697473660311799,1.0
2025-08-30,Championship,Watford,Southampton,7.0,2025-08-08,0.7486788042762357,1.0
2025-08-30,Championship,Sheffield Weds,Swansea,2.0,2025-08-08,0.5004956807611058,0.0
2025-08-30,Championship,Portsmouth,Preston,3.0,2025-08-08,0.5624033679569819,0.0
2025-08-30,Championship,Oxford,Coventry,3.0,2025-08-08,0.48025451198453084,0.0
2025-08-30,Championship,Ipswich,Derby,9.0,2025-08-08,0.5380520052463182,1.0
2025-08-30,Championship,Bristol City,Hull,2.0,2025-08-08,0.32270620609638057,0.0
2025-08-30,Championship,Blackburn,Norwich,2.0,2025-08-08,0.5646345087861336,0.0
2025-08-30,Championship,Stoke,West Brom,3.0,2025-08-08,0.5843494127605255,0.0
2025-08-30,Championship,QPR,Charlton,4.0,2025-08-08,0.4524618389284627,1.0
2025-08-30,Championship,Middlesbrough,Sheffield United,3.0,2025-08-08,0.41950225972255206,0.0
2025-09-12,Championship,Ipswich,Sheffield United,2.0,2025-09-12,0.6776303213395087,0.0
2025-09-13,Championship,Wrexham,QPR,1.0,2025-09-12,0.19256997962296835,0.0
2025-09-13,Championship,West Brom,Derby,3.0,2025-09-12,0.4947482814839739,0.0
2025-09-13,Championship,Watford,Blackburn,3.0,2025-09-12,0.5441998827975426,0.0
2025-09-13,Championship,Swansea,Hull,2.0,2025-09-12,0.2894351243999196,0.0
2025-09-13,Championship,Stoke,Birmingham,4.0,2025-09-12,0.38347069744996953,1.0
2025-09-13,Championship,Sheffield Weds,Bristol City,2.0,2025-09-12,0.43798649805942513,0.0
2025-09-13,Championship,Coventry,Norwich,8.0,2025-09-12,0.46181644671533606,1.0
2025-09-13,Championship,Preston,Middlesbrough,4.0,2025-09-12,0.6930509112332783,1.0
2025-09-13,Championship,Oxford,Leicester,3.0,2025-09-12,0.6344363000132976,0.0
2025-09-13,Championship,Charlton,Millwall,2.0,2025-09-12,0.36505147155261564,0.0
2025-09-14,Championship,Southampton,Portsmouth,6.0,2025-09-12,0.812395479039499,1.0
2025-09-19,Championship,Middlesbrough,West Brom,0.0,2025-09-12,0.36666184287512066,0.0
2025-09-20,Championship,Sheffield United,Charlton,4.0,2025-09-12,0.5612412460113516,1.0
2025-09-20,Championship,Portsmouth,Sheffield Weds,6.0,2025-09-12,0.5722413162003227,1.0
2025-09-20,Championship,Norwich,Wrexham,4.0,2025-09-12,0.14637917980890966,1.0
2025-09-20,Championship,Hull,Southampton,8.0,2025-09-12,0.6295563226889218,1.0
2025-09-20,Championship,QPR,Stoke,8.0,2025-09-12,0.6300214031804985,1.0
2025-09-20,Championship,Leicester,Coventry,3.0,2025-09-12,0.5237733390664902,0.0
2025-09-20,Championship,Birmingham,Swansea,9.0,2025-09-12,0.40686347398999945,1.0
2025-09-20,Championship,Derby,Preston,4.0,2025-09-12,0.3702546697112106,1.0
2025-09-21,Championship,Bristol City,Oxford,5.0,2025-09-12,0.36695118636840446,1.0
2025-09-22,Championship,Millwall,Watford,1.0,2025-09-12,0.5846406554753041,0.0
2025-09-26,Championship,West Brom,Leicester,7.0,2025-09-12,0.5761984022880502,1.0
2025-09-27,Championship,Sheffield Weds,QPR,4.0,2025-09-12,0.5427429742887515,1.0
2025-09-27,Championship,Watford,Hull,6.0,2025-09-12,0.497653499529082,1.0
2025-09-27,Championship,Stoke,Norwich,3.0,2025-09-12,0.574862544963354,0.0
2025-09-27,Championship,Southampton,Middlesbrough,8.0,2025-09-12,0.6821105742791763,1.0
2025-09-27,Championship,Preston,Bristol City,5.0,2025-09-12,0.45433780751824465,1.0
2025-09-27,Championship,Ipswich,Portsmouth,3.0,2025-09-12,0.608957048066787,0.0
2025-09-27,Championship,Oxford,Sheffield United,2.0,2025-09-12,0.4721697901004834,0.0
2025-09-27,Championship,Charlton,Blackburn,6.0,2025-09-12,0.4134889624388853,1.0
2025-09-27,Championship,Wrexham,Derby,6.0,2025-09-12,0.2027497661548199,1.0
2025-09-27,Championship,Swansea,Millwall,3.0,2025-09-12,0.3491616387710226,0.0
2025-09-27,Championship,Coventry,Birmingham,3.0,2025-09-12,0.7036988599990305,0.0
2025-09-30,Championship,Derby,Charlton,2.0,2025-09-12,0.28897530570690144,0.0
2025-09-30,Championship,Middlesbrough,Stoke,2.0,2025-09-12,0.3969082559404972,0.0
2025-09-30,Championship,Leicester,Wrexham,4.0,2025-09-12,0.3199639580256284,1.0
2025-09-30,Championship,Sheffield United,Southampton,7.0,2025-09-12,0.7093258598531378,1.0
2025-09-30,Championship,Bristol City,Ipswich,6.0,2025-09-12,0.42499291894605923,1.0
2025-09-30,Championship,Blackburn,Swansea,5.0,2025-09-12,0.6499329808885442,1.0
2025-09-30,Championship,Birmingham,Sheffield Weds,5.0,2025-09-12,0.4893652766612974,1.0
2025-09-30,Championship,Hull,Preston,1.0,2025-09-12,0.5001778060927751,0.0
2025-10-01,Championship,Millwall,Coventry,4.0,2025-09-12,0.3486811307450285,1.0
2025-10-01,Championship,Norwich,West Brom,5.0,2025-09-12,0.4948398130266415,1.0
2025-10-01,Championship,Portsmouth,Watford,7.0,2025-09-12,0.850198788092036,1.0
2025-10-01,Championship,QPR,Oxford,4.0,2025-09-12,0.4359267902517118,1.0
2025-10-03,Championship,Wrexham,Birmingham,2.0,2025-09-12,0.19437001733458537,0.0
2025-10-04,Championship,Portsmouth,Middlesbrough,3.0,2025-09-12,0.6157852790910493,0.0
2025-10-04,Championship,Watford,Oxford,7.0,2025-09-12,0.41881351755881846,1.0
2025-10-04,Championship,Swansea,Leicester,3.0,2025-09-12,0.384257286322475,0.0
2025-10-04,Championship,Preston,Charlton,2.0,2025-09-12,0.4355928254892269,0.0
2025-10-04,Championship,Derby,Southampton,6.0,2025-09-12,0.5675772782236749,1.0
2025-10-04,Championship,Sheffield Weds,Coventry,2.0,2025-09-12,0.5084521688072453,0.0
2025-10-04,Championship,Bristol City,QPR,6.0,2025-09-12,0.43008622612322656,1.0
2025-10-04,Championship,Hull,Sheffield United,4.0,2025-09-12,0.42614502038769764,1.0
2025-10-04,Championship,Blackburn,Stoke,2.0,2025-09-12,0.59751563005034,0.0
2025-10-04,Championship,Millwall,West Brom,3.0,2025-09-12,0.47378002024400173,0.0
2025-10-05,Championship,Ipswich,Norwich,4.0,2025-09-12,0.7810407598740099,1.0
2025-10-17,Championship,Middlesbrough,Ipswich,4.0,2025-10-17,0.6061951988389861,1.0
2025-10-18,Championship,West Brom,Preston,3.0,2025-10-17,0.3717849486544723,0.0
2025-10-18,Championship,Stoke,Wrexham,2.0,2025-10-17,0.31392518905060096,0.0
2025-10-18,Championship,Sheffield United,Watford,1.0,2025-10-17,0.7013794045343128,0.0
2025-10-18,Championship,Norwich,Bristol City,5.0,2025-10-17,0.5393726412849719,1.0
2025-10-18,Championship,Coventry,Blackburn,2.0,2025-10-17,0.5796898018530092,0.0
2025-10-18,Championship,Southampton,Swansea,4.0,2025-10-17,0.7220979382786824,1.0
2025-10-18,Championship,Birmingham,Hull,9.0,2025-10-17,0.4749301450927103,1.0
2025-10-18,Championship,QPR,Millwall,6.0,2025-10-17,0.46696429727835626,1.0
2025-10-18,Championship,Oxford,Derby,5.0,2025-10-17,0.4343656664858364,1.0
2025-10-18,Championship,Leicester,Portsmouth,3.0,2025-10-17,0.7273927933015708,0.0
2025-10-18,Championship,Charlton,Sheffield Weds,3.0,2025-10-17,0.31780928283855764,0.0
2025-10-21,Championship,Preston,Birmingham,7.0,2025-10-17,0.45861494337033276,1.0
2025-10-21,Championship,Portsmouth,Coventry,2.0,2025-10-17,0.5734531430335982,0.0
2025-10-21,Championship,Bristol City,Southampton,3.0,2025-10-17,0.7160694327197821,0.0
2025-10-21,Championship,Millwall,Stoke,3.0,2025-10-17,0.5275027370599321,0.0
2025-10-21,Championship,Blackburn,Sheffield United,2.0,2025-10-17,0.37738168434665637,0.0
2025-10-21,Championship,Hull,Leicester,3.0,2025-10-17,0.5699120628777219,0.0
2025-10-21,Championship,Derby,Norwich,3.0,2025-10-17,0.6771641884760993,0.0
2025-10-21,Championship,Ipswich,Charlton,3.0,2025-10-17,0.4807959889013723,0.0
2025-10-22,Championship,Swansea,QPR,5.0,2025-10-17,0.5298315045917851,1.0
2025-10-22,Championship,Watford,West Brom,2.0,2025-10-17,0.7211465303736629,0.0
2025-10-22,Championship,Wrexham,Oxford,4.0,2025-10-17,0.2648742134203171,1.0
2025-10-22,Championship,Sheffield Weds,Middlesbrough,4.0,2025-10-17,0.5391292105738883,1.0
2025-10-24,Championship,Preston,Sheffield United,5.0,2025-10-17,0.5475666080785504,1.0
2025-10-25,Championship,Millwall,Leicester,3.0,2025-10-17,0.4786181472308763,0.0
2025-10-25,Championship,Middlesbrough,Wrexham,5.0,2025-10-17,0.3590761565852715,1.0
2025-10-25,Championship,Hull,Charlton,3.0,2025-10-17,0.23048171366893133,0.0
2025-10-25,Championship,Derby,QPR,4.0,2025-10-17,0.5193683260671854,1.0
2025-10-25,Championship,Ipswich,West Brom,2.0,2025-10-17,0.5119624791671032,0.0
2025-10-25,Championship,Blackburn,Southampton,4.0,2025-10-17,0.7881003518000119,1.0
2025-10-25,Championship,Portsmouth,Stoke,5.0,2025-10-17,0.7363533676949485,1.0
2025-10-25,Championship,Sheffield Weds,Oxford,0.0,2025-10-17,0.5669883521958267,0.0
2025-10-25,Championship,Coventry,Watford,5.0,2025-10-17,0.5333973586256329,1.0
2025-10-25,Championship,Bristol City,Birmingham,3.0,2025-10-17,0.492737513076301,0.0
2025-10-25,Championship,Swansea,Norwich,4.0,2025-10-17,0.5578936398540959,1.0
2025-10-31,Championship,Wrexham,Coventry,3.0,2025-10-17,0.4020899050257605,0.0
2025-11-01,Championship,Leicester,Blackburn,1.0,2025-10-17,0.7061268384320541,0.0
2025-11-01,Championship,Watford,Middlesbrough,3.0,2025-10-17,0.588300948376357,0.0
2025-11-01,Championship,Southampton,Preston,4.0,2025-10-17,0.8086195911377063,1.0
2025-11-01,Championship,Sheffield United,Derby,3.0,2025-10-17,0.406923689623905,0.0
2025-11-01,Championship,QPR,Ipswich,4.0,2025-10-17,0.6255834494723842,1.0
2025-11-01,Championship,Stoke,Bristol City,3.0,2025-10-17,0.4390407181912,0.0
2025-11-01,Championship,Charlton,Swansea,0.0,2025-10-17,0.22239915951522385,0.0
2025-11-01,Championship,Birmingham,Portsmouth,3.0,2025-10-17,0.470858413631139,0.0
2025-11-01,Championship,West Brom,Sheffield Weds,2.0,2025-10-17,0.5854114993561124,0.0
2025-11-01,Championship,Norwich,Hull,3.0,2025-10-17,0.4625761471365615,0.0
2025-11-01,Championship,Oxford,Millwall,0.0,2025-10-17,0.39060886197592004,0.0
2025-11-04,Championship,Coventry,Sheffield United,5.0,2025-10-17,0.6224351221344566,1.0
2025-11-04,Championship,Birmingham,Millwall,0.0,2025-10-17,0.3955461921250951,0.0
2025-11-04,Championship,Bristol City,Blackburn,3.0,2025-10-17,0.33154129915351405,0.0
2025-11-04,Championship,Charlton,West Brom,0.0,2025-10-17,0.2881045141097265,0.0
2025-11-04,Championship,Derby,Hull,1.0,2025-10-17,0.5076486547552556,0.0
2025-11-04,Championship,Ipswich,Watford,3.0,2025-10-17,0.525707292397483,0.0
2025-11-04,Championship,Leicester,Middlesbrough,7.0,2025-10-17,0.5718943321923203,1.0
2025-11-04,Championship,Oxford,Stoke,4.0,2025-10-17,0.6153385706808862,1.0
2025-11-05,Championship,Sheffield Weds,Norwich,4.0,2025-10-17,0.4926240375990171,1.0
2025-11-05,Championship,Portsmouth,Wrexham,6.0,2025-10-17,0.4386515215676683,1.0
2025-11-05,Championship,Preston,Swansea,4.0,2025-10-17,0.5873812349591978,1.0
2025-11-05,Championship,QPR,Southampton,4.0,2025-10-17,0.7373416088761853,1.0
2025-11-07,Championship,Watford,Bristol City,3.0,2025-10-17,0.7280991742408458,0.0
2025-11-08,Championship,Wrexham,Charlton,5.0,2025-10-17,0.32160791356251117,1.0
2025-11-08,Championship,West Brom,Oxford,0.0,2025-10-17,0.4015162870675846,0.0
2025-11-08,Championship,Swansea,Ipswich,8.0,2025-10-17,0.6009067397447817,1.0
2025-11-08,Championship,Stoke,Coventry,6.0,2025-10-17,0.5456107725693969,1.0
2025-11-08,Championship,Sheffield United,QPR,2.0,2025-10-17,0.5104831566794477,0.0
2025-11-08,Championship,Southampton,Sheffield Weds,4.0,2025-10-17,0.7204476816949864,1.0
2025-11-08,Championship,Middlesbrough,Birmingham,2.0,2025-10-17,0.5341424283089911,0.0
2025-11-08,Championship,Millwall,Preston,4.0,2025-10-17,0.5006325919644443,1.0
2025-11-08,Championship,Hull,Portsmouth,4.0,2025-10-17,0.6540742783305886,1.0
2025-11-08,Championship,Blackburn,Derby,4.0,2025-10-17,0.6381074068183455,1.0
2025-11-08,Championship,Norwich,Leicester,2.0,2025-10-17,0.47853050227729005,0.0
2025-11-21,Championship,Preston,Blackburn,1.0,2025-11-21,0.2340153051851764,0.0
2025-11-22,Championship,QPR,Hull,1.0,2025-11-21,0.5459138439236348,0.0
2025-11-22,Championship,Portsmouth,Millwall,3.0,2025-11-21,0.3605609065726605,0.0
2025-11-22,Championship,Oxford,Middlesbrough,5.0,2025-11-21,0.4893104422023314,1.0
2025-11-22,Championship,Ipswich,Wrexham,5.0,2025-11-21,0.4327194355898507,1.0
2025-11-22,Championship,Leicester,Stoke,8.0,2025-11-21,0.6381011254718985,1.0
2025-11-22,Championship,Birmingham,Norwich,3.0,2025-11-21,0.6055533967010661,0.0
2025-11-22,Championship,Coventry,West Brom,3.0,2025-11-21,0.3303116954017173,0.0
2025-11-22,Championship,Charlton,Southampton,4.0,2025-11-21,0.5641794172751433,1.0
2025-11-22,Championship,Bristol City,Swansea,2.0,2025-11-21,0.40730441103093873,0.0
2025-11-22,Championship,Derby,Watford,3.0,2025-11-21,0.5213695279767494,0.0
2025-11-23,Championship,Sheffield Weds,Sheffield United,3.0,2025-11-21,0.2822530170417985,0.0
2025-11-25,Championship,Southampton,Leicester,1.0,2025-11-21,0.6622589448279723,0.0
2025-11-25,Championship,Swansea,Derby,2.0,2025-11-21,0.3990662253911677,0.0
2025-11-25,Championship,Stoke,Charlton,2.0,2025-11-21,0.4310170468163226,0.0
2025-11-25,Championship,Watford,Preston,6.0,2025-11-21,0.6562999577270131,1.0
2025-11-25,Championship,Middlesbrough,Coventry,0.0,2025-11-21,0.5536469430057968,0.0
2025-11-25,Championship,Hull,Ipswich,4.0,2025-11-21,0.5102104041151354,1.0
2025-11-25,Championship,Norwich,Oxford,1.0,2025-11-21,0.41114973871172006,0.0
2025-11-26,Championship,Blackburn,QPR,3.0,2025-11-21,0.6574474639272754,0.0
2025-11-26,Championship,Millwall,Sheffield Weds,3.0,2025-11-21,0.35367680844613786,0.0
2025-11-26,Championship,Sheffield United,Portsmouth,1.0,2025-11-21,0.7382272726183202,0.0
2025-11-26,Championship,Wrexham,Bristol City,3.0,2025-11-21,0.4700275657747209,0.0
2025-11-26,Championship,West Brom,Birmingham,3.0,2025-11-21,0.5606927774380416,0.0
2025-11-28,Championship,Oxford,Ipswich,0.0,2025-11-21,0.5064442493345876,0.0
2025-11-29,Championship,Norwich,QPR,4.0,2025-11-21,0.5220433776320771,1.0
2025-11-29,Championship,West Brom,Swansea,3.0,2025-11-21,0.5267296964993717,0.0
2025-11-29,Championship,Sheffield Weds,Preston,2.0,2025-11-21,0.42607707541107226,0.0
2025-11-29,Championship,Wrexham,Blackburn,4.0,2025-11-21,0.4321630527964321,1.0
2025-11-29,Championship,Millwall,Southampton,3.0,2025-11-21,0.7125135243637325,0.0
2025-11-29,Championship,Stoke,Hull,6.0,2025-11-21,0.6407207600147562,1.0
2025-11-29,Championship,Coventry,Charlton,2.0,2025-11-21,0.2102023333892298,0.0
2025-11-29,Championship,Leicester,Sheffield United,3.0,2025-11-21,0.6194998287650397,0.0
2025-11-29,Championship,Middlesbrough,Derby,2.0,2025-11-21,0.5606191245621707,0.0
2025-11-29,Championship,Portsmouth,Bristol City,3.0,2025-11-21,0.4951842649966772,0.0
2025-12-01,Championship,Birmingham,Watford,5.0,2025-11-21,0.7629662713086266,1.0
2025-12-02,Championship,Blackburn,Ipswich,4.0,2025-11-21,0.5341798736873923,1.0
2025-12-05,Championship,Hull,Middlesbrough,1.0,2025-11-21,0.34358053130234023,0.0
2025-12-06,Championship,Derby,Leicester,5.0,2025-11-21,0.4656489701899892,1.0
2025-12-06,Championship,Watford,Norwich,3.0,2025-11-21,0.7090681555181066,0.0
2025-12-06,Championship,Bristol City,Millwall,6.0,2025-11-21,0.34334586438306125,1.0
2025-12-06,Championship,Ipswich,Coventry,7.0,2025-11-21,0.3132604618340626,1.0
2025-12-06,Championship,Preston,Wrexham,2.0,2025-11-21,0.40476622131683765,0.0
2025-12-06,Championship,QPR,West Brom,2.0,2025-11-21,0.383905224135523,0.0
2025-12-06,Championship,Sheffield United,Stoke,3.0,2025-11-21,0.6396953556274784,0.0
2025-12-06,Championship,Southampton,Birmingham,2.0,2025-11-21,0.5289741342516007,0.0
2025-12-06,Championship,Swansea,Oxford,6.0,2025-11-21,0.4710713013204615,1.0
2025-12-09,Championship,QPR,Birmingham,3.0,2025-11-21,0.5397910252598196,0.0
2025-12-09,Championship,Watford,Sheffield Weds,2.0,2025-11-21,0.45223022288445963,0.0
2025-12-09,Championship,Swansea,Portsmouth,5.0,2025-11-21,0.6325557303404135,1.0
2025-12-09,Championship,Southampton,West Brom,4.0,2025-11-21,0.6140071556444918,1.0
2025-12-09,Championship,Preston,Coventry,1.0,2025-11-21,0.6635019582977577,0.0
2025-12-09,Championship,Charlton,Middlesbrough,5.0,2025-11-21,0.269552755954309,1.0
2025-12-09,Championship,Blackburn,Oxford,3.0,2025-11-21,0.5121862511587497,0.0
2025-12-09,Championship,Sheffield United,Norwich,5.0,2025-11-21,0.4974183258115417,1.0
2025-12-10,Championship,Bristol City,Leicester,5.0,2025-11-21,0.5093427606780151,1.0
2025-12-10,Championship,Derby,Millwall,5.0,2025-11-21,0.4698565578001599,1.0
2025-12-10,Championship,Ipswich,Stoke,2.0,2025-11-21,0.7902331517127622,0.0
2025-12-10,Championship,Hull,Wrexham,1.0,2025-11-21,0.29287538227474597,0.0
2025-12-12,Championship,West Brom,Sheffield United,1.0,2025-11-21,0.48949710344132386,0.0
2025-12-13,Championship,Portsmouth,Blackburn,5.0,2025-11-21,0.6856886515963395,1.0
2025-12-13,Championship,Millwall,Hull,3.0,2025-11-21,0.3172707829222937,0.0
2025-12-13,Championship,Middlesbrough,QPR,1.0,2025-11-21,0.4918732854121281,0.0
2025-12-13,Championship,Leicester,Ipswich,3.0,2025-11-21,0.714393679196387,0.0
2025-12-13,Championship,Norwich,Southampton,4.0,2025-11-21,0.6979815205064732,1.0
2025-12-13,Championship,Birmingham,Charlton,7.0,2025-11-21,0.2478597416350509,1.0
2025-12-13,Championship,Stoke,Swansea,7.0,2025-11-21,0.6984767423832182,1.0
2025-12-13,Championship,Oxford,Preston,3.0,2025-11-21,0.4912724773670483,0.0
2025-12-13,Championship,Coventry,Bristol City,4.0,2025-11-21,0.5035141834130582,1.0
2025-12-13,Championship,Wrexham,Watford,9.0,2025-11-21,0.5431324903941155,1.0
2025-12-15,Championship,Sheffield Weds,Derby,5.0,2025-11-21,0.3945411600587909,1.0
2025-12-19,Championship,Swansea,Wrexham,4.0,2025-11-21,0.4149247123718643,1.0
2025-12-20,Championship,Watford,Stoke,6.0,2025-11-21,0.7914095589412561,1.0
2025-12-20,Championship,Sheffield United,Birmingham,4.0,2025-11-21,0.6369441668662164,1.0
2025-12-20,Championship,QPR,Leicester,3.0,2025-11-21,0.6291923983473154,0.0
2025-12-20,Championship,Ipswich,Sheffield Weds,2.0,2025-11-21,0.35540242120178644,0.0
2025-12-20,Championship,Hull,West Brom,8.0,2025-11-21,0.5153302044212552,1.0
2025-12-20,Championship,Blackburn,Millwall,6.0,2025-11-21,0.40668462754412893,1.0
2025-12-20,Championship,Charlton,Oxford,3.0,2025-11-21,0.33607639515941096,0.0
2025-12-20,Championship,Bristol City,Middlesbrough,5.0,2025-11-21,0.4580600968193555,1.0
2025-12-20,Championship,Southampton,Coventry,2.0,2025-11-21,0.8249905209708335,0.0
2025-12-20,Championship,Preston,Norwich,5.0,2025-11-21,0.6111916707250183,1.0
2025-12-20,Championship,Derby,Portsmouth,2.0,2025-11-21,0.5353794150659312,0.0
2025-12-26,Championship,Wrexham,Sheffield United,3.0,2025-12-26,0.36162300233832934,0.0
2025-12-26,Championship,West Brom,Bristol City,4.0,2025-12-26,0.5201205974107618,1.0
2025-12-26,Championship,Sheffield Weds,Hull,6.0,2025-12-26,0.4646977337203217,1.0
2025-12-26,Championship,Portsmouth,QPR,3.0,2025-12-26,0.5946060978781444,0.0
2025-12-26,Championship,Norwich,Charlton,5.0,2025-12-26,0.4568216920686113,1.0
2025-12-26,Championship,Stoke,Preston,6.0,2025-12-26,0.6612966966114984,1.0
2025-12-26,Championship,Oxford,Southampton,3.0,2025-12-26,0.596249947249235,0.0
2025-12-26,Championship,Leicester,Watford,5.0,2025-12-26,0.6330134904146388,1.0
2025-12-26,Championship,Coventry,Swansea,2.0,2025-12-26,0.5649618303832866,0.0
2025-12-26,Championship,Millwall,Ipswich,3.0,2025-12-26,0.6116628472268689,0.0
2025-12-26,Championship,Birmingham,Derby,4.0,2025-12-26,0.5958987292138778,1.0
2025-12-26,Championship,Middlesbrough,Blackburn,4.0,2025-12-26,0.5041184359618378,1.0
2025-12-29,Championship,Wrexham,Preston,0.0,2025-12-26,0.7166699518153488,0.0
2025-12-29,Championship,West Brom,QPR,2.0,2025-12-26,0.41827468526298717,0.0
2025-12-29,Championship,Stoke,Sheffield United,1.0,2025-12-26,0.542377456523769,0.0
2025-12-29,Championship,Sheffield Weds,Blackburn,5.0,2025-12-26,0.40379825840641165,1.0
2025-12-29,Championship,Portsmouth,Charlton,4.0,2025-12-26,0.3156625240162197,1.0
2025-12-29,Championship,Birmingham,Southampton,3.0,2025-12-26,0.669475354618453,0.0
2025-12-29,Championship,Norwich,Watford,1.0,2025-12-26,0.6721037896735093,0.0
2025-12-29,Championship,Middlesbrough,Hull,5.0,2025-12-26,0.5724889813603515,1.0
2025-12-29,Championship,Leicester,Derby,3.0,2025-12-26,0.43201123148071896,0.0
2025-12-29,Championship,Coventry,Ipswich,3.0,2025-12-26,0.6581571428288798,0.0
2025-12-29,Championship,Oxford,Swansea,6.0,2025-12-26,0.43484208410737185,1.0
2025-12-29,Championship,Millwall,Bristol City,5.0,2025-12-26,0.2006149754241276,1.0
2026-01-01,Championship,Southampton,Millwall,4.0,2025-12-26,0.6076186183057244,1.0
2026-01-01,Championship,Watford,Birmingham,3.0,2025-12-26,0.6442133716297227,0.0
2026-01-01,Championship,QPR,Norwich,3.0,2025-12-26,0.39229534628095597,0.0
2026-01-01,Championship,Sheffield United,Leicester,3.0,2025-12-26,0.5074492867165797,0.0
2026-01-01,Championship,Preston,Sheffield Weds,2.0,2025-12-26,0.3444959302592208,0.0
2026-01-01,Championship,Swansea,West Brom,7.0,2025-12-26,0.49447282184382496,1.0
2026-01-01,Championship,Hull,Stoke,5.0,2025-12-26,0.4615217406631288,1.0
2026-01-01,Championship,Blackburn,Wrexham,6.0,2025-12-26,0.5654319782310281,1.0
2026-01-01,Championship,Bristol City,Portsmouth,1.0,2025-12-26,0.5199143679277801,0.0
2026-01-01,Championship,Ipswich,Oxford,5.0,2025-12-26,0.6059058918637161,1.0
2026-01-01,Championship,Charlton,Coventry,5.0,2025-12-26,0.3552805333529598,1.0
2026-01-01,Championship,Derby,Middlesbrough,4.0,2025-12-26,0.6727992002263814,1.0
2026-01-04,Championship,Birmingham,Coventry,4.0,2025-12-26,0.5608096079977717,1.0
2026-01-04,Championship,QPR,Sheffield Weds,0.0,2025-12-26,0.45925072578400994,0.0
2026-01-04,Championship,Blackburn,Charlton,5.0,2025-12-26,0.22347503521363468,1.0
2026-01-04,Championship,Bristol City,Preston,2.0,2025-12-26,0.34385308796164626,0.0
2026-01-04,Championship,Derby,Wrexham,3.0,2025-12-26,0.4630464117608837,0.0
2026-01-04,Championship,Middlesbrough,Southampton,4.0,2025-12-26,0.5702526484148663,1.0
2026-01-04,Championship,Millwall,Swansea,2.0,2025-12-26,0.4576097356139696,0.0
2026-01-04,Championship,Norwich,Stoke,3.0,2025-12-26,0.5656243512115428,0.0
2026-01-05,Championship,Leicester,West Brom,1.0,2025-12-26,0.5226086078591637,0.0
2026-01-16,Championship,West Brom,Middlesbrough,2.0,2025-12-26,0.3683827950689031,0.0
2026-01-17,Championship,Swansea,Birmingham,0.0,2025-12-26,0.5987812264302195,0.0
2026-01-17,Championship,Wrexham,Norwich,1.0,2025-12-26,0.6603454765618267,0.0
2026-01-17,Championship,Stoke,QPR,7.0,2025-12-26,0.5786431114773668,1.0
2026-01-17,Championship,Sheffield Weds,Portsmouth,2.0,2025-12-26,0.4939347315376926,0.0
2026-01-17,Championship,Southampton,Hull,2.0,2025-12-26,0.6339021079143239,0.0
2026-01-17,Championship,Preston,Derby,7.0,2025-12-26,0.44091943954871565,1.0
2026-01-17,Championship,Charlton,Sheffield United,5.0,2025-12-26,0.33635546215240497,1.0
2026-01-17,Championship,Watford,Millwall,8.0,2025-12-26,0.7799933068147368,1.0
2026-01-17,Championship,Ipswich,Blackburn,4.0,2025-12-26,0.47611138244565476,1.0
2026-01-17,Championship,Coventry,Leicester,5.0,2025-12-26,0.5295001241502086,1.0
2026-01-17,Championship,Oxford,Bristol City,5.0,2025-12-26,0.3983364099394847,1.0
2026-01-20,Championship,Wrexham,Leicester,3.0,2025-12-26,0.532072545648205,0.0
2026-01-20,Championship,West Brom,Norwich,4.0,2025-12-26,0.4444553019264935,1.0
2026-01-20,Championship,Swansea,Blackburn,5.0,2025-12-26,0.6329155502590431,1.0
2026-01-20,Championship,Preston,Hull,5.0,2025-12-26,0.5290366346329387,1.0
2026-01-20,Championship,Sheffield Weds,Birmingham,3.0,2025-12-26,0.5659748823939431,0.0
2026-01-20,Championship,Ipswich,Bristol City,7.0,2025-12-26,0.37732965963013737,1.0
2026-01-20,Championship,Coventry,Millwall,3.0,2025-12-26,0.3441081628915284,0.0
2026-01-20,Championship,Charlton,Derby,2.0,2025-12-26,0.3630992068481446,0.0
2026-01-20,Championship,Oxford,QPR,3.0,2025-12-26,0.5371937826069704,0.0
2026-01-21,Championship,Southampton,Sheffield United,4.0,2025-12-26,0.7199953825436574,1.0
2026-01-21,Championship,Watford,Portsmouth,2.0,2025-12-26,0.7950366723265203,0.0
2026-01-21,Championship,Stoke,Middlesbrough,2.0,2025-12-26,0.5728869806770176,0.0
2026-01-23,Championship,Derby,West Brom,5.0,2025-12-26,0.4759732517456609,1.0
2026-01-24,Championship,Sheffield United,Ipswich,4.0,2025-12-26,0.5930273293260742,1.0
2026-01-24,Championship,QPR,Wrexham,3.0,2025-12-26,0.43845305090411846,0.0
2026-01-24,Championship,Leicester,Oxford,3.0,2025-12-26,0.4323023193881759,0.0
2026-01-24,Championship,Hull,Swansea,5.0,2025-12-26,0.46746436928832097,1.0
2026-01-24,Championship,Bristol City,Sheffield Weds,0.0,2025-12-26,0.40037426437412094,0.0
2026-01-24,Championship,Birmingham,Stoke,2.0,2025-12-26,0.5850154353382543,0.0
2026-01-24,Championship,Millwall,Charlton,2.0,2025-12-26,0.2601104249147007,0.0
2026-01-24,Championship,Middlesbrough,Preston,2.0,2025-12-26,0.543886257471446,0.0
2026-01-24,Championship,Blackburn,Watford,2.0,2025-12-26,0.6697187481619132,0.0
2026-01-25,Championship,Portsmouth,Southampton,3.0,2026-01-25,0.6130214887144052,0.0
2026-01-26,Championship,Norwich,Coventry,2.0,2026-01-25,0.6422486002909434,0.0
2026-01-30,Championship,Bristol City,Derby,2.0,2026-01-25,0.4505845825159906,0.0
2026-01-31,Championship,Watford,Swansea,3.0,2026-01-25,0.6544023669564221,0.0
2026-01-31,Championship,QPR,Coventry,3.0,2026-01-25,0.4836530867027066,0.0
2026-01-31,Championship,Portsmouth,West Brom,2.0,2026-01-25,0.5033567186594294,0.0
2026-01-31,Championship,Oxford,Birmingham,4.0,2026-01-25,0.44409598425534286,1.0
2026-01-31,Championship,Millwall,Sheffield United,3.0,2026-01-25,0.39814720078431587,0.0
2026-01-31,Championship,Blackburn,Hull,2.0,2026-01-25,0.44368534848756314,0.0
2026-01-31,Championship,Ipswich,Preston,3.0,2026-01-25,0.5798056198617472,0.0
2026-01-31,Championship,Stoke,Southampton,5.0,2026-01-25,0.655296249702294,1.0
2026-01-31,Championship,Sheffield Weds,Wrexham,0.0,2026-01-25,0.20197812131423712,0.0
2026-01-31,Championship,Leicester,Charlton,2.0,2026-01-25,0.37917243067677286,0.0
2026-01-31,Championship,Middlesbrough,Norwich,4.0,2026-01-25,0.5412752376956712,1.0
2026-02-03,Championship,Hull,Watford,7.0,2026-01-25,0.6981744233819522,1.0
2026-02-03,Championship,Blackburn,Sheffield Weds,6.0,2026-01-25,0.34474446175925,1.0
2026-02-03,Championship,Sheffield United,Oxford,7.0,2026-01-25,0.45754650305104644,1.0
2026-02-06,Championship,Charlton,QPR,3.0,2026-01-25,0.4287464020270889,0.0
2026-02-07,Championship,Derby,Ipswich,5.0,2026-01-25,0.5556969876300405,1.0
2026-02-07,Championship,Norwich,Blackburn,4.0,2026-01-25,0.5747393557309907,1.0
2026-02-07,Championship,Southampton,Watford,4.0,2026-01-25,0.8347837792053143,1.0
2026-02-07,Championship,Birmingham,Leicester,2.0,2026-01-25,0.45547811382767656,0.0
2026-02-07,Championship,Coventry,Oxford,7.0,2026-01-25,0.5989215525075363,1.0
2026-02-07,Championship,Hull,Bristol City,2.0,2026-01-25,0.4109377173564288,0.0
2026-02-07,Championship,Preston,Portsmouth,4.0,2026-01-25,0.5482205271261861,1.0
2026-02-07,Championship,West Brom,Stoke,2.0,2026-01-25,0.32616439262047936,0.0
2026-02-07,Championship,Wrexham,Millwall,4.0,2026-01-25,0.4770864885942694,1.0
2026-02-08,Championship,Swansea,Sheffield Weds,4.0,2026-01-25,0.602815519974025,1.0
2026-02-09,Championship,Sheffield United,Middlesbrough,5.0,2026-01-25,0.3431679820432224,1.0
2026-02-10,Championship,Leicester,Southampton,1.0,2026-01-25,0.678481840993956,0.0
2026-02-10,Championship,Oxford,Norwich,2.0,2026-01-25,0.36088569120029357,0.0
2026-02-10,Championship,Birmingham,West Brom,6.0,2026-01-25,0.4318844954069119,1.0
2026-02-11,Championship,Charlton,Stoke,6.0,2026-01-25,0.5758181596748276,1.0
2026-02-14,Championship,Derby,Swansea,4.0,2026-01-25,0.41440282135973866,1.0
2026-02-14,Championship,Portsmouth,Sheffield United,5.0,2026-01-25,0.5514521954480995,1.0
2026-02-14,Championship,Preston,Watford,2.0,2026-01-25,0.510452814602286,0.0
2026-02-14,Championship,QPR,Blackburn,5.0,2026-01-25,0.5826477153785466,1.0
2026-02-14,Championship,Sheffield Weds,Millwall,5.0,2026-01-25,0.36741510407845296,1.0
2026-02-16,Championship,Coventry,Middlesbrough,5.0,2026-01-25,0.4075490328483767,1.0
2026-02-17,Championship,Charlton,Portsmouth,9.0,2026-01-25,0.5640768206768928,1.0
2026-02-17,Championship,Bristol City,Wrexham,5.0,2026-01-25,0.549150646579327,1.0
2026-02-20,Championship,Blackburn,Preston,4.0,2026-01-25,0.6145429085049977,1.0
2026-02-21,Championship,Watford,Derby,4.0,2026-01-25,0.4409765416012211,1.0
2026-02-21,Championship,Southampton,Charlton,3.0,2026-01-25,0.5529159569051064,0.0
2026-02-21,Championship,Norwich,Birmingham,1.0,2026-01-25,0.5021884132075843,0.0
2026-02-21,Championship,Millwall,Portsmouth,3.0,2026-01-25,0.554889449263062,0.0
2026-02-21,Championship,Wrexham,Ipswich,9.0,2026-01-25,0.5866966108504772,1.0
2026-02-21,Championship,West Brom,Coventry,3.0,2026-01-25,0.4739592684365982,0.0
2026-02-21,Championship,Swansea,Bristol City,6.0,2026-01-25,0.591131976074203,1.0
2026-02-21,Championship,Stoke,Leicester,3.0,2026-01-25,0.46410328117181676,0.0
2026-02-21,Championship,Hull,QPR,4.0,2026-01-25,0.39338572121958315,1.0
2026-02-21,Championship,Middlesbrough,Oxford,4.0,2026-01-25,0.3593983387803509,1.0
2026-02-22,Championship,Sheffield United,Sheffield Weds,6.0,2026-01-25,0.39845133551095935,1.0
2026-02-24,Championship,Blackburn,Bristol City,4.0,2026-02-24,0.48231718924632433,1.0
2026-02-24,Championship,Hull,Derby,4.0,2026-02-24,0.5263675262536671,1.0
2026-02-24,Championship,Middlesbrough,Leicester,2.0,2026-02-24,0.3616709266657533,0.0
2026-02-24,Championship,Swansea,Preston,4.0,2026-02-24,0.368031737149933,1.0
2026-02-24,Championship,Watford,Ipswich,5.0,2026-02-24,0.7356892121196728,1.0
2026-02-24,Championship,West Brom,Charlton,5.0,2026-02-24,0.4043768869228267,1.0
2026-02-24,Championship,Wrexham,Portsmouth,1.0,2026-02-24,0.49184811408479817,0.0
2026-02-24,Championship,Southampton,QPR,1.0,2026-02-24,0.5511869310386487,0.0
2026-02-25,Championship,Stoke,Oxford,3.0,2026-02-24,0.497478120186664,0.0
2026-02-25,Championship,Sheffield United,Coventry,5.0,2026-02-24,0.45003984446637063,1.0
2026-02-25,Championship,Millwall,Birmingham,1.0,2026-02-24,0.33986191589366804,0.0
2026-02-25,Championship,Norwich,Sheffield Weds,0.0,2026-02-24,0.6628585328781396,0.0
2026-02-27,Championship,Bristol City,Watford,5.0,2026-02-24,0.5043906702445409,1.0
2026-02-28,Championship,Preston,Millwall,5.0,2026-02-24,0.45711316252499956,1.0
2026-02-28,Championship,Derby,Blackburn,7.0,2026-02-24,0.6722336221278654,1.0
2026-02-28,Championship,Leicester,Norwich,4.0,2026-02-24,0.5189258659791769,1.0
2026-02-28,Championship,Portsmouth,Hull,3.0,2026-02-24,0.4797582602529494,0.0
2026-02-28,Championship,Charlton,Wrexham,3.0,2026-02-24,0.3913363436914185,0.0
2026-02-28,Championship,Coventry,Stoke,2.0,2026-02-24,0.45642647849538953,0.0
2026-02-28,Championship,Ipswich,Swansea,1.0,2026-02-24,0.7615971460258664,0.0
2026-02-28,Championship,Oxford,West Brom,2.0,2026-02-24,0.33939243461094887,0.0
2026-02-28,Championship,QPR,Sheffield United,4.0,2026-02-24,0.4884382154017217,1.0
2026-02-28,Championship,Sheffield Weds,Southampton,1.0,2026-02-24,0.410049750675729,0.0
2026-03-02,Championship,Birmingham,Middlesbrough,6.0,2026-02-24,0.5547772414413062,1.0
2026-03-03,Championship,Ipswich,Hull,6.0,2026-02-24,0.5615915741183616,1.0
2026-03-06,Championship,Preston,Oxford,2.0,2026-02-24,0.2887683881629063,0.0
2026-03-07,Championship,Sheffield United,West Brom,3.0,2026-02-24,0.35853731083557494,0.0
2026-03-07,Championship,Ipswich,Leicester,6.0,2026-02-24,0.529398638422528,1.0
2026-03-07,Championship,Swansea,Stoke,6.0,2026-02-24,0.822969067588579,1.0
2026-03-07,Championship,Derby,Sheffield Weds,2.0,2026-02-24,0.4066986699389549,0.0
2026-03-07,Championship,Hull,Millwall,6.0,2026-02-24,0.25519443703448325,1.0
2026-03-07,Championship,Bristol City,Coventry,4.0,2026-02-24,0.46919626784193447,1.0
2026-03-07,Championship,Charlton,Birmingham,1.0,2026-02-24,0.4871096656631124,0.0
2026-03-07,Championship,Blackburn,Portsmouth,2.0,2026-02-24,0.5500848862119115,0.0
2026-03-08,Championship,QPR,Middlesbrough,0.0,2026-02-24,0.4718942003348491,0.0
2026-03-10,Championship,Leicester,Bristol City,5.0,2026-02-24,0.40380528413323863,1.0
2026-03-10,Championship,Millwall,Derby,3.0,2026-02-24,0.47052342426673915,0.0
2026-03-10,Championship,Portsmouth,Swansea,3.0,2026-02-24,0.4901401827441544,0.0
2026-03-10,Championship,Sheffield Weds,Watford,6.0,2026-02-24,0.6408209460803032,1.0
2026-03-10,Championship,Wrexham,Hull,7.0,2026-02-24,0.49962782932479133,1.0
2026-03-10,Championship,Stoke,Ipswich,4.0,2026-02-24,0.7525448525345337,1.0
2026-03-11,Championship,Coventry,Preston,0.0,2026-02-24,0.490175087823814,0.0
2026-03-11,Championship,West Brom,Southampton,4.0,2026-02-24,0.4946916104560525,1.0
2026-03-11,Championship,Oxford,Blackburn,2.0,2026-02-24,0.2613036457575285,0.0
2026-03-11,Championship,Birmingham,QPR,4.0,2026-02-24,0.591107502657365,1.0
2026-03-11,Championship,Middlesbrough,Charlton,2.0,2026-02-24,0.5784927158497694,0.0
2026-03-11,Championship,Norwich,Sheffield United,4.0,2026-02-24,0.5286731789368133,1.0
2026-03-13,Championship,Wrexham,Swansea,2.0,2026-02-24,0.4658378115477052,0.0
2026-03-14,Championship,Norwich,Preston,2.0,2026-02-24,0.41170573308524383,0.0
2026-03-14,Championship,West Brom,Hull,5.0,2026-02-24,0.428193991740673,1.0
2026-03-14,Championship,Stoke,Watford,6.0,2026-02-24,0.8110893721227905,1.0
2026-03-14,Championship,Sheffield Weds,Ipswich,4.0,2026-02-24,0.531808368174428,1.0
2026-03-14,Championship,Millwall,Blackburn,1.0,2026-02-24,0.35121041001108955,0.0
2026-03-14,Championship,Coventry,Southampton,5.0,2026-02-24,0.5526083672156644,1.0
2026-03-14,Championship,Birmingham,Sheffield United,6.0,2026-02-24,0.6064482903450624,1.0
2026-03-14,Championship,Oxford,Charlton,7.0,2026-02-24,0.4449845106569397,1.0
2026-03-14,Championship,Middlesbrough,Bristol City,6.0,2026-02-24,0.4912266024756303,1.0
2026-03-14,Championship,Leicester,QPR,4.0,2026-02-24,0.3869506475013094,1.0
2026-03-16,Championship,Portsmouth,Derby,8.0,2026-02-24,0.6562868447989827,1.0
2026-03-17,Championship,Watford,Wrexham,2.0,2026-02-24,0.60390924484298,0.0
2026-03-18,Championship,Southampton,Norwich,8.0,2026-02-24,0.5131199242434691,1.0
2026-03-20,Championship,Preston,Stoke,3.0,2026-02-24,0.5117807514020601,0.0
2026-03-21,Championship,QPR,Portsmouth,6.0,2026-02-24,0.4774519122331159,1.0
2026-03-21,Championship,Watford,Leicester,7.0,2026-02-24,0.6037035367235632,1.0
2026-03-21,Championship,Southampton,Oxford,3.0,2026-02-24,0.5092587497963904,0.0
2026-03-21,Championship,Sheffield United,Wrexham,4.0,2026-02-24,0.41352254119538384,1.0
2026-03-21,Championship,Hull,Sheffield Weds,4.0,2026-02-24,0.33219662733889577,1.0
2026-03-21,Championship,Swansea,Coventry,4.0,2026-02-24,0.6179214453198714,1.0
2026-03-21,Championship,Bristol City,West Brom,2.0,2026-02-24,0.4682127428395273,0.0
2026-03-21,Championship,Ipswich,Millwall,3.0,2026-02-24,0.4378070909914509,0.0
2026-03-21,Championship,Derby,Birmingham,5.0,2026-02-24,0.37496044486348595,1.0
2026-03-21,Championship,Blackburn,Middlesbrough,2.0,2026-02-24,0.47822651945282774,0.0
2026-03-21,Championship,Charlton,Norwich,4.0,2026-02-24,0.5984006249195715,1.0
2026-04-03,Championship,Coventry,Derby,2.0,2026-04-03,0.514353169266873,0.0
2026-04-03,Championship,West Brom,Wrexham,3.0,2026-04-03,0.3950322931445721,0.0
2026-04-03,Championship,Stoke,Sheffield Weds,3.0,2026-04-03,0.33593957455810947,0.0
2026-04-03,Championship,Sheffield United,Swansea,2.0,2026-04-03,0.4630157834691223,0.0
2026-04-03,Championship,QPR,Watford,10.0,2026-04-03,0.7825146084067259,1.0
2026-04-03,Championship,Oxford,Hull,1.0,2026-04-03,0.38604439558239867,0.0
2026-04-03,Championship,Norwich,Portsmouth,8.0,2026-04-03,0.6322799587123112,1.0
2026-04-03,Championship,Leicester,Preston,4.0,2026-04-03,0.5050094266134948,1.0
2026-04-03,Championship,Charlton,Bristol City,4.0,2026-04-03,0.46101572245524836,1.0
2026-04-03,Championship,Birmingham,Blackburn,1.0,2026-04-03,0.4675123617634364,0.0
2026-04-03,Championship,Middlesbrough,Millwall,2.0,2026-04-03,0.5522560541630399,0.0
2026-04-06,Championship,Hull,Coventry,2.0,2026-04-03,0.3406321139964024,0.0
2026-04-06,Championship,Swansea,Middlesbrough,6.0,2026-04-03,0.5391062533491822,1.0
2026-04-06,Championship,Watford,Charlton,4.0,2026-04-03,0.4736857202597246,1.0
2026-04-06,Championship,Preston,QPR,4.0,2026-04-03,0.5506428890722445,1.0
2026-04-06,Championship,Ipswich,Birmingham,2.0,2026-04-03,0.6076139767093297,0.0
2026-04-06,Championship,Sheffield Weds,Leicester,0.0,2026-04-03,0.6106419194266545,0.0
2026-04-06,Championship,Bristol City,Sheffield United,4.0,2026-04-03,0.46552030883670287,1.0
2026-04-06,Championship,Blackburn,West Brom,5.0,2026-04-03,0.40726598710709205,1.0
2026-04-06,Championship,Millwall,Norwich,3.0,2026-04-03,0.3967891604672396,0.0
2026-04-06,Championship,Portsmouth,Oxford,5.0,2026-04-03,0.45688837116549713,1.0
2026-04-06,Championship,Derby,Stoke,3.0,2026-04-03,0.6831188204891093,0.0
2026-04-07,Championship,Wrexham,Southampton,5.0,2026-04-03,0.37997055906921096,1.0
2026-04-10,Championship,West Brom,Millwall,3.0,2026-04-03,0.37888941471214066,0.0
2026-04-11,Championship,Stoke,Blackburn,6.0,2026-04-03,0.601356629925488,1.0
2026-04-11,Championship,Southampton,Derby,3.0,2026-04-03,0.4427489655977707,0.0
2026-04-11,Championship,Sheffield United,Hull,7.0,2026-04-03,0.6787665524761681,1.0
2026-04-11,Championship,Oxford,Watford,3.0,2026-04-03,0.6187953124939116,0.0
2026-04-11,Championship,Middlesbrough,Portsmouth,5.0,2026-04-03,0.6308156985064494,1.0
2026-04-11,Championship,Charlton,Preston,5.0,2026-04-03,0.41373051461708454,1.0
2026-04-11,Championship,QPR,Bristol City,6.0,2026-04-03,0.42466394450258693,1.0
2026-04-11,Championship,Norwich,Ipswich,10.0,2026-04-03,0.6912113783455065,1.0
2026-04-11,Championship,Coventry,Sheffield Weds,3.0,2026-04-03,0.48027588805635446,0.0
2026-04-11,Championship,Leicester,Swansea,2.0,2026-04-03,0.5149454703982831,0.0
2026-04-12,Championship,Birmingham,Wrexham,2.0,2026-04-03,0.2539686177117078,0.0
2026-04-14,Championship,Portsmouth,Ipswich,4.0,2026-04-03,0.6138464391379757,1.0
2026-04-14,Championship,Southampton,Blackburn,2.0,2026-04-03,0.6005099523855693,0.0
2026-04-17,Championship,Blackburn,Coventry,5.0,2026-04-03,0.4956727454716443,1.0
2026-04-18,Championship,Sheffield Weds,Charlton,3.0,2026-04-03,0.4105126835300596,0.0
2026-04-18,Championship,Watford,Sheffield United,6.0,2026-04-03,0.6173756335540119,1.0
2026-04-18,Championship,Wrexham,Stoke,1.0,2026-04-03,0.49732553024787246,0.0
2026-04-18,Championship,Swansea,Southampton,4.0,2026-04-03,0.5489349783107239,1.0
2026-04-18,Championship,Preston,West Brom,0.0,2026-04-03,0.41081890304044183,0.0
2026-04-18,Championship,Millwall,QPR,4.0,2026-04-03,0.4003329795029785,1.0
2026-04-18,Championship,Bristol City,Norwich,2.0,2026-04-03,0.6260393389679653,0.0
2026-04-18,Championship,Portsmouth,Leicester,5.0,2026-04-03,0.4482263873493211,1.0
2026-04-18,Championship,Derby,Oxford,5.0,2026-04-03,0.3904361939810628,1.0
2026-04-18,Championship,Hull,Birmingham,8.0,2026-04-03,0.5868092729502198,1.0
2026-04-19,Championship,Ipswich,Middlesbrough,6.0,2026-04-03,0.39597289555673937,1.0
2026-04-21,Championship,West Brom,Watford,7.0,2026-04-03,0.6648558066536985,1.0
2026-04-21,Championship,Stoke,Millwall,3.0,2026-04-03,0.4964158717902249,0.0
2026-04-21,Championship,QPR,Swansea,4.0,2026-04-03,0.6891063681593307,1.0
2026-04-21,Championship,Southampton,Bristol City,6.0,2026-04-03,0.6459135658227236,1.0
2026-04-21,Championship,Norwich,Derby,5.0,2026-04-03,0.5085048335709819,1.0
2026-04-21,Championship,Leicester,Hull,5.0,2026-04-03,0.6376540127390534,1.0
2026-04-21,Championship,Coventry,Portsmouth,1.0,2026-04-03,0.40080296485850736,0.0
2026-04-21,Championship,Oxford,Wrexham,5.0,2026-04-03,0.3778569285967832,1.0
2026-04-22,Championship,Birmingham,Preston,2.0,2026-04-03,0.5018118015622491,0.0
2026-04-22,Championship,Charlton,Ipswich,4.0,2026-04-03,0.6180019815460902,1.0
2026-04-22,Championship,Middlesbrough,Sheffield Weds,4.0,2026-04-03,0.25898911546242775,1.0
2026-04-22,Championship,Sheffield United,Blackburn,6.0,2026-04-03,0.5284017850903354,1.0
2026-04-24,Championship,Leicester,Millwall,4.0,2026-04-03,0.4446570567342628,1.0
2026-04-25,Championship,Stoke,Portsmouth,2.0,2026-04-03,0.4147212821953995,0.0
2026-04-25,Championship,Sheffield United,Preston,3.0,2026-04-03,0.3744080858875435,0.0
2026-04-25,Championship,QPR,Derby,4.0,2026-04-03,0.4816147657860372,1.0
2026-04-25,Championship,Oxford,Sheffield Weds,1.0,2026-04-03,0.3751516539972876,0.0
2026-04-25,Championship,West Brom,Ipswich,5.0,2026-04-03,0.573008094721291,1.0
2026-04-25,Championship,Birmingham,Bristol City,4.0,2026-04-03,0.3997667346940458,1.0
2026-04-25,Championship,Middlesbrough,Watford,3.0,2026-04-03,0.6113890081384389,0.0
2026-04-25,Championship,Charlton,Hull,3.0,2026-04-03,0.450625141505626,0.0
2026-04-25,Championship,Norwich,Swansea,8.0,2026-04-03,0.5030292803552818,1.0
2026-04-26,Championship,Coventry,Wrexham,4.0,2026-04-03,0.3966395000560459,1.0
2026-04-28,Championship,Southampton,Ipswich,2.0,2026-04-03,0.7525332580511437,0.0
2026-05-02,Championship,Swansea,Charlton,0.0,2026-04-03,0.6849580903477974,0.0
2026-05-02,Championship,Sheffield Weds,West Brom,5.0,2026-04-03,0.342844088199047,1.0
2026-05-02,Championship,Preston,Southampton,4.0,2026-04-03,0.6362190069243713,1.0
2026-05-02,Championship,Portsmouth,Birmingham,4.0,2026-04-03,0.6548622229646672,1.0
2026-05-02,Championship,Millwall,Oxford,1.0,2026-04-03,0.4631630914705196,0.0
2026-05-02,Championship,Derby,Sheffield United,7.0,2026-04-03,0.5083744098928668,1.0
2026-05-02,Championship,Hull,Norwich,4.0,2026-04-03,0.4956960473496974,1.0
2026-05-02,Championship,Bristol City,Stoke,4.0,2026-04-03,0.5404086635271173,1.0
2026-05-02,Championship,Blackburn,Leicester,2.0,2026-04-03,0.7003592689323997,0.0
2026-05-02,Championship,Watford,Coventry,3.0,2026-04-03,0.7950021355881145,0.0
2026-05-02,Championship,Ipswich,QPR,3.0,2026-04-03,0.47390390879517524,0.0
2026-05-02,Championship,Wrexham,Middlesbrough,0.0,2026-04-03,0.3441881188157207,0.0
