Date,liga,HomeTeam,AwayTeam,FTR,prob_casa_modelo,prob_empate_modelo,prob_fora_modelo,prob_casa_odds,prob_empate_odds,prob_fora_odds,data_corte_modelo
2023-05-25,La Liga,Mallorca,Valencia,H,0.35822810532394855,0.28655239791404513,0.3552194967620059,0.31867567765765703,0.3294054984542111,0.35191882388813206,2023-05-25
2023-05-25,La Liga,Osasuna,Ath Bilbao,H,0.3276260127617106,0.3092774901664957,0.36309649707179376,0.3027955565917826,0.29637262054286595,0.4008318228653515,2023-05-25
2023-05-27,La Liga,Sevilla,Real Madrid,A,0.280327403057378,0.2566907980964502,0.4629817988461719,0.3036393543744217,0.27310578801274804,0.42325485761283027,2023-05-25
2023-05-28,La Liga,Vallecano,Villarreal,H,0.2748283120311563,0.25201792918839333,0.4731537587804502,0.31580078824793983,0.25102113937656756,0.4331780723754927,2023-05-25
2023-05-28,La Liga,Valencia,Espanol,D,0.5355700704480758,0.23560323869831898,0.228826690853605,0.45883804041873555,0.2784401783737626,0.2627217812075018,2023-05-25
2023-05-28,La Liga,Girona,Betis,A,0.46642342066938974,0.24095111870549024,0.29262546062511996,0.4889743555620617,0.27015157765859765,0.24087406677934078,2023-05-25
2023-05-28,La Liga,Getafe,Osasuna,H,0.41273243990636094,0.33218086220892834,0.2550866978847108,0.39442981931315063,0.3338518607155677,0.27171831997128154,2023-05-25
2023-05-28,La Liga,Cadiz,Celta,H,0.34190222278033805,0.29080511006324655,0.3672926671564155,0.3736102995374985,0.3252023205276566,0.301187379934845,2023-05-25
2023-05-28,La Liga,Barcelona,Mallorca,H,0.7867600024426651,0.14752863414864353,0.06571136340869123,0.7632943512797882,0.15870476610767875,0.0780008826125331,2023-05-25
2023-05-28,La Liga,Ath Madrid,Sociedad,H,0.5513808396116093,0.2566516344150139,0.1919675259733767,0.4180300206887445,0.31759423649729285,0.2643757428139627,2023-05-25
2023-05-28,La Liga,Ath Bilbao,Elche,A,0.6279507979933956,0.22929848707569314,0.14275071493091143,0.6818264846537503,0.19638815582318975,0.1217853595230598,2023-05-25
2023-05-28,La Liga,Almeria,Valladolid,D,0.5883946399974254,0.20998084309972456,0.20162451690284994,0.42351669919398416,0.2835720507646677,0.2929112500413483,2023-05-25
2023-06-04,La Liga,Valladolid,Getafe,D,0.32765830445490524,0.3142389554398487,0.35810274010524623,0.485845733688122,0.29179923945232555,0.22235502685955238,2023-05-25
2023-06-04,La Liga,Espanol,Almeria,D,0.4663314145935069,0.22112293970946054,0.3125456456970326,0.39979847074862196,0.25671270227016774,0.3434888269812104,2023-05-25
2023-06-04,La Liga,Elche,Cadiz,D,0.3983264338436374,0.2983948579978192,0.3032787081585433,0.3874166458481465,0.3038799315871399,0.3087034225647135,2023-05-25
2023-06-04,La Liga,Celta,Barcelona,H,0.18483619061911444,0.23308324467101343,0.5820805647098724,0.33954678224462576,0.272206498615105,0.3882467191402693,2023-05-25
2023-06-04,La Liga,Betis,Valencia,D,0.504372872088835,0.2577829667214046,0.23784416118976054,0.3099140994345394,0.3129036245094707,0.3771822760559898,2023-05-25
2023-06-04,La Liga,Mallorca,Vallecano,H,0.40574031453608855,0.2805093119191201,0.31375037354479146,0.30694275274056027,0.30694275274056027,0.3861144945188794,2023-05-25
2023-06-04,La Liga,Sociedad,Sevilla,H,0.46393499354650264,0.281415529118925,0.2546494773345723,0.6174483618191979,0.22284917886348066,0.15970245931732135,2023-05-25
2023-06-04,La Liga,Real Madrid,Ath Bilbao,D,0.6495770924614706,0.2107020483625072,0.1397208591760224,0.5778112121410349,0.22162621835546545,0.2005625695034997,2023-05-25
2023-06-04,La Liga,Osasuna,Girona,H,0.34520668513175357,0.26663344120423804,0.3881598736640084,0.4657767679636467,0.2638139417463473,0.270409290290006,2023-05-25
2023-06-04,La Liga,Villarreal,Ath Madrid,D,0.3751210547534269,0.2617039735052997,0.3631749717412733,0.3538706479617892,0.2551593619513953,0.3909699900868155,2023-05-25
2023-08-11,La Liga,Sevilla,Valencia,A,0.5188349883566448,0.25712036536960536,0.22404464627374993,0.5039625497703883,0.28256859727010214,0.21346885295950946,2023-08-11
2023-08-11,La Liga,Almeria,Vallecano,A,0.4817640291072029,0.23402683990870674,0.28420913098409056,0.36803807395958466,0.3012250082253832,0.33073691781503217,2023-08-11
2023-08-12,La Liga,Las Palmas,Mallorca,D,0.2937264717440086,0.2762444300297681,0.4300290982262233,0.3708917323735302,0.33418231176318075,0.29492595586328907,2023-08-11
2023-08-12,La Liga,Ath Bilbao,Real Madrid,A,0.25446079475819516,0.26744442454187073,0.47809478069993416,0.2842062525375559,0.2793341453511977,0.43645960211124646,2023-08-11
2023-08-12,La Liga,Sociedad,Girona,D,0.5307900501958508,0.24167012541318306,0.22753982439096593,0.5289127605140711,0.27180239081973107,0.1992848486661979,2023-08-11
2023-08-13,La Liga,Getafe,Barcelona,D,0.17477542582533526,0.27755557982622125,0.5476689943484437,0.1305578837196696,0.2410796565714691,0.6283624597088614,2023-08-11
2023-08-13,La Liga,Celta,Osasuna,A,0.47006308770737226,0.27856633716938484,0.25137057512324257,0.45287375624501447,0.303791091145724,0.24333515260926156,2023-08-11
2023-08-13,La Liga,Villarreal,Betis,A,0.5400944938873264,0.23862191588993126,0.2212835902227424,0.5579816174903754,0.23816288551418466,0.20385549699543987,2023-08-11
2023-08-14,La Liga,Cadiz,Alaves,H,0.46864330927925657,0.29002282152936215,0.24133386919138114,0.4196267679935607,0.3303143139949312,0.25005891801150804,2023-08-11
2023-08-14,La Liga,Ath Madrid,Granada,H,0.7622052648501438,0.14902664990603817,0.0887680852438177,0.7425030563079799,0.1648608480955006,0.09263609559651939,2023-08-11
2023-08-18,La Liga,Mallorca,Villarreal,A,0.26000225382631464,0.26082603897765494,0.47917170719603047,0.3467391304347826,0.3065217391304348,0.3467391304347826,2023-08-11
2023-08-18,La Liga,Valencia,Las Palmas,H,0.6858018308363092,0.1941165740704602,0.12008159509323037,0.5987442498664988,0.24707674108415006,0.15417900904935117,2023-08-11
2023-08-19,La Liga,Sociedad,Celta,D,0.553484877391202,0.2544291511160008,0.19208597149279727,0.5774535198871876,0.2695846543119743,0.1529618258008381,2023-08-11
2023-08-19,La Liga,Almeria,Real Madrid,A,0.1799096790436705,0.19452632134141323,0.6255639996149162,0.14120500325615862,0.18512946037591788,0.6736655363679235,2023-08-11
2023-08-19,La Liga,Osasuna,Ath Bilbao,A,0.349219863310945,0.31122869592213454,0.33955144076692056,0.3309083053992231,0.32541148969491707,0.34368020490585977,2023-08-11
2023-08-20,La Liga,Girona,Getafe,H,0.5172053276619849,0.2631531949584879,0.21964147737952733,0.49360452925141546,0.30446634514573284,0.20192912560285178,2023-08-11
2023-08-20,La Liga,Barcelona,Cadiz,H,0.7893098431218517,0.15038991334670357,0.060300243531444614,0.7677182510073124,0.15305775257424267,0.07922399641844502,2023-08-11
2023-08-20,La Liga,Betis,Ath Madrid,D,0.2983850889398082,0.26815479416045795,0.4334601168997337,0.25321240128289135,0.27688381556712766,0.469903783149981,2023-08-11
2023-08-21,La Liga,Alaves,Sevilla,H,0.24637865521945745,0.2661443636079182,0.48747698117262467,0.2877810597383808,0.3176803906202905,0.39453854964132856,2023-08-11
2023-08-21,La Liga,Granada,Vallecano,A,0.4595763505464157,0.2472934121814975,0.29313023727208665,0.3326319197151182,0.31045645840077696,0.3569116218841049,2023-08-11
2023-08-25,La Liga,Celta,Real Madrid,A,0.21458701532184132,0.2363222546498691,0.5490907300282896,0.22129684711481262,0.26234384295062463,0.5163593099345629,2023-08-11
2023-08-25,La Liga,Las Palmas,Sociedad,D,0.16403564985520136,0.23714002330816003,0.5988243268366386,0.20618850434980815,0.29261482353835055,0.5011966721118415,2023-08-11
2023-08-26,La Liga,Cadiz,Almeria,D,0.398085299506893,0.26340114415122945,0.3385135563418776,0.454486582893056,0.27998457112322933,0.26552884598371473,2023-08-11
2023-08-26,La Liga,Granada,Mallorca,H,0.4683933943513155,0.25669151837222176,0.2749150872764628,0.34953454414453083,0.3263096574904092,0.3241557983650599,2023-08-11
2023-08-26,La Liga,Sevilla,Girona,A,0.505181456394568,0.23590699582658098,0.25891154777885106,0.4938710250488541,0.27162906377686974,0.23449991117427604,2023-08-11
2023-08-27,La Liga,Villarreal,Barcelona,A,0.3097632602020426,0.25973439044339947,0.4305023493545576,0.2738225629791895,0.2606790799561884,0.4654983570646221,2023-08-11
2023-08-27,La Liga,Valencia,Osasuna,A,0.4722576946738636,0.2835958546843423,0.24414645064179405,0.5496259351620948,0.2748129675810474,0.17556109725685784,2023-08-11
2023-08-27,La Liga,Ath Bilbao,Betis,H,0.4194805961719625,0.28683969958877015,0.29367970423926737,0.48823198384587374,0.2846833725048826,0.22708464364924358,2023-08-11
2023-08-28,La Liga,Getafe,Alaves,H,0.5178352536835862,0.29138909768926996,0.1907756486271439,0.3733089771136382,0.3609112620065433,0.2657797608798185,2023-08-11
2023-08-28,La Liga,Vallecano,Ath Madrid,A,0.2059467357089193,0.24140447115488356,0.5526487931361971,0.24123472209831387,0.28905343920064236,0.46971183870104377,2023-08-11
2023-09-01,La Liga,Cadiz,Villarreal,H,0.2277593951981411,0.2641439428270852,0.5080966619747734,0.2987950233484636,0.26695620938510267,0.43424876726643374,2023-08-11
2023-09-01,La Liga,Almeria,Celta,A,0.43453496558071003,0.2393529021506009,0.32611213226868907,0.33154388953099334,0.28936522902852974,0.37909088144047687,2023-08-11
2023-09-02,La Liga,Betis,Vallecano,H,0.5696574763046289,0.23816187810461348,0.1921806455907577,0.46785943456762163,0.2918884233571132,0.24025214207526513,2023-08-11
2023-09-02,La Liga,Alaves,Valencia,H,0.30374805574783215,0.28051450479398954,0.415737439458178,0.2938442034089308,0.3283561064938723,0.3777996900971967,2023-08-11
2023-09-02,La Liga,Real Madrid,Getafe,H,0.6956123633234037,0.2045947517388157,0.0997928849377807,0.7079392069927416,0.19753089889614175,0.09452989411111658,2023-08-11
2023-09-02,La Liga,Sociedad,Granada,H,0.6258181748758351,0.2170469746752255,0.15713485044893938,0.6625172737825438,0.2145155049472113,0.12296722127024487,2023-08-11
2023-09-03,La Liga,Girona,Las Palmas,H,0.7657477548731011,0.1437857442976818,0.09046650082921741,0.5598108376150748,0.25104919006449233,0.18913997232043303,2023-08-11
2023-09-03,La Liga,Mallorca,Ath Bilbao,D,0.33015274520277693,0.3023294632640875,0.36751779153313563,0.30259137630197414,0.32463445669483326,0.37277416700319255,2023-08-11
2023-09-03,La Liga,Osasuna,Barcelona,A,0.17052787591393911,0.25036492165226426,0.5791072024337965,0.1436160070854664,0.208197080935462,0.6481869119790715,2023-08-11
2023-09-15,La Liga,Vallecano,Alaves,H,0.5196823390431402,0.25463288442244164,0.2256847765344182,0.4792856929197452,0.2990039185187401,0.2217103885615148,2023-09-15
2023-09-16,La Liga,Ath Bilbao,Cadiz,H,0.5468512013069665,0.2769013076599761,0.17624749103305737,0.6052260999377006,0.24299601518695713,0.15177788487534236,2023-09-15
2023-09-16,La Liga,Valencia,Ath Madrid,H,0.21809012913906403,0.25470874489656115,0.527201125964375,0.2769089949472394,0.3035679354545823,0.4195230695981782,2023-09-15
2023-09-16,La Liga,Celta,Mallorca,A,0.4987759183589527,0.269305722811375,0.23191835882967216,0.459802365470278,0.31190415237315033,0.22829348215657155,2023-09-15
2023-09-16,La Liga,Barcelona,Betis,H,0.6666383238814257,0.20375052641569155,0.12961114970288262,0.7363703409542179,0.16066261984455665,0.1029670392012254,2023-09-15
2023-09-17,La Liga,Sevilla,Las Palmas,H,0.6055802328708173,0.2942387059206409,0.10018106120854177,0.6090310442144873,0.2348071495766698,0.15616180620884287,2023-09-15
2023-09-17,La Liga,Real Madrid,Sociedad,H,0.6055097995703022,0.23130349314622653,0.16318670728347148,0.5559264783418999,0.2580560575857626,0.18601746407233746,2023-09-15
2023-09-17,La Liga,Getafe,Osasuna,H,0.38792071793871,0.33882942121290377,0.2732498608483859,0.36365347025142186,0.33160265592417787,0.3047438738244002,2023-09-15
2023-09-17,La Liga,Villarreal,Almeria,H,0.7052251661045275,0.16253540194898716,0.132239431946485,0.6352252920080942,0.19515957766513733,0.16961513032676862,2023-09-15
2023-09-18,La Liga,Granada,Girona,A,0.32453566853978605,0.21978096450384219,0.45568336695637185,0.3247317045857519,0.2730286119561769,0.40223968345807126,2023-09-15
2023-09-22,La Liga,Alaves,Ath Bilbao,A,0.2656812209698147,0.28413965572140465,0.45017912330878057,0.23049120512202675,0.3159960070221335,0.45351278785583965,2023-09-15
2023-09-23,La Liga,Girona,Mallorca,H,0.6069033252665068,0.21954204452174592,0.17355463021174705,0.5119913104657048,0.2876186479380871,0.20039004159620824,2023-09-15
2023-09-23,La Liga,Osasuna,Sevilla,D,0.3570306952980457,0.2874382230792829,0.35553108162267166,0.39950077440115483,0.30209163496383623,0.298407590635009,2023-09-15
2023-09-23,La Liga,Barcelona,Celta,H,0.7404411378261574,0.1680924004336918,0.0914664617401509,0.7760635680415138,0.14443723718350185,0.07949919477498435,2023-09-15
2023-09-23,La Liga,Almeria,Valencia,D,0.389143282269819,0.24829606320394612,0.3625606545262348,0.3599051080460469,0.28540579996654447,0.35468909198740867,2023-09-15
2023-09-24,La Liga,Sociedad,Getafe,H,0.5206388150598229,0.3004838491999466,0.17887733574023046,0.5703251418050438,0.2843311931447886,0.14534366505016766,2023-09-15
2023-09-24,La Liga,Vallecano,Villarreal,D,0.28150259146958106,0.24757019793946614,0.47092721059095266,0.3707114740969636,0.27724597496203507,0.3520425509410014,2023-09-15
2023-09-24,La Liga,Betis,Cadiz,D,0.5750144169998208,0.2562287696559271,0.16875681334425233,0.540091683038638,0.26709452084697666,0.1928137961143855,2023-09-15
2023-09-24,La Liga,Las Palmas,Granada,H,0.24526443630275968,0.34498104263228896,0.4097545210649514,0.5004008311110384,0.2616036516532238,0.23799551723573778,2023-09-15
2023-09-24,La Liga,Ath Madrid,Real Madrid,H,0.43234310186159197,0.2624598691162455,0.30519702902216256,0.34104884800347257,0.2895888147248421,0.36936233727168544,2023-09-15
2023-09-26,La Liga,Sevilla,Almeria,H,0.6169013373727341,0.200166300745446,0.18293236188181994,0.5679087351668411,0.24461560129352605,0.18747566353963288,2023-09-15
2023-09-26,La Liga,Mallorca,Barcelona,D,0.14595183795454997,0.2277699627842369,0.626278199261213,0.12979351032448377,0.22123893805309733,0.6489675516224188,2023-09-15
2023-09-27,La Liga,Valencia,Sociedad,A,0.33410527411040275,0.29343681191684345,0.37245791397275374,0.38060028251276445,0.3238883198866903,0.2955113976005452,2023-09-15
2023-09-27,La Liga,Cadiz,Vallecano,D,0.3952971857640304,0.29619221370519716,0.3085106005307725,0.359548656605984,0.31446056140459056,0.32599078198942555,2023-09-15
2023-09-27,La Liga,Villarreal,Girona,A,0.5339830825507639,0.21866973008196772,0.2473471873672684,0.4508899143045485,0.26301911667765326,0.2860909690177983,2023-09-15
2023-09-27,La Liga,Real Madrid,Las Palmas,H,0.7690635945709906,0.18768987652096375,0.04324652890804558,0.8203343483935118,0.120999316388043,0.05866633521844509,2023-09-15
2023-09-27,La Liga,Ath Bilbao,Getafe,D,0.47682856041496874,0.3165168015901069,0.20665463799492453,0.6350103697708533,0.23930193737670094,0.12568769285244574,2023-09-15
2023-09-28,La Liga,Celta,Alaves,D,0.5680838019276997,0.24136149687679928,0.1905547011955011,0.6131386861313868,0.24433346139070303,0.14252785247791008,2023-09-15
2023-09-28,La Liga,Granada,Betis,D,0.32272600560404424,0.24192411633801364,0.435349878057942,0.351197194300734,0.2831908011846959,0.36561200451457004,2023-09-15
2023-09-28,La Liga,Osasuna,Ath Madrid,A,0.19831241116418866,0.26003452582024056,0.5416530630155709,0.23232594984007413,0.2810609910421586,0.48661305911776725,2023-09-15
2023-09-29,La Liga,Barcelona,Sevilla,H,0.689040879813832,0.19063114212040067,0.12032797806576732,0.7192360871068095,0.16915831316972002,0.11160559972347046,2023-09-15
2023-09-30,La Liga,Getafe,Villarreal,D,0.28742903249706453,0.2957267558393589,0.41684421166357666,0.34915475653566813,0.3102362327179981,0.34060901074633365,2023-09-15
2023-09-30,La Liga,Vallecano,Mallorca,D,0.45197714012259244,0.2783626021280604,0.2696602577493469,0.48126522614129863,0.2996835610634467,0.21905121279525475,2023-09-15
2023-09-30,La Liga,Girona,Real Madrid,A,0.26420834506181917,0.2327490995479373,0.5030425553902436,0.23951299108823898,0.24069285803941262,0.5197941508723485,2023-09-15
2023-09-30,La Liga,Sociedad,Ath Bilbao,H,0.4666739373840381,0.2905036314821016,0.24282243113386043,0.4214548708395065,0.31139340775403024,0.2671517214064631,2023-09-15
2023-10-01,La Liga,Ath Madrid,Cadiz,H,0.7430760742389649,0.17660394343925706,0.08031998232177812,0.724523939099618,0.18283654960329346,0.09263951129708856,2023-09-15
2023-10-01,La Liga,Betis,Valencia,H,0.5088263246846312,0.26190493675144755,0.22926873856392085,0.4718284534161704,0.28641785881861365,0.24175368776521602,2023-09-15
2023-10-01,La Liga,Almeria,Granada,D,0.48962445962513995,0.2102386134401412,0.30013692693471894,0.49332246099382465,0.26187090422728493,0.2448066347788904,2023-09-15
2023-10-01,La Liga,Alaves,Osasuna,A,0.33560613134899636,0.29554453284358495,0.3688493358074187,0.3791129428668658,0.32513328543880216,0.2957537716943321,2023-09-15
2023-10-02,La Liga,Las Palmas,Celta,H,0.19891763659199568,0.3803315633931399,0.42075080001486437,0.32387191245038727,0.31653500828484454,0.35959307926476813,2023-09-15
2023-10-06,La Liga,Ath Bilbao,Almeria,H,0.597107551110265,0.21836871478366043,0.18452373410607434,0.728071302612333,0.16979754760570312,0.10213114978196382,2023-09-15
2023-10-07,La Liga,Cadiz,Girona,A,0.29070663782261796,0.26824336045165625,0.4410500017257259,0.28446546448944826,0.28114808297936716,0.4343864525311844,2023-09-15
2023-10-07,La Liga,Real Madrid,Osasuna,H,0.7239962746974867,0.18147352972789002,0.09453019557462333,0.7660410283505964,0.1513020382589825,0.0826569333904212,2023-09-15
2023-10-07,La Liga,Mallorca,Valencia,D,0.36271166645497427,0.2943220257800883,0.3429663077649375,0.38112212973321447,0.3264946244714537,0.2923832457953317,2023-09-15
2023-10-07,La Liga,Sevilla,Vallecano,D,0.5651160832713971,0.23618031345767038,0.19870360327093242,0.5329359787351786,0.25732792640775115,0.2097360948570703,2023-09-15
2023-10-08,La Liga,Villarreal,Las Palmas,A,0.6801162747023727,0.24223177513487612,0.07765195016275123,0.5897424735546946,0.23618327217603058,0.17407425426927478,2023-09-15
2023-10-08,La Liga,Ath Madrid,Sociedad,H,0.5804768643074318,0.2440347225740769,0.1754884131184913,0.48433362753751097,0.2906001765225066,0.22506619593998234,2023-09-15
2023-10-08,La Liga,Alaves,Betis,D,0.25860576906505806,0.2675431845823988,0.47385104635254316,0.3801358474411067,0.3005997316688136,0.3192644208900798,2023-09-15
2023-10-08,La Liga,Celta,Getafe,D,0.4365903140414079,0.31039025091417954,0.25301943504441254,0.47942908473899587,0.2972751771633895,0.22329573809761452,2023-09-15
2023-10-08,La Liga,Granada,Barcelona,D,0.13871423292924537,0.17944039285625163,0.6818453742145029,0.1423216653081603,0.18729421465409146,0.6703841200377482,2023-09-15
2023-10-20,La Liga,Osasuna,Granada,H,0.4919335689339984,0.24545549508649897,0.2626109359795025,0.5771981566337893,0.2507621811596668,0.17203966220654388,2023-10-20
2023-10-21,La Liga,Celta,Ath Madrid,A,0.213886630971492,0.24289290507478084,0.5432204639537271,0.2853625743009671,0.275716515451357,0.438920910247676,2023-10-20
2023-10-21,La Liga,Sevilla,Real Madrid,D,0.24804827471238597,0.2538351307064823,0.49811659458113167,0.20321699441776814,0.23618440029183704,0.5605986052903948,2023-10-20
2023-10-21,La Liga,Sociedad,Mallorca,H,0.6063914358980926,0.23804956534316754,0.1555589987587398,0.5758791764507073,0.27109632540437195,0.15302449814492064,2023-10-20
2023-10-21,La Liga,Getafe,Betis,D,0.351167116653468,0.30980042410246705,0.339032459244065,0.39257020125686104,0.3103173971839949,0.2971124015591441,2023-10-20
2023-10-22,La Liga,Las Palmas,Vallecano,A,0.3779352964644336,0.3574124440366057,0.2646522594989607,0.3677221654749745,0.3217568947906027,0.3105209397344229,2023-10-20
2023-10-22,La Liga,Girona,Almeria,H,0.7209323167742048,0.1494898922457638,0.12957779098003183,0.6995563979834825,0.18243590866736217,0.1180076933491554,2023-10-20
2023-10-22,La Liga,Villarreal,Alaves,D,0.719558773334803,0.17865530526290307,0.10178592140229402,0.46771083591969725,0.2909272759143355,0.24136188816596724,2023-10-20
2023-10-22,La Liga,Barcelona,Ath Bilbao,H,0.6548501211428954,0.21428901769683512,0.13086086116026935,0.5249291286604005,0.2576169338544446,0.2174539374851548,2023-10-20
2023-10-23,La Liga,Valencia,Cadiz,H,0.5144522365122303,0.28510471699254336,0.20044304649522612,0.5765228350858306,0.2639123604752576,0.1595648044389119,2023-10-20
2023-10-27,La Liga,Girona,Celta,H,0.5953486973216062,0.21042981389508725,0.19422148878330667,0.5547151485542964,0.2356192985364123,0.2096655529092913,2023-10-20
2023-10-28,La Liga,Almeria,Las Palmas,A,0.3856025330586896,0.3109587939715488,0.3034386729697619,0.4209748892171344,0.2946824224519941,0.28434268833087145,2023-10-20
2023-10-28,La Liga,Barcelona,Real Madrid,A,0.45646815304938443,0.259653139420604,0.28387870753001165,0.3772281273990444,0.278867784724795,0.3439040878761606,2023-10-20
2023-10-28,La Liga,Mallorca,Getafe,D,0.3907069460845275,0.311868877537964,0.29742417637750845,0.41935788548303893,0.3301026598565813,0.2505394546603797,2023-10-20
2023-10-28,La Liga,Cadiz,Sevilla,D,0.2816278811519556,0.2986989213841257,0.41967319746391857,0.25047097873867413,0.27989593612631203,0.4696330851350139,2023-10-20
2023-10-29,La Liga,Ath Bilbao,Valencia,D,0.4955314145167076,0.2772304721900644,0.22723811329322793,0.5887076466802831,0.2446769816177499,0.1666153717019669,2023-10-20
2023-10-29,La Liga,Ath Madrid,Alaves,H,0.8187896441963989,0.12787425167098695,0.05333610413261441,0.6692921120547235,0.21235745349657528,0.11835043444870111,2023-10-20
2023-10-29,La Liga,Vallecano,Sociedad,D,0.2883487857673122,0.2811304603459663,0.43052075388672156,0.28849084790776985,0.3085756537747664,0.40293349831746367,2023-10-20
2023-10-29,La Liga,Betis,Osasuna,H,0.5260679205968305,0.269022575891895,0.2049095035112745,0.48871767937133465,0.2802732512821199,0.2310090693465454,2023-10-20
2023-10-30,La Liga,Granada,Villarreal,A,0.2935813455150423,0.2233542167590913,0.48306443772586644,0.32547055104323724,0.2673508097855163,0.4071786391712466,2023-10-20
2023-11-03,La Liga,Las Palmas,Ath Madrid,H,0.18600782169919003,0.3225466365032368,0.49144554179757294,0.17423626820108493,0.26253486482331495,0.5632288669756002,2023-10-20
2023-11-04,La Liga,Osasuna,Girona,A,0.328852584360983,0.26147627716921634,0.4096711384698006,0.32559587164600057,0.2941183251424597,0.38028580321153976,2023-10-20
2023-11-04,La Liga,Betis,Mallorca,H,0.5543514284494332,0.2511640769956198,0.19448449455494696,0.5110625771531668,0.2814547526350774,0.2074826702117558,2023-10-20
2023-11-04,La Liga,Celta,Sevilla,D,0.3658774815741305,0.27231060210603003,0.3618119163198393,0.4037609657003862,0.2853559904216806,0.31088304387793314,2023-10-20
2023-11-04,La Liga,Sociedad,Barcelona,A,0.290103557120935,0.2767232714672381,0.4331731714118269,0.28752161372476215,0.2953869466230079,0.41709143965223006,2023-10-20
2023-11-05,La Liga,Alaves,Almeria,H,0.3951566116596659,0.24943951681803891,0.35540387152229513,0.5481838712027391,0.2573701464267502,0.19444598237051064,2023-10-20
2023-11-05,La Liga,Valencia,Granada,H,0.5478354996337599,0.22527174551235513,0.22689275485388494,0.5820384269704627,0.2342178730218488,0.18374370000768858,2023-10-20
2023-11-05,La Liga,Villarreal,Ath Bilbao,A,0.48813704118881124,0.26162582515025795,0.25023713366093064,0.25454894840770237,0.24679618855772154,0.49865486303457596,2023-10-20
2023-11-05,La Liga,Real Madrid,Vallecano,D,0.7758684050700023,0.14886658843638914,0.07526500649360865,0.7903780068728522,0.13974799541809851,0.06987399770904926,2023-10-20
2023-11-06,La Liga,Getafe,Cadiz,H,0.4665544089486352,0.32032510428422406,0.21312048676714068,0.46671764794242754,0.3131524863613708,0.22012986569620166,2023-10-20
2023-11-10,La Liga,Ath Bilbao,Celta,H,0.5257329386956958,0.261570966372366,0.21269609493193817,0.5673588123181864,0.24014444778814326,0.1924967398936704,2023-10-20
2023-11-11,La Liga,Real Madrid,Valencia,H,0.7264665803221403,0.17677515683991277,0.096758262837947,0.7360826609024343,0.16781159108656535,0.09610574801100034,2023-10-20
2023-11-11,La Liga,Osasuna,Las Palmas,D,0.3812407129017835,0.37779481525233244,0.24096447184588413,0.4933337274957873,0.2892462628472325,0.21742000965698013,2023-10-20
2023-11-11,La Liga,Almeria,Sociedad,A,0.25221618188684797,0.23367888172205803,0.514104936391094,0.2212291909242534,0.25499575164427096,0.5237750574314755,2023-10-20
2023-11-11,La Liga,Vallecano,Girona,A,0.32828984427932034,0.24537898410870151,0.4263311716119781,0.3257612446273988,0.27829317755312066,0.39594557781948064,2023-10-20
2023-11-11,La Liga,Granada,Getafe,D,0.41037238144281735,0.2666059455033994,0.3230216730537832,0.3904528763769889,0.3047735618115055,0.3047735618115055,2023-10-20
2023-11-12,La Liga,Barcelona,Alaves,H,0.8461683999696608,0.1114552770829295,0.04237632294740998,0.7719602298640883,0.14822585058834262,0.0798139195475691,2023-10-20
2023-11-12,La Liga,Sevilla,Betis,D,0.4568454603123671,0.26844666483688323,0.2747078748507498,0.434335129421092,0.2811880606656781,0.2844768099132299,2023-10-20
2023-11-12,La Liga,Ath Madrid,Villarreal,H,0.6084255879918953,0.21552422377567435,0.17605018823243038,0.7240974152316556,0.16700353466616502,0.10889905010217941,2023-10-20
2023-11-24,La Liga,Alaves,Granada,H,0.4011734518013032,0.25863898412893205,0.34018756406976464,0.5576061532800115,0.26436912989297556,0.17802471682701285,2023-11-24
2023-11-25,La Liga,Vallecano,Barcelona,D,0.17405422209505206,0.23635136687535183,0.5895944110295959,0.19407447675998915,0.22832291383528136,0.5776026094047296,2023-11-24
2023-11-25,La Liga,Valencia,Celta,D,0.4739924939350499,0.2657499705359944,0.26025753552895564,0.42348194951202867,0.29337604936074274,0.2831420011272285,2023-11-24
2023-11-25,La Liga,Getafe,Almeria,H,0.5490329033604341,0.24293106408886053,0.20803603255070546,0.5448183041722745,0.2635262449528936,0.19165545087483177,2023-11-24
2023-11-25,La Liga,Ath Madrid,Mallorca,H,0.7394773101479157,0.17231798143547913,0.0882047084166053,0.7118766562274149,0.18983377499397736,0.09828956877860755,2023-11-24
2023-11-26,La Liga,Cadiz,Real Madrid,A,0.1277972282856969,0.22712068829360021,0.6450820834207031,0.14024759062865438,0.2058953990080245,0.653857010363321,2023-11-24
2023-11-26,La Liga,Villarreal,Osasuna,H,0.5864949606015954,0.23249773348978248,0.18100730590862205,0.4423138382869926,0.2812400127836369,0.2764461489293704,2023-11-24
2023-11-26,La Liga,Sociedad,Sevilla,H,0.4929508291126288,0.26926695984473403,0.2377822110426373,0.5951282387489578,0.2455845643445066,0.1592871969065355,2023-11-24
2023-11-26,La Liga,Betis,Las Palmas,H,0.45460454406976025,0.3260681072599879,0.21932734867025186,0.5650346528454532,0.2598555087952351,0.17510983835931163,2023-11-24
2023-11-27,La Liga,Girona,Ath Bilbao,D,0.5077958846572868,0.23404361656482808,0.25816049877788505,0.42802595706533164,0.2654696509667494,0.3065043919679189,2023-11-24
2023-11-29,La Liga,Mallorca,Cadiz,D,0.451146519251092,0.30724896545427977,0.2416045152946284,0.5195700319022271,0.291770558455605,0.1886594096421679,2023-11-24
2023-12-01,La Liga,Las Palmas,Getafe,H,0.379061163690833,0.3792282917578081,0.2417105445513589,0.4041268318997812,0.32682740432163515,0.26904576377858364,2023-11-24
2023-12-02,La Liga,Girona,Valencia,H,0.5863706263048419,0.214769718925878,0.19885965476928016,0.5813387659455438,0.2415014276440443,0.17715980641041204,2023-11-24
2023-12-02,La Liga,Ath Bilbao,Vallecano,H,0.5434838967132116,0.25508115083117866,0.20143495245560977,0.6558386437273586,0.20348871964706305,0.14067263662557836,2023-11-24
2023-12-02,La Liga,Real Madrid,Granada,H,0.848592208497466,0.10017873691590946,0.05122905458662466,0.8111078162884404,0.12454429695267666,0.06434788675888294,2023-11-24
2023-12-02,La Liga,Osasuna,Sociedad,D,0.283663984504627,0.2965276408454447,0.41980837464992826,0.2430912550768269,0.30673975404016013,0.45016899088301277,2023-11-24
2023-12-03,La Liga,Mallorca,Alaves,D,0.48843683421590744,0.28692859405610205,0.22463457172799065,0.3537481244763148,0.33545080769305713,0.310801067830628,2023-11-24
2023-12-03,La Liga,Almeria,Betis,D,0.28025833479939394,0.23290275874712507,0.486838906453481,0.27416379128230406,0.25603126540384485,0.46980494331385114,2023-11-24
2023-12-03,La Liga,Sevilla,Villarreal,D,0.43298465321013174,0.25510935446963334,0.31190599232023475,0.5115539263972096,0.24606391396321475,0.24238215963957566,2023-11-24
2023-12-03,La Liga,Barcelona,Ath Madrid,H,0.4933643318404336,0.2548367991837886,0.25179886897577786,0.4983585661602398,0.24790796020726213,0.25373347363249804,2023-11-24
2023-12-04,La Liga,Celta,Cadiz,D,0.5035487721752349,0.27895338531941266,0.21749784250535242,0.6267300618367544,0.22696999902966575,0.14629993913357975,2023-11-24
2023-12-08,La Liga,Getafe,Valencia,H,0.39520273265596684,0.3153602892221921,0.28943697812184116,0.36427830666868644,0.33082417646441925,0.3048975168668943,2023-11-24
2023-12-09,La Liga,Mallorca,Sevilla,H,0.3134922011530758,0.2864704011738064,0.40003739767311775,0.3733106347496786,0.31737483931487337,0.309314525935448,2023-11-24
2023-12-09,La Liga,Villarreal,Sociedad,A,0.4205939741563961,0.26642058506906835,0.3129854407745355,0.27633468215637647,0.2795109428708175,0.444154374972806,2023-11-24
2023-12-09,La Liga,Alaves,Las Palmas,A,0.28641430232552345,0.35877766394817284,0.35480803372630376,0.48141994569842367,0.2986586700166146,0.2199213842849617,2023-11-24
2023-12-09,La Liga,Betis,Real Madrid,D,0.23868216737987294,0.25796934760614043,0.5033484850139867,0.2042784295606772,0.23158055857117346,0.5641410118681494,2023-11-24
2023-12-10,La Liga,Ath Madrid,Almeria,H,0.8495775673148438,0.09737589264882626,0.053046540036329914,0.8033561061612569,0.1220287756194314,0.07461511821931179,2023-11-24
2023-12-10,La Liga,Cadiz,Osasuna,D,0.3538393682659107,0.3209818289206246,0.32517880281346473,0.34309690231888007,0.3173925741321236,0.33951052354899625,2023-11-24
2023-12-10,La Liga,Barcelona,Girona,A,0.6695494229640396,0.18421300324910048,0.14623757378685992,0.6641199611163796,0.18123647537007745,0.15464356351354297,2023-11-24
2023-12-11,La Liga,Granada,Ath Bilbao,D,0.3073921075586574,0.24541032006912833,0.44719757237221425,0.23306203795517244,0.26337905102251197,0.5035589110223156,2023-11-24
2023-12-11,La Liga,Vallecano,Celta,D,0.43925024270477386,0.2708692870946954,0.2898804702005308,0.35415688116486616,0.30530765617660877,0.3405354626585252,2023-11-24
2023-12-15,La Liga,Osasuna,Vallecano,H,0.4249647559662109,0.2892969715174607,0.28573827251632855,0.42535457268878296,0.3063087960557588,0.2683366312554581,2023-11-24
2023-12-16,La Liga,Sevilla,Getafe,A,0.4985817273062665,0.2889637533011775,0.21245451939255586,0.5333718851235328,0.2813729944709652,0.18525512040550188,2023-11-24
2023-12-16,La Liga,Celta,Granada,H,0.5346466270496331,0.22417498053652662,0.24117839241384034,0.566604933005677,0.2536372867643214,0.17975778023000147,2023-11-24
2023-12-16,La Liga,Ath Bilbao,Ath Madrid,H,0.2849184572755873,0.2673436463063231,0.4477378964180894,0.3702853975317386,0.291572034583375,0.3381425678848863,2023-11-24
2023-12-16,La Liga,Valencia,Barcelona,D,0.19771433599057572,0.24851032445418733,0.5537753395552368,0.16073718969171572,0.21290627757411468,0.6263565327341696,2023-11-24
2023-12-17,La Liga,Real Madrid,Villarreal,H,0.6758607210241325,0.1889857040555923,0.13515357492027483,0.7892499482558232,0.13208298173828592,0.07866707000589088,2023-11-24
2023-12-17,La Liga,Las Palmas,Cadiz,D,0.4551107678099993,0.351514411431735,0.19337482075826581,0.4835601589786824,0.2945320968324701,0.22190774418884737,2023-11-24
2023-12-17,La Liga,Almeria,Mallorca,D,0.4121847684642343,0.2492846770475656,0.33853055448819996,0.40554194156456175,0.3139679547596607,0.2804901036757776,2023-11-24
2023-12-17,La Liga,Sociedad,Betis,D,0.49022575297656057,0.27319713963848846,0.23657710738495077,0.6096866911670074,0.23191431553960334,0.1583989932933892,2023-11-24
2023-12-18,La Liga,Girona,Alaves,H,0.7149210025434589,0.1732002635260536,0.11187873393048772,0.5970352374279854,0.2347565739401302,0.16820818863188458,2023-11-24
2023-12-19,La Liga,Granada,Sevilla,A,0.3126583430702925,0.24089165911547109,0.44644999781423633,0.3117443569007208,0.3068272534795738,0.3814283896197055,2023-11-24
2023-12-19,La Liga,Vallecano,Valencia,A,0.40525119190386566,0.28250077397170326,0.3122480341244312,0.4269501666997858,0.3070808769954295,0.26596895630478457,2023-11-24
2023-12-19,La Liga,Ath Madrid,Getafe,D,0.6682434855163326,0.21855448886052534,0.11320202562314187,0.6547280354430977,0.2134355710255032,0.13183639353139928,2023-11-24
2023-12-20,La Liga,Ath Bilbao,Las Palmas,H,0.45701776475244854,0.3272743935833231,0.2157078416642283,0.7009929479468856,0.1863911884714262,0.11261586358168825,2023-11-24
2023-12-20,La Liga,Villarreal,Celta,H,0.5924441745311309,0.21908474014302684,0.18847108532584245,0.3971828093566629,0.2878987819301255,0.31491840871321175,2023-11-24
2023-12-20,La Liga,Barcelona,Almeria,H,0.8695927786724998,0.08750360328131628,0.04290361804618376,0.8426966292134832,0.10674157303370785,0.05056179775280898,2023-11-24
2023-12-21,La Liga,Cadiz,Sociedad,D,0.22984689935101746,0.3006336336669334,0.4695194669820491,0.15488082261370803,0.2705021609437185,0.5746170164425736,2023-11-24
2023-12-21,La Liga,Alaves,Real Madrid,A,0.11196935123450295,0.20109765411201094,0.6869329946534863,0.16032141921333812,0.23446522325631047,0.6052133575303514,2023-11-24
2023-12-21,La Liga,Betis,Girona,D,0.42659510463891415,0.24382089180108937,0.3295840035599965,0.36434149933423116,0.27402586006264706,0.3616326406031216,2023-11-24
2023-12-21,La Liga,Mallorca,Osasuna,H,0.40175878615233307,0.3012158398944922,0.2970253739531747,0.4303201979274983,0.3330560436014199,0.23662375847108177,2023-11-24
2023-12-23,La Liga,Ath Madrid,Sevilla,H,0.6335674147861929,0.21302052318120027,0.1534120620326068,0.610572274991824,0.22735595251451995,0.16207177249365612,2023-11-24
2024-01-02,La Liga,Sociedad,Alaves,D,0.6681438793542674,0.22734107590292407,0.10451504474280868,0.6333916176548509,0.2504106395379643,0.11619774280718488,2024-01-02
2024-01-02,La Liga,Valencia,Villarreal,H,0.3747558691971966,0.270061882248224,0.3551822485545794,0.4368501914072907,0.28401630520065835,0.27913350339205106,2024-01-02
2024-01-02,La Liga,Getafe,Vallecano,A,0.46792363499824036,0.30602149511934756,0.22605486988241213,0.40228041024465705,0.3272789778261616,0.2704406119291812,2024-01-02
2024-01-03,La Liga,Real Madrid,Mallorca,H,0.7689287249863009,0.16383989388687287,0.06723138112682624,0.7884436230631133,0.14250388446474047,0.06905249247214632,2024-01-02
2024-01-03,La Liga,Girona,Ath Madrid,H,0.37000084786143156,0.2436404308727856,0.3863587212657828,0.3615035790578271,0.26308885807442944,0.3754075628677435,2024-01-02
2024-01-03,La Liga,Granada,Cadiz,H,0.44101783974067676,0.27905777578431196,0.27992438447501117,0.4328706225892916,0.31216631436727754,0.2549630630434309,2024-01-02
2024-01-03,La Liga,Celta,Betis,H,0.3384866307179368,0.2962081686402919,0.3653052006417713,0.44055705659419375,0.2941483670915916,0.26529457631421477,2024-01-02
2024-01-04,La Liga,Sevilla,Ath Bilbao,A,0.39834619113703834,0.2895107719462629,0.31214303691669865,0.3150555696173405,0.29862629144711106,0.3863181389355484,2024-01-02
2024-01-04,La Liga,Las Palmas,Barcelona,A,0.216095002324866,0.32981333758963344,0.4540916600855005,0.1523894137359213,0.2067676874408334,0.6408428988232453,2024-01-02
2024-01-04,La Liga,Osasuna,Almeria,H,0.5308292643746868,0.23914899421770391,0.23002174140760945,0.558824520418707,0.25454310615930636,0.18663237342198663,2024-01-02
2024-01-12,La Liga,Sevilla,Alaves,A,0.6159645291435811,0.24393895134295066,0.14009651951346827,0.4694331921209685,0.30084418194749374,0.22972262593153775,2024-01-02
2024-01-13,La Liga,Las Palmas,Villarreal,H,0.3559817202567741,0.32491022344758025,0.3191080562956457,0.3629299890899,0.2781429261116327,0.3589270847984672,2024-01-02
2024-01-13,La Liga,Mallorca,Celta,D,0.3960816430331126,0.3027883322584758,0.30113002470841166,0.40397199845849346,0.330024581791515,0.2660034197499916,2024-01-02
2024-01-13,La Liga,Ath Bilbao,Sociedad,H,0.39032397138631836,0.3036629558595314,0.3060130727541501,0.4528996494890438,0.31467702919043955,0.23242332132051652,2024-01-02
2024-01-13,La Liga,Betis,Granada,H,0.648484532267707,0.20753929723968378,0.14397617049260897,0.5517654651055591,0.2555545312067853,0.19268000368765556,2024-01-02
2024-01-14,La Liga,Almeria,Girona,D,0.22879612671686583,0.19809975576272468,0.5731041175204097,0.2531052959164344,0.2584905149784862,0.4884041891050794,2024-01-02
2024-01-14,La Liga,Cadiz,Valencia,A,0.3163058702331199,0.325035235748495,0.3586588940183853,0.3087985969014908,0.3413037123648056,0.34989769073370364,2024-01-02
2024-01-19,La Liga,Alaves,Cadiz,H,0.3738108824191644,0.3366419844646169,0.2895471331162186,0.5774127093127674,0.27172362791189053,0.15086366277534202,2024-01-02
2024-01-20,La Liga,Vallecano,Las Palmas,A,0.32589925891696275,0.3660542094779416,0.3080465316050955,0.5623785292277367,0.2614300189923532,0.1761914517799102,2024-01-02
2024-01-20,La Liga,Villarreal,Mallorca,D,0.5915354019640601,0.2354105527349116,0.17305404530102805,0.4584910546723949,0.28504429205439213,0.25646465327321305,2024-01-02
2024-01-20,La Liga,Valencia,Ath Bilbao,H,0.34187477170422853,0.3012436626372169,0.35688156565855483,0.27376987707124373,0.30182703838599845,0.4244030845427577,2024-01-02
2024-01-20,La Liga,Celta,Sociedad,A,0.2829811882890814,0.29478772790249147,0.42223108380842705,0.3861508810572687,0.32764317180616737,0.2862059471365639,2024-01-02
2024-01-21,La Liga,Girona,Sevilla,H,0.5509914781976214,0.226670329076468,0.22233819272591043,0.530442058290336,0.24328545530609397,0.22627248640356992,2024-01-02
2024-01-21,La Liga,Betis,Barcelona,A,0.26863988922668525,0.2816259162447005,0.44973419452861424,0.23677569276130037,0.23562629619449793,0.5275980110442018,2024-01-02
2024-01-21,La Liga,Real Madrid,Almeria,H,0.8708311615420437,0.08933060529324739,0.03983823316470884,0.8583485641560529,0.09948039769193227,0.04217103815201477,2024-01-02
2024-01-21,La Liga,Osasuna,Getafe,H,0.37454036996286827,0.3215479466996338,0.30391168333749796,0.3922151334703025,0.3346545507425789,0.2731303157871187,2024-01-02
2024-01-22,La Liga,Granada,Ath Madrid,A,0.15515616373823798,0.19876507235535687,0.6460787639064051,0.1837341259119157,0.24344771683328828,0.572818157254796,2024-01-02
2024-01-26,La Liga,Almeria,Alaves,A,0.4924749682579454,0.2574459402777073,0.2500790914643472,0.33889040721508606,0.31374692538945065,0.34736266739546323,2024-01-02
2024-01-27,La Liga,Sociedad,Vallecano,D,0.6093732206837866,0.24753001757657095,0.1430967617396424,0.5333949631943407,0.2941754039435455,0.1724296328621137,2024-01-02
2024-01-27,La Liga,Las Palmas,Real Madrid,A,0.1869264378470787,0.3209058881116588,0.49216767404126255,0.1421688904808812,0.19921196382197548,0.6586191456971434,2024-01-02
2024-01-27,La Liga,Barcelona,Villarreal,A,0.6604783820486279,0.1955846087108159,0.1439370092405564,0.7122422596516029,0.16063838691976454,0.12711935342863256,2024-01-02
2024-01-27,La Liga,Mallorca,Betis,A,0.30272878782131984,0.31394826352114413,0.38332294865753597,0.4283040858270003,0.30963384548639833,0.26206206868660126,2024-01-02
2024-01-28,La Liga,Celta,Girona,A,0.3018562439247843,0.24557517253722286,0.4525685835379928,0.3514115474672098,0.2741999961927243,0.3743884563400658,2024-01-02
2024-01-28,La Liga,Cadiz,Ath Bilbao,D,0.24513500379600184,0.3095342471771508,0.44533074902684755,0.18922012098751978,0.2888985775791596,0.5218813014333206,2024-01-02
2024-01-28,La Liga,Sevilla,Osasuna,D,0.5341368629565858,0.2649345899026428,0.2009285471407716,0.4570428395369496,0.30139357529836,0.24156358516469045,2024-01-02
2024-01-28,La Liga,Ath Madrid,Valencia,H,0.6597266803195512,0.21385800844968678,0.12641531123076216,0.6065001470406876,0.24019807803591586,0.15330177492339656,2024-01-02
2024-01-29,La Liga,Getafe,Granada,H,0.5557450825400028,0.2511471624243601,0.19310775503563749,0.5198353707230173,0.2825849253639659,0.1975797039130168,2024-01-02
2024-01-31,La Liga,Ath Madrid,Vallecano,H,0.7180855227840892,0.18581140038154959,0.09610307683436117,0.5922360599083997,0.25359455306782647,0.15416938702377386,2024-01-02
2024-01-31,La Liga,Barcelona,Osasuna,H,0.7322563840610502,0.17910084470972437,0.08864277122922529,0.7226376441186555,0.16782226050589227,0.10954009537545231,2024-01-02
2024-02-01,La Liga,Getafe,Real Madrid,A,0.17858519891799154,0.26329588044263685,0.5581189206393716,0.14654263654235164,0.25462263882161884,0.5988347246360295,2024-02-01
2024-02-02,La Liga,Ath Bilbao,Mallorca,H,0.5652138469417055,0.2713039878240246,0.1634821652342698,0.6344364800976056,0.24889431142290683,0.11666920847948754,2024-02-01
2024-02-03,La Liga,Valencia,Almeria,H,0.6044127912680772,0.21962746001653072,0.1759597487153922,0.559223637951497,0.25472490315068186,0.18605145889782118,2024-02-01
2024-02-03,La Liga,Granada,Las Palmas,D,0.25392505803987014,0.3005045543612916,0.4455703875988382,0.4399848542218856,0.2928814842862552,0.2671336614918591,2024-02-01
2024-02-03,La Liga,Alaves,Barcelona,A,0.16212457876432793,0.2322341115686201,0.6056413096670522,0.2261203501806229,0.2700881960490774,0.5037914537702999,2024-02-01
2024-02-03,La Liga,Girona,Sociedad,D,0.4728608823554693,0.2537876838064079,0.27335143383812277,0.471963427239492,0.2793806494578602,0.24865592330264794,2024-02-01
2024-02-04,La Liga,Villarreal,Cadiz,D,0.6471051145715107,0.21573122707886208,0.1371636583496271,0.6010927606467278,0.23319502280511606,0.16571221654815613,2024-02-01
2024-02-04,La Liga,Osasuna,Celta,A,0.42427071399450617,0.2919587100937552,0.2837705759117387,0.44622806643043167,0.31178755923664775,0.2419843743329207,2024-02-01
2024-02-04,La Liga,Betis,Getafe,D,0.4786285294224616,0.29789969578626013,0.22347177479127817,0.46077197435352113,0.30382152058935297,0.2354065050571258,2024-02-01
2024-02-04,La Liga,Real Madrid,Ath Madrid,D,0.530044685630865,0.24781695650309896,0.22213835786603597,0.5643193762421302,0.23388658485215996,0.20179403890570977,2024-02-01
2024-02-05,La Liga,Vallecano,Sevilla,A,0.35920681518816344,0.2886620611444543,0.3521311236673823,0.4526153944485674,0.2985040178111718,0.2488805877402609,2024-02-01
2024-02-09,La Liga,Cadiz,Betis,A,0.24680607672634378,0.3133902066075997,0.4398037166660565,0.31856748798286755,0.32172162152725237,0.35971089048988,2024-02-01
2024-02-10,La Liga,Las Palmas,Valencia,H,0.44616627939639636,0.324804197007554,0.22902952359604953,0.37430469715698395,0.3243974042027194,0.3012978986402967,2024-02-01
2024-02-10,La Liga,Real Madrid,Girona,H,0.6397036157312217,0.19577511853846435,0.16452126573031395,0.6760093338782491,0.17640389551932412,0.1475867706024269,2024-02-01
2024-02-10,La Liga,Sociedad,Osasuna,A,0.5684483337880898,0.2652612447028775,0.1662904215090327,0.5514751989709784,0.29147037543210863,0.15705442559691293,2024-02-01
2024-02-10,La Liga,Alaves,Villarreal,D,0.29277183882985136,0.2605839383669475,0.4466442228032013,0.43796645886381597,0.27939239617174466,0.28264114496443943,2024-02-01
2024-02-11,La Liga,Getafe,Celta,H,0.437406408232027,0.3026795933582951,0.25991399840967805,0.4386016514459119,0.3161349565616638,0.2452633919924243,2024-02-01
2024-02-11,La Liga,Mallorca,Vallecano,H,0.4003940931854081,0.316441857251173,0.28316404956341906,0.38746028687889816,0.34609441995232537,0.26644529316877646,2024-02-01
2024-02-11,La Liga,Sevilla,Ath Madrid,H,0.26340494597865655,0.258259030205892,0.4783360238154514,0.257194942745446,0.2685626750214878,0.47424238223306625,2024-02-01
2024-02-11,La Liga,Barcelona,Granada,D,0.8211557601511614,0.11809012194443719,0.06075411790440138,0.8118977259954728,0.11987075607129188,0.06823151793323536,2024-02-01
2024-02-12,La Liga,Almeria,Ath Bilbao,D,0.23880425825539492,0.24733995706990083,0.513855784674704,0.20583043201098422,0.26616976413475213,0.5279998038542638,2024-02-01
2024-02-16,La Liga,Villarreal,Getafe,D,0.5251364424042619,0.25262148939337925,0.2222420682023588,0.46763395983305783,0.2701885101257668,0.2621775300411753,2024-02-01
2024-02-17,La Liga,Ath Madrid,Las Palmas,H,0.5339236387021553,0.28516723226472385,0.18090912903312062,0.6563609199996193,0.21829531721335654,0.12534376278702408,2024-02-01
2024-02-17,La Liga,Osasuna,Cadiz,H,0.49788829804641654,0.29987860220612483,0.20223309974745876,0.5368916797488227,0.28414442700156983,0.17896389324960754,2024-02-01
2024-02-17,La Liga,Celta,Barcelona,A,0.20109473108747616,0.24136886353424392,0.55753640537828,0.24484182964083098,0.25659423746359084,0.49856393289557815,2024-02-01
2024-02-17,La Liga,Valencia,Sevilla,D,0.4336256102515629,0.2785462499594708,0.2878281397889664,0.4212374401936075,0.30695851320101997,0.27180404660537244,2024-02-01
2024-02-18,La Liga,Betis,Alaves,D,0.5653909137049806,0.263257504436998,0.1713515818580213,0.39684378608476273,0.3146496038536145,0.28850661006162276,2024-02-01
2024-02-18,La Liga,Mallorca,Sociedad,A,0.25296297950582963,0.31781379976308755,0.4292232207310827,0.250096942525085,0.34621961082654124,0.40368344664837374,2024-02-01
2024-02-18,La Liga,Granada,Almeria,D,0.47658465550877444,0.23270770954122452,0.29070763495000096,0.42495817924874724,0.28454802060807927,0.29049380014317344,2024-02-01
2024-02-18,La Liga,Vallecano,Real Madrid,D,0.15114867799205828,0.23369012333064185,0.6151611986772997,0.18026421409232526,0.24694357899892516,0.5727922069087495,2024-02-01
2024-02-19,La Liga,Ath Bilbao,Girona,H,0.414655062863963,0.2544386496367831,0.3309062874992541,0.5190802163306986,0.2652131159941001,0.2157066676752014,2024-02-01
2024-02-23,La Liga,Sociedad,Villarreal,A,0.5102437615817348,0.2513326537151934,0.23842358470307157,0.5869794309355607,0.23913976815893218,0.17388080090550723,2024-02-01
2024-02-24,La Liga,Barcelona,Getafe,H,0.6731158205261607,0.20944748930187443,0.1174366901719649,0.6832364712023664,0.19173829824256133,0.1250252305550722,2024-02-01
2024-02-24,La Liga,Alaves,Mallorca,D,0.3846251243123118,0.32145073743948044,0.2939241382482079,0.5104227018897697,0.31054843998471426,0.1790288581255162,2024-02-01
2024-02-24,La Liga,Almeria,Ath Madrid,D,0.15125362768744768,0.19271443957787954,0.6560319327346729,0.17981072555205047,0.24605678233438485,0.5741324921135647,2024-02-01
2024-02-25,La Liga,Cadiz,Celta,D,0.32067929750845864,0.31875855498852024,0.360562147503021,0.2853768013229388,0.32223009685802034,0.3923931018190409,2024-02-01
2024-02-25,La Liga,Betis,Ath Bilbao,H,0.38620837061529756,0.3000638447180828,0.3137277846666195,0.24142430178385652,0.29305419764727164,0.46552150056887176,2024-02-01
2024-02-25,La Liga,Las Palmas,Osasuna,D,0.49147194116390513,0.31539202378762804,0.19313603504846674,0.39398182949025656,0.31290518290705266,0.2931129876026909,2024-02-01
2024-02-25,La Liga,Real Madrid,Sevilla,H,0.718456187234916,0.17946888168194328,0.10207493108314057,0.747485445873157,0.1562813979216163,0.09623315620522681,2024-02-01
2024-02-26,La Liga,Girona,Vallecano,H,0.6704453108576303,0.1924708791780363,0.13708380996433359,0.5837248835907886,0.2374959085197816,0.1787792078894297,2024-02-01
2024-03-01,La Liga,Celta,Almeria,H,0.5497598610883767,0.2344437625446796,0.21579637636694368,0.5316067760078133,0.25268581820631125,0.21570740578587547,2024-02-01
2024-03-02,La Liga,Valencia,Real Madrid,D,0.18279923893255492,0.26345541836307157,0.5537453427043735,0.1696899596580811,0.24205151352723783,0.588258526814681,2024-03-02
2024-03-02,La Liga,Getafe,Las Palmas,D,0.35542351081979173,0.3486297063440429,0.29594678283616555,0.46944287505684246,0.298081825572903,0.23247529937025452,2024-03-02
2024-03-02,La Liga,Vallecano,Cadiz,D,0.476085266811067,0.31405290143176734,0.20986183175716555,0.551257123888004,0.276413828502247,0.17232904760974901,2024-03-02
2024-03-02,La Liga,Sevilla,Sociedad,H,0.3530634799001735,0.31049921537508113,0.33643730472474553,0.3434626748079575,0.34104392357691554,0.31549340161512707,2024-03-02
2024-03-03,La Liga,Villarreal,Granada,H,0.6718752780483512,0.18421304933643268,0.14391167261521604,0.5450255603617774,0.2449862367282737,0.20998820290994885,2024-03-02
2024-03-03,La Liga,Ath Madrid,Betis,H,0.5907013539447333,0.2438432003899754,0.16545544566529133,0.6331507436792141,0.22269439950096495,0.14415485681982104,2024-03-02
2024-03-03,La Liga,Mallorca,Girona,H,0.2475472979135899,0.2570683435849451,0.4953843585014651,0.25973969787648266,0.29259833435483296,0.44766196776868444,2024-03-02
2024-03-03,La Liga,Ath Bilbao,Barcelona,D,0.3146473431722422,0.2742505258760972,0.41110213095166037,0.2959520926731895,0.27439815875301327,0.4296497485737971,2024-03-02
2024-03-04,La Liga,Osasuna,Alaves,H,0.4699381229621732,0.3029551188558055,0.2271067581820213,0.3953954487951348,0.3168315322592937,0.2877730189455715,2024-03-02
2024-03-08,La Liga,Barcelona,Mallorca,H,0.7446454604868894,0.17344293418119885,0.08191160533191183,0.6673073038195442,0.20719391660349873,0.12549877957695707,2024-03-02
2024-03-09,La Liga,Valencia,Getafe,H,0.44133699466998444,0.31007812375603744,0.24858488157397837,0.5165620146371828,0.2988112576978165,0.18462672766500068,2024-03-02
2024-03-09,La Liga,Cadiz,Ath Madrid,H,0.1382881139354626,0.24984679056539827,0.611865095499139,0.19518213275730115,0.2628875880227064,0.5419302792199925,2024-03-02
2024-03-09,La Liga,Granada,Sociedad,A,0.2407794981772827,0.2730884567874749,0.48613204503524254,0.20495791792807214,0.2906119731815948,0.504430108890333,2024-03-02
2024-03-09,La Liga,Girona,Osasuna,H,0.6399901050002667,0.20799744514002852,0.15201244985970488,0.6334308212460755,0.21584613730656912,0.15072304144735543,2024-03-02
2024-03-10,La Liga,Betis,Villarreal,A,0.4539475800111816,0.26436713092802094,0.2816852890607973,0.45036714713081316,0.26896926842534674,0.2806635844438401,2024-03-02
2024-03-10,La Liga,Real Madrid,Celta,H,0.7572513550708507,0.16681947937051167,0.07592916555863774,0.7450538225061918,0.16035926643345189,0.09458691106035638,2024-03-02
2024-03-10,La Liga,Alaves,Vallecano,H,0.38951608631440404,0.3171609733117902,0.29332294037380585,0.46049267227938884,0.31142292900945845,0.22808439871115269,2024-03-02
2024-03-10,La Liga,Las Palmas,Ath Bilbao,A,0.33943281937714626,0.33389204035701353,0.32667514026584044,0.20077384873762444,0.27786180212112493,0.5213643491412506,2024-03-02
2024-03-11,La Liga,Almeria,Sevilla,D,0.29759285998431695,0.26570073617669837,0.4367064038389845,0.2773443041566179,0.2821676833593417,0.44048801248404024,2024-03-02
2024-03-15,La Liga,Sociedad,Cadiz,H,0.6251601016608894,0.2606733776232069,0.11416652071590364,0.6716685598134752,0.22598194535780472,0.10234949482872004,2024-03-02
2024-03-16,La Liga,Mallorca,Granada,H,0.4652809638607092,0.2782988501020075,0.25642018603728317,0.5220053994310667,0.28982986356471163,0.1881647370042217,2024-03-02
2024-03-16,La Liga,Osasuna,Real Madrid,A,0.15413313656760722,0.24849128067154136,0.5973755827608516,0.13285246766851455,0.21715123078553164,0.6499963015459538,2024-03-02
2024-03-16,La Liga,Getafe,Girona,H,0.2996508635358365,0.2674442899150262,0.43290484654913725,0.2605091158044123,0.28329416966485643,0.45619671453073135,2024-03-02
2024-03-16,La Liga,Ath Bilbao,Alaves,H,0.6067976578708841,0.25232776168028664,0.14087458044882908,0.6028780024251795,0.25746248909934727,0.13965950847547323,2024-03-02
2024-03-17,La Liga,Ath Madrid,Barcelona,A,0.4429877503460137,0.2576327599808521,0.2993794896731342,0.4299213969995863,0.2730420014370632,0.29703660156335054,2024-03-02
2024-03-17,La Liga,Sevilla,Celta,A,0.496576916077746,0.27267928844793293,0.230743795474321,0.48384335544618023,0.27241600684784933,0.24374063770597043,2024-03-02
2024-03-17,La Liga,Las Palmas,Almeria,A,0.5678737473426669,0.26091678245685257,0.17120947020048022,0.5506317040602211,0.24534475927746552,0.20402353666231346,2024-03-02
2024-03-17,La Liga,Villarreal,Valencia,H,0.5121110370527258,0.2530098502912827,0.23487911265599157,0.4325517220915828,0.2833087302588145,0.2841395476496028,2024-03-02
2024-03-17,La Liga,Vallecano,Betis,H,0.2993799768479966,0.3089669510926138,0.3916530720593898,0.37552682196223525,0.31173540669300936,0.3127377713447554,2024-03-02
2024-03-29,La Liga,Cadiz,Granada,H,0.3855353012975978,0.3006761083369531,0.31378859036544904,0.521688500727802,0.2887918486171761,0.18951965065502183,2024-03-02
2024-03-30,La Liga,Getafe,Sevilla,A,0.3705044414835473,0.3108863760107932,0.31860918250565945,0.35929820195358675,0.3245660424314067,0.3161357556150065,2024-03-02
2024-03-30,La Liga,Almeria,Osasuna,A,0.3615603427765087,0.27988074775972566,0.35855890946376545,0.3849404312265377,0.2978285293587585,0.3172310394147037,2024-03-02
2024-03-30,La Liga,Valencia,Mallorca,D,0.4960827435117478,0.2965596321074976,0.20735762438075467,0.4481199420495245,0.32199346829386366,0.22988658965661182,2024-03-02
2024-03-30,La Liga,Barcelona,Las Palmas,H,0.6284466867160843,0.23767461537198417,0.13387869791193172,0.7649848640999712,0.1445098843727082,0.09050525152732053,2024-03-02
2024-03-31,La Liga,Celta,Vallecano,D,0.47105058846482795,0.2868121835842165,0.2421372279509555,0.506658767162103,0.27325416655933643,0.22008706627856056,2024-03-02
2024-03-31,La Liga,Girona,Betis,H,0.5278713268260445,0.2419789372456055,0.23014973592835006,0.5610099934212588,0.23846370727734092,0.20052629930140034,2024-03-02
2024-03-31,La Liga,Alaves,Sociedad,A,0.2417565437552004,0.31665429431815373,0.44158916192664577,0.23547079456428138,0.32328663544138964,0.44124256999432904,2024-03-02
2024-03-31,La Liga,Real Madrid,Ath Bilbao,H,0.6325747747532586,0.23095257882772613,0.1364726464190153,0.6141876904384027,0.22620432421740708,0.1596079853441902,2024-03-02
2024-04-01,La Liga,Villarreal,Ath Madrid,A,0.34474111144964514,0.24352631175911071,0.4117325767912441,0.2901930568969821,0.26860844935919004,0.44119849374382797,2024-04-01
2024-04-04,La Liga,Granada,Valencia,A,0.3113149427562545,0.2731019339488139,0.41558312329493147,0.3090507726269316,0.30708854549914155,0.38386068187392697,2024-04-01
2024-04-12,La Liga,Betis,Celta,H,0.5181544487730153,0.2647998174441106,0.21704573378287437,0.5166222835810026,0.2660958611321328,0.21728185528686464,2024-04-01
2024-04-13,La Liga,Mallorca,Real Madrid,A,0.13947803641222928,0.24535775484335523,0.6151642087444155,0.1863689006913817,0.27222423696493964,0.5414068623436787,2024-04-01
2024-04-13,La Liga,Cadiz,Barcelona,A,0.13337841038222045,0.23622258556851497,0.6303990040492647,0.2586246028143441,0.28268270540172497,0.45869269178393096,2024-04-01
2024-04-13,La Liga,Ath Madrid,Girona,H,0.5583665920022898,0.21765934132934997,0.22397406666836,0.5114671490406356,0.24917630337877122,0.23935654758059305,2024-04-01
2024-04-13,La Liga,Vallecano,Getafe,D,0.3760517747386096,0.3198748312113444,0.30407339405004585,0.38154612507831326,0.32539886921394606,0.2930550057077406,2024-04-01
2024-04-14,La Liga,Sociedad,Almeria,D,0.687818176250983,0.19528571236331205,0.11689611138570496,0.7496716641393794,0.17279666017397044,0.07753167568665022,2024-04-01
2024-04-14,La Liga,Ath Bilbao,Villarreal,D,0.4951302414244605,0.2504212441708182,0.2544485144047215,0.5989050764636684,0.22721925617591168,0.17387566736041987,2024-04-01
2024-04-14,La Liga,Granada,Alaves,H,0.4207739619550767,0.28245538219322214,0.29677065585170126,0.358958571211454,0.31999267367863177,0.3210487551099143,2024-04-01
2024-04-14,La Liga,Las Palmas,Sevilla,A,0.37451495890991976,0.31233375558323107,0.313151285506849,0.34500370929966095,0.30121066880032316,0.35378562190001595,2024-04-01
2024-04-15,La Liga,Osasuna,Valencia,A,0.38746449870158806,0.3048750950074513,0.3076604062909608,0.3987504928274649,0.32004973766414946,0.28119976950838566,2024-04-01
2024-04-19,La Liga,Ath Bilbao,Granada,D,0.6988870918775736,0.18827762147145435,0.11283528665097191,0.7566446458749424,0.16141752445332103,0.08193782967173657,2024-04-01
2024-04-20,La Liga,Celta,Las Palmas,H,0.4045047979200866,0.312686400155026,0.28280880192488755,0.5741076650647807,0.24688090431538917,0.17901143061983016,2024-04-01
2024-04-20,La Liga,Vallecano,Osasuna,H,0.38878529698091013,0.3066713603834964,0.3045433426355935,0.45607119621752695,0.316427246887079,0.22750155689539403,2024-04-01
2024-04-20,La Liga,Valencia,Betis,A,0.3906788098629225,0.29982257158701026,0.30949861855006733,0.3474856727742352,0.31108241181693436,0.34143191540883033,2024-04-01
2024-04-20,La Liga,Girona,Cadiz,H,0.7040311173310231,0.19033141976154636,0.10563746290743091,0.692552225249773,0.19391462306993643,0.11353315168029066,2024-04-01
2024-04-21,La Liga,Getafe,Sociedad,D,0.2998660190570477,0.3173363635240429,0.38279761741890933,0.24906499545132926,0.31618315980996664,0.43475184473870415,2024-04-01
2024-04-21,La Liga,Almeria,Villarreal,A,0.258505052990128,0.22254218179412022,0.5189527652157517,0.2727923450404155,0.23919722865612789,0.48801042630345676,2024-04-01
2024-04-21,La Liga,Alaves,Ath Madrid,H,0.18004854990704208,0.25798926653504883,0.5619621835579092,0.1799608780699848,0.2811562703760052,0.53888285155401,2024-04-01
2024-04-21,La Liga,Real Madrid,Barcelona,H,0.5160094230409722,0.2487234510054788,0.235267125953549,0.5628178329641531,0.22128973886999653,0.2158924281658503,2024-04-01
2024-04-22,La Liga,Sevilla,Mallorca,H,0.5172824300700043,0.2826948347736398,0.200022735156356,0.4582245248502283,0.30937451996257453,0.23240095518719717,2024-04-01
2024-04-26,La Liga,Sociedad,Real Madrid,A,0.2590345673979905,0.28266706013687704,0.45829837246513244,0.41061411528346814,0.30316369259246717,0.2862221921240646,2024-04-01
2024-04-27,La Liga,Ath Madrid,Ath Bilbao,H,0.5253804183406344,0.25873521316113873,0.21588436849822717,0.49309681086957247,0.27833831444500223,0.22856487468542536,2024-04-01
2024-04-27,La Liga,Alaves,Celta,H,0.3496950384063138,0.3094624961011533,0.34084246549253294,0.3651155172144829,0.3132926696098466,0.32159181317567037,2024-04-01
2024-04-27,La Liga,Las Palmas,Girona,A,0.3091849094603878,0.2769774013879612,0.41383768915165087,0.18442458351852545,0.23705306222990957,0.578522354251565,2024-04-01
2024-04-27,La Liga,Almeria,Getafe,A,0.3439259983929909,0.2827625063234259,0.3733114952835833,0.3755563798219585,0.30021327893175076,0.32423034124629085,2024-04-01
2024-04-28,La Liga,Cadiz,Mallorca,D,0.33696426531659607,0.3528152942576132,0.310220440425791,0.34018175866315414,0.34997116179015136,0.3098470795466945,2024-04-01
2024-04-28,La Liga,Granada,Osasuna,H,0.3508425229774442,0.27079470637048303,0.3783627706520728,0.4070373358872458,0.3118010361443966,0.2811616279683577,2024-04-01
2024-04-28,La Liga,Villarreal,Vallecano,H,0.6070657452667769,0.22306655844999698,0.16986769628322604,0.5423979429745515,0.25617211554734753,0.20142994147810106,2024-04-01
2024-04-28,La Liga,Betis,Sevilla,D,0.45745477255599,0.2756829197228616,0.2668623077211483,0.49100087136804776,0.276974850515309,0.23202427811664308,2024-04-01
2024-04-29,La Liga,Barcelona,Valencia,H,0.679303034565315,0.20323979963133312,0.11745716580335187,0.7279283528392326,0.16521240772631046,0.10685923943445688,2024-04-01
2024-05-03,La Liga,Getafe,Ath Bilbao,A,0.3195108426484266,0.3168880902190704,0.3636010671325033,0.24715896815451754,0.3113252387330942,0.44151579311238814,2024-05-03
2024-05-04,La Liga,Sociedad,Las Palmas,H,0.576738104026245,0.2733372214320963,0.1499246745416584,0.7187036071760832,0.1906188349091773,0.09067755791473948,2024-05-03
2024-05-04,La Liga,Real Madrid,Cadiz,H,0.8158643082292727,0.13883490815558408,0.04530078361514343,0.7108396847018602,0.192195222901497,0.0969650923966429,2024-05-03
2024-05-04,La Liga,Girona,Barcelona,H,0.35367193338953495,0.23457232446018797,0.41175574215027694,0.33214601129421767,0.2501768157048992,0.41767717300088325,2024-05-03
2024-05-04,La Liga,Mallorca,Ath Madrid,A,0.20801740485596412,0.2766484527310957,0.5153341424129403,0.24951076320939342,0.31800391389432486,0.43248532289628183,2024-05-03
2024-05-05,La Liga,Vallecano,Almeria,A,0.5037381532551788,0.26088607138961273,0.2353757753552085,0.5817778347669305,0.24472770379364578,0.17349446143942387,2024-05-03
2024-05-05,La Liga,Sevilla,Granada,H,0.621099737396811,0.21496332327960427,0.16393693932358486,0.5637604228624015,0.2461086109957691,0.1901309661418295,2024-05-03
2024-05-05,La Liga,Osasuna,Betis,A,0.33456702038375735,0.29738581623466165,0.36804716338158094,0.284325637910085,0.3001215066828676,0.41555285540704745,2024-05-03
2024-05-05,La Liga,Celta,Villarreal,H,0.3446974203093534,0.2523135671318423,0.40298901255880415,0.34262481103516923,0.26659026392873436,0.3907849250360965,2024-05-03
2024-05-05,La Liga,Valencia,Alaves,A,0.5018603555346199,0.2956214004962181,0.202518243969162,0.4360587078051237,0.31267232103068354,0.25126897116419267,2024-05-03
2024-05-10,La Liga,Alaves,Girona,D,0.24942084381856894,0.2566646384467599,0.4939145177346711,0.3049469457459064,0.2665152758710798,0.4285377783830138,2024-05-03
2024-05-11,La Liga,Mallorca,Las Palmas,H,0.4065867399041085,0.34001124192669935,0.25340201816919206,0.5908883784512662,0.27452037979038996,0.13459124175834397,2024-05-03
2024-05-11,La Liga,Villarreal,Sevilla,H,0.5143210618017461,0.23857861567162142,0.24710032252663247,0.48179684515037396,0.2508323781452978,0.26737077670432835,2024-05-03
2024-05-11,La Liga,Granada,Real Madrid,A,0.11002308041859724,0.1778133029975902,0.7121636165838124,0.16798067379538945,0.21070619299986895,0.6213131332047417,2024-05-03
2024-05-11,La Liga,Ath Bilbao,Osasuna,D,0.5725950532879538,0.2598875622022707,0.1675173845097754,0.6855448999055848,0.21151385314373622,0.10294124695067886,2024-05-03
2024-05-12,La Liga,Cadiz,Getafe,H,0.297726577741981,0.3416737765143435,0.36059964574367553,0.45661544524633085,0.30204686284928095,0.24133769190438825,2024-05-03
2024-05-12,La Liga,Ath Madrid,Celta,H,0.6918804149320426,0.189427924328841,0.11869166073911615,0.6972768760665105,0.19041549267828087,0.11230763125520851,2024-05-03
2024-05-12,La Liga,Valencia,Vallecano,D,0.4995483393613827,0.29142641700132654,0.2090252436372907,0.4265521869426927,0.31271350039528595,0.2607343126620213,2024-05-03
2024-05-12,La Liga,Betis,Almeria,H,0.65465700203096,0.20318384999348302,0.14215914797555718,0.7066381156316915,0.17601713062098498,0.11734475374732332,2024-05-03
2024-05-13,La Liga,Barcelona,Sociedad,H,0.5909493663268615,0.2373584621332509,0.17169217153988758,0.5608028569726642,0.244380086287836,0.19481705673949976,2024-05-03
2024-05-14,La Liga,Girona,Villarreal,A,0.5492250611820145,0.20714438725923515,0.24363055155875019,0.563713349844212,0.21642566110090275,0.21986098905488535,2024-05-03
2024-05-14,La Liga,Real Madrid,Alaves,H,0.7864124607335807,0.1546051850633153,0.058982354203104014,0.8020563126773725,0.12953803165717995,0.06840565566544754,2024-05-03
2024-05-14,La Liga,Osasuna,Mallorca,D,0.42861536517161375,0.3174641983537617,0.2539204364746247,0.3517419936711321,0.3359742491272538,0.31228375720161405,2024-05-03
2024-05-15,La Liga,Sevilla,Cadiz,A,0.5945070637781555,0.2581374368947307,0.14735549932711378,0.4440334232744364,0.2843371920967882,0.2716293846287753,2024-05-03
2024-05-15,La Liga,Vallecano,Granada,H,0.4761611293256977,0.2704517576741783,0.25338711300012384,0.6245106458916562,0.22992672235916084,0.14556263174918302,2024-05-03
2024-05-15,La Liga,Celta,Ath Bilbao,H,0.31657984359753527,0.28957125159929004,0.39384890480317464,0.4234713901703928,0.30061240660243926,0.2759162032271681,2024-05-03
2024-05-15,La Liga,Getafe,Ath Madrid,A,0.24969688330131196,0.2802520414406381,0.4700510752580497,0.19019624794674506,0.25866689720757324,0.5511368548456816,2024-05-03
2024-05-16,La Liga,Las Palmas,Betis,D,0.3012961808155861,0.3149772422014899,0.3837265769829243,0.30049261083743845,0.30049261083743845,0.3990147783251232,2024-05-03
2024-05-16,La Liga,Almeria,Barcelona,A,0.1300892544249276,0.1779890820471657,0.6919216635279066,0.13553713489395428,0.17716462787783785,0.6872982372282079,2024-05-03
2024-05-16,La Liga,Sociedad,Valencia,H,0.5090333041643914,0.2856496845456789,0.20531701128992955,0.6591807608392526,0.2258731278400236,0.11494611132072377,2024-05-03
2024-05-18,La Liga,Alaves,Getafe,H,0.3500008715448591,0.3313822004865788,0.31861692796856195,0.48810545902805846,0.2865279833232556,0.22536655764868596,2024-05-03
2024-05-19,La Liga,Mallorca,Almeria,D,0.49653036646658194,0.272659397478272,0.23081023605514622,0.6983045673807159,0.2052100102873562,0.09648542233192792,2024-05-03
2024-05-19,La Liga,Villarreal,Real Madrid,D,0.24007142352702981,0.23651201651614892,0.5234165599568213,0.32207690806168265,0.24562430867330343,0.432298783265014,2024-05-03
2024-05-19,La Liga,Valencia,Girona,A,0.33872344204209837,0.25986832857506914,0.40140822938283255,0.24393002814577242,0.25820252979259956,0.4978674420616279,2024-05-03
2024-05-19,La Liga,Granada,Celta,A,0.38311868244834374,0.2621737468298596,0.3547075707217966,0.24142430178385652,0.29305419764727164,0.46552150056887176,2024-05-03
2024-05-19,La Liga,Cadiz,Las Palmas,D,0.34489914394653715,0.35063210885345397,0.30446874720000894,0.5037779084753063,0.2834668697834813,0.21275522174121247,2024-05-03
2024-05-19,La Liga,Betis,Sociedad,A,0.3862214844004786,0.3006378346023236,0.31314068099719766,0.28045074942010284,0.3190701968812318,0.4004790536986653,2024-05-03
2024-05-19,La Liga,Barcelona,Vallecano,H,0.7532608930947106,0.1666457387014271,0.08009336820386238,0.7432524566838103,0.15944359631830915,0.09730394699788052,2024-05-03
2024-05-19,La Liga,Ath Madrid,Osasuna,A,0.6934912880851414,0.1953000113272983,0.1112087005875603,0.7399275954688777,0.16828214410837322,0.09179026042274903,2024-05-03
2024-05-19,La Liga,Ath Bilbao,Sevilla,H,0.4924149083308421,0.27495618561386037,0.23262890605529776,0.620674583273905,0.22465251737988212,0.15467289934621276,2024-05-03
2024-05-24,La Liga,Girona,Granada,H,0.7517954069533062,0.14583726490859703,0.10236732813809696,0.7907618618799612,0.1272730173474344,0.0819651207726043,2024-05-03
2024-05-25,La Liga,Osasuna,Villarreal,D,0.3196718613299054,0.26333300276542093,0.41699513590467385,0.377199289223995,0.25277251070075507,0.3700282000752499,2024-05-03
2024-05-25,La Liga,Sociedad,Ath Madrid,A,0.3532146857168899,0.2859221227515674,0.3608631915315426,0.3618338573109341,0.29054718691534703,0.3476189557737188,2024-05-03
2024-05-25,La Liga,Almeria,Cadiz,H,0.45157444700480204,0.284695199219839,0.263730353775359,0.4379072127819794,0.25924106996693186,0.3028517172510886,2024-05-03
2024-05-25,La Liga,Vallecano,Ath Bilbao,A,0.2729731466528343,0.307695559089753,0.4193312942574127,0.29580746223988424,0.300372392212722,0.40382014554739387,2024-05-03
2024-05-25,La Liga,Real Madrid,Betis,D,0.6974838411664881,0.19501690406427005,0.1074992547692418,0.8011652093335042,0.11957689691544841,0.0792578937510474,2024-05-03
2024-05-26,La Liga,Las Palmas,Alaves,D,0.40453365003627273,0.33327036588653625,0.26219598407719086,0.4093628634407474,0.2783667471397082,0.31227038941954444,2024-05-03
2024-05-26,La Liga,Sevilla,Barcelona,A,0.26181832942821703,0.25430316497400157,0.4838785055977813,0.20507497754128945,0.22095777762421395,0.5739672448344966,2024-05-03
2024-05-26,La Liga,Getafe,Mallorca,A,0.4504264734213224,0.3235897976782561,0.22598372890042154,0.4037609657003862,0.31088304387793314,0.2853559904216806,2024-05-03
2024-05-26,La Liga,Celta,Valencia,D,0.3971615045792773,0.29100148592145064,0.311837009499272,0.5087681175871542,0.2570759535956256,0.23415592881722033,2024-05-03
2024-08-15,La Liga,Ath Bilbao,Getafe,D,0.5616966881152975,0.2696805444991492,0.16862276738555332,0.6030649276556632,0.2617074214354765,0.13522765090886044,2024-08-15
2024-08-15,La Liga,Betis,Girona,D,0.36704787281972123,0.24472716774141134,0.3882249594388673,0.41369865072536194,0.2834378510800584,0.3028634981945796,2024-08-15
2024-08-16,La Liga,Celta,Alaves,H,0.4944462965556555,0.27575072250162097,0.22980298094272342,0.4524494652187677,0.29748206428756896,0.2500684704936634,2024-08-15
2024-08-16,La Liga,Las Palmas,Sevilla,D,0.3057812561025814,0.30619333616672156,0.38802540773069705,0.36767119056352443,0.29979343230564304,0.33253537713083264,2024-08-15
2024-08-17,La Liga,Osasuna,Leganes,D,0.4588444161474943,0.30543471996183147,0.23572086389067437,0.5166875083467893,0.29615015722315974,0.18716233443005084,2024-08-15
2024-08-17,La Liga,Valencia,Barcelona,A,0.21714715748534671,0.25366510419476823,0.5291877383198851,0.2279323555589954,0.2610193103982044,0.5110483340428003,2024-08-15
2024-08-18,La Liga,Sociedad,Vallecano,A,0.5864588388311854,0.2668679745480997,0.1466731866207148,0.5411609917655332,0.2882970759703287,0.17054193226413814,2024-08-15
2024-08-18,La Liga,Mallorca,Real Madrid,D,0.13855177095649754,0.23778768913182755,0.6236605399116751,0.10343472451465849,0.20576907961958657,0.6907961958657549,2024-08-15
2024-08-19,La Liga,Valladolid,Espanol,H,0.3620277344909167,0.27130113730880223,0.36667112820028125,0.41744637761207765,0.32859799318788546,0.2539556292000368,2024-08-15
2024-08-19,La Liga,Villarreal,Ath Madrid,D,0.35588297962938287,0.23900086788348276,0.4051161524871342,0.27657742962899207,0.2727037961607989,0.4507187742102092,2024-08-15
2024-08-23,La Liga,Sevilla,Villarreal,A,0.4107677559977611,0.24550285532059257,0.34372938868164643,0.4396613050917329,0.26767258519358944,0.29266610971467766,2024-08-15
2024-08-23,La Liga,Celta,Valencia,H,0.4267489676100461,0.28313384461955865,0.29011718777039536,0.44645903590557434,0.28541955961118826,0.2681214044832375,2024-08-15
2024-08-24,La Liga,Getafe,Vallecano,D,0.4420810105794622,0.31804416205847674,0.2398748273620613,0.3553065718811575,0.3514584862651161,0.2932349418537264,2024-08-15
2024-08-24,La Liga,Espanol,Sociedad,A,0.2854680565842539,0.2705894723398613,0.44394247107588486,0.24932830646559195,0.31266250650025995,0.43800918703414793,2024-08-15
2024-08-24,La Liga,Osasuna,Mallorca,H,0.4374525321179278,0.30722778616883517,0.2553196817132369,0.40070248324048724,0.3202983665376264,0.27899915022188654,2024-08-15
2024-08-24,La Liga,Barcelona,Ath Bilbao,H,0.5912750390923409,0.2319540536663919,0.1767709072412673,0.6056894508099566,0.22125642038719878,0.17305412880284474,2024-08-15
2024-08-25,La Liga,Real Madrid,Valladolid,H,0.8561727740631448,0.10568883719570449,0.038138388741150504,0.8513215338303204,0.1004665164147583,0.048211949754921275,2024-08-15
2024-08-25,La Liga,Leganes,Las Palmas,H,0.40206320573684445,0.34116449726827236,0.2567722969948833,0.4040437445976925,0.3224322597617348,0.2735239956405728,2024-08-15
2024-08-25,La Liga,Alaves,Betis,D,0.3020669355921777,0.3021690491776262,0.3957640152301961,0.38774178032775625,0.32768749785275014,0.28457072181949356,2024-08-15
2024-08-25,La Liga,Ath Madrid,Girona,H,0.5330093420532281,0.21699633302211627,0.2499943249246556,0.647002772002772,0.21006583506583507,0.14293139293139293,2024-08-15
2024-08-26,La Liga,Villarreal,Celta,H,0.5929805402843116,0.21004931857828063,0.19697014113740788,0.5769425523921531,0.23188121722938212,0.1911762303784649,2024-08-15
2024-08-27,La Liga,Mallorca,Sevilla,D,0.3374647218882174,0.3066924413182523,0.35584283679353046,0.41056976337305334,0.30407823099816766,0.285352005628779,2024-08-15
2024-08-27,La Liga,Vallecano,Barcelona,A,0.1606046752480338,0.23736352779537978,0.6020317969565863,0.18328472450618774,0.2430015520395321,0.57371372345428,2024-08-15
2024-08-28,La Liga,Ath Bilbao,Valencia,H,0.531031120037215,0.27440499851389993,0.19456388144888503,0.5540049148444819,0.26062059166071055,0.1853744934948075,2024-08-15
2024-08-28,La Liga,Valladolid,Leganes,D,0.35573968748091195,0.3261309440909471,0.318129368428141,0.43895693401817465,0.32161201106282106,0.23943105491900435,2024-08-15
2024-08-28,La Liga,Ath Madrid,Espanol,D,0.742037957277024,0.15774515183689153,0.10021689088608428,0.762100545135622,0.16920763851787415,0.0686918163465039,2024-08-15
2024-08-28,La Liga,Sociedad,Alaves,A,0.5834389124931716,0.26520560392369386,0.1513554835831345,0.5914321860991192,0.25865300938734814,0.14991480451353253,2024-08-15
2024-08-29,La Liga,Las Palmas,Real Madrid,D,0.119858500628759,0.22384070258579897,0.6563007967854421,0.0975129686177845,0.17370589750193152,0.7287811338802841,2024-08-15
2024-08-29,La Liga,Girona,Osasuna,H,0.6787899626385745,0.18337070047430445,0.13783933688712094,0.5782055826672388,0.24224074286308261,0.1795536744696786,2024-08-15
2024-08-31,La Liga,Barcelona,Valladolid,H,0.8213457236109959,0.12475726710703675,0.05389700928196719,0.8107818317618847,0.12433381182946429,0.06488435640865116,2024-08-15
2024-08-31,La Liga,Ath Bilbao,Ath Madrid,A,0.3573067746728359,0.2794704230818383,0.3632228022453258,0.34532474478524755,0.3005604260167895,0.35411482919796294,2024-08-15
2024-08-31,La Liga,Espanol,Vallecano,H,0.46831787985260453,0.2728128756073275,0.25886924454006804,0.3367439096386248,0.33558272374331927,0.3276733666180558,2024-08-15
2024-08-31,La Liga,Leganes,Mallorca,A,0.37275093372017154,0.34401257196908885,0.28323649431073944,0.34176050679491804,0.3529048711469263,0.30533462205815565,2024-08-15
2024-08-31,La Liga,Valencia,Villarreal,D,0.35953406724761217,0.2617063739048062,0.3787595588475817,0.36433756277162205,0.30590606685541843,0.3297563703729596,2024-08-15
2024-09-01,La Liga,Alaves,Las Palmas,H,0.4173337868071925,0.3267688698203345,0.255897343372473,0.5590539087697742,0.26724005529104594,0.17370603593917988,2024-08-15
2024-09-01,La Liga,Osasuna,Celta,H,0.42360413498399885,0.2759374527262022,0.3004584122897992,0.3905684442759143,0.29470164431728085,0.31472991140680484,2024-08-15
2024-09-01,La Liga,Sevilla,Girona,A,0.34422059051966725,0.23868469372048925,0.4170947157598437,0.32620645693501815,0.26705913232592143,0.4067344107390603,2024-08-15
2024-09-01,La Liga,Getafe,Sociedad,D,0.2836683286857803,0.31827829084077774,0.39805338047344196,0.3049135422016778,0.3549905838041431,0.3400958739941791,2024-08-15
2024-09-01,La Liga,Real Madrid,Betis,H,0.7054401852433566,0.18710012836369364,0.10745968639294955,0.7634190216445192,0.1561538907909244,0.08042708756455638,2024-08-15
2024-09-13,La Liga,Betis,Leganes,H,0.5494962962433095,0.27572274592076795,0.17478095783592248,0.5749201215962745,0.26904339952137635,0.15603647888234912,2024-08-15
2024-09-14,La Liga,Espanol,Alaves,H,0.42882565211507845,0.29194253623032507,0.27923181165459654,0.3234953861494895,0.3224242093741601,0.35408040447635036,2024-09-14
2024-09-14,La Liga,Sevilla,Getafe,H,0.4904174348603293,0.2911651512451908,0.2184174138944798,0.42327701895325115,0.31711307608875494,0.259609904957994,2024-09-14
2024-09-14,La Liga,Mallorca,Villarreal,A,0.305138692914618,0.27943203803138217,0.41542926905399974,0.4028101097439309,0.3017958097771866,0.29539408047888266,2024-09-14
2024-09-14,La Liga,Sociedad,Real Madrid,A,0.23887304778147556,0.2843782125131318,0.4767487397053928,0.19319843308019027,0.2577687316693255,0.5490328352504843,2024-09-14
2024-09-15,La Liga,Ath Madrid,Valencia,H,0.6585592068896539,0.21793177836753092,0.12350901474281512,0.6958931646240271,0.19862248435880853,0.1054843510171644,2024-09-14
2024-09-15,La Liga,Las Palmas,Ath Bilbao,A,0.2479600780578252,0.3122517815555848,0.43978814038658987,0.2502190292623095,0.28628000700893647,0.4635009637287542,2024-09-14
2024-09-15,La Liga,Celta,Valladolid,H,0.6419019492478988,0.21948250362382102,0.13861554712828014,0.5886151362570626,0.2409962716685244,0.17038859207441284,2024-09-14
2024-09-15,La Liga,Girona,Barcelona,A,0.3773840788469741,0.23131436293505891,0.3913015582179669,0.22025514189013276,0.22910700338453524,0.550637854725332,2024-09-14
2024-09-16,La Liga,Vallecano,Osasuna,H,0.3894298329397897,0.31074312944626353,0.29982703761394686,0.45062563408860323,0.31197159283057146,0.23740277308082516,2024-09-14
2024-09-17,La Liga,Mallorca,Sociedad,H,0.28305652192974545,0.3410095554930627,0.3759339225771917,0.316446282912319,0.36503915781645796,0.3185145592712231,2024-09-14
2024-09-18,La Liga,Betis,Getafe,H,0.5176897928498387,0.2906986793943487,0.19161152775581242,0.5035744906582121,0.30952190030902843,0.18690360903275946,2024-09-14
2024-09-19,La Liga,Leganes,Ath Bilbao,A,0.20941081166578351,0.3330444918346575,0.4575446964995592,0.2315989847715736,0.32423857868020306,0.4441624365482234,2024-09-14
2024-09-20,La Liga,Alaves,Sevilla,H,0.35424309571439455,0.305125577326752,0.3406313269588536,0.4443770774011238,0.2940138367095048,0.26160908588937126,2024-09-14
2024-09-21,La Liga,Valladolid,Sociedad,D,0.18808334411101799,0.2885657129371046,0.5233509429518773,0.24057979301275087,0.317628223454743,0.44179198353250615,2024-09-14
2024-09-21,La Liga,Osasuna,Las Palmas,H,0.482146471364291,0.29306191011103344,0.22479161852467558,0.5253367543296985,0.2669980756895446,0.20766516998075693,2024-09-14
2024-09-21,La Liga,Valencia,Girona,H,0.2811002643908909,0.2545804277525155,0.4643193078565936,0.3831202321660881,0.3079510726904632,0.3089286951434488,2024-09-14
2024-09-21,La Liga,Real Madrid,Espanol,H,0.8248148959343139,0.12225783963363646,0.052927264432049724,0.8554874762373168,0.09914880493827363,0.04536371882440957,2024-09-14
2024-09-22,La Liga,Vallecano,Ath Madrid,D,0.19254672253847033,0.27109174199421016,0.5363615354673195,0.16455294863665187,0.2742549143944198,0.5611921369689284,2024-09-14
2024-09-22,La Liga,Villarreal,Barcelona,A,0.2974513938069977,0.2259905924622427,0.4765580137307596,0.2505612095792614,0.23365587495704618,0.5157829154636924,2024-09-14
2024-09-22,La Liga,Getafe,Leganes,D,0.4671792996078965,0.34332447886833845,0.18949622152376508,0.4713894210639836,0.34434830049354836,0.184262278442468,2024-09-14
2024-09-22,La Liga,Ath Bilbao,Celta,H,0.5625658649013925,0.24712827960275813,0.19030585549584927,0.532008830022075,0.2660044150110375,0.20198675496688742,2024-09-14
2024-09-23,La Liga,Betis,Mallorca,A,0.5168443855227541,0.2973296133572843,0.18582600111996156,0.5168284194862248,0.30651022985302917,0.17666135066074592,2024-09-14
2024-09-24,La Liga,Sevilla,Valladolid,H,0.6514839839926587,0.22405927140339676,0.12445674460394435,0.6019840145665507,0.24169433003794183,0.15632165539550752,2024-09-14
2024-09-24,La Liga,Valencia,Osasuna,D,0.45630459325769057,0.29230417059726543,0.25139123614504405,0.4861702931523321,0.30290983997030035,0.2109198668773675,2024-09-14
2024-09-24,La Liga,Real Madrid,Alaves,H,0.7805555560100408,0.15692983207582042,0.06251461191413875,0.8347360009127376,0.11939503835496616,0.045868960732296335,2024-09-14
2024-09-25,La Liga,Girona,Vallecano,D,0.7104229531380722,0.1818107355232767,0.10776631133865107,0.56973293768546,0.2522255192878338,0.17804154302670622,2024-09-14
2024-09-25,La Liga,Barcelona,Getafe,H,0.737874761409987,0.17745076843130064,0.08467447015871264,0.7579316326552042,0.16115489863765142,0.0809134687071444,2024-09-14
2024-09-26,La Liga,Espanol,Villarreal,A,0.3058781392141152,0.23810067079086342,0.4560211899950211,0.2679580765188741,0.2732269151021104,0.45881500837901545,2024-09-14
2024-09-26,La Liga,Las Palmas,Betis,D,0.28023258020516345,0.3120417188667728,0.40772570092806365,0.2637913524492751,0.28969943170768603,0.446509215843039,2024-09-14
2024-09-26,La Liga,Celta,Ath Madrid,A,0.2478618562440317,0.24863695432054053,0.5035011894354279,0.23008735486301843,0.2719800105103467,0.49793263462663484,2024-09-14
2024-09-27,La Liga,Valladolid,Mallorca,A,0.2870245087604707,0.33793906803810564,0.37503642320142366,0.28846900827240873,0.3317885863064906,0.3797424054211006,2024-09-14
2024-09-28,La Liga,Sociedad,Valencia,H,0.5187117408637273,0.2892888608133823,0.19199939832289048,0.521492241465009,0.2930439785875881,0.18546377994740282,2024-09-14
2024-09-28,La Liga,Osasuna,Barcelona,H,0.18119538183176032,0.22856632139022706,0.5902382967780126,0.21721969676348096,0.24335138960720795,0.539428913629311,2024-09-14
2024-09-28,La Liga,Getafe,Alaves,H,0.4168785606706972,0.32883166525686297,0.2542897740724399,0.3771853394136218,0.35909157774433376,0.2637230828420446,2024-09-14
2024-09-28,La Liga,Vallecano,Leganes,D,0.4444088850412954,0.34665337372837013,0.20893774123033432,0.5113382593186553,0.31039702642346484,0.17826471425787982,2024-09-14
2024-09-29,La Liga,Celta,Girona,D,0.2924880271239447,0.22757597171196398,0.4799360011640911,0.37431394072447854,0.28540065861690445,0.3402854006586169,2024-09-14
2024-09-29,La Liga,Ath Bilbao,Sevilla,D,0.5144684792161913,0.27313436022222515,0.21239716056158361,0.5589958614993246,0.25503259463629663,0.18597154386437875,2024-09-14
2024-09-29,La Liga,Betis,Espanol,H,0.5770669228915924,0.24427486146814828,0.17865821564025916,0.6447198033088776,0.23014820401806263,0.12513199267305977,2024-09-14
2024-09-29,La Liga,Ath Madrid,Real Madrid,D,0.34463170387161285,0.2748505910471714,0.3805177050812157,0.34243910031909097,0.3039147015331932,0.35364619814771575,2024-09-14
2024-09-30,La Liga,Villarreal,Las Palmas,H,0.6620084543885939,0.20318748929467384,0.13480405631673217,0.6442078208187995,0.2023131999265651,0.1534789792546356,2024-09-14
2024-10-04,La Liga,Leganes,Valencia,D,0.2877655582697607,0.3536670159576179,0.35856742577262124,0.32476635514018687,0.3504672897196262,0.32476635514018687,2024-09-14
2024-10-05,La Liga,Espanol,Mallorca,H,0.4143444672480339,0.30770021089582333,0.2779553218561428,0.25689298622697565,0.3322950231400128,0.4108119906330116,2024-09-14
2024-10-05,La Liga,Getafe,Osasuna,D,0.4161336522918554,0.31118836785367715,0.27267797985446757,0.4404764027314707,0.31916486886444273,0.2403587284040865,2024-09-14
2024-10-05,La Liga,Las Palmas,Celta,A,0.3504864080811098,0.29078236501562693,0.3587312269032633,0.2551190086899651,0.27303466941257504,0.4718463218974598,2024-09-14
2024-10-05,La Liga,Valladolid,Vallecano,A,0.3106708285867656,0.3263084700325795,0.36302070138065506,0.27708797152657016,0.329910762085147,0.39300126638828276,2024-09-14
2024-10-05,La Liga,Real Madrid,Villarreal,H,0.7265101420827131,0.1628533616897017,0.11063649622758513,0.7590132827324478,0.1469431202850928,0.0940435969824594,2024-09-14
2024-10-06,La Liga,Sociedad,Ath Madrid,D,0.3280160410145973,0.29795284075896483,0.3740311182264381,0.3372564414507208,0.3133990726021168,0.34934448594716244,2024-09-14
2024-10-06,La Liga,Sevilla,Betis,H,0.4019876994916876,0.2893324332380086,0.3086798672703039,0.35126286067168727,0.3012378093066792,0.34749933002163347,2024-09-14
2024-10-06,La Liga,Alaves,Barcelona,A,0.17108586348908789,0.24082355319785115,0.588090583313061,0.19860460831036997,0.23345589774944928,0.5679394939401807,2024-09-14
2024-10-06,La Liga,Girona,Ath Bilbao,H,0.5328382884346232,0.23967628856603815,0.22748542299933855,0.4020041753653445,0.29302713987473905,0.3049686847599165,2024-09-14
2024-10-18,La Liga,Alaves,Valladolid,A,0.5570921725660181,0.2722876110298581,0.17062021640412386,0.5990439561772807,0.24568385038156826,0.15527219344115117,2024-10-18
2024-10-19,La Liga,Ath Bilbao,Espanol,H,0.6276243133680204,0.22549519440602767,0.14688049222595193,0.686880727110184,0.21008716382328835,0.1030321090665276,2024-10-18
2024-10-19,La Liga,Osasuna,Betis,A,0.3577542922944154,0.2984091076231303,0.3438366000824542,0.3991333581234396,0.3101545840194881,0.2907120578570724,2024-10-18
2024-10-19,La Liga,Girona,Sociedad,A,0.5043210722690397,0.2597027699087041,0.23597615782225634,0.34739299610894936,0.3039688715953307,0.3486381322957198,2024-10-18
2024-10-19,La Liga,Celta,Real Madrid,A,0.16107475764788295,0.22233195905724065,0.6165932832948765,0.1631195173409335,0.21472591331383947,0.6221545693452271,2024-10-18
2024-10-20,La Liga,Mallorca,Vallecano,H,0.41212026182971967,0.33964713970459126,0.24823259846568901,0.4723866343616498,0.30794824898259443,0.2196651166557559,2024-10-18
2024-10-20,La Liga,Ath Madrid,Leganes,H,0.7335179297033333,0.20154528587583026,0.0649367844208365,0.6875330333603612,0.21074382109524117,0.10172314554439763,2024-10-18
2024-10-20,La Liga,Villarreal,Getafe,D,0.5879485817588449,0.23802774903432794,0.1740236692068273,0.5217963617755226,0.2780920438115966,0.20011159441288084,2024-10-18
2024-10-20,La Liga,Barcelona,Sevilla,H,0.7206035389924049,0.17607894989616543,0.10331751111142959,0.7479929227423295,0.15740797232261097,0.09459910493505935,2024-10-18
2024-10-21,La Liga,Valencia,Las Palmas,A,0.4980284987172672,0.30240650947634684,0.19956499180638598,0.5039369323576519,0.28690214733046254,0.20916092031188557,2024-10-18
2024-10-25,La Liga,Espanol,Sevilla,A,0.3618727480553622,0.27750267390709854,0.36062457803753933,0.3150219943888331,0.3032454712341103,0.38173253437705656,2024-10-18
2024-10-26,La Liga,Real Madrid,Barcelona,A,0.5216236462518344,0.2435370533069382,0.23483930044122725,0.48800561355647665,0.2404320339961178,0.27156235244740573,2024-10-18
2024-10-26,La Liga,Las Palmas,Girona,H,0.2120128531094418,0.24568944550896094,0.5422977013815974,0.36471908040324563,0.3016812146545365,0.33359970494221786,2024-10-18
2024-10-26,La Liga,Vallecano,Alaves,H,0.42706345358131803,0.317829949340252,0.2551065970784298,0.4655241104781234,0.31385335190299285,0.22062253761888384,2024-10-18
2024-10-26,La Liga,Valladolid,Villarreal,A,0.18381596667550376,0.2251142796480376,0.5910697536764586,0.24241767617603044,0.27153488309102847,0.48604744073294104,2024-10-18
2024-10-27,La Liga,Leganes,Celta,H,0.27396648443084304,0.3315164846951813,0.3945170308739758,0.2511025979461095,0.2990052474004443,0.4498921546534462,2024-10-18
2024-10-27,La Liga,Getafe,Valencia,D,0.38775341533552526,0.340290467438384,0.27195611722609075,0.45460498778034314,0.3366279148269669,0.20876709739268978,2024-10-18
2024-10-27,La Liga,Betis,Ath Madrid,H,0.28373808974411,0.2933750888812182,0.42288682137467193,0.2685450990937302,0.29893093599424403,0.4325239649120257,2024-10-18
2024-10-27,La Liga,Sociedad,Osasuna,A,0.5430898670563531,0.27524414250377854,0.1816659904398682,0.5914487204127797,0.254586850781354,0.15396442880586647,2024-10-18
2024-10-28,La Liga,Mallorca,Ath Bilbao,D,0.2848067227967787,0.3290048281991422,0.38618844900407895,0.383047511948271,0.32175991003654764,0.29519257801518134,2024-10-18
2024-11-01,La Liga,Alaves,Mallorca,H,0.38483235886963335,0.3328546858273438,0.28231295530302275,0.40737560177698473,0.3322961393334449,0.2603282588895704,2024-10-18
2024-11-02,La Liga,Osasuna,Valladolid,H,0.6112695892890172,0.24223616467769038,0.14649424603329236,0.5644991821835158,0.26456092462006736,0.17093989319641675,2024-10-18
2024-11-02,La Liga,Girona,Leganes,H,0.7194036511352213,0.19569408886757142,0.08490225999720745,0.5637098421092231,0.27083266157202895,0.16545749631874807,2024-10-18
2024-11-03,La Liga,Sevilla,Sociedad,A,0.3642903827174489,0.3147558775453608,0.32095373973719005,0.28296661951058,0.3080396111127833,0.4089937693766367,2024-10-18
2024-11-03,La Liga,Ath Bilbao,Betis,D,0.4844041750838166,0.2900638726084069,0.22553195230777673,0.5027817092021418,0.2756729257841289,0.22154536501372915,2024-10-18
2024-11-03,La Liga,Ath Madrid,Las Palmas,H,0.7499591333598727,0.17652244007419388,0.07351842656593344,0.7215567081193028,0.17741027318896618,0.10103301869173101,2024-10-18
2024-11-03,La Liga,Barcelona,Espanol,H,0.8200951461515749,0.11959831982937878,0.06030653401904637,0.8326983781430283,0.11363883748775444,0.05366278436921737,2024-10-18
2024-11-04,La Liga,Celta,Getafe,H,0.46592009764422954,0.2931610972706395,0.24091880508513097,0.45115121344119474,0.3248288736776602,0.22401991288114503,2024-10-18
2024-11-08,La Liga,Vallecano,Las Palmas,A,0.4683447201975911,0.31310226537841385,0.2185530144239948,0.5133464429871193,0.28452339508670244,0.20213016192617822,2024-10-18
2024-11-09,La Liga,Real Madrid,Osasuna,H,0.7904404721673866,0.14597625401767253,0.063583273814941,0.769914124962985,0.1492448919159017,0.08084098312111342,2024-10-18
2024-11-09,La Liga,Villarreal,Alaves,H,0.635567156269347,0.20963699993182972,0.1547958437988231,0.6140554170181601,0.23434965190548146,0.1515949310763583,2024-10-18
2024-11-09,La Liga,Leganes,Sevilla,H,0.2451395698012614,0.3447217177496569,0.4101387124490819,0.30512383008523597,0.3233704378644195,0.3715057320503445,2024-10-18
2024-11-10,La Liga,Betis,Celta,D,0.5086679928590198,0.26569464790695363,0.22563735923402664,0.4296481864720618,0.3004901426859819,0.26986167084195617,2024-10-18
2024-11-10,La Liga,Mallorca,Ath Madrid,A,0.20836935229490666,0.29734492111837924,0.4942857265867141,0.2725055859902231,0.3320289904385995,0.3954654235711775,2024-10-18
2024-11-10,La Liga,Getafe,Girona,A,0.2726297431470513,0.27667985794308725,0.4506903989098614,0.37393086655673535,0.3375764767526083,0.2884926566906564,2024-10-18
2024-11-10,La Liga,Valladolid,Ath Bilbao,D,0.17140512679209638,0.26873609107551194,0.5598587821323919,0.20738775785141728,0.2897237930580993,0.5028884490904834,2024-10-18
2024-11-10,La Liga,Sociedad,Barcelona,H,0.27440593860331636,0.2809399626715327,0.4446540987251507,0.23863462121928858,0.2568942624207645,0.5044711163599469,2024-10-18
2024-11-22,La Liga,Getafe,Valladolid,H,0.5308085723435912,0.2917331068284875,0.17745832082792112,0.5807164196533705,0.2770846916631796,0.14219888868344993,2024-11-22
2024-11-23,La Liga,Celta,Barcelona,D,0.1818622393125042,0.20644497460844796,0.611692786079048,0.21921838812579209,0.22584592079006016,0.5549356910841479,2024-11-22
2024-11-23,La Liga,Las Palmas,Mallorca,A,0.3849787674515644,0.33164190029100815,0.2833793322574274,0.339012211477929,0.3243216823138854,0.33666610620818554,2024-11-22
2024-11-23,La Liga,Girona,Espanol,H,0.7269112064448243,0.15792202005856454,0.11516677349661136,0.5416308962229361,0.2656217271887824,0.19274737658828145,2024-11-22
2024-11-23,La Liga,Ath Madrid,Alaves,H,0.7297444498549658,0.18310415472533817,0.0871513954196959,0.6637697414837999,0.21975143368851424,0.11647882482768603,2024-11-22
2024-11-23,La Liga,Valencia,Betis,H,0.3431045464269522,0.30933595340494424,0.3475595001681033,0.3786357974943219,0.32009671038171295,0.30126749212396514,2024-11-22
2024-11-24,La Liga,Osasuna,Villarreal,D,0.3439225708813409,0.245591548516723,0.41048588060193614,0.3660145086832271,0.2923719498790943,0.3416135414376786,2024-11-22
2024-11-24,La Liga,Sevilla,Vallecano,H,0.5036743232495774,0.28350062123827396,0.21282505551214861,0.4763461067080643,0.2944685023286216,0.22918539096331397,2024-11-22
2024-11-24,La Liga,Leganes,Real Madrid,A,0.149992182467883,0.2326996652346589,0.617308152297458,0.09569410727921113,0.18695451074625802,0.7173513819745307,2024-11-22
2024-11-24,La Liga,Ath Bilbao,Sociedad,H,0.425053191695429,0.3142324415515779,0.26071436675299303,0.4004522087359528,0.3343982361609503,0.26514955510309685,2024-11-22
2024-11-29,La Liga,Mallorca,Valencia,H,0.3871857804986647,0.3383054429245967,0.2745087765767388,0.44152391480013575,0.3416739835379142,0.21680210166195005,2024-11-22
2024-11-30,La Liga,Barcelona,Las Palmas,A,0.808832385256974,0.13005561900677634,0.061111995736250105,0.8561073562542854,0.10183171711235182,0.042060926633362715,2024-11-22
2024-11-30,La Liga,Alaves,Leganes,D,0.3905696208166325,0.3085247379125573,0.30090564127081026,0.5246405418703619,0.30714715267726883,0.1682123054523691,2024-11-22
2024-11-30,La Liga,Espanol,Celta,H,0.39020873019154356,0.2533383628893547,0.35645290691910175,0.25418306101427174,0.31505537983322357,0.4307615591525048,2024-11-22
2024-11-30,La Liga,Valladolid,Ath Madrid,A,0.1240002561655463,0.21573790293856118,0.6602618408958923,0.12175403718491216,0.2115376488508102,0.6667083139642777,2024-11-22
2024-12-01,La Liga,Sociedad,Betis,H,0.4531601503852943,0.3087095269137837,0.23813032270092202,0.5777499668263338,0.2574588711586846,0.1647911620149815,2024-11-22
2024-12-01,La Liga,Vallecano,Ath Bilbao,A,0.26685488909062066,0.30983313766956583,0.42331197323981373,0.2855210876993817,0.32346408938700727,0.3910148229136111,2024-11-22
2024-12-01,La Liga,Villarreal,Girona,D,0.45126173319995083,0.2163460440561694,0.3323922227438799,0.5364930870250181,0.24771747130491903,0.21578944167006278,2024-11-22
2024-12-01,La Liga,Real Madrid,Getafe,H,0.7480948880163972,0.17889537930502405,0.0730097326785787,0.7261067023496006,0.19054887616331467,0.0833444214870846,2024-11-22
2024-12-02,La Liga,Sevilla,Osasuna,D,0.48981486038273964,0.26716266990451787,0.24302246971274225,0.49283378846288173,0.27979324589967636,0.22737296563744194,2024-11-22
2024-12-03,La Liga,Mallorca,Barcelona,A,0.16495039320190105,0.24875290475329923,0.5862967020447999,0.16743057427878136,0.2341601509840928,0.598409274737126,2024-11-22
2024-12-04,La Liga,Ath Bilbao,Real Madrid,H,0.2659456539594217,0.2743570578064266,0.4596972882341516,0.2876633592595731,0.2802023499416015,0.4321342907988253,2024-11-22
2024-12-06,La Liga,Celta,Mallorca,H,0.4594174153442186,0.29478973649796053,0.2457928481578208,0.5108537001956461,0.29502189373000837,0.19412440607434553,2024-11-22
2024-12-07,La Liga,Las Palmas,Valladolid,H,0.5386152245324126,0.26875915852403637,0.1926256169435511,0.5887920370530192,0.2549408820229568,0.15626708092402403,2024-11-22
2024-12-07,La Liga,Betis,Barcelona,D,0.24225200999980712,0.2513974347785025,0.5063505552216906,0.16194661314423645,0.2009213167225174,0.6371320701332461,2024-11-22
2024-12-07,La Liga,Valencia,Vallecano,A,0.4488616374617332,0.3114053679403757,0.23973299459789124,0.44198541731417085,0.3167322208766045,0.24128236180922477,2024-11-22
2024-12-07,La Liga,Girona,Real Madrid,A,0.2865300405650263,0.23558631937537933,0.4778836400595944,0.2270934044562983,0.24178103758033753,0.5311255579633642,2024-11-22
2024-12-08,La Liga,Ath Madrid,Sevilla,H,0.654666592621125,0.21379340852962953,0.13153999884924533,0.7027957780147843,0.1975271229450921,0.09967709904012356,2024-11-22
2024-12-08,La Liga,Leganes,Sociedad,A,0.28518174947920283,0.3257660521301742,0.38905219839062294,0.15537975458620099,0.31225354527419236,0.5323667001396066,2024-11-22
2024-12-08,La Liga,Ath Bilbao,Villarreal,H,0.49527564154378967,0.24327557639967132,0.261448782056539,0.5195796029583495,0.2736940443752433,0.20672635266640715,2024-11-22
2024-12-08,La Liga,Osasuna,Alaves,D,0.4923544838051114,0.2758684996087851,0.23177701658610333,0.4300355268351877,0.3155455489115338,0.25441892425327856,2024-11-22
2024-12-09,La Liga,Getafe,Espanol,H,0.465779060726823,0.2889254447283347,0.24529549454484245,0.5250925907781545,0.31539652368168375,0.15951088554016188,2024-11-22
2024-12-13,La Liga,Valladolid,Valencia,H,0.29200896006091664,0.30469730440486775,0.40329373553421544,0.29032429518378755,0.30778050280559754,0.401895202010615,2024-11-22
2024-12-14,La Liga,Vallecano,Real Madrid,D,0.14038396082411606,0.23410097516403183,0.625515064011852,0.14874907938491755,0.22554511571852615,0.6257058048965565,2024-11-22
2024-12-14,La Liga,Sevilla,Celta,H,0.4825546644669306,0.25741389079134763,0.2600314447417218,0.377217708506052,0.29945282706018905,0.32332946443375893,2024-11-22
2024-12-14,La Liga,Espanol,Osasuna,D,0.4023556509249135,0.26499521446186725,0.3326491346132194,0.350239948976814,0.3081224867580831,0.3416375642651027,2024-11-22
2024-12-14,La Liga,Mallorca,Girona,H,0.2796886797864611,0.2799149279710569,0.44039639224248206,0.34889148191365227,0.32555425904317387,0.32555425904317387,2024-11-22
2024-12-15,La Liga,Ath Madrid,Getafe,H,0.6624424660683331,0.229476553017979,0.10808098091368794,0.7362885048835462,0.19534184823441023,0.06836964688204358,2024-11-22
2024-12-15,La Liga,Alaves,Ath Bilbao,D,0.25589284118358335,0.29398203190025896,0.4501251269161575,0.23933932968120725,0.325789656121242,0.4348710141975507,2024-11-22
2024-12-15,La Liga,Sociedad,Las Palmas,D,0.5762554925563338,0.2695526220581106,0.1541918853855556,0.7221401491554384,0.19199757933894596,0.08586227150561558,2024-11-22
2024-12-15,La Liga,Villarreal,Betis,A,0.49848925396862276,0.2427796776356002,0.2587310683957769,0.5024248078780706,0.2627858751232185,0.23478931699871092,2024-11-22
2024-12-15,La Liga,Barcelona,Leganes,A,0.7834869687175521,0.14587555890585785,0.07063747237659002,0.8714480439958834,0.08636672578887773,0.04218523021523902,2024-11-22
2024-12-18,La Liga,Espanol,Valencia,D,0.3914535977127013,0.2812259297423481,0.32732047254495045,0.3730326195994327,0.33806081151198586,0.2889065688885814,2024-11-22
2024-12-18,La Liga,Villarreal,Vallecano,D,0.6247765100779508,0.21629102765766833,0.15893246226438076,0.550561797752809,0.2516853932584269,0.19775280898876402,2024-11-22
2024-12-20,La Liga,Girona,Valladolid,H,0.7859421890918047,0.13920406629436077,0.07485374461383446,0.7072135661878322,0.1930044991389104,0.09978193467325747,2024-11-22
2024-12-21,La Liga,Barcelona,Ath Madrid,A,0.5355612229844926,0.2380177785171625,0.22642099849834535,0.47426971315296085,0.2678382677585591,0.25789201908848003,2024-11-22
2024-12-21,La Liga,Osasuna,Ath Bilbao,A,0.3049595827916511,0.2888050072096228,0.40623540999872615,0.21171775875517643,0.3165421865427556,0.4717400547020678,2024-11-22
2024-12-21,La Liga,Getafe,Mallorca,A,0.3829342435340685,0.36081382289715597,0.2562519335687754,0.4019669551534225,0.3712824547600314,0.22675059008654602,2024-11-22
2024-12-21,La Liga,Celta,Sociedad,H,0.32840318203009405,0.29566275527122,0.3759340626986861,0.35248698150475855,0.32537259831208476,0.3221404201831568,2024-11-22
2024-12-22,La Liga,Valencia,Alaves,D,0.4653577463909883,0.2892753604708553,0.2453668931381565,0.4588869293949848,0.3083603251666936,0.23275274543832158,2024-12-22
2024-12-22,La Liga,Real Madrid,Sevilla,H,0.747979618280201,0.1624966592846878,0.08952372243511098,0.7719900439396525,0.1448930262649498,0.08311692979539757,2024-12-22
2024-12-22,La Liga,Las Palmas,Espanol,H,0.4889054040996235,0.2604256115823057,0.2506689843180709,0.45675364118816403,0.2943214952337106,0.2489248635781254,2024-12-22
2024-12-22,La Liga,Leganes,Villarreal,A,0.30399167038965835,0.2597229599610305,0.43628536964931114,0.22238470846301672,0.2714584290456377,0.5061568624913454,2024-12-22
2024-12-22,La Liga,Betis,Vallecano,D,0.5279632593995128,0.2746010766681331,0.19743566393235396,0.5535852496517087,0.265354913056191,0.18105983729210023,2024-12-22
2025-01-03,La Liga,Valencia,Real Madrid,A,0.15515555696684405,0.22754612061913893,0.617298322414017,0.12961582426320759,0.19800208737140298,0.6723820883653893,2024-12-22
2025-01-10,La Liga,Vallecano,Celta,H,0.3885169205309565,0.2855441371502132,0.3259389423188302,0.3342489737953038,0.30683423146508965,0.3589167947396067,2024-12-22
2025-01-11,La Liga,Espanol,Leganes,D,0.42241306032344816,0.28393797679402244,0.2936489628825293,0.45159941459335146,0.3236462471252352,0.2247543382814133,2024-12-22
2025-01-11,La Liga,Alaves,Girona,A,0.2603131643076204,0.24179623462289906,0.49789060106948047,0.2996733337153992,0.3091867728809674,0.3911398934036334,2024-12-22
2025-01-11,La Liga,Valladolid,Betis,H,0.19947043945418755,0.26294401890050456,0.5375855416453079,0.19046672474173165,0.26686271873154704,0.5426705565267214,2024-12-22
2025-01-11,La Liga,Sevilla,Valencia,D,0.48172298284383924,0.2774168713595509,0.24086014579661,0.45416070513839574,0.30467207178563227,0.24116722307597194,2024-12-22
2025-01-12,La Liga,Ath Madrid,Osasuna,H,0.7114732757391304,0.1833821171216578,0.1051446071392115,0.7279498899610631,0.18198747249026578,0.09006263754867107,2024-12-22
2025-01-12,La Liga,Las Palmas,Getafe,A,0.4039226016687152,0.32606234793754524,0.2700150503937395,0.37882127601355975,0.34770381405530304,0.2734749099311372,2024-12-22
2025-01-13,La Liga,Sociedad,Villarreal,H,0.48102827787785607,0.26149545845590255,0.2574762636662412,0.4832834880625375,0.2832069419841691,0.2335095699532933,2024-12-22
2025-01-17,La Liga,Espanol,Valladolid,H,0.579218421104284,0.23815943173783502,0.18262214715788092,0.5331239409844195,0.28205975947431505,0.18481629954126547,2024-12-22
2025-01-18,La Liga,Girona,Sevilla,A,0.5922280152536501,0.2123264680013831,0.19544551674496707,0.5058978907433543,0.2728438062436068,0.22125830301303878,2024-12-22
2025-01-18,La Liga,Leganes,Ath Madrid,H,0.179808024768545,0.2572360240971429,0.562955951134312,0.1322574147741578,0.23498162042398915,0.6327609648018531,2024-12-22
2025-01-18,La Liga,Betis,Alaves,A,0.5636715426487829,0.2539473698434726,0.18238108750774448,0.52197334320622,0.27660125879303965,0.20142539800074047,2024-12-22
2025-01-18,La Liga,Getafe,Barcelona,D,0.17914354203762411,0.2505565995523849,0.5702998584099909,0.13343960731238633,0.21198502168225924,0.6545753710053546,2024-12-22
2025-01-19,La Liga,Celta,Ath Bilbao,A,0.31292256543825275,0.27389190137582686,0.41318553318592044,0.27869427345644465,0.30206304793881733,0.4192426786047379,2024-12-22
2025-01-19,La Liga,Real Madrid,Las Palmas,H,0.79218748014891,0.1414989133747736,0.06631360647631637,0.8377336290135233,0.10985104599379154,0.05241532499268508,2024-12-22
2025-01-19,La Liga,Osasuna,Vallecano,D,0.4473373327139212,0.29120818030308804,0.2614544869829908,0.4171972736212008,0.30664657651022015,0.27615614986857895,2024-12-22
2025-01-19,La Liga,Valencia,Sociedad,H,0.29045333634051823,0.325010295998776,0.3845363676607056,0.30034891835310534,0.33789253314724355,0.3617585484996511,2024-12-22
2025-01-20,La Liga,Villarreal,Mallorca,H,0.5734137821089088,0.23482873958832792,0.1917574783027632,0.5582771823638583,0.2618335033188985,0.17988931431724323,2024-12-22
2025-01-24,La Liga,Las Palmas,Osasuna,D,0.4131658768524191,0.2809904715976237,0.305843651549957,0.38733187519460005,0.3000626564007549,0.31260546840464504,2025-01-24
2025-01-25,La Liga,Valladolid,Real Madrid,A,0.07062034266638165,0.14360849536880055,0.7857711619648179,0.07227472691749673,0.14210486748337223,0.785620405599131,2025-01-24
2025-01-25,La Liga,Sevilla,Espanol,D,0.5743269903683949,0.23110625320657485,0.1945667564250303,0.5432756789782233,0.267160292684346,0.18956402833743075,2025-01-24
2025-01-25,La Liga,Mallorca,Betis,A,0.34003418961106424,0.3077485986541027,0.3522172117348331,0.45882836025184776,0.3220914316999727,0.21908020804817957,2025-01-24
2025-01-25,La Liga,Ath Madrid,Villarreal,D,0.6273679324754804,0.19688084172140305,0.1757512258031167,0.4758826454500248,0.2789656887120835,0.24515166583789158,2025-01-24
2025-01-26,La Liga,Vallecano,Girona,H,0.29220144208669296,0.2584991317599454,0.4492994261533614,0.3849404312265377,0.3172310394147037,0.2978285293587585,2025-01-24
2025-01-26,La Liga,Sociedad,Getafe,A,0.49845348563996306,0.3259206952126404,0.17562581914739656,0.49499393389786894,0.32666266344775186,0.17834340265437923,2025-01-24
2025-01-26,La Liga,Ath Bilbao,Leganes,D,0.6289145655915962,0.23352392098669555,0.13756151342170816,0.7078440944477274,0.20415713881966033,0.08799876673261221,2025-01-24
2025-01-26,La Liga,Barcelona,Valencia,H,0.7483432098669108,0.1587070473288566,0.09294974280423242,0.7819263005441517,0.14397744755528544,0.0740962519005629,2025-01-24
2025-01-27,La Liga,Alaves,Celta,D,0.39703645501269025,0.26750359760738934,0.3354599473799206,0.419171477888221,0.3106957919171478,0.2701327301946313,2025-01-24
2025-01-31,La Liga,Leganes,Vallecano,A,0.3899409005448387,0.308493722384121,0.30156537707104014,0.2828325789105933,0.32004739192514503,0.39712002916426153,2025-01-24
2025-02-01,La Liga,Espanol,Real Madrid,H,0.11727892291380701,0.17355833582091623,0.7091627412652769,0.09347440553028749,0.16232551967088515,0.7442000747988273,2025-01-24
2025-02-01,La Liga,Getafe,Sevilla,D,0.36504226868360345,0.3150263685261646,0.3199313627902317,0.3485838779956427,0.3376906318082789,0.3137254901960785,2025-01-24
2025-02-01,La Liga,Villarreal,Valladolid,H,0.779540674296358,0.13909623706199364,0.08136308864164847,0.8064834260165228,0.13095806647088326,0.06255850751259387,2025-01-24
2025-02-01,La Liga,Ath Madrid,Mallorca,H,0.6874930076881864,0.207815960819576,0.10469103149223742,0.6510116467450173,0.2304055471852912,0.11858280606969143,2025-01-24
2025-02-02,La Liga,Osasuna,Sociedad,H,0.29706934665201984,0.31392673131473003,0.38900392203324996,0.2950148738308632,0.3171169653556511,0.3878681608134856,2025-01-24
2025-02-02,La Liga,Betis,Ath Bilbao,D,0.3384943360406742,0.2906438424950044,0.37086182146432123,0.30328532494041716,0.29772045659288654,0.39899421846669636,2025-01-24
2025-02-02,La Liga,Barcelona,Alaves,H,0.7847767227424154,0.13835788024124632,0.07686539701633842,0.8354108099506711,0.11075160451917467,0.05383758553015435,2025-01-24
2025-02-02,La Liga,Valencia,Celta,H,0.42640507207167333,0.27034279744403505,0.30325213048429167,0.425049495094732,0.30900423611648764,0.26594626878878036,2025-01-24
2025-02-03,La Liga,Girona,Las Palmas,H,0.6596346273075616,0.19229574552725248,0.1480696271651858,0.6474219971032756,0.21203777197705534,0.14054023091966908,2025-01-24
2025-02-07,La Liga,Vallecano,Valladolid,H,0.5740712453496216,0.2615604996531243,0.1643682549972542,0.6775329816389178,0.21772408174014662,0.10474293662093541,2025-01-24
2025-02-08,La Liga,Celta,Betis,H,0.4072791752352596,0.264654164816224,0.3280666599485166,0.4459844409740298,0.28764676962230323,0.2663687894036671,2025-01-24
2025-02-08,La Liga,Ath Bilbao,Girona,H,0.4802078097178976,0.24572318646331803,0.2740690038187842,0.5490361663808628,0.2633588115160237,0.1876050221031134,2025-01-24
2025-02-08,La Liga,Las Palmas,Villarreal,A,0.3095622656546916,0.2400896896989777,0.45034804464633077,0.17188237104533563,0.2323290422024274,0.595788586752237,2025-01-24
2025-02-08,La Liga,Real Madrid,Ath Madrid,D,0.5411993310891017,0.23706480518197404,0.22173586372892418,0.49164063442691086,0.2561706463592851,0.25218871921380404,2025-01-24
2025-02-09,La Liga,Alaves,Getafe,A,0.386096653943956,0.32360730560547274,0.29029604045057134,0.4125451557530351,0.34748427097477863,0.23997057327218624,2025-01-24
2025-02-09,La Liga,Valencia,Leganes,H,0.46990017124745936,0.2875251266869151,0.24257470206562534,0.5454652479565866,0.28389711735752166,0.17063763468589174,2025-01-24
2025-02-09,La Liga,Sociedad,Espanol,H,0.6133167272763662,0.24220316141960008,0.1444801113040338,0.5951008611509245,0.2628765321615195,0.14202260668755592,2025-01-24
2025-02-09,La Liga,Sevilla,Barcelona,A,0.2306387666619935,0.22551492828502565,0.5438463050529808,0.14937641838018456,0.194578500896032,0.6560450807237835,2025-01-24
2025-02-10,La Liga,Mallorca,Osasuna,D,0.4005421219532568,0.30330158451820943,0.29615629352853373,0.42252937826784703,0.3155251850701455,0.26194543666200754,2025-01-24
2025-02-14,La Liga,Girona,Getafe,A,0.5947008177672962,0.23681880937649533,0.1684803728562088,0.500094736443215,0.30508924172950846,0.19481602182727645,2025-01-24
2025-02-15,La Liga,Villarreal,Valencia,D,0.5967710025129179,0.2139746058483017,0.18925439163878044,0.5614102372485598,0.24588347099747043,0.1927062917539699,2025-01-24
2025-02-15,La Liga,Ath Madrid,Celta,D,0.6994773663249506,0.18235045627297294,0.11817217740207642,0.693717384534568,0.1986102941407761,0.10767232132465579,2025-01-24
2025-02-15,La Liga,Leganes,Alaves,D,0.41570856587160954,0.29135799975260684,0.2929334343757838,0.24706053975200581,0.33336250911743254,0.41957695113056165,2025-01-24
2025-02-15,La Liga,Osasuna,Real Madrid,D,0.15685276500357917,0.21023792809589473,0.632909306900526,0.14409089003479647,0.19720789837756258,0.6587012115876411,2025-01-24
2025-02-16,La Liga,Espanol,Ath Bilbao,D,0.23346419988452616,0.25921770077771045,0.5073180993377634,0.1757077439591801,0.2784137031788727,0.5458785528619472,2025-01-24
2025-02-16,La Liga,Valladolid,Sevilla,A,0.23352636937017485,0.2663025878166312,0.5001710428131939,0.22632439830423604,0.2870781453416563,0.4865974563541075,2025-01-24
2025-02-16,La Liga,Mallorca,Las Palmas,H,0.42215575673883976,0.3028333824437688,0.2750108608173915,0.5259668508287293,0.2861878453038674,0.18784530386740333,2025-01-24
2025-02-16,La Liga,Betis,Sociedad,H,0.35163261114124034,0.31775954888474073,0.33060783997401905,0.4018497847233296,0.30872269175570083,0.28942752352096957,2025-01-24
2025-02-17,La Liga,Barcelona,Vallecano,H,0.7516027366682837,0.16020678658956614,0.08819047674215033,0.7967287343121976,0.12922811910425724,0.07404314658354524,2025-01-24
2025-02-21,La Liga,Celta,Osasuna,H,0.4787898686488236,0.25443401720937714,0.2667761141417992,0.5642276781771616,0.25538726485913626,0.18038505696370222,2025-01-24
2025-02-22,La Liga,Las Palmas,Barcelona,A,0.1702037827234358,0.20770432601211736,0.622091891264447,0.0851005254381273,0.1380140326589686,0.7768854419029041,2025-01-24
2025-02-22,La Liga,Alaves,Espanol,A,0.48031216540572136,0.2617436544183375,0.2579441801759412,0.5154841285447839,0.30863380944719543,0.17588206200802065,2025-01-24
2025-02-22,La Liga,Vallecano,Villarreal,A,0.32017128018797186,0.25530673685570704,0.42452198295632126,0.34509834228525055,0.2931257003748213,0.3617759573399281,2025-01-24
2025-02-22,La Liga,Valencia,Ath Madrid,A,0.21614079021873045,0.26420354876989005,0.5196556610113794,0.23497149856970848,0.30399437627456033,0.4610341251557313,2025-01-24
2025-02-23,La Liga,Sociedad,Leganes,H,0.561573690965694,0.27286783219348737,0.16555847684081879,0.5914321860991192,0.25865300938734814,0.14991480451353253,2025-02-23
2025-02-23,La Liga,Getafe,Betis,A,0.3658319224311973,0.3177003210081187,0.3164677565606842,0.3191858014766714,0.33802663003605826,0.3427875684872704,2025-02-23
2025-02-23,La Liga,Ath Bilbao,Valladolid,H,0.7841323366812023,0.1534892082714927,0.06237845504730491,0.8177357804833728,0.12865709612938397,0.05360712338724332,2025-02-23
2025-02-23,La Liga,Real Madrid,Girona,H,0.7078647704116665,0.16407121511920228,0.12806401446913113,0.7522338122182841,0.1502120561059912,0.0975541316757248,2025-02-23
2025-02-24,La Liga,Sevilla,Mallorca,D,0.5000668938057787,0.27749164583784725,0.2224414603563738,0.4914026732621165,0.29044098300268373,0.21815634373519968,2025-02-23
2025-02-28,La Liga,Valladolid,Las Palmas,D,0.27397588590532385,0.2847740742974212,0.4412500397972551,0.31816596526308444,0.3130507568183403,0.3687832779185751,2025-02-23
2025-03-01,La Liga,Girona,Celta,D,0.5911156684576411,0.20276317992733767,0.20612115161502154,0.44645903590557434,0.28541955961118826,0.2681214044832375,2025-02-23
2025-03-01,La Liga,Vallecano,Sevilla,D,0.37014256319876015,0.3007480804137463,0.3291093563874935,0.36585024927392173,0.322238961281004,0.3119107894450743,2025-02-23
2025-03-01,La Liga,Betis,Real Madrid,H,0.21653240282150177,0.2376416028928855,0.5458259942856127,0.2531052959164344,0.2584905149784862,0.4884041891050794,2025-02-23
2025-03-01,La Liga,Ath Madrid,Ath Bilbao,H,0.5217365499884763,0.26632653922605615,0.21193691078546759,0.4463152395676699,0.2966445701053999,0.2570401903269303,2025-02-23
2025-03-02,La Liga,Leganes,Getafe,H,0.32469859244142635,0.33358218962658714,0.34171921793198656,0.30831654810278375,0.3568792278405849,0.33480422405663124,2025-02-23
2025-03-02,La Liga,Barcelona,Sociedad,H,0.650562685625371,0.2107870407015585,0.13865027367307056,0.7650309478703946,0.15497411484191273,0.0799949372876927,2025-02-23
2025-03-02,La Liga,Mallorca,Alaves,D,0.4276955154819808,0.3051486300113804,0.26715585450663887,0.3788976149479045,0.34047792671892124,0.28062445833317423,2025-02-23
2025-03-02,La Liga,Osasuna,Valencia,D,0.4466274021613226,0.2802842883872977,0.2730883094513798,0.43573327110777293,0.3065252979717141,0.25774143092051294,2025-02-23
2025-03-08,La Liga,Alaves,Villarreal,H,0.285856634988361,0.2416871325295306,0.4724562324821083,0.3119062307217767,0.307958050586058,0.3801357186921654,2025-02-23
2025-03-08,La Liga,Valencia,Valladolid,H,0.635256417357095,0.22766244137634303,0.13708114126656182,0.6834881857114059,0.20782724276449602,0.10868457152409815,2025-02-23
2025-03-08,La Liga,Celta,Leganes,H,0.5436542094264857,0.246822838527866,0.20952295204564808,0.616759274187139,0.23850050750586416,0.14474021830699674,2025-02-23
2025-03-09,La Liga,Getafe,Ath Madrid,H,0.22101622596599665,0.3041901710079398,0.4747936030260635,0.19162268721650247,0.301375619523168,0.5070016932603295,2025-02-23
2025-03-09,La Liga,Real Madrid,Vallecano,H,0.7463851307157982,0.17229067944976975,0.08132418983443233,0.7447676413403987,0.1635469482673173,0.09168541039228395,2025-02-23
2025-03-09,La Liga,Ath Bilbao,Mallorca,D,0.5934467577895742,0.25795599162927974,0.14859725058114612,0.5579659129979206,0.2734818841172907,0.16855220288478853,2025-02-23
2025-03-09,La Liga,Betis,Las Palmas,H,0.565465139085,0.24491420247449996,0.18962065844049988,0.7235830232718149,0.1819139308037959,0.0945030459243891,2025-02-23
2025-03-09,La Liga,Sociedad,Sevilla,A,0.4671261585228869,0.2878315970908869,0.24504224438622604,0.38734437604580835,0.31981394206413777,0.2928416818900539,2025-02-23
2025-03-10,La Liga,Espanol,Girona,D,0.2933329679774488,0.23496536037509544,0.47170167164745574,0.2696288226597152,0.3090031904131974,0.4213679869270874,2025-02-23
2025-03-14,La Liga,Las Palmas,Alaves,D,0.4231105369420514,0.2858716450650279,0.29101781799292065,0.33571891267530884,0.32025817327578804,0.34402291404890306,2025-02-23
2025-03-15,La Liga,Valladolid,Celta,A,0.21533455601296791,0.2475984725832282,0.5370669714038038,0.20162049568103182,0.2524183868006684,0.5459611175182997,2025-02-23
2025-03-15,La Liga,Mallorca,Espanol,H,0.43771381689764854,0.2915955140974049,0.2706906690049465,0.521664719784847,0.2913802939338785,0.18695498628127463,2025-02-23
2025-03-15,La Liga,Villarreal,Real Madrid,A,0.26354520785303703,0.2180296514092494,0.5184251407377135,0.30384930384930386,0.2620802620802621,0.43407043407043405,2025-02-23
2025-03-15,La Liga,Girona,Valencia,D,0.6117288673489438,0.2092084600547157,0.17906267259634062,0.4959368993172931,0.27151852588321074,0.2325445747994963,2025-02-23
2025-03-16,La Liga,Vallecano,Sociedad,D,0.31297834721123313,0.338151774296432,0.3488698784923349,0.3980731400131654,0.33471201738131207,0.26721484260552264,2025-02-23
2025-03-16,La Liga,Osasuna,Getafe,A,0.3885614139446192,0.32192077830660343,0.2895178077487774,0.3970270647163689,0.3342667726993484,0.26870616258428287,2025-02-23
2025-03-16,La Liga,Ath Madrid,Barcelona,A,0.41818204507861517,0.25112112204120307,0.33069683288018165,0.3127764442897191,0.25870604833537936,0.4285175073749015,2025-02-23
2025-03-16,La Liga,Leganes,Betis,A,0.30067063191557813,0.2839024487309186,0.4154269193535032,0.24006854650257048,0.2902321233837046,0.4696993301137249,2025-02-23
2025-03-16,La Liga,Sevilla,Ath Bilbao,A,0.3243889651010247,0.28273356952028283,0.3928774653786924,0.3674535393772184,0.3224343971356387,0.31011206348714293,2025-02-23
2025-03-27,La Liga,Barcelona,Osasuna,H,0.7936682649950974,0.13103919478003978,0.07529254022486265,0.8171448654866126,0.12441689564828423,0.0584382388651032,2025-03-27
2025-03-29,La Liga,Real Madrid,Leganes,H,0.8318857137794782,0.11669550624037775,0.051418779980143985,0.8024051837750769,0.1295943769219505,0.06800043930297262,2025-03-27
2025-03-29,La Liga,Alaves,Vallecano,A,0.3923874666853607,0.30952076200431544,0.2980917713103235,0.45673461161573686,0.31382087830371597,0.22944451008054703,2025-03-27
2025-03-29,La Liga,Sociedad,Valladolid,H,0.7194243675823607,0.19348973285529703,0.08708589956234232,0.7034229133917643,0.19891877468865463,0.09765831191958095,2025-03-27
2025-03-29,La Liga,Espanol,Ath Madrid,D,0.18997831006852142,0.23715042934999567,0.5728712605814832,0.16548826777995965,0.2606885078469257,0.5738232243731146,2025-03-27
2025-03-30,La Liga,Getafe,Villarreal,A,0.3468531225088482,0.27739467500952036,0.37575220248163144,0.29080525500562393,0.3082903810977342,0.400904363896642,2025-03-27
2025-03-30,La Liga,Barcelona,Girona,H,0.7220256433895637,0.15256192112204706,0.12541243548838943,0.7448783209775318,0.15179984740300412,0.10332183161946408,2025-03-27
2025-03-30,La Liga,Ath Bilbao,Osasuna,D,0.6181188342022998,0.22949644890656867,0.15238471689113162,0.6438212280913271,0.22406771279280532,0.13211105911586743,2025-03-27
2025-03-30,La Liga,Valencia,Mallorca,H,0.43239173927098534,0.298386804309707,0.26922145641930756,0.4837973165082132,0.30106272637198406,0.21513995711980274,2025-03-27
2025-03-30,La Liga,Betis,Sevilla,H,0.48557404519613645,0.25963863958914174,0.25478731521472164,0.5449687460282615,0.27096211394701264,0.18406914002472588,2025-03-27
2025-03-31,La Liga,Celta,Las Palmas,D,0.5395255273057017,0.24399601750933608,0.21647845518496214,0.6024972059829705,0.23716882680503243,0.1603339672119971,2025-03-27
2025-04-04,La Liga,Vallecano,Espanol,A,0.462728743820911,0.28714680848309276,0.25012444769599645,0.5783312501905314,0.26546352467762097,0.1562052251318477,2025-03-27
2025-04-05,La Liga,Girona,Alaves,A,0.6175247691787618,0.2103018233766765,0.17217340744456172,0.4648308000796482,0.2935034356998383,0.24166576422051364,2025-03-27
2025-04-05,La Liga,Real Madrid,Valencia,A,0.7731575089399684,0.14932801055488829,0.07751448050514342,0.7567645782086528,0.1513529156417306,0.09188250614961656,2025-03-27
2025-04-05,La Liga,Mallorca,Celta,A,0.3858998021168037,0.28679803555397654,0.32730216232921977,0.3322838252821443,0.3071266902450103,0.36058948447284545,2025-03-27
2025-04-05,La Liga,Barcelona,Betis,D,0.7128505730161001,0.1679085210791607,0.1192409059047391,0.7018298819574927,0.17047995359605764,0.12769016444644954,2025-03-27
2025-04-06,La Liga,Villarreal,Ath Bilbao,D,0.4004027589517823,0.2516184667224283,0.3479787743257893,0.4160942760942761,0.2915151515151515,0.29239057239057237,2025-03-27
2025-04-06,La Liga,Valladolid,Getafe,A,0.20296441085312536,0.2968250719185964,0.5002105172282784,0.20845055470035567,0.31538298211157706,0.4761664631880673,2025-03-27
2025-04-06,La Liga,Las Palmas,Sociedad,A,0.29783857747979436,0.3046400293076131,0.39752139321259256,0.2929940146843764,0.29656711242442974,0.41043887289119385,2025-03-27
2025-04-06,La Liga,Sevilla,Ath Madrid,A,0.2623639041817906,0.26382181995889226,0.4738142758593172,0.2654593218224645,0.3007991076997586,0.43374157047777684,2025-03-27
2025-04-07,La Liga,Leganes,Osasuna,D,0.3617680306615769,0.279986344791819,0.3582456245466042,0.35247687082796586,0.32645508841784754,0.32106804075418666,2025-03-27
2025-04-11,La Liga,Valencia,Sevilla,H,0.3855288353179791,0.2787986825004451,0.33567248218157575,0.4008970743144517,0.3183594413673587,0.2807434843181895,2025-03-27
2025-04-12,La Liga,Sociedad,Mallorca,A,0.49577936275748596,0.30284549661181026,0.201375140630704,0.47143557281367066,0.3153208421442257,0.2132435850421038,2025-03-27
2025-04-12,La Liga,Getafe,Las Palmas,A,0.48118256235453855,0.30158509683005114,0.2172323408154103,0.5664456244108002,0.26683802141665797,0.1667163541725419,2025-03-27
2025-04-12,La Liga,Celta,Espanol,A,0.5362557519410364,0.23902234459867358,0.22472190346029,0.5848351178166481,0.25281934780615517,0.16234553437719662,2025-03-27
2025-04-12,La Liga,Leganes,Barcelona,A,0.11785284626139088,0.17288606008794827,0.7092610936506608,0.09082957147817831,0.14649037595108635,0.7626800525707353,2025-03-27
2025-04-13,La Liga,Osasuna,Girona,H,0.34185181509202694,0.24540898555767854,0.41273919935029446,0.37461874058916644,0.31118489633604884,0.3141963630747848,2025-03-27
2025-04-13,La Liga,Alaves,Real Madrid,A,0.14830485711138583,0.21466165778042734,0.637033485108187,0.18579360692671787,0.2514245953475844,0.5627817977256977,2025-03-27
2025-04-13,La Liga,Betis,Villarreal,A,0.43185986768064744,0.2386189643770011,0.32952116794235137,0.4419779323997788,0.2786107310256485,0.2794113365745728,2025-03-27
2025-04-13,La Liga,Ath Bilbao,Vallecano,H,0.5872138094622654,0.2589929501731675,0.1537932403645669,0.5256563508683303,0.29558183863416754,0.17876181049750206,2025-03-27
2025-04-14,La Liga,Ath Madrid,Valladolid,H,0.8698112525127012,0.09583642562180321,0.03435232186549572,0.8624151114680259,0.10076639723468514,0.036818491297288806,2025-03-27
2025-04-18,La Liga,Espanol,Getafe,H,0.3538840938842829,0.31295263813789,0.33316326797782714,0.33821484845676153,0.36481601631291133,0.2969691352303272,2025-03-27
2025-04-19,La Liga,Las Palmas,Ath Madrid,H,0.18327539122805334,0.24214058632059224,0.5745840224513544,0.16613068377695564,0.24940956124869432,0.58445975497435,2025-03-27
2025-04-19,La Liga,Mallorca,Leganes,D,0.4801896808175634,0.2893139787468967,0.23049634043553974,0.5270517272893438,0.3068908791811369,0.1660573935295193,2025-03-27
2025-04-19,La Liga,Vallecano,Valencia,D,0.42164904460131014,0.30044206392873773,0.27790889146995207,0.39598861273807395,0.3132257194005344,0.2907856678613916,2025-03-27
2025-04-19,La Liga,Barcelona,Celta,H,0.7792538727974535,0.13430852924280343,0.08643759795974303,0.769920366220018,0.13709408230413428,0.09298555147584758,2025-03-27
2025-04-20,La Liga,Valladolid,Osasuna,A,0.225746057879836,0.2609299418629497,0.5133240002572143,0.18976342994862685,0.2592757024164393,0.5509608676349337,2025-03-27
2025-04-20,La Liga,Villarreal,Sociedad,D,0.49192056210391016,0.25208337114807566,0.2559960667480142,0.5853155679124934,0.23640482791599485,0.1782796041715117,2025-03-27
2025-04-20,La Liga,Sevilla,Alaves,D,0.517704753783849,0.2621145523175319,0.22018069389861902,0.44849573354876515,0.32879585871649336,0.2227084077347415,2025-03-27
2025-04-20,La Liga,Real Madrid,Ath Bilbao,H,0.5877096891648865,0.23337766210021138,0.17891264873490229,0.6719859016022375,0.20720764417713536,0.12080645422062698,2025-03-27
2025-04-21,La Liga,Girona,Betis,A,0.49715095935800907,0.2333588401410444,0.2694902005009465,0.3729975976919452,0.28300108429534215,0.34400131801271266,2025-03-27
2025-04-22,La Liga,Valencia,Espanol,D,0.4806775396607844,0.26485326386443664,0.25446919647477917,0.47196051429584285,0.3019374718787069,0.2261020138254503,2025-03-27
2025-04-22,La Liga,Barcelona,Mallorca,H,0.7739001839125603,0.14952877871390807,0.07657103737353121,0.7470933578911017,0.16461379072176818,0.08829285138713021,2025-03-27
2025-04-23,La Liga,Getafe,Real Madrid,A,0.18697582611734917,0.26692555168543936,0.5460986221972115,0.1574319081630623,0.25123848556592326,0.5913296062710145,2025-03-27
2025-04-23,La Liga,Ath Bilbao,Las Palmas,H,0.659615754805705,0.2157237840540796,0.12466046114021534,0.6981996840883284,0.1919353713230863,0.10986494458858531,2025-03-27
2025-04-23,La Liga,Celta,Villarreal,H,0.3730991398815325,0.2326966989296839,0.3942041611887837,0.4037927948928107,0.2718269932099648,0.3243802118972246,2025-03-27
2025-04-23,La Liga,Alaves,Sociedad,H,0.3153070296092685,0.31025716695250943,0.37443580343822214,0.4075908762930922,0.3225636405100962,0.26984548319681173,2025-03-27
2025-04-24,La Liga,Betis,Valladolid,H,0.7608726738931272,0.1598682603192552,0.07925906578761774,0.8262550696618824,0.1176056486015088,0.05613928173660873,2025-03-27
2025-04-24,La Liga,Ath Madrid,Vallecano,H,0.660063782685435,0.22014692737653507,0.11978928993803005,0.6389584429920363,0.21977841661001707,0.14126314039794652,2025-03-27
2025-04-24,La Liga,Leganes,Girona,D,0.26293532372691486,0.2390590035798918,0.4980056726931935,0.29930924812403714,0.3068627938180191,0.3938279580579436,2025-03-27
2025-04-24,La Liga,Osasuna,Sevilla,H,0.39165785930031694,0.274145669002952,0.3341964716967309,0.412310349448357,0.32327323079671844,0.2644164197549246,2025-03-27
2025-04-27,La Liga,Villarreal,Espanol,H,0.5899673912327266,0.20927376100034759,0.20075884776692593,0.6960221547582673,0.18247771847595023,0.12150012676578233,2025-04-27
2025-05-02,La Liga,Vallecano,Getafe,H,0.35328860773546206,0.33365518614888084,0.3130562061156573,0.3984512069695686,0.32845302196140114,0.27309577106903016,2025-04-27
2025-05-03,La Liga,Valladolid,Barcelona,A,0.04549165421955085,0.09083752235715063,0.8636708234232985,0.11886317134037447,0.16086149188064008,0.7202753367789855,2025-04-27
2025-05-03,La Liga,Alaves,Ath Madrid,D,0.20098343491441947,0.25685591047353085,0.5421606546120497,0.23885387262673521,0.30474459610997257,0.4564015312632922,2025-04-27
2025-05-03,La Liga,Villarreal,Osasuna,H,0.5868153168431268,0.21263384971993723,0.20055083343693603,0.6764460707364865,0.19660932543763732,0.12694460382587608,2025-04-27
2025-05-03,La Liga,Las Palmas,Valencia,A,0.3852452467525026,0.2847567395616471,0.3299980136858504,0.3647439027225594,0.3062472390783753,0.3290088581990654,2025-04-27
2025-05-04,La Liga,Sevilla,Leganes,D,0.5263126646387555,0.26371124028769943,0.20997609507354495,0.5818628996005932,0.25688628014281506,0.16125082025659176,2025-04-27
2025-05-04,La Liga,Espanol,Betis,A,0.3412102684535973,0.2654755497468028,0.39331418179959976,0.28312085361089084,0.31225225977021087,0.40462688661889823,2025-04-27
2025-05-04,La Liga,Real Madrid,Celta,H,0.7426156211071081,0.15738166388685648,0.10000271500603551,0.7145834122684045,0.16777175766301672,0.1176448300685788,2025-04-27
2025-05-04,La Liga,Sociedad,Ath Bilbao,D,0.3139309562400225,0.31469790617877025,0.37137113758120754,0.3760281119567886,0.3358320034372698,0.28813988460594153,2025-04-27
2025-05-05,La Liga,Girona,Mallorca,H,0.5411857689134941,0.24680313567753387,0.21201109540897187,0.47486860233709244,0.29499413175486044,0.23013726590804712,2025-04-27
2025-05-09,La Liga,Las Palmas,Vallecano,A,0.4100093540249353,0.2957814977978452,0.2942091481772196,0.3636223006002104,0.3026421632324732,0.3337355361673164,2025-04-27
2025-05-10,La Liga,Valencia,Getafe,H,0.393099117366147,0.3154265180107525,0.29147436462310033,0.4811163565676201,0.3085254096084421,0.21035823382393778,2025-04-27
2025-05-10,La Liga,Celta,Sevilla,H,0.4491922677176624,0.2561839818136796,0.2946237504686581,0.510945789377401,0.2689188365144216,0.2201353741081773,2025-04-27
2025-05-10,La Liga,Girona,Villarreal,A,0.4428306268814583,0.21651130921101666,0.34065806390752484,0.310103052924294,0.2719898285425372,0.4179071185331688,2025-04-27
2025-05-10,La Liga,Mallorca,Valladolid,H,0.6371457410719487,0.22752881342642373,0.13532544550162734,0.7127945449837443,0.18429668843686167,0.1029087665793941,2025-04-27
2025-05-10,La Liga,Ath Madrid,Sociedad,H,0.5797795672218166,0.24814362903428483,0.1720768037438985,0.5308691206850542,0.2759916167197868,0.1931392625951589,2025-04-27
2025-05-11,La Liga,Leganes,Espanol,H,0.35791638952806276,0.2848790705397832,0.357204539932154,0.41589760862243186,0.30037049511620073,0.28373189626136747,2025-04-27
2025-05-11,La Liga,Barcelona,Real Madrid,H,0.46136010199012834,0.2337063753004388,0.3049335227094327,0.5206755969714618,0.21898660454280724,0.2603377984857309,2025-04-27
2025-05-11,La Liga,Ath Bilbao,Alaves,H,0.6085887978915864,0.24802872237267176,0.14338247973574186,0.46686255305256286,0.3379040156709109,0.19523343127652626,2025-04-27
2025-05-11,La Liga,Betis,Osasuna,D,0.5452021867418985,0.24328035504726558,0.2115174582108358,0.585582562325163,0.24095043088192497,0.17346700679291185,2025-04-27
2025-05-13,La Liga,Sevilla,Las Palmas,H,0.503802217939622,0.26255262191526235,0.23364516014511563,0.5643138659978503,0.2508061626657112,0.18487997133643855,2025-04-27
2025-05-13,La Liga,Sociedad,Celta,A,0.47095217612607726,0.2681297445836662,0.26091807929025645,0.42461456118701774,0.28599039562302075,0.2893950431899615,2025-04-27
2025-05-13,La Liga,Valladolid,Girona,A,0.15083453553824305,0.1819118771744884,0.6672535872872686,0.19224444861520015,0.24331690864831096,0.5644386427364888,2025-04-27
2025-05-14,La Liga,Alaves,Valencia,H,0.3866300240005092,0.2961148266492665,0.3172551493502242,0.4132754364786219,0.342469505053963,0.244255058467415,2025-04-27
2025-05-14,La Liga,Villarreal,Leganes,H,0.6524893305005426,0.19734356635677408,0.15016710314268342,0.739622127974091,0.16339038577505216,0.09698748625085678,2025-04-27
2025-05-14,La Liga,Real Madrid,Mallorca,H,0.7277750434940596,0.1836120157001783,0.0886129408057621,0.6716586423777493,0.19325389509057977,0.13508746253167106,2025-04-27
2025-05-15,La Liga,Vallecano,Betis,D,0.30227563302008553,0.2852775084367636,0.4124468585431506,0.2956616938552848,0.2886430186302335,0.4156952875144817,2025-04-27
2025-05-15,La Liga,Osasuna,Ath Madrid,H,0.22472962960755827,0.2513028977358406,0.523967472656601,0.26801603105386534,0.28364378796662715,0.4483401809795075,2025-04-27
2025-05-15,La Liga,Espanol,Barcelona,A,0.17000916755023335,0.19928651676371567,0.6307043156860512,0.12324470021454742,0.16537964045883713,0.7113756593266155,2025-04-27
2025-05-15,La Liga,Getafe,Ath Bilbao,A,0.2652892706867301,0.32551331808431194,0.40919741122895786,0.2912487241080268,0.3844943630517034,0.3242569128402698,2025-04-27
2025-05-18,La Liga,Valladolid,Alaves,A,0.2402268902432746,0.2639361821866879,0.49583692757003733,0.17714542291070326,0.2625806813717237,0.5602738957175731,2025-04-27
2025-05-18,La Liga,Sociedad,Girona,H,0.4345235868209811,0.26001207979299745,0.3054643333860214,0.5646788787368048,0.2503215648008516,0.18499955646234362,2025-04-27
2025-05-18,La Liga,Sevilla,Real Madrid,A,0.19341758951643592,0.23272363329577758,0.5738587771877863,0.3068656738247328,0.26079468794219923,0.432339638233068,2025-04-27
2025-05-18,La Liga,Osasuna,Espanol,H,0.43579292389266505,0.2687795770671738,0.2954274990401612,0.4763109215145909,0.2849484691758843,0.23874060930952468,2025-04-27
2025-05-18,La Liga,Valencia,Ath Bilbao,A,0.2638616823969096,0.29155531352629277,0.44458300407679746,0.3830307316248251,0.3221516749427337,0.2948175934324411,2025-04-27
2025-05-18,La Liga,Las Palmas,Leganes,A,0.4536003258879237,0.28234602581000195,0.2640536483020743,0.28618239553188374,0.2787167678223564,0.43510083664575994,2025-04-27
2025-05-18,La Liga,Celta,Vallecano,A,0.5006039550206399,0.26152869073577106,0.23786735424358885,0.50328853302831,0.2759508149842722,0.22076065198741773,2025-04-27
2025-05-18,La Liga,Barcelona,Villarreal,A,0.7081676550200359,0.15649777555594815,0.13533456942401623,0.5641507317087204,0.21202148378503557,0.22382778450624408,2025-04-27
2025-05-18,La Liga,Mallorca,Getafe,A,0.35670712003391,0.345698783952769,0.2975940960133212,0.3806764750492947,0.345578644016381,0.27374488093432425,2025-04-27
2025-05-18,La Liga,Ath Madrid,Betis,H,0.5811289281239214,0.22943587684619868,0.1894351950298799,0.6229154136366122,0.22035103067417572,0.1567335556892121,2025-04-27
2025-05-23,La Liga,Betis,Valencia,D,0.5366594327384252,0.24959878281789796,0.21374178444367672,0.5006170654155515,0.24712394577765134,0.2522589888067973,2025-04-27
2025-05-24,La Liga,Real Madrid,Sociedad,H,0.658513655403382,0.2123256753364676,0.12916066926015043,0.6983942495779629,0.17241217610332535,0.12919357431871162,2025-04-27
2025-05-24,La Liga,Espanol,Las Palmas,H,0.47789006833741154,0.26421602841117414,0.2578939032514142,0.7028739039535682,0.1830124504633819,0.11411364558304989,2025-04-27
2025-05-24,La Liga,Leganes,Valladolid,H,0.6078174910856441,0.2285183898018203,0.16366411911253537,0.7225555649454914,0.169863939829291,0.10758049522521762,2025-04-27
2025-05-24,La Liga,Alaves,Osasuna,D,0.39281694942028517,0.2901886019561112,0.3169944486236035,0.2914556580454573,0.2995267378067161,0.4090176041478266,2025-04-27
2025-05-24,La Liga,Getafe,Celta,A,0.4050475141433511,0.2905278895671746,0.3044245962894743,0.19614711033274956,0.2521891418563923,0.5516637478108581,2025-04-27
2025-05-24,La Liga,Vallecano,Mallorca,D,0.38559223550183536,0.32639097231398173,0.288016792184183,0.644114636642784,0.2226202661207779,0.13326509723643806,2025-04-27
2025-05-25,La Liga,Girona,Ath Madrid,A,0.29861787084957797,0.23734705740298093,0.46403507174744113,0.2918816063002519,0.27225931343973075,0.4358590802600174,2025-04-27
2025-05-25,La Liga,Villarreal,Sevilla,H,0.5515057043164443,0.22252376451643566,0.22597053116712004,0.5445808862786973,0.23758675920982378,0.21783235451147887,2025-04-27
2025-05-25,La Liga,Ath Bilbao,Barcelona,A,0.321888307835036,0.2613069181207767,0.4168047740441873,0.2910322082660866,0.2460879938249947,0.46287979790891864,2025-04-27
2025-08-15,La Liga,Girona,Vallecano,A,0.5264322978139232,0.24267184465632508,0.23089585752975186,0.4248941845066086,0.293074603168715,0.28203121232467643,2025-08-15
2025-08-16,La Liga,Mallorca,Barcelona,A,0.1636635498091885,0.21907065542566037,0.6172657947651511,0.12024358575433872,0.18251662922409986,0.6972397850215613,2025-08-15
2025-08-16,La Liga,Alaves,Levante,H,0.44951482062019893,0.25495046543355543,0.29553471394624564,0.443517170736967,0.30933203946304383,0.24715078979998922,2025-08-15
2025-08-16,La Liga,Valencia,Sociedad,D,0.3830560875754341,0.2953825396209592,0.3215613728036068,0.38477765589401736,0.3202261412539026,0.29499620285207995,2025-08-15
2025-08-17,La Liga,Celta,Getafe,A,0.47836497883290324,0.2684114548023874,0.25322356636470955,0.6022904247584228,0.25996986162494923,0.13773971361662796,2025-08-15
2025-08-17,La Liga,Ath Bilbao,Sevilla,H,0.5797411343388638,0.24667036834010628,0.17358849732103004,0.5813268297116543,0.263093714259746,0.15557945602859974,2025-08-15
2025-08-17,La Liga,Espanol,Ath Madrid,H,0.20239402437515122,0.23544434496479189,0.562161630660057,0.16708497854965665,0.2491241325419045,0.583790888908439,2025-08-15
2025-08-18,La Liga,Elche,Betis,D,0.24708898451669106,0.2558937400879665,0.49701727539534246,0.2916358476610261,0.3025042643440457,0.40585988799492806,2025-08-15
2025-08-19,La Liga,Real Madrid,Osasuna,H,0.7393585866093411,0.16111542016961777,0.09952599322104133,0.7924994848547291,0.13208324747578815,0.0754172676694828,2025-08-15
2025-08-22,La Liga,Betis,Alaves,H,0.5437800176828508,0.2539320239048023,0.2022879584123469,0.4932096142507518,0.28746240830591163,0.21932797744333665,2025-08-15
2025-08-23,La Liga,Mallorca,Celta,D,0.36624555510649415,0.281683182528272,0.3520712623652339,0.2988498733945514,0.3083071478690625,0.39284297873638613,2025-08-15
2025-08-23,La Liga,Ath Madrid,Elche,D,0.781770145166072,0.1473723546846815,0.0708575001492465,0.7635471106429136,0.16242961985201013,0.07402326950507637,2025-08-15
2025-08-23,La Liga,Levante,Barcelona,A,0.14159352465531747,0.15576472161909577,0.7026417537255867,0.08740440728913351,0.13021955673252503,0.7823760359783415,2025-08-15
2025-08-24,La Liga,Sociedad,Espanol,D,0.4882324157184854,0.273746862984053,0.23802072129746174,0.5448058154015466,0.27012656028266097,0.1850676243157925,2025-08-15
2025-08-24,La Liga,Villarreal,Girona,H,0.5722860883236961,0.19532856555132144,0.23238534612498263,0.6297005762376549,0.21312942580351396,0.15716999795883121,2025-08-15
2025-08-24,La Liga,Osasuna,Valencia,H,0.43491927251779494,0.270583552499965,0.2944971749822402,0.392147551279891,0.3058257632623049,0.3020266854578042,2025-08-15
2025-08-25,La Liga,Sevilla,Getafe,A,0.44184794895285706,0.29093016478531586,0.2672218862618269,0.45873219056099734,0.30971727515583264,0.2315505342831701,2025-08-15
2025-08-25,La Liga,Ath Bilbao,Vallecano,H,0.5838448507688816,0.2626458855079806,0.153509263723138,0.5678861166386039,0.26174804836981475,0.17036583499158117,2025-08-15
2025-08-27,La Liga,Celta,Betis,D,0.4058771763964096,0.24271337235228327,0.3514094512513072,0.40522133938706023,0.2860385925085131,0.3087400681044268,2025-08-15
2025-08-29,La Liga,Elche,Levante,H,0.36461543259659324,0.24887272680837977,0.3865118405950271,0.4341446270099288,0.30014937175995077,0.26570600123012034,2025-08-15
2025-08-29,La Liga,Valencia,Getafe,H,0.42997535098850154,0.30122998930478934,0.26879465970670907,0.40907427735089646,0.32345407976582513,0.26747164288327846,2025-08-15
2025-08-30,La Liga,Alaves,Ath Madrid,D,0.1940385784695988,0.2569851101267108,0.5489763114036903,0.16962816895270677,0.26952031289152295,0.5608515181557703,2025-08-15
2025-08-30,La Liga,Girona,Sevilla,A,0.5074218923641544,0.22927249316016066,0.2633056144756849,0.3834738358137302,0.3053365338454153,0.3111896303408545,2025-08-15
2025-08-30,La Liga,Real Madrid,Mallorca,H,0.7314605089858899,0.17800084821240877,0.0905386428017014,0.8086414730999236,0.12813360226217166,0.06322492463790468,2025-08-15
2025-08-31,La Liga,Celta,Villarreal,D,0.3663967975300381,0.22274347201686073,0.4108597304531011,0.3296353777471211,0.2860071659864727,0.38435745626640605,2025-08-15
2025-08-31,La Liga,Betis,Ath Bilbao,A,0.34245046772921894,0.2826911903021674,0.37485834196861356,0.3078848560700876,0.29662077596996245,0.39549436795994997,2025-08-15
2025-08-31,La Liga,Espanol,Osasuna,H,0.4078316578168587,0.2680677119637279,0.3241006302194132,0.40722102886826006,0.3022541177003545,0.2905248534313855,2025-08-15
2025-08-31,La Liga,Vallecano,Barcelona,D,0.16613369023434163,0.21074648519935837,0.6231198245662999,0.14246213975316577,0.17933781466134088,0.6782000455854934,2025-08-15
2025-09-12,La Liga,Sevilla,Elche,D,0.5683592918583679,0.24195572655774095,0.1896849815838913,0.5030554153661195,0.28724761883331673,0.20969696580056382,2025-08-15
2025-09-13,La Liga,Ath Madrid,Villarreal,H,0.5972882228384003,0.20302578132391705,0.19968599583768262,0.5421283513225995,0.25140148934389983,0.20647015933350069,2025-08-15
2025-09-13,La Liga,Ath Bilbao,Alaves,A,0.5899370240295697,0.26179868444573573,0.1482642915246948,0.6008514320078535,0.2525772338205337,0.14657133417161278,2025-08-15
2025-09-13,La Liga,Sociedad,Real Madrid,A,0.2176907248890969,0.2508732388131238,0.5314360362977791,0.1727078891257996,0.2302771855010661,0.5970149253731344,2025-08-15
2025-09-14,La Liga,Celta,Girona,D,0.47957431607184553,0.2235977854077172,0.29682789852043706,0.5468871418475695,0.2595148099383909,0.19359804821403961,2025-09-14
2025-09-14,La Liga,Levante,Betis,D,0.3031493405193363,0.2277660884085367,0.46908457107212714,0.27645421454571406,0.26881735779030763,0.45472842766397825,2025-09-14
2025-09-14,La Liga,Osasuna,Vallecano,H,0.4335819682065262,0.2926246066741457,0.2737934251193282,0.3659093379715186,0.31601261006631154,0.3180780519621698,2025-09-14
2025-09-14,La Liga,Barcelona,Valencia,H,0.7495005224761475,0.15193969493328904,0.0985597825905633,0.7455881172805732,0.16030144521532325,0.09411043750410367,2025-09-14
2025-09-15,La Liga,Espanol,Mallorca,H,0.4485047963160827,0.2914032099526711,0.2600919937312462,0.42652329749103945,0.3010752688172043,0.2724014336917563,2025-09-14
2025-09-19,La Liga,Betis,Sociedad,H,0.47599391246144945,0.2686657692368279,0.25534031830172293,0.5046327248771293,0.254292730812757,0.24107454431011371,2025-09-14
2025-09-20,La Liga,Girona,Levante,A,0.5914912423281051,0.19046432249300857,0.21804443517888622,0.5427677910668672,0.24784549643104398,0.20938671250208887,2025-09-14
2025-09-20,La Liga,Real Madrid,Espanol,H,0.7545427604051438,0.1536585857312522,0.0917986538636043,0.7947131216777865,0.1375683658412191,0.06771851248099447,2025-09-14
2025-09-20,La Liga,Alaves,Sevilla,A,0.3891918747972502,0.2888237474804912,0.3219843777222586,0.38483664241582843,0.319225149282638,0.29593820830153367,2025-09-14
2025-09-20,La Liga,Villarreal,Osasuna,H,0.5983113789729576,0.210558555658385,0.19113006536865734,0.5763271200492072,0.24890220094670126,0.1747706790040917,2025-09-14
2025-09-20,La Liga,Valencia,Ath Bilbao,H,0.28349285725783535,0.29290806981225664,0.423599072929908,0.2699690815668305,0.30562537535867607,0.42440554307449346,2025-09-14
2025-09-21,La Liga,Barcelona,Getafe,H,0.7380879462688756,0.16582616070762127,0.09608589302350329,0.7617173129276728,0.15963382630662448,0.0786488607657028,2025-09-14
2025-09-21,La Liga,Elche,Oviedo,H,0.6570300264064457,0.27035865556170163,0.07261131803185263,0.4839030888352344,0.296538173341104,0.21955873782366167,2025-09-14
2025-09-21,La Liga,Mallorca,Ath Madrid,D,0.19704340005801255,0.26989716378814044,0.5330594361538471,0.19043853426521382,0.2639229686827691,0.5456384970520171,2025-09-14
2025-09-21,La Liga,Vallecano,Celta,D,0.40069555997547657,0.27425078451459173,0.32505365550993176,0.4364506113014889,0.28626025388303533,0.27728913481547585,2025-09-14
2025-09-23,La Liga,Ath Bilbao,Girona,D,0.6049467785277975,0.21888596877066294,0.17616725270153957,0.6629743464333816,0.215577404408182,0.1214482491584363,2025-09-14
2025-09-23,La Liga,Espanol,Valencia,D,0.4161897373921839,0.2717525867661029,0.3120576758417132,0.41948090692124107,0.29761336515513126,0.28290572792362767,2025-09-14
2025-09-23,La Liga,Levante,Real Madrid,A,0.1258987838230328,0.15788296511641148,0.716218251060556,0.11204906255475731,0.1608957420711407,0.7270551953741019,2025-09-14
2025-09-23,La Liga,Sevilla,Villarreal,A,0.3313976130868927,0.2326819772626274,0.43592040965047996,0.302234573928719,0.28539452435497803,0.4123709017163031,2025-09-14
2025-09-24,La Liga,Getafe,Alaves,D,0.4105827794152748,0.32427041980806026,0.26514680077666486,0.4054595247209871,0.3462999499396331,0.24824052533937985,2025-09-14
2025-09-24,La Liga,Ath Madrid,Vallecano,H,0.6573173936978886,0.21553123075869166,0.1271513755434199,0.650063147358943,0.22164624475167619,0.1282906078893808,2025-09-14
2025-09-24,La Liga,Sociedad,Mallorca,H,0.4640275909402934,0.30759668646273597,0.22837572259697075,0.5436538596614455,0.2688066306103814,0.18753950972817304,2025-09-14
2025-09-25,La Liga,Osasuna,Elche,D,0.48161958420477685,0.2721024853727267,0.24627793042249627,0.4904630197393312,0.30158906182729056,0.20794791843337812,2025-09-14
2025-09-25,La Liga,Oviedo,Barcelona,A,0.027594542164418506,0.1181050131658063,0.8543004446697753,0.07623848927303814,0.13513058070586254,0.7886309300210994,2025-09-14
2025-09-26,La Liga,Girona,Espanol,D,0.48598103731820175,0.23288287864051646,0.281136084041282,0.3755424823994599,0.29474394830745493,0.32971356929308515,2025-09-14
2025-09-27,La Liga,Villarreal,Ath Bilbao,H,0.4124590953020185,0.25758463249077085,0.3299562722072107,0.46200968283766425,0.2904851299278728,0.24750518723446302,2025-09-14
2025-09-27,La Liga,Mallorca,Alaves,H,0.3781035027053529,0.33276833065513217,0.2891281666395148,0.37860522952575043,0.33436956696947717,0.28702520350477245,2025-09-14
2025-09-27,La Liga,Getafe,Levante,D,0.5118929617509753,0.2467097431897272,0.24139729505929744,0.4528413617105272,0.3061663294583753,0.2409923088310974,2025-09-14
2025-09-27,La Liga,Ath Madrid,Real Madrid,H,0.3886997421807174,0.25516548432325004,0.3561347734960326,0.3152137415402524,0.27206996127356975,0.4127162971861779,2025-09-14
2025-09-28,La Liga,Vallecano,Sevilla,A,0.40529995879292274,0.2823397240734964,0.3123603171335811,0.4782455431854973,0.28554072137251746,0.23621373544198523,2025-09-14
2025-09-28,La Liga,Elche,Celta,H,0.36946329406720657,0.2637864991351432,0.36675020679765025,0.33140399814039984,0.30639237563923755,0.3622036262203627,2025-09-14
2025-09-28,La Liga,Barcelona,Sociedad,H,0.7161344840655915,0.17195191973795615,0.11191359619645234,0.746268656716418,0.16044776119402987,0.09328358208955224,2025-09-14
2025-09-28,La Liga,Betis,Osasuna,H,0.5118865843334983,0.251376141057945,0.23673727460855654,0.5093159167814314,0.2740263101556434,0.21665777306292516,2025-09-14
2025-09-30,La Liga,Valencia,Oviedo,A,0.7088627500990712,0.23407138962487295,0.05706586027605585,0.5470104448676671,0.2766309964045059,0.17635855872782707,2025-09-14
2025-10-03,La Liga,Osasuna,Getafe,H,0.4241361639330879,0.3004517441492701,0.27541209191764227,0.44204861233247733,0.32966337190896616,0.2282880157585564,2025-09-14
2025-10-04,La Liga,Oviedo,Levante,A,0.12912589698676197,0.27835412067856236,0.5925199823346758,0.3938279580579436,0.29930924812403714,0.3068627938180191,2025-09-14
2025-10-04,La Liga,Girona,Valencia,H,0.45864591879323363,0.24290979501005436,0.2984442861967119,0.4160899071448346,0.29064190528922773,0.2932681875659377,2025-09-14
2025-10-04,La Liga,Ath Bilbao,Mallorca,H,0.5820931049086647,0.26987691552874443,0.14802997956259087,0.5897900500256036,0.2600149682908575,0.15019498168353881,2025-09-14
2025-10-04,La Liga,Real Madrid,Villarreal,H,0.6516322362939495,0.1824351881077179,0.16593257559833277,0.6893227577791337,0.17937766931055524,0.1312995729103112,2025-09-14
2025-10-05,La Liga,Sociedad,Vallecano,A,0.4461760100400729,0.3017902091343927,0.25203378082553446,0.45014256282292364,0.2834717013695379,0.2663857358075384,2025-09-14
2025-10-05,La Liga,Celta,Ath Madrid,D,0.24679134330599084,0.23723032205845762,0.5159783346355516,0.2039629094242499,0.24946232768042872,0.5465747628953214,2025-09-14
2025-10-05,La Liga,Espanol,Betis,A,0.35944345995500854,0.2613809306347653,0.37917560941022616,0.36449071728014004,0.2829041323075505,0.3526051504123094,2025-09-14
2025-10-05,La Liga,Alaves,Elche,H,0.43350907996693605,0.30069166928342367,0.26579925074964017,0.4069122136830548,0.319907957467928,0.27317982884901715,2025-09-14
2025-10-05,La Liga,Sevilla,Barcelona,H,0.18964637541365725,0.19808610049460518,0.6122675240917376,0.16359599579324582,0.19183578078136562,0.6445682234253886,2025-09-14
2025-10-17,La Liga,Oviedo,Espanol,A,0.19118766870824805,0.3040876382946611,0.5047246929970907,0.3276622558286075,0.3119092627599244,0.3604284814114682,2025-10-17
2025-10-18,La Liga,Sevilla,Mallorca,A,0.4955017478047643,0.2765141298469769,0.22798412234825885,0.5195911835804864,0.27840559120215175,0.2020032252173617,2025-10-17
2025-10-18,La Liga,Barcelona,Girona,H,0.8021002761951078,0.11772970134913913,0.08017002245575307,0.7960235155888687,0.12825412168608938,0.07572236272504175,2025-10-17
2025-10-18,La Liga,Villarreal,Betis,D,0.5229684524012191,0.22373395559231787,0.2532975920064632,0.4654712679213201,0.2665301232754956,0.26799860880318427,2025-10-17
2025-10-18,La Liga,Ath Madrid,Osasuna,H,0.6664874979128845,0.20278339856272198,0.1307291035243936,0.7178968408405801,0.1874585561189136,0.09464460304050618,2025-10-17
2025-10-19,La Liga,Elche,Ath Bilbao,D,0.2555786376959272,0.293219870053532,0.45120149225054074,0.24271264173771137,0.2883571086913705,0.4689302495709181,2025-10-17
2025-10-19,La Liga,Celta,Sociedad,D,0.4317449792786501,0.27586814296088946,0.29238687776046046,0.4463447060013584,0.2780089883094175,0.27564630568922416,2025-10-17
2025-10-19,La Liga,Levante,Vallecano,A,0.48880315644960753,0.24445107108449526,0.2667457724658971,0.3401050815075037,0.28863517303010694,0.37125974546238943,2025-10-17
2025-10-19,La Liga,Getafe,Real Madrid,A,0.17937493032411425,0.24364534160774515,0.5769797280681406,0.13084617994340367,0.2104418867798724,0.6587119332767238,2025-10-17
2025-10-20,La Liga,Alaves,Valencia,D,0.4059599608131339,0.2970513919342174,0.2969886472526486,0.4360898963324078,0.30107754452670876,0.26283255914088355,2025-10-17
2025-10-24,La Liga,Sociedad,Sevilla,H,0.4223965913776566,0.28166992891719883,0.2959334797051446,0.49119527198166685,0.2686648172717404,0.2401399107465927,2025-10-17
2025-10-25,La Liga,Valencia,Villarreal,A,0.30928523947980735,0.24286767001155712,0.4478470905086355,0.25384110446891484,0.2809859624612555,0.4651729330698297,2025-10-17
2025-10-25,La Liga,Ath Bilbao,Getafe,A,0.5493629178980624,0.28480476584106684,0.16583231626087075,0.5860106480631541,0.26858821369561225,0.14540113824123369,2025-10-17
2025-10-25,La Liga,Espanol,Elche,H,0.46982183594734755,0.2674752090912653,0.262702954961387,0.4789228550488215,0.29550559141310256,0.225571553538076,2025-10-17
2025-10-25,La Liga,Girona,Oviedo,D,0.6850023802039723,0.2118820453346239,0.10311557446140361,0.550344124394596,0.25898547030333924,0.19067040530206472,2025-10-17
2025-10-26,La Liga,Mallorca,Levante,D,0.3958491749357018,0.2607398058338076,0.3434110192304904,0.4907914385266302,0.28581383773021407,0.22339472374315583,2025-10-17
2025-10-26,La Liga,Real Madrid,Barcelona,H,0.47781971079966457,0.21963396752594025,0.3025463216743952,0.5194482497992348,0.21730832821578727,0.2632434219849781,2025-10-17
2025-10-26,La Liga,Osasuna,Celta,A,0.43266291594623224,0.264467540988195,0.30286954306557284,0.4051954449855051,0.29922125168160374,0.2955833033328912,2025-10-17
2025-10-26,La Liga,Vallecano,Alaves,H,0.4055340482364415,0.3201413757113665,0.2743245760521921,0.43640375387122476,0.31596765296520496,0.24762859316357028,2025-10-17
2025-10-27,La Liga,Betis,Ath Madrid,A,0.3121467193364699,0.2550382457874404,0.43281503487608974,0.2829365208611537,0.27263351029758226,0.44442996884126423,2025-10-17
2025-10-31,La Liga,Getafe,Girona,H,0.4166207286138721,0.2759768022049903,0.3074024691811375,0.43954833379234365,0.3180941889286698,0.2423574772789865,2025-10-17
2025-11-01,La Liga,Sociedad,Ath Bilbao,H,0.30136931264766437,0.31784511039704416,0.3807855769552915,0.3604633072483159,0.32659427166793725,0.3129424210837469,2025-10-17
2025-11-01,La Liga,Real Madrid,Valencia,H,0.7517779454011514,0.1558803075375009,0.09234174706134757,0.8246016284914331,0.11940394868007137,0.055994422828495455,2025-10-17
2025-11-01,La Liga,Villarreal,Vallecano,H,0.6115315368118591,0.22003331281915658,0.1684351503689844,0.5537525354969574,0.24847870182555784,0.19776876267748478,2025-10-17
2025-11-01,La Liga,Ath Madrid,Sevilla,H,0.6614511489325938,0.19657846842084511,0.1419703826465612,0.7204753291407898,0.17747002592806221,0.10205464493114783,2025-10-17
2025-11-02,La Liga,Betis,Mallorca,H,0.5531413953672082,0.25920137412751987,0.18765723050527183,0.6182569068641413,0.21771575049843356,0.16402734263742524,2025-10-17
2025-11-02,La Liga,Barcelona,Elche,H,0.8026830633130898,0.1258308331919493,0.07148610349496096,0.8078620861280306,0.12356759415068848,0.06857031972128078,2025-10-17
2025-11-02,La Liga,Levante,Celta,A,0.47053792745200873,0.22062379100336135,0.30883828154463,0.30896878704069536,0.2821019359936784,0.40892927696562625,2025-10-17
2025-11-02,La Liga,Alaves,Espanol,H,0.4118181441204432,0.29359742466747046,0.2945844312120864,0.38941525504832997,0.3110345487606469,0.2995501961910231,2025-10-17
2025-11-03,La Liga,Oviedo,Osasuna,D,0.18007378823998021,0.3110285372581374,0.5088976745018823,0.30098876645076433,0.30381053613624026,0.3952006974129954,2025-10-17
2025-11-07,La Liga,Elche,Sociedad,D,0.3610691470989773,0.3006900544396076,0.33824079846141514,0.30876108272922914,0.3068130632798334,0.38442585399093754,2025-10-17
2025-11-08,La Liga,Girona,Alaves,H,0.4639738218043708,0.26557578327954684,0.2704503949160824,0.4460534484501104,0.29113668192252723,0.26280986962736236,2025-10-17
2025-11-08,La Liga,Sevilla,Osasuna,H,0.46713996539548147,0.26373202874675306,0.26912800585776536,0.4162303664921467,0.306282722513089,0.2774869109947644,2025-10-17
2025-11-08,La Liga,Ath Madrid,Levante,H,0.7263330583498441,0.15472322613506456,0.11894371551509152,0.7869656572030951,0.13560707652369716,0.07742726627320773,2025-10-17
2025-11-08,La Liga,Espanol,Villarreal,A,0.3057798714235327,0.23996223131130953,0.4542578972651578,0.33914220908127707,0.28212699711978706,0.3787307937989359,2025-10-17
2025-11-09,La Liga,Celta,Barcelona,A,0.1983427864210106,0.19692397361144703,0.6047332399675424,0.2282309477686684,0.22504632989282652,0.5467227223385052,2025-10-17
2025-11-09,La Liga,Mallorca,Getafe,H,0.3760992766575495,0.3360359864710458,0.2878647368714047,0.36878279421092086,0.34402352534163644,0.2871936804474428,2025-10-17
2025-11-09,La Liga,Valencia,Betis,D,0.3483776781988038,0.2660065585525966,0.38561576324859964,0.2764318692513891,0.2772194244344415,0.4463487063141695,2025-10-17
2025-11-09,La Liga,Ath Bilbao,Oviedo,H,0.732572878738422,0.20609116437230798,0.06133595688927024,0.6004632310364795,0.2641381972592164,0.13539857170430422,2025-10-17
2025-11-09,La Liga,Vallecano,Real Madrid,D,0.17856557449033292,0.23700943946739841,0.5844249860422687,0.15630250250470665,0.20717612216362616,0.6365213753316672,2025-10-17
2025-11-21,La Liga,Valencia,Levante,H,0.48831390331577573,0.23352178542607616,0.2781643112581485,0.46735048483829383,0.2761616501317191,0.25648786502998716,2025-11-21
2025-11-22,La Liga,Alaves,Celta,A,0.3779901102324132,0.2856230800823369,0.33638680968525,0.35166196086067575,0.32255087138545424,0.3257871677538701,2025-11-21
2025-11-22,La Liga,Barcelona,Ath Bilbao,H,0.6074979107579694,0.2163336994555878,0.17616838978644256,0.6772009029345373,0.18445662689455014,0.1383424701709126,2025-11-21
2025-11-22,La Liga,Osasuna,Sociedad,A,0.38675217634905246,0.2997388902980493,0.3135089333528982,0.35929820195358675,0.3245660424314067,0.3161357556150065,2025-11-21
2025-11-22,La Liga,Villarreal,Mallorca,H,0.6400396674228985,0.21279839142816598,0.14716194114893555,0.6853390174233468,0.19249562043165716,0.12216536214499606,2025-11-21
2025-11-23,La Liga,Getafe,Ath Madrid,A,0.2053594361922882,0.27608007319925953,0.5185604906084521,0.1955028613060508,0.28974226451046453,0.5147548741834848,2025-11-21
2025-11-23,La Liga,Oviedo,Vallecano,D,0.21213573705085,0.3333394105498832,0.45452485239926677,0.27023709922932615,0.30119305177262357,0.42856984899805023,2025-11-21
2025-11-23,La Liga,Betis,Girona,D,0.5721585066222566,0.21529066915789016,0.21255082421985322,0.6314375520511513,0.21373881739784545,0.15482363055100343,2025-11-21
2025-11-23,La Liga,Elche,Real Madrid,D,0.14720829740372152,0.21766346250369584,0.6351282400925827,0.13658248992826963,0.1736759359339688,0.6897415741377617,2025-11-21
2025-11-24,La Liga,Espanol,Sevilla,H,0.4157709550844742,0.26326349078857003,0.32096555412695577,0.5248351853872169,0.2589186914576937,0.21624612315508937,2025-11-21
2025-11-28,La Liga,Getafe,Elche,H,0.43501586450898744,0.3163118263173888,0.24867230917362387,0.42325425433816755,0.32777265487467516,0.24897309078715738,2025-11-21
2025-11-29,La Liga,Ath Madrid,Oviedo,H,0.8325073752392201,0.1274403889334888,0.04005223582729092,0.770999140292606,0.15469485158358864,0.07430600812380549,2025-11-21
2025-11-29,La Liga,Levante,Ath Bilbao,A,0.2753242028407711,0.2498266073239041,0.4748491898353247,0.24646337956434516,0.27984602751686455,0.4736905929187903,2025-11-21
2025-11-29,La Liga,Barcelona,Alaves,H,0.7582493530451664,0.15592802017559862,0.08582262677923524,0.7688983173404554,0.14474742419812792,0.08635425846141681,2025-11-21
2025-11-29,La Liga,Mallorca,Osasuna,D,0.37953524946028533,0.3132459169814568,0.3072188335582581,0.38957159371411354,0.3214287076849121,0.2889996986009744,2025-11-21
2025-11-30,La Liga,Girona,Real Madrid,D,0.17463760993298746,0.1958208208050298,0.6295415692619827,0.1368479368955223,0.16800420974388988,0.6951478533605879,2025-11-21
2025-11-30,La Liga,Celta,Espanol,A,0.4927427809539069,0.24542125067382656,0.26183596837226647,0.5065397415060754,0.2724247349276372,0.22103552356628742,2025-11-21
2025-11-30,La Liga,Sevilla,Betis,A,0.3715443832751493,0.256640707212563,0.3718149095122874,0.3503370405219886,0.2915978960033318,0.3580650634746795,2025-11-21
2025-11-30,La Liga,Sociedad,Villarreal,A,0.32391614363643634,0.2587733976413973,0.41731045872216643,0.33570063242893317,0.28549320646448856,0.3788061611065783,2025-11-21
2025-12-01,La Liga,Vallecano,Valencia,D,0.42606493022962233,0.2989556695962353,0.27497940017414263,0.4606802778097862,0.3028147620494233,0.23650496014079048,2025-11-21
2025-12-02,La Liga,Barcelona,Ath Madrid,H,0.5086429789489475,0.2239179238111229,0.2674390972399293,0.5710647802165264,0.21494420458038518,0.21399101520308858,2025-11-21
2025-12-03,La Liga,Ath Bilbao,Real Madrid,A,0.28250586552895696,0.27729050834720276,0.44020362612384023,0.2235911936982428,0.2629771763280146,0.5134316299737428,2025-11-21
2025-12-05,La Liga,Oviedo,Mallorca,D,0.22673193046526918,0.3419026140794816,0.43136545545524935,0.370020814034163,0.3190671281671635,0.31091205779867365,2025-11-21
2025-12-06,La Liga,Villarreal,Getafe,H,0.6130223656359806,0.22582945737684898,0.16114817698717024,0.5892387991732932,0.2556485795355029,0.15511262129120398,2025-11-21
2025-12-06,La Liga,Alaves,Sociedad,H,0.3498565029751451,0.32285278760316,0.32729070942169475,0.35127792783650014,0.32219862917453823,0.3265234429889616,2025-11-21
2025-12-06,La Liga,Betis,Barcelona,A,0.2703988449081822,0.22018481296228898,0.509416342129529,0.25750443656450817,0.23557583491059628,0.5069197285248958,2025-11-21
2025-12-06,La Liga,Ath Bilbao,Ath Madrid,H,0.32217258721558834,0.29229994957365996,0.38552746321075193,0.3255995697876407,0.3042320980203268,0.3701683321920326,2025-11-21
2025-12-07,La Liga,Real Madrid,Celta,A,0.7538267053241098,0.14992489647111307,0.09624839820477714,0.7578408643541402,0.1539740168846507,0.08818511876120905,2025-11-21
2025-12-07,La Liga,Elche,Girona,H,0.39113848564710635,0.26503043755355415,0.34383107679933955,0.4525315438542608,0.2887070680375848,0.25876138810815447,2025-11-21
2025-12-07,La Liga,Valencia,Sevilla,D,0.4034015468186039,0.2682672904210298,0.32833116276036634,0.4832571911152715,0.2815498417802016,0.23519296710452678,2025-11-21
2025-12-07,La Liga,Espanol,Vallecano,H,0.4191830820254698,0.29548822377624057,0.2853286941982896,0.3955750895626595,0.3031510032162437,0.30127390722109676,2025-11-21
2025-12-08,La Liga,Osasuna,Levante,H,0.5058482824785495,0.23483225977135694,0.2593194577500934,0.5687203791469194,0.24170616113744073,0.18957345971563982,2025-11-21
2025-12-12,La Liga,Sociedad,Girona,A,0.4821555145426599,0.2535750565786632,0.264269428878677,0.5280148907277874,0.26328807902775236,0.20869703024446026,2025-11-21
2025-12-13,La Liga,Ath Madrid,Valencia,H,0.7083249297951945,0.18446329871326841,0.10721177149153709,0.7253662701411071,0.17414027784976038,0.10049345200913255,2025-11-21
2025-12-13,La Liga,Mallorca,Elche,H,0.4200933081375253,0.3144525933159633,0.26545409854651136,0.37118862247588325,0.32202456651881267,0.30678681100530414,2025-11-21
2025-12-13,La Liga,Barcelona,Osasuna,H,0.7585476401154913,0.14880397933354494,0.09264838055096383,0.8043504006948009,0.11843196083849829,0.07721763846670089,2025-11-21
2025-12-13,La Liga,Getafe,Espanol,A,0.41252040453882477,0.30326469515400656,0.2842149003071685,0.3580147717791031,0.34778577829970025,0.29419944992119657,2025-11-21
2025-12-14,La Liga,Sevilla,Oviedo,H,0.6613905526301491,0.22467252625645126,0.11393692111339954,0.45232593010743205,0.3087303967399933,0.23894367315257464,2025-11-21
2025-12-14,La Liga,Celta,Ath Bilbao,H,0.3310538525798271,0.27824975491606774,0.39069639250410515,0.32003463822086914,0.3128312862351904,0.36713407554394045,2025-11-21
2025-12-14,La Liga,Alaves,Real Madrid,A,0.16313759861411112,0.2414172473555126,0.5954451540303763,0.1680733591614069,0.23375251164923824,0.598174129189355,2025-11-21
2025-12-15,La Liga,Vallecano,Betis,D,0.32922895914686173,0.2895231032568477,0.38124793759629066,,,,2025-11-21
2025-12-19,La Liga,Valencia,Mallorca,D,0.42784122997358076,0.30101776656998563,0.27114100345643355,0.46031267737889187,0.301633462506044,0.23805386011506416,2025-11-21
2025-12-20,La Liga,Real Madrid,Sevilla,H,0.7497872414938987,0.1550249780702125,0.09518778043588885,0.7939555916674379,0.1360745419146742,0.06996986641788783,2025-11-21
2025-12-20,La Liga,Osasuna,Alaves,H,0.43301794493559154,0.30845426095885825,0.2585277941055503,0.4356794495525449,0.31959380674413657,0.24472674370331868,2025-11-21
2025-12-20,La Liga,Oviedo,Celta,D,0.19461658530441467,0.26959896955136925,0.5357844451442159,0.27047386892612224,0.2986828000411166,0.43084333103276107,2025-11-21
2025-12-20,La Liga,Levante,Sociedad,D,0.3749803014892291,0.2521366712347089,0.37288302727606204,0.30620102368981295,0.28808261992118495,0.40571635638900216,2025-11-21
2025-12-21,La Liga,Betis,Getafe,H,0.534442786858302,0.27028751483114355,0.19526969831055468,0.5487016507761734,0.28150780344168896,0.1697905457821376,2025-12-21
2025-12-21,La Liga,Elche,Vallecano,H,0.40213049973273873,0.31066628603412255,0.28720321423313866,0.38028580321153976,0.32559587164600057,0.2941183251424597,2025-12-21
2025-12-21,La Liga,Girona,Ath Madrid,A,0.22595506477481028,0.22659092312858733,0.5474540120966023,0.19447057823577857,0.2563710275415967,0.5491583942226248,2025-12-21
2025-12-21,La Liga,Villarreal,Barcelona,A,0.3355015872782032,0.20883587022524483,0.4556625424965521,0.23097069559299666,0.21601946753005713,0.5530098368769463,2025-12-21
2025-12-22,La Liga,Ath Bilbao,Espanol,A,0.5181316146212941,0.2752791349063032,0.20658925047240267,0.5170251423017758,0.28338404301088577,0.19959081468733847,2025-12-21
2026-01-02,La Liga,Vallecano,Getafe,D,0.3897264077189213,0.3469052927170767,0.2633682995640019,0.45278973574118214,0.3391978856597706,0.20801237859904737,2025-12-21
2026-01-03,La Liga,Celta,Valencia,H,0.5086906837145522,0.252673247660572,0.2386360686248758,0.47140190263627413,0.2951635013467248,0.2334345960170011,2025-12-21
2026-01-03,La Liga,Osasuna,Ath Bilbao,D,0.3274296302943475,0.3041434180109041,0.36842695169474854,0.3141486438230682,0.32247046220248726,0.3633808939744445,2025-12-21
2026-01-03,La Liga,Elche,Villarreal,A,0.26243792656327586,0.23798719857970835,0.4995748748570158,0.3003769552699534,0.2764833338280253,0.42313971090202135,2025-12-21
2026-01-03,La Liga,Espanol,Barcelona,A,0.18779678309075373,0.20195504771357028,0.610248169195676,0.16237928382189554,0.2030595675583283,0.6345611486197761,2025-12-21
2026-01-04,La Liga,Mallorca,Girona,A,0.4140910199837153,0.27051888921713757,0.315390090799147,0.432339638233068,0.3068656738247328,0.26079468794219923,2025-12-21
2026-01-04,La Liga,Sociedad,Ath Madrid,D,0.24665457835662827,0.26831806290018645,0.4850273587431855,0.2285127275859539,0.25490264888196956,0.5165846235320767,2025-12-21
2026-01-04,La Liga,Alaves,Oviedo,D,0.5764702182220933,0.31786449891978297,0.10566528285812353,0.5027264167224262,0.32021847665817904,0.1770551066193946,2025-12-21
2026-01-04,La Liga,Real Madrid,Betis,H,0.6702043103521378,0.1890922277208437,0.14070346192701874,0.6428504149616435,0.21334156628397397,0.14380801875438246,2025-12-21
2026-01-04,La Liga,Sevilla,Levante,A,0.5871260305417825,0.21143052987984537,0.2014434395783722,0.5424558029917073,0.26602627050826194,0.19151792650003077,2025-12-21
2026-01-09,La Liga,Getafe,Sociedad,A,0.3568352987208212,0.32646534749167627,0.31669935378750264,0.2673508097855163,0.32547055104323724,0.4071786391712466,2025-12-21
2026-01-10,La Liga,Oviedo,Betis,D,0.11180069175697818,0.266009437950454,0.6221898702925679,0.24904261372562023,0.2783838412047881,0.4725735450695916,2025-12-21
2026-01-10,La Liga,Villarreal,Alaves,H,0.657083565877862,0.20563901445542465,0.1372774196667132,0.6496334269361439,0.2256302578402924,0.12473631522356372,2025-12-21
2026-01-10,La Liga,Girona,Osasuna,H,0.4491547365817206,0.2526904468656494,0.2981548165526301,0.3729432565121344,0.30999423550849386,0.3170625079793716,2025-12-21
2026-01-10,La Liga,Valencia,Elche,D,0.44418431394490626,0.2799204087358697,0.275895277319224,0.4762139511954646,0.2891298989401035,0.23465614986443184,2025-12-21
2026-01-11,La Liga,Vallecano,Mallorca,H,0.40251602774085504,0.3288536237387146,0.2686303485204306,0.5036953904287659,0.29911757031615943,0.19718703925507466,2025-12-21
2026-01-11,La Liga,Levante,Espanol,D,0.3547450615037559,0.2544010729771733,0.39085386551907075,0.30221439260480004,0.2939970828360895,0.40378852455911046,2025-12-21
2026-01-12,La Liga,Sevilla,Celta,A,0.4313375134853692,0.25233315943354095,0.31632932708108974,0.36615134255492265,0.30919446704637915,0.3246541903986981,2025-12-21
2026-01-16,La Liga,Espanol,Girona,A,0.46389497123867884,0.248696273521111,0.28740875524021015,,,,2025-12-21
2026-01-17,La Liga,Osasuna,Oviedo,H,0.6553920828799237,0.2580153978492459,0.08659251927083023,,,,2025-12-21
2026-01-17,La Liga,Betis,Villarreal,H,0.3943643392467841,0.23635107413703615,0.3692845866161799,,,,2025-12-21
2026-01-17,La Liga,Real Madrid,Levante,H,0.8515548093235211,0.09768653258270993,0.05075865809376883,,,,2025-12-21
2026-01-17,La Liga,Mallorca,Ath Bilbao,H,0.29276008948179594,0.32033496547407,0.3869049450441342,,,,2025-12-21
2026-01-18,La Liga,Sociedad,Barcelona,H,0.20499089970898238,0.21508754288633458,0.5799215574046831,,,,2025-12-21
2026-01-18,La Liga,Celta,Vallecano,H,0.48575935757616356,0.2787377600716649,0.23550288235217154,,,,2025-12-21
2026-01-18,La Liga,Getafe,Valencia,A,0.4023416423746913,0.3170145093001677,0.28064384832514105,,,,2025-12-21
2026-01-18,La Liga,Ath Madrid,Alaves,H,0.6890627985118433,0.20637001746900066,0.10456718401915624,,,,2025-12-21
2026-01-19,La Liga,Elche,Sevilla,D,0.39402861883511314,0.27039373321754934,0.3355776479473374,,,,2025-12-21
2026-01-23,La Liga,Levante,Elche,H,0.41262868603425745,0.2541619533844402,0.33320936058130235,,,,2026-01-23
2026-01-24,La Liga,Vallecano,Osasuna,A,0.36892224251849476,0.3118043513093025,0.31927340617220273,,,,2026-01-23
2026-01-24,La Liga,Valencia,Espanol,H,0.4049971991741116,0.2896246163490124,0.3053781844768758,,,,2026-01-23
2026-01-24,La Liga,Sevilla,Ath Bilbao,H,0.34030851263964473,0.2871463083312576,0.37254517902909784,,,,2026-01-23
2026-01-24,La Liga,Villarreal,Real Madrid,A,0.31867368456355505,0.2341878917883908,0.44713842364805423,,,,2026-01-23
2026-01-25,La Liga,Ath Madrid,Mallorca,H,0.6920113427208487,0.20208247955679806,0.10590617772235325,,,,2026-01-23
2026-01-25,La Liga,Barcelona,Oviedo,H,0.9002933197502613,0.07640457640949819,0.023302103840240337,,,,2026-01-23
2026-01-25,La Liga,Sociedad,Celta,H,0.42160842489360634,0.2734395782840207,0.30495199682237295,,,,2026-01-23
2026-01-25,La Liga,Alaves,Betis,H,0.29173218899111325,0.28995448382949746,0.4183133271793893,,,,2026-01-23
2026-01-26,La Liga,Girona,Getafe,D,0.48969741199853006,0.2744464400210853,0.23585614798038462,,,,2026-01-23
2026-01-30,La Liga,Espanol,Alaves,A,0.4576907940079849,0.3041500580802164,0.23815914791179865,,,,2026-01-23
2026-01-31,La Liga,Elche,Barcelona,A,0.16797537740955937,0.19135504886607738,0.6406695737243634,,,,2026-01-23
2026-01-31,La Liga,Levante,Ath Madrid,D,0.17930261899817168,0.21910590791727033,0.6015914730845577,,,,2026-01-23
2026-01-31,La Liga,Oviedo,Girona,H,0.2052614821552437,0.27982445635133674,0.5149140614934195,,,,2026-01-23
2026-01-31,La Liga,Osasuna,Villarreal,D,0.30097820955414045,0.24926931273998998,0.44975247770586974,,,,2026-01-23
2026-02-01,La Liga,Real Madrid,Vallecano,H,0.7548735743935958,0.16778769993441445,0.07733872567198971,,,,2026-01-23
2026-02-01,La Liga,Betis,Valencia,H,0.5765672154526871,0.2343230582802852,0.18910972626702793,,,,2026-01-23
2026-02-01,La Liga,Getafe,Celta,D,0.31954004223160676,0.300717759360606,0.3797421984077871,,,,2026-01-23
2026-02-01,La Liga,Ath Bilbao,Sociedad,D,0.4677733183176035,0.29276991342539405,0.2394567682570026,,,,2026-01-23
2026-02-02,La Liga,Mallorca,Sevilla,H,0.40785401567123053,0.28428984708824767,0.30785613724052197,,,,2026-01-23
2026-02-06,La Liga,Celta,Osasuna,A,0.505918982016464,0.2546656286982149,0.2394153892853211,,,,2026-01-23
2026-02-07,La Liga,Sociedad,Elche,H,0.48738998807234374,0.2688776516615461,0.24373236026611,,,,2026-01-23
2026-02-07,La Liga,Barcelona,Mallorca,H,0.7908577356619554,0.1359087974201482,0.073233466917896,,,,2026-01-23
2026-02-08,La Liga,Valencia,Real Madrid,A,0.16374478448735408,0.2213390179637494,0.6149161975488966,,,,2026-01-23
2026-02-08,La Liga,Ath Madrid,Betis,A,0.6099429157932356,0.2194219207066749,0.17063516350008937,,,,2026-01-23
2026-02-08,La Liga,Alaves,Getafe,A,0.38655069825488125,0.3460750905484234,0.2673742111966953,,,,2026-01-23
2026-02-08,La Liga,Ath Bilbao,Levante,H,0.5922607775494245,0.23323631535585604,0.17450290709471927,,,,2026-01-23
2026-02-08,La Liga,Sevilla,Girona,D,0.4507170792954979,0.2456387937718755,0.30364412693262666,,,,2026-01-23
2026-02-09,La Liga,Villarreal,Espanol,H,0.6298354463422978,0.20693794907728952,0.16322660458041277,,,,2026-01-23
2026-02-13,La Liga,Elche,Osasuna,D,0.42704008905319296,0.274608950119562,0.2983509608272449,,,,2026-01-23
2026-02-14,La Liga,Espanol,Celta,D,0.3788051778084822,0.2737787509996758,0.3474160711918419,,,,2026-01-23
2026-02-14,La Liga,Getafe,Villarreal,H,0.24695604422246012,0.26766146941184704,0.48538248636569303,,,,2026-01-23
2026-02-14,La Liga,Sevilla,Alaves,D,0.47269789361674663,0.28600619175152736,0.24129591463172587,,,,2026-01-23
2026-02-14,La Liga,Real Madrid,Sociedad,H,0.6978524629151868,0.18971583018747298,0.1124317068973401,,,,2026-01-23
2026-02-15,La Liga,Mallorca,Betis,A,0.3181048084831218,0.2790162823939036,0.40287890912297464,,,,2026-01-23
2026-02-15,La Liga,Levante,Valencia,A,0.42580146065515767,0.2625260727260851,0.3116724666187571,,,,2026-01-23
2026-02-15,La Liga,Vallecano,Ath Madrid,H,0.1850187872631296,0.27015391345693346,0.5448272992799372,,,,2026-01-23
2026-02-15,La Liga,Oviedo,Ath Bilbao,A,0.1528575589174876,0.30110976183152893,0.5460326792509836,,,,2026-01-23
2026-02-16,La Liga,Girona,Barcelona,H,0.17708690270988672,0.18258526255899224,0.640327834731121,,,,2026-01-23
2026-02-18,La Liga,Levante,Villarreal,A,0.25089317909410913,0.217542760545638,0.5315640603602529,,,,2026-01-23
2026-02-20,La Liga,Ath Bilbao,Elche,H,0.5339069887402351,0.26204643847023695,0.20404657278952767,,,,2026-01-23
2026-02-21,La Liga,Ath Madrid,Espanol,H,0.6795604162657697,0.2036416145561782,0.11679796917805234,,,,2026-01-23
2026-02-21,La Liga,Sociedad,Oviedo,D,0.6479923373842527,0.24806581579976217,0.1039418468159851,,,,2026-01-23
2026-02-21,La Liga,Betis,Vallecano,D,0.5721699154657154,0.2504195714976731,0.17741051303661146,,,,2026-01-23
2026-02-21,La Liga,Osasuna,Real Madrid,H,0.1851619214764801,0.2321827874139229,0.5826552911095974,,,,2026-01-23
2026-02-22,La Liga,Celta,Mallorca,H,0.5227695119828726,0.2596067148567688,0.21762377316035858,,,,2026-02-22
2026-02-22,La Liga,Villarreal,Valencia,H,0.6491614470284195,0.20079131283567547,0.15004724013590534,,,,2026-02-22
2026-02-22,La Liga,Getafe,Sevilla,A,0.3992839849547327,0.30826265627216204,0.29245335877310535,,,,2026-02-22
2026-02-22,La Liga,Barcelona,Levante,H,0.8619919377763605,0.09084850379661055,0.04715955842702893,,,,2026-02-22
2026-02-23,La Liga,Alaves,Girona,D,0.37720711694885206,0.29227406331117456,0.3305188197399734,,,,2026-02-22
2026-02-27,La Liga,Levante,Alaves,H,0.41081773011595085,0.2912971087714313,0.2978851611126178,,,,2026-02-22
2026-02-28,La Liga,Oviedo,Ath Madrid,A,0.11631810418748827,0.22943790784623977,0.654243987966272,,,,2026-02-22
2026-02-28,La Liga,Mallorca,Sociedad,A,0.35862905020718416,0.2969798184107877,0.3443911313820282,,,,2026-02-22
2026-02-28,La Liga,Vallecano,Ath Bilbao,D,0.30784302673619396,0.31785701827131413,0.3742999549924919,,,,2026-02-22
2026-02-28,La Liga,Barcelona,Villarreal,H,0.6702887043576311,0.17161737477814096,0.1580939208642278,,,,2026-02-22
2026-03-01,La Liga,Elche,Espanol,D,0.437106550646429,0.26440606436101627,0.2984873849925549,,,,2026-02-22
2026-03-01,La Liga,Valencia,Osasuna,H,0.387447934540216,0.29052114129250717,0.32203092416727697,,,,2026-02-22
2026-03-01,La Liga,Betis,Sevilla,D,0.5799548547741497,0.22698349384356772,0.19306165138228262,,,,2026-02-22
2026-03-01,La Liga,Girona,Celta,A,0.41872110919328476,0.25227273844286185,0.32900615236385333,,,,2026-02-22
2026-03-02,La Liga,Real Madrid,Getafe,A,0.7330936008017753,0.18590193214659498,0.0810044670516296,,,,2026-02-22
2026-03-04,La Liga,Vallecano,Oviedo,H,0.5397314241900346,0.2959685536591047,0.16430002215086056,,,,2026-02-22
2026-03-06,La Liga,Celta,Real Madrid,A,0.21576908840302808,0.2323844117859513,0.5518464998110206,,,,2026-02-22
2026-03-07,La Liga,Osasuna,Mallorca,D,0.48345878155985966,0.2836455066159279,0.23289571182421237,,,,2026-02-22
2026-03-07,La Liga,Levante,Girona,D,0.3783465457098757,0.2512562600521015,0.3703971942380228,,,,2026-02-22
2026-03-07,La Liga,Ath Madrid,Sociedad,H,0.626450563900677,0.2247372676965426,0.14881216840278058,,,,2026-02-22
2026-03-07,La Liga,Ath Bilbao,Barcelona,A,0.25332364089092185,0.24329809982213663,0.5033782592869415,,,,2026-02-22
2026-03-08,La Liga,Valencia,Alaves,H,0.4417728315058494,0.3063221761081632,0.25190499238598735,,,,2026-02-22
2026-03-08,La Liga,Sevilla,Vallecano,D,0.4478851465283053,0.28787253185958206,0.26424232161211264,,,,2026-02-22
2026-03-08,La Liga,Villarreal,Elche,H,0.680203631419743,0.1820788479491615,0.13771752063109546,,,,2026-02-22
2026-03-08,La Liga,Getafe,Betis,H,0.3033737476972544,0.30573539971011726,0.3908908525926285,,,,2026-02-22
2026-03-09,La Liga,Espanol,Oviedo,D,0.5853019006324977,0.25654653417711937,0.15815156519038306,,,,2026-02-22
2026-03-13,La Liga,Alaves,Villarreal,D,0.2546766245439099,0.2671142513404062,0.478209124115684,,,,2026-02-22
2026-03-14,La Liga,Girona,Ath Bilbao,H,0.3618217489482258,0.27613212533616216,0.3620461257156119,,,,2026-02-22
2026-03-14,La Liga,Ath Madrid,Getafe,H,0.6521779288777927,0.2345335154748572,0.11328855564734999,,,,2026-02-22
2026-03-14,La Liga,Oviedo,Valencia,H,0.26981142614969905,0.31272058397592223,0.41746798987437883,,,,2026-02-22
2026-03-14,La Liga,Real Madrid,Elche,H,0.7966405932717399,0.13474121211120874,0.06861819461705139,,,,2026-02-22
2026-03-15,La Liga,Betis,Celta,D,0.5154004260023823,0.24167816808947634,0.24292140590814146,,,,2026-02-22
2026-03-15,La Liga,Mallorca,Espanol,H,0.42551347852133503,0.2855182603884853,0.2889682610901796,,,,2026-02-22
2026-03-15,La Liga,Barcelona,Sevilla,H,0.8084806780973064,0.12109451048137897,0.07042481142131438,,,,2026-02-22
2026-03-15,La Liga,Sociedad,Osasuna,H,0.45444530405012046,0.27886388175328586,0.2666908141965938,,,,2026-02-22
2026-03-16,La Liga,Vallecano,Levante,D,0.47555314203254667,0.27673524051377546,0.2477116174536777,,,,2026-02-22
2026-03-20,La Liga,Villarreal,Sociedad,H,0.5824207119876051,0.2211849772313517,0.19639431078104316,,,,2026-02-22
2026-03-21,La Liga,Elche,Mallorca,H,0.43318987158668687,0.28166601189484924,0.285144116518464,,,,2026-02-22
2026-03-21,La Liga,Espanol,Getafe,A,0.42788267320072093,0.30808252797999436,0.2640347988192848,,,,2026-02-22
2026-03-21,La Liga,Levante,Oviedo,H,0.5490492412748129,0.2620757918303798,0.18887496689480726,,,,2026-02-22
2026-03-21,La Liga,Osasuna,Girona,H,0.47098415129579047,0.26006035938713956,0.26895548931707025,,,,2026-02-22
2026-03-21,La Liga,Sevilla,Valencia,A,0.4534391369178719,0.27012725545807176,0.27643360762405644,,,,2026-02-22
2026-03-22,La Liga,Barcelona,Vallecano,H,0.7817354484313564,0.14517746647687796,0.07308708509176572,,,,2026-02-22
2026-03-22,La Liga,Celta,Alaves,A,0.5264284445840711,0.2699449420734339,0.20362661334249518,,,,2026-02-22
2026-03-22,La Liga,Ath Bilbao,Betis,H,0.4349126189770534,0.2756576427451698,0.28942973827777696,,,,2026-02-22
2026-03-22,La Liga,Real Madrid,Ath Madrid,H,0.5288586003698927,0.24694266320391034,0.22419873642619687,,,,2026-02-22
2026-04-03,La Liga,Vallecano,Elche,H,0.4503308206942239,0.2820734586501768,0.26759572065559906,,,,2026-04-03
2026-04-04,La Liga,Ath Madrid,Barcelona,A,0.3781342876113317,0.24410737632761634,0.3777583360610519,,,,2026-04-03
2026-04-04,La Liga,Betis,Espanol,D,0.5860026049494413,0.22302118635138743,0.19097620869917106,,,,2026-04-03
2026-04-04,La Liga,Sociedad,Levante,H,0.5657604747632854,0.2295778649773917,0.2046616602593228,,,,2026-04-03
2026-04-04,La Liga,Mallorca,Real Madrid,H,0.1628326470901076,0.22553316599352202,0.6116341869163702,,,,2026-04-03
2026-04-05,La Liga,Getafe,Ath Bilbao,H,0.3249790288901454,0.33727600817194264,0.3377449629379118,,,,2026-04-03
2026-04-05,La Liga,Valencia,Celta,A,0.3875750102551225,0.2676415148426033,0.3447834749022741,,,,2026-04-03
2026-04-05,La Liga,Oviedo,Sevilla,H,0.27400596230933566,0.2845606467664397,0.4414333909242244,,,,2026-04-03
2026-04-05,La Liga,Alaves,Osasuna,D,0.37055978839513626,0.29966044000430075,0.32977977160056315,,,,2026-04-03
2026-04-06,La Liga,Girona,Villarreal,H,0.33100576552233224,0.23345122258852927,0.4355430118891384,,,,2026-04-03
2026-04-10,La Liga,Real Madrid,Girona,D,0.7644073620157034,0.14629250129082108,0.08930013669347546,,,,2026-04-03
2026-04-11,La Liga,Sociedad,Alaves,D,0.5267531094458289,0.26557071311091424,0.20767617744325706,,,,2026-04-03
2026-04-11,La Liga,Elche,Valencia,H,0.42761699774312917,0.26644324085861587,0.30593976139825485,,,,2026-04-03
2026-04-11,La Liga,Barcelona,Espanol,H,0.8282670459536906,0.11066657431395217,0.06106637973235731,,,,2026-04-03
2026-04-11,La Liga,Sevilla,Ath Madrid,H,0.22821283823245783,0.24405937720698725,0.527727784560555,,,,2026-04-03
2026-04-12,La Liga,Ath Bilbao,Villarreal,A,0.3908084167698923,0.26018264901077726,0.34900893421933027,,,,2026-04-03
2026-04-12,La Liga,Mallorca,Vallecano,H,0.395868431353686,0.31600442778551446,0.2881271408607994,,,,2026-04-03
2026-04-12,La Liga,Osasuna,Betis,D,0.3840587302277902,0.2700173319815803,0.3459239377906295,,,,2026-04-03
2026-04-12,La Liga,Celta,Oviedo,A,0.681673213170083,0.20322727684937822,0.1150995099805388,,,,2026-04-03
2026-04-13,La Liga,Levante,Getafe,H,0.39412473857064206,0.3004373939188832,0.30543786751047486,,,,2026-04-03
2026-04-21,La Liga,Ath Bilbao,Osasuna,H,0.49197248081601325,0.2777873439914098,0.23024017519257683,,,,2026-04-03
2026-04-21,La Liga,Mallorca,Valencia,D,0.4046110109979474,0.29344731768445986,0.30194167131759253,,,,2026-04-03
2026-04-21,La Liga,Girona,Betis,A,0.3903153885828702,0.2507438773364482,0.3589407340806814,,,,2026-04-03
2026-04-21,La Liga,Real Madrid,Alaves,H,0.7706424158991396,0.1545709493802339,0.07478663472062622,,,,2026-04-03
2026-04-22,La Liga,Elche,Ath Madrid,H,0.21518794002604189,0.2371726513971916,0.5476394085767666,,,,2026-04-03
2026-04-22,La Liga,Sociedad,Getafe,A,0.4706292746601588,0.30211752608231945,0.2272531992575218,,,,2026-04-03
2026-04-22,La Liga,Barcelona,Celta,H,0.7642150459329644,0.14004890185385585,0.09573605221317971,,,,2026-04-03
2026-04-23,La Liga,Levante,Sevilla,H,0.43355021888058204,0.2485889845048849,0.3178607966145332,,,,2026-04-03
2026-04-23,La Liga,Vallecano,Espanol,H,0.4437306917386316,0.2885939954223892,0.26767531283897916,,,,2026-04-03
2026-04-23,La Liga,Oviedo,Villarreal,D,0.15571630285123836,0.2180340854855635,0.6262496116631979,,,,2026-04-03
2026-04-24,La Liga,Betis,Real Madrid,D,0.25426693147379426,0.23747007686971125,0.5082629916564946,,,,2026-04-03
2026-04-25,La Liga,Alaves,Mallorca,H,0.4164434273398139,0.3032848235635251,0.2802717490966609,,,,2026-04-03
2026-04-25,La Liga,Getafe,Barcelona,A,0.17124403710939265,0.23990759438560968,0.5888483685049974,,,,2026-04-03
2026-04-25,La Liga,Valencia,Girona,H,0.42865484082332245,0.2638894206418239,0.30745573853485375,,,,2026-04-03
2026-04-25,La Liga,Ath Madrid,Ath Bilbao,H,0.5766426331736041,0.24669487330015447,0.17666249352624164,,,,2026-04-03
2026-04-26,La Liga,Vallecano,Sociedad,D,0.3636837316443646,0.30243182745994046,0.33388444089569486,,,,2026-04-03
2026-04-26,La Liga,Oviedo,Elche,A,0.28816634947593606,0.28435688535884734,0.4274767651652167,,,,2026-04-03
2026-04-26,La Liga,Osasuna,Sevilla,H,0.4861605223571162,0.25919505030587325,0.2546444273370107,,,,2026-04-03
2026-04-26,La Liga,Villarreal,Celta,H,0.5877680891555467,0.20639605811648895,0.20583585272796412,,,,2026-04-03
2026-04-27,La Liga,Espanol,Levante,D,0.4809997367070837,0.24500106493207552,0.27399919836084063,,,,2026-04-03
2026-05-01,La Liga,Girona,Mallorca,A,0.5012091840168839,0.25797172363800736,0.24081909234510884,,,,2026-04-03
2026-05-02,La Liga,Osasuna,Barcelona,A,0.18797940014392447,0.2134695868663642,0.5985510129897113,,,,2026-04-03
2026-05-02,La Liga,Alaves,Ath Bilbao,A,0.3120802860220553,0.3072156976039731,0.3807040163739715,,,,2026-04-03
2026-05-02,La Liga,Valencia,Ath Madrid,A,0.23286332035877044,0.2621754008962769,0.5049612787449528,,,,2026-04-03
2026-05-02,La Liga,Villarreal,Levante,H,0.7014192283066597,0.1673436853930241,0.13123708630031614,,,,2026-04-03
2026-05-03,La Liga,Celta,Elche,H,0.5375667878283866,0.22824037856290613,0.23419283360870718,,,,2026-05-03
2026-05-03,La Liga,Getafe,Vallecano,A,0.40479630354122226,0.3433944269080789,0.2518092695506989,,,,2026-05-03
2026-05-03,La Liga,Betis,Oviedo,H,0.6558567903642505,0.2143262782607292,0.12981693137502012,,,,2026-05-03
2026-05-03,La Liga,Espanol,Real Madrid,A,0.1736805410260832,0.216885901629645,0.6094335573442718,,,,2026-05-03
2026-05-04,La Liga,Sevilla,Sociedad,H,0.38534157066408986,0.2585112432520447,0.3561471860838654,,,,2026-05-03
2026-05-08,La Liga,Levante,Osasuna,H,0.3785680260405469,0.26934223997404666,0.3520897339854066,,,,2026-05-03
2026-05-09,La Liga,Ath Madrid,Celta,A,0.6389800370186544,0.201783105500054,0.15923685748129154,,,,2026-05-03
2026-05-09,La Liga,Sociedad,Betis,D,0.41994242024187883,0.2557342529496174,0.32432332680850384,,,,2026-05-03
2026-05-09,La Liga,Sevilla,Espanol,H,0.4690701665942679,0.2572506385848589,0.2736791948208734,,,,2026-05-03
2026-05-09,La Liga,Elche,Alaves,D,0.478174173255114,0.25414320813658003,0.26768261860830617,,,,2026-05-03
2026-05-10,La Liga,Mallorca,Villarreal,D,0.29288045896660386,0.2515249693612907,0.4555945716721053,,,,2026-05-03
2026-05-10,La Liga,Ath Bilbao,Valencia,A,0.5336842456087522,0.2586421229124873,0.2076736314787605,,,,2026-05-03
2026-05-10,La Liga,Oviedo,Getafe,D,0.29397915046087336,0.34800297487171883,0.35801787466740786,,,,2026-05-03
2026-05-10,La Liga,Barcelona,Real Madrid,H,0.5296757593397367,0.21844019049914393,0.25188405016111926,,,,2026-05-03
2026-05-11,La Liga,Vallecano,Girona,D,0.40563390446913156,0.2825103054500313,0.31185579008083714,,,,2026-05-03
2026-05-12,La Liga,Betis,Elche,H,0.5779610457284915,0.22080730523156908,0.2012316490399391,,,,2026-05-03
2026-05-12,La Liga,Osasuna,Ath Madrid,A,0.27178220532684794,0.26280155498547597,0.4654162396876759,,,,2026-05-03
2026-05-12,La Liga,Celta,Levante,A,0.5756944812250044,0.22081214792704557,0.2034933708479502,,,,2026-05-03
2026-05-13,La Liga,Alaves,Barcelona,H,0.1444862442620794,0.18890183540251201,0.6666119203354087,,,,2026-05-03
2026-05-13,La Liga,Getafe,Mallorca,H,0.40964877283990014,0.3296967985496393,0.26065442861046045,,,,2026-05-03
2026-05-13,La Liga,Espanol,Ath Bilbao,H,0.3324163860263361,0.28033135380686414,0.38725226016679964,,,,2026-05-03
2026-05-13,La Liga,Villarreal,Sevilla,A,0.6728495099912809,0.18100992871656157,0.14614056129215755,,,,2026-05-03
2026-05-14,La Liga,Girona,Sociedad,D,0.4253713310853569,0.2526193425238917,0.32200932639075147,,,,2026-05-03
2026-05-14,La Liga,Real Madrid,Oviedo,H,0.8217480397451578,0.12592404137434546,0.052327918880496704,,,,2026-05-03
2026-05-14,La Liga,Valencia,Vallecano,D,0.4293156263968261,0.2972466959301725,0.2734376776730016,,,,2026-05-03
2026-05-17,La Liga,Sociedad,Valencia,A,0.5181576601311143,0.25173608597454206,0.2301062538943439,,,,2026-05-03
2026-05-17,La Liga,Sevilla,Real Madrid,A,0.18224105961469583,0.21285293781657358,0.6049060025687306,,,,2026-05-03
2026-05-17,La Liga,Vallecano,Villarreal,H,0.2845110465269428,0.2613129386221322,0.45417601485092535,,,,2026-05-03
2026-05-17,La Liga,Oviedo,Alaves,A,0.3390760568048954,0.3006526252446583,0.3602713179504464,,,,2026-05-03
2026-05-17,La Liga,Barcelona,Betis,H,0.7326762365073518,0.15596046377122105,0.1113632997214271,,,,2026-05-03
2026-05-17,La Liga,Levante,Mallorca,H,0.4093326589330531,0.2737699898580592,0.31689735120888796,,,,2026-05-03
2026-05-17,La Liga,Elche,Getafe,H,0.4152089615224946,0.3014214495773882,0.2833695889001171,,,,2026-05-03
2026-05-17,La Liga,Ath Madrid,Girona,H,0.6715525432375541,0.190248292109716,0.13819916465272974,,,,2026-05-03
2026-05-17,La Liga,Ath Bilbao,Celta,D,0.4872124096666968,0.25431498148884235,0.25847260884446094,,,,2026-05-03
2026-05-17,La Liga,Osasuna,Espanol,A,0.5007037474299774,0.2625215298400462,0.23677472272997646,,,,2026-05-03
2026-05-23,La Liga,Mallorca,Oviedo,H,0.531126850608667,0.27714537738331246,0.19172777200802038,,,,2026-05-03
2026-05-23,La Liga,Girona,Elche,D,0.49890320479509964,0.23750291235608798,0.2635938828488126,,,,2026-05-03
2026-05-23,La Liga,Real Madrid,Ath Bilbao,H,0.6596418429555331,0.20165436762233288,0.13870378942213413,,,,2026-05-03
2026-05-23,La Liga,Getafe,Osasuna,H,0.3855037586467307,0.32584206961860906,0.28865417173466024,,,,2026-05-03
2026-05-23,La Liga,Valencia,Barcelona,H,0.15691187733800727,0.1974959228575655,0.6455921998044274,,,,2026-05-03
2026-05-23,La Liga,Celta,Sevilla,H,0.5418135402610363,0.2308122197314527,0.22737424000751083,,,,2026-05-03
2026-05-23,La Liga,Betis,Levante,H,0.6145390992157003,0.21163756638441267,0.1738233343998872,,,,2026-05-03
2026-05-23,La Liga,Alaves,Vallecano,A,0.41345386928244127,0.29807509180079134,0.28847103891676745,,,,2026-05-03
2026-05-23,La Liga,Espanol,Sociedad,D,0.3667384372855718,0.2671606596904205,0.36610090302400766,,,,2026-05-03
2026-05-24,La Liga,Villarreal,Ath Madrid,H,0.41307276259463144,0.2395174022145863,0.34740983519078245,,,,2026-05-03
