Date,liga,HomeTeam,AwayTeam,FTR,prob_casa_modelo,prob_empate_modelo,prob_fora_modelo,prob_casa_odds,prob_empate_odds,prob_fora_odds,data_corte_modelo
2023-05-25,Premier League,Man United,Chelsea,H,0.4177204242785266,0.27074248729702516,0.3115370884244483,0.6287563579257206,0.22199825849313598,0.14924538358114348,2023-05-25
2023-05-28,Premier League,Arsenal,Wolves,H,0.654960933227496,0.2047031789921921,0.14033588778031209,0.7491562840355752,0.15269427445311087,0.09814944151131386,2023-05-25
2023-05-28,Premier League,Aston Villa,Brighton,H,0.4131791466466814,0.25690778037835316,0.3299130729749657,0.5160315977672281,0.23836348987773676,0.2456049123550351,2023-05-25
2023-05-28,Premier League,Brentford,Man City,H,0.16595140893070695,0.20087019193620922,0.6331783991330839,0.2870978538258796,0.27140944651299,0.44149269966113036,2023-05-25
2023-05-28,Premier League,Chelsea,Newcastle,D,0.44132159166847823,0.26878263107513684,0.28989577725638493,0.35268189534502786,0.25481728564195727,0.39250081901301487,2023-05-25
2023-05-28,Premier League,Crystal Palace,Nott'm Forest,D,0.5211785553596643,0.2521688936076372,0.22665255103269882,0.599385997865422,0.23174351230118942,0.16887048983338848,2023-05-25
2023-05-28,Premier League,Everton,Bournemouth,H,0.4788921935541738,0.2535925339124249,0.2675152725334015,0.5889078938119451,0.2280981278849083,0.1829939783031468,2023-05-25
2023-05-28,Premier League,Leeds,Tottenham,A,0.2462481333315541,0.19794232963453232,0.5558095370339138,0.34717293371334007,0.24609726946768407,0.40672979681897575,2023-05-25
2023-05-28,Premier League,Leicester,West Ham,H,0.44396747345207405,0.2331456542092778,0.3228868723386479,0.4613563482876916,0.24275857727856093,0.2958850744337475,2023-05-25
2023-05-28,Premier League,Man United,Fulham,H,0.534753685943101,0.23930181008666682,0.2259445039702321,0.6512952925166666,0.19065422118857234,0.15805048629476112,2023-05-25
2023-05-28,Premier League,Southampton,Liverpool,D,0.11213177549207104,0.16496546342745103,0.7229027610804778,0.1678965999761149,0.19892471906821005,0.6331786809556751,2023-05-25
2023-08-11,Premier League,Burnley,Man City,A,0.09188076050695913,0.1694318504127685,0.7386873890802722,0.10112400721856306,0.1674376849298755,0.7314383078515613,2023-08-11
2023-08-12,Premier League,Newcastle,Aston Villa,H,0.4681436716020318,0.2558480669877318,0.2760082614102363,0.5822143957737178,0.23288575830948713,0.1848998459167951,2023-08-11
2023-08-12,Premier League,Everton,Fulham,A,0.34844528284650056,0.27196401807951465,0.37959069907398496,0.40914488867644094,0.29453502528213676,0.2963200860414224,2023-08-11
2023-08-12,Premier League,Sheffield United,Crystal Palace,A,0.2527169603001943,0.3207254960082841,0.4265575436915216,0.24569262577532736,0.30368218962292015,0.45062518460175255,2023-08-11
2023-08-12,Premier League,Bournemouth,West Ham,D,0.2932496173796443,0.24780694505303172,0.4589434375673241,0.3559331591511437,0.2718933854626792,0.3721734553861769,2023-08-11
2023-08-12,Premier League,Arsenal,Nott'm Forest,H,0.7556901577539233,0.1464727785939802,0.09783706365209646,0.8175779253960143,0.12161471640265711,0.06080735820132856,2023-08-11
2023-08-13,Premier League,Brentford,Tottenham,D,0.40932331739367567,0.23554731860812772,0.35512936399819645,0.3737161988930278,0.2765922149999246,0.3496915861070475,2023-08-11
2023-08-13,Premier League,Chelsea,Liverpool,D,0.29187590818111186,0.2512432462095868,0.4568808456093013,0.3044803944938787,0.25125502990368914,0.44426457560243215,2023-08-11
2023-08-14,Premier League,Man United,Wolves,H,0.6033960420152572,0.23351552916366092,0.16308842882108204,0.7661304332719503,0.15444216670720268,0.07942740002084708,2023-08-11
2023-08-18,Premier League,Nott'm Forest,Sheffield United,H,0.47428725665439403,0.29179832542864437,0.2339144179169617,0.5035900260685212,0.27833750728573536,0.2180724666457435,2023-08-11
2023-08-19,Premier League,Fulham,Brentford,A,0.36080722764900863,0.26328435597138106,0.37590841637961026,0.34072238532604304,0.30368734344277754,0.35559027123117953,2023-08-11
2023-08-19,Premier League,Liverpool,Bournemouth,H,0.8232388353583193,0.11452656206742101,0.0622346025742597,0.807909604519774,0.11751412429378531,0.07457627118644068,2023-08-11
2023-08-19,Premier League,Wolves,Brighton,A,0.2909589709970095,0.2749593353496883,0.43408169365330207,0.23684623117431683,0.23122042995877487,0.5319333388669083,2023-08-11
2023-08-19,Premier League,Tottenham,Man United,H,0.45354080268407904,0.22834295361049708,0.3181162437054237,0.31849437447886775,0.25265574409563923,0.42884988142549296,2023-08-11
2023-08-19,Premier League,Man City,Newcastle,H,0.7230178471918587,0.1664673699087622,0.11051478289937912,0.5222213577730406,0.25431092162385055,0.2234677206031089,2023-08-11
2023-08-20,Premier League,Aston Villa,Everton,H,0.5532125899016105,0.24432403905429287,0.20246337104409665,0.5278958080960257,0.24913450126980807,0.22296969063416613,2023-08-11
2023-08-20,Premier League,West Ham,Chelsea,H,0.3482470487063049,0.2668195626242589,0.3849333886694362,0.30101178906831855,0.268024195745763,0.43096401518591854,2023-08-11
2023-08-21,Premier League,Crystal Palace,Arsenal,A,0.2510323010849126,0.24078039446783103,0.5081873044472565,0.21671252485089462,0.2768763419483101,0.5064111332007952,2023-08-11
2023-08-26,Premier League,Bournemouth,Tottenham,A,0.2063810200673333,0.2035110446996697,0.5901079352329971,0.28150633468025354,0.25111233453482773,0.46738133078491867,2023-08-11
2023-08-26,Premier League,Arsenal,Fulham,D,0.6373691031019653,0.1955404111506392,0.16709048574739557,0.7518302704317944,0.1541909457642313,0.0939787838039743,2023-08-11
2023-08-26,Premier League,Brentford,Crystal Palace,D,0.512194167110298,0.25781280945926904,0.229993023430433,0.45292343510238636,0.2903010741309064,0.25677549076670725,2023-08-11
2023-08-26,Premier League,Everton,Wolves,A,0.40635820664863126,0.29573101214475556,0.2979107812066132,0.3991845700186556,0.2893497622916291,0.31146566768971534,2023-08-11
2023-08-26,Premier League,Man United,Nott'm Forest,H,0.6735348943434921,0.18944664568234296,0.13701845997416473,0.7029681674792085,0.18303699455119013,0.11399483796960136,2023-08-11
2023-08-26,Premier League,Brighton,West Ham,A,0.49782690089557585,0.23766672082189577,0.2645063782825283,0.648075412411626,0.19638648860958366,0.15553809897879026,2023-08-11
2023-08-27,Premier League,Burnley,Aston Villa,A,0.2854556641450709,0.284372717048505,0.43017161880642396,0.30167303385588196,0.27150573047029375,0.42682123567382424,2023-08-11
2023-08-27,Premier League,Sheffield United,Man City,A,0.06176266335508941,0.1510561728618051,0.7871811637831052,0.060622610595303106,0.13107591480065534,0.8083014746040414,2023-08-11
2023-08-27,Premier League,Newcastle,Liverpool,A,0.28766552410700685,0.23935953146731073,0.47297494442568255,0.4366370271399941,0.24887199511287195,0.314490977747134,2023-08-11
2023-09-02,Premier League,Brighton,Newcastle,H,0.4133316212995661,0.2525980699790593,0.33407030872137466,0.3701680718820283,0.25251775446215885,0.3773141736558127,2023-08-11
2023-09-02,Premier League,Man City,Fulham,H,0.7963758360454832,0.13141642881245488,0.07220773514206197,0.8130540342160238,0.12647507198915928,0.06047089379481677,2023-08-11
2023-09-02,Premier League,Chelsea,Nott'm Forest,A,0.6351091285476529,0.21338918064351337,0.15150169080883377,0.6904641911761108,0.1943222573968695,0.11521355142701968,2023-08-11
2023-09-02,Premier League,Burnley,Tottenham,A,0.24157924071080053,0.2391019120796423,0.519318847209557,0.26332980256054817,0.25777138984159204,0.4788988075978597,2023-08-11
2023-09-02,Premier League,Sheffield United,Everton,D,0.2978560444762864,0.32054307618474615,0.38160087933896736,0.30472079004171654,0.2860098643374006,0.4092693456208829,2023-08-11
2023-09-02,Premier League,Brentford,Bournemouth,D,0.6494852693585634,0.2014159023008474,0.14909882834058924,0.5566406082642362,0.24292295871880634,0.20043643301695746,2023-08-11
2023-09-03,Premier League,Crystal Palace,Wolves,H,0.45526373219331095,0.2940090439964829,0.2507272238102062,0.5141869337148307,0.2706247019551741,0.21518836432999522,2023-08-11
2023-09-03,Premier League,Liverpool,Aston Villa,H,0.6448922765931939,0.197558842059689,0.15754888134711711,0.5945287952140272,0.21005835376941004,0.19541285101656275,2023-08-11
2023-09-03,Premier League,Arsenal,Man United,H,0.5203838744936417,0.2237043688092644,0.2559117566970942,0.5521720289057285,0.23138637401763856,0.21644159707663296,2023-08-11
2023-09-16,Premier League,Wolves,Liverpool,A,0.15125248918697817,0.2098676257375607,0.638879885075461,0.21252772730819391,0.218245962123661,0.5692263105681451,2023-09-16
2023-09-16,Premier League,Aston Villa,Crystal Palace,H,0.4837930881137947,0.2586838472423077,0.25752306464389757,0.493515764425937,0.2669839381320642,0.2395002974419988,2023-09-16
2023-09-16,Premier League,Fulham,Luton,H,0.8140472126575655,0.11917263334690988,0.06678015399552457,0.5747312767862346,0.25426593135307235,0.17100279186069303,2023-09-16
2023-09-16,Premier League,Man United,Brighton,A,0.47652404802671067,0.23527563337363672,0.28820031859965245,0.47232829338081667,0.2506973249482796,0.27697438167090377,2023-09-16
2023-09-16,Premier League,Tottenham,Sheffield United,H,0.7374941264016869,0.16315434051253924,0.09935153308577384,0.7438704741838795,0.15325382193962656,0.10287570387649399,2023-09-16
2023-09-16,Premier League,West Ham,Man City,A,0.14272943762547521,0.18266115360483984,0.6746094087696849,0.17715286606495184,0.22617889178990364,0.5966682421451446,2023-09-16
2023-09-16,Premier League,Newcastle,Brentford,H,0.4506915508821711,0.249601292043968,0.2997071570738608,0.5869266001539695,0.23364464178791108,0.17942875805811956,2023-09-16
2023-09-17,Premier League,Everton,Arsenal,A,0.1864364533188689,0.2108372642143275,0.6027262824668032,0.1621025677501956,0.2261896294188776,0.6117078028309269,2023-09-16
2023-09-17,Premier League,Bournemouth,Chelsea,D,0.23615637400682818,0.251168839862629,0.5126747861305427,0.22397501626224295,0.2448492621103613,0.5311757216273958,2023-09-16
2023-09-18,Premier League,Nott'm Forest,Burnley,D,0.47201928900217704,0.2563674730986672,0.2716132378991556,0.456697661134207,0.2784424486687188,0.264859890197074,2023-09-16
2023-09-23,Premier League,Crystal Palace,Fulham,D,0.4237313911128251,0.2689675204184906,0.3073010884686844,0.4654548095579003,0.2883348377792303,0.2462103526628692,2023-09-16
2023-09-23,Premier League,Luton,Wolves,D,0.1743079334887849,0.22382838730495666,0.6018636792062587,0.29833537157752626,0.2956314256115668,0.40603320281090705,2023-09-16
2023-09-23,Premier League,Man City,Nott'm Forest,H,0.8684015148369622,0.08903758311245645,0.042560902050581474,0.8314991440449987,0.11445341159207628,0.05404744436292491,2023-09-16
2023-09-23,Premier League,Brentford,Everton,A,0.6077248709153509,0.2211605484824382,0.17111458060221083,0.5011049991127745,0.27681437628042777,0.22208062460679773,2023-09-16
2023-09-23,Premier League,Burnley,Man United,A,0.22311305397593362,0.2440736676446632,0.5328132783794033,0.22519196692262256,0.2432073242764324,0.5316007088009451,2023-09-16
2023-09-24,Premier League,Arsenal,Tottenham,D,0.524414920437494,0.2046653923035773,0.27091968725892857,0.5886679664846397,0.22125333592247282,0.19007869759288756,2023-09-16
2023-09-24,Premier League,Brighton,Bournemouth,H,0.6571644844919259,0.1897552564063791,0.15308025910169498,0.6396061545978441,0.1956139547261012,0.16477989067605472,2023-09-16
2023-09-24,Premier League,Chelsea,Aston Villa,A,0.4595885457967526,0.260396539918431,0.2800149142848163,0.512332155814094,0.24899603501397444,0.23867180917193162,2023-09-16
2023-09-24,Premier League,Liverpool,West Ham,H,0.6885428047922729,0.1749702743742477,0.13648692083347955,0.6997370304493633,0.17245292062493173,0.127810048925705,2023-09-16
2023-09-24,Premier League,Sheffield United,Newcastle,A,0.19275357495621628,0.25404416313829653,0.5532022619054873,0.16047152173558743,0.22115095820052483,0.6183775200638878,2023-09-16
2023-09-30,Premier League,West Ham,Sheffield United,H,0.611476034131101,0.23032128573872276,0.15820268013017608,0.6577192266649927,0.20322013684012302,0.13906063649488418,2023-09-16
2023-09-30,Premier League,Wolves,Man City,H,0.09333740495316187,0.16795608238689072,0.7387065126599472,0.11295345549172588,0.18738521228974175,0.6996613322185323,2023-09-16
2023-09-30,Premier League,Newcastle,Burnley,H,0.646007536023901,0.20828303547716975,0.14570942849892898,0.7016850916329409,0.184794928712492,0.11351997965456721,2023-09-16
2023-09-30,Premier League,Tottenham,Liverpool,H,0.32183860173731504,0.21778138701236777,0.4603800112503171,0.3305663677483638,0.24400908941026359,0.4254245428413726,2023-09-16
2023-09-30,Premier League,Everton,Luton,A,0.7226867460043097,0.16848344804994558,0.10882980594574483,0.5820996749222386,0.24735533260054407,0.17054499247721722,2023-09-16
2023-09-30,Premier League,Aston Villa,Brighton,H,0.41912712853578976,0.24242448339282913,0.33844838807138117,0.3931658068452875,0.2596771509402563,0.3471570422144561,2023-09-16
2023-09-30,Premier League,Man United,Crystal Palace,A,0.5376300698093477,0.24508141620179547,0.21728851398885687,0.6147578517039365,0.22226942922018758,0.1629727190758758,2023-09-16
2023-09-30,Premier League,Bournemouth,Arsenal,A,0.16385741026021378,0.18939315656628897,0.6467494331734973,0.16073641114044068,0.21083607175564298,0.6284275171039164,2023-09-16
2023-10-01,Premier League,Nott'm Forest,Brentford,D,0.27870506355082353,0.24285742203104352,0.4784375144181328,0.3734858758141223,0.2992455641079512,0.3272685600779266,2023-09-16
2023-10-02,Premier League,Fulham,Chelsea,A,0.33347451372112585,0.26824759972408796,0.3982778865547861,0.2782274571767157,0.2806190972097533,0.44115344561353115,2023-09-16
2023-10-03,Premier League,Luton,Burnley,A,0.20249412016531146,0.22742342403987761,0.5700824557948109,0.331916785138123,0.30408525346505055,0.3639979613968264,2023-09-16
2023-10-07,Premier League,Luton,Tottenham,A,0.05115866139043617,0.0878658614215541,0.8609754771880097,0.14265246668895362,0.18835665504560864,0.6689908782654377,2023-09-16
2023-10-07,Premier League,Burnley,Chelsea,A,0.23564967462226905,0.2678733029035116,0.49647702247421915,0.1867565564222936,0.23860788535526456,0.5746355582224419,2023-09-16
2023-10-07,Premier League,Everton,Bournemouth,H,0.45471237934996156,0.25990737933154134,0.285380241318497,0.507021101812394,0.25887585357087844,0.23410304461672737,2023-09-16
2023-10-07,Premier League,Fulham,Sheffield United,H,0.5683806192424444,0.24913837384023632,0.18248100691731928,0.6391050583657588,0.2130350194552529,0.1478599221789883,2023-09-16
2023-10-07,Premier League,Man United,Brentford,H,0.45976000722702765,0.24651985771489507,0.29372013505807754,0.5960408635802705,0.22437565996208797,0.17958347645764158,2023-09-16
2023-10-07,Premier League,Crystal Palace,Nott'm Forest,D,0.49593828735162093,0.25426455026598843,0.24979716238239055,0.41791044776119407,0.31343283582089554,0.26865671641791045,2023-09-16
2023-10-08,Premier League,Arsenal,Man City,H,0.25515174883296377,0.21762118560384244,0.5272270655631939,0.32713620120323883,0.2895010630117158,0.38336273578504554,2023-09-16
2023-10-08,Premier League,Wolves,Aston Villa,D,0.29738482582760756,0.273660447566995,0.42895472660539735,0.2642509942554131,0.26568714096332297,0.4700618647812637,2023-09-16
2023-10-08,Premier League,Brighton,Liverpool,D,0.26545977868135084,0.22255888102559576,0.5119813402930533,0.30026207668473,0.23361679474754646,0.46612112856772364,2023-09-16
2023-10-08,Premier League,West Ham,Newcastle,D,0.36843939784210195,0.2501753791857529,0.3813852229721449,0.27348796803057945,0.26248979237251324,0.4640222395969073,2023-09-16
2023-10-21,Premier League,Liverpool,Everton,H,0.7695754486709222,0.1442153294298219,0.08620922189925592,0.6926480599046971,0.17631041524846836,0.13104152484683457,2023-10-21
2023-10-21,Premier League,Bournemouth,Wolves,A,0.33542532839043376,0.2800869996440185,0.384487671965548,0.42311687354967037,0.2824855427455892,0.29439758370474056,2023-10-21
2023-10-21,Premier League,Brentford,Burnley,H,0.6236881598337922,0.21637367878864533,0.1599381613775625,0.5592839272432213,0.24952667523159108,0.19118939752518765,2023-10-21
2023-10-21,Premier League,Man City,Brighton,H,0.7550187796545242,0.14372321838539986,0.101258001960076,0.7068504495597493,0.1689484378561088,0.124201112584142,2023-10-21
2023-10-21,Premier League,Newcastle,Crystal Palace,H,0.5567201921412217,0.24321649056971226,0.20006331728906587,0.6568879203273468,0.21652430335957085,0.12658777631308246,2023-10-21
2023-10-21,Premier League,Nott'm Forest,Luton,D,0.5942415365892986,0.2328169046668913,0.17294155874381023,0.5528764413119417,0.2665924758106896,0.18053108287736871,2023-10-21
2023-10-21,Premier League,Chelsea,Arsenal,D,0.33844738369660726,0.2541561807958827,0.40739643550750987,0.29205149785548107,0.2844106156441459,0.423537886500373,2023-10-21
2023-10-21,Premier League,Sheffield United,Man United,A,0.1340614719464474,0.20092037592108652,0.6650181521324663,0.12430032812198417,0.17313259988419222,0.7025670719938236,2023-10-21
2023-10-22,Premier League,Aston Villa,West Ham,H,0.49759903845721565,0.23215961981510344,0.2702413417276808,0.5436121668473664,0.2420561638449716,0.21433166930766206,2023-10-21
2023-10-23,Premier League,Tottenham,Fulham,H,0.6131719454329109,0.19856886539534782,0.18825918917174128,0.6369448064527491,0.2051178190271565,0.15793737452009438,2023-10-21
2023-10-27,Premier League,Crystal Palace,Tottenham,A,0.29174437004927245,0.24674781952050506,0.46150781043022243,0.21186453560668017,0.25203625274768704,0.5360992116456327,2023-10-21
2023-10-28,Premier League,Wolves,Newcastle,D,0.24375332107473605,0.25759216237379484,0.4986545165514692,0.23665649738574268,0.25937552113477397,0.5039679814794832,2023-10-21
2023-10-28,Premier League,Bournemouth,Burnley,H,0.4016118808585353,0.2703546751150243,0.32803344402644063,0.4565377748794646,0.26641793438171496,0.2770442907388204,2023-10-21
2023-10-28,Premier League,Arsenal,Sheffield United,H,0.8622625570126092,0.09507431684331025,0.0426631261440808,0.8526916419122519,0.1014254268800889,0.04588293120765927,2023-10-21
2023-10-28,Premier League,Chelsea,Brentford,A,0.46108663421651563,0.26197569709506274,0.2769376686884216,0.5875267145910239,0.23936273557412088,0.17311054983485527,2023-10-21
2023-10-29,Premier League,West Ham,Everton,A,0.546469932059683,0.23340361612485092,0.22012645181546614,0.46800095039762957,0.26309242616947826,0.2689066234328922,2023-10-21
2023-10-29,Premier League,Aston Villa,Luton,H,0.7637952433488524,0.15241441078329424,0.08379034586785324,0.7216126728559371,0.16529247549178733,0.11309485165227552,2023-10-21
2023-10-29,Premier League,Brighton,Fulham,D,0.5420519950829321,0.2219479196819785,0.2360000852350894,0.5918390602177493,0.22467964323081221,0.18348129655143836,2023-10-21
2023-10-29,Premier League,Liverpool,Nott'm Forest,H,0.7773427291645406,0.13900364415275732,0.08365362668270206,0.7887131723124028,0.13163202055008635,0.07965480713751087,2023-10-21
2023-10-29,Premier League,Man United,Man City,A,0.194130986478642,0.21295645371232194,0.5929125598090361,0.1729928284065069,0.2252929858317299,0.601714185761763,2023-10-21
2023-11-04,Premier League,Fulham,Man United,A,0.32137246839194233,0.25468265384463223,0.42394487776342543,0.32080891215132934,0.27076629632828075,0.40842479152038985,2023-10-21
2023-11-04,Premier League,Brentford,West Ham,H,0.47094315416188876,0.24047401516773598,0.28858283067037527,0.4505766151134422,0.2623303203894974,0.28709306449706057,2023-10-21
2023-11-04,Premier League,Burnley,Crystal Palace,A,0.29739074056189313,0.2908748049001715,0.4117344545379353,0.2756471021200192,0.30312594096064416,0.4212269569193367,2023-10-21
2023-11-04,Premier League,Everton,Brighton,D,0.2837043562638222,0.2393989869388462,0.4768966567973317,0.34031150561045054,0.27650309830849107,0.38318539608105845,2023-10-21
2023-11-04,Premier League,Man City,Bournemouth,H,0.8975043348948601,0.0725620767275692,0.029933588377570864,0.8825905480005386,0.08365423454961628,0.03375521744984516,2023-10-21
2023-11-04,Premier League,Sheffield United,Wolves,H,0.24217520564806125,0.2817405527396897,0.476084241612249,0.2230590355215614,0.25806032035074256,0.5188806441276962,2023-10-21
2023-11-04,Premier League,Newcastle,Arsenal,H,0.37125422764516064,0.23769150849391077,0.39105426386092856,0.34251853808415844,0.30116181057554486,0.35631965134029664,2023-10-21
2023-11-05,Premier League,Luton,Liverpool,D,0.06264296014728785,0.1218838291283756,0.8154732107243367,0.06461379887908264,0.11402435096308701,0.8213618501578303,2023-10-21
2023-11-05,Premier League,Nott'm Forest,Aston Villa,H,0.27245455668848506,0.24616811135047653,0.48137733196103827,0.24710390038015984,0.25488670039213335,0.4980093992277068,2023-10-21
2023-11-06,Premier League,Tottenham,Chelsea,A,0.4717239425843172,0.23886965660560647,0.28940640081007635,0.4099511428090077,0.26618745437187624,0.32386140281911613,2023-10-21
2023-11-11,Premier League,Wolves,Tottenham,H,0.24091035936718413,0.23425374632668838,0.5248358943061275,0.3105957337750853,0.26855376981105444,0.4208504964138602,2023-10-21
2023-11-11,Premier League,Arsenal,Burnley,H,0.7688318376694463,0.14554911411583818,0.08561904821471558,0.8126061460569746,0.129105649373538,0.05828820456948763,2023-10-21
2023-11-11,Premier League,Crystal Palace,Everton,A,0.47131109355454637,0.2775895433039226,0.25109936314153114,0.35917859365276916,0.31197884256378344,0.3288425637834474,2023-10-21
2023-11-11,Premier League,Man United,Luton,H,0.7685171710095625,0.1513490861574753,0.08013374283296233,0.7472007974219272,0.15698518382317367,0.09581401875489921,2023-10-21
2023-11-11,Premier League,Bournemouth,Newcastle,H,0.17919886799418186,0.21248867694549342,0.6083124550603249,0.24894636723555,0.2582156468666609,0.4928379858977892,2023-10-21
2023-11-12,Premier League,Aston Villa,Fulham,H,0.5382452486482164,0.23225391801187653,0.22950083333990678,0.5909015475252043,0.22963946396714102,0.17945898850765463,2023-10-21
2023-11-12,Premier League,Brighton,Sheffield United,D,0.7765490163831057,0.14158544729411557,0.0818655363227786,0.759101713795405,0.15474465112683217,0.08615363507776269,2023-10-21
2023-11-12,Premier League,Liverpool,Brentford,H,0.6472989416269319,0.1910627629032146,0.1616382954698533,0.6938425071716207,0.17629392196738095,0.1298635708609985,2023-10-21
2023-11-12,Premier League,West Ham,Nott'm Forest,H,0.5535864069081683,0.22868050735278597,0.2177330857390458,0.5359948181328857,0.25264339083867793,0.2113617910284364,2023-10-21
2023-11-12,Premier League,Chelsea,Man City,D,0.20128253785252573,0.23297500756723813,0.5657424545802361,0.2029520295202952,0.24354243542435422,0.5535055350553506,2023-10-21
2023-11-25,Premier League,Nott'm Forest,Brighton,A,0.29897762347214213,0.23713150889623513,0.46389086763162285,0.2632176298117847,0.26756833443677286,0.4692140357514423,2023-11-25
2023-11-25,Premier League,Sheffield United,Bournemouth,A,0.33420340275294397,0.2607247564122151,0.4050718408348407,0.27227348358795944,0.2777189532597186,0.4500075631523218,2023-11-25
2023-11-25,Premier League,Brentford,Arsenal,A,0.31909768727604076,0.23505321248272842,0.4458491002412309,0.1681449330062276,0.2408001509718815,0.591054916021891,2023-11-25
2023-11-25,Premier League,Luton,Crystal Palace,H,0.27466087893800395,0.2776953323503397,0.4476437887116564,0.23617016933931134,0.2845090928882932,0.4793207377723955,2023-11-25
2023-11-25,Premier League,Burnley,West Ham,A,0.26132882649058364,0.24446780644041574,0.49420336706900053,0.2797112525918151,0.28378867609898445,0.4365000713092004,2023-11-25
2023-11-25,Premier League,Newcastle,Chelsea,H,0.45826293505673754,0.2514517688193741,0.29028529612388854,0.37391237978934505,0.2738513204090978,0.352236299801557,2023-11-25
2023-11-25,Premier League,Man City,Liverpool,D,0.5560464475213344,0.2122258880336397,0.2317276644450259,0.5703273696231443,0.2193566806242863,0.21031594975256945,2023-11-25
2023-11-26,Premier League,Tottenham,Aston Villa,A,0.4995844877967978,0.21531332687189508,0.28510218533130727,0.3601992302467738,0.2628480869368349,0.37695268281639116,2023-11-25
2023-11-26,Premier League,Everton,Man United,A,0.2853049406384102,0.2603704092220002,0.4543246501395895,0.3634570076809623,0.2823376175608635,0.3542053747581742,2023-11-25
2023-11-27,Premier League,Fulham,Wolves,H,0.4476286442792237,0.27448720062259957,0.2778841550981766,0.4003011670222111,0.2947672229890827,0.3049316099887063,2023-11-25
2023-12-02,Premier League,Arsenal,Wolves,H,0.700396586561198,0.1788239468542122,0.12077946658458995,0.777511961722488,0.14832535885167464,0.07416267942583732,2023-11-25
2023-12-02,Premier League,Brentford,Luton,H,0.6944620422402595,0.18469244709306698,0.1208455106666736,0.6293230136181053,0.21877143137062804,0.15190555501126682,2023-11-25
2023-12-02,Premier League,Burnley,Sheffield United,H,0.4970263878867337,0.26270828176088035,0.24026533035238598,0.5580503416220061,0.25485763633130987,0.1870920220466841,2023-11-25
2023-12-02,Premier League,Nott'm Forest,Everton,A,0.41900323175724874,0.2648508032530512,0.3161459649897001,0.3384242875768299,0.3084373253864779,0.35313838703669215,2023-11-25
2023-12-02,Premier League,Newcastle,Man United,H,0.4820448348032623,0.24348181098104513,0.2744733542156923,0.4861909577753494,0.2572438930028304,0.2565651492218202,2023-11-25
2023-12-03,Premier League,West Ham,Crystal Palace,D,0.4767053468993966,0.25155719022744594,0.2717374628731571,0.5006762879016691,0.27131620070649104,0.2280075113918399,2023-11-25
2023-12-03,Premier League,Man City,Tottenham,D,0.7265817767475211,0.14968747000779228,0.1237307532446867,0.7835389683563425,0.12680959619451332,0.0896514354491443,2023-11-25
2023-12-03,Premier League,Liverpool,Fulham,H,0.7329939190929191,0.1623554053210376,0.10465067558604313,0.7819434033776648,0.13661795257876816,0.08143864404356713,2023-11-25
2023-12-03,Premier League,Chelsea,Brighton,H,0.4834251036553262,0.23810356020632506,0.27847133613834885,0.6058918182943434,0.21784874365639312,0.17625943804926353,2023-11-25
2023-12-03,Premier League,Bournemouth,Aston Villa,D,0.2200023458488238,0.21921918282777952,0.5607784713233966,0.31166462852116456,0.24432001029799832,0.44401536118083723,2023-11-25
2023-12-05,Premier League,Wolves,Burnley,H,0.5137294335716633,0.26562892551855294,0.22064164090978344,0.49840472136350866,0.26627101552297033,0.235324263113521,2023-11-25
2023-12-05,Premier League,Luton,Arsenal,A,0.11868374711791849,0.17138919194745905,0.7099270609346224,0.06228745301592984,0.13316627886164312,0.8045462681224271,2023-11-25
2023-12-06,Premier League,Brighton,Brentford,H,0.4419444158909508,0.23627781535253956,0.32177776875650954,0.5511498343932558,0.23659114842247078,0.21225901718427354,2023-11-25
2023-12-06,Premier League,Crystal Palace,Bournemouth,A,0.5452920774916996,0.2435005834074271,0.21120733910087314,0.41227819763510976,0.28366663160899674,0.30405517075589344,2023-11-25
2023-12-06,Premier League,Fulham,Nott'm Forest,H,0.47653429640993905,0.25462229138583226,0.26884341220422875,0.4720948594700171,0.281073818065964,0.2468313224640191,2023-11-25
2023-12-06,Premier League,Sheffield United,Liverpool,A,0.06718680784684312,0.1261724995528869,0.80664069260027,0.06891102713844038,0.11350051528684299,0.8175884575747165,2023-11-25
2023-12-06,Premier League,Aston Villa,Man City,H,0.1958615570341407,0.20072120207899313,0.6034172408868661,0.18852276226783762,0.22291837016427912,0.5885588675678833,2023-11-25
2023-12-06,Premier League,Man United,Chelsea,H,0.41243193244968696,0.26116123804769426,0.32640682950261884,0.3400391149578777,0.26939386946801386,0.3905670155741084,2023-11-25
2023-12-07,Premier League,Everton,Newcastle,H,0.2513769540013113,0.2475210301937442,0.5011020158049448,0.29667973330652997,0.2820607319551937,0.4212595347382763,2023-11-25
2023-12-07,Premier League,Tottenham,West Ham,A,0.5850316365379179,0.19616918526220664,0.21879917819987557,0.5812730851149874,0.22061955730500657,0.1981073575800059,2023-11-25
2023-12-09,Premier League,Wolves,Nott'm Forest,D,0.4372779364835384,0.26963716805656246,0.2930848954598989,0.4887502814084992,0.2912015149709322,0.22004820362056865,2023-11-25
2023-12-09,Premier League,Aston Villa,Arsenal,H,0.3336104956254204,0.2307785207265166,0.435610983648063,0.26666075406178896,0.2515017447869586,0.48183750115125235,2023-11-25
2023-12-09,Premier League,Sheffield United,Brentford,H,0.16024006976987487,0.21052206905488863,0.6292378611752365,0.20615704523440673,0.24833751484758457,0.5455054399180088,2023-11-25
2023-12-09,Premier League,Brighton,Burnley,D,0.6810421537013629,0.18550264428285423,0.13345520201578287,0.6294279397075164,0.2139777101875442,0.15659435010493947,2023-11-25
2023-12-09,Premier League,Crystal Palace,Liverpool,A,0.18402872448569574,0.22351445804019604,0.5924568174741083,0.14602319801159902,0.20660729080364543,0.6473695111847556,2023-11-25
2023-12-09,Premier League,Man United,Bournemouth,A,0.6798712331747443,0.18588811515115752,0.13424065167409824,0.5806728021128784,0.216456156144756,0.20287104174236545,2023-11-25
2023-12-10,Premier League,Everton,Chelsea,H,0.2686048747465555,0.26262897317785866,0.4687661520755858,0.38101811906816224,0.2816220880069025,0.3373597929249353,2023-11-25
2023-12-10,Premier League,Fulham,West Ham,H,0.39166625142064576,0.25117878061933524,0.3571549679600191,0.4443334455387489,0.27030284603607224,0.28536370842517883,2023-11-25
2023-12-10,Premier League,Luton,Man City,A,0.05570812352354584,0.11079247079104448,0.8334994056854095,0.060202506475497755,0.12349232097538002,0.8163051725491222,2023-11-25
2023-12-10,Premier League,Tottenham,Newcastle,H,0.44794823679221074,0.22551715237555947,0.3265346108322298,0.47189720667298635,0.24302706143658795,0.28507573189042573,2023-11-25
2023-12-15,Premier League,Nott'm Forest,Tottenham,A,0.25127888082688504,0.21679105983017755,0.5319300593429374,0.1891698691247212,0.2320604122436914,0.5787697186315874,2023-11-25
2023-12-16,Premier League,Chelsea,Sheffield United,H,0.7621806072179158,0.1556781955765326,0.08214119720555145,0.8190142306893926,0.12020358112108002,0.06078218818952725,2023-11-25
2023-12-16,Premier League,Man City,Crystal Palace,D,0.7973601813218493,0.13286092636924507,0.06977889230890574,0.824019473395502,0.1279398656061437,0.04804066099835436,2023-11-25
2023-12-16,Premier League,Newcastle,Fulham,H,0.5968400155712834,0.21988664663670868,0.18327333779200775,0.5068295395059842,0.25407642711527145,0.23909403337874438,2023-11-25
2023-12-16,Premier League,Burnley,Everton,A,0.3275232895520324,0.27910849096796164,0.39336821948000616,0.29672754554882935,0.2726236272829581,0.43064882716821257,2023-11-25
2023-12-17,Premier League,Liverpool,Man United,D,0.6272998265297912,0.20120877949740074,0.17149139397280802,0.7275354998035584,0.15862659258012013,0.1138379076163215,2023-11-25
2023-12-17,Premier League,West Ham,Wolves,H,0.5127104711352085,0.24389817134331698,0.24339135752147434,0.5106376120172781,0.26581135968022696,0.22355102830249501,2023-11-25
2023-12-17,Premier League,Arsenal,Brighton,H,0.6078703367163729,0.19460909289842457,0.19752057038520243,0.659294857826571,0.1985990657797253,0.14210607639370373,2023-11-25
2023-12-17,Premier League,Brentford,Aston Villa,A,0.43106412099729574,0.24216372539715403,0.32677215360555023,0.30613499692575313,0.281361066538698,0.4125039365355488,2023-11-25
2023-12-21,Premier League,Crystal Palace,Brighton,D,0.341239518650803,0.2575282436474515,0.4012322377017455,0.30160455155660676,0.28907498561656964,0.40932046282682344,2023-11-25
2023-12-22,Premier League,Aston Villa,Sheffield United,D,0.7689148829764777,0.14633529635345277,0.08474982067006984,0.790686792714417,0.13214217631665598,0.07717103096892709,2023-11-25
2023-12-23,Premier League,West Ham,Man United,H,0.3708305453396166,0.24530091583112476,0.38386853882925864,0.4631098749433716,0.25000790164038056,0.2868822234162479,2023-11-25
2023-12-23,Premier League,Fulham,Burnley,A,0.5551933889472337,0.2456801559670594,0.19912645508570687,0.5677139761646803,0.24702058504875407,0.18526543878656554,2023-11-25
2023-12-23,Premier League,Luton,Newcastle,H,0.16299489245933213,0.21184895821571392,0.6251561493249538,0.18258534307065216,0.23576554008152176,0.5816491168478262,2023-11-25
2023-12-23,Premier League,Nott'm Forest,Bournemouth,A,0.5118258002965731,0.2385528105027371,0.24962138920069005,0.3312530004800768,0.28228516562650025,0.3864618338934229,2023-11-25
2023-12-23,Premier League,Tottenham,Everton,H,0.6520546076303706,0.1886347491001391,0.15931064326949007,0.5703162092868674,0.2259994302535372,0.2036843604595955,2023-11-25
2023-12-23,Premier League,Liverpool,Arsenal,D,0.5236546490618771,0.21754251487836732,0.2588028360597556,0.38632045598480047,0.265991133628879,0.3476884103863204,2023-11-25
2023-12-24,Premier League,Wolves,Chelsea,H,0.2718846047799736,0.27136352506310707,0.4567518701569193,0.29126917915049516,0.26653124886648044,0.4421995719830244,2023-11-25
2023-12-26,Premier League,Burnley,Liverpool,A,0.12492606791325997,0.18187647045854857,0.6931974616281913,0.12379629262096613,0.17200015877426267,0.7042035486047712,2023-12-26
2023-12-26,Premier League,Newcastle,Nott'm Forest,A,0.696726265911342,0.1758541419960929,0.12741959209256523,0.6921928150667883,0.1881689206006803,0.11963826433253132,2023-12-26
2023-12-26,Premier League,Bournemouth,Fulham,H,0.36065915022792583,0.23548821346738094,0.40385263630469315,0.5060895487261958,0.2491517778344349,0.24475867343936927,2023-12-26
2023-12-26,Premier League,Sheffield United,Luton,A,0.27058740631350847,0.2493299573917638,0.4800826362947279,0.3954643801586666,0.2956967705745653,0.3088388492667682,2023-12-26
2023-12-26,Premier League,Man United,Aston Villa,H,0.41854105002859276,0.2545692684267455,0.3268896815446616,0.41460525296064893,0.25844094017440983,0.32695380686494124,2023-12-26
2023-12-27,Premier League,Chelsea,Crystal Palace,H,0.5366718086424676,0.24897275052072054,0.21435544083681204,0.5362339859801789,0.2581339134638627,0.20563210055595843,2023-12-26
2023-12-27,Premier League,Brentford,Wolves,A,0.5501166197529958,0.2415890206434875,0.20829435960351667,0.432151028483636,0.2868259038608204,0.2810230676555437,2023-12-26
2023-12-27,Premier League,Everton,Man City,A,0.1344231599327281,0.1820595380413171,0.6835173020259547,0.17670342247632773,0.24480323013093264,0.5784933473927396,2023-12-26
2023-12-28,Premier League,Arsenal,West Ham,A,0.6595979548091555,0.18038235360543284,0.16001969158541163,0.7512264089581772,0.15912677628178137,0.0896468147600415,2023-12-26
2023-12-28,Premier League,Brighton,Tottenham,H,0.3956024869387607,0.2172049311334562,0.38719258192778305,0.3924982265310948,0.24831520454008038,0.3591865689288247,2023-12-26
2023-12-30,Premier League,Luton,Chelsea,A,0.2666191232905866,0.2343994841017608,0.4989813926076523,0.17485024177833383,0.21096061779777234,0.6141891404238939,2023-12-26
2023-12-30,Premier League,Aston Villa,Burnley,H,0.6673046555163525,0.1948872837087193,0.13780806077492816,0.6927032579209355,0.18428520635255077,0.12301153572651373,2023-12-26
2023-12-30,Premier League,Crystal Palace,Brentford,H,0.343727140045771,0.27260428639667916,0.38366857355754985,0.4524494652187677,0.29748206428756896,0.2500684704936634,2023-12-26
2023-12-30,Premier League,Man City,Sheffield United,H,0.9365641449478384,0.047043790713552205,0.016392064338609603,0.9040358744394619,0.06909417040358744,0.026869955156950672,2023-12-26
2023-12-30,Premier League,Wolves,Everton,H,0.40024850248805927,0.2801139019331682,0.3196375955787723,0.3273753527751646,0.30009407337723426,0.37253057384760113,2023-12-26
2023-12-30,Premier League,Nott'm Forest,Man United,H,0.24999275962413145,0.24406247752137192,0.5059447628544965,0.2939353085037957,0.26582674075070045,0.4402379507455039,2023-12-26
2023-12-31,Premier League,Fulham,Arsenal,H,0.25296438782662645,0.22048615189973386,0.5265494602736398,0.16779282616641478,0.22982050598148757,0.6023866678520978,2023-12-26
2023-12-31,Premier League,Tottenham,Bournemouth,H,0.7123219372983711,0.15446060590479657,0.13321745679683228,0.5415326087937951,0.21118591933352795,0.24728147187267685,2023-12-26
2024-01-01,Premier League,Liverpool,Newcastle,H,0.6012008128454533,0.20625806355955176,0.19254112359499512,0.7041411629686305,0.17047628156082628,0.12538255547054322,2023-12-26
2024-01-02,Premier League,West Ham,Brighton,D,0.4165607450617508,0.22816386790213622,0.35527538703611294,0.3049469457459064,0.2665152758710798,0.4285377783830138,2023-12-26
2024-01-12,Premier League,Burnley,Luton,D,0.41446872821232017,0.25303150148942805,0.33249977029825195,0.4476681264020986,0.28124395260996393,0.2710879209879375,2023-12-26
2024-01-13,Premier League,Newcastle,Man City,A,0.24807485467848223,0.21839866787573745,0.5335264774457802,0.19033508092090268,0.2284020971050832,0.5812628219740141,2023-12-26
2024-01-13,Premier League,Chelsea,Fulham,H,0.5280873276450633,0.23094498543079955,0.24096768692413734,0.5822402816565855,0.23429910129313192,0.18346061705028258,2023-12-26
2024-01-14,Premier League,Everton,Aston Villa,D,0.3007791663064904,0.25650129190551496,0.4427195417879946,0.38162845418480673,0.26957134575381086,0.34880020006138246,2023-12-26
2024-01-14,Premier League,Man United,Tottenham,D,0.4055841806119589,0.2343224727631445,0.36009334662489667,0.4879614007445301,0.24155303171184456,0.27048556754362535,2023-12-26
2024-01-20,Premier League,Arsenal,Crystal Palace,H,0.6743837379862865,0.1910982565094735,0.13451800550424012,0.7651698820243229,0.1580106910846976,0.07681942689097947,2023-12-26
2024-01-20,Premier League,Brentford,Nott'm Forest,H,0.6291770681761834,0.20469409849766462,0.1661288333261519,0.5460893197487,0.2518235723193487,0.20208710793195134,2023-12-26
2024-01-21,Premier League,Sheffield United,West Ham,D,0.1752636002927039,0.21347846080385982,0.6112579389034362,0.34506903695473534,0.290476025138016,0.3644549379072486,2023-12-26
2024-01-21,Premier League,Bournemouth,Liverpool,A,0.14306891026542612,0.17437130898179126,0.6825597807527827,0.21586814567830648,0.21732017356403502,0.5668116807576585,2023-12-26
2024-01-22,Premier League,Brighton,Wolves,D,0.5734055710047485,0.22287287521521829,0.20372155378003307,0.5823389338973807,0.22882494579026486,0.1888361203123545,2023-12-26
2024-01-30,Premier League,Aston Villa,Newcastle,A,0.44565852597565114,0.24036645313384117,0.3139750208905078,0.5224631921577533,0.23818174936603462,0.23935505847621216,2024-01-30
2024-01-30,Premier League,Nott'm Forest,Arsenal,A,0.17946980394553808,0.19841442745911733,0.6221157685953446,0.10762993220400706,0.18887587324516414,0.7034941945508288,2024-01-30
2024-01-30,Premier League,Fulham,Everton,D,0.4812349632406691,0.2567060501082093,0.2620589866511214,0.43580684019170995,0.29720160661391837,0.2669915531943717,2024-01-30
2024-01-30,Premier League,Luton,Brighton,H,0.29256710537966507,0.2214143533952384,0.4860185412250967,0.22627248640356992,0.24328545530609397,0.530442058290336,2024-01-30
2024-01-30,Premier League,Crystal Palace,Sheffield United,H,0.6284844318937093,0.2246350654479555,0.1468805026583352,0.6019840145665507,0.24169433003794183,0.15632165539550752,2024-01-30
2024-01-31,Premier League,Tottenham,Brentford,H,0.5698700955685068,0.20311810159416682,0.22701180283732622,0.599518776840374,0.2129869338775013,0.18749428928212472,2024-01-30
2024-01-31,Premier League,Liverpool,Chelsea,H,0.639992912761845,0.20032509559720682,0.15968199164094823,0.5842262606347641,0.21744744229903776,0.19832629706619803,2024-01-30
2024-01-31,Premier League,Man City,Burnley,H,0.8651352982259654,0.0929489425733299,0.04191575920070484,0.8735282947208508,0.08431447018609951,0.04215723509304976,2024-01-30
2024-02-01,Premier League,West Ham,Bournemouth,D,0.5830092221419578,0.20885274106457843,0.20813803679346368,0.3879650662308163,0.2750825752088556,0.33695235856032824,2024-01-30
2024-02-01,Premier League,Wolves,Man United,A,0.32389477665204325,0.2757958413605733,0.4003093819873833,0.3232564145411457,0.2812143953089158,0.3955291901499384,2024-01-30
2024-02-03,Premier League,Everton,Tottenham,D,0.273925423777215,0.23280142238556906,0.49327315383721604,0.3136245273858738,0.2599561590631574,0.42641931355096885,2024-01-30
2024-02-03,Premier League,Brighton,Crystal Palace,H,0.5474408004508414,0.23576947554694702,0.21678972400221155,0.559223637951497,0.25472490315068186,0.18605145889782118,2024-01-30
2024-02-03,Premier League,Burnley,Fulham,D,0.3145043918108771,0.26283394920638464,0.4226616589827382,0.327631888495937,0.29666667952223563,0.37570143198182737,2024-01-30
2024-02-03,Premier League,Newcastle,Luton,D,0.6767141298892121,0.17366797987331462,0.14961789023747327,0.6295273466019109,0.2067104720185379,0.16376218137955115,2024-01-30
2024-02-03,Premier League,Sheffield United,Aston Villa,A,0.14480897840642026,0.2029673340762911,0.6522236875172885,0.18160747856094359,0.2259534907676856,0.5924390306713707,2024-01-30
2024-02-04,Premier League,Bournemouth,Nott'm Forest,D,0.46084828970349034,0.23436978035408348,0.3047819299424263,0.5843852180063794,0.22198614688571847,0.19362863510790215,2024-01-30
2024-02-04,Premier League,Chelsea,Wolves,A,0.5445385019117093,0.24743146115663622,0.20803003693165453,0.6295535036681003,0.20939792562610676,0.1610485707057931,2024-01-30
2024-02-04,Premier League,Man United,West Ham,H,0.4929998208661068,0.24188964233984814,0.26511053679404517,0.6233341159248159,0.21185211783065644,0.16481376624452762,2024-01-30
2024-02-04,Premier League,Arsenal,Liverpool,H,0.3782088399959953,0.23854635001000837,0.38324480999399635,0.4421817918761529,0.2594133179006764,0.2984048902231707,2024-01-30
2024-02-05,Premier League,Brentford,Man City,A,0.1778188846869671,0.19599214980007143,0.6261889655129614,0.12413177217701925,0.1793014487001389,0.6965667791228418,2024-01-30
2024-02-10,Premier League,Nott'm Forest,Newcastle,A,0.2600093545604174,0.2288430426867292,0.5111476027528533,0.29299508954775166,0.25666060614737085,0.4503443043048775,2024-01-30
2024-02-10,Premier League,Wolves,Brentford,A,0.3696302543639336,0.26670435298881756,0.3636653926472488,0.4285745923241033,0.2748204306711058,0.296604977004791,2024-01-30
2024-02-10,Premier League,Tottenham,Brighton,H,0.532379900402165,0.20779951394842666,0.25982058564940835,0.5638567932153224,0.2090158802436109,0.22712732654106663,2024-01-30
2024-02-10,Premier League,Fulham,Bournemouth,H,0.5389359819085684,0.22311043675667128,0.23795358133476008,0.3688937769223719,0.2782513060214462,0.3528549170561819,2024-01-30
2024-02-10,Premier League,Liverpool,Burnley,H,0.8195693671125895,0.12119325549289653,0.05923737739451409,0.8330482652445336,0.10424336436716926,0.06270837038829714,2024-01-30
2024-02-10,Premier League,Man City,Everton,H,0.807833163360264,0.12629964387886483,0.0658671927608712,0.7798813158420581,0.14117559586046016,0.07894308829748178,2024-01-30
2024-02-10,Premier League,Luton,Sheffield United,A,0.6254962736946442,0.20292846901840164,0.17157525728695408,0.5645043445027709,0.23974011667771997,0.19575553881950924,2024-01-30
2024-02-11,Premier League,West Ham,Arsenal,A,0.27977111847336317,0.22912769911048342,0.4911011824161533,0.15559686267398107,0.2210182708437231,0.6233848664822959,2024-01-30
2024-02-11,Premier League,Aston Villa,Man United,A,0.4607041554744174,0.25032500958440657,0.2889708349411759,0.4463803523209464,0.24761047533324762,0.30600917234580605,2024-01-30
2024-02-12,Premier League,Crystal Palace,Chelsea,A,0.31323920481804557,0.27256335105680857,0.4141974441251457,0.19255243931180765,0.24322413386754652,0.5642234268206457,2024-01-30
2024-02-17,Premier League,Nott'm Forest,West Ham,H,0.326261347917409,0.2413329555213005,0.4324056965612905,0.4248660902807104,0.27484275331718266,0.30029115640210696,2024-01-30
2024-02-17,Premier League,Newcastle,Bournemouth,D,0.6617457963151213,0.18300442118673027,0.15524978249814847,0.48612956585405537,0.2467662770832768,0.26710415706266777,2024-01-30
2024-02-17,Premier League,Tottenham,Wolves,A,0.619133992956994,0.2023422393974689,0.178523767645537,0.6410425508140547,0.19320843347888672,0.16574901570705863,2024-01-30
2024-02-17,Premier League,Burnley,Arsenal,A,0.15567590419413369,0.20216833104036416,0.6421557647655022,0.09348093480934809,0.15867158671586717,0.7478474784747847,2024-01-30
2024-02-17,Premier League,Brentford,Liverpool,A,0.21958704183502814,0.21948364172960272,0.5609293164353695,0.1995380937588633,0.21747410218662627,0.5829878040545102,2024-01-30
2024-02-17,Premier League,Fulham,Aston Villa,A,0.34232083829520904,0.2490741273591478,0.4086050343456432,0.3136245273858738,0.2599561590631574,0.42641931355096885,2024-01-30
2024-02-17,Premier League,Man City,Chelsea,D,0.7021687199888219,0.17237254622155956,0.12545873378961836,0.7417301900242106,0.14722220438359335,0.11104760559219612,2024-01-30
2024-02-18,Premier League,Luton,Man United,A,0.28271647678566514,0.23317808792731554,0.4841054352870193,0.22437190037604227,0.234127200392392,0.5415008992315657,2024-01-30
2024-02-18,Premier League,Sheffield United,Brighton,A,0.16049155050584007,0.20592827538920805,0.6335801741049519,0.19765997777632524,0.2246552062226289,0.5776848160010458,2024-01-30
2024-02-19,Premier League,Everton,Crystal Palace,D,0.4037234186784461,0.28580971522126075,0.3104668661002933,0.5302183697182781,0.27802281277491375,0.19175881750680812,2024-01-30
2024-02-20,Premier League,Man City,Brentford,H,0.7636411675250812,0.14191431478049574,0.09444451769442311,0.8213618501578303,0.11402435096308701,0.06461379887908264,2024-01-30
2024-02-21,Premier League,Liverpool,Luton,H,0.8312184748141308,0.10630175119458846,0.062479773991280754,0.7693704927836822,0.1387753414111981,0.09185416580511965,2024-01-30
2024-02-24,Premier League,Aston Villa,Nott'm Forest,H,0.6476604118627974,0.1944747256633071,0.15786486247389528,0.6035737872425265,0.21546647393801946,0.18095973881945396,2024-01-30
2024-02-24,Premier League,Brighton,Everton,D,0.5648197937694945,0.2302247912928131,0.20495541493769254,0.5192251396861357,0.24395754050579746,0.23681731980806683,2024-01-30
2024-02-24,Premier League,Crystal Palace,Burnley,H,0.5089122855548389,0.2646921319143937,0.22639558253076736,0.49049881235154397,0.2743467933491686,0.2351543942992874,2024-01-30
2024-02-24,Premier League,Man United,Fulham,A,0.5257916467973772,0.23882760318511878,0.2353807500175039,0.5874717743845632,0.22754188444472517,0.18498634117071167,2024-01-30
2024-02-24,Premier League,Bournemouth,Man City,A,0.10247551660645463,0.14393900997439876,0.7535854734191463,0.14381765294931095,0.18668637642458633,0.6694959706261028,2024-01-30
2024-02-24,Premier League,Arsenal,Newcastle,H,0.5671590004251919,0.21206909525234957,0.2207719043224588,0.7130758295272375,0.16865793533165965,0.11826623514110282,2024-01-30
2024-02-25,Premier League,Wolves,Sheffield United,H,0.6324198400055022,0.22324402185982006,0.14433613813467763,0.6511484844376363,0.20864757888431784,0.14020393667804595,2024-01-30
2024-02-26,Premier League,West Ham,Brentford,H,0.44860632615806567,0.2402023459638808,0.31119132787805365,0.41770796144234207,0.270349875044627,0.31194216351303106,2024-01-30
2024-03-02,Premier League,Luton,Aston Villa,A,0.2736418870194055,0.21127641439655706,0.5150816985840375,0.21332961517010599,0.2156999442275516,0.5709704406023425,2024-03-02
2024-03-02,Premier League,Tottenham,Crystal Palace,H,0.6158812386160261,0.20192913193145084,0.1821896294525232,0.6301878500607632,0.2109759324116468,0.15883621752759003,2024-03-02
2024-03-02,Premier League,Nott'm Forest,Liverpool,A,0.1318761047749723,0.17345978986292587,0.6946641053621018,0.1791855698006759,0.21494322231078863,0.6058712078885354,2024-03-02
2024-03-02,Premier League,Fulham,Brighton,H,0.3691493111967446,0.24599456004660517,0.38485612875665015,0.37119356102206486,0.2827113749644797,0.3460950640134555,2024-03-02
2024-03-02,Premier League,Everton,West Ham,A,0.3739803722987902,0.2699401516077151,0.3560794760934946,0.44816379238824217,0.2731784914276645,0.27865771618409324,2024-03-02
2024-03-02,Premier League,Brentford,Chelsea,D,0.3786288973724163,0.2499902280524657,0.371380874575118,0.29691965703397905,0.26040012702445214,0.4426802159415687,2024-03-02
2024-03-02,Premier League,Newcastle,Wolves,H,0.5580016792092419,0.22778128269298004,0.21421703809777784,0.5611877401217285,0.2268352314043435,0.211977028473928,2024-03-02
2024-03-03,Premier League,Burnley,Bournemouth,A,0.35953280532679355,0.2604448496245533,0.38002234504865323,0.2557840616966581,0.2557840616966581,0.48843187660668386,2024-03-02
2024-03-03,Premier League,Man City,Man United,H,0.6827540307424362,0.1851186031651938,0.13212736609236983,0.7766561640811576,0.1337574504806438,0.08958638543819863,2024-03-02
2024-03-04,Premier League,Sheffield United,Arsenal,A,0.062034975084875175,0.11849096490625871,0.8194740600088661,0.05528352073509853,0.12483375649860959,0.8198827227662918,2024-03-02
2024-03-09,Premier League,Man United,Everton,H,0.5503949359488938,0.25033331208871995,0.19927175196238617,0.4980886685110213,0.25969863732526505,0.24221269416371358,2024-03-02
2024-03-09,Premier League,Bournemouth,Sheffield United,D,0.6290437942680579,0.20724603322519639,0.1637101725067457,0.7199966683665789,0.16663135330072812,0.11337197833269282,2024-03-02
2024-03-09,Premier League,Crystal Palace,Luton,D,0.4762359892608053,0.2307128565493908,0.293051154189804,0.5059044832270875,0.25833420420106595,0.23576131257184657,2024-03-02
2024-03-09,Premier League,Wolves,Fulham,H,0.3984431946841538,0.2678726811207434,0.33368412419510296,0.3802282532203286,0.2829605605360585,0.33681118624361284,2024-03-02
2024-03-09,Premier League,Arsenal,Brentford,H,0.6817011485400177,0.17710186891417082,0.14119698254581167,0.7958533997224717,0.12945881968818873,0.07468778058933966,2024-03-02
2024-03-10,Premier League,Liverpool,Man City,D,0.3849325571915795,0.24258516298917518,0.3724822798192452,0.2792026356395179,0.2491346594937237,0.47166270486675843,2024-03-02
2024-03-10,Premier League,West Ham,Burnley,D,0.591321036709878,0.22137194205757527,0.18730702123254647,0.5839171344983,0.23757412825175928,0.17850873724994068,2024-03-02
2024-03-10,Premier League,Brighton,Nott'm Forest,H,0.6094627140289416,0.2027468316067538,0.18779045436430475,0.5956473988587286,0.2211629294167945,0.18318967172447695,2024-03-02
2024-03-10,Premier League,Aston Villa,Tottenham,A,0.4378856773025629,0.2243038808489942,0.3378104418484429,0.38178600113038047,0.25221614064312703,0.3659978582264925,2024-03-02
2024-03-11,Premier League,Chelsea,Newcastle,H,0.4290624223349006,0.24071658936582588,0.33022098829927354,0.5256573016709764,0.2256301642903263,0.24871253403869728,2024-03-02
2024-03-13,Premier League,Bournemouth,Luton,H,0.43973273943706975,0.2209611914792763,0.33930606908365385,0.6322006748236256,0.19780511911659454,0.16999420605977983,2024-03-02
2024-03-16,Premier League,Burnley,Brentford,H,0.2629696113511873,0.24776279820044317,0.4892675904483694,0.3061877745645599,0.26676085564802754,0.4270513697874126,2024-03-02
2024-03-16,Premier League,Luton,Nott'm Forest,D,0.47313744820108816,0.21712262554428202,0.30973992625462976,0.36446700507614216,0.27106598984771574,0.36446700507614216,2024-03-02
2024-03-16,Premier League,Fulham,Tottenham,H,0.32678413485700075,0.2287231405951248,0.44449272454787464,0.28205348697222465,0.24327113251354374,0.47467538051423175,2024-03-02
2024-03-17,Premier League,West Ham,Aston Villa,D,0.33747152564805094,0.24153084700615582,0.4209976273457931,0.3924012580648798,0.2637276747969924,0.3438710671381279,2024-03-02
2024-03-30,Premier League,Brentford,Man United,D,0.36829482913877637,0.2524886883590148,0.37921648250220863,0.28730625480927774,0.23989364625700782,0.4728000989337144,2024-03-02
2024-03-30,Premier League,Tottenham,Luton,H,0.6976991382620836,0.15276392102563788,0.14953694071227863,0.8088520757469302,0.1149980848433509,0.0761498394097189,2024-03-02
2024-03-30,Premier League,Sheffield United,Fulham,D,0.18873648568704088,0.22555855122672652,0.5857049630862327,0.19826838368440114,0.23475360683213595,0.5669780094834629,2024-03-02
2024-03-30,Premier League,Aston Villa,Wolves,H,0.5568186474212717,0.23427727585015537,0.20890407672857286,0.6342487318523701,0.22004547839776104,0.1457057897498688,2024-03-02
2024-03-30,Premier League,Chelsea,Burnley,D,0.6603434453199092,0.20145419637581177,0.13820235830427927,0.7695300065730457,0.14443130753998604,0.08603868588696843,2024-03-02
2024-03-30,Premier League,Bournemouth,Everton,H,0.39019462144684014,0.27120280419321136,0.3386025743599486,0.44331601668251996,0.25840345357430305,0.298280529743177,2024-03-02
2024-03-30,Premier League,Newcastle,West Ham,H,0.5527857123269222,0.2146938361887598,0.23252045148431785,0.523917031629402,0.23132374904878134,0.24475921932181663,2024-03-02
2024-03-30,Premier League,Nott'm Forest,Crystal Palace,D,0.39095001821854836,0.26074556737119986,0.34830441441025173,0.43145452191124506,0.2855213747942063,0.28302410329454847,2024-03-02
2024-03-31,Premier League,Liverpool,Brighton,H,0.6707843393499432,0.18070884185074795,0.14850681879930872,0.7491119250519961,0.14641733080561745,0.1044707441423865,2024-03-02
2024-03-31,Premier League,Man City,Arsenal,D,0.5433159212091917,0.22055342299148126,0.23613065579932696,0.4667698356267515,0.27098582123886406,0.26224434313438455,2024-03-02
2024-04-02,Premier League,Newcastle,Everton,D,0.5999359829721033,0.22063943108543665,0.17942458594246022,0.48013767388498496,0.2578517137530475,0.26201061236196754,2024-04-02
2024-04-02,Premier League,Nott'm Forest,Fulham,H,0.32843882549323006,0.25706264228740583,0.41449853221936417,0.3549332065459119,0.27945890400453977,0.36560788944954825,2024-04-02
2024-04-02,Premier League,Bournemouth,Crystal Palace,H,0.4072412414303645,0.2612626559275216,0.3314961026421138,0.5148315447248037,0.25013666311822075,0.2350317921569756,2024-04-02
2024-04-02,Premier League,Burnley,Wolves,D,0.3170854200426197,0.2808393939008113,0.402075186056569,0.4110320284697509,0.27402135231316727,0.31494661921708184,2024-04-02
2024-04-02,Premier League,West Ham,Tottenham,D,0.32663635727815654,0.22291845458821175,0.4504451881336315,0.2810352429479296,0.22891837864537926,0.4900463784066912,2024-04-02
2024-04-03,Premier League,Arsenal,Luton,H,0.8152046585904396,0.11187129846743309,0.0729240429421274,0.8579509742300441,0.0923318667504714,0.0497171590194846,2024-04-02
2024-04-03,Premier League,Brentford,Brighton,D,0.39618904679449846,0.24541299726107443,0.3583979559444272,0.37842458613068675,0.26792043701263496,0.3536549768566781,2024-04-02
2024-04-03,Premier League,Man City,Aston Villa,H,0.6924122637220792,0.18074462730134286,0.12684310897657777,0.7993841781146377,0.12896731406916154,0.07164850781620084,2024-04-02
2024-04-04,Premier League,Liverpool,Sheffield United,H,0.9150200368970893,0.0614803118831908,0.023499651219719978,0.9161780916018339,0.05249452849178077,0.031327379906385296,2024-04-02
2024-04-04,Premier League,Chelsea,Man United,H,0.4160791376676914,0.25924798769135077,0.3246728746409578,0.5347636922026958,0.22069612694079513,0.24454018085650917,2024-04-02
2024-04-06,Premier League,Wolves,West Ham,A,0.39002313418573553,0.26217045247795073,0.34780641333631374,0.33421860449073915,0.28437898803159384,0.3814024074776671,2024-04-02
2024-04-06,Premier League,Brighton,Arsenal,A,0.24791190016967765,0.22807993101948115,0.5240081688108413,0.14789264688661066,0.21058626893636953,0.6415210841770197,2024-04-02
2024-04-06,Premier League,Luton,Bournemouth,H,0.4586837209968517,0.2176651016264236,0.3236511773767247,0.25457222718121464,0.2389351124894938,0.5064926603292916,2024-04-02
2024-04-06,Premier League,Aston Villa,Brentford,D,0.5201823680554541,0.23152812676569634,0.24828950517884962,0.5876373820893878,0.2297634313856611,0.18259918652495102,2024-04-02
2024-04-06,Premier League,Everton,Burnley,H,0.4817117349733408,0.27530815000678927,0.24298011501986982,0.5505359697886614,0.2471794150071541,0.20228461520418456,2024-04-02
2024-04-06,Premier League,Fulham,Newcastle,A,0.3649539846810363,0.2383044061483886,0.39674160917057505,0.3936451366724185,0.2627847263732091,0.3435701369543724,2024-04-02
2024-04-06,Premier League,Crystal Palace,Man City,A,0.12276104310012274,0.19566987285070653,0.6815690840491709,0.11027525558372386,0.18138733628724676,0.7083374081290292,2024-04-02
2024-04-07,Premier League,Man United,Liverpool,D,0.255198001037983,0.2451838095663641,0.49961818939565283,0.19395151212196954,0.19995001249687583,0.6060984753811548,2024-04-02
2024-04-07,Premier League,Sheffield United,Chelsea,D,0.14200901892333365,0.19072234708472452,0.6672686339919418,0.14465753424657532,0.1832876712328767,0.6720547945205478,2024-04-02
2024-04-07,Premier League,Tottenham,Nott'm Forest,H,0.6731391678693749,0.17984257558431352,0.14701825654631176,0.6830699449224235,0.17635624032542568,0.14057381475215092,2024-04-02
2024-04-13,Premier League,Newcastle,Tottenham,H,0.4343676898789354,0.21820875182588656,0.3474235582951779,0.36833906900923746,0.2380728128962145,0.39358811809454813,2024-04-02
2024-04-13,Premier League,Brentford,Sheffield United,H,0.733499621557175,0.1608456216504826,0.1056547567923424,0.6516259817140536,0.19302638424531607,0.15534763404063037,2024-04-02
2024-04-13,Premier League,Burnley,Brighton,D,0.24036147395412133,0.2420208811333839,0.517617644912495,0.2445265997321766,0.23910605934402493,0.5163673409237984,2024-04-02
2024-04-13,Premier League,Man City,Luton,H,0.8659563419721914,0.08722887995231776,0.046814778075490816,0.8916323731138546,0.07133058984910837,0.03703703703703704,2024-04-02
2024-04-13,Premier League,Nott'm Forest,Wolves,D,0.3731748098693781,0.2769156064844376,0.349909583646184,0.469180634124327,0.27591020245379455,0.2549091634218784,2024-04-02
2024-04-13,Premier League,Bournemouth,Man United,D,0.2778970637218208,0.24478115366884806,0.47732178260933106,0.4083131006207929,0.23702077548231396,0.3546661238968931,2024-04-02
2024-04-14,Premier League,Arsenal,Aston Villa,A,0.6211149722831582,0.20309067835573436,0.17579434936110755,0.7782289249806651,0.13785769528228922,0.08391337973704563,2024-04-02
2024-04-14,Premier League,Liverpool,Crystal Palace,A,0.7448537591614331,0.16374201496645494,0.0914042258721116,0.8195358733958374,0.11377086242436331,0.06669326417979918,2024-04-02
2024-04-14,Premier League,West Ham,Fulham,A,0.4236666777351184,0.24368911830785522,0.33264420395702643,0.3988299707492688,0.264441611040276,0.3367284182104553,2024-04-02
2024-04-15,Premier League,Chelsea,Everton,H,0.5605028101838915,0.2451312714199811,0.19436591839612727,0.5812628219740141,0.2284020971050832,0.19033508092090268,2024-04-02
2024-04-20,Premier League,Luton,Brentford,A,0.3555771902442683,0.22338699786125807,0.4210358118944736,0.33308040185752874,0.2747442862779616,0.3921753118645097,2024-04-02
2024-04-20,Premier League,Sheffield United,Burnley,A,0.31270829791697496,0.2599862785289942,0.4273054235540308,0.3657001144601297,0.27401755055322397,0.3602823349866463,2024-04-02
2024-04-20,Premier League,Wolves,Arsenal,A,0.1758070475975145,0.22288936084052516,0.6013035915619604,0.08260571564800191,0.14706320588848829,0.7703310784635099,2024-04-02
2024-04-21,Premier League,Everton,Nott'm Forest,H,0.42958921403904876,0.2794985140727569,0.2909122718881943,0.4157106222162235,0.2947766230260494,0.2895127547577271,2024-04-02
2024-04-21,Premier League,Aston Villa,Bournemouth,H,0.6197848662332014,0.202167719591866,0.1780474141749324,0.5211026550176027,0.23709536858465133,0.24180197639774617,2024-04-02
2024-04-21,Premier League,Crystal Palace,West Ham,H,0.3784801518648986,0.261662466846038,0.35985738128906347,0.43632692328796185,0.27408705322032534,0.28958602349171275,2024-04-02
2024-04-21,Premier League,Fulham,Liverpool,A,0.19862718483040015,0.2186752894274945,0.5826975257421053,0.2082816761715844,0.21522439871063723,0.5764939251177783,2024-04-02
2024-04-23,Premier League,Arsenal,Chelsea,H,0.6323448979468071,0.20124964725543543,0.1664054547977574,0.6894880493839757,0.18342983955309541,0.12708211106292885,2024-04-02
2024-04-24,Premier League,Man United,Sheffield United,H,0.781511926224204,0.14180038688297322,0.07668768689282283,0.7335729913056208,0.15370100770213008,0.11272600099224907,2024-04-02
2024-04-24,Premier League,Everton,Liverpool,H,0.14466827656440834,0.21480110088026,0.6405306225553317,0.12667540484546108,0.1811339901061266,0.6921906050484122,2024-04-02
2024-04-24,Premier League,Wolves,Bournemouth,A,0.4636564754985886,0.2556843700084543,0.2806591544929569,0.3460605671998702,0.26496735526747556,0.3889720775326541,2024-04-02
2024-04-24,Premier League,Crystal Palace,Newcastle,H,0.29284566695440833,0.24811525468830978,0.45903907835728186,0.31495460742908454,0.2637424761398025,0.421302916431113,2024-04-02
2024-04-25,Premier League,Brighton,Man City,A,0.18509685305060866,0.21283578076639728,0.6020673661829943,0.12256027112377724,0.16550874220134024,0.7119309866748825,2024-04-02
2024-04-27,Premier League,West Ham,Liverpool,D,0.18464138235995425,0.20513094790087702,0.610227669739169,0.18147847851376603,0.19614340607043396,0.6223781154158,2024-04-02
2024-04-27,Premier League,Fulham,Crystal Palace,D,0.4930181843712511,0.2558714869145128,0.2511103287142359,0.46087297632552665,0.2818672405932931,0.25725978308118025,2024-04-02
2024-04-27,Premier League,Man United,Burnley,D,0.6565637478591454,0.20597093687927043,0.13746531526158415,0.6469177188939106,0.18343602615139243,0.16964625495469687,2024-04-02
2024-04-27,Premier League,Newcastle,Sheffield United,H,0.818107373999372,0.11532064431239765,0.06657198168823047,0.8010738176461215,0.12214594424083174,0.07678023811304678,2024-04-02
2024-04-27,Premier League,Wolves,Luton,H,0.48399836598018864,0.23389538046411082,0.28210625355570057,0.5028480208975802,0.2520770598265791,0.24507491927584082,2024-04-02
2024-04-27,Premier League,Everton,Brentford,H,0.3399444109149204,0.2737936920164666,0.3862618970686129,0.3244888023369036,0.2829844206426485,0.3925267770204479,2024-04-02
2024-04-27,Premier League,Aston Villa,Chelsea,D,0.45311984658225074,0.24607741363495778,0.30080273978279143,0.476163580005376,0.23924885760074036,0.28458756239388355,2024-04-02
2024-04-28,Premier League,Tottenham,Arsenal,A,0.3046233875640763,0.22291504324605121,0.47246156918987253,0.22336014879151603,0.23078780219550943,0.5458520490129746,2024-04-02
2024-04-28,Premier League,Bournemouth,Brighton,H,0.3081718777677945,0.23777911532995702,0.4540490069022483,0.4952840075455879,0.23279536086075595,0.2719206315936561,2024-04-02
2024-04-28,Premier League,Nott'm Forest,Man City,A,0.10162699244093164,0.16786813086529564,0.7305048766937726,0.08848519715006418,0.15698986591140418,0.7545249369385317,2024-04-02
2024-05-02,Premier League,Chelsea,Tottenham,H,0.42903278496220065,0.2228578525899694,0.34810936244782986,0.3957541376688695,0.24097900462015323,0.3632668577109772,2024-05-02
2024-05-03,Premier League,Luton,Everton,D,0.40075522298098987,0.24910375154562253,0.35014102547338777,0.3503208644554322,0.2632140549151625,0.38646508062940527,2024-05-02
2024-05-04,Premier League,Arsenal,Bournemouth,H,0.7800121647749464,0.13733647447955905,0.08265136074549434,0.7978775670629852,0.13316301464085684,0.06895941829615801,2024-05-02
2024-05-04,Premier League,Brentford,Fulham,D,0.46213004569264143,0.24610774753099557,0.2917622067763629,0.4653643576238416,0.2559503966931128,0.2786852456830455,2024-05-02
2024-05-04,Premier League,Burnley,Newcastle,A,0.22272388042430202,0.2270030227740189,0.550273096801679,0.28828480675812646,0.23076479780876158,0.480950395433112,2024-05-02
2024-05-04,Premier League,Sheffield United,Nott'm Forest,A,0.26971097477508055,0.2369666007204221,0.49332242450449726,0.19114568394980977,0.22740516966394234,0.5814491463862478,2024-05-02
2024-05-04,Premier League,Man City,Wolves,H,0.8001120034438779,0.13582144503115176,0.06406655152497032,0.8870636550308008,0.07227926078028747,0.0406570841889117,2024-05-02
2024-05-05,Premier League,Brighton,Aston Villa,H,0.3781018341226096,0.244846958522018,0.3770512073553723,0.4041113357406059,0.25296319977528836,0.34292546448410577,2024-05-02
2024-05-05,Premier League,Chelsea,West Ham,H,0.5472692806549858,0.2157279844383004,0.23700273490671384,0.6472201843641351,0.18851073330994228,0.16426908232592263,2024-05-02
2024-05-05,Premier League,Liverpool,Tottenham,H,0.6257092295659173,0.18977521091205646,0.1845155595220261,0.6837359214862566,0.16456017093398037,0.15170390757976315,2024-05-02
2024-05-06,Premier League,Crystal Palace,Man United,H,0.32985088308630567,0.2661205962366059,0.40402852067708844,0.48809511752969886,0.2398294528108891,0.272075429659412,2024-05-02
2024-05-11,Premier League,West Ham,Luton,H,0.5796792797953697,0.19509342551504083,0.2252272946895895,0.515741787903156,0.22707132582153003,0.2571868862753139,2024-05-02
2024-05-11,Premier League,Wolves,Crystal Palace,A,0.38936992790674974,0.28674977525898804,0.3238802968342622,0.2938724605336571,0.2679663483103044,0.4381611911560383,2024-05-02
2024-05-11,Premier League,Tottenham,Burnley,H,0.697437623425473,0.17253752260879934,0.13002485396572777,0.7363420620711247,0.1477194642133497,0.11593847371552565,2024-05-02
2024-05-11,Premier League,Nott'm Forest,Chelsea,A,0.2779918845847609,0.2389929483382862,0.483015167076953,0.24015303240384123,0.24377342987726594,0.5160735377188929,2024-05-02
2024-05-11,Premier League,Everton,Sheffield United,H,0.630106757657886,0.2147528353411138,0.15514040700100026,0.6716547852583853,0.19076585616806208,0.13757935857355258,2024-05-02
2024-05-11,Premier League,Bournemouth,Brentford,A,0.35554132899546564,0.24520801402401707,0.3992506569805174,0.4501835006497493,0.2506176189184172,0.29919888043183346,2024-05-02
2024-05-11,Premier League,Fulham,Man City,A,0.1447312347469546,0.19420983159877558,0.6610589336542698,0.08878396160693551,0.13077637588048607,0.7804396625125785,2024-05-02
2024-05-11,Premier League,Newcastle,Brighton,D,0.5344967641585592,0.22109079760070513,0.24441243824073555,0.6060827226282481,0.20035792483578452,0.19355935253596745,2024-05-02
2024-05-12,Premier League,Man United,Arsenal,A,0.25554333083689007,0.2370433619158827,0.5074133072472272,0.09880374393112769,0.13664347564943194,0.7645527804194404,2024-05-02
2024-05-13,Premier League,Aston Villa,Liverpool,D,0.2855720350540237,0.2351608142169868,0.47926715072898957,0.2488679587031335,0.2119181307734106,0.5392139105234559,2024-05-02
2024-05-14,Premier League,Tottenham,Man City,A,0.20872553005850084,0.20243254062382596,0.5888419293176734,0.1465850353791338,0.15235609976413908,0.7010588648567271,2024-05-02
2024-05-15,Premier League,Brighton,Chelsea,A,0.3955911959765209,0.24259069547996218,0.36181810854351676,0.30400733494647003,0.23052688905893462,0.4654657759945953,2024-05-02
2024-05-15,Premier League,Man United,Newcastle,H,0.42248123301205404,0.23902055448783008,0.3384982125001158,0.3564727954971857,0.24953095684803003,0.3939962476547842,2024-05-02
2024-05-19,Premier League,Sheffield United,Tottenham,A,0.11760143917241776,0.14867754494199972,0.7337210158855826,0.12156265152039898,0.15896654429590634,0.7194708041836947,2024-05-02
2024-05-19,Premier League,Man City,West Ham,H,0.807825380675126,0.1223478128094347,0.06982680651543927,0.901128441916046,0.06423767040973813,0.034633887674215845,2024-05-02
2024-05-19,Premier League,Luton,Fulham,A,0.33779879838319277,0.22685707198471214,0.435344129632095,0.31254493363235436,0.24361271769338896,0.44384234867425665,2024-05-02
2024-05-19,Premier League,Crystal Palace,Aston Villa,H,0.32065745680801117,0.25781642831199325,0.4215261148799956,0.5959665898765782,0.20935895290922898,0.19467445721419285,2024-05-02
2024-05-19,Premier League,Liverpool,Wolves,H,0.723852489670668,0.17416938114569291,0.10197812918363908,0.850948500203776,0.08995058982509513,0.05910090997112888,2024-05-02
2024-05-19,Premier League,Burnley,Nott'm Forest,A,0.391593553929655,0.2673676158261229,0.34103883024422216,0.33972755073672506,0.24826244092299143,0.4120100083402836,2024-05-02
2024-05-19,Premier League,Brighton,Man United,A,0.38761710892985524,0.25142836886092756,0.36095452220921725,0.36594778660612937,0.2415437003405221,0.3925085130533485,2024-05-02
2024-05-19,Premier League,Brentford,Newcastle,A,0.36932579340430455,0.23775479510791406,0.39291941148778137,0.32540505253039015,0.24023731038663373,0.43435763708297614,2024-05-02
2024-05-19,Premier League,Arsenal,Everton,H,0.7396526665511592,0.1697314065695649,0.09061592687927587,0.7913053919355194,0.13483136566499074,0.07386324239948994,2024-05-02
2024-05-19,Premier League,Chelsea,Bournemouth,H,0.5974206485645974,0.2061146124937772,0.19646473894162556,0.6924800860809031,0.17342971744423333,0.13409019647486364,2024-05-02
2024-08-16,Premier League,Man United,Fulham,H,0.5099735820149147,0.240119366855027,0.24990705113005826,0.5873470450403541,0.22910700338453524,0.18354595157511064,2024-08-16
2024-08-17,Premier League,West Ham,Aston Villa,A,0.35682673393109204,0.23360002672443791,0.4095732393444701,0.3828837762792543,0.2770725902419675,0.34004363347877836,2024-08-16
2024-08-17,Premier League,Nott'm Forest,Bournemouth,D,0.4298597783933819,0.24690532993412811,0.32323489167248987,0.4338981305041974,0.27769480352268633,0.2884070659731163,2024-08-16
2024-08-17,Premier League,Newcastle,Southampton,H,0.7039217552611187,0.16940308966626022,0.12667515507262134,0.6832856239744854,0.18306897849882442,0.13364539752669,2024-08-16
2024-08-17,Premier League,Everton,Brighton,A,0.3391895103069326,0.2845601476940541,0.3762503419990132,0.30899926374808856,0.2854392025825451,0.40556153366936626,2024-08-16
2024-08-17,Premier League,Arsenal,Wolves,H,0.7560539820100477,0.1591337226289723,0.08481229536098,0.8414870179595014,0.10692928957496425,0.05158369246553446,2024-08-16
2024-08-18,Premier League,Brentford,Crystal Palace,H,0.4388759708914853,0.25586481645878817,0.30525921264972644,0.3334468243159589,0.3005138046304321,0.366039371053609,2024-08-16
2024-08-18,Premier League,Chelsea,Man City,A,0.19334283867103277,0.20953144429544104,0.5971257170335266,0.25338245694830513,0.2501422720768434,0.49647527097485156,2024-08-16
2024-08-19,Premier League,Leicester,Tottenham,D,0.36621057859780254,0.22554975542719377,0.4082396659750037,0.20898450179086028,0.22394644071815048,0.5670690574909892,2024-08-16
2024-08-24,Premier League,Aston Villa,Arsenal,A,0.2439722867021323,0.22748014826054413,0.5285475650373237,0.20048712873546176,0.24068380553638352,0.5588290657281548,2024-08-16
2024-08-24,Premier League,Tottenham,Everton,H,0.598050029294252,0.21988710985414112,0.18206286085160675,0.7075641229986468,0.171265520937835,0.12117035606351827,2024-08-16
2024-08-24,Premier League,Southampton,Nott'm Forest,A,0.38461013196768207,0.25662325908847006,0.35876660894384804,0.41538792404136754,0.2734050460498266,0.3112070299088059,2024-08-16
2024-08-24,Premier League,Crystal Palace,West Ham,A,0.4757812935701491,0.24266676373233692,0.2815519426975141,0.49357326478149094,0.2532133676092545,0.2532133676092545,2024-08-16
2024-08-24,Premier League,Fulham,Leicester,H,0.4330519347255405,0.244070681934827,0.32287738333963245,0.5168618759195215,0.2550394558343046,0.2280986682461738,2024-08-16
2024-08-24,Premier League,Brighton,Man United,H,0.3854233176858534,0.2553937173374478,0.35918296497669855,0.4016433853738701,0.25850451930977814,0.3398520953163517,2024-08-16
2024-08-25,Premier League,Bournemouth,Newcastle,D,0.26996367861427994,0.2224176005358397,0.5076187208498805,0.3703809991315184,0.2661480950043424,0.3634709058641392,2024-08-16
2024-08-25,Premier League,Wolves,Chelsea,A,0.2758893559937534,0.25167096136438366,0.4724396826418629,0.24886192192015288,0.24696703418979638,0.5041710438900507,2024-08-16
2024-08-25,Premier League,Liverpool,Brentford,H,0.6861597486837082,0.17875859628780097,0.13508165502849093,0.7968004606020728,0.125431814443165,0.0777677249547623,2024-08-16
2024-08-31,Premier League,Arsenal,Brighton,D,0.6975520915194195,0.17991264082884934,0.12253526765173126,0.7079571698509343,0.17698929246273357,0.11505353768633216,2024-08-16
2024-08-31,Premier League,Brentford,Southampton,H,0.5951304572747015,0.21767349760976334,0.18719604511553523,0.5337475514201763,0.2484451518119491,0.21780729676787464,2024-08-16
2024-08-31,Premier League,Everton,Bournemouth,A,0.42480011563642267,0.27474300282482356,0.30045688153875383,0.310178271157239,0.28230718012571904,0.40751454871704207,2024-08-16
2024-08-31,Premier League,Leicester,Aston Villa,A,0.3880601015161999,0.23647614157939084,0.37546375690440914,0.24244085316314445,0.2512113233034132,0.5063478235334423,2024-08-16
2024-08-31,Premier League,Nott'm Forest,Wolves,D,0.4163523127094244,0.2675344511923386,0.316113236098237,0.4863802683290419,0.26290825315083344,0.2507114785201247,2024-08-16
2024-08-31,Premier League,West Ham,Man City,A,0.11780901052795428,0.1650339350891232,0.7171570543829227,0.1261406333870102,0.1850062623009483,0.6888531043120416,2024-08-16
2024-09-01,Premier League,Man United,Liverpool,A,0.27027831744875624,0.2362528619468693,0.4934688206043746,0.2770839443000597,0.23663373345333563,0.4862823222466048,2024-08-16
2024-09-01,Premier League,Newcastle,Tottenham,H,0.4805513710304833,0.21300023233091625,0.3064483966386005,0.38439163561661144,0.2500027861465365,0.3656055782368522,2024-08-16
2024-09-01,Premier League,Chelsea,Crystal Palace,D,0.5257472266836016,0.23450607865602754,0.2397466946603709,0.5784025586722567,0.22917837230410165,0.1924190690236418,2024-08-16
2024-09-14,Premier League,Southampton,Man United,A,0.24589353553078222,0.2413926794264438,0.5127137850427738,0.23110113910942354,0.23558853986882983,0.5333103210217466,2024-08-16
2024-09-14,Premier League,Crystal Palace,Leicester,D,0.4416306941226787,0.2495743867601925,0.308794919117129,0.580391969178492,0.2411081065990253,0.1784999242224828,2024-08-16
2024-09-14,Premier League,Fulham,West Ham,D,0.46769289963388694,0.2378452112628681,0.2944618891032452,0.4119830029394828,0.28512606655049244,0.3028909305100247,2024-08-16
2024-09-14,Premier League,Liverpool,Nott'm Forest,A,0.7762500524763688,0.13947584896270146,0.08427409856092982,0.7900155901832469,0.1355582306643546,0.07442617915239855,2024-08-16
2024-09-14,Premier League,Man City,Brentford,H,0.7842492694926764,0.13740586600908927,0.07834486449823427,0.7968249122271408,0.13391085330483896,0.06926423446802013,2024-08-16
2024-09-14,Premier League,Aston Villa,Everton,H,0.5580752612063723,0.24137169342324105,0.20055304537038687,0.578428036747193,0.24293977543382106,0.17863218781898604,2024-08-16
2024-09-14,Premier League,Bournemouth,Chelsea,A,0.27911123978448443,0.23164890748376232,0.48923985273175324,0.3069427748582718,0.25673050034319833,0.4363267247985299,2024-08-16
2024-09-15,Premier League,Tottenham,Arsenal,A,0.2599122819151884,0.2244007959884015,0.51568692209641,0.35125578333862717,0.27879040683323697,0.36995380982813586,2024-09-15
2024-09-15,Premier League,Wolves,Newcastle,A,0.25066518226117707,0.23793061018758538,0.5114042075512375,0.26995814846282135,0.2605494194279241,0.46949243210925456,2024-09-15
2024-09-21,Premier League,Tottenham,Brentford,H,0.5305923518520215,0.21708846688926758,0.25231918125871095,0.6545546687981806,0.18994919800417792,0.15549613319764163,2024-09-15
2024-09-21,Premier League,Crystal Palace,Man United,D,0.35972599333828353,0.2637745912847879,0.37649941537692866,0.34743616595898624,0.2740341590662427,0.378529674974771,2024-09-15
2024-09-21,Premier League,Southampton,Ipswich,D,0.4197854007817497,0.3345081739717418,0.24570642524650846,0.40221184789013287,0.27969904364773607,0.31808910846213123,2024-09-15
2024-09-21,Premier League,Liverpool,Bournemouth,H,0.7600851565585216,0.1484369714676557,0.09147787197382291,0.7709770100120185,0.14068923540365302,0.08833375458432842,2024-09-15
2024-09-21,Premier League,Leicester,Everton,D,0.5144794116216066,0.24888179916824146,0.2366387892101523,0.461745195486637,0.2754729859437323,0.26278181856963084,2024-09-15
2024-09-21,Premier League,Fulham,Newcastle,H,0.32554341007845955,0.24239622683782103,0.4320603630837196,0.322679488285396,0.2729669620789624,0.4043535496356414,2024-09-15
2024-09-21,Premier League,Aston Villa,Wolves,H,0.590148688794666,0.2201183733657639,0.1897329378395702,0.581287879801453,0.2305821280922628,0.18812999210628417,2024-09-15
2024-09-21,Premier League,West Ham,Chelsea,A,0.3183745995860042,0.23112482609405485,0.4505005743199409,0.2704722352193826,0.2464455138166455,0.4830822509639719,2024-09-15
2024-09-22,Premier League,Brighton,Nott'm Forest,D,0.5293598807295764,0.24267833774950062,0.22796178152092297,0.5276603405782255,0.25416100174448564,0.21817865767728878,2024-09-15
2024-09-22,Premier League,Man City,Arsenal,D,0.5191383290402268,0.23955988827472954,0.24130178268504374,0.5367194009969447,0.26542680759684967,0.19785379140620568,2024-09-15
2024-09-28,Premier League,Newcastle,Man City,D,0.19209391445673715,0.20471506434235656,0.6031910212009061,0.19771439318300615,0.22903085735147286,0.5732547494655209,2024-09-15
2024-09-28,Premier League,Arsenal,Leicester,H,0.7244896471160366,0.16510934028413815,0.11040101259982539,0.8031857451403888,0.14173866090712742,0.05507559395248379,2024-09-15
2024-09-28,Premier League,Brentford,West Ham,D,0.48556309492120725,0.23335699546318356,0.2810799096156092,0.4299294604276693,0.2729327473501496,0.2971377922221812,2024-09-15
2024-09-28,Premier League,Chelsea,Brighton,H,0.5085572187093751,0.23406359870178325,0.2573791825888417,0.5355908245886276,0.23081414107271808,0.23359503433865442,2024-09-15
2024-09-28,Premier League,Everton,Crystal Palace,H,0.3239978722665848,0.28457714394364514,0.39142498378977025,0.3488977608054157,0.290574553028988,0.3605276861655962,2024-09-15
2024-09-28,Premier League,Nott'm Forest,Fulham,A,0.35910100022587094,0.26423464754143655,0.3766643522326927,0.3673849015656488,0.3080917687180282,0.32452332971632303,2024-09-15
2024-09-28,Premier League,Wolves,Liverpool,A,0.14583922734772167,0.20402143174212642,0.6501393409101517,0.11084094006451424,0.16244252056513683,0.726716539370349,2024-09-15
2024-09-29,Premier League,Man United,Tottenham,A,0.4084124001736936,0.23492857052007907,0.3566590293062273,0.45593290202333364,0.24847757128263945,0.2955895266940267,2024-09-15
2024-09-29,Premier League,Ipswich,Aston Villa,D,0.17198177724122726,0.2732980490540015,0.5547201737047713,0.2668615887804153,0.27057832400019827,0.4625600872193866,2024-09-15
2024-09-30,Premier League,Bournemouth,Southampton,H,0.5326766547911788,0.24078749591615983,0.22653584929266138,0.6505598535657596,0.20668106222025198,0.1427590842139885,2024-09-15
2024-10-05,Premier League,Crystal Palace,Liverpool,A,0.2019465671977721,0.22895347950634543,0.5690999532958826,0.18885460730016135,0.23675919061532424,0.5743862020845144,2024-09-15
2024-10-05,Premier League,Arsenal,Southampton,H,0.8341199456217506,0.11523682733006685,0.05064322704818284,0.8306971008498688,0.11780056686868555,0.05150233228144563,2024-09-15
2024-10-05,Premier League,Brentford,Wolves,H,0.5351152858479349,0.24195730452679637,0.22292740962526855,0.4607023974533041,0.2692748084837872,0.2700227940629088,2024-09-15
2024-10-05,Premier League,Leicester,Bournemouth,H,0.5084292812688853,0.23085737983634252,0.2607133388947724,0.2629633172971791,0.2553712005248196,0.4816654821780013,2024-09-15
2024-10-05,Premier League,Man City,Fulham,H,0.7897570570910464,0.13681193234050626,0.07343101056844764,0.7668303097633484,0.1481911334818741,0.08497855675477742,2024-09-15
2024-10-05,Premier League,West Ham,Ipswich,H,0.5786282842126015,0.2643739531811081,0.1569977626062904,0.5065666041275798,0.2532833020637899,0.24015009380863042,2024-09-15
2024-10-05,Premier League,Everton,Newcastle,D,0.2429990349786115,0.2446118977536403,0.5123890672677482,0.26047874196367804,0.25633319169369917,0.48318806634262285,2024-09-15
2024-10-06,Premier League,Aston Villa,Man United,D,0.44043433922354663,0.2416915612894563,0.317874099486997,0.43607391255446754,0.2532408398428288,0.31068524760270366,2024-09-15
2024-10-06,Premier League,Chelsea,Nott'm Forest,D,0.6169223448570202,0.2068614665064168,0.17621618863656285,0.6397330974606473,0.20689240598727318,0.15337449655207946,2024-09-15
2024-10-06,Premier League,Brighton,Tottenham,H,0.371529984081326,0.23799554329985184,0.3904744726188223,0.3308448652585579,0.24624908958485062,0.4229060451565914,2024-09-15
2024-10-19,Premier League,Southampton,Leicester,A,0.2624742997374284,0.2479195235083633,0.48960617675420803,0.4364712206931609,0.27809452061307105,0.28543425869376793,2024-10-19
2024-10-19,Premier League,Bournemouth,Arsenal,H,0.13692228546054505,0.19491594206833862,0.6681617724711164,0.18758097645757624,0.26139990519829354,0.5510191183441302,2024-10-19
2024-10-19,Premier League,Newcastle,Brighton,A,0.5180583361835398,0.2309605618305258,0.25098110198593415,0.5544300924457531,0.23780702494609512,0.20776288260815162,2024-10-19
2024-10-19,Premier League,Man United,Brentford,H,0.46663724416390534,0.2506128864272281,0.28274986940886665,0.5820329789716806,0.22040704645866357,0.19755997456965577,2024-10-19
2024-10-19,Premier League,Ipswich,Everton,A,0.3175563753495564,0.30041497942450635,0.3820286452259373,0.39860394813796457,0.28355499517686106,0.3178410566851744,2024-10-19
2024-10-19,Premier League,Fulham,Aston Villa,A,0.3770309351876045,0.25291583609104257,0.3700532287213529,0.39231413134464654,0.28119625599269465,0.32648961266265886,2024-10-19
2024-10-19,Premier League,Tottenham,West Ham,H,0.5983911487124994,0.1985161112137308,0.20309274007376965,0.66753221302239,0.17760031355641565,0.15486747342119447,2024-10-19
2024-10-20,Premier League,Wolves,Man City,A,0.09011549332350438,0.1588540577449894,0.7510304489315063,0.11997707079392375,0.17754848571701537,0.702474443489061,2024-10-19
2024-10-20,Premier League,Liverpool,Chelsea,H,0.6008563613670778,0.21111625290619704,0.18802738572672517,0.5653131529903428,0.22098605071440672,0.21370079629525046,2024-10-19
2024-10-21,Premier League,Nott'm Forest,Crystal Palace,H,0.35648898770831716,0.2807997836946115,0.3627112285970714,0.40906213735626124,0.29502057179027324,0.2959172908534656,2024-10-19
2024-10-25,Premier League,Leicester,Nott'm Forest,A,0.49528809239996596,0.24618423321531507,0.2585276743847192,0.3173687685454311,0.2865653292454334,0.39606590220913557,2024-10-19
2024-10-26,Premier League,Aston Villa,Bournemouth,D,0.5871138690394399,0.21567323157728738,0.19721289938327277,0.5419599659617461,0.2443597831414422,0.21368025089681178,2024-10-19
2024-10-26,Premier League,Brentford,Ipswich,H,0.6334126478055618,0.21237120367789133,0.1542161485165466,0.5788559294768677,0.23376874075027348,0.1873753297728589,2024-10-19
2024-10-26,Premier League,Brighton,Wolves,D,0.5498180442813863,0.23762432872125264,0.21255762699736094,0.6130602954628943,0.21964518522253357,0.1672945193145722,2024-10-19
2024-10-26,Premier League,Man City,Southampton,H,0.8932891153825446,0.0780185876864004,0.028692296931055225,0.8655293527345709,0.09232313095835423,0.04214751630707476,2024-10-19
2024-10-26,Premier League,Everton,Fulham,D,0.31939903639164147,0.2868042495268312,0.3937967140815276,0.35724216897031164,0.28813282080641206,0.35462501022327636,2024-10-19
2024-10-27,Premier League,Arsenal,Liverpool,D,0.44782532413410736,0.2563318492439604,0.29584282662193223,0.4285075250372462,0.2811306594897541,0.29036181547299966,2024-10-19
2024-10-27,Premier League,West Ham,Man United,H,0.35657988455250106,0.2545096871417827,0.38891042830571637,0.2866944112871138,0.2612618425439021,0.45204374616898413,2024-10-19
2024-10-27,Premier League,Chelsea,Newcastle,H,0.4567788302955106,0.23262937605120332,0.31059179365328604,0.533090151120375,0.2407503908285565,0.22615945805106824,2024-10-19
2024-10-27,Premier League,Crystal Palace,Tottenham,H,0.3193284352226296,0.24836932923204566,0.43230223554532454,0.25702959251770474,0.2447284281402831,0.4982419793420123,2024-10-19
2024-11-02,Premier League,Newcastle,Arsenal,H,0.25999764378372225,0.23704510555198444,0.5029572506642932,0.24106473256693736,0.2632766591449208,0.4956586082881417,2024-10-19
2024-11-02,Premier League,Bournemouth,Man City,H,0.09740352669437949,0.1595683753710785,0.7430280979345417,0.15875486381322956,0.21945525291828794,0.6217898832684825,2024-10-19
2024-11-02,Premier League,Ipswich,Leicester,D,0.25937567268763684,0.2538334311294409,0.48679089618292215,0.4114513981358189,0.2743009320905459,0.3142476697736351,2024-10-19
2024-11-02,Premier League,Liverpool,Brighton,H,0.6717146581452355,0.19199721159401864,0.13628813026074574,0.7110411482038408,0.1670148465556517,0.12194400524050739,2024-10-19
2024-11-02,Premier League,Nott'm Forest,West Ham,H,0.38071190063526883,0.2562992831227249,0.36298881624200635,0.4736030494672096,0.2806029628346184,0.245793987698172,2024-10-19
2024-11-02,Premier League,Southampton,Everton,H,0.3227892012359686,0.29336477067442357,0.3838460280896076,0.3580147717791031,0.29419944992119657,0.34778577829970025,2024-10-19
2024-11-02,Premier League,Wolves,Crystal Palace,D,0.3365496495929889,0.278538766005261,0.38491158440175016,0.3983918295796654,0.29104073777676154,0.310567432643573,2024-10-19
2024-11-03,Premier League,Tottenham,Aston Villa,H,0.49700171712679564,0.2213215328494366,0.2816767500237678,0.48854560704408956,0.24064498960835104,0.27080940334755943,2024-10-19
2024-11-03,Premier League,Man United,Chelsea,D,0.37800758456315253,0.25401481236034007,0.36797760307650734,0.3577307455073166,0.26658291172052084,0.3756863427721626,2024-10-19
2024-11-04,Premier League,Fulham,Brentford,H,0.4236632747413467,0.2530322325718771,0.3233044926867762,0.48104930268293855,0.2584360615477489,0.2605146357693126,2024-10-19
2024-11-09,Premier League,Brighton,Man City,H,0.15128077025759018,0.19855272074558203,0.6501665089968276,0.23649669131957968,0.23364733359283768,0.5298559750875828,2024-10-19
2024-11-09,Premier League,Liverpool,Aston Villa,H,0.6424069974896375,0.1984552618728754,0.15913774063748726,0.662251655629139,0.19867549668874168,0.1390728476821192,2024-10-19
2024-11-09,Premier League,West Ham,Everton,D,0.4892636933281654,0.2589174022815345,0.25181890439030036,0.4481876778687135,0.2755148048088126,0.276297517322474,2024-10-19
2024-11-09,Premier League,Crystal Palace,Fulham,A,0.39944372834473024,0.2744984812508311,0.3260577904044388,0.2889018586693005,0.29503007991380087,0.41606806141689867,2024-10-19
2024-11-09,Premier League,Wolves,Southampton,H,0.5077221916977569,0.2571224025575221,0.23515540574472085,0.4984338487545369,0.25918560135235913,0.24238054989310395,2024-10-19
2024-11-09,Premier League,Brentford,Bournemouth,H,0.5341672560433661,0.2313725388993366,0.23446020505729737,0.36881601525262153,0.2758284080076263,0.35535557673975215,2024-10-19
2024-11-10,Premier League,Man United,Leicester,H,0.4966173234057108,0.24452701935446478,0.25885565723982423,0.7187060981739704,0.1726429239385872,0.10865097788744235,2024-10-19
2024-11-10,Premier League,Nott'm Forest,Newcastle,A,0.2683006797987297,0.2451528701594026,0.48654645004186764,0.346668108542341,0.29519314697090243,0.35813874448675664,2024-10-19
2024-11-10,Premier League,Tottenham,Ipswich,A,0.7347203593094778,0.16261561657854476,0.10266402411197734,0.7658733722496632,0.14360125729681186,0.09052537045352492,2024-10-19
2024-11-10,Premier League,Chelsea,Arsenal,D,0.2684070973064227,0.2388634529869648,0.4927294497066126,0.3240442192538001,0.2901888530631046,0.3857669276830954,2024-10-19
2024-11-23,Premier League,Fulham,Wolves,A,0.5265034045946123,0.2447581437391645,0.2287384516662232,0.6172636631765573,0.2187593569271321,0.16397697989631052,2024-11-23
2024-11-23,Premier League,Everton,Brentford,D,0.326632126130573,0.2721350355604978,0.40123283830892925,0.40910937570532213,0.2847018462510721,0.30618877804360584,2024-11-23
2024-11-23,Premier League,Bournemouth,Brighton,A,0.3525908829825378,0.255530821085352,0.3918782959321099,0.39119804400977987,0.27057864710676444,0.33822330888345553,2024-11-23
2024-11-23,Premier League,Man City,Tottenham,A,0.6949475524192118,0.17052051862686762,0.13453192895392033,0.6723446893787575,0.18336673346693386,0.1442885771543086,2024-11-23
2024-11-23,Premier League,Arsenal,Nott'm Forest,H,0.7281797279285701,0.1716890876800661,0.10013118439136398,0.6882823045027723,0.20218292694768936,0.10953476854953827,2024-11-23
2024-11-23,Premier League,Leicester,Chelsea,A,0.29324913126006996,0.23077710388830608,0.4759737648516237,0.13862463912158643,0.19215296511903068,0.6692223957593828,2024-11-23
2024-11-23,Premier League,Aston Villa,Crystal Palace,D,0.5087159190633215,0.24721832284273973,0.24406575809393896,0.5540072395531865,0.2524772576088741,0.19351550283793942,2024-11-23
2024-11-24,Premier League,Southampton,Liverpool,A,0.0944675816172366,0.17146539719219542,0.7340670211905679,0.09695314978014667,0.16294647021873387,0.7401003800011196,2024-11-23
2024-11-24,Premier League,Ipswich,Man United,D,0.2491244663252561,0.2476780701687875,0.5031974635059563,0.18855625822883165,0.23342902160540455,0.5780147201657637,2024-11-23
2024-11-25,Premier League,Newcastle,West Ham,A,0.6028423186521638,0.20517223860876332,0.19198544273907306,0.6475111492068223,0.20621374178561222,0.1462751090075653,2024-11-23
2024-11-29,Premier League,Brighton,Southampton,D,0.647050220794222,0.2095504498379395,0.14339932936783853,0.6976893909873033,0.1695090421764927,0.13280156683620392,2024-11-23
2024-11-30,Premier League,Brentford,Leicester,H,0.5114879325441198,0.22193444438982093,0.2665776230660592,0.5963643759692879,0.22295273688760076,0.18068288714311143,2024-11-23
2024-11-30,Premier League,Crystal Palace,Newcastle,D,0.31341369864542157,0.26182826910934864,0.42475803224522957,0.29510810920300073,0.27588010208779107,0.4290117887092081,2024-11-23
2024-11-30,Premier League,Nott'm Forest,Ipswich,H,0.5259309243159385,0.24162267517131208,0.23244640051274934,0.5588425899607754,0.24431811721903246,0.19683929282019216,2024-11-23
2024-11-30,Premier League,Wolves,Bournemouth,A,0.3954858442275392,0.2598545887261196,0.3446595670463412,0.35409956468185055,0.27982005829743933,0.3660803770207101,2024-11-23
2024-11-30,Premier League,West Ham,Arsenal,A,0.17255282449077533,0.20707719558333318,0.6203699799258914,0.13222106399682246,0.19846679135719358,0.669312144645984,2024-11-23
2024-12-01,Premier League,Tottenham,Fulham,D,0.5490472099959401,0.220050086501774,0.23090270350228587,0.49112025520051467,0.2395118485953249,0.2693678962041604,2024-11-23
2024-12-01,Premier League,Chelsea,Aston Villa,H,0.5100779171492535,0.2267848786491255,0.2631372042016211,0.554597408936525,0.2384632593707417,0.2069393316927332,2024-11-23
2024-12-01,Premier League,Man United,Everton,H,0.5457469422532749,0.26284475406762986,0.19140830367909534,0.5991836453337798,0.23849570158248726,0.16232065308373297,2024-11-23
2024-12-01,Premier League,Liverpool,Man City,H,0.3709264789768272,0.25671348562569013,0.37236003539748264,0.4716770740410348,0.25841882247992864,0.2699041034790366,2024-11-23
2024-12-03,Premier League,Leicester,West Ham,H,0.45089984780223247,0.23382153378187542,0.3152786184158921,0.32055389300548015,0.27842395278190274,0.40102215421261705,2024-11-23
2024-12-03,Premier League,Ipswich,Crystal Palace,A,0.3146638343734955,0.2684692318490217,0.4168669337774829,0.2902991604147663,0.2868738015898133,0.42282703799542054,2024-11-23
2024-12-04,Premier League,Everton,Wolves,H,0.40413998291292624,0.29026092400102416,0.30559909308604943,0.4545325093270299,0.2894939196309059,0.2559735710420642,2024-11-23
2024-12-04,Premier League,Man City,Nott'm Forest,H,0.7927903798872866,0.13668957892359385,0.07052004118911949,0.7388101812491066,0.16459886691094042,0.09659095183995306,2024-11-23
2024-12-04,Premier League,Newcastle,Liverpool,D,0.28148930592997423,0.24245881905603556,0.47605187501399004,0.264,0.25976470588235295,0.4762352941176471,2024-11-23
2024-12-04,Premier League,Southampton,Chelsea,A,0.1739208227755925,0.2182865588199892,0.6077926184044181,0.10702148002991489,0.1631403065329963,0.7298382134370888,2024-11-23
2024-12-04,Premier League,Arsenal,Man United,H,0.6276218405810762,0.21528035777282045,0.15709780164610326,0.6555012718536762,0.1983930229741188,0.14610570517220495,2024-11-23
2024-12-04,Premier League,Aston Villa,Brentford,H,0.49967355926333584,0.22548812206531132,0.27483831867135294,0.5783091513333873,0.22968306719623893,0.1920077814703737,2024-11-23
2024-12-05,Premier League,Fulham,Brighton,H,0.4076842872094516,0.25951196835660534,0.332803744433943,0.37022427589315904,0.26777865434464104,0.3619970697621999,2024-11-23
2024-12-05,Premier League,Bournemouth,Tottenham,H,0.29280682562745713,0.22974604963417186,0.4774471247383707,0.43880871968068774,0.24427387166103776,0.3169174086582745,2024-11-23
2024-12-07,Premier League,Crystal Palace,Man City,D,0.14568943629268455,0.21106261181000777,0.643247951897308,0.20722537624881965,0.2405660927244961,0.5522085310266843,2024-11-23
2024-12-07,Premier League,Man United,Nott'm Forest,A,0.5306773500724845,0.24838498806822462,0.22093766185929117,0.5741529150979909,0.24379859962703632,0.18204848527497272,2024-11-23
2024-12-07,Premier League,Aston Villa,Southampton,H,0.6785372496606455,0.19126644528298295,0.1301963050563715,0.729450282261462,0.16755939126213204,0.102990326476406,2024-11-23
2024-12-07,Premier League,Brentford,Newcastle,H,0.35540142618935483,0.2363011642971071,0.40829740951353793,0.3222039814239655,0.26017540745999346,0.4176206111160411,2024-11-23
2024-12-08,Premier League,Fulham,Arsenal,D,0.21075992851835307,0.23726486150974174,0.5519752099719054,0.1765791632485644,0.2312346185397867,0.5921862182116489,2024-11-23
2024-12-08,Premier League,Ipswich,Bournemouth,A,0.34513923618482434,0.25322678734815085,0.40163397646702503,0.24774340315424678,0.2542288325561904,0.4980277642895628,2024-11-23
2024-12-08,Premier League,Leicester,Brighton,D,0.3648456135818162,0.24573417703645398,0.38942020938172983,0.19491041880634483,0.22731941116056148,0.5777701700330937,2024-11-23
2024-12-08,Premier League,Tottenham,Chelsea,A,0.4481389077583431,0.226521673253745,0.3253394189879117,0.3314708682919818,0.23688040099890412,0.4316487307091141,2024-11-23
2024-12-09,Premier League,West Ham,Wolves,H,0.48586708147337815,0.2423897576176236,0.2717431609089981,0.5340122199592667,0.24358452138492873,0.2224032586558045,2024-11-23
2024-12-14,Premier League,Wolves,Ipswich,A,0.49002181180108345,0.24759084550600863,0.2623873426929079,0.4861800742259655,0.26640004067176193,0.24741988510227253,2024-11-23
2024-12-14,Premier League,Newcastle,Leicester,H,0.6047785485816378,0.203122959795147,0.19209849162321516,0.7457010330013254,0.15293391614812557,0.10136505085054899,2024-11-23
2024-12-14,Premier League,Nott'm Forest,Aston Villa,H,0.333871695056603,0.2526834428499548,0.41344486209344194,0.3566528006191351,0.2968482151494631,0.34649898423140174,2024-11-23
2024-12-14,Premier League,Arsenal,Everton,D,0.7306214478887775,0.1809784571248669,0.08840009498635579,0.7761194029850745,0.14925373134328357,0.07462686567164178,2024-11-23
2024-12-14,Premier League,Liverpool,Fulham,D,0.6838797983675461,0.18961032456162508,0.1265098770708287,0.7437509538001289,0.15651529044081017,0.09973375575906096,2024-11-23
2024-12-15,Premier League,Chelsea,Brentford,H,0.5615372512989094,0.21301597279548165,0.22544677590560885,0.7301808066759388,0.15299026425591097,0.11682892906815022,2024-11-23
2024-12-15,Premier League,Southampton,Tottenham,A,0.17688360968330058,0.20846125633130663,0.6146551339853931,0.24057195367618228,0.21646117880885887,0.5429668675149589,2024-11-23
2024-12-15,Premier League,Brighton,Crystal Palace,A,0.48004519749402125,0.2612512047906145,0.2587035977153644,0.505429979772589,0.2601677107676597,0.23440230945975138,2024-11-23
2024-12-15,Premier League,Man City,Man United,A,0.700075128464269,0.18260071576206455,0.11732415577366638,0.6354114713216958,0.19840399002493764,0.1661845386533666,2024-11-23
2024-12-16,Premier League,Bournemouth,West Ham,D,0.4351169496599901,0.24440297833968436,0.3204800720003254,0.5453431958319392,0.23503895607284547,0.21961784809521534,2024-11-23
2024-12-21,Premier League,Crystal Palace,Arsenal,A,0.18897379996236452,0.24101443231449832,0.5700117677231374,0.12784058683404542,0.21121488259537943,0.660944530570575,2024-11-23
2024-12-21,Premier League,West Ham,Brighton,D,0.3631807590397223,0.2478771271180102,0.38894211384226746,0.34362480797614386,0.26425494743817585,0.3921202445856803,2024-11-23
2024-12-21,Premier League,Ipswich,Newcastle,A,0.21453135480600555,0.22065604656747137,0.564812598626523,0.21079856999988505,0.22869656179232808,0.5605048682077869,2024-11-23
2024-12-21,Premier League,Brentford,Nott'm Forest,A,0.5047096975341078,0.23730125685531528,0.25798904561057695,0.3844189209611607,0.2657322049267039,0.34984887411213544,2024-11-23
2024-12-21,Premier League,Aston Villa,Man City,H,0.1910736682364785,0.21028327119026285,0.5986430605732586,0.3029749153731987,0.26285121036431564,0.43417387426248566,2024-11-23
2024-12-22,Premier League,Everton,Chelsea,D,0.24394604958547647,0.2624248680454053,0.4936290823691183,0.19292076691691734,0.23516619032938096,0.5719130427537017,2024-11-23
2024-12-22,Premier League,Fulham,Southampton,D,0.617614734217423,0.2235681779635145,0.15881708781906262,0.5915292201181023,0.2394624312767257,0.16900834860517205,2024-11-23
2024-12-22,Premier League,Leicester,Wolves,A,0.48860296849196866,0.2400039838097747,0.27139304769825645,0.31902953411452345,0.27721939574054033,0.4037510701449363,2024-11-23
2024-12-22,Premier League,Man United,Bournemouth,A,0.5381154234005217,0.240423045652563,0.22146153094691542,0.5162383326940289,0.2554021224907301,0.228359544815241,2024-11-23
2024-12-22,Premier League,Tottenham,Liverpool,A,0.28556960636623946,0.23106999127832709,0.4833604023554335,0.19815242494226326,0.2133949191685912,0.5884526558891455,2024-11-23
2024-12-26,Premier League,Wolves,Man United,H,0.29098170052325373,0.2605683335498653,0.44844996592688086,0.21863186972957255,0.24207618493748184,0.5392919453329457,2024-12-26
2024-12-26,Premier League,Southampton,West Ham,A,0.2583007747768789,0.2557581977557143,0.48594102746740675,0.3115115851415962,0.2677454946671571,0.4207429201912468,2024-12-26
2024-12-26,Premier League,Nott'm Forest,Tottenham,H,0.2898302061908636,0.23746679699980242,0.4727029968093341,0.4500798722044728,0.24800319488817893,0.3019169329073482,2024-12-26
2024-12-26,Premier League,Liverpool,Leicester,H,0.7868722260826296,0.13248055480264911,0.08064721911472122,0.8854651201702664,0.07878832497841554,0.03574655485131816,2024-12-26
2024-12-26,Premier League,Chelsea,Fulham,A,0.555920193884684,0.23080457311439356,0.21327523300092238,0.6629653105461261,0.19593711607233685,0.14109757338153703,2024-12-26
2024-12-26,Premier League,Bournemouth,Crystal Palace,D,0.4099408092909985,0.2710406667024694,0.319018524006532,0.4565087239137873,0.2656731098186795,0.27781816626753336,2024-12-26
2024-12-26,Premier League,Man City,Everton,D,0.738125641629533,0.17766218809535436,0.08421217027511277,0.7151112395261485,0.17682750650101128,0.10806125397284022,2024-12-26
2024-12-26,Premier League,Newcastle,Aston Villa,H,0.4932890221811432,0.23266723436886202,0.27404374344999455,0.4999983393504203,0.25064516236170936,0.24935649828787024,2024-12-26
2024-12-27,Premier League,Brighton,Brentford,D,0.441156174323495,0.24410342315765804,0.31474040251884705,0.596260218945315,0.2112835123654051,0.1924562686892799,2024-12-26
2024-12-27,Premier League,Arsenal,Ipswich,H,0.842217008010039,0.1134406505774376,0.04434234141252338,0.8545202598449185,0.10439004255402788,0.04108969760105353,2024-12-26
2024-12-29,Premier League,West Ham,Liverpool,A,0.16548521877677116,0.19775895031371932,0.6367558309095097,0.12524061104967849,0.1764754064790924,0.698283982471229,2024-12-26
2024-12-29,Premier League,Tottenham,Wolves,D,0.6589886558500025,0.18376715864164797,0.15724418550834948,0.5789428001041576,0.2096172207273674,0.21143997916847496,2024-12-26
2024-12-29,Premier League,Fulham,Bournemouth,D,0.4498919460758564,0.2602954868619153,0.28981256706222847,0.4283807319264746,0.2778355032780278,0.29378376479549767,2024-12-26
2024-12-29,Premier League,Crystal Palace,Southampton,H,0.5959153837402084,0.24154208019906329,0.16254253606072833,0.6322042249320038,0.2173645986844867,0.15043117638350947,2024-12-26
2024-12-29,Premier League,Leicester,Man City,A,0.12279837170916119,0.1687315207366443,0.7084701075541946,0.09374320932580177,0.14966789650926293,0.7565888941649355,2024-12-26
2024-12-29,Premier League,Everton,Nott'm Forest,A,0.3501543444522092,0.3084474970139528,0.341398158533838,0.35892859230622337,0.3168392459771549,0.3242321617166218,2024-12-26
2024-12-30,Premier League,Aston Villa,Brighton,D,0.46514203782703395,0.24608431899648484,0.2887736431764813,0.5219762004742224,0.24958245061235315,0.22844134891342444,2024-12-26
2024-12-30,Premier League,Ipswich,Chelsea,H,0.14194972262473993,0.2032158982179135,0.6548343791573468,0.12783177117559577,0.18278974855601288,0.6893784802683914,2024-12-26
2024-12-30,Premier League,Man United,Newcastle,A,0.3764051879912703,0.2561166424928441,0.36747816951588563,0.35673956628949366,0.2685456179568133,0.374714815753693,2024-12-26
2025-01-01,Premier League,Brentford,Arsenal,A,0.18935759866940183,0.21566889141955836,0.5949735099110397,0.16182572614107885,0.2157676348547718,0.6224066390041494,2024-12-26
2025-01-04,Premier League,Southampton,Brentford,A,0.21759969709995877,0.2390433482748633,0.543356954625178,0.28288076238590043,0.2666054308513692,0.45051380676273023,2024-12-26
2025-01-04,Premier League,Brighton,Arsenal,D,0.19579849750326525,0.23141522709038617,0.5727862754063485,0.19690610099761,0.2637899668256025,0.5393039321767874,2024-12-26
2025-01-04,Premier League,Man City,West Ham,H,0.7660831481191942,0.145133741236394,0.08878311064441159,0.77470859026512,0.13482497565387447,0.09046643408100567,2024-12-26
2025-01-04,Premier League,Bournemouth,Everton,H,0.45777379086265785,0.2869488109607058,0.25527739817663625,0.5703662600163173,0.2442374413168109,0.18539629866687177,2024-12-26
2025-01-04,Premier League,Aston Villa,Leicester,H,0.5852166516415614,0.20998354830723018,0.20479980005120832,0.7160458721424445,0.16862943210384457,0.11532469575371102,2024-12-26
2025-01-04,Premier League,Tottenham,Newcastle,A,0.4569499412745402,0.22288880963356997,0.3201612490918897,0.2493561964053928,0.2073537667336955,0.5432900368609116,2024-12-26
2025-01-04,Premier League,Crystal Palace,Chelsea,D,0.28411495687074567,0.25667875763980663,0.4592062854894479,0.26710415706266777,0.2467662770832768,0.48612956585405537,2024-12-26
2025-01-05,Premier League,Fulham,Ipswich,D,0.6211830118964276,0.22605887147442785,0.15275811662914476,0.6108332446525487,0.2312440140470363,0.15792274130041503,2024-12-26
2025-01-05,Premier League,Liverpool,Man United,D,0.6344147704651186,0.20804635772746033,0.15753887180742088,0.7121952317701884,0.17451991264999214,0.11328485557981945,2024-12-26
2025-01-06,Premier League,Wolves,Nott'm Forest,A,0.36933991588001214,0.26861398270611914,0.3620461014138688,0.24226019631676246,0.2744246856582535,0.48331511802498384,2024-12-26
2025-01-14,Premier League,Brentford,Man City,D,0.1828363637051797,0.2038502750921294,0.6133133612026909,0.1863602881730476,0.21404574118323427,0.5995939706437182,2024-12-26
2025-01-14,Premier League,Chelsea,Bournemouth,D,0.5937737140648497,0.21542919048837852,0.19079709544677198,0.6287190262746195,0.20171402092977378,0.16956695279560666,2024-12-26
2025-01-14,Premier League,West Ham,Fulham,H,0.3761064145611885,0.2577502184272291,0.3661433670115822,0.30244959173471087,0.29511748041993,0.4024329278453591,2024-12-26
2025-01-14,Premier League,Nott'm Forest,Liverpool,D,0.173074633712234,0.21879076995975505,0.608134596328011,0.17111274871039056,0.22682387619749447,0.6020633750921149,2024-12-26
2025-01-15,Premier League,Newcastle,Wolves,H,0.6337593997635633,0.20100160232545483,0.16523899791098176,0.7067736322621376,0.17931108818502378,0.11391527955283864,2024-12-26
2025-01-15,Premier League,Everton,Aston Villa,A,0.2869229188616935,0.2847412084652338,0.42833587267307266,0.27436170014360584,0.311177008150096,0.41446129170629814,2024-12-26
2025-01-15,Premier League,Leicester,Crystal Palace,A,0.358816000368881,0.2590970048593044,0.3820869947718144,0.2388229675618089,0.2677712060541494,0.49340582638404173,2024-12-26
2025-01-15,Premier League,Arsenal,Tottenham,H,0.622107012478669,0.19911363071527946,0.1787793568060516,0.7011459348878837,0.1808563346065943,0.11799773050552188,2024-12-26
2025-01-16,Premier League,Man United,Southampton,H,0.6653633441341749,0.20930054409387303,0.12533611177195222,0.752588072993192,0.15915387117397012,0.08825805583283797,2024-12-26
2025-01-16,Premier League,Ipswich,Brighton,A,0.21869788061360018,0.25113337816451436,0.5301687412218854,0.24687294272547727,0.2593811718235681,0.49374588545095455,2024-12-26
2025-01-18,Premier League,Newcastle,Bournemouth,A,0.5640003177801038,0.22275953238490323,0.21324014983499293,0.5848572260301163,0.22843835181411598,0.18670442215576785,2024-12-26
2025-01-18,Premier League,Brentford,Liverpool,A,0.20277094584218244,0.21064452438414777,0.5865845297736697,0.1535079133844477,0.19434101834471076,0.6521510682708415,2024-12-26
2025-01-18,Premier League,Leicester,Fulham,A,0.33918800889319284,0.25170903726773336,0.4091029538390735,0.20850823254781928,0.2558214462657942,0.5356703211863867,2024-12-26
2025-01-18,Premier League,West Ham,Crystal Palace,A,0.3951338328697551,0.2636697489367918,0.3411964181934531,0.3405259504897046,0.29334464409655275,0.3661294054137425,2024-12-26
2025-01-18,Premier League,Arsenal,Aston Villa,D,0.6588182696318733,0.19699812237770795,0.1441836079904186,0.6179337004995168,0.22302434707683713,0.15904195242364613,2024-12-26
2025-01-19,Premier League,Everton,Tottenham,H,0.24401376272314337,0.25498291416830854,0.5010033231085481,0.3805768286976272,0.27757170412134635,0.3418514671810265,2024-12-26
2025-01-19,Premier League,Man United,Brighton,A,0.4544716933215619,0.2601970586768021,0.285331248001636,0.41696881798404645,0.2828136330674402,0.30021754894851344,2024-12-26
2025-01-19,Premier League,Nott'm Forest,Southampton,H,0.5812113514828933,0.24415084324967948,0.17463780526742712,0.7069893552623555,0.18807289644843245,0.10493774828921204,2024-12-26
2025-01-19,Premier League,Ipswich,Man City,A,0.07269833616171681,0.14586673939355618,0.781434924444727,0.11428788108600031,0.17662672531472778,0.709085393599272,2024-12-26
2025-01-20,Premier League,Chelsea,Wolves,H,0.6620069812317476,0.19174087760564107,0.14625214116261112,0.6729246776747343,0.18457362587649853,0.14250169644876726,2024-12-26
2025-01-25,Premier League,Wolves,Arsenal,A,0.12441662074360359,0.1916048028319502,0.6839785764244463,0.16360867127182085,0.2337829929257584,0.6026083358024208,2025-01-25
2025-01-25,Premier League,Man City,Chelsea,H,0.6143814033804671,0.20542034386704044,0.18019825275249254,0.407665351478759,0.2504679151758956,0.3418667333453453,2025-01-25
2025-01-25,Premier League,Southampton,Newcastle,A,0.12629676997370515,0.19058580810064832,0.6831174219256464,0.1466943866943867,0.19268191268191268,0.6606237006237007,2025-01-25
2025-01-25,Premier League,Brighton,Everton,A,0.4959531330054027,0.2824977395868931,0.22154912740770408,0.5578558039898246,0.26305395635292544,0.17909023965724996,2025-01-25
2025-01-25,Premier League,Bournemouth,Nott'm Forest,H,0.41104160716884786,0.2681007464109222,0.3208576464202298,0.49306014540647713,0.2604097818902842,0.24653007270323857,2025-01-25
2025-01-25,Premier League,Liverpool,Ipswich,H,0.8408054077916227,0.11211591791885057,0.04707867428952666,0.8812949640287769,0.07913669064748201,0.039568345323741004,2025-01-25
2025-01-26,Premier League,Crystal Palace,Brentford,A,0.39003563817982556,0.26551907262142865,0.34444528919874573,0.49226118990108897,0.2551985642381961,0.25254024586071494,2025-01-25
2025-01-26,Premier League,Tottenham,Leicester,A,0.6610785384935648,0.17941932758476462,0.1595021339216705,0.6422073193265437,0.19202634696694673,0.16576633370650956,2025-01-25
2025-01-26,Premier League,Aston Villa,West Ham,D,0.5414173462198377,0.22440669951157416,0.23417595426858812,0.660919540229885,0.19827586206896547,0.14080459770114942,2025-01-25
2025-01-26,Premier League,Fulham,Man United,A,0.3886128194624095,0.2681359851511828,0.34325119538640786,0.40516413356686826,0.2739137804395729,0.320922085993559,2025-01-25
2025-02-01,Premier League,Nott'm Forest,Brighton,H,0.3740021597651248,0.27238229310195317,0.35361554713292187,0.3629877660105521,0.2819731051908057,0.35503912879864225,2025-01-25
2025-02-01,Premier League,Bournemouth,Liverpool,A,0.18353881241945488,0.2159372436048457,0.6005239439756993,0.2081945786213559,0.22774336534636583,0.5640620560322782,2025-01-25
2025-02-01,Premier League,Everton,Leicester,H,0.4118334682186104,0.2886058572172354,0.2995606745641541,0.49517270269739555,0.2905803884092501,0.21424690889335435,2025-01-25
2025-02-01,Premier League,Ipswich,Southampton,A,0.42814687450023653,0.28468453673739846,0.2871685887623652,0.5085768608072989,0.2590351477711842,0.23238799142151698,2025-01-25
2025-02-01,Premier League,Newcastle,Fulham,A,0.5260759998074894,0.2352160368047084,0.2387079633878022,0.5482938351218857,0.25405237910097844,0.19765378577713594,2025-01-25
2025-02-01,Premier League,Wolves,Aston Villa,H,0.2810689186679318,0.24523811313033295,0.4736929682017352,0.2932410856838744,0.2797587369167997,0.42700017739932594,2025-01-25
2025-02-02,Premier League,Man United,Crystal Palace,A,0.42969158848942535,0.2792575385390219,0.29105087297155263,0.544852031354246,0.26000981657119515,0.19513815207455892,2025-01-25
2025-02-02,Premier League,Arsenal,Man City,H,0.39338284494672693,0.2602636658854167,0.3463534891678565,0.5089926601761946,0.23313572684329298,0.2578716129805124,2025-01-25
2025-02-02,Premier League,Brentford,Tottenham,A,0.35974299894617323,0.2254445848945058,0.41481241615932085,0.49280819062546893,0.2306014573710627,0.2765903520034683,2025-01-25
2025-02-03,Premier League,Chelsea,West Ham,H,0.6157617571818667,0.2022872266449397,0.18195101617319356,0.7499318491594729,0.14769650159018627,0.10237164925034076,2025-01-25
2025-02-12,Premier League,Everton,Liverpool,D,0.13559684611771766,0.22722426156767983,0.6371788923146023,0.12274154644336228,0.2085286487962499,0.6687298047603878,2025-01-25
2025-02-14,Premier League,Brighton,Chelsea,H,0.33787810642105837,0.2521624418971343,0.40995945168180714,0.3299869052815364,0.257529463116543,0.4124836316019206,2025-01-25
2025-02-15,Premier League,Leicester,Arsenal,A,0.11560200016068198,0.17802514311126416,0.7063728567280538,0.09550781783577536,0.1756167302596232,0.7288754519046015,2025-01-25
2025-02-15,Premier League,Aston Villa,Ipswich,D,0.6648764957501814,0.2011748615502139,0.13394864269960458,0.6743501501862967,0.19460204734835013,0.13104780246535322,2025-01-25
2025-02-15,Premier League,Fulham,Nott'm Forest,H,0.4200969694137341,0.27012611878745635,0.3097769117988096,0.4584621514794668,0.2737858482074563,0.26775200031307705,2025-01-25
2025-02-15,Premier League,Man City,Newcastle,H,0.614568965103948,0.20506571273534602,0.1803653221607059,0.46538211568604965,0.23898000535229572,0.2956378789616546,2025-01-25
2025-02-15,Premier League,Southampton,Bournemouth,A,0.19794385933613978,0.2416660535767743,0.5603900870870859,0.15373154313915946,0.20283577299363004,0.6434326838672106,2025-01-25
2025-02-15,Premier League,West Ham,Brentford,A,0.3423597825343762,0.23842518526515213,0.41921503220047157,0.4055128831655246,0.26232639342244174,0.33216072341203373,2025-01-25
2025-02-15,Premier League,Crystal Palace,Everton,A,0.4518681282696467,0.3078754200099831,0.24025645172037033,0.48617188144968215,0.2991826962767275,0.21464542227359035,2025-01-25
2025-02-16,Premier League,Tottenham,Man United,H,0.49120571973144267,0.23205897068202724,0.2767353095865302,0.43999812567358604,0.2493322712150321,0.3106696031113818,2025-01-25
2025-02-16,Premier League,Liverpool,Wolves,H,0.776835782960005,0.142791123012862,0.08037309402713287,0.7875814008117243,0.13644015816879168,0.07597844101948399,2025-01-25
2025-02-19,Premier League,Aston Villa,Liverpool,D,0.21761976396614233,0.22317339282520773,0.5592068432086499,0.24423749742745418,0.24000565960074086,0.5157568429718048,2025-01-25
2025-02-21,Premier League,Leicester,Brentford,A,0.29431454441159965,0.23514283865042931,0.470542616937971,0.2598543998051447,0.25177602468166876,0.48836957551318655,2025-01-25
2025-02-22,Premier League,Everton,Man United,D,0.28521001829626846,0.30225383361188074,0.41253614809185085,0.36408532100451824,0.30860565304192494,0.32730902595355676,2025-01-25
2025-02-22,Premier League,Arsenal,West Ham,A,0.7470859429348957,0.15830270798128607,0.09461134908381814,0.7558665185307613,0.16753742421042647,0.07659605725881241,2025-01-25
2025-02-22,Premier League,Bournemouth,Wolves,A,0.5135528887834132,0.2433445257519137,0.24310258546467317,0.5850383007897478,0.23068018510949675,0.18428151410075547,2025-01-25
2025-02-22,Premier League,Fulham,Crystal Palace,A,0.41174192351019406,0.27862783582267636,0.3096302406671295,0.46323138508553585,0.27873521738671214,0.2580333975277521,2025-01-25
2025-02-22,Premier League,Ipswich,Tottenham,A,0.157123654996571,0.19845947068363665,0.6444168743197923,0.28434268833087145,0.2525849335302806,0.46307237813884783,2025-01-25
2025-02-22,Premier League,Southampton,Brighton,A,0.17715141822851824,0.23447036972377308,0.5883782120477085,0.16649853857892968,0.21522981816300668,0.6182716432580637,2025-01-25
2025-02-22,Premier League,Aston Villa,Chelsea,H,0.35621603553717046,0.24426903080216175,0.39951493366066776,0.36314736574385137,0.26959416625859334,0.3672584679975554,2025-01-25
2025-02-23,Premier League,Newcastle,Nott'm Forest,H,0.5339169597940919,0.23884697061018212,0.22723606959572562,0.5066758717711576,0.2507262045877893,0.242597923641053,2025-01-25
2025-02-23,Premier League,Man City,Liverpool,A,0.44806288121424553,0.24520610450360955,0.3067310142821449,0.30273008187059985,0.25344844063585104,0.44382147749354917,2025-01-25
2025-02-25,Premier League,Wolves,Fulham,A,0.3275211104121085,0.2606833861428121,0.4117955034450791,0.4020314124997153,0.2939323317973749,0.3040362557029097,2025-02-25
2025-02-25,Premier League,Chelsea,Southampton,H,0.7649844600246068,0.1477206647576244,0.08729487521776884,0.8218410484699437,0.117548174205398,0.06061077732465834,2025-02-25
2025-02-25,Premier League,Brighton,Bournemouth,H,0.4271333488310012,0.24968388022201543,0.3231827709469832,0.48391605537814864,0.2481304263546119,0.2679535182672393,2025-02-25
2025-02-25,Premier League,Crystal Palace,Aston Villa,H,0.3792351202863038,0.2655094302338713,0.35525544947982507,0.4281269768457034,0.2737600668844357,0.29811295626986095,2025-02-25
2025-02-26,Premier League,Brentford,Everton,D,0.4828399773907305,0.26340716041720347,0.2537528621920659,0.47942293715116363,0.2644642832654516,0.25611277958338474,2025-02-25
2025-02-26,Premier League,Man United,Ipswich,H,0.648097308043361,0.20950699750417684,0.1423956944524623,0.639037001131039,0.21489739861043788,0.1460656002585232,2025-02-25
2025-02-26,Premier League,Nott'm Forest,Arsenal,D,0.18113759466302415,0.21944568186679028,0.5994167234701855,0.22240714123609953,0.2817157122323928,0.49587714653150766,2025-02-25
2025-02-26,Premier League,Tottenham,Man City,A,0.25220111020156993,0.2089866615218273,0.5388122282766027,0.24475921932181663,0.23132374904878134,0.523917031629402,2025-02-25
2025-02-26,Premier League,Liverpool,Newcastle,H,0.6134078922505877,0.19775686653282046,0.18883524121659193,0.7073497077487656,0.1715166547992582,0.12113363745197611,2025-02-25
2025-02-27,Premier League,West Ham,Leicester,H,0.5096717480763926,0.2297369311204329,0.2605913208031744,0.5426242385617525,0.2562789939381364,0.20109676750011116,2025-02-25
2025-03-08,Premier League,Brentford,Aston Villa,A,0.42068332775996,0.23950331243117032,0.3398133598088697,0.45193425557558364,0.24536834583017803,0.3026973985942383,2025-02-25
2025-03-08,Premier League,Nott'm Forest,Man City,H,0.17855198265161581,0.20085944211089335,0.6205885752374908,0.24839784416160182,0.25096526373949946,0.5006368920988985,2025-02-25
2025-03-08,Premier League,Brighton,Fulham,H,0.4290311047776559,0.2545021880469262,0.31646670717541775,0.483396027301663,0.2736974689792514,0.24290650371908562,2025-02-25
2025-03-08,Premier League,Crystal Palace,Ipswich,H,0.6191883932947366,0.22675208113662704,0.15405952556863645,0.6178109907472688,0.23039507255895775,0.15179393669377342,2025-02-25
2025-03-08,Premier League,Liverpool,Southampton,H,0.8797554778363627,0.08506542745306127,0.03517909471057599,0.8777981651376147,0.08472660550458716,0.03747522935779817,2025-02-25
2025-03-08,Premier League,Wolves,Everton,D,0.3670475468831433,0.28999830546506783,0.34295414765178855,0.3378378378378379,0.32432432432432434,0.3378378378378379,2025-02-25
2025-03-09,Premier League,Tottenham,Bournemouth,D,0.5240989551751521,0.21834693339835887,0.25755411142648876,0.34032092055476165,0.25412998245081414,0.40554909699442426,2025-02-25
2025-03-09,Premier League,Chelsea,Leicester,H,0.6734448645440192,0.17987753853567476,0.14667759692030619,0.7834494650900901,0.141821509009009,0.0747290259009009,2025-02-25
2025-03-09,Premier League,Man United,Arsenal,D,0.19734432488510165,0.23767157592727015,0.564984099187628,0.1925073989871092,0.261333969055081,0.5461586319578098,2025-02-25
2025-03-10,Premier League,West Ham,Newcastle,A,0.27463652733920496,0.22524487056021908,0.5001186021005758,0.2871948486405527,0.274250855462387,0.4385542958970602,2025-02-25
2025-03-15,Premier League,Bournemouth,Brentford,A,0.3994250109581256,0.24439707615072465,0.35617791289114964,0.5518748237947562,0.2232872850296025,0.22483789117564135,2025-02-25
2025-03-15,Premier League,Southampton,Wolves,A,0.25046126452431566,0.2523083836026986,0.4972303518729856,0.24538017839924522,0.2840114601297386,0.47060836147101626,2025-02-25
2025-03-15,Premier League,Man City,Brighton,D,0.686018620375806,0.17828337635771987,0.13569800326647397,0.5307213318609119,0.243413543184328,0.2258651249547602,2025-02-25
2025-03-15,Premier League,Everton,West Ham,D,0.40092402867494004,0.2789760946356623,0.32009987668939743,0.4584422742626171,0.2936246590443348,0.24793306669304804,2025-02-25
2025-03-15,Premier League,Ipswich,Nott'm Forest,A,0.2103470844529198,0.23383789636554142,0.5558150191815385,0.24333711706690409,0.27120533438462213,0.48545754854847367,2025-02-25
2025-03-16,Premier League,Arsenal,Chelsea,H,0.602704723083882,0.21335456655018195,0.1839407103659359,0.5606853296619244,0.2593544439345265,0.17996022640354903,2025-02-25
2025-03-16,Premier League,Fulham,Tottenham,H,0.333175060959056,0.235392551897224,0.43143238714371995,0.5250306016760302,0.2369040519757698,0.23806534634820004,2025-02-25
2025-03-16,Premier League,Leicester,Man United,A,0.2653059114766812,0.24327720693106783,0.4914168815922511,0.2134234580791706,0.2547672693301094,0.5318092725907201,2025-02-25
2025-04-01,Premier League,Arsenal,Fulham,H,0.6570938580881647,0.2042687782698344,0.13863736364200083,0.6452249797626805,0.22657900452131335,0.12819601571600622,2025-04-01
2025-04-01,Premier League,Wolves,West Ham,H,0.38910704575332294,0.2515362661173494,0.3593566881293277,0.40694564752786844,0.29562312996705337,0.29743122250507814,2025-04-01
2025-04-01,Premier League,Nott'm Forest,Man United,H,0.3994803308846562,0.2551008265364544,0.3454188425788894,0.41392992285738933,0.28113737535111705,0.30493270179149373,2025-04-01
2025-04-02,Premier League,Southampton,Crystal Palace,D,0.17709373807266593,0.23375427042564365,0.5891519915016903,0.16965858600623504,0.23497508764059669,0.5953663263531682,2025-04-01
2025-04-02,Premier League,Newcastle,Brentford,H,0.5022411992226152,0.2232467120480375,0.27451208872934735,0.5685876657783706,0.22531445963245453,0.20609787458917483,2025-04-01
2025-04-02,Premier League,Liverpool,Everton,H,0.6975874463325195,0.19127567984074986,0.11113687382673043,0.647109125179908,0.22010514461901634,0.13278573020107554,2025-04-01
2025-04-02,Premier League,Brighton,Aston Villa,A,0.4244527538437549,0.2420730199845566,0.3334742261716883,0.40895224069009045,0.2780875236692615,0.312960235640648,2025-04-01
2025-04-02,Premier League,Bournemouth,Ipswich,A,0.65343445467382,0.19519858720202576,0.15136695812415413,0.6918359002317024,0.17936486302303395,0.12879923674526372,2025-04-01
2025-04-02,Premier League,Man City,Leicester,H,0.8352172107914412,0.1076132987328866,0.057169490475672304,0.8071748878923767,0.1210762331838565,0.07174887892376682,2025-04-01
2025-04-03,Premier League,Chelsea,Tottenham,H,0.45066773196934656,0.22322742021914457,0.32610484781150895,0.5813293897630889,0.217672663879901,0.20099794635701002,2025-04-01
2025-04-05,Premier League,Everton,Arsenal,D,0.15468286113589583,0.24427594087511784,0.6010411979889863,0.23208761056121616,0.304842347414262,0.4630700420245218,2025-04-01
2025-04-05,Premier League,Crystal Palace,Brighton,H,0.39635225339944885,0.2636906633373988,0.3399570832631524,0.3771368915568315,0.28618034712253687,0.3366827613206316,2025-04-01
2025-04-05,Premier League,Ipswich,Wolves,A,0.28452667795156156,0.2483990881735876,0.4670742338748508,0.3416332927041616,0.2977537872192234,0.360612920076615,2025-04-01
2025-04-05,Premier League,West Ham,Bournemouth,D,0.3597309003325839,0.2470542111220095,0.3932148885454066,0.32020444978953694,0.27420324714371613,0.4055923030667468,2025-04-01
2025-04-05,Premier League,Aston Villa,Nott'm Forest,H,0.43464676428101495,0.2422270119979817,0.32312622372100336,0.4523617604384975,0.2819066043312376,0.2657316352302649,2025-04-01
2025-04-06,Premier League,Brentford,Chelsea,D,0.3545161852221929,0.23769325503695082,0.4077905597408563,0.3310868554807563,0.26668365893518453,0.4022294855840593,2025-04-01
2025-04-06,Premier League,Fulham,Liverpool,H,0.19647585893096758,0.21795416916320287,0.5855699719058296,0.2262550469626237,0.27341807083652275,0.5003268822008535,2025-04-01
2025-04-06,Premier League,Tottenham,Southampton,H,0.7840327825209311,0.1331843809348126,0.08278283654425629,0.7057229849512286,0.17142561868496156,0.12285139636380982,2025-04-01
2025-04-06,Premier League,Man United,Man City,D,0.21048090478103315,0.22186084717872606,0.5676582480402407,0.2795412873207491,0.2594143146336552,0.4610443980455957,2025-04-01
2025-04-07,Premier League,Leicester,Newcastle,A,0.19081099921751427,0.20204380390070997,0.6071451968817757,0.13030990874137213,0.20016676703571595,0.6695233242229119,2025-04-01
2025-04-12,Premier League,Southampton,Aston Villa,A,0.1654004743429339,0.20569711422565945,0.6289024114314066,0.15589514760103035,0.20931611412810758,0.6347887382708621,2025-04-01
2025-04-12,Premier League,Nott'm Forest,Everton,A,0.4632569266804165,0.2725660786500526,0.2641769946695309,0.4887039357568546,0.2877280568509292,0.2235680073922163,2025-04-01
2025-04-12,Premier League,Arsenal,Brentford,D,0.6596617215026873,0.19616906396064837,0.1441692145366643,0.5994145327751746,0.22902159035277897,0.17156387687204647,2025-04-01
2025-04-12,Premier League,Man City,Crystal Palace,H,0.6607450982753376,0.1970903458788487,0.1421645558458135,0.5929631439520588,0.2235539209382475,0.18348293510969368,2025-04-01
2025-04-12,Premier League,Brighton,Leicester,D,0.6196834333178174,0.20436124150013102,0.1759553251820516,0.7491587824722639,0.16242266040154962,0.08841855712618668,2025-04-01
2025-04-13,Premier League,Chelsea,Ipswich,D,0.747947293612235,0.15305073786175177,0.09900196852601308,0.7994951386765532,0.13020041962296494,0.07030444170048179,2025-04-01
2025-04-13,Premier League,Liverpool,West Ham,H,0.7483188744539652,0.15195465343778072,0.09972647210825424,0.7528872694647508,0.15746661845014395,0.08964611208510521,2025-04-01
2025-04-13,Premier League,Wolves,Tottenham,H,0.26019411614092447,0.22132816416644618,0.5184777196926293,0.42453154896946327,0.267817423454565,0.3076510275759718,2025-04-01
2025-04-13,Premier League,Newcastle,Man United,H,0.4866416120363292,0.23590516465802933,0.2774532233056411,0.5989237940050778,0.22304748190533935,0.17802872408958276,2025-04-01
2025-04-14,Premier League,Bournemouth,Fulham,H,0.4078942967127357,0.25350089189434766,0.3386048113929166,0.43434135813571084,0.282007142673621,0.2836514991906683,2025-04-01
2025-04-16,Premier League,Newcastle,Crystal Palace,H,0.4960559985325649,0.24231882794047968,0.26162517352695536,0.5741637831603229,0.24175317185697806,0.18408304498269892,2025-04-01
2025-04-19,Premier League,Brentford,Brighton,H,0.42327794546995573,0.24096862752367032,0.33575342700637384,0.36020894844424256,0.2657279127867363,0.37406313876902114,2025-04-01
2025-04-19,Premier League,Crystal Palace,Bournemouth,D,0.41920253558006115,0.2626371540207681,0.318160310399171,0.37594637494147604,0.27505681104475227,0.3489968140137717,2025-04-01
2025-04-19,Premier League,Everton,Man City,A,0.15652260946186608,0.22228805867865073,0.6211893318594832,0.23545284172861874,0.2607024762303473,0.5038446820410339,2025-04-01
2025-04-19,Premier League,West Ham,Southampton,D,0.6289579222694291,0.20765877837172642,0.1633832993588444,0.5903967361456182,0.22517456913460787,0.18442869471977405,2025-04-01
2025-04-19,Premier League,Aston Villa,Newcastle,H,0.36020570480468034,0.23442979955224952,0.40536449564306987,0.3788467799076965,0.2646737777437331,0.35647944234857043,2025-04-01
2025-04-20,Premier League,Leicester,Liverpool,A,0.09205875069028764,0.14550945740209703,0.7624317919076153,0.07179965906323565,0.13369591687636984,0.7945044240603946,2025-04-01
2025-04-20,Premier League,Man United,Wolves,A,0.5304623722346595,0.23925932577666345,0.23027830198867674,0.37433155080213903,0.27807486631016043,0.3475935828877006,2025-04-01
2025-04-20,Premier League,Fulham,Chelsea,A,0.33575155657722877,0.2480684310597834,0.4161800123629878,0.3090031904131974,0.2696288226597152,0.4213679869270874,2025-04-01
2025-04-20,Premier League,Ipswich,Arsenal,A,0.07071015059503176,0.1396218288028009,0.7896680206021675,0.10835438128124049,0.1853648706592869,0.7062807480594726,2025-04-01
2025-04-21,Premier League,Tottenham,Nott'm Forest,A,0.5075062012531513,0.22024323420723022,0.27225056453961854,0.4064429228869682,0.2747783140644292,0.31877876304860253,2025-04-01
2025-04-22,Premier League,Man City,Aston Villa,H,0.6767132635185712,0.17929336246797156,0.14399337401345721,0.5120939743532574,0.240911204683429,0.24699482096331354,2025-04-01
2025-04-23,Premier League,Arsenal,Crystal Palace,D,0.6405653693170092,0.21746198967662717,0.14197264100636361,0.6932380428807037,0.20010995052226496,0.10665200659703132,2025-04-01
2025-04-26,Premier League,Chelsea,Everton,H,0.5472420578466486,0.24739206247734694,0.2053658796760043,0.674350171652771,0.196174595389897,0.12947523295733204,2025-04-01
2025-04-26,Premier League,Brighton,West Ham,H,0.5104141866793277,0.23296820962115292,0.2566176036995194,0.5408781387000733,0.24204296706828282,0.21707889423164378,2025-04-01
2025-04-26,Premier League,Newcastle,Ipswich,H,0.7513536848672491,0.14937024203224983,0.09927607310050095,0.8302171122397722,0.11427694368476864,0.05550594407545905,2025-04-01
2025-04-26,Premier League,Southampton,Fulham,A,0.17694509321980365,0.2224792282485919,0.6005756785316044,0.19012060135470016,0.23499091359656368,0.5748884850487362,2025-04-01
2025-04-26,Premier League,Wolves,Leicester,H,0.4958358894977957,0.24027955606154539,0.26388455444065884,0.6232153740270153,0.21658830263270712,0.16019632334027756,2025-04-01
2025-04-27,Premier League,Bournemouth,Man United,D,0.38844242275874963,0.25498046122842083,0.3565771160128294,0.4911410775836005,0.24744512305738647,0.2614137993590131,2025-04-01
2025-04-27,Premier League,Liverpool,Tottenham,H,0.6340465760719483,0.18689732847838206,0.1790560954496698,0.8076134537596278,0.12190391754862305,0.07048262869174933,2025-04-01
2025-05-01,Premier League,Nott'm Forest,Brentford,A,0.40291327189207976,0.24785870705558752,0.3492280210523327,0.4200298467553398,0.2734266315443348,0.30654352170032556,2025-05-01
2025-05-02,Premier League,Man City,Wolves,H,0.7501799921595812,0.15303816999493702,0.09678183784548165,0.7278495777539308,0.17286427471655857,0.09928614752951055,2025-05-01
2025-05-03,Premier League,Arsenal,Bournemouth,A,0.6718072412433491,0.19589836542653025,0.13229439333012066,0.5764304013663535,0.2391118701964133,0.1844577284372331,2025-05-01
2025-05-03,Premier League,Leicester,Southampton,H,0.5042303566665547,0.2492927016300618,0.24647694170338363,0.39673176203118676,0.2692500878050991,0.334018150163714,2025-05-01
2025-05-03,Premier League,Aston Villa,Fulham,H,0.46862621499362445,0.24280919242443125,0.2885645925819442,0.5163670718006332,0.2568174854458176,0.22681544275354917,2025-05-01
2025-05-03,Premier League,Everton,Ipswich,D,0.5509457872444933,0.2570766913830722,0.1919775213724347,0.6161748546446648,0.22497547018421482,0.15884967517112047,2025-05-01
2025-05-04,Premier League,Brentford,Man United,H,0.43813303559505773,0.25269145457641096,0.3091755098285314,0.5838237766941314,0.2219606524297965,0.19421557087607197,2025-05-01
2025-05-04,Premier League,Brighton,Newcastle,D,0.32199096027371,0.22719577975354258,0.4508132599727475,0.3105954270091585,0.2592436497436443,0.4301609232471974,2025-05-01
2025-05-04,Premier League,West Ham,Tottenham,D,0.30733340051982644,0.2232456042233148,0.46942099525685876,0.5244545125615493,0.24563059449085217,0.22991489294759865,2025-05-01
2025-05-04,Premier League,Chelsea,Liverpool,H,0.27015326068605444,0.23423101644673458,0.49561572286721106,0.41621657370869247,0.2536319746037345,0.330151451687573,2025-05-01
2025-05-05,Premier League,Crystal Palace,Nott'm Forest,D,0.39049230840112126,0.26466655965490443,0.34484113194397426,0.4441624365482234,0.2779187817258883,0.2779187817258883,2025-05-01
2025-05-10,Premier League,Fulham,Everton,A,0.45015407254043716,0.2866377733397695,0.2632081541197936,0.546358641314446,0.2578812787004185,0.1957600799851355,2025-05-01
2025-05-10,Premier League,Ipswich,Brentford,A,0.19077684696808886,0.21045692800229615,0.598766225029615,0.16556094662837906,0.1994256857114566,0.6350133676601645,2025-05-01
2025-05-10,Premier League,Southampton,Man City,D,0.0538393436017972,0.1118761890574645,0.8342844673407382,0.0645993078645586,0.12112370224604738,0.8142769898893941,2025-05-01
2025-05-10,Premier League,Wolves,Brighton,A,0.3603780133541943,0.24612308724436296,0.39349889940144295,0.3158861585154815,0.28699981363648464,0.39711402784803385,2025-05-01
2025-05-10,Premier League,Bournemouth,Aston Villa,A,0.3632556433025569,0.24768957391897323,0.3890547827784698,0.3715330575999026,0.27190408126026394,0.3565628611398333,2025-05-01
2025-05-11,Premier League,Liverpool,Arsenal,D,0.4137478138682828,0.2557779489447446,0.33047423718697266,0.43396226415094336,0.2641509433962264,0.3018867924528302,2025-05-01
2025-05-11,Premier League,Tottenham,Crystal Palace,A,0.4994492697932931,0.22932582242569843,0.2712249077810085,0.31038028231077686,0.2597567603296074,0.4298629573596158,2025-05-01
2025-05-11,Premier League,Newcastle,Chelsea,H,0.447035030397788,0.23260386945502717,0.3203611001471848,0.4250524744795745,0.2609571492113205,0.313990376309105,2025-05-01
2025-05-11,Premier League,Man United,West Ham,A,0.4940994466122876,0.2473544360103646,0.2585461173773482,0.4786933596738965,0.2627610289514323,0.2585456113746713,2025-05-01
2025-05-11,Premier League,Nott'm Forest,Leicester,D,0.6153406299563215,0.21257136582335778,0.17208800422032058,0.692736817415574,0.18553066978952748,0.12173251279489856,2025-05-01
2025-05-16,Premier League,Aston Villa,Tottenham,H,0.43709057183318656,0.22291113435262416,0.3399982938141894,0.7724719101123596,0.13904494382022473,0.08848314606741574,2025-05-01
2025-05-16,Premier League,Chelsea,Man United,H,0.49847264629863525,0.246803179551493,0.2547241741498718,0.6237450088859141,0.20703025826851618,0.16922473284556974,2025-05-01
2025-05-18,Premier League,Arsenal,Newcastle,H,0.5805294969769298,0.21672775029063854,0.20274275273243156,0.5001724252271371,0.2560249353405398,0.24380263943232305,2025-05-01
2025-05-18,Premier League,Everton,Southampton,H,0.5831260392408487,0.25360516899875446,0.16326879176039688,0.6770266257547264,0.19558546966247647,0.12738790458279717,2025-05-01
2025-05-18,Premier League,West Ham,Nott'm Forest,A,0.3428030169115151,0.2510464214221247,0.40615056166636027,0.31881371640407785,0.28266913809082483,0.3985171455050973,2025-05-01
2025-05-18,Premier League,Brentford,Fulham,A,0.4461181543406744,0.24633531020099408,0.30754653545833144,0.4700054690684121,0.2567048340294493,0.2732896969021385,2025-05-01
2025-05-18,Premier League,Leicester,Ipswich,H,0.46306026072211875,0.24828439354227624,0.2886553457356049,0.4288117678468892,0.25819700610409513,0.3129912260490156,2025-05-01
2025-05-19,Premier League,Brighton,Liverpool,H,0.19366239329694412,0.20465381334316932,0.6016837933598866,0.4418224625606072,0.2436113828654977,0.31456615457389514,2025-05-01
2025-05-20,Premier League,Man City,Bournemouth,H,0.6999240856140617,0.17537699588662514,0.12469891849931303,0.723800443085897,0.1672228609888107,0.10897669592529236,2025-05-01
2025-05-20,Premier League,Crystal Palace,Wolves,H,0.4624950862051458,0.25733198278212027,0.2801729310127339,0.4023507204621963,0.2974433240226666,0.30020595551513723,2025-05-01
2025-05-25,Premier League,Wolves,Brentford,D,0.3302166712740425,0.24653640692807824,0.42324692179787937,0.3242498401569769,0.25464647132746876,0.4211036885155544,2025-05-01
2025-05-25,Premier League,Tottenham,Brighton,A,0.5023773764556305,0.2143471081964198,0.2832755153479497,0.2539268891740991,0.2395418683588177,0.5065312424670833,2025-05-01
2025-05-25,Premier League,Nott'm Forest,Chelsea,A,0.33925664918238024,0.2511982180778038,0.4095451327398159,0.27814755788881595,0.25155463891753377,0.47029780319365017,2025-05-01
2025-05-25,Premier League,Southampton,Arsenal,A,0.06068498057094081,0.1321690837123729,0.8071459357166866,0.08211813560190333,0.14728527990983578,0.7705965844882608,2025-05-01
2025-05-25,Premier League,Newcastle,Everton,A,0.5664647593600319,0.23991198920342025,0.19362325143654752,0.7516890862289656,0.15543813091649045,0.092872782854544,2025-05-01
2025-05-25,Premier League,Fulham,Man City,A,0.19410269169781047,0.21631161287589948,0.58958569542629,0.15288586822551675,0.21143078494207135,0.6356833468324119,2025-05-01
2025-05-25,Premier League,Liverpool,Crystal Palace,D,0.6825751573315874,0.18725234791001372,0.13017249475839898,0.7033564928075156,0.1607006556414522,0.1359428515510324,2025-05-01
2025-05-25,Premier League,Ipswich,West Ham,A,0.26963956368865083,0.23910460959755553,0.4912558267137937,0.29634605739556374,0.26777274607643226,0.4358811965280041,2025-05-01
2025-05-25,Premier League,Bournemouth,Leicester,H,0.5965355895632708,0.21878759102933115,0.18467681940739789,0.7219928799469741,0.17062971060475227,0.10737740944827363,2025-05-01
2025-05-25,Premier League,Man United,Aston Villa,H,0.37728963296695245,0.2556869994132789,0.3670233676197688,0.20112539928662615,0.22183625276007735,0.5770383479532964,2025-05-01
2025-08-15,Premier League,Liverpool,Bournemouth,H,0.6646673298726591,0.18668612307345636,0.14864654705388458,0.7523015213895712,0.1481632003958087,0.09953527821462019,2025-08-15
2025-08-16,Premier League,Tottenham,Burnley,H,0.6401433153678809,0.19237139677112872,0.16748528786099026,0.6233386496544391,0.2315257841573631,0.14513556618819776,2025-08-15
2025-08-16,Premier League,Sunderland,West Ham,H,0.16631954475468397,0.22931299153383902,0.6043674637114769,0.27428089800414773,0.30052382343047046,0.4251952785653818,2025-08-15
2025-08-16,Premier League,Wolves,Man City,A,0.13980104434522744,0.188545524756961,0.6716534308978117,0.15587226503521526,0.20628201883383807,0.6378457161309466,2025-08-15
2025-08-16,Premier League,Aston Villa,Newcastle,D,0.37371333784272537,0.2383438254228706,0.387942836734404,0.41756812961582124,0.26687549881782513,0.3155563715663535,2025-08-15
2025-08-16,Premier League,Brighton,Fulham,D,0.4533727632178471,0.23984127557386412,0.30678596120828877,0.5065243179122183,0.265717674970344,0.2277580071174377,2025-08-15
2025-08-17,Premier League,Chelsea,Crystal Palace,D,0.5063657982874704,0.24592069437396682,0.24771350733856262,0.5550739973039179,0.236921828117526,0.208004174578556,2025-08-15
2025-08-17,Premier League,Nott'm Forest,Brentford,H,0.3855873295924431,0.24614872822505027,0.3682639421825066,0.44592835760459304,0.28846404141780796,0.2656076009775991,2025-08-15
2025-08-17,Premier League,Man United,Arsenal,A,0.20484149161490886,0.24051619641402766,0.5546423119710635,0.25284191587383803,0.26170160564839295,0.48545647847776896,2025-08-15
2025-08-18,Premier League,Leeds,Everton,H,0.31686932398811113,0.2699215041793724,0.41320917183251654,0.4122020226342403,0.29478690103539607,0.2930110763303636,2025-08-15
2025-08-22,Premier League,West Ham,Chelsea,A,0.2692452317060425,0.2384969338792399,0.49225783441471754,0.18775206102913783,0.2344633225895272,0.5777846163813348,2025-08-15
2025-08-23,Premier League,Burnley,Sunderland,H,0.5669951172398642,0.2522721806940429,0.1807327020660929,0.4142655583956767,0.30517995681186216,0.28055448479246115,2025-08-15
2025-08-23,Premier League,Man City,Tottenham,A,0.6921899265180708,0.1676245778199591,0.1401854956619702,0.6430651271835668,0.19696315254506813,0.15997172027136503,2025-08-15
2025-08-23,Premier League,Bournemouth,Wolves,H,0.48739232028200774,0.24553170695106158,0.2670759727669308,0.5373945002851547,0.25069176430828094,0.21191373540656427,2025-08-15
2025-08-23,Premier League,Brentford,Aston Villa,H,0.4025568208819613,0.24043928455488336,0.3570038945631553,0.295675725813932,0.2795325108988035,0.4247917632872647,2025-08-15
2025-08-23,Premier League,Arsenal,Leeds,H,0.7960341408632448,0.13015895363035374,0.07380690550640163,0.7248552578430052,0.17501009829002293,0.10013464386697188,2025-08-15
2025-08-24,Premier League,Everton,Brighton,H,0.3455243828160386,0.27567464791381024,0.3788009692701512,0.3099136851215013,0.2896217176433078,0.40046459723519096,2025-08-15
2025-08-24,Premier League,Crystal Palace,Nott'm Forest,D,0.41974045474683574,0.2616530358650555,0.318606509388109,0.39728479217045254,0.29949161255926426,0.3032235952702831,2025-08-15
2025-08-24,Premier League,Fulham,Man United,D,0.4042513357574532,0.26107317472360136,0.33467548951894555,0.27542690409907583,0.2785836594469162,0.44598943645400807,2025-08-15
2025-08-25,Premier League,Newcastle,Liverpool,A,0.3077466053051503,0.22601732229797786,0.46623607239687187,0.3275904303094635,0.2601453417163387,0.4122642279741978,2025-08-15
2025-08-30,Premier League,Chelsea,Fulham,H,0.5247209131334704,0.23619860996647868,0.23908047690005113,0.5797624589357203,0.24387992605104605,0.17635761501323366,2025-08-15
2025-08-30,Premier League,Man United,Burnley,H,0.5743785182161807,0.2348546033533933,0.1907668784304259,0.6899353341071133,0.1890233792074283,0.12104128668545845,2025-08-15
2025-08-30,Premier League,Sunderland,Brentford,H,0.11533265266871014,0.18787699065239874,0.6967903566788912,0.31563960672648145,0.2954923977864933,0.3888679954870252,2025-08-15
2025-08-30,Premier League,Tottenham,Bournemouth,A,0.4665509750787158,0.2277605088908921,0.3056885160303922,0.4932866238198424,0.26193386763479504,0.24477950854536262,2025-08-15
2025-08-30,Premier League,Wolves,Everton,A,0.3648321433468774,0.28905399108721697,0.3461138655659055,0.3032618996667787,0.3042095931032374,0.3925285072299838,2025-08-15
2025-08-30,Premier League,Leeds,Newcastle,D,0.19647428717563026,0.19517110199081392,0.6083546108335559,0.3080369279354096,0.2741962513453224,0.417766820719268,2025-08-15
2025-08-31,Premier League,Brighton,Man City,H,0.20247986528772646,0.2096083878650471,0.5879117468472264,0.25775036299276055,0.2563902027658858,0.4858594342413536,2025-08-15
2025-08-31,Premier League,Nott'm Forest,West Ham,A,0.47525386588374285,0.24360912171511107,0.28113701240114614,0.5716291707783611,0.24151332465385753,0.18685750456778147,2025-08-15
2025-08-31,Premier League,Liverpool,Arsenal,H,0.40196914907219095,0.24978524403597444,0.34824560689183454,0.4053881055029464,0.27561797541276806,0.3189939190842857,2025-08-15
2025-08-31,Premier League,Aston Villa,Crystal Palace,A,0.4636838524629452,0.2510115061430497,0.2853046413940053,0.4788359697681195,0.2769336235411061,0.24423040669077445,2025-08-15
2025-09-13,Premier League,Brentford,Chelsea,D,0.35540686114037806,0.24324749182270894,0.401345647036913,0.23094500066831733,0.25188560953720623,0.5171693897944766,2025-08-15
2025-09-13,Premier League,West Ham,Tottenham,A,0.34097537185111043,0.2261438681440696,0.43288076000482,0.2827895212285456,0.27097380307136404,0.4462366757000903,2025-08-15
2025-09-13,Premier League,Newcastle,Wolves,H,0.6173804606244634,0.20195791815415445,0.18066162122138196,0.708431215158366,0.18664437783980026,0.10492440700183368,2025-08-15
2025-09-13,Premier League,Fulham,Leeds,H,0.5684424762409056,0.21513759150847767,0.2164199322506166,0.46093995017284456,0.2877465369422195,0.25131351288493586,2025-08-15
2025-09-13,Premier League,Everton,Aston Villa,D,0.314888361969101,0.2821186475550624,0.40299299047583653,0.3607143409833021,0.29875114130518887,0.34053451771150905,2025-08-15
2025-09-13,Premier League,Crystal Palace,Sunderland,D,0.7227717408743973,0.1844444408207556,0.0927838183048469,0.571960466286883,0.2619547935026646,0.16608474021045228,2025-08-15
2025-09-13,Premier League,Bournemouth,Brighton,H,0.39631484755697904,0.24472745217379127,0.3589577002692295,0.3940302575984735,0.2749307164599518,0.33103902594157464,2025-08-15
2025-09-13,Premier League,Arsenal,Nott'm Forest,H,0.6537676050706931,0.2028337352681902,0.1433986596611166,0.6966715511827507,0.18777475402972574,0.11555369478752353,2025-08-15
2025-09-14,Premier League,Burnley,Liverpool,A,0.10983843873896224,0.15908358294893263,0.7310779783121051,0.10194174757281553,0.16990291262135923,0.7281553398058253,2025-09-14
2025-09-14,Premier League,Man City,Man United,H,0.66885906491006,0.1926562502303303,0.1384846848596098,0.5471161330148421,0.23911001368796805,0.21377385329718995,2025-09-14
2025-09-20,Premier League,Liverpool,Everton,H,0.658855396624363,0.20583444309229076,0.13531016028334633,0.6301502666020358,0.22055259331071253,0.14929714008725156,2025-09-14
2025-09-20,Premier League,Brighton,Tottenham,D,0.4015802107740916,0.22586134335226177,0.37255844587364656,0.42641931355096885,0.2599561590631574,0.3136245273858738,2025-09-14
2025-09-20,Premier League,Burnley,Nott'm Forest,D,0.28706530562193167,0.2508219909605052,0.4621127034175627,0.2810820785355772,0.28858872158252136,0.4303291998819014,2025-09-14
2025-09-20,Premier League,West Ham,Crystal Palace,A,0.32289597398751974,0.2567959975698236,0.42030802844265674,0.2983306085104468,0.28604640698354605,0.4156229845060071,2025-09-14
2025-09-20,Premier League,Wolves,Leeds,A,0.4966516805902963,0.2464268642178941,0.25692145519180953,0.34153769559585995,0.3070607042423346,0.3514016001618054,2025-09-14
2025-09-20,Premier League,Man United,Chelsea,H,0.3090351514299883,0.25596974822680335,0.4349951003432084,0.35909157774433365,0.26372308284204454,0.37718533941362176,2025-09-14
2025-09-20,Premier League,Fulham,Brentford,H,0.38604591256820286,0.24801533930018205,0.3659387481316151,0.4444572744101123,0.293181153903056,0.2623615716868318,2025-09-14
2025-09-21,Premier League,Arsenal,Man City,D,0.42491770539729296,0.25936712648247195,0.31571516812023515,0.47464075118020377,0.26657905203271715,0.25878019678707914,2025-09-14
2025-09-21,Premier League,Sunderland,Aston Villa,D,0.42431162685335105,0.3128683335193507,0.26282003962729816,0.2692895088747452,0.29281178525235846,0.4378987058728963,2025-09-14
2025-09-21,Premier League,Bournemouth,Newcastle,D,0.3257113722745,0.24742289195282338,0.4268657357726766,0.3860254104276696,0.2819663867471674,0.3320082028251629,2025-09-14
2025-09-27,Premier League,Brentford,Man United,H,0.4458505201583527,0.24519972827858044,0.30894975156306703,0.2868213210554277,0.2545351514078272,0.45864352753674514,2025-09-14
2025-09-27,Premier League,Chelsea,Brighton,A,0.5299788211341169,0.22602739232344124,0.24399378654244208,0.5086493149170193,0.24847063721010404,0.24288004787287668,2025-09-14
2025-09-27,Premier League,Crystal Palace,Liverpool,H,0.22799225433887396,0.2305277241051731,0.5414800215559528,0.22552175968660648,0.2613864061057703,0.5130918342076233,2025-09-14
2025-09-27,Premier League,Leeds,Bournemouth,D,0.2534127416978032,0.24718715895538027,0.4994000993468165,0.322874870179392,0.2883837861246201,0.388741343695988,2025-09-14
2025-09-27,Premier League,Man City,Burnley,H,0.8110033695251837,0.12400214701404026,0.06499448346077602,0.8057523291452697,0.12909249599123146,0.0651551748634989,2025-09-14
2025-09-27,Premier League,Nott'm Forest,Sunderland,A,0.2886106264269484,0.3153538663415286,0.3960355072315227,0.5441951486455943,0.2535778441332874,0.20222700722111853,2025-09-14
2025-09-27,Premier League,Tottenham,Wolves,D,0.586223629751606,0.20657679247349045,0.20719957777490364,0.6112986502042421,0.22101873394112187,0.16768261585463587,2025-09-14
2025-09-28,Premier League,Aston Villa,Fulham,H,0.4629015962558045,0.25450399478190894,0.2825944089622864,0.4090176041478266,0.2995267378067161,0.2914556580454573,2025-09-14
2025-09-28,Premier League,Newcastle,Arsenal,A,0.26718010485710214,0.24747412879376685,0.48534576634913096,0.25697988592014415,0.2891023716601621,0.4539177424196938,2025-09-14
2025-09-29,Premier League,Everton,West Ham,D,0.4421915307415145,0.2744686109938028,0.2833398582646828,0.575221238938053,0.24778761061946902,0.17699115044247785,2025-09-14
2025-10-03,Premier League,Bournemouth,Fulham,H,0.42953744303063357,0.2590417840880944,0.3114207728812722,0.48156757420005725,0.27401873236172275,0.24441369343821998,2025-09-14
2025-10-04,Premier League,Chelsea,Liverpool,H,0.31075047588387156,0.23521443834242836,0.4540350857737003,0.33533862336224396,0.25259272928584603,0.41206864735190996,2025-09-14
2025-10-04,Premier League,Man United,Sunderland,H,0.3007921707779561,0.3242929519406396,0.3749148772814042,0.6143882221649101,0.21872777977299518,0.16688399806209495,2025-09-14
2025-10-04,Premier League,Leeds,Tottenham,A,0.21676969609444638,0.21280045140911333,0.5704298524964402,0.3511012116208068,0.2818986539680101,0.367000134411183,2025-09-14
2025-10-04,Premier League,Arsenal,West Ham,H,0.7494297553507419,0.15736015401276876,0.09321009063648938,0.7926810446111058,0.14179924844949396,0.06551970693940035,2025-09-14
2025-10-05,Premier League,Aston Villa,Burnley,H,0.6122187329404299,0.21485440689358395,0.17292686016598616,0.585494917304004,0.2470758602433777,0.16742922245261815,2025-09-14
2025-10-05,Premier League,Everton,Crystal Palace,H,0.3422688604815386,0.30399664799598136,0.35373449152248004,0.3730008226510994,0.3014031415230246,0.3255960358258761,2025-09-14
2025-10-05,Premier League,Newcastle,Nott'm Forest,H,0.5500158217980894,0.2251443414788811,0.22483983672302965,0.6160357489689167,0.2203134683100682,0.1636507827210151,2025-09-14
2025-10-05,Premier League,Wolves,Brighton,D,0.3163780053644675,0.24211201289245854,0.441509981743074,0.2545091003711363,0.26419151179829903,0.48129938783056464,2025-09-14
2025-10-05,Premier League,Brentford,Man City,A,0.21314630219250744,0.21264292859715528,0.5742107692103372,0.19221124529323258,0.22067076908380234,0.587117985622965,2025-09-14
2025-10-18,Premier League,Fulham,Arsenal,A,0.17633226155577994,0.23246663998119813,0.5912010984630218,0.1341421180223955,0.23434466401502826,0.6315132179625762,2025-10-18
2025-10-18,Premier League,Nott'm Forest,Chelsea,A,0.2920150808166223,0.2544718007615898,0.45351311842178793,0.3004526299360075,0.2781332917121898,0.4214140783518027,2025-10-18
2025-10-18,Premier League,Brighton,Newcastle,H,0.346961526933208,0.24344625965004094,0.40959221341675095,0.3389920990817852,0.27797352124706387,0.383034379671151,2025-10-18
2025-10-18,Premier League,Burnley,Leeds,H,0.38197602745769316,0.2577631895006288,0.3602607830416779,0.2724014336917563,0.3010752688172043,0.42652329749103945,2025-10-18
2025-10-18,Premier League,Crystal Palace,Bournemouth,D,0.42468031682603624,0.2696161017357787,0.305703581438185,0.43432474792522363,0.28530423324120263,0.2803710188335738,2025-10-18
2025-10-18,Premier League,Man City,Everton,H,0.6740309223480625,0.20906035590582997,0.11690872174610742,0.6712451334927543,0.2124380202702343,0.11631684623701156,2025-10-18
2025-10-18,Premier League,Sunderland,Wolves,H,0.46491295523730125,0.3147579761418807,0.22032906862081802,0.3671144145298647,0.32107366287265393,0.3118119225974812,2025-10-18
2025-10-19,Premier League,Liverpool,Man United,A,0.6556335774884102,0.19393538480364458,0.15043103770794514,0.5938841006382215,0.21704732826015719,0.1890685711016213,2025-10-18
2025-10-19,Premier League,Tottenham,Aston Villa,A,0.4378863554098479,0.23807899002438795,0.324034654565764,0.41948090692124107,0.28290572792362767,0.29761336515513126,2025-10-18
2025-10-20,Premier League,West Ham,Brentford,A,0.32597651375450354,0.2387511005131934,0.4352723857323031,0.3701704118189215,0.2941233181521944,0.335706270028884,2025-10-18
2025-10-24,Premier League,Leeds,West Ham,H,0.3806710665954217,0.2475158318513103,0.37181310155326797,0.5359800216552711,0.2614889054436767,0.20253107290105232,2025-10-18
2025-10-25,Premier League,Chelsea,Sunderland,A,0.44996426160175335,0.31288050645086407,0.23715523194738253,0.6696918818350955,0.2066070699278486,0.12370104823705584,2025-10-18
2025-10-25,Premier League,Newcastle,Fulham,H,0.5507934355062274,0.23147569541703955,0.21773086907673328,0.6037607749475649,0.23423008377483842,0.16200914127759658,2025-10-18
2025-10-25,Premier League,Man United,Brighton,H,0.4000061193455376,0.25236838776088816,0.3476254928935742,0.4786658003032272,0.24915168579885927,0.2721825138979135,2025-10-18
2025-10-25,Premier League,Brentford,Liverpool,H,0.2394919554140785,0.21585117641189586,0.5446568681740256,0.22755085114440507,0.24723718432229252,0.5252119645333024,2025-10-18
2025-10-26,Premier League,Arsenal,Crystal Palace,H,0.6358478384249343,0.22195895901559898,0.14219320255946694,0.6981073533974558,0.19407384424449267,0.10781880235805148,2025-10-18
2025-10-26,Premier League,Aston Villa,Man City,H,0.21817299276003876,0.2334734492355599,0.5483535580044013,0.22707132582153003,0.2571868862753139,0.515741787903156,2025-10-18
2025-10-26,Premier League,Bournemouth,Nott'm Forest,H,0.4588910763972015,0.25886238570964165,0.2822465378931569,0.4811950982936925,0.27458025382860424,0.2442246478777032,2025-10-18
2025-10-26,Premier League,Wolves,Burnley,A,0.48801517215271595,0.2534481382685108,0.2585366895787733,0.5024726102149407,0.28439065622135934,0.21313673356370008,2025-10-18
2025-10-26,Premier League,Everton,Tottenham,A,0.3408283019225888,0.2712127794626912,0.38795891861472026,0.42677508220030214,0.2870345685594952,0.2861903492402026,2025-10-18
2025-11-01,Premier League,Liverpool,Aston Villa,H,0.6161712838105964,0.20514524920761104,0.17868346698179277,0.5785161583978151,0.22394173873463813,0.19754210286754664,2025-10-18
2025-11-01,Premier League,Tottenham,Chelsea,A,0.37690891214706485,0.2375199375592895,0.38557115029364575,0.3439457660206428,0.27731239824456383,0.3787418357347934,2025-10-18
2025-11-01,Premier League,Nott'm Forest,Man United,D,0.3835131495587923,0.2678964239887645,0.34859042645244304,0.27931246163290363,0.2578268876611418,0.46286065070595456,2025-10-18
2025-11-01,Premier League,Crystal Palace,Brentford,H,0.42525254030140186,0.25522096203492994,0.3195264976636682,0.4695476397456979,0.27534380007750553,0.2551085601767965,2025-10-18
2025-11-01,Premier League,Burnley,Arsenal,A,0.09609601880700741,0.1768106883171797,0.7270932928758129,0.0790454273710762,0.1591309261549297,0.7618236464739941,2025-10-18
2025-11-01,Premier League,Brighton,Leeds,H,0.5983485855482451,0.20847656002250423,0.19317485442925086,0.47851569225683366,0.26982968202260343,0.2516546257205628,2025-10-18
2025-11-01,Premier League,Fulham,Wolves,H,0.49912505985463207,0.24898302865981714,0.25189191148555096,0.5423835011570823,0.26028591610487334,0.19733058273804419,2025-10-18
2025-11-02,Premier League,West Ham,Newcastle,H,0.24708018248461647,0.2324375664679063,0.5204822510474773,0.18728077679869964,0.22944114124390452,0.5832780819573958,2025-10-18
2025-11-02,Premier League,Man City,Bournemouth,H,0.6805514074263496,0.18974623134223337,0.12970236123141704,0.6767805486052331,0.18089648308513706,0.1423229683096299,2025-10-18
2025-11-03,Premier League,Sunderland,Everton,D,0.3791292406623375,0.3685356357182572,0.2523351236194053,0.29330666909068875,0.3043056691815896,0.4023876617277218,2025-10-18
2025-11-08,Premier League,Tottenham,Man United,D,0.482074248117014,0.23613216749115568,0.2817935843918305,0.3249788592566654,0.2724753109645022,0.40254582977883246,2025-10-18
2025-11-08,Premier League,Everton,Fulham,H,0.38682171730027143,0.29401411576161235,0.31916416693811606,0.40899533502649016,0.30043484486513783,0.2905698201083721,2025-10-18
2025-11-08,Premier League,West Ham,Burnley,H,0.511955638853598,0.2409033396533243,0.2471410214930777,0.5162397072278133,0.26517230863068003,0.21858798414150654,2025-10-18
2025-11-08,Premier League,Sunderland,Arsenal,D,0.1947884517547906,0.32043919048950326,0.4847723577557063,0.1216551724137931,0.2162758620689655,0.6620689655172414,2025-10-18
2025-11-08,Premier League,Chelsea,Wolves,H,0.6261586887289409,0.20991852155828308,0.16392278971277616,0.7144500690289921,0.17993557294063506,0.10561435803037277,2025-10-18
2025-11-09,Premier League,Man City,Liverpool,H,0.48551714098446447,0.23512354868892266,0.27935931032661276,0.5031217007077593,0.24401402484326326,0.2528642744489775,2025-10-18
2025-11-09,Premier League,Nott'm Forest,Leeds,H,0.5215795207102788,0.239821949301033,0.23859852998868822,0.43634211910466947,0.2948614926070948,0.26879638828823565,2025-10-18
2025-11-09,Premier League,Brentford,Newcastle,H,0.3437170366029394,0.24238242863301934,0.41390053476404126,0.3320643315514117,0.2771933024061642,0.3907423660424242,2025-10-18
2025-11-09,Premier League,Aston Villa,Bournemouth,H,0.451534334643352,0.25691657022285114,0.2915490951337968,0.4102254731920669,0.28595128572505846,0.30382324108287456,2025-10-18
2025-11-09,Premier League,Crystal Palace,Brighton,D,0.4210064285790375,0.25645597595217334,0.322537595468789,0.4006604854908814,0.28220434195444694,0.31713517255467166,2025-10-18
2025-11-22,Premier League,Burnley,Chelsea,A,0.19771637567971062,0.22234378029955348,0.5799398440207358,0.16758305678353191,0.22870158337517296,0.6037153598412951,2025-11-22
2025-11-22,Premier League,Bournemouth,West Ham,D,0.5212903250167606,0.23144930642048242,0.24726036856275702,0.575081837555199,0.2362194344970011,0.1886987279477997,2025-11-22
2025-11-22,Premier League,Brighton,Brentford,H,0.4368287722226766,0.2335749000354478,0.3295963277418756,0.44846728467284674,0.2804536045360454,0.2710791107911079,2025-11-22
2025-11-22,Premier League,Fulham,Sunderland,H,0.2950298724900258,0.29673954988630796,0.40823057762366616,0.46949987151260913,0.28753394497961565,0.24296618350777519,2025-11-22
2025-11-22,Premier League,Liverpool,Nott'm Forest,A,0.6929134405997182,0.1764867866981791,0.13059977270210277,0.6560230385614947,0.20561916134016997,0.13835780009833532,2025-11-22
2025-11-22,Premier League,Wolves,Crystal Palace,A,0.27988674814820264,0.26520642032885333,0.4549068315229439,0.21362426099473042,0.2546626058700339,0.5317131331352356,2025-11-22
2025-11-22,Premier League,Newcastle,Man City,H,0.24728785213587337,0.23630664560717055,0.5164055022569563,0.24049026937628856,0.253607920433177,0.5059018101905345,2025-11-22
2025-11-23,Premier League,Leeds,Aston Villa,A,0.210110797854919,0.23112342242601425,0.5587657797190667,0.2945677066293906,0.28094607857716447,0.42448621479344495,2025-11-22
2025-11-23,Premier League,Arsenal,Tottenham,H,0.6618551190731345,0.19426105079814984,0.14388383012871553,0.657887635288376,0.21635230959147939,0.12576005512014468,2025-11-22
2025-11-24,Premier League,Man United,Everton,A,0.45619664452029673,0.2823368934790217,0.2614664620006816,0.5110796061447631,0.25091763609174417,0.23800275776349264,2025-11-22
2025-11-29,Premier League,Man City,Leeds,H,0.8524884101386403,0.10148024612851035,0.04603134373284961,0.7980610073303382,0.12981792385906835,0.07212106881059352,2025-11-22
2025-11-29,Premier League,Tottenham,Fulham,A,0.5111878608636717,0.22939311854051692,0.2594190205958115,0.40536620739666424,0.2828136330674402,0.31182015953589554,2025-11-22
2025-11-29,Premier League,Everton,Newcastle,A,0.30690081035515854,0.282040595765819,0.4110585938790226,0.353884793000081,0.2896378514137568,0.35647735558616217,2025-11-22
2025-11-29,Premier League,Brentford,Burnley,H,0.6301234778472853,0.19899859439431555,0.1708779277583989,0.6483249962103986,0.21373351523419737,0.137941488555404,2025-11-22
2025-11-29,Premier League,Sunderland,Bournemouth,H,0.5056024175583615,0.27252705810021066,0.2218705243414279,0.2955583988301956,0.28349479071467737,0.42094681045512705,2025-11-22
2025-11-30,Premier League,Crystal Palace,Man United,A,0.43098023908879646,0.2670140463679614,0.30200571454324204,0.4651405874359778,0.2604787289641476,0.27438068359987455,2025-11-22
2025-11-30,Premier League,Aston Villa,Wolves,H,0.6191508296698283,0.2148873498178506,0.16596182051232128,0.6583765415824472,0.2081319389518704,0.1334915194656824,2025-11-22
2025-11-30,Premier League,Nott'm Forest,Brighton,A,0.3620973860481872,0.24925907107383027,0.38864354287798236,0.33020116209944966,0.2907741576696646,0.3790246802308858,2025-11-22
2025-11-30,Premier League,West Ham,Liverpool,A,0.18133173050779003,0.19554642219257629,0.6231218472996336,0.1885739098070839,0.20445381800136464,0.6069722721915514,2025-11-22
2025-11-30,Premier League,Chelsea,Arsenal,D,0.28123034593182045,0.266417542107841,0.4523521119603385,0.3051361602092354,0.3070613094850034,0.3878025303057613,2025-11-22
2025-12-02,Premier League,Fulham,Man City,A,0.17374166440233277,0.21813679631536362,0.6081215392823036,0.1825090998366833,0.23478112357631586,0.5827097765870008,2025-11-22
2025-12-02,Premier League,Bournemouth,Everton,A,0.4394222419630967,0.28285172296918587,0.2777260350677176,0.4364712206931609,0.27809452061307105,0.28543425869376793,2025-11-22
2025-12-02,Premier League,Newcastle,Tottenham,D,0.4858959314836987,0.2259767437884296,0.2881273247278717,0.5247110121241589,0.2495412268456797,0.22574776103016142,2025-11-22
2025-12-03,Premier League,Leeds,Chelsea,H,0.1728201359469246,0.21027612147367178,0.6169037425794038,0.23642715544950002,0.27527354359700995,0.48829930095349,2025-11-22
2025-12-03,Premier League,Wolves,Nott'm Forest,A,0.34889668211009894,0.26129333269489946,0.38980998519500165,0.3073141122913505,0.2934294385432474,0.39925644916540215,2025-11-22
2025-12-03,Premier League,Liverpool,Sunderland,D,0.4999276622676835,0.26218572206603286,0.23788661566628372,0.7100995264418536,0.17655125337493982,0.11334922018320667,2025-11-22
2025-12-03,Premier League,Brighton,Aston Villa,A,0.3948819935922351,0.2500966663430835,0.35502134006468145,0.42087768189906993,0.281805056575899,0.297317261525031,2025-11-22
2025-12-03,Premier League,Arsenal,Brentford,H,0.663591685770386,0.1974149933661466,0.1389933208634676,0.671990587780231,0.20810031105452315,0.11990910116524568,2025-11-22
2025-12-03,Premier League,Burnley,Crystal Palace,A,0.26610963422242373,0.25857794152261737,0.47531242425495895,0.19198129721628276,0.2571632761119968,0.5508554266717205,2025-11-22
2025-12-04,Premier League,Man United,West Ham,D,0.5407055443069977,0.22885849381181428,0.23043596188118798,0.6964794506092166,0.186174314682079,0.11734623470870437,2025-11-22
2025-12-06,Premier League,Aston Villa,Arsenal,H,0.23967764793099905,0.2614888973129708,0.49883345475603,0.21725940624284515,0.2761772113256506,0.5065633824315043,2025-11-22
2025-12-06,Premier League,Bournemouth,Chelsea,D,0.3143256735738245,0.2515165490269772,0.4341577773991983,0.2879967255456836,0.2528386837258209,0.45916459072849547,2025-11-22
2025-12-06,Premier League,Everton,Nott'm Forest,H,0.4111567360088386,0.2915878483693086,0.29725541562185276,0.45847091334230844,0.288414936583292,0.2531141500743995,2025-11-22
2025-12-06,Premier League,Man City,Sunderland,H,0.5576072480597749,0.25969754630305814,0.18269520563716718,0.7619896575610962,0.1500351728841228,0.0879751695547811,2025-11-22
2025-12-06,Premier League,Newcastle,Burnley,H,0.6694110728037739,0.1880935503482049,0.1424953768480212,0.727226115193984,0.16821056229704326,0.10456332250897285,2025-11-22
2025-12-06,Premier League,Tottenham,Brentford,H,0.4637412179944934,0.2244103105466561,0.3118484714588505,0.39124433950427173,0.2840228587071827,0.3247328017885456,2025-11-22
2025-12-06,Premier League,Leeds,Liverpool,D,0.12019232664675705,0.16518350032616616,0.7146241730270767,0.21152471902812967,0.23803027350094197,0.5504450074709284,2025-11-22
2025-12-07,Premier League,Brighton,West Ham,D,0.5617496493065929,0.21566957751602067,0.2225807731773865,0.5954558829173435,0.22312484808167127,0.18141926900098507,2025-11-22
2025-12-07,Premier League,Fulham,Crystal Palace,A,0.37270089720274835,0.27422799988595115,0.3530711029113005,0.38478596662945236,0.28632602810956304,0.32888800526098455,2025-11-22
2025-12-08,Premier League,Wolves,Man United,A,0.29202436991546077,0.2532959596435904,0.4546796704409489,0.18128310771041792,0.23092014910731803,0.5877967431822642,2025-11-22
2025-12-13,Premier League,Chelsea,Everton,H,0.5501559510776216,0.25770941264451236,0.19213463627786626,0.5532036296837564,0.24759753246715444,0.19919883784908923,2025-11-22
2025-12-13,Premier League,Liverpool,Brighton,H,0.6364672732451352,0.18964983731130797,0.17388288944355684,0.5377543515567542,0.23608727629320916,0.22615837215003678,2025-11-22
2025-12-13,Premier League,Burnley,Fulham,A,0.3095279596231989,0.25542137431798484,0.43505066605881637,0.23942944991396953,0.2769468850856741,0.48362366500035636,2025-11-22
2025-12-13,Premier League,Arsenal,Wolves,H,0.7823899131800772,0.14716111311396998,0.07044897370595271,0.8619378475454744,0.10198845735354826,0.03607369510097726,2025-11-22
2025-12-14,Premier League,Crystal Palace,Man City,A,0.2076723547221237,0.24398895313030483,0.5483386921475716,0.2307526006562047,0.2555192410407712,0.5137281583030241,2025-11-22
2025-12-14,Premier League,Nott'm Forest,Tottenham,H,0.34589812629915956,0.2410307865680945,0.41307108713274604,0.35403930341542444,0.2906292789231096,0.3553314176614661,2025-11-22
2025-12-14,Premier League,Sunderland,Newcastle,H,0.43244822530488986,0.28323941585534534,0.28431235883976497,0.2696550604951406,0.28380605492345695,0.44653888458140245,2025-11-22
2025-12-14,Premier League,West Ham,Aston Villa,A,0.28982461180491353,0.24649809299317418,0.4636772952019123,0.29064550164104397,0.27273457436904686,0.4366199239899091,2025-11-22
2025-12-14,Premier League,Brentford,Leeds,D,0.6671421211192522,0.18558181682563765,0.14727606205511,0.43652118029817827,0.29232499461409533,0.27115382508772634,2025-11-22
2025-12-15,Premier League,Man United,Bournemouth,D,0.4522278886154522,0.250173123281624,0.297598988102924,0.5355908245886275,0.23359503433865436,0.23081414107271803,2025-11-22
2025-12-20,Premier League,Leeds,Crystal Palace,H,0.23801924226316115,0.25071615677536624,0.5112646009614726,0.3320642664806581,0.3128451127936747,0.35509062072566727,2025-11-22
2025-12-20,Premier League,Tottenham,Liverpool,A,0.2909334270873012,0.21852718498039084,0.49053938793230806,0.2619235269405568,0.264058773084094,0.47401769997534926,2025-11-22
2025-12-20,Premier League,Wolves,Brentford,A,0.2790853662854371,0.238555163015255,0.482359470699308,0.2803270263275877,0.27952148889561185,0.44015148477680055,2025-11-22
2025-12-20,Premier League,Everton,Arsenal,A,0.1716169249475207,0.2682794928342696,0.56010358221821,0.14606741573033707,0.23127340823970036,0.6226591760299625,2025-11-22
2025-12-20,Premier League,Brighton,Sunderland,D,0.3389262453071497,0.2836450935003342,0.3774286611925162,0.5199995060325772,0.2693110389369821,0.21068945503044076,2025-11-22
2025-12-20,Premier League,Bournemouth,Burnley,D,0.5793722350537116,0.22143407937580542,0.19919368557048317,0.6573399014778326,0.20267980295566504,0.13998029556650246,2025-11-22
2025-12-20,Premier League,Newcastle,Chelsea,D,0.3970106985440435,0.2500998369507314,0.352889464505225,0.3392890328404173,0.27429845753577403,0.38641250962380863,2025-11-22
2025-12-20,Premier League,Man City,West Ham,H,0.7897993963623611,0.13445072350141976,0.07574988013621906,0.8135091827930482,0.11734253666954271,0.0691482805374091,2025-11-22
2025-12-21,Premier League,Aston Villa,Man United,H,0.4753570754502042,0.25187326436927504,0.2727696601805205,0.4792592894726108,0.2607170534731003,0.26002365705428887,2025-11-22
2025-12-22,Premier League,Fulham,Nott'm Forest,H,0.44832204808171344,0.25383107370240793,0.29784687821587846,0.36576990890957706,0.29043222617894776,0.3437978649114753,2025-12-22
2025-12-26,Premier League,Man United,Newcastle,H,0.3632582683122038,0.24482183700631419,0.391919894681482,0.3877025944998273,0.256068822361955,0.35622858313821776,2025-12-22
2025-12-27,Premier League,Chelsea,Aston Villa,A,0.4646958132234883,0.25219905488272176,0.2831051318937899,0.5412191489555307,0.23400538082859906,0.2247754702158701,2025-12-22
2025-12-27,Premier League,West Ham,Fulham,A,0.35656676445624935,0.24756051143407665,0.3958727241096741,0.31804675118858955,0.2879358161648178,0.3940174326465927,2025-12-22
2025-12-27,Premier League,Liverpool,Wolves,H,0.7678392626305827,0.14542746095086267,0.08673327641855433,0.7711448585218018,0.14582920925147536,0.08302593222672285,2025-12-22
2025-12-27,Premier League,Brentford,Bournemouth,H,0.4782460830228793,0.2375347800480847,0.2842191369290359,0.41968358118113364,0.2712161304568886,0.3091002883619777,2025-12-22
2025-12-27,Premier League,Arsenal,Brighton,H,0.6615213809942389,0.2012086849937406,0.13726993401202048,0.7285912749848776,0.1715090965893606,0.0998996284257616,2025-12-22
2025-12-27,Premier League,Nott'm Forest,Man City,A,0.16517332163669793,0.20936668984889528,0.6254599885144069,0.17477947124459114,0.23374122058011582,0.5914793081752932,2025-12-22
2025-12-27,Premier League,Burnley,Everton,D,0.2937666973796369,0.2915330687953463,0.41470023382501675,0.26020816653322654,0.2994395516413131,0.4403522818254604,2025-12-22
2025-12-28,Premier League,Sunderland,Leeds,D,0.5511864833221919,0.2533359318468707,0.19547758483093727,0.3234775532347755,0.3091007730910077,0.36742167367421674,2025-12-22
2025-12-28,Premier League,Crystal Palace,Tottenham,A,0.4122366165312032,0.25035240668131437,0.33741097678748255,0.42526846494686227,0.2822796477473376,0.2924518873058002,2025-12-22
2025-12-30,Premier League,Arsenal,Aston Villa,H,0.601527218058112,0.22927955275850315,0.1691932291833848,0.7066381156316915,0.17601713062098498,0.11734475374732332,2025-12-22
2025-12-30,Premier League,Man United,Wolves,D,0.599644684294627,0.21931741972070318,0.18103789598467004,0.7028255004969475,0.17961096123810877,0.11756353826494392,2025-12-22
2025-12-30,Premier League,West Ham,Brighton,D,0.32326700311070317,0.24108812769266197,0.4356448691966348,0.2753138998295744,0.2662624839447664,0.45842361622565914,2025-12-22
2025-12-30,Premier League,Burnley,Newcastle,A,0.20430037522319974,0.22060835849787602,0.5750912662789244,0.1616738438494664,0.22046433252199962,0.617861823628534,2025-12-22
2025-12-30,Premier League,Chelsea,Bournemouth,D,0.5634311385665479,0.22695127421347666,0.20961758721997556,0.6107758307278411,0.21580746019050387,0.1734167090816549,2025-12-22
2025-12-30,Premier League,Nott'm Forest,Everton,A,0.3988208141310056,0.2974478089089072,0.3037313769600871,0.5068293338280736,0.27882874525785134,0.21434192091407514,2025-12-22
2026-01-01,Premier League,Crystal Palace,Fulham,D,0.44183448549789045,0.26125916518834946,0.29690634931376,0.4252088894154058,0.29417775128739554,0.28061335929719866,2025-12-22
2026-01-01,Premier League,Liverpool,Leeds,D,0.7365008926089617,0.14956839549115683,0.11393071189988131,0.6568500423774221,0.2090619489717386,0.13408800865083925,2025-12-22
2026-01-01,Premier League,Brentford,Tottenham,D,0.44061549483756773,0.23079833253092275,0.3285861726315096,0.3864618338934229,0.28228516562650025,0.3312530004800768,2025-12-22
2026-01-01,Premier League,Sunderland,Man City,D,0.23772213682580892,0.28544865251460383,0.4768292106595875,0.12557171077218773,0.198608318058052,0.6758199711697603,2025-12-22
2026-01-03,Premier League,Aston Villa,Nott'm Forest,H,0.5337735013092141,0.24063076091974572,0.22559573777104008,0.4954220423614122,0.27823129026600796,0.2263466673725799,2025-12-22
2026-01-03,Premier League,Brighton,Burnley,H,0.6260833852002088,0.2047539917518633,0.16916262304792803,0.6603854308287619,0.2110362137648435,0.1285783554063947,2025-12-22
2026-01-03,Premier League,Wolves,West Ham,H,0.3595019422218002,0.2578654042084523,0.3826326535697474,0.356300759758973,0.28608855121823423,0.35761068902279275,2025-12-22
2026-01-03,Premier League,Bournemouth,Arsenal,A,0.18173651992969533,0.2305927643731479,0.5876707156971567,0.15379262352122477,0.2129436325678497,0.6332637439109257,2025-12-22
2026-01-04,Premier League,Man City,Chelsea,D,0.591611281894995,0.21867020282816851,0.18971851527683653,0.6552478059645073,0.19203302036187542,0.15271917367361745,2025-12-22
2026-01-04,Premier League,Fulham,Liverpool,D,0.2483046656767271,0.22455797883310954,0.5271373554901633,0.2224884862835215,0.2661374536197982,0.5113740600966802,2025-12-22
2026-01-04,Premier League,Tottenham,Sunderland,D,0.3684276489005123,0.285576536136516,0.34599581496297177,0.4860909514614821,0.28238231573340433,0.2315267328051135,2025-12-22
2026-01-04,Premier League,Everton,Brentford,A,0.35367350012637966,0.28542104826446,0.36090545160916027,0.3846694715002017,0.3003746181776266,0.31495591032217163,2025-12-22
2026-01-04,Premier League,Leeds,Man United,D,0.33859123010304853,0.23417095177008362,0.4272378181268679,0.3510880956784415,0.28603353677331855,0.3628783675482399,2025-12-22
2026-01-04,Premier League,Newcastle,Crystal Palace,H,0.5007840696419574,0.2473602848629311,0.2518556454951116,0.5720410789422201,0.24168735585308798,0.18627156520469207,2025-12-22
2026-01-06,Premier League,West Ham,Nott'm Forest,A,0.3746370124142361,0.25645458295417345,0.3689084046315906,0.3187770450293834,0.2777914249541769,0.40343153001643955,2025-12-22
2026-01-07,Premier League,Bournemouth,Tottenham,H,0.3951800695726595,0.23541446696956056,0.36940546345777986,0.4320165204834152,0.2670431788702429,0.3009403006463419,2025-12-22
2026-01-07,Premier League,Brentford,Sunderland,H,0.3590473263103776,0.2980363036443566,0.3429163700452658,0.467317594947992,0.3066311033097235,0.22605130174228455,2025-12-22
2026-01-07,Premier League,Crystal Palace,Aston Villa,D,0.3561336496105603,0.26978346240251766,0.37408288798692213,0.31615302869287987,0.2863974495217853,0.39744952178533466,2025-12-22
2026-01-07,Premier League,Everton,Wolves,D,0.5038661815525575,0.27921382429470276,0.2169199941527396,0.513399368397022,0.27566045632681013,0.21094017527616776,2025-12-22
2026-01-07,Premier League,Fulham,Chelsea,H,0.30563537588463563,0.2519551799860999,0.44240944412926403,0.26289123438224665,0.27170323106545047,0.4654055345523028,2025-12-22
2026-01-07,Premier League,Man City,Brighton,D,0.6961506166987746,0.17495945733882198,0.1288899259624034,0.6324017742986437,0.20897942001661446,0.1586188056847418,2025-12-22
2026-01-07,Premier League,Burnley,Man United,D,0.2601986263028774,0.24159429443784314,0.49820707925927965,0.1942165922541792,0.2499221264666182,0.5558612812792026,2025-12-22
2026-01-07,Premier League,Newcastle,Leeds,H,0.6312662689527759,0.19102372660077716,0.17771000444644694,0.5866321856759639,0.23958987781320307,0.17377793651083312,2025-12-22
2026-01-08,Premier League,Arsenal,Liverpool,D,0.5121529014921834,0.2444617308815791,0.24338536762623744,0.6105433353041254,0.22062815980308167,0.16882850489279294,2025-12-22
2026-01-17,Premier League,Nott'm Forest,Arsenal,D,0.171213270691283,0.236241328490019,0.5925454008186978,,,,2025-12-22
2026-01-17,Premier League,Tottenham,West Ham,A,0.57130785229318,0.20934996500838596,0.2193421826984341,,,,2025-12-22
2026-01-17,Premier League,Sunderland,Crystal Palace,H,0.43448060735866384,0.3124367652951613,0.2530826273461749,,,,2025-12-22
2026-01-17,Premier League,Liverpool,Burnley,D,0.781761145427332,0.13657426996370112,0.0816645846089668,,,,2025-12-22
2026-01-17,Premier League,Chelsea,Brentford,H,0.5239007874571037,0.23487221459068558,0.2412269979522106,,,,2025-12-22
2026-01-17,Premier League,Man United,Man City,H,0.1983894425234852,0.21544507691890843,0.5861654805576064,,,,2025-12-22
2026-01-17,Premier League,Leeds,Fulham,H,0.36679308661764776,0.2365101717181372,0.3966967416642149,,,,2025-12-22
2026-01-18,Premier League,Wolves,Newcastle,D,0.2104523983270962,0.2283924135100757,0.5611551881628282,,,,2025-12-22
2026-01-18,Premier League,Aston Villa,Everton,A,0.5031808172713569,0.27311651832875,0.22370266439989292,,,,2025-12-22
2026-01-19,Premier League,Brighton,Bournemouth,D,0.4777734085202131,0.23706415786025842,0.2851624336195286,,,,2025-12-22
2026-01-24,Premier League,West Ham,Sunderland,H,0.28381912901609085,0.3106985668713118,0.4054823041125974,,,,2026-01-24
2026-01-24,Premier League,Burnley,Tottenham,D,0.2506584072180783,0.24262415729271966,0.5067174354892021,,,,2026-01-24
2026-01-24,Premier League,Fulham,Brighton,H,0.39451371988541734,0.2616599485158989,0.3438263315986837,,,,2026-01-24
2026-01-24,Premier League,Man City,Wolves,H,0.7927330431667292,0.14168742191636782,0.06557953491690284,,,,2026-01-24
2026-01-24,Premier League,Bournemouth,Liverpool,H,0.2484244211571856,0.2319593481484306,0.5196162306943839,,,,2026-01-24
2026-01-25,Premier League,Newcastle,Aston Villa,A,0.4470331647215975,0.25400138169700076,0.29896545358140203,,,,2026-01-24
2026-01-25,Premier League,Arsenal,Man United,A,0.6519233720467836,0.21609151997103346,0.13198510798218271,,,,2026-01-24
2026-01-25,Premier League,Crystal Palace,Chelsea,A,0.3045956453166952,0.2843901554686466,0.4110141992146583,,,,2026-01-24
2026-01-25,Premier League,Brentford,Nott'm Forest,A,0.5161661173946788,0.2477403216476169,0.2360935609577044,,,,2026-01-24
2026-01-26,Premier League,Everton,Leeds,D,0.4361334723896959,0.2835736889229535,0.2802928386873505,,,,2026-01-24
2026-01-31,Premier League,Brighton,Everton,D,0.4593731110454317,0.28624987182882783,0.2543770171257404,,,,2026-01-24
2026-01-31,Premier League,Leeds,Arsenal,A,0.14786787916882743,0.2142061129228725,0.6379260079083,,,,2026-01-24
2026-01-31,Premier League,Wolves,Bournemouth,A,0.3089768644294277,0.26274111167822345,0.4282820238923488,,,,2026-01-24
2026-01-31,Premier League,Chelsea,West Ham,H,0.6432894039831273,0.20738619627059868,0.14932439974627387,,,,2026-01-24
2026-01-31,Premier League,Liverpool,Newcastle,H,0.5286481387692701,0.23230373121477785,0.2390481300159521,,,,2026-01-24
2026-02-01,Premier League,Aston Villa,Brentford,A,0.4612677920180564,0.25010784251326873,0.28862436546867487,,,,2026-01-24
2026-02-01,Premier League,Man United,Fulham,H,0.4506627082584376,0.2616505172859159,0.28768677445564655,,,,2026-01-24
2026-02-01,Premier League,Nott'm Forest,Crystal Palace,D,0.3698863018536166,0.2940152001104477,0.3360984980359355,,,,2026-01-24
2026-02-01,Premier League,Tottenham,Man City,D,0.21081292324335696,0.2225542291176738,0.566632847638969,,,,2026-01-24
2026-02-02,Premier League,Sunderland,Burnley,H,0.5555138540803768,0.2810582496955843,0.16342789622403903,,,,2026-01-24
2026-02-06,Premier League,Leeds,Nott'm Forest,H,0.4114349466080998,0.2609283889247542,0.32763666446714623,,,,2026-01-24
2026-02-07,Premier League,Newcastle,Brentford,A,0.485306968551086,0.2397527164004477,0.2749403150484663,,,,2026-01-24
2026-02-07,Premier League,Wolves,Chelsea,A,0.20336138322066577,0.2508248399112043,0.5458137768681299,,,,2026-01-24
2026-02-07,Premier League,Fulham,Everton,A,0.4219729513043126,0.30105218367045866,0.2769748650252289,,,,2026-01-24
2026-02-07,Premier League,Man United,Tottenham,H,0.4367037613734515,0.24776775012152405,0.31552848850502463,,,,2026-01-24
2026-02-07,Premier League,Bournemouth,Aston Villa,D,0.3413040377272552,0.2551782489125746,0.4035177133601702,,,,2026-01-24
2026-02-07,Premier League,Arsenal,Sunderland,H,0.5727892159761382,0.28431828309643314,0.1428925009274286,,,,2026-01-24
2026-02-07,Premier League,Burnley,West Ham,A,0.3589465246901621,0.2673248736814624,0.3737286016283755,,,,2026-01-24
2026-02-08,Premier League,Brighton,Crystal Palace,A,0.4512957296409631,0.27029429570039565,0.2784099746586412,,,,2026-01-24
2026-02-08,Premier League,Liverpool,Man City,A,0.3453539595752583,0.25553768604719973,0.39910835437754194,,,,2026-01-24
2026-02-10,Premier League,Tottenham,Newcastle,A,0.3696015627508178,0.24432510843747463,0.3860733288117076,,,,2026-01-24
2026-02-10,Premier League,Chelsea,Leeds,D,0.6142304058682735,0.21247406319328307,0.1732955309384436,,,,2026-01-24
2026-02-10,Premier League,Everton,Bournemouth,A,0.39355078147090683,0.2911442954014611,0.31530492312763203,,,,2026-01-24
2026-02-10,Premier League,West Ham,Man United,D,0.3074298851856018,0.2571854773222331,0.4353846374921649,,,,2026-01-24
2026-02-11,Premier League,Sunderland,Liverpool,A,0.27814949936572925,0.3051685112545121,0.41668198937975853,,,,2026-01-24
2026-02-11,Premier League,Nott'm Forest,Wolves,D,0.49936926302651014,0.26859282338703827,0.23203791358645148,,,,2026-01-24
2026-02-11,Premier League,Aston Villa,Brighton,H,0.47362998321809674,0.25131798554827217,0.27505203123363103,,,,2026-01-24
2026-02-11,Premier League,Crystal Palace,Burnley,A,0.5613485165016389,0.25367099216659744,0.1849804913317637,,,,2026-01-24
2026-02-11,Premier League,Man City,Fulham,H,0.6895327804845465,0.18975732085721764,0.12070989865823607,,,,2026-01-24
2026-02-12,Premier League,Brentford,Arsenal,D,0.21786112362451565,0.2522007401330318,0.5299381362424526,,,,2026-01-24
2026-02-18,Premier League,Wolves,Arsenal,D,0.1124423320170833,0.2113658682902684,0.6761917996926482,,,,2026-01-24
2026-02-21,Premier League,Aston Villa,Leeds,D,0.5759519394160282,0.2224939568775546,0.20155410370641727,,,,2026-01-24
2026-02-21,Premier League,Brentford,Brighton,A,0.4514500860737773,0.24574321456184955,0.30280669936437316,,,,2026-01-24
2026-02-21,Premier League,Chelsea,Burnley,D,0.6918214057068494,0.19302348926439214,0.11515510502875861,,,,2026-01-24
2026-02-21,Premier League,West Ham,Bournemouth,D,0.3497091532228905,0.2507553849201477,0.3995354618569619,,,,2026-01-24
2026-02-21,Premier League,Man City,Newcastle,H,0.6114868573539319,0.21408712918393047,0.17442601346213749,,,,2026-01-24
2026-02-22,Premier League,Crystal Palace,Wolves,H,0.5286770994243318,0.26738414435528046,0.20393875622038776,,,,2026-01-24
2026-02-22,Premier League,Nott'm Forest,Liverpool,A,0.225117588069552,0.24560136555672535,0.5292810463737225,,,,2026-01-24
2026-02-22,Premier League,Sunderland,Fulham,A,0.4169808761003167,0.3163913715870121,0.2666277523126713,,,,2026-01-24
2026-02-22,Premier League,Tottenham,Arsenal,A,0.20219658065728804,0.2406084214977644,0.5571949978449475,,,,2026-01-24
2026-02-23,Premier League,Everton,Man United,A,0.3349270041468519,0.3029463523544256,0.3621266434987224,,,,2026-02-23
2026-02-27,Premier League,Wolves,Aston Villa,H,0.21641046786632906,0.26759254160763496,0.5159969905260361,,,,2026-02-23
2026-02-28,Premier League,Leeds,Man City,A,0.1480754725497673,0.19570700916723877,0.6562175182829938,,,,2026-02-23
2026-02-28,Premier League,Newcastle,Everton,A,0.4944852702720262,0.2763617852941479,0.22915294443382575,,,,2026-02-23
2026-02-28,Premier League,Bournemouth,Sunderland,D,0.4220328699950176,0.2943278230373915,0.283639306967591,,,,2026-02-23
2026-02-28,Premier League,Burnley,Brentford,A,0.2307663732755634,0.24442943908528994,0.5248041876391468,,,,2026-02-23
2026-02-28,Premier League,Liverpool,West Ham,H,0.6996213558145296,0.17969482657671315,0.12068381760875736,,,,2026-02-23
2026-03-01,Premier League,Brighton,Nott'm Forest,H,0.48083365783874965,0.26847893465664946,0.25068740750460083,,,,2026-02-23
2026-03-01,Premier League,Fulham,Tottenham,H,0.4164530571128596,0.24818236197878069,0.3353645809083597,,,,2026-02-23
2026-03-01,Premier League,Man United,Crystal Palace,H,0.45604855561972457,0.27493376457884,0.26901767980143565,,,,2026-02-23
2026-03-01,Premier League,Arsenal,Chelsea,H,0.5698576705770897,0.24410280766863196,0.18603952175427832,,,,2026-02-23
2026-03-03,Premier League,Bournemouth,Brentford,D,0.3851979649656851,0.2528645420203021,0.3619374930140127,,,,2026-02-23
2026-03-03,Premier League,Everton,Burnley,H,0.5139858713815262,0.2823126196661338,0.20370150895234007,,,,2026-02-23
2026-03-03,Premier League,Leeds,Sunderland,A,0.3804464239863093,0.29143631155484756,0.32811726445884315,,,,2026-02-23
2026-03-03,Premier League,Wolves,Liverpool,H,0.1491694227763508,0.21722933061870683,0.6336012466049423,,,,2026-02-23
2026-03-04,Premier League,Newcastle,Man United,H,0.46036229690016306,0.2496198627250124,0.2900178403748247,,,,2026-02-23
2026-03-04,Premier League,Man City,Nott'm Forest,D,0.7094411239465064,0.1887610720357925,0.10179780401770118,,,,2026-02-23
2026-03-04,Premier League,Fulham,West Ham,A,0.5051853867782764,0.24680087517062374,0.24801373805109997,,,,2026-02-23
2026-03-04,Premier League,Brighton,Arsenal,A,0.199576042215391,0.24948962480302767,0.5509343329815813,,,,2026-02-23
2026-03-04,Premier League,Aston Villa,Chelsea,A,0.3800522372666694,0.27434160828168,0.3456061544516503,,,,2026-02-23
2026-03-05,Premier League,Tottenham,Crystal Palace,A,0.4380734506325011,0.26411407478292864,0.2978124745845704,,,,2026-02-23
2026-03-14,Premier League,Burnley,Bournemouth,D,0.26437914634866644,0.25170013795177126,0.4839207156995626,,,,2026-02-23
2026-03-14,Premier League,Sunderland,Brighton,A,0.343027538053149,0.30700043438817165,0.3499720275586793,,,,2026-02-23
2026-03-14,Premier League,Arsenal,Everton,H,0.6502627351349566,0.23582500989204255,0.11391225497300082,,,,2026-02-23
2026-03-14,Premier League,Chelsea,Newcastle,A,0.4661612972013313,0.24993224338017034,0.2839064594184983,,,,2026-02-23
2026-03-14,Premier League,West Ham,Man City,D,0.1310972051197606,0.1948822812071403,0.6740205136730989,,,,2026-02-23
2026-03-15,Premier League,Crystal Palace,Leeds,D,0.4552710823268827,0.263216262971795,0.2815126547013224,,,,2026-02-23
2026-03-15,Premier League,Man United,Aston Villa,H,0.37594046818248017,0.2731292268686557,0.3509303049488641,,,,2026-02-23
2026-03-15,Premier League,Nott'm Forest,Fulham,D,0.36741914730347636,0.28107528033720786,0.351505572359316,,,,2026-02-23
2026-03-15,Premier League,Liverpool,Tottenham,D,0.621128348224279,0.20196477541147545,0.17690687636424568,,,,2026-02-23
2026-03-16,Premier League,Brentford,Wolves,D,0.5975133075740836,0.23144323955902923,0.17104345286688707,,,,2026-02-23
2026-03-20,Premier League,Bournemouth,Man United,D,0.38376716959033425,0.25726580078560884,0.35896702962405685,,,,2026-02-23
2026-03-21,Premier League,Brighton,Liverpool,H,0.27661163866069016,0.24966423873249585,0.4737241226068142,,,,2026-02-23
2026-03-21,Premier League,Fulham,Burnley,H,0.581990476054096,0.23202792503458872,0.18598159891131497,,,,2026-02-23
2026-03-21,Premier League,Everton,Chelsea,H,0.27564857074876464,0.29846636344944305,0.42588506580179236,,,,2026-02-23
2026-03-21,Premier League,Leeds,Brentford,D,0.33659748351719826,0.24515771354888743,0.41824480293391414,,,,2026-02-23
2026-03-22,Premier League,Newcastle,Sunderland,A,0.4914042601250283,0.27960695132537566,0.2289887885495961,,,,2026-02-23
2026-03-22,Premier League,Aston Villa,West Ham,H,0.5791983115809105,0.2344594771646583,0.18634221125443098,,,,2026-02-23
2026-03-22,Premier League,Tottenham,Nott'm Forest,A,0.47601301623917286,0.25605772814103495,0.2679292556197922,,,,2026-02-23
2026-04-10,Premier League,West Ham,Wolves,H,0.4497694391614734,0.27048043384910514,0.27975012698942153,,,,2026-04-10
2026-04-11,Premier League,Arsenal,Bournemouth,A,0.6898519286828717,0.19674376705407556,0.11340430426305281,,,,2026-04-10
2026-04-11,Premier League,Brentford,Everton,D,0.44132679131683866,0.28921305676860737,0.2694601519145539,,,,2026-04-10
2026-04-11,Premier League,Burnley,Brighton,A,0.22453540293511787,0.2486257809600193,0.5268388161048628,,,,2026-04-10
2026-04-11,Premier League,Liverpool,Fulham,H,0.602477725958506,0.21815476634665798,0.17936750769483628,,,,2026-04-10
2026-04-12,Premier League,Chelsea,Man City,A,0.27023173626628866,0.2578237614810017,0.47194450225270956,,,,2026-04-10
2026-04-12,Premier League,Sunderland,Tottenham,H,0.39552724402488865,0.2954940939089999,0.30897866206611163,,,,2026-04-10
2026-04-12,Premier League,Nott'm Forest,Aston Villa,D,0.328230943285964,0.28810831315751123,0.38366074355652474,,,,2026-04-10
2026-04-12,Premier League,Crystal Palace,Newcastle,H,0.3400408453469987,0.27554971183085414,0.384409442822147,,,,2026-04-10
2026-04-13,Premier League,Man United,Leeds,A,0.5345102842552574,0.24262674298025722,0.2228629727644855,,,,2026-04-10
2026-04-18,Premier League,Brentford,Fulham,D,0.46214884682416546,0.25565740366906037,0.2821937495067742,,,,2026-04-10
2026-04-18,Premier League,Leeds,Wolves,H,0.4670833808967417,0.27084525926987035,0.26207135983338803,,,,2026-04-10
2026-04-18,Premier League,Newcastle,Bournemouth,A,0.504802169076939,0.2402785296878685,0.25491930123519263,,,,2026-04-10
2026-04-18,Premier League,Tottenham,Brighton,D,0.37983032586119864,0.2530729706787525,0.36709670346004886,,,,2026-04-10
2026-04-18,Premier League,Chelsea,Man United,A,0.4780979394945332,0.2528169543700529,0.269085106135414,,,,2026-04-10
2026-04-19,Premier League,Aston Villa,Sunderland,H,0.4384312280689427,0.31081659355831603,0.25075217837274116,,,,2026-04-10
2026-04-19,Premier League,Everton,Liverpool,A,0.2506463572886292,0.27982645371961357,0.4695271889917571,,,,2026-04-10
2026-04-19,Premier League,Nott'm Forest,Burnley,H,0.549382895856888,0.2535611025609268,0.19705600158218514,,,,2026-04-10
2026-04-19,Premier League,Man City,Arsenal,H,0.38346318246340416,0.28523130268418523,0.3313055148524105,,,,2026-04-10
2026-04-20,Premier League,Crystal Palace,West Ham,D,0.4811598479422045,0.2699558768238997,0.24888427523389575,,,,2026-04-10
2026-04-21,Premier League,Brighton,Chelsea,H,0.3523918662287917,0.26675510226329324,0.3808530315079151,,,,2026-04-10
2026-04-22,Premier League,Burnley,Man City,A,0.09057084746712767,0.16661618446729423,0.742812968065578,,,,2026-04-10
2026-04-22,Premier League,Bournemouth,Leeds,D,0.4798082895317684,0.2540066507683557,0.26618505969987577,,,,2026-04-10
2026-04-24,Premier League,Sunderland,Nott'm Forest,A,0.38946588518889014,0.3296606308118327,0.28087348399927703,,,,2026-04-10
2026-04-25,Premier League,Fulham,Aston Villa,H,0.3577883408582929,0.27437513915275086,0.36783651998895617,,,,2026-04-10
2026-04-25,Premier League,Liverpool,Crystal Palace,H,0.5859696210287152,0.23535738005219306,0.17867299891909172,,,,2026-04-10
2026-04-25,Premier League,West Ham,Everton,H,0.33130971603835474,0.2998302095961762,0.36886007436546897,,,,2026-04-10
2026-04-25,Premier League,Wolves,Tottenham,A,0.3083916263574499,0.2611286474060422,0.43047972623650804,,,,2026-04-10
2026-04-25,Premier League,Arsenal,Newcastle,H,0.6303494406414665,0.21793382278456502,0.15171673657396853,,,,2026-04-10
2026-04-27,Premier League,Man United,Brentford,H,0.43570617460282024,0.255021981362339,0.3092718440348406,,,,2026-04-10
2026-05-01,Premier League,Leeds,Burnley,H,0.5317165290195114,0.24661974333836312,0.22166372764212564,,,,2026-04-10
2026-05-02,Premier League,Brentford,West Ham,H,0.5512583608521684,0.23297840797476227,0.2157632311730695,,,,2026-04-10
2026-05-02,Premier League,Newcastle,Brighton,H,0.4562574445771534,0.2525411962594661,0.2912013591633807,,,,2026-04-10
2026-05-02,Premier League,Wolves,Sunderland,D,0.2889490645715704,0.327531232175283,0.38351970325314655,,,,2026-04-10
2026-05-02,Premier League,Arsenal,Fulham,H,0.6815735324172552,0.20326042131796682,0.11516604626477808,,,,2026-04-10
2026-05-03,Premier League,Aston Villa,Tottenham,A,0.49097094330432695,0.2453265874538499,0.263702469241823,,,,2026-04-10
2026-05-03,Premier League,Man United,Liverpool,H,0.30816987848750216,0.25037549205610005,0.4414546294563978,,,,2026-04-10
2026-05-03,Premier League,Bournemouth,Crystal Palace,H,0.40961513991210863,0.2806837042281862,0.30970115585970515,,,,2026-04-10
2026-05-04,Premier League,Chelsea,Nott'm Forest,A,0.5387818608839688,0.25415426332257585,0.20706387579345542,,,,2026-04-10
2026-05-04,Premier League,Everton,Man City,D,0.1845113633815625,0.2697088454073956,0.5457797912110419,,,,2026-04-10
2026-05-09,Premier League,Liverpool,Chelsea,D,0.49258192779797133,0.24363122727830078,0.2637868449237278,,,,2026-04-10
2026-05-09,Premier League,Brighton,Wolves,H,0.5653180697634592,0.24666630813401486,0.18801562210252615,,,,2026-04-10
2026-05-09,Premier League,Fulham,Bournemouth,A,0.4200428497446529,0.26328397512613233,0.316673175129215,,,,2026-04-10
2026-05-09,Premier League,Sunderland,Man United,D,0.3378343885864058,0.3119374357429612,0.35022817567063297,,,,2026-04-10
2026-05-09,Premier League,Man City,Brentford,H,0.6518991697564306,0.2032841590457496,0.14481667119781982,,,,2026-04-10
2026-05-10,Premier League,Nott'm Forest,Newcastle,D,0.3722988526389736,0.2653020073229122,0.3623991400381142,,,,2026-05-10
2026-05-10,Premier League,Burnley,Aston Villa,D,0.20534919537387009,0.24325247514250287,0.5513983294836271,,,,2026-05-10
2026-05-10,Premier League,Crystal Palace,Everton,D,0.3803993670118278,0.31424600232556854,0.3053546306626039,,,,2026-05-10
2026-05-10,Premier League,West Ham,Arsenal,A,0.13642720757502397,0.2146434793921019,0.6489293130328743,,,,2026-05-10
2026-05-11,Premier League,Tottenham,Leeds,D,0.458059726726596,0.24334051683542707,0.298599756437977,,,,2026-05-10
2026-05-13,Premier League,Man City,Crystal Palace,H,0.6862298639925317,0.20181940514672358,0.11195073086074486,,,,2026-05-10
2026-05-15,Premier League,Aston Villa,Liverpool,H,0.3077267036934314,0.25361454230626845,0.43865875400030013,,,,2026-05-10
2026-05-17,Premier League,Man United,Nott'm Forest,H,0.45733113784694635,0.26629511941581313,0.27637374273724047,,,,2026-05-10
2026-05-17,Premier League,Brentford,Crystal Palace,D,0.46452200542139793,0.27122683426418004,0.26425116031442203,,,,2026-05-10
2026-05-17,Premier League,Everton,Sunderland,A,0.41325341676703914,0.32703020088887286,0.25971638234408795,,,,2026-05-10
2026-05-17,Premier League,Leeds,Brighton,H,0.3460249068853862,0.26192820797428445,0.39204688514032926,,,,2026-05-10
2026-05-17,Premier League,Wolves,Fulham,D,0.27918990678997835,0.285428322958921,0.43538177025110064,,,,2026-05-10
2026-05-17,Premier League,Newcastle,West Ham,H,0.5787226968961032,0.22209817037969057,0.19917913272420615,,,,2026-05-10
2026-05-18,Premier League,Arsenal,Burnley,H,0.8322930704854523,0.12170913211560566,0.04599779739894217,,,,2026-05-10
2026-05-19,Premier League,Chelsea,Tottenham,H,0.5152080795915701,0.236102276140739,0.2486896442676908,,,,2026-05-10
2026-05-19,Premier League,Bournemouth,Man City,D,0.20002982030082653,0.23373105630285942,0.5662391233963141,,,,2026-05-10
2026-05-24,Premier League,Nott'm Forest,Bournemouth,D,0.4100806713154503,0.27013256338595915,0.31978676529859035,,,,2026-05-10
2026-05-24,Premier League,Man City,Aston Villa,A,0.6479478019885735,0.20903843610516323,0.14301376190626341,,,,2026-05-10
2026-05-24,Premier League,Sunderland,Chelsea,H,0.2901214869199288,0.29761396140241575,0.4122645516776554,,,,2026-05-10
2026-05-24,Premier League,Liverpool,Brentford,D,0.5771711975433002,0.21995151968690957,0.20287728276979028,,,,2026-05-10
2026-05-24,Premier League,Tottenham,Everton,H,0.41877348445424106,0.2766336531260213,0.3045928624197376,,,,2026-05-10
2026-05-24,Premier League,Crystal Palace,Arsenal,A,0.169998687381439,0.2607748854981844,0.5692264271203766,,,,2026-05-10
2026-05-24,Premier League,Burnley,Wolves,D,0.3714934336740558,0.2847452253593065,0.34376134096663785,,,,2026-05-10
2026-05-24,Premier League,Brighton,Man United,A,0.42073735776220145,0.2632580806070235,0.31600456163077495,,,,2026-05-10
2026-05-24,Premier League,Fulham,Newcastle,H,0.3460791427251237,0.2656850709521505,0.38823578632272576,,,,2026-05-10
2026-05-24,Premier League,West Ham,Leeds,H,0.37829679014151013,0.2590412849722522,0.3626619248862376,,,,2026-05-10
