Date,liga,HomeTeam,AwayTeam,FTR,prob_casa_modelo,prob_empate_modelo,prob_fora_modelo,prob_casa_odds,prob_empate_odds,prob_fora_odds,data_corte_modelo
2023-05-25,Premier League,Man United,Chelsea,H,0.4177278403737107,0.2707369897108912,0.31153516991539837,0.6287563579257206,0.22199825849313598,0.14924538358114348,2023-05-25
2023-05-28,Premier League,Arsenal,Wolves,H,0.6549786747461132,0.20469557529957177,0.14032574995431543,0.7491562840355752,0.15269427445311087,0.09814944151131386,2023-05-25
2023-05-28,Premier League,Aston Villa,Brighton,H,0.41318710217178894,0.2569035927886223,0.3299093050395887,0.5160315977672281,0.23836348987773676,0.2456049123550351,2023-05-25
2023-05-28,Premier League,Brentford,Man City,H,0.1659461657224623,0.2008661494145227,0.633187684863015,0.2870978538258796,0.27140944651299,0.44149269966113036,2023-05-25
2023-05-28,Premier League,Chelsea,Newcastle,D,0.4413253408855869,0.26877698086711577,0.2898976782472973,0.35268189534502786,0.25481728564195727,0.39250081901301487,2023-05-25
2023-05-28,Premier League,Crystal Palace,Nott'm Forest,D,0.5211702212886703,0.25216810635230735,0.2266616723590224,0.599385997865422,0.23174351230118942,0.16887048983338848,2023-05-25
2023-05-28,Premier League,Everton,Bournemouth,H,0.47890300952185955,0.25358911880859647,0.2675078716695437,0.5889078938119451,0.2280981278849083,0.1829939783031468,2023-05-25
2023-05-28,Premier League,Leeds,Tottenham,A,0.24625306046776502,0.19794106634570388,0.555805873186531,0.34717293371334007,0.24609726946768407,0.40672979681897575,2023-05-25
2023-05-28,Premier League,Leicester,West Ham,H,0.4439693017680969,0.23314030619906292,0.32289039203284026,0.4613563482876916,0.24275857727856093,0.2958850744337475,2023-05-25
2023-05-28,Premier League,Man United,Fulham,H,0.5347642931122613,0.23929459942594675,0.22594110746179186,0.6512952925166666,0.19065422118857234,0.15805048629476112,2023-05-25
2023-05-28,Premier League,Southampton,Liverpool,D,0.11213068816061449,0.16496201090051607,0.7229073009388693,0.1678965999761149,0.19892471906821005,0.6331786809556751,2023-05-25
2023-08-11,Premier League,Burnley,Man City,A,0.09188992475423005,0.16944729543490641,0.7386627798108635,0.10112400721856306,0.1674376849298755,0.7314383078515613,2023-08-11
2023-08-12,Premier League,Newcastle,Aston Villa,H,0.46812888164114935,0.255861394570879,0.2760097237879716,0.5822143957737178,0.23288575830948713,0.1848998459167951,2023-08-11
2023-08-12,Premier League,Everton,Fulham,A,0.34842231852372874,0.27198387218100417,0.3795938092952671,0.40914488867644094,0.29453502528213676,0.2963200860414224,2023-08-11
2023-08-12,Premier League,Sheffield United,Crystal Palace,A,0.25282449508142524,0.32070415195733076,0.4264713529612444,0.24569262577532736,0.30368218962292015,0.45062518460175255,2023-08-11
2023-08-12,Premier League,Bournemouth,West Ham,D,0.29323107541373866,0.24781686805261224,0.45895205653364884,0.3559331591511437,0.2718933854626792,0.3721734553861769,2023-08-11
2023-08-12,Premier League,Arsenal,Nott'm Forest,H,0.7556931789324212,0.14647635405517648,0.09783046701240228,0.8175779253960143,0.12161471640265711,0.06080735820132856,2023-08-11
2023-08-13,Premier League,Brentford,Tottenham,D,0.40931510962834783,0.23555847912512964,0.3551264112465225,0.3737161988930278,0.2765922149999246,0.3496915861070475,2023-08-11
2023-08-13,Premier League,Chelsea,Liverpool,D,0.29185717887005674,0.25125544157034196,0.4568873795596012,0.3044803944938787,0.25125502990368914,0.44426457560243215,2023-08-11
2023-08-14,Premier League,Man United,Wolves,H,0.6033943896298487,0.23352857114945091,0.16307703922070027,0.7661304332719503,0.15444216670720268,0.07942740002084708,2023-08-11
2023-08-18,Premier League,Nott'm Forest,Sheffield United,H,0.4741749489498497,0.29179327789157855,0.23403177315857188,0.5035900260685212,0.27833750728573536,0.2180724666457435,2023-08-11
2023-08-19,Premier League,Fulham,Brentford,A,0.3607892095434684,0.26330119315279227,0.3759095973037392,0.34072238532604304,0.30368734344277754,0.35559027123117953,2023-08-11
2023-08-19,Premier League,Liverpool,Bournemouth,H,0.8232399807528642,0.11452993104579784,0.062230088201337894,0.807909604519774,0.11751412429378531,0.07457627118644068,2023-08-11
2023-08-19,Premier League,Wolves,Brighton,A,0.2909288158115335,0.27497636970290623,0.4340948144855604,0.23684623117431683,0.23122042995877487,0.5319333388669083,2023-08-11
2023-08-19,Premier League,Tottenham,Man United,H,0.4535357269388021,0.22835293510820934,0.31811133795298846,0.31849437447886775,0.25265574409563923,0.42884988142549296,2023-08-11
2023-08-19,Premier League,Man City,Newcastle,H,0.7229987216771878,0.16648192606739665,0.11051935225541565,0.5222213577730406,0.25431092162385055,0.2234677206031089,2023-08-11
2023-08-20,Premier League,Aston Villa,Everton,H,0.5532047118405246,0.24433810975894163,0.20245717840053376,0.5278958080960257,0.24913450126980807,0.22296969063416613,2023-08-11
2023-08-20,Premier League,West Ham,Chelsea,H,0.3482383344702846,0.26683420978813266,0.3849274557415829,0.30101178906831855,0.268024195745763,0.43096401518591854,2023-08-11
2023-08-21,Premier League,Crystal Palace,Arsenal,A,0.2510198635617207,0.24078918310789102,0.5081909533303884,0.21671252485089462,0.2768763419483101,0.5064111332007952,2023-08-11
2023-08-26,Premier League,Bournemouth,Tottenham,A,0.20636117963198852,0.2035141341837112,0.5901246861843005,0.28150633468025354,0.25111233453482773,0.46738133078491867,2023-08-11
2023-08-26,Premier League,Arsenal,Fulham,D,0.6373535761323241,0.195555033396981,0.167091390470695,0.7518302704317944,0.1541909457642313,0.0939787838039743,2023-08-11
2023-08-26,Premier League,Brentford,Crystal Palace,D,0.5121889710768154,0.25782506709829484,0.2299859618248898,0.45292343510238636,0.2903010741309064,0.25677549076670725,2023-08-11
2023-08-26,Premier League,Everton,Wolves,A,0.4063516101050316,0.2957536393208194,0.29789475057414916,0.3991845700186556,0.2893497622916291,0.31146566768971534,2023-08-11
2023-08-26,Premier League,Man United,Nott'm Forest,H,0.6735322883456153,0.1894548580958322,0.13701285355855228,0.7029681674792085,0.18303699455119013,0.11399483796960136,2023-08-11
2023-08-26,Premier League,Brighton,West Ham,A,0.4978155715985975,0.23768052591419167,0.2645039024872109,0.648075412411626,0.19638648860958366,0.15553809897879026,2023-08-11
2023-08-27,Premier League,Burnley,Aston Villa,A,0.2854690055596341,0.2843808603755186,0.4301501340648473,0.30167303385588196,0.27150573047029375,0.42682123567382424,2023-08-11
2023-08-27,Premier League,Sheffield United,Man City,A,0.061794915095728764,0.15107725842261086,0.7871278264816605,0.060622610595303106,0.13107591480065534,0.8083014746040414,2023-08-11
2023-08-27,Premier League,Newcastle,Liverpool,A,0.2876503441456214,0.23937012281120992,0.4729795330431685,0.4366370271399941,0.24887199511287195,0.314490977747134,2023-08-11
2023-09-02,Premier League,Brighton,Newcastle,H,0.41332155866964665,0.25261179700059744,0.334066644329756,0.3701680718820283,0.25251775446215885,0.3773141736558127,2023-08-11
2023-09-02,Premier League,Man City,Fulham,H,0.7963506962038056,0.13143533959311077,0.07221396420308338,0.8130540342160238,0.12647507198915928,0.06047089379481677,2023-08-11
2023-09-02,Premier League,Chelsea,Nott'm Forest,A,0.6351004692641796,0.21340175112251936,0.15149777961330121,0.6904641911761108,0.1943222573968695,0.11521355142701968,2023-08-11
2023-09-02,Premier League,Burnley,Tottenham,A,0.24158975887325063,0.23911147686722692,0.5192987642595225,0.26332980256054817,0.25777138984159204,0.4788988075978597,2023-08-11
2023-09-02,Premier League,Sheffield United,Everton,D,0.2979826822903736,0.32051614578372345,0.3815011719259029,0.30472079004171654,0.2860098643374006,0.4092693456208829,2023-08-11
2023-09-02,Premier League,Brentford,Bournemouth,D,0.6494906039178451,0.20142157523040857,0.14908782085174632,0.5566406082642362,0.24292295871880634,0.20043643301695746,2023-08-11
2023-09-03,Premier League,Crystal Palace,Wolves,H,0.455263554805359,0.2940263980527714,0.25071004714186945,0.5141869337148307,0.2706247019551741,0.21518836432999522,2023-08-11
2023-09-03,Premier League,Liverpool,Aston Villa,H,0.6448826558674703,0.19757011963343205,0.1575472244990977,0.5945287952140272,0.21005835376941004,0.19541285101656275,2023-08-11
2023-09-03,Premier League,Arsenal,Man United,H,0.5203778298177458,0.22371399240946008,0.25590817777279395,0.5521720289057285,0.23138637401763856,0.21644159707663296,2023-08-11
2023-09-16,Premier League,Wolves,Liverpool,A,0.15125924863888007,0.20986446565150707,0.6388762857096131,0.21252772730819391,0.218245962123661,0.5692263105681451,2023-09-16
2023-09-16,Premier League,Aston Villa,Crystal Palace,H,0.48379631645676757,0.25867950508852217,0.2575241784547102,0.493515764425937,0.2669839381320642,0.2395002974419988,2023-09-16
2023-09-16,Premier League,Fulham,Luton,H,0.8140953578744148,0.11915567425870474,0.06674896786688052,0.5747312767862346,0.25426593135307235,0.17100279186069303,2023-09-16
2023-09-16,Premier League,Man United,Brighton,A,0.47652465138126665,0.2352713648614976,0.2882039837572358,0.47232829338081667,0.2506973249482796,0.27697438167090377,2023-09-16
2023-09-16,Premier League,Tottenham,Sheffield United,H,0.7374892318142905,0.16314790878748914,0.09936285939822045,0.7438704741838795,0.15325382193962656,0.10287570387649399,2023-09-16
2023-09-16,Premier League,West Ham,Man City,A,0.14273211545573816,0.182656191626805,0.6746116929174568,0.17715286606495184,0.22617889178990364,0.5966682421451446,2023-09-16
2023-09-16,Premier League,Newcastle,Brentford,H,0.45069067501535914,0.24959716749754174,0.29971215748709923,0.5869266001539695,0.23364464178791108,0.17942875805811956,2023-09-16
2023-09-17,Premier League,Everton,Arsenal,A,0.18643607641478271,0.2108328116255647,0.6027311119596527,0.1621025677501956,0.2261896294188776,0.6117078028309269,2023-09-16
2023-09-17,Premier League,Bournemouth,Chelsea,D,0.23616567720420717,0.2511595064322315,0.5126748163635614,0.22397501626224295,0.2448492621103613,0.5311757216273958,2023-09-16
2023-09-18,Premier League,Nott'm Forest,Burnley,D,0.47198831780860157,0.2563622052289054,0.2716494769624929,0.456697661134207,0.2784424486687188,0.264859890197074,2023-09-16
2023-09-23,Premier League,Crystal Palace,Fulham,D,0.4237300152343097,0.268965180694953,0.3073048040707375,0.4654548095579003,0.2883348377792303,0.2462103526628692,2023-09-16
2023-09-23,Premier League,Luton,Wolves,D,0.17421805484920297,0.2238071074163557,0.6019748377344415,0.29833537157752626,0.2956314256115668,0.40603320281090705,2023-09-16
2023-09-23,Premier League,Man City,Nott'm Forest,H,0.8684000301749022,0.08903703598872563,0.04256293383637251,0.8314991440449987,0.11445341159207628,0.05404744436292491,2023-09-16
2023-09-23,Premier League,Brentford,Everton,A,0.6077193197187173,0.2211595996628622,0.17112108061842068,0.5011049991127745,0.27681437628042777,0.22208062460679773,2023-09-16
2023-09-23,Premier League,Burnley,Man United,A,0.22313318918337835,0.24406823113098655,0.5327985796856349,0.22519196692262256,0.2432073242764324,0.5316007088009451,2023-09-16
2023-09-24,Premier League,Arsenal,Tottenham,D,0.524414791726089,0.2046619234172705,0.2709232848566406,0.5886679664846397,0.22125333592247282,0.19007869759288756,2023-09-16
2023-09-24,Premier League,Brighton,Bournemouth,H,0.6571516894115252,0.18975364816536164,0.15309466242311331,0.6396061545978441,0.1956139547261012,0.16477989067605472,2023-09-16
2023-09-24,Premier League,Chelsea,Aston Villa,A,0.45958533856821715,0.26039227057685443,0.28002239085492836,0.512332155814094,0.24899603501397444,0.23867180917193162,2023-09-16
2023-09-24,Premier League,Liverpool,West Ham,H,0.6885383196407343,0.17496978947308423,0.13649189088618166,0.6997370304493633,0.17245292062493173,0.127810048925705,2023-09-16
2023-09-24,Premier League,Sheffield United,Newcastle,A,0.19276836883870427,0.2540283363594892,0.5532032948018065,0.16047152173558743,0.22115095820052483,0.6183775200638878,2023-09-16
2023-09-30,Premier League,West Ham,Sheffield United,H,0.6114706124928524,0.23030913089884109,0.15822025660830655,0.6577192266649927,0.20322013684012302,0.13906063649488418,2023-09-16
2023-09-30,Premier League,Wolves,Man City,H,0.0933438927363794,0.16795296899235776,0.7387031382712629,0.11295345549172588,0.18738521228974175,0.6996613322185323,2023-09-16
2023-09-30,Premier League,Newcastle,Burnley,H,0.6459884866928043,0.20828316673043687,0.14572834657675873,0.7016850916329409,0.184794928712492,0.11351997965456721,2023-09-16
2023-09-30,Premier League,Tottenham,Liverpool,H,0.32183491317110785,0.21777813962356124,0.46038694720533097,0.3305663677483638,0.24400908941026359,0.4254245428413726,2023-09-16
2023-09-30,Premier League,Everton,Luton,A,0.7227575665477537,0.16846439534070323,0.10877803811154306,0.5820996749222386,0.24735533260054407,0.17054499247721722,2023-09-16
2023-09-30,Premier League,Aston Villa,Brighton,H,0.4191313535826522,0.24241945456985184,0.33844919184749583,0.3931658068452875,0.2596771509402563,0.3471570422144561,2023-09-16
2023-09-30,Premier League,Man United,Crystal Palace,A,0.537629578578868,0.2450783887567215,0.21729203266441027,0.6147578517039365,0.22226942922018758,0.1629727190758758,2023-09-16
2023-09-30,Premier League,Bournemouth,Arsenal,A,0.16386451285246,0.18938789676323553,0.6467475903843043,0.16073641114044068,0.21083607175564298,0.6284275171039164,2023-09-16
2023-10-01,Premier League,Nott'm Forest,Brentford,D,0.2786982606479544,0.2428513797315878,0.4784503596204579,0.3734858758141223,0.2992455641079512,0.3272685600779266,2023-09-16
2023-10-02,Premier League,Fulham,Chelsea,A,0.33346645700013544,0.26824324805240257,0.3982902949474622,0.2782274571767157,0.2806190972097533,0.44115344561353115,2023-09-16
2023-10-03,Premier League,Luton,Burnley,A,0.20237844028056293,0.22739744888544572,0.5702241108339915,0.331916785138123,0.30408525346505055,0.3639979613968264,2023-09-16
2023-10-07,Premier League,Luton,Tottenham,A,0.0511274966302834,0.08784133133728615,0.8610311720324306,0.14265246668895362,0.18835665504560864,0.6689908782654377,2023-09-16
2023-10-07,Premier League,Burnley,Chelsea,A,0.23566918482933288,0.26786374039230043,0.496467074778367,0.1867565564222936,0.23860788535526456,0.5746355582224419,2023-09-16
2023-10-07,Premier League,Everton,Bournemouth,H,0.45470063227782387,0.2599006537855351,0.28539871393664074,0.507021101812394,0.25887585357087844,0.23410304461672737,2023-09-16
2023-10-07,Premier League,Fulham,Sheffield United,H,0.568366059591589,0.24912978846509343,0.18250415194331743,0.6391050583657588,0.2130350194552529,0.1478599221789883,2023-09-16
2023-10-07,Premier League,Man United,Brentford,H,0.45975788015294644,0.24651645579568782,0.2937256640513655,0.5960408635802705,0.22437565996208797,0.17958347645764158,2023-09-16
2023-10-07,Premier League,Crystal Palace,Nott'm Forest,D,0.4959394328300935,0.2542605412502017,0.249800025919705,0.41791044776119407,0.31343283582089554,0.26865671641791045,2023-09-16
2023-10-08,Premier League,Arsenal,Man City,H,0.2551573618745615,0.21761654597560323,0.5272260921498352,0.32713620120323883,0.2895010630117158,0.38336273578504554,2023-09-16
2023-10-08,Premier League,Wolves,Aston Villa,D,0.2973918999693036,0.2736521984387825,0.428955901591914,0.2642509942554131,0.26568714096332297,0.4700618647812637,2023-09-16
2023-10-08,Premier League,Brighton,Liverpool,D,0.2654563757414552,0.2225542476051982,0.5119893766533468,0.30026207668473,0.23361679474754646,0.46612112856772364,2023-09-16
2023-10-08,Premier League,West Ham,Newcastle,D,0.3684360344235882,0.250170012451859,0.3813939531245529,0.27348796803057945,0.26248979237251324,0.4640222395969073,2023-09-16
2023-10-21,Premier League,Liverpool,Everton,H,0.7695277092975195,0.14424507353271335,0.0862272171697671,0.6926480599046971,0.17631041524846836,0.13104152484683457,2023-10-21
2023-10-21,Premier League,Bournemouth,Wolves,A,0.33544518497492304,0.2801100629130049,0.38444475211207196,0.42311687354967037,0.2824855427455892,0.29439758370474056,2023-10-21
2023-10-21,Premier League,Brentford,Burnley,H,0.6236687195530523,0.21638405333228788,0.15994722711465978,0.5592839272432213,0.24952667523159108,0.19118939752518765,2023-10-21
2023-10-21,Premier League,Man City,Brighton,H,0.7549892415495887,0.14373870399841585,0.10127205445199522,0.7068504495597493,0.1689484378561088,0.124201112584142,2023-10-21
2023-10-21,Premier League,Newcastle,Crystal Palace,H,0.5566864912083508,0.2432326231501549,0.2000808856414944,0.6568879203273468,0.21652430335957085,0.12658777631308246,2023-10-21
2023-10-21,Premier League,Nott'm Forest,Luton,D,0.594217243429152,0.2328167571789603,0.17296599939188764,0.5528764413119417,0.2665924758106896,0.18053108287736871,2023-10-21
2023-10-21,Premier League,Chelsea,Arsenal,D,0.3384350941306158,0.2541686261080678,0.40739627976131665,0.29205149785548107,0.2844106156441459,0.423537886500373,2023-10-21
2023-10-21,Premier League,Sheffield United,Man United,A,0.13406093459233626,0.20092582347358193,0.6650132419340821,0.12430032812198417,0.17313259988419222,0.7025670719938236,2023-10-21
2023-10-22,Premier League,Aston Villa,West Ham,H,0.4975629781246834,0.23217140140394846,0.2702656204713682,0.5436121668473664,0.2420561638449716,0.21433166930766206,2023-10-21
2023-10-23,Premier League,Tottenham,Fulham,H,0.6131428714005158,0.19858124041615857,0.18827588818332577,0.6369448064527491,0.2051178190271565,0.15793737452009438,2023-10-21
2023-10-27,Premier League,Crystal Palace,Tottenham,A,0.29172565584980586,0.24675504023962,0.461519303910574,0.21186453560668017,0.25203625274768704,0.5360992116456327,2023-10-21
2023-10-28,Premier League,Wolves,Newcastle,D,0.24369371371705892,0.2575999657308221,0.4987063205521189,0.23665649738574268,0.25937552113477397,0.5039679814794832,2023-10-21
2023-10-28,Premier League,Bournemouth,Burnley,H,0.4015797691951337,0.2703574679542657,0.32806276285060054,0.4565377748794646,0.26641793438171496,0.2770442907388204,2023-10-21
2023-10-28,Premier League,Arsenal,Sheffield United,H,0.8622348454125606,0.095092608851477,0.04267254573596244,0.8526916419122519,0.1014254268800889,0.04588293120765927,2023-10-21
2023-10-28,Premier League,Chelsea,Brentford,A,0.46106174568916863,0.2619906467887004,0.27694760752213105,0.5875267145910239,0.23936273557412088,0.17311054983485527,2023-10-21
2023-10-29,Premier League,West Ham,Everton,A,0.5464478474168226,0.2334177029763273,0.2201344496068501,0.46800095039762957,0.26309242616947826,0.2689066234328922,2023-10-21
2023-10-29,Premier League,Aston Villa,Luton,H,0.7637835818955108,0.15241684482723777,0.08379957327725118,0.7216126728559371,0.16529247549178733,0.11309485165227552,2023-10-21
2023-10-29,Premier League,Brighton,Fulham,D,0.5420135245897393,0.22196051379737183,0.23602596161288875,0.5918390602177493,0.22467964323081221,0.18348129655143836,2023-10-21
2023-10-29,Premier League,Liverpool,Nott'm Forest,H,0.7773168947882855,0.13902030453072528,0.08366280068098923,0.7887131723124028,0.13163202055008635,0.07965480713751087,2023-10-21
2023-10-29,Premier League,Man United,Man City,A,0.19412751919913132,0.21296092059253208,0.5929115602083366,0.1729928284065069,0.2252929858317299,0.601714185761763,2023-10-21
2023-11-04,Premier League,Fulham,Man United,A,0.3213673321150354,0.2546878649912476,0.42394480289371694,0.32080891215132934,0.27076629632828075,0.40842479152038985,2023-10-21
2023-11-04,Premier League,Brentford,West Ham,H,0.4709122156306117,0.24048643533686528,0.2886013490325231,0.4505766151134422,0.2623303203894974,0.28709306449706057,2023-10-21
2023-11-04,Premier League,Burnley,Crystal Palace,A,0.29737515131017084,0.2908779598969433,0.4117468887928859,0.2756471021200192,0.30312594096064416,0.4212269569193367,2023-10-21
2023-11-04,Premier League,Everton,Brighton,D,0.2836956489854198,0.23940770132896083,0.47689664968561946,0.34031150561045054,0.27650309830849107,0.38318539608105845,2023-10-21
2023-11-04,Premier League,Man City,Bournemouth,H,0.8974955744323531,0.07256817434211013,0.029936251225536666,0.8825905480005386,0.08365423454961628,0.03375521744984516,2023-10-21
2023-11-04,Premier League,Sheffield United,Wolves,H,0.24221506512545965,0.28177604607829904,0.47600888879624126,0.2230590355215614,0.25806032035074256,0.5188806441276962,2023-10-21
2023-11-04,Premier League,Newcastle,Arsenal,H,0.37123120730733555,0.23769877487928603,0.3910700178133784,0.34251853808415844,0.30116181057554486,0.35631965134029664,2023-10-21
2023-11-05,Premier League,Luton,Liverpool,D,0.06264456085085376,0.12188534901210626,0.81547009013704,0.06461379887908264,0.11402435096308701,0.8213618501578303,2023-10-21
2023-11-05,Premier League,Nott'm Forest,Aston Villa,H,0.27243183756676753,0.24616539328845882,0.48140276914477365,0.24710390038015984,0.25488670039213335,0.4980093992277068,2023-10-21
2023-11-06,Premier League,Tottenham,Chelsea,A,0.4716979263281555,0.23888401356166228,0.2894180601101821,0.4099511428090077,0.26618745437187624,0.32386140281911613,2023-10-21
2023-11-11,Premier League,Wolves,Tottenham,H,0.24083917074503988,0.23425765493066528,0.5249031743242948,0.3105957337750853,0.26855376981105444,0.4208504964138602,2023-10-21
2023-11-11,Premier League,Arsenal,Burnley,H,0.7688053526293306,0.14556495487048549,0.08562969250018394,0.8126061460569746,0.129105649373538,0.05828820456948763,2023-10-21
2023-11-11,Premier League,Crystal Palace,Everton,A,0.47128523896429597,0.2776047929247026,0.2511099681110015,0.35917859365276916,0.31197884256378344,0.3288425637834474,2023-10-21
2023-11-11,Premier League,Man United,Luton,H,0.7685013192553285,0.15135522337691942,0.08014345736775205,0.7472007974219272,0.15698518382317367,0.09581401875489921,2023-10-21
2023-11-11,Premier League,Bournemouth,Newcastle,H,0.17918156203628555,0.2124839405605812,0.6083344974031333,0.24894636723555,0.2582156468666609,0.4928379858977892,2023-10-21
2023-11-12,Premier League,Aston Villa,Fulham,H,0.5382129641731481,0.2322635931234596,0.2295234427033924,0.5909015475252043,0.22963946396714102,0.17945898850765463,2023-10-21
2023-11-12,Premier League,Brighton,Sheffield United,D,0.7765156637669979,0.14160446818094574,0.08187986805205626,0.759101713795405,0.15474465112683217,0.08615363507776269,2023-10-21
2023-11-12,Premier League,Liverpool,Brentford,H,0.6472502423706544,0.1910879798055522,0.16166177782379323,0.6938425071716207,0.17629392196738095,0.1298635708609985,2023-10-21
2023-11-12,Premier League,West Ham,Nott'm Forest,H,0.5535871327643059,0.22868418019223954,0.21772868704345438,0.5359948181328857,0.25264339083867793,0.2113617910284364,2023-10-21
2023-11-12,Premier League,Chelsea,Man City,D,0.2012835529955459,0.23298417176544758,0.5657322752390065,0.2029520295202952,0.24354243542435422,0.5535055350553506,2023-10-21
2023-11-25,Premier League,Nott'm Forest,Brighton,A,0.2989897701553386,0.23713285695488914,0.46387737288977204,0.2632176298117847,0.26756833443677286,0.4692140357514423,2023-11-25
2023-11-25,Premier League,Sheffield United,Bournemouth,A,0.3342161021186496,0.26072374875852616,0.40506014912282406,0.27227348358795944,0.2777189532597186,0.4500075631523218,2023-11-25
2023-11-25,Premier League,Brentford,Arsenal,A,0.3190935981631671,0.23505203977210554,0.44585436206472734,0.1681449330062276,0.2408001509718815,0.591054916021891,2023-11-25
2023-11-25,Premier League,Luton,Crystal Palace,H,0.2747066463839739,0.27770618198169517,0.4475871716343309,0.23617016933931134,0.2845090928882932,0.4793207377723955,2023-11-25
2023-11-25,Premier League,Burnley,West Ham,A,0.26134086534047907,0.24447241183447146,0.4941867228250495,0.2797112525918151,0.28378867609898445,0.4365000713092004,2023-11-25
2023-11-25,Premier League,Newcastle,Chelsea,H,0.458275409631178,0.2514488872967771,0.290275703072045,0.37391237978934505,0.2738513204090978,0.352236299801557,2023-11-25
2023-11-25,Premier League,Man City,Liverpool,D,0.556058167833491,0.21222385130656288,0.23171798085994572,0.5703273696231443,0.2193566806242863,0.21031594975256945,2023-11-25
2023-11-26,Premier League,Tottenham,Aston Villa,A,0.4995876634142164,0.2153135609595141,0.28509877562626934,0.3601992302467738,0.2628480869368349,0.37695268281639116,2023-11-25
2023-11-26,Premier League,Everton,Man United,A,0.28531306518172406,0.26037187238697534,0.4543150624313004,0.3634570076809623,0.2823376175608635,0.3542053747581742,2023-11-25
2023-11-27,Premier League,Fulham,Wolves,H,0.44762450315695085,0.2744906763524093,0.27788482049063973,0.4003011670222111,0.2947672229890827,0.3049316099887063,2023-11-25
2023-12-02,Premier League,Arsenal,Wolves,H,0.7004114984975554,0.1788162311449949,0.12077227035744958,0.777511961722488,0.14832535885167464,0.07416267942583732,2023-11-25
2023-12-02,Premier League,Brentford,Luton,H,0.6944027005045937,0.18472110095550343,0.12087619853990272,0.6293230136181053,0.21877143137062804,0.15190555501126682,2023-11-25
2023-12-02,Premier League,Burnley,Sheffield United,H,0.4970236853924259,0.26270968897025837,0.24026662563731566,0.5580503416220061,0.25485763633130987,0.1870920220466841,2023-11-25
2023-12-02,Premier League,Nott'm Forest,Everton,A,0.4190077447295926,0.2648481811176781,0.31614407415272916,0.3384242875768299,0.3084373253864779,0.35313838703669215,2023-11-25
2023-12-02,Premier League,Newcastle,Man United,H,0.48204929576259486,0.2434817444011929,0.2744689598362122,0.4861909577753494,0.2572438930028304,0.2565651492218202,2023-11-25
2023-12-03,Premier League,West Ham,Crystal Palace,D,0.47671015555422114,0.2515559838113748,0.271733860634404,0.5006762879016691,0.27131620070649104,0.2280075113918399,2023-11-25
2023-12-03,Premier League,Man City,Tottenham,D,0.7265913125787501,0.14968428002562204,0.12372440739562796,0.7835389683563425,0.12680959619451332,0.0896514354491443,2023-11-25
2023-12-03,Premier League,Liverpool,Fulham,H,0.7330047764818842,0.16235127885366074,0.10464394466445519,0.7819434033776648,0.13661795257876816,0.08143864404356713,2023-11-25
2023-12-03,Premier League,Chelsea,Brighton,H,0.48343102000128574,0.23810235196471827,0.27846662803399586,0.6058918182943434,0.21784874365639312,0.17625943804926353,2023-11-25
2023-12-03,Premier League,Bournemouth,Aston Villa,D,0.22001378579792522,0.2192225568671161,0.5607636573349586,0.31166462852116456,0.24432001029799832,0.44401536118083723,2023-11-25
2023-12-05,Premier League,Wolves,Burnley,H,0.5137209536353864,0.2656322446530423,0.22064680171157128,0.49840472136350866,0.26627101552297033,0.235324263113521,2023-11-25
2023-12-05,Premier League,Luton,Arsenal,A,0.11871466140484639,0.17141269401784082,0.709872644577313,0.06228745301592984,0.13316627886164312,0.8045462681224271,2023-11-25
2023-12-06,Premier League,Brighton,Brentford,H,0.44195213821281065,0.2362795520177308,0.3217683097694585,0.5511498343932558,0.23659114842247078,0.21225901718427354,2023-11-25
2023-12-06,Premier League,Crystal Palace,Bournemouth,A,0.5452935904687092,0.24349766746607007,0.21120874206522064,0.41227819763510976,0.28366663160899674,0.30405517075589344,2023-11-25
2023-12-06,Premier League,Fulham,Nott'm Forest,H,0.47652454084045753,0.25462497060904127,0.26885048855050137,0.4720948594700171,0.281073818065964,0.2468313224640191,2023-11-25
2023-12-06,Premier League,Sheffield United,Liverpool,A,0.06719523681460972,0.1261820903718604,0.8066226728135297,0.06891102713844038,0.11350051528684299,0.8175884575747165,2023-11-25
2023-12-06,Premier League,Aston Villa,Man City,H,0.1958638966536519,0.20072452392208745,0.6034115794242607,0.18852276226783762,0.22291837016427912,0.5885588675678833,2023-11-25
2023-12-06,Premier League,Man United,Chelsea,H,0.4124439276041962,0.26115994496428596,0.3263961274315175,0.3400391149578777,0.26939386946801386,0.3905670155741084,2023-11-25
2023-12-07,Premier League,Everton,Newcastle,H,0.25138536200550204,0.24752236896772392,0.5010922690267741,0.29667973330652997,0.2820607319551937,0.4212595347382763,2023-11-25
2023-12-07,Premier League,Tottenham,West Ham,A,0.5850351827581001,0.19616871579216552,0.2187961014497343,0.5812730851149874,0.22061955730500657,0.1981073575800059,2023-11-25
2023-12-09,Premier League,Wolves,Nott'm Forest,D,0.4372775216873271,0.26963613129237346,0.29308634702029934,0.4887502814084992,0.2912015149709322,0.22004820362056865,2023-11-25
2023-12-09,Premier League,Aston Villa,Arsenal,H,0.33361467740493633,0.2307774021265785,0.43560792046848507,0.26666075406178896,0.2515017447869586,0.48183750115125235,2023-11-25
2023-12-09,Premier League,Sheffield United,Brentford,H,0.16025909569399843,0.21053526278535728,0.6292056415206444,0.20615704523440673,0.24833751484758457,0.5455054399180088,2023-11-25
2023-12-09,Premier League,Brighton,Burnley,D,0.6810322740801861,0.18550762127621576,0.13346010464359817,0.6294279397075164,0.2139777101875442,0.15659435010493947,2023-11-25
2023-12-09,Premier League,Crystal Palace,Liverpool,A,0.18403466446648137,0.2235154903129563,0.5924498452205625,0.14602319801159902,0.20660729080364543,0.6473695111847556,2023-11-25
2023-12-09,Premier League,Man United,Bournemouth,A,0.6798707035443746,0.18588783296919384,0.13424146348643143,0.5806728021128784,0.216456156144756,0.20287104174236545,2023-11-25
2023-12-10,Premier League,Everton,Chelsea,H,0.2686180882091607,0.26262952187824123,0.4687523899125982,0.38101811906816224,0.2816220880069025,0.3373597929249353,2023-11-25
2023-12-10,Premier League,Fulham,West Ham,H,0.3916584102208711,0.25118212913149257,0.35715946064763654,0.4443334455387489,0.27030284603607224,0.28536370842517883,2023-11-25
2023-12-10,Premier League,Luton,Man City,A,0.05572713652236433,0.11081959216177015,0.8334532713158656,0.060202506475497755,0.12349232097538002,0.8163051725491222,2023-11-25
2023-12-10,Premier League,Tottenham,Newcastle,H,0.44795169556411824,0.22551671455728506,0.3265315898785969,0.47189720667298635,0.24302706143658795,0.28507573189042573,2023-11-25
2023-12-15,Premier League,Nott'm Forest,Tottenham,A,0.2512880936758503,0.21679208966143715,0.5319198166627123,0.1891698691247212,0.2320604122436914,0.5787697186315874,2023-11-25
2023-12-16,Premier League,Chelsea,Sheffield United,H,0.7621695896934674,0.15568352354103196,0.08214688676550065,0.8190142306893926,0.12020358112108002,0.06078218818952725,2023-11-25
2023-12-16,Premier League,Man City,Crystal Palace,D,0.7973658703283568,0.1328579882385992,0.06977614143304385,0.824019473395502,0.1279398656061437,0.04804066099835436,2023-11-25
2023-12-16,Premier League,Newcastle,Fulham,H,0.5968552295128292,0.2198833886656341,0.18326138182153676,0.5068295395059842,0.25407642711527145,0.23909403337874438,2023-11-25
2023-12-16,Premier League,Burnley,Everton,A,0.3275311918313761,0.2791090505000638,0.39335975766856013,0.29672754554882935,0.2726236272829581,0.43064882716821257,2023-11-25
2023-12-17,Premier League,Liverpool,Man United,D,0.6273015166086933,0.20120842463000232,0.17149005876130421,0.7275354998035584,0.15862659258012013,0.1138379076163215,2023-11-25
2023-12-17,Premier League,West Ham,Wolves,H,0.512719451556329,0.24389716310081577,0.24338338534285528,0.5106376120172781,0.26581135968022696,0.22355102830249501,2023-11-25
2023-12-17,Premier League,Arsenal,Brighton,H,0.6078863517693737,0.19460340394548295,0.1975102442851433,0.659294857826571,0.1985990657797253,0.14210607639370373,2023-11-25
2023-12-17,Premier League,Brentford,Aston Villa,A,0.431059477255405,0.24216694017038148,0.32677358257421346,0.30613499692575313,0.281361066538698,0.4125039365355488,2023-11-25
2023-12-21,Premier League,Crystal Palace,Brighton,D,0.34125039333730095,0.25752848623033686,0.40122112043236224,0.30160455155660676,0.28907498561656964,0.40932046282682344,2023-11-25
2023-12-22,Premier League,Aston Villa,Sheffield United,D,0.768904299706489,0.14634110120903787,0.08475459908447297,0.790686792714417,0.13214217631665598,0.07717103096892709,2023-11-25
2023-12-23,Premier League,West Ham,Man United,H,0.3708340762728099,0.24530251166072972,0.3838634120664604,0.4631098749433716,0.25000790164038056,0.2868822234162479,2023-11-25
2023-12-23,Premier League,Fulham,Burnley,A,0.5551748531465435,0.24568846925457621,0.19913667759888035,0.5677139761646803,0.24702058504875407,0.18526543878656554,2023-11-25
2023-12-23,Premier League,Luton,Newcastle,H,0.1630328330324887,0.21187333638483039,0.6250938305826809,0.18258534307065216,0.23576554008152176,0.5816491168478262,2023-11-25
2023-12-23,Premier League,Nott'm Forest,Bournemouth,A,0.5118282963494173,0.23854968698702855,0.24962201666355432,0.3312530004800768,0.28228516562650025,0.3864618338934229,2023-11-25
2023-12-23,Premier League,Tottenham,Everton,H,0.6520539793886229,0.18863448579802233,0.15931153481335478,0.5703162092868674,0.2259994302535372,0.2036843604595955,2023-11-25
2023-12-23,Premier League,Liverpool,Arsenal,D,0.5236591142862609,0.21753928847579754,0.25880159723794166,0.38632045598480047,0.265991133628879,0.3476884103863204,2023-11-25
2023-12-24,Premier League,Wolves,Chelsea,H,0.2718897522521619,0.27136351979379963,0.45674672795403864,0.29126917915049516,0.26653124886648044,0.4421995719830244,2023-11-25
2023-12-26,Premier League,Burnley,Liverpool,A,0.1249287537771287,0.18187459968914868,0.6931966465337227,0.12379629262096613,0.17200015877426267,0.7042035486047712,2023-12-26
2023-12-26,Premier League,Newcastle,Nott'm Forest,A,0.696728545875938,0.17585441032018984,0.12741704380387217,0.6921928150667883,0.1881689206006803,0.11963826433253132,2023-12-26
2023-12-26,Premier League,Bournemouth,Fulham,H,0.36065974579797766,0.23548600569328876,0.40385424850873364,0.5060895487261958,0.2491517778344349,0.24475867343936927,2023-12-26
2023-12-26,Premier League,Sheffield United,Luton,A,0.27057592011653103,0.2493326711526167,0.48009140873085226,0.3954643801586666,0.2956967705745653,0.3088388492667682,2023-12-26
2023-12-26,Premier League,Man United,Aston Villa,H,0.41853716662004775,0.25456959184511946,0.32689324153483285,0.41460525296064893,0.25844094017440983,0.32695380686494124,2023-12-26
2023-12-27,Premier League,Chelsea,Crystal Palace,H,0.5366689848284846,0.24897351545651952,0.21435749971499599,0.5362339859801789,0.2581339134638627,0.20563210055595843,2023-12-26
2023-12-27,Premier League,Brentford,Wolves,A,0.5501048734579166,0.24159113429995274,0.20830399224213067,0.432151028483636,0.2868259038608204,0.2810230676555437,2023-12-26
2023-12-27,Premier League,Everton,Man City,A,0.13441452092093784,0.18205168600716282,0.6835337930718993,0.17670342247632773,0.24480323013093264,0.5784933473927396,2023-12-26
2023-12-28,Premier League,Arsenal,West Ham,A,0.6595928699122013,0.18038379573846436,0.16002333434933425,0.7512264089581772,0.15912677628178137,0.0896468147600415,2023-12-26
2023-12-28,Premier League,Brighton,Tottenham,H,0.3955983172645398,0.21720332225160036,0.3871983604838598,0.3924982265310948,0.24831520454008038,0.3591865689288247,2023-12-26
2023-12-30,Premier League,Luton,Chelsea,A,0.26660269539996717,0.23440389876123724,0.4989934058387955,0.17485024177833383,0.21096061779777234,0.6141891404238939,2023-12-26
2023-12-30,Premier League,Aston Villa,Burnley,H,0.6672885852625197,0.1948913433908188,0.13782007134666135,0.6927032579209355,0.18428520635255077,0.12301153572651373,2023-12-26
2023-12-30,Premier League,Crystal Palace,Brentford,H,0.3437312914562416,0.2726003945792252,0.3836683139645332,0.4524494652187677,0.29748206428756896,0.2500684704936634,2023-12-26
2023-12-30,Premier League,Man City,Sheffield United,H,0.936572408436204,0.04703798064344531,0.016389610920350742,0.9040358744394619,0.06909417040358744,0.026869955156950672,2023-12-26
2023-12-30,Premier League,Wolves,Everton,H,0.40024641411292605,0.28011184988722737,0.3196417359998466,0.3273753527751646,0.30009407337723426,0.37253057384760113,2023-12-26
2023-12-30,Premier League,Nott'm Forest,Man United,H,0.24998416491889733,0.24406262039556317,0.5059532146855396,0.2939353085037957,0.26582674075070045,0.4402379507455039,2023-12-26
2023-12-31,Premier League,Fulham,Arsenal,H,0.2529592362948526,0.22048247838840015,0.5265582853167471,0.16779282616641478,0.22982050598148757,0.6023866678520978,2023-12-26
2023-12-31,Premier League,Tottenham,Bournemouth,H,0.7123134421446534,0.1544630764402857,0.13322348141506105,0.5415326087937951,0.21118591933352795,0.24728147187267685,2023-12-26
2024-01-01,Premier League,Liverpool,Newcastle,H,0.6011905977646342,0.2062612900601546,0.19254811217521114,0.7041411629686305,0.17047628156082628,0.12538255547054322,2023-12-26
2024-01-02,Premier League,West Ham,Brighton,D,0.4165532543546591,0.22816347574528484,0.355283269900056,0.3049469457459064,0.2665152758710798,0.4285377783830138,2023-12-26
2024-01-12,Premier League,Burnley,Luton,D,0.4144822819437943,0.25303204575364313,0.33248567230256254,0.4476681264020986,0.28124395260996393,0.2710879209879375,2023-12-26
2024-01-13,Premier League,Newcastle,Man City,A,0.2480652777992244,0.21839583322175943,0.5335388889790161,0.19033508092090268,0.2284020971050832,0.5812628219740141,2023-12-26
2024-01-13,Premier League,Chelsea,Fulham,H,0.5280906248441929,0.23094526310274555,0.24096411205306123,0.5822402816565855,0.23429910129313192,0.18346061705028258,2023-12-26
2024-01-14,Premier League,Everton,Aston Villa,D,0.3007795647944856,0.2564995040032677,0.4427209312022467,0.38162845418480673,0.26957134575381086,0.34880020006138246,2023-12-26
2024-01-14,Premier League,Man United,Tottenham,D,0.4055794974829769,0.23432237561465774,0.3600981269023653,0.4879614007445301,0.24155303171184456,0.27048556754362535,2023-12-26
2024-01-20,Premier League,Arsenal,Crystal Palace,H,0.6743772416341022,0.19109869535524054,0.1345240630106571,0.7651698820243229,0.1580106910846976,0.07681942689097947,2023-12-26
2024-01-20,Premier League,Brentford,Nott'm Forest,H,0.629172372113844,0.2046963916167148,0.1661312362694413,0.5460893197487,0.2518235723193487,0.20208710793195134,2023-12-26
2024-01-21,Premier League,Sheffield United,West Ham,D,0.1752531783204148,0.21347301666248736,0.6112738050170978,0.34506903695473534,0.290476025138016,0.3644549379072486,2023-12-26
2024-01-21,Premier League,Bournemouth,Liverpool,A,0.14306539789553507,0.17436804979746823,0.6825665523069968,0.21586814567830648,0.21732017356403502,0.5668116807576585,2023-12-26
2024-01-22,Premier League,Brighton,Wolves,D,0.5733968245815619,0.22287377849019413,0.20372939692824416,0.5823389338973807,0.22882494579026486,0.1888361203123545,2023-12-26
2024-01-30,Premier League,Aston Villa,Newcastle,A,0.44565877759349565,0.24036758988149848,0.31397363252500565,0.5224631921577533,0.23818174936603462,0.23935505847621216,2024-01-30
2024-01-30,Premier League,Nott'm Forest,Arsenal,A,0.17946655017896412,0.1984127026255365,0.6221207471954995,0.10762993220400706,0.18887587324516414,0.7034941945508288,2024-01-30
2024-01-30,Premier League,Fulham,Everton,D,0.48123521470883546,0.25670375278633517,0.26206103250482926,0.43580684019170995,0.29720160661391837,0.2669915531943717,2024-01-30
2024-01-30,Premier League,Luton,Brighton,H,0.29254657505408316,0.22141945136430705,0.48603397358161005,0.22627248640356992,0.24328545530609397,0.530442058290336,2024-01-30
2024-01-30,Premier League,Crystal Palace,Sheffield United,H,0.6284802777940078,0.22463454137717415,0.14688518082881816,0.6019840145665507,0.24169433003794183,0.15632165539550752,2024-01-30
2024-01-31,Premier League,Tottenham,Brentford,H,0.5698761216823847,0.20311678634911412,0.22700709196850088,0.599518776840374,0.2129869338775013,0.18749428928212472,2024-01-30
2024-01-31,Premier League,Liverpool,Chelsea,H,0.6399982289554719,0.20032380300683178,0.1596779680376964,0.5842262606347641,0.21744744229903776,0.19832629706619803,2024-01-30
2024-01-31,Premier League,Man City,Burnley,H,0.8651399340256712,0.09294628944163363,0.04191377653269527,0.8735282947208508,0.08431447018609951,0.04215723509304976,2024-01-30
2024-02-01,Premier League,West Ham,Bournemouth,D,0.5830078963584114,0.20885496935720588,0.20813713428438263,0.3879650662308163,0.2750825752088556,0.33695235856032824,2024-01-30
2024-02-01,Premier League,Wolves,Man United,A,0.32389176539886744,0.275798130697993,0.4003101039031395,0.3232564145411457,0.2812143953089158,0.3955291901499384,2024-01-30
2024-02-03,Premier League,Everton,Tottenham,D,0.27393738666228895,0.23280289267394177,0.49325972066376916,0.3136245273858738,0.2599561590631574,0.42641931355096885,2024-01-30
2024-02-03,Premier League,Brighton,Crystal Palace,H,0.5474426108959672,0.23576944443864728,0.2167879446653856,0.559223637951497,0.25472490315068186,0.18605145889782118,2024-01-30
2024-02-03,Premier League,Burnley,Fulham,D,0.31450678447191555,0.2628333679759905,0.4226598475520941,0.327631888495937,0.29666667952223563,0.37570143198182737,2024-01-30
2024-02-03,Premier League,Newcastle,Luton,D,0.6767384884857002,0.17366394577951946,0.14959756573478042,0.6295273466019109,0.2067104720185379,0.16376218137955115,2024-01-30
2024-02-03,Premier League,Sheffield United,Aston Villa,A,0.14482598260237983,0.20297621644818262,0.6521978009494375,0.18160747856094359,0.2259534907676856,0.5924390306713707,2024-01-30
2024-02-04,Premier League,Bournemouth,Nott'm Forest,D,0.46086635721592784,0.23436970852274316,0.3047639342613291,0.5843852180063794,0.22198614688571847,0.19362863510790215,2024-01-30
2024-02-04,Premier League,Chelsea,Wolves,A,0.544546607701339,0.2474310065941414,0.20802238570451975,0.6295535036681003,0.20939792562610676,0.1610485707057931,2024-01-30
2024-02-04,Premier League,Man United,West Ham,H,0.49300882781987665,0.2418895716031699,0.26510160057695353,0.6233341159248159,0.21185211783065644,0.16481376624452762,2024-01-30
2024-02-04,Premier League,Arsenal,Liverpool,H,0.3782207158326373,0.2385455862922416,0.3832336978751212,0.4421817918761529,0.2594133179006764,0.2984048902231707,2024-01-30
2024-02-05,Premier League,Brentford,Man City,A,0.17782717650644622,0.19599616376597195,0.6261766597275821,0.12413177217701925,0.1793014487001389,0.6965667791228418,2024-01-30
2024-02-10,Premier League,Nott'm Forest,Newcastle,A,0.26001129845315424,0.22884439835877474,0.511144303188071,0.29299508954775166,0.25666060614737085,0.4503443043048775,2024-01-30
2024-02-10,Premier League,Wolves,Brentford,A,0.36962899538587346,0.2667058535147541,0.3636651510993726,0.4285745923241033,0.2748204306711058,0.296604977004791,2024-01-30
2024-02-10,Premier League,Tottenham,Brighton,H,0.5323934018854157,0.20779726716108296,0.25980933095350117,0.5638567932153224,0.2090158802436109,0.22712732654106663,2024-01-30
2024-02-10,Premier League,Fulham,Bournemouth,H,0.5389361176202185,0.2231107554344438,0.2379531269453377,0.3688937769223719,0.2782513060214462,0.3528549170561819,2024-01-30
2024-02-10,Premier League,Liverpool,Burnley,H,0.8195765154353517,0.12118942336660163,0.05923406119804674,0.8330482652445336,0.10424336436716926,0.06270837038829714,2024-01-30
2024-02-10,Premier League,Man City,Everton,H,0.8078316772891841,0.12630011130584134,0.06586821140497429,0.7798813158420581,0.14117559586046016,0.07894308829748178,2024-01-30
2024-02-10,Premier League,Luton,Sheffield United,A,0.6254472863401196,0.2029487036746633,0.17160400998521694,0.5645043445027709,0.23974011667771997,0.19575553881950924,2024-01-30
2024-02-11,Premier League,West Ham,Arsenal,A,0.2797734972651162,0.2291281754642899,0.4910983272705941,0.15559686267398107,0.2210182708437231,0.6233848664822959,2024-01-30
2024-02-11,Premier League,Aston Villa,Man United,A,0.46069694891893365,0.25032790559913554,0.2889751454819307,0.4463803523209464,0.24761047533324762,0.30600917234580605,2024-01-30
2024-02-12,Premier League,Crystal Palace,Chelsea,A,0.3132445769719069,0.27256522193632504,0.4141902010917682,0.19255243931180765,0.24322413386754652,0.5642234268206457,2024-01-30
2024-02-17,Premier League,Nott'm Forest,West Ham,H,0.3262605427591822,0.2413340360013074,0.43240542123951037,0.4248660902807104,0.27484275331718266,0.30029115640210696,2024-01-30
2024-02-17,Premier League,Newcastle,Bournemouth,D,0.661741412948194,0.18300735277174748,0.1552512342800586,0.48612956585405537,0.2467662770832768,0.26710415706266777,2024-01-30
2024-02-17,Premier League,Tottenham,Wolves,A,0.6191460253126836,0.20233886450829555,0.1785151101790208,0.6410425508140547,0.19320843347888672,0.16574901570705863,2024-01-30
2024-02-17,Premier League,Burnley,Arsenal,A,0.15567428686018592,0.20216753771240414,0.6421581754274099,0.09348093480934809,0.15867158671586717,0.7478474784747847,2024-01-30
2024-02-17,Premier League,Brentford,Liverpool,A,0.21959418074706316,0.21948629679849788,0.560919522454439,0.1995380937588633,0.21747410218662627,0.5829878040545102,2024-01-30
2024-02-17,Premier League,Fulham,Aston Villa,A,0.34233413868947205,0.24907419870694295,0.4085916626035849,0.3136245273858738,0.2599561590631574,0.42641931355096885,2024-01-30
2024-02-17,Premier League,Man City,Chelsea,D,0.7021713793418117,0.1723719052932216,0.1254567153649665,0.7417301900242106,0.14722220438359335,0.11104760559219612,2024-01-30
2024-02-18,Premier League,Luton,Man United,A,0.28268931288509896,0.23318283053050815,0.48412785658439295,0.22437190037604227,0.234127200392392,0.5415008992315657,2024-01-30
2024-02-18,Premier League,Sheffield United,Brighton,A,0.16050787889194515,0.20593514155105308,0.6335569795570017,0.19765997777632524,0.2246552062226289,0.5776848160010458,2024-01-30
2024-02-19,Premier League,Everton,Crystal Palace,D,0.40373725825956286,0.2858074156256082,0.31045532611482907,0.5302183697182781,0.27802281277491375,0.19175881750680812,2024-01-30
2024-02-20,Premier League,Man City,Brentford,H,0.7636424296495182,0.1419137716921264,0.09444379865835528,0.8213618501578303,0.11402435096308701,0.06461379887908264,2024-01-30
2024-02-21,Premier League,Liverpool,Luton,H,0.8312349818251948,0.10629538970589152,0.06246962846891344,0.7693704927836822,0.1387753414111981,0.09185416580511965,2024-01-30
2024-02-24,Premier League,Aston Villa,Nott'm Forest,H,0.6476640945178369,0.19447420397274764,0.15786170150941567,0.6035737872425265,0.21546647393801946,0.18095973881945396,2024-01-30
2024-02-24,Premier League,Brighton,Everton,D,0.5648143501187937,0.23022623086401606,0.2049594190171903,0.5192251396861357,0.24395754050579746,0.23681731980806683,2024-01-30
2024-02-24,Premier League,Crystal Palace,Burnley,H,0.5089221694031829,0.26469032936053283,0.22638750123628443,0.49049881235154397,0.2743467933491686,0.2351543942992874,2024-01-30
2024-02-24,Premier League,Man United,Fulham,A,0.5258039128259485,0.23882434342649636,0.23537174374755518,0.5874717743845632,0.22754188444472517,0.18498634117071167,2024-01-30
2024-02-24,Premier League,Bournemouth,Man City,A,0.10248365604771557,0.1439467304016581,0.7535696135506261,0.14381765294931095,0.18668637642458633,0.6694959706261028,2024-01-30
2024-02-24,Premier League,Arsenal,Newcastle,H,0.5671737853350497,0.21206519017646766,0.22076102448848262,0.7130758295272375,0.16865793533165965,0.11826623514110282,2024-01-30
2024-02-25,Premier League,Wolves,Sheffield United,H,0.6324097758016817,0.22324672425121098,0.1443434999471075,0.6511484844376363,0.20864757888431784,0.14020393667804595,2024-01-30
2024-02-26,Premier League,West Ham,Brentford,H,0.4486104836655904,0.2402028468191287,0.3111866695152809,0.41770796144234207,0.270349875044627,0.31194216351303106,2024-01-30
2024-03-02,Premier League,Luton,Aston Villa,A,0.2736673621416425,0.21127818968241696,0.5150544481759403,0.21332961517010599,0.2156999442275516,0.5709704406023425,2024-03-02
2024-03-02,Premier League,Tottenham,Crystal Palace,H,0.6159008140925446,0.20192005609013144,0.1821791298173241,0.6301878500607632,0.2109759324116468,0.15883621752759003,2024-03-02
2024-03-02,Premier League,Nott'm Forest,Liverpool,A,0.1318764693303555,0.17345671196278573,0.6946668187068592,0.1791855698006759,0.21494322231078863,0.6058712078885354,2024-03-02
2024-03-02,Premier League,Fulham,Brighton,H,0.3691528771046516,0.2459923016843399,0.38485482121100867,0.37119356102206486,0.2827113749644797,0.3460950640134555,2024-03-02
2024-03-02,Premier League,Everton,West Ham,A,0.373984738388195,0.26993697646084713,0.3560782851509578,0.44816379238824217,0.2731784914276645,0.27865771618409324,2024-03-02
2024-03-02,Premier League,Brentford,Chelsea,D,0.37863659467036564,0.2499881848177936,0.37137522051184063,0.29691965703397905,0.26040012702445214,0.4426802159415687,2024-03-02
2024-03-02,Premier League,Newcastle,Wolves,H,0.5580046630272457,0.22777751931704407,0.21421781765571013,0.5611877401217285,0.2268352314043435,0.211977028473928,2024-03-02
2024-03-03,Premier League,Burnley,Bournemouth,A,0.35951564916077516,0.26045111820658146,0.3800332326326434,0.2557840616966581,0.2557840616966581,0.48843187660668386,2024-03-02
2024-03-03,Premier League,Man City,Man United,H,0.6827650866899493,0.18511275722391982,0.13212215608613065,0.7766561640811576,0.1337574504806438,0.08958638543819863,2024-03-02
2024-03-04,Premier League,Sheffield United,Arsenal,A,0.062038972910378125,0.11849370935965947,0.8194673177299627,0.05528352073509853,0.12483375649860959,0.8198827227662918,2024-03-02
2024-03-09,Premier League,Man United,Everton,H,0.550400394159368,0.25033014591050734,0.19926945993012485,0.4980886685110213,0.25969863732526505,0.24221269416371358,2024-03-02
2024-03-09,Premier League,Bournemouth,Sheffield United,D,0.6290346163214018,0.20724918193811057,0.1637162017404876,0.7199966683665789,0.16663135330072812,0.11337197833269282,2024-03-02
2024-03-09,Premier League,Crystal Palace,Luton,D,0.4762175489272697,0.23071200003167638,0.2930704510410539,0.5059044832270875,0.25833420420106595,0.23576131257184657,2024-03-02
2024-03-09,Premier League,Wolves,Fulham,H,0.398451111407726,0.26786841568148645,0.33368047291078773,0.3802282532203286,0.2829605605360585,0.33681118624361284,2024-03-02
2024-03-09,Premier League,Arsenal,Brentford,H,0.6817018726511851,0.1771006048056778,0.14119752254313706,0.7958533997224717,0.12945881968818873,0.07468778058933966,2024-03-02
2024-03-10,Premier League,Liverpool,Man City,D,0.3849354373936431,0.24258237239113836,0.37248219021521856,0.2792026356395179,0.2491346594937237,0.47166270486675843,2024-03-02
2024-03-10,Premier League,West Ham,Burnley,D,0.5913441550835257,0.22136621436602397,0.18728963055045045,0.5839171344983,0.23757412825175928,0.17850873724994068,2024-03-02
2024-03-10,Premier League,Brighton,Nott'm Forest,H,0.6094724424939372,0.20274181305159344,0.1877857444544695,0.5956473988587286,0.2211629294167945,0.18318967172447695,2024-03-02
2024-03-10,Premier League,Aston Villa,Tottenham,A,0.4378834818946281,0.22430060318974301,0.33781591491562896,0.38178600113038047,0.25221614064312703,0.3659978582264925,2024-03-02
2024-03-11,Premier League,Chelsea,Newcastle,H,0.42907443391401096,0.2407133383302441,0.3302122277557449,0.5256573016709764,0.2256301642903263,0.24871253403869728,2024-03-02
2024-03-13,Premier League,Bournemouth,Luton,H,0.43970912482238544,0.22096206548938446,0.3393288096882298,0.6322006748236256,0.19780511911659454,0.16999420605977983,2024-03-02
2024-03-16,Premier League,Burnley,Brentford,H,0.2629502519249512,0.24776216902521814,0.4892875790498307,0.3061877745645599,0.26676085564802754,0.4270513697874126,2024-03-02
2024-03-16,Premier League,Luton,Nott'm Forest,D,0.473172012628396,0.21711485369181135,0.30971313367979275,0.36446700507614216,0.27106598984771574,0.36446700507614216,2024-03-02
2024-03-16,Premier League,Fulham,Tottenham,H,0.3267808420548339,0.2287186828964205,0.44450047504874535,0.28205348697222465,0.24327113251354374,0.47467538051423175,2024-03-02
2024-03-17,Premier League,West Ham,Aston Villa,D,0.33747683245968985,0.2415281629961667,0.4209950045441434,0.3924012580648798,0.2637276747969924,0.3438710671381279,2024-03-02
2024-03-30,Premier League,Brentford,Man United,D,0.3683057470547037,0.25248683459333543,0.3792074183519607,0.28730625480927774,0.23989364625700782,0.4728000989337144,2024-03-02
2024-03-30,Premier League,Tottenham,Luton,H,0.697695570814943,0.15276246551305847,0.14954196367199865,0.8088520757469302,0.1149980848433509,0.0761498394097189,2024-03-02
2024-03-30,Premier League,Sheffield United,Fulham,D,0.1887460569382553,0.22555949066662806,0.5856944523951164,0.19826838368440114,0.23475360683213595,0.5669780094834629,2024-03-02
2024-03-30,Premier League,Aston Villa,Wolves,H,0.5568246517847729,0.23427286406645967,0.20890248414876741,0.6342487318523701,0.22004547839776104,0.1457057897498688,2024-03-02
2024-03-30,Premier League,Chelsea,Burnley,D,0.6603648985314836,0.20144735125958657,0.13818775020892937,0.7695300065730457,0.14443130753998604,0.08603868588696843,2024-03-02
2024-03-30,Premier League,Bournemouth,Everton,H,0.39019551978391376,0.27120396044732215,0.33860051976876404,0.44331601668251996,0.25840345357430305,0.298280529743177,2024-03-02
2024-03-30,Premier League,Newcastle,West Ham,H,0.5527894917900064,0.21469040076909113,0.2325201074409026,0.523917031629402,0.23132374904878134,0.24475921932181663,2024-03-02
2024-03-30,Premier League,Nott'm Forest,Crystal Palace,D,0.3909566084548878,0.26074214454723205,0.34830124699788034,0.43145452191124506,0.2855213747942063,0.28302410329454847,2024-03-02
2024-03-31,Premier League,Liverpool,Brighton,H,0.6707917285731396,0.18070449248936926,0.1485037789374912,0.7491119250519961,0.14641733080561745,0.1044707441423865,2024-03-02
2024-03-31,Premier League,Man City,Arsenal,D,0.5433261422580187,0.22054955225808356,0.2361243054838979,0.4667698356267515,0.27098582123886406,0.26224434313438455,2024-03-02
2024-04-02,Premier League,Newcastle,Everton,D,0.599918507862415,0.22064659600439238,0.17943489613319236,0.48013767388498496,0.2578517137530475,0.26201061236196754,2024-04-02
2024-04-02,Premier League,Nott'm Forest,Fulham,H,0.3284362164667289,0.2570646097303181,0.4144991738029532,0.3549332065459119,0.27945890400453977,0.36560788944954825,2024-04-02
2024-04-02,Premier League,Bournemouth,Crystal Palace,H,0.40724658344591225,0.2612619469988396,0.331491469555248,0.5148315447248037,0.25013666311822075,0.2350317921569756,2024-04-02
2024-04-02,Premier League,Burnley,Wolves,D,0.3170751716266669,0.28084644268058906,0.40207838569274407,0.4110320284697509,0.27402135231316727,0.31494661921708184,2024-04-02
2024-04-02,Premier League,West Ham,Tottenham,D,0.32664373034524213,0.22291939845310285,0.450436871201655,0.2810352429479296,0.22891837864537926,0.4900463784066912,2024-04-02
2024-04-03,Premier League,Arsenal,Luton,H,0.8152204735574796,0.11186329035480704,0.07291623608771353,0.8579509742300441,0.0923318667504714,0.0497171590194846,2024-04-02
2024-04-03,Premier League,Brentford,Brighton,D,0.3961933363252022,0.24541201732151116,0.3583946463532867,0.37842458613068675,0.26792043701263496,0.3536549768566781,2024-04-02
2024-04-03,Premier League,Man City,Aston Villa,H,0.6924012075839834,0.1807505889647468,0.12684820345126982,0.7993841781146377,0.12896731406916154,0.07164850781620084,2024-04-02
2024-04-04,Premier League,Liverpool,Sheffield United,H,0.9150282121590819,0.06147589365933187,0.023495894181586235,0.9161780916018339,0.05249452849178077,0.031327379906385296,2024-04-02
2024-04-04,Premier League,Chelsea,Man United,H,0.4160753907221538,0.25924967758135237,0.3246749316964937,0.5347636922026958,0.22069612694079513,0.24454018085650917,2024-04-02
2024-04-06,Premier League,Wolves,West Ham,A,0.3900001532934005,0.262174149005335,0.3478256977012645,0.33421860449073915,0.28437898803159384,0.3814024074776671,2024-04-02
2024-04-06,Premier League,Brighton,Arsenal,A,0.24790952822864015,0.228077903329912,0.5240125684414477,0.14789264688661066,0.21058626893636953,0.6415210841770197,2024-04-02
2024-04-06,Premier League,Luton,Bournemouth,H,0.4586466355206411,0.21766785149745932,0.3236855129818995,0.25457222718121464,0.2389351124894938,0.5064926603292916,2024-04-02
2024-04-06,Premier League,Aston Villa,Brentford,D,0.5201712185367252,0.23153025417592957,0.24829852728734525,0.5876373820893878,0.2297634313856611,0.18259918652495102,2024-04-02
2024-04-06,Premier League,Everton,Burnley,H,0.4817202621224697,0.2753110961537929,0.2429686417237375,0.5505359697886614,0.2471794150071541,0.20228461520418456,2024-04-02
2024-04-06,Premier League,Fulham,Newcastle,A,0.364957407766724,0.23830702438820778,0.39673556784506814,0.3936451366724185,0.2627847263732091,0.3435701369543724,2024-04-02
2024-04-06,Premier League,Crystal Palace,Man City,A,0.12276008007111845,0.1956723219248641,0.6815675980040173,0.11027525558372386,0.18138733628724676,0.7083374081290292,2024-04-02
2024-04-07,Premier League,Man United,Liverpool,D,0.2551941766928981,0.2451846170815637,0.49962120622553835,0.19395151212196954,0.19995001249687583,0.6060984753811548,2024-04-02
2024-04-07,Premier League,Sheffield United,Chelsea,D,0.1419854456353836,0.1907140077950433,0.6673005465695733,0.14465753424657532,0.1832876712328767,0.6720547945205478,2024-04-02
2024-04-07,Premier League,Tottenham,Nott'm Forest,H,0.6731289695519275,0.17984664956970986,0.14702438087836275,0.6830699449224235,0.17635624032542568,0.14057381475215092,2024-04-02
2024-04-13,Premier League,Newcastle,Tottenham,H,0.4343571164150381,0.21821047499418633,0.34743240859077557,0.36833906900923746,0.2380728128962145,0.39358811809454813,2024-04-02
2024-04-13,Premier League,Brentford,Sheffield United,H,0.7335247212285949,0.16083717538041142,0.10563810339099387,0.6516259817140536,0.19302638424531607,0.15534763404063037,2024-04-02
2024-04-13,Premier League,Burnley,Brighton,D,0.24034551717172287,0.24201976320779534,0.5176347196204817,0.2445265997321766,0.23910605934402493,0.5163673409237984,2024-04-02
2024-04-13,Premier League,Man City,Luton,H,0.8659636661404115,0.08722529316277625,0.04681104069681246,0.8916323731138546,0.07133058984910837,0.03703703703703704,2024-04-02
2024-04-13,Premier League,Nott'm Forest,Wolves,D,0.3731808034045895,0.2769190215055314,0.3499001750898791,0.469180634124327,0.27591020245379455,0.2549091634218784,2024-04-02
2024-04-13,Premier League,Bournemouth,Man United,D,0.27789592726810225,0.24478100019043675,0.477323072541461,0.4083131006207929,0.23702077548231396,0.3546661238968931,2024-04-02
2024-04-14,Premier League,Arsenal,Aston Villa,A,0.6211101537666599,0.20309174961164075,0.17579809662169968,0.7782289249806651,0.13785769528228922,0.08391337973704563,2024-04-02
2024-04-14,Premier League,Liverpool,Crystal Palace,A,0.7448547418066512,0.16374201541974553,0.0914032427736031,0.8195358733958374,0.11377086242436331,0.06669326417979918,2024-04-02
2024-04-14,Premier League,West Ham,Fulham,A,0.42366934579357035,0.24369041553529672,0.3326402386711329,0.3988299707492688,0.264441611040276,0.3367284182104553,2024-04-02
2024-04-15,Premier League,Chelsea,Everton,H,0.5604994094390329,0.2451334275981277,0.19436716296283923,0.5812628219740141,0.2284020971050832,0.19033508092090268,2024-04-02
2024-04-20,Premier League,Luton,Brentford,A,0.35554074764874344,0.2233847852060674,0.42107446714518915,0.33308040185752874,0.2747442862779616,0.3921753118645097,2024-04-02
2024-04-20,Premier League,Sheffield United,Burnley,A,0.31268513748189036,0.25999542028707867,0.4273194422310308,0.3657001144601297,0.27401755055322397,0.3602823349866463,2024-04-02
2024-04-20,Premier League,Wolves,Arsenal,A,0.17579833692314287,0.22288701810591421,0.601314644970943,0.08260571564800191,0.14706320588848829,0.7703310784635099,2024-04-02
2024-04-21,Premier League,Everton,Nott'm Forest,H,0.42958535124261654,0.2795005308234389,0.29091411793394445,0.4157106222162235,0.2947766230260494,0.2895127547577271,2024-04-02
2024-04-21,Premier League,Aston Villa,Bournemouth,H,0.6197764248464281,0.20216982087053284,0.17805375428303877,0.5211026550176027,0.23709536858465133,0.24180197639774617,2024-04-02
2024-04-21,Premier League,Crystal Palace,West Ham,H,0.37846645568527204,0.26166330302436674,0.3598702412903613,0.43632692328796185,0.27408705322032534,0.28958602349171275,2024-04-02
2024-04-21,Premier League,Fulham,Liverpool,A,0.19862132826692766,0.21867512332745645,0.5827035484056159,0.2082816761715844,0.21522439871063723,0.5764939251177783,2024-04-02
2024-04-23,Premier League,Arsenal,Chelsea,H,0.6323359359511849,0.2012523777800669,0.16641168626874825,0.6894880493839757,0.18342983955309541,0.12708211106292885,2024-04-02
2024-04-24,Premier League,Man United,Sheffield United,H,0.7815273871819314,0.14179522980650286,0.0766773830115657,0.7335729913056208,0.15370100770213008,0.11272600099224907,2024-04-02
2024-04-24,Premier League,Everton,Liverpool,H,0.14466551701541008,0.21480094282109524,0.6405335401634948,0.12667540484546108,0.1811339901061266,0.6921906050484122,2024-04-02
2024-04-24,Premier League,Wolves,Bournemouth,A,0.4636337328872964,0.25568962088680763,0.28067664622589616,0.3460605671998702,0.26496735526747556,0.3889720775326541,2024-04-02
2024-04-24,Premier League,Crystal Palace,Newcastle,H,0.29284691414063596,0.24811716444103843,0.4590359214183254,0.31495460742908454,0.2637424761398025,0.421302916431113,2024-04-02
2024-04-25,Premier League,Brighton,Man City,A,0.18509674719603583,0.21283767873459433,0.6020655740693694,0.12256027112377724,0.16550874220134024,0.7119309866748825,2024-04-02
2024-04-27,Premier League,West Ham,Liverpool,D,0.1846407625958344,0.2051310664813639,0.6102281709228017,0.18147847851376603,0.19614340607043396,0.6223781154158,2024-04-02
2024-04-27,Premier League,Fulham,Crystal Palace,D,0.49301452465881085,0.25587442821117284,0.25111104713001653,0.46087297632552665,0.2818672405932931,0.25725978308118025,2024-04-02
2024-04-27,Premier League,Man United,Burnley,D,0.6565713527274959,0.20597080333645656,0.13745784393604743,0.6469177188939106,0.18343602615139243,0.16964625495469687,2024-04-02
2024-04-27,Premier League,Newcastle,Sheffield United,H,0.8181135849849122,0.1153196997219878,0.0665667152930999,0.8010738176461215,0.12214594424083174,0.07678023811304678,2024-04-02
2024-04-27,Premier League,Wolves,Luton,H,0.4840042573331001,0.233896734745172,0.2820990079217278,0.5028480208975802,0.2520770598265791,0.24507491927584082,2024-04-02
2024-04-27,Premier League,Everton,Brentford,H,0.339936135213668,0.2737941267068168,0.3862697380795152,0.3244888023369036,0.2829844206426485,0.3925267770204479,2024-04-02
2024-04-27,Premier League,Aston Villa,Chelsea,D,0.4531114524490233,0.24607880855679987,0.30080973899417673,0.476163580005376,0.23924885760074036,0.28458756239388355,2024-04-02
2024-04-28,Premier League,Tottenham,Arsenal,A,0.30461670617130326,0.22291361842253837,0.4724696754061583,0.22336014879151603,0.23078780219550943,0.5458520490129746,2024-04-02
2024-04-28,Premier League,Bournemouth,Brighton,H,0.30817432473610323,0.2377778870769263,0.4540477881869704,0.4952840075455879,0.23279536086075595,0.2719206315936561,2024-04-02
2024-04-28,Premier League,Nott'm Forest,Man City,A,0.1016283148378209,0.1678717621624953,0.7304999229996836,0.08848519715006418,0.15698986591140418,0.7545249369385317,2024-04-02
2024-05-02,Premier League,Chelsea,Tottenham,H,0.42903089253836557,0.22285702513109482,0.3481120823305396,0.3957541376688695,0.24097900462015323,0.3632668577109772,2024-05-02
2024-05-03,Premier League,Luton,Everton,D,0.40072583926511046,0.24910460935801715,0.3501695513768725,0.3503208644554322,0.2632140549151625,0.38646508062940527,2024-05-02
2024-05-04,Premier League,Arsenal,Bournemouth,H,0.7800297142542443,0.13732735950591313,0.08264292623984279,0.7978775670629852,0.13316301464085684,0.06895941829615801,2024-05-02
2024-05-04,Premier League,Brentford,Fulham,D,0.4621176221563897,0.24610736345302664,0.2917750143905837,0.4653643576238416,0.2559503966931128,0.2786852456830455,2024-05-02
2024-05-04,Premier League,Burnley,Newcastle,A,0.22271698732421602,0.22700091050448123,0.5502821021713027,0.28828480675812646,0.23076479780876158,0.480950395433112,2024-05-02
2024-05-04,Premier League,Sheffield United,Nott'm Forest,A,0.2697065643089607,0.23696782685080112,0.4933256088402383,0.19114568394980977,0.22740516966394234,0.5814491463862478,2024-05-02
2024-05-04,Premier League,Man City,Wolves,H,0.8001192275083872,0.13581653547307856,0.06406423701853435,0.8870636550308008,0.07227926078028747,0.0406570841889117,2024-05-02
2024-05-05,Premier League,Brighton,Aston Villa,H,0.37810764449864714,0.24484725668559285,0.3770450988157601,0.4041113357406059,0.25296319977528836,0.34292546448410577,2024-05-02
2024-05-05,Premier League,Chelsea,West Ham,H,0.5472669761351207,0.21572796053348708,0.23700506333139226,0.6472201843641351,0.18851073330994228,0.16426908232592263,2024-05-02
2024-05-05,Premier League,Liverpool,Tottenham,H,0.6257236293645696,0.18977039062028617,0.18450598001514443,0.6837359214862566,0.16456017093398037,0.15170390757976315,2024-05-02
2024-05-06,Premier League,Crystal Palace,Man United,H,0.32985177516398256,0.26611695914222505,0.4040312656937924,0.48809511752969886,0.2398294528108891,0.272075429659412,2024-05-02
2024-05-11,Premier League,West Ham,Luton,H,0.5796996606826781,0.19508958752982225,0.22521075178749944,0.515741787903156,0.22707132582153003,0.2571868862753139,2024-05-02
2024-05-11,Premier League,Wolves,Crystal Palace,A,0.38936847981533745,0.2867464872898743,0.3238850328947884,0.2938724605336571,0.2679663483103044,0.4381611911560383,2024-05-02
2024-05-11,Premier League,Tottenham,Burnley,H,0.6974418450078838,0.1725357094318748,0.13002244556024162,0.7363420620711247,0.1477194642133497,0.11593847371552565,2024-05-02
2024-05-11,Premier League,Nott'm Forest,Chelsea,A,0.27799978952037085,0.23899239768782743,0.48300781279180166,0.24015303240384123,0.24377342987726594,0.5160735377188929,2024-05-02
2024-05-11,Premier League,Everton,Sheffield United,H,0.6301174973975416,0.2147497642348924,0.15513273836756608,0.6716547852583853,0.19076585616806208,0.13757935857355258,2024-05-02
2024-05-11,Premier League,Bournemouth,Brentford,A,0.35554618058027954,0.24520766099133995,0.3992461584283804,0.4501835006497493,0.2506176189184172,0.29919888043183346,2024-05-02
2024-05-11,Premier League,Fulham,Man City,A,0.1447352568144473,0.19420810486191978,0.6610566383236329,0.08878396160693551,0.13077637588048607,0.7804396625125785,2024-05-02
2024-05-11,Premier League,Newcastle,Brighton,D,0.5344998052072267,0.22109008291943175,0.2444101118733418,0.6060827226282481,0.20035792483578452,0.19355935253596745,2024-05-02
2024-05-12,Premier League,Man United,Arsenal,A,0.2555319872739328,0.2370393596222288,0.5074286531038386,0.09880374393112769,0.13664347564943194,0.7645527804194404,2024-05-02
2024-05-13,Premier League,Aston Villa,Liverpool,D,0.28556111737811696,0.23515889743072393,0.47927998519115905,0.2488679587031335,0.2119181307734106,0.5392139105234559,2024-05-02
2024-05-14,Premier League,Tottenham,Man City,A,0.2087242077927372,0.2024296968449926,0.5888460953622701,0.1465850353791338,0.15235609976413908,0.7010588648567271,2024-05-02
2024-05-15,Premier League,Brighton,Chelsea,A,0.3955994220656749,0.24259017154282583,0.36181040639149925,0.30400733494647003,0.23052688905893462,0.4654657759945953,2024-05-02
2024-05-15,Premier League,Man United,Newcastle,H,0.42247959729591983,0.23901979607808796,0.3385006066259923,0.3564727954971857,0.24953095684803003,0.3939962476547842,2024-05-02
2024-05-19,Premier League,Sheffield United,Tottenham,A,0.11760265912667062,0.1486805012647259,0.7337168396086035,0.12156265152039898,0.15896654429590634,0.7194708041836947,2024-05-02
2024-05-19,Premier League,Man City,West Ham,H,0.8078300344266989,0.1223446753483601,0.06982529022494122,0.901128441916046,0.06423767040973813,0.034633887674215845,2024-05-02
2024-05-19,Premier League,Luton,Fulham,A,0.3377713732311641,0.22685426751380056,0.4353743592550353,0.31254493363235436,0.24361271769338896,0.44384234867425665,2024-05-02
2024-05-19,Premier League,Crystal Palace,Aston Villa,H,0.32066185689290666,0.2578141155802216,0.4215240275268718,0.5959665898765782,0.20935895290922898,0.19467445721419285,2024-05-02
2024-05-19,Premier League,Liverpool,Wolves,H,0.7238660728938415,0.17416260815286508,0.10197131895329356,0.850948500203776,0.08995058982509513,0.05910090997112888,2024-05-02
2024-05-19,Premier League,Burnley,Nott'm Forest,A,0.3915868760917777,0.2673668953242526,0.34104622858396977,0.33972755073672506,0.24826244092299143,0.4120100083402836,2024-05-02
2024-05-19,Premier League,Brighton,Man United,A,0.38761884417011155,0.25142783869510527,0.3609533171347831,0.36594778660612937,0.2415437003405221,0.3925085130533485,2024-05-02
2024-05-19,Premier League,Brentford,Newcastle,A,0.3693152442556175,0.23775443805407395,0.39293031769030856,0.32540505253039015,0.24023731038663373,0.43435763708297614,2024-05-02
2024-05-19,Premier League,Arsenal,Everton,H,0.7396616631918842,0.16972562015721554,0.09061271665090044,0.7913053919355194,0.13483136566499074,0.07386324239948994,2024-05-02
2024-05-19,Premier League,Chelsea,Bournemouth,H,0.5974205109341436,0.20611386147238855,0.19646562759346792,0.6924800860809031,0.17342971744423333,0.13409019647486364,2024-05-02
2024-08-16,Premier League,Man United,Fulham,H,0.5099812093994174,0.24011804123628075,0.24990074936430176,0.5873470450403541,0.22910700338453524,0.18354595157511064,2024-08-16
2024-08-17,Premier League,West Ham,Aston Villa,A,0.3568323763577718,0.23360349637407699,0.40956412726815117,0.3828837762792543,0.2770725902419675,0.34004363347877836,2024-08-16
2024-08-17,Premier League,Nott'm Forest,Bournemouth,D,0.4298717258579519,0.24690914056525162,0.3232191335767963,0.4338981305041974,0.27769480352268633,0.2884070659731163,2024-08-16
2024-08-17,Premier League,Newcastle,Southampton,H,0.7039115239693766,0.1694082788217829,0.1266801972088406,0.6832856239744854,0.18306897849882442,0.13364539752669,2024-08-16
2024-08-17,Premier League,Everton,Brighton,A,0.3391852619609063,0.28456419167442204,0.37625054636467153,0.30899926374808856,0.2854392025825451,0.40556153366936626,2024-08-16
2024-08-17,Premier League,Arsenal,Wolves,H,0.756036665131088,0.1591435526674328,0.08481978220147891,0.8414870179595014,0.10692928957496425,0.05158369246553446,2024-08-16
2024-08-18,Premier League,Brentford,Crystal Palace,H,0.438858770627022,0.25586553985611354,0.30527568951686457,0.3334468243159589,0.3005138046304321,0.366039371053609,2024-08-16
2024-08-18,Premier League,Chelsea,Man City,A,0.19332316250535475,0.20952704456032933,0.5971497929343159,0.25338245694830513,0.2501422720768434,0.49647527097485156,2024-08-16
2024-08-19,Premier League,Leicester,Tottenham,D,0.3662049214144616,0.22555191017254242,0.40824316841299607,0.20898450179086028,0.22394644071815048,0.5670690574909892,2024-08-16
2024-08-24,Premier League,Aston Villa,Arsenal,A,0.24395980648509066,0.22748239007589763,0.5285578034390117,0.20048712873546176,0.24068380553638352,0.5588290657281548,2024-08-16
2024-08-24,Premier League,Tottenham,Everton,H,0.5980295990639671,0.21989458124640193,0.182075819689631,0.7075641229986468,0.171265520937835,0.12117035606351827,2024-08-16
2024-08-24,Premier League,Southampton,Nott'm Forest,A,0.38458147784246316,0.2566276252257779,0.3587908969317589,0.41538792404136754,0.2734050460498266,0.3112070299088059,2024-08-16
2024-08-24,Premier League,Crystal Palace,West Ham,A,0.475771194647738,0.2426694859684573,0.28155931938380474,0.49357326478149094,0.2532133676092545,0.2532133676092545,2024-08-16
2024-08-24,Premier League,Fulham,Leicester,H,0.4330586216144082,0.2440700792097983,0.32287129917579344,0.5168618759195215,0.2550394558343046,0.2280986682461738,2024-08-16
2024-08-24,Premier League,Brighton,Man United,H,0.38540116497182414,0.25539983804747146,0.3591989969807047,0.4016433853738701,0.25850451930977814,0.3398520953163517,2024-08-16
2024-08-25,Premier League,Bournemouth,Newcastle,D,0.26996238047822524,0.2224206259276089,0.5076169935941661,0.3703809991315184,0.2661480950043424,0.3634709058641392,2024-08-16
2024-08-25,Premier League,Wolves,Chelsea,A,0.2759101868424334,0.2516791557203876,0.4724106574371787,0.24886192192015288,0.24696703418979638,0.5041710438900507,2024-08-16
2024-08-25,Premier League,Liverpool,Brentford,H,0.686163120543637,0.17875768953069968,0.1350791899256632,0.7968004606020728,0.125431814443165,0.0777677249547623,2024-08-16
2024-08-31,Premier League,Arsenal,Brighton,D,0.6975329821838419,0.17992472743653395,0.1225422903796242,0.7079571698509343,0.17698929246273357,0.11505353768633216,2024-08-16
2024-08-31,Premier League,Brentford,Southampton,H,0.595122857907821,0.21767407238423003,0.18720306970794892,0.5337475514201763,0.2484451518119491,0.21780729676787464,2024-08-16
2024-08-31,Premier League,Everton,Bournemouth,A,0.42480763852797837,0.27474203367025574,0.30045032780176595,0.310178271157239,0.28230718012571904,0.40751454871704207,2024-08-16
2024-08-31,Premier League,Leicester,Aston Villa,A,0.3880559716724608,0.2364794754697388,0.3754645528578002,0.24244085316314445,0.2512113233034132,0.5063478235334423,2024-08-16
2024-08-31,Premier League,Nott'm Forest,Wolves,D,0.41634572256507796,0.26753862642527537,0.31611565100964656,0.4863802683290419,0.26290825315083344,0.2507114785201247,2024-08-16
2024-08-31,Premier League,West Ham,Man City,A,0.11780524076921352,0.16503135258106813,0.7171634066497183,0.1261406333870102,0.1850062623009483,0.6888531043120416,2024-08-16
2024-09-01,Premier League,Man United,Liverpool,A,0.27029277692364845,0.23625971647752853,0.49344750659882297,0.2770839443000597,0.23663373345333563,0.4862823222466048,2024-08-16
2024-09-01,Premier League,Newcastle,Tottenham,H,0.48053775647103436,0.2130053068103398,0.30645693671862567,0.38439163561661144,0.2500027861465365,0.3656055782368522,2024-08-16
2024-09-01,Premier League,Chelsea,Crystal Palace,D,0.5257182937224679,0.2345168517618224,0.23976485451570972,0.5784025586722567,0.22917837230410165,0.1924190690236418,2024-08-16
2024-09-14,Premier League,Southampton,Man United,A,0.24586794225819944,0.24138604307992262,0.5127460146618781,0.23110113910942354,0.23558853986882983,0.5333103210217466,2024-08-16
2024-09-14,Premier League,Crystal Palace,Leicester,D,0.4416299826886968,0.24957576271906554,0.30879425459223764,0.580391969178492,0.2411081065990253,0.1784999242224828,2024-08-16
2024-09-14,Premier League,Fulham,West Ham,D,0.4676902915409504,0.23784547962807917,0.2944642288309704,0.4119830029394828,0.28512606655049244,0.3028909305100247,2024-08-16
2024-09-14,Premier League,Liverpool,Nott'm Forest,A,0.776220550193958,0.13949305589080624,0.0842863939152359,0.7900155901832469,0.1355582306643546,0.07442617915239855,2024-08-16
2024-09-14,Premier League,Man City,Brentford,H,0.784263136715961,0.13739798187758914,0.0783388814064496,0.7968249122271408,0.13391085330483896,0.06926423446802013,2024-08-16
2024-09-14,Premier League,Aston Villa,Everton,H,0.5580522246403041,0.24138016854689576,0.20056760681280025,0.578428036747193,0.24293977543382106,0.17863218781898604,2024-08-16
2024-09-14,Premier League,Bournemouth,Chelsea,A,0.27911626926409755,0.2316552238526144,0.48922850688328823,0.3069427748582718,0.25673050034319833,0.4363267247985299,2024-08-16
2024-09-15,Premier League,Tottenham,Arsenal,A,0.25991041407793747,0.22440022145604008,0.5156893644660226,0.35125578333862717,0.27879040683323697,0.36995380982813586,2024-09-15
2024-09-15,Premier League,Wolves,Newcastle,A,0.2506746478150443,0.23793353258037234,0.5113918196045835,0.26995814846282135,0.2605494194279241,0.46949243210925456,2024-09-15
2024-09-21,Premier League,Tottenham,Brentford,H,0.5306035986926105,0.21708630041272478,0.25231010089466455,0.6545546687981806,0.18994919800417792,0.15549613319764163,2024-09-15
2024-09-21,Premier League,Crystal Palace,Man United,D,0.35973932110232926,0.2637708457847081,0.3764898331129627,0.34743616595898624,0.2740341590662427,0.378529674974771,2024-09-15
2024-09-21,Premier League,Southampton,Ipswich,D,0.41989325755541407,0.33452160319012053,0.24558513925446532,0.40221184789013287,0.27969904364773607,0.31808910846213123,2024-09-15
2024-09-21,Premier League,Liverpool,Bournemouth,H,0.7600804682938949,0.1484379620081104,0.09148156969799492,0.7709770100120185,0.14068923540365302,0.08833375458432842,2024-09-15
2024-09-21,Premier League,Leicester,Everton,D,0.5144818656652203,0.2488770768112753,0.23664105752350423,0.461745195486637,0.2754729859437323,0.26278181856963084,2024-09-15
2024-09-21,Premier League,Fulham,Newcastle,H,0.3255552071861434,0.24239647186851754,0.43204832094533896,0.322679488285396,0.2729669620789624,0.4043535496356414,2024-09-15
2024-09-21,Premier League,Aston Villa,Wolves,H,0.5901296913053297,0.2201246038641306,0.18974570483053962,0.581287879801453,0.2305821280922628,0.18812999210628417,2024-09-15
2024-09-21,Premier League,West Ham,Chelsea,A,0.31837214611082776,0.23112757432860112,0.45050027956057087,0.2704722352193826,0.2464455138166455,0.4830822509639719,2024-09-15
2024-09-22,Premier League,Brighton,Nott'm Forest,D,0.5293735679595427,0.24267357258483963,0.22795285945561783,0.5276603405782255,0.25416100174448564,0.21817865767728878,2024-09-15
2024-09-22,Premier League,Man City,Arsenal,D,0.5191316620367341,0.23955619031666295,0.24131214764660294,0.5367194009969447,0.26542680759684967,0.19785379140620568,2024-09-15
2024-09-28,Premier League,Newcastle,Man City,D,0.19209083919778927,0.20470994513728566,0.603199215664925,0.19771439318300615,0.22903085735147286,0.5732547494655209,2024-09-15
2024-09-28,Premier League,Arsenal,Leicester,H,0.7244847726329757,0.16510904881931784,0.11040617854770642,0.8031857451403888,0.14173866090712742,0.05507559395248379,2024-09-15
2024-09-28,Premier League,Brentford,West Ham,D,0.48555100892054376,0.23335945111278614,0.28108953996667,0.4299294604276693,0.2729327473501496,0.2971377922221812,2024-09-15
2024-09-28,Premier League,Chelsea,Brighton,H,0.5085333900873588,0.2340671706375207,0.25739943927512066,0.5355908245886276,0.23081414107271808,0.23359503433865442,2024-09-15
2024-09-28,Premier League,Everton,Crystal Palace,H,0.32399636244872354,0.28457259563874926,0.3914310419125273,0.3488977608054157,0.290574553028988,0.3605276861655962,2024-09-15
2024-09-28,Premier League,Nott'm Forest,Fulham,A,0.3590894902018176,0.2642338220990566,0.3766766876991259,0.3673849015656488,0.3080917687180282,0.32452332971632303,2024-09-15
2024-09-28,Premier League,Wolves,Liverpool,A,0.14584476485944645,0.20402164399309547,0.6501335911474582,0.11084094006451424,0.16244252056513683,0.726716539370349,2024-09-15
2024-09-29,Premier League,Man United,Tottenham,A,0.4083998412100478,0.23492934249663444,0.3566708162933178,0.45593290202333364,0.24847757128263945,0.2955895266940267,2024-09-15
2024-09-29,Premier League,Ipswich,Aston Villa,D,0.17187769100646808,0.273278355781513,0.5548439532120186,0.2668615887804153,0.27057832400019827,0.4625600872193866,2024-09-15
2024-09-30,Premier League,Bournemouth,Southampton,H,0.5326867533273617,0.2407849880052593,0.22652825866737908,0.6505598535657596,0.20668106222025198,0.1427590842139885,2024-09-15
2024-10-05,Premier League,Crystal Palace,Liverpool,A,0.2019559543462002,0.22895129443329848,0.5690927512205013,0.18885460730016135,0.23675919061532424,0.5743862020845144,2024-09-15
2024-10-05,Premier League,Arsenal,Southampton,H,0.834129327525778,0.11523083583796485,0.050639836636257235,0.8306971008498688,0.11780056686868555,0.05150233228144563,2024-09-15
2024-10-05,Premier League,Brentford,Wolves,H,0.5350947368080144,0.2419613245699052,0.22294393862208015,0.4607023974533041,0.2692748084837872,0.2700227940629088,2024-09-15
2024-10-05,Premier League,Leicester,Bournemouth,H,0.5084408373106756,0.23085211563387203,0.26070704705545245,0.2629633172971791,0.2553712005248196,0.4816654821780013,2024-09-15
2024-10-05,Premier League,Man City,Fulham,H,0.7897512628943544,0.1368126396371912,0.07343609746845459,0.7668303097633484,0.1481911334818741,0.08497855675477742,2024-09-15
2024-10-05,Premier League,West Ham,Ipswich,H,0.5787442404075923,0.2643527265491595,0.15690303304324807,0.5065666041275798,0.2532833020637899,0.24015009380863042,2024-09-15
2024-10-05,Premier League,Everton,Newcastle,D,0.24301033660954022,0.2446147363961809,0.5123749269942791,0.26047874196367804,0.25633319169369917,0.48318806634262285,2024-09-15
2024-10-06,Premier League,Aston Villa,Man United,D,0.44042894562263707,0.24169193293944544,0.3178791214379175,0.43607391255446754,0.2532408398428288,0.31068524760270366,2024-09-15
2024-10-06,Premier League,Chelsea,Nott'm Forest,D,0.6169108506639718,0.20686677274721857,0.17622237658880965,0.6397330974606473,0.20689240598727318,0.15337449655207946,2024-09-15
2024-10-06,Premier League,Brighton,Tottenham,H,0.3715389687408127,0.2379944089337207,0.3904666223254665,0.3308448652585579,0.24624908958485062,0.4229060451565914,2024-09-15
2024-10-19,Premier League,Southampton,Leicester,A,0.26249731430974815,0.24792032870691738,0.4895823569833343,0.4364712206931609,0.27809452061307105,0.28543425869376793,2024-10-19
2024-10-19,Premier League,Bournemouth,Arsenal,H,0.13693194600508504,0.19492061856882975,0.6681474354260852,0.18758097645757624,0.26139990519829354,0.5510191183441302,2024-10-19
2024-10-19,Premier League,Newcastle,Brighton,A,0.5180702680662711,0.23095515180682183,0.25097458012690715,0.5544300924457531,0.23780702494609512,0.20776288260815162,2024-10-19
2024-10-19,Premier League,Man United,Brentford,H,0.466650337182175,0.250609895909442,0.282739766908383,0.5820329789716806,0.22040704645866357,0.19755997456965577,2024-10-19
2024-10-19,Premier League,Ipswich,Everton,A,0.31747354454923654,0.3004198927454868,0.38210656270527654,0.39860394813796457,0.28355499517686106,0.3178410566851744,2024-10-19
2024-10-19,Premier League,Fulham,Aston Villa,A,0.37702518036188154,0.25291239120183173,0.3700624284362869,0.39231413134464654,0.28119625599269465,0.32648961266265886,2024-10-19
2024-10-19,Premier League,Tottenham,West Ham,H,0.5983952043653149,0.19851435010703816,0.20309044552764674,0.66753221302239,0.17760031355641565,0.15486747342119447,2024-10-19
2024-10-20,Premier League,Wolves,Man City,A,0.09011587878863475,0.15885398391163766,0.7510301372997276,0.11997707079392375,0.17754848571701537,0.702474443489061,2024-10-19
2024-10-20,Premier League,Liverpool,Chelsea,H,0.6008648988448712,0.2111113200128193,0.1880237811423094,0.5653131529903428,0.22098605071440672,0.21370079629525046,2024-10-19
2024-10-21,Premier League,Nott'm Forest,Crystal Palace,H,0.3565040117179365,0.28079570964928285,0.3627002786327806,0.40906213735626124,0.29502057179027324,0.2959172908534656,2024-10-19
2024-10-25,Premier League,Leicester,Nott'm Forest,A,0.49528282848703786,0.24618402041679274,0.2585331510961694,0.3173687685454311,0.2865653292454334,0.39606590220913557,2024-10-19
2024-10-26,Premier League,Aston Villa,Bournemouth,D,0.5871301818342654,0.2156661372798326,0.19720368088590207,0.5419599659617461,0.2443597831414422,0.21368025089681178,2024-10-19
2024-10-26,Premier League,Brentford,Ipswich,H,0.6334985787971472,0.21234611495906638,0.1541553062437863,0.5788559294768677,0.23376874075027348,0.1873753297728589,2024-10-19
2024-10-26,Premier League,Brighton,Wolves,D,0.549843640603681,0.23761725346935103,0.212539105926968,0.6130602954628943,0.21964518522253357,0.1672945193145722,2024-10-19
2024-10-26,Premier League,Man City,Southampton,H,0.8932918469485939,0.07801564466972355,0.028692508381682507,0.8655293527345709,0.09232313095835423,0.04214751630707476,2024-10-19
2024-10-26,Premier League,Everton,Fulham,D,0.31941601464413966,0.28680059143747044,0.39378339391838985,0.35724216897031164,0.28813282080641206,0.35462501022327636,2024-10-19
2024-10-27,Premier League,Arsenal,Liverpool,D,0.4478289612746183,0.25632891515351064,0.2958421235718712,0.4285075250372462,0.2811306594897541,0.29036181547299966,2024-10-19
2024-10-27,Premier League,West Ham,Man United,H,0.35658536210126535,0.2545087508333508,0.3889058870653841,0.2866944112871138,0.2612618425439021,0.45204374616898413,2024-10-19
2024-10-27,Premier League,Chelsea,Newcastle,H,0.45678330717246407,0.23262551947950777,0.31059117334802827,0.533090151120375,0.2407503908285565,0.22615945805106824,2024-10-19
2024-10-27,Premier League,Crystal Palace,Tottenham,H,0.3193413191648843,0.24836810253432653,0.43229057830078915,0.25702959251770474,0.2447284281402831,0.4982419793420123,2024-10-19
2024-11-02,Premier League,Newcastle,Arsenal,H,0.26001678907680886,0.23704622734107658,0.5029369835821145,0.24106473256693736,0.2632766591449208,0.4956586082881417,2024-10-19
2024-11-02,Premier League,Bournemouth,Man City,H,0.097409659074241,0.15957174066241128,0.7430186002633478,0.15875486381322956,0.21945525291828794,0.6217898832684825,2024-10-19
2024-11-02,Premier League,Ipswich,Leicester,D,0.2593032212335754,0.2538299621494812,0.48686681661694353,0.4114513981358189,0.2743009320905459,0.3142476697736351,2024-10-19
2024-11-02,Premier League,Liverpool,Brighton,H,0.6717177471504752,0.19199416167409458,0.13628809117543006,0.7110411482038408,0.1670148465556517,0.12194400524050739,2024-10-19
2024-11-02,Premier League,Nott'm Forest,West Ham,H,0.38072830558235077,0.2562966081375261,0.3629750862801231,0.4736030494672096,0.2806029628346184,0.245793987698172,2024-10-19
2024-11-02,Premier League,Southampton,Everton,H,0.3228064617039221,0.2933564750519191,0.3838370632441589,0.3580147717791031,0.29419944992119657,0.34778577829970025,2024-10-19
2024-11-02,Premier League,Wolves,Crystal Palace,D,0.33654719693249713,0.27853814864447973,0.38491465442302336,0.3983918295796654,0.29104073777676154,0.310567432643573,2024-10-19
2024-11-03,Premier League,Tottenham,Aston Villa,H,0.4969969412940247,0.22131992837340975,0.28168313033256553,0.48854560704408956,0.24064498960835104,0.27080940334755943,2024-10-19
2024-11-03,Premier League,Man United,Chelsea,D,0.3780152388981967,0.25401242240775374,0.3679723386940495,0.3577307455073166,0.26658291172052084,0.3756863427721626,2024-10-19
2024-11-04,Premier League,Fulham,Brentford,H,0.42366817689106,0.2530303901037839,0.32330143300515607,0.48104930268293855,0.2584360615477489,0.2605146357693126,2024-10-19
2024-11-09,Premier League,Brighton,Man City,H,0.15129178686373518,0.19855636950839492,0.6501518436278699,0.23649669131957968,0.23364733359283768,0.5298559750875828,2024-10-19
2024-11-09,Premier League,Liverpool,Aston Villa,H,0.6424106458170147,0.1984513902076386,0.15913796397534663,0.662251655629139,0.19867549668874168,0.1390728476821192,2024-10-19
2024-11-09,Premier League,West Ham,Everton,D,0.48926971516014756,0.25891280171740744,0.25181748312244506,0.4481876778687135,0.2755148048088126,0.276297517322474,2024-10-19
2024-11-09,Premier League,Crystal Palace,Fulham,A,0.3994588460504226,0.2744944532045062,0.3260467007450712,0.2889018586693005,0.29503007991380087,0.41606806141689867,2024-10-19
2024-11-09,Premier League,Wolves,Southampton,H,0.5077098057603797,0.2571222823018908,0.23516791193772948,0.4984338487545369,0.25918560135235913,0.24238054989310395,2024-10-19
2024-11-09,Premier League,Brentford,Bournemouth,H,0.5341689940989177,0.23137115468187902,0.23445985121920335,0.36881601525262153,0.2758284080076263,0.35535557673975215,2024-10-19
2024-11-10,Premier League,Man United,Leicester,H,0.4966330170477692,0.24452391169394114,0.25884307125828965,0.7187060981739704,0.1726429239385872,0.10865097788744235,2024-10-19
2024-11-10,Premier League,Nott'm Forest,Newcastle,A,0.2683067716057207,0.2451495854882938,0.4865436429059855,0.346668108542341,0.29519314697090243,0.35813874448675664,2024-10-19
2024-11-10,Premier League,Tottenham,Ipswich,A,0.7347959950289328,0.1625855928532894,0.10261841211777753,0.7658733722496632,0.14360125729681186,0.09052537045352492,2024-10-19
2024-11-10,Premier League,Chelsea,Arsenal,D,0.2684214376738213,0.2388638093737496,0.4927147529524291,0.3240442192538001,0.2901888530631046,0.3857669276830954,2024-10-19
2024-11-23,Premier League,Fulham,Wolves,A,0.5265210381758377,0.24475390110895356,0.2287250607152085,0.6172636631765573,0.2187593569271321,0.16397697989631052,2024-11-23
2024-11-23,Premier League,Everton,Brentford,D,0.32663546126951565,0.2721331222942865,0.4012314164361977,0.40910937570532213,0.2847018462510721,0.30618877804360584,2024-11-23
2024-11-23,Premier League,Bournemouth,Brighton,A,0.3525949102153679,0.25552528043791645,0.3918798093467158,0.39119804400977987,0.27057864710676444,0.33822330888345553,2024-11-23
2024-11-23,Premier League,Man City,Tottenham,A,0.6949818455134639,0.1705048739922587,0.13451328049427747,0.6723446893787575,0.18336673346693386,0.1442885771543086,2024-11-23
2024-11-23,Premier League,Arsenal,Nott'm Forest,H,0.728185767858658,0.17168437963011812,0.10012985251122382,0.6882823045027723,0.20218292694768936,0.10953476854953827,2024-11-23
2024-11-23,Premier League,Leicester,Chelsea,A,0.29325362869229854,0.23077492137139316,0.4759714499363085,0.13862463912158643,0.19215296511903068,0.6692223957593828,2024-11-23
2024-11-23,Premier League,Aston Villa,Crystal Palace,D,0.508726041561466,0.2472129156230147,0.24406104281551927,0.5540072395531865,0.2524772576088741,0.19351550283793942,2024-11-23
2024-11-24,Premier League,Southampton,Liverpool,A,0.09447002325861673,0.17146611358129424,0.7340638631600889,0.09695314978014667,0.16294647021873387,0.7401003800011196,2024-11-23
2024-11-24,Premier League,Ipswich,Man United,D,0.2490993530397343,0.24767032606083048,0.5032303208994351,0.18855625822883165,0.23342902160540455,0.5780147201657637,2024-11-23
2024-11-25,Premier League,Newcastle,West Ham,A,0.6028456715956209,0.20516950356424074,0.19198482484013843,0.6475111492068223,0.20621374178561222,0.1462751090075653,2024-11-23
2024-11-29,Premier League,Brighton,Southampton,D,0.6470625986627786,0.20954469619625574,0.14339270514096567,0.6976893909873033,0.1695090421764927,0.13280156683620392,2024-11-23
2024-11-30,Premier League,Brentford,Leicester,H,0.51150056563877,0.22193079157887036,0.2665686427823596,0.5963643759692879,0.22295273688760076,0.18068288714311143,2024-11-23
2024-11-30,Premier League,Crystal Palace,Newcastle,D,0.3134161029757299,0.26182476346699235,0.42475913355727785,0.29510810920300073,0.27588010208779107,0.4290117887092081,2024-11-23
2024-11-30,Premier League,Nott'm Forest,Ipswich,H,0.5259689268896438,0.24161515641576584,0.23241591669459044,0.5588425899607754,0.24431811721903246,0.19683929282019216,2024-11-23
2024-11-30,Premier League,Wolves,Bournemouth,A,0.39548044329443566,0.25985136846519635,0.3446681882403679,0.35409956468185055,0.27982005829743933,0.3660803770207101,2024-11-23
2024-11-30,Premier League,West Ham,Arsenal,A,0.17255586276480187,0.2070743929531835,0.6203697442820146,0.13222106399682246,0.19846679135719358,0.669312144645984,2024-11-23
2024-12-01,Premier League,Tottenham,Fulham,D,0.5490386589699635,0.22005019019853747,0.23091115083149902,0.49112025520051467,0.2395118485953249,0.2693678962041604,2024-11-23
2024-12-01,Premier League,Chelsea,Aston Villa,H,0.510091088459155,0.22678023969579503,0.26312867184504996,0.554597408936525,0.2384632593707417,0.2069393316927332,2024-11-23
2024-12-01,Premier League,Man United,Everton,H,0.5457677836654321,0.2628334811367239,0.19139873519784426,0.5991836453337798,0.23849570158248726,0.16232065308373297,2024-11-23
2024-12-01,Premier League,Liverpool,Man City,H,0.3709239303600487,0.2567090083890003,0.37236706125095087,0.4716770740410348,0.25841882247992864,0.2699041034790366,2024-11-23
2024-12-03,Premier League,Leicester,West Ham,H,0.45090267823544117,0.23381859281156178,0.31527872895299713,0.32055389300548015,0.27842395278190274,0.40102215421261705,2024-11-23
2024-12-03,Premier League,Ipswich,Crystal Palace,A,0.3146504547379695,0.26846829281369095,0.41688125244833946,0.2902991604147663,0.2868738015898133,0.42282703799542054,2024-11-23
2024-12-04,Premier League,Everton,Wolves,H,0.4041546993352557,0.29025833411906693,0.30558696654567724,0.4545325093270299,0.2894939196309059,0.2559735710420642,2024-11-23
2024-12-04,Premier League,Man City,Nott'm Forest,H,0.7928010122630934,0.13668265583698105,0.07051633189992547,0.7388101812491066,0.16459886691094042,0.09659095183995306,2024-11-23
2024-12-04,Premier League,Newcastle,Liverpool,D,0.2814932916004386,0.24245635980619068,0.4760503485933707,0.264,0.25976470588235295,0.4762352941176471,2024-11-23
2024-12-04,Premier League,Southampton,Chelsea,A,0.1739251243891265,0.2182875100727953,0.6077873655380782,0.10702148002991489,0.1631403065329963,0.7298382134370888,2024-11-23
2024-12-04,Premier League,Arsenal,Man United,H,0.6276285730091928,0.2152734741451797,0.1570979528456275,0.6555012718536762,0.1983930229741188,0.14610570517220495,2024-11-23
2024-12-04,Premier League,Aston Villa,Brentford,H,0.4996721657499614,0.22548714470448544,0.274840689545553,0.5783091513333873,0.22968306719623893,0.1920077814703737,2024-11-23
2024-12-05,Premier League,Fulham,Brighton,H,0.4076866074662944,0.2595098692810924,0.3328035232526132,0.37022427589315904,0.26777865434464104,0.3619970697621999,2024-11-23
2024-12-05,Premier League,Bournemouth,Tottenham,H,0.2928282386217401,0.22974362498851866,0.47742813638974124,0.43880871968068774,0.24427387166103776,0.3169174086582745,2024-11-23
2024-12-07,Premier League,Crystal Palace,Man City,D,0.14568266372388633,0.2110530555733637,0.6432642807027499,0.20722537624881965,0.2405660927244961,0.5522085310266843,2024-11-23
2024-12-07,Premier League,Man United,Nott'm Forest,A,0.5306900313759891,0.24837820996625673,0.2209317586577542,0.5741529150979909,0.24379859962703632,0.18204848527497272,2024-11-23
2024-12-07,Premier League,Aston Villa,Southampton,H,0.67853893544038,0.19126486980963506,0.1301961947499849,0.729450282261462,0.16755939126213204,0.102990326476406,2024-11-23
2024-12-07,Premier League,Brentford,Newcastle,H,0.3554123550879253,0.23630044689211735,0.40828719801995716,0.3222039814239655,0.26017540745999346,0.4176206111160411,2024-11-23
2024-12-08,Premier League,Fulham,Arsenal,D,0.21076354739719186,0.23726213527002657,0.5519743173327817,0.1765791632485644,0.2312346185397867,0.5921862182116489,2024-11-23
2024-12-08,Premier League,Ipswich,Bournemouth,A,0.3451166808777364,0.25322387465822815,0.4016594444640354,0.24774340315424678,0.2542288325561904,0.4980277642895628,2024-11-23
2024-12-08,Premier League,Leicester,Brighton,D,0.36484381289609125,0.24573114238341953,0.38942504472048917,0.19491041880634483,0.22731941116056148,0.5777701700330937,2024-11-23
2024-12-08,Premier League,Tottenham,Chelsea,A,0.44813289596880135,0.22651966939366405,0.32534743463753435,0.3314708682919818,0.23688040099890412,0.4316487307091141,2024-11-23
2024-12-09,Premier League,West Ham,Wolves,H,0.4858866405035657,0.24238595192196755,0.2717274075744666,0.5340122199592667,0.24358452138492873,0.2224032586558045,2024-11-23
2024-12-14,Premier League,Wolves,Ipswich,A,0.49004115398864717,0.24759013030104354,0.26236871571030923,0.4861800742259655,0.26640004067176193,0.24741988510227253,2024-11-23
2024-12-14,Premier League,Newcastle,Leicester,H,0.604787614167701,0.2031182296562473,0.1920941561760517,0.7457010330013254,0.15293391614812557,0.10136505085054899,2024-11-23
2024-12-14,Premier League,Nott'm Forest,Aston Villa,H,0.3338892698831883,0.2526824752905762,0.4134282548262355,0.3566528006191351,0.2968482151494631,0.34649898423140174,2024-11-23
2024-12-14,Premier League,Arsenal,Everton,D,0.7306354775211346,0.180968662886633,0.0883958595922326,0.7761194029850745,0.14925373134328357,0.07462686567164178,2024-11-23
2024-12-14,Premier League,Liverpool,Fulham,D,0.6838853546123668,0.18960654521037323,0.12650810017726,0.7437509538001289,0.15651529044081017,0.09973375575906096,2024-11-23
2024-12-15,Premier League,Chelsea,Brentford,H,0.5615406404176881,0.21301427019135064,0.225445089390961,0.7301808066759388,0.15299026425591097,0.11682892906815022,2024-11-23
2024-12-15,Premier League,Southampton,Tottenham,A,0.1768965903200858,0.2084657640012365,0.6146376456786777,0.24057195367618228,0.21646117880885887,0.5429668675149589,2024-11-23
2024-12-15,Premier League,Brighton,Crystal Palace,A,0.4800662113400848,0.26124395047027515,0.2586898381896398,0.505429979772589,0.2601677107676597,0.23440230945975138,2024-11-23
2024-12-15,Premier League,Man City,Man United,A,0.7000883095410368,0.1825916236502134,0.11732006680874979,0.6354114713216958,0.19840399002493764,0.1661845386533666,2024-11-23
2024-12-16,Premier League,Bournemouth,West Ham,D,0.43512651144549735,0.24439702021351445,0.3204764683409882,0.5453431958319392,0.23503895607284547,0.21961784809521534,2024-11-23
2024-12-21,Premier League,Crystal Palace,Arsenal,A,0.1889712803703362,0.24100725580002288,0.5700214638296408,0.12784058683404542,0.21121488259537943,0.660944530570575,2024-11-23
2024-12-21,Premier League,West Ham,Brighton,D,0.36318352038511686,0.2478746480018299,0.3889418316130532,0.34362480797614386,0.26425494743817585,0.3921202445856803,2024-11-23
2024-12-21,Premier League,Ipswich,Newcastle,A,0.21451660066423817,0.22065195778973154,0.5648314415460302,0.21079856999988505,0.22869656179232808,0.5605048682077869,2024-11-23
2024-12-21,Premier League,Brentford,Nott'm Forest,A,0.5047110457901927,0.2373004406386987,0.2579885135711089,0.3844189209611607,0.2657322049267039,0.34984887411213544,2024-11-23
2024-12-21,Premier League,Aston Villa,Man City,H,0.19106623245663082,0.21027595129313692,0.5986578162502323,0.3029749153731987,0.26285121036431564,0.43417387426248566,2024-11-23
2024-12-22,Premier League,Everton,Chelsea,D,0.2439512558032062,0.262422626443489,0.49362611775330495,0.19292076691691734,0.23516619032938096,0.5719130427537017,2024-11-23
2024-12-22,Premier League,Fulham,Southampton,D,0.617622211278593,0.22356494343202352,0.15881284528938366,0.5915292201181023,0.2394624312767257,0.16900834860517205,2024-11-23
2024-12-22,Premier League,Leicester,Wolves,A,0.48861809373953724,0.24000051114044554,0.2713813951200172,0.31902953411452345,0.27721939574054033,0.4037510701449363,2024-11-23
2024-12-22,Premier League,Man United,Bournemouth,A,0.5381366664654191,0.24041125869403604,0.22145207484054474,0.5162383326940289,0.2554021224907301,0.228359544815241,2024-11-23
2024-12-22,Premier League,Tottenham,Liverpool,A,0.2855633441524539,0.23106530810723525,0.48337134774031065,0.19815242494226326,0.2133949191685912,0.5884526558891455,2024-11-23
2024-12-26,Premier League,Wolves,Man United,H,0.2910025848226255,0.26055666556332097,0.4484407496140536,0.21863186972957255,0.24207618493748184,0.5392919453329457,2024-12-26
2024-12-26,Premier League,Southampton,West Ham,A,0.25833076355747636,0.2557529539822194,0.4859162824603042,0.3115115851415962,0.2677454946671571,0.4207429201912468,2024-12-26
2024-12-26,Premier League,Nott'm Forest,Tottenham,H,0.2898262128615196,0.2374563758213205,0.47271741131715994,0.4500798722044728,0.24800319488817893,0.3019169329073482,2024-12-26
2024-12-26,Premier League,Liverpool,Leicester,H,0.7868823266837417,0.13246940311496738,0.08064827020129095,0.8854651201702664,0.07878832497841554,0.03574655485131816,2024-12-26
2024-12-26,Premier League,Chelsea,Fulham,A,0.5559090544156928,0.23080323712123155,0.21328770846307568,0.6629653105461261,0.19593711607233685,0.14109757338153703,2024-12-26
2024-12-26,Premier League,Bournemouth,Crystal Palace,D,0.40991558358007174,0.2710393976667078,0.3190450187532206,0.4565087239137873,0.2656731098186795,0.27781816626753336,2024-12-26
2024-12-26,Premier League,Man City,Everton,D,0.7381259363901692,0.17765306507345136,0.08422099853637932,0.7151112395261485,0.17682750650101128,0.10806125397284022,2024-12-26
2024-12-26,Premier League,Newcastle,Aston Villa,H,0.4933010540037747,0.23265529343014063,0.27404365256608454,0.4999983393504203,0.25064516236170936,0.24935649828787024,2024-12-26
2024-12-27,Premier League,Brighton,Brentford,D,0.44114453382646557,0.24409228739347752,0.314763178780057,0.596260218945315,0.2112835123654051,0.1924562686892799,2024-12-26
2024-12-27,Premier League,Arsenal,Ipswich,H,0.8422309287286938,0.11343210971749938,0.04433696155380695,0.8545202598449185,0.10439004255402788,0.04108969760105353,2024-12-26
2024-12-29,Premier League,West Ham,Liverpool,A,0.16546067315701535,0.19773583687598734,0.6368034899669974,0.12524061104967849,0.1764754064790924,0.698283982471229,2024-12-26
2024-12-29,Premier League,Tottenham,Wolves,D,0.658986900249421,0.183762940017792,0.15725015973278725,0.5789428001041576,0.2096172207273674,0.21143997916847496,2024-12-26
2024-12-29,Premier League,Fulham,Bournemouth,D,0.44989900755189843,0.2602914171087363,0.2898095753393654,0.4283807319264746,0.2778355032780278,0.29378376479549767,2024-12-26
2024-12-29,Premier League,Crystal Palace,Southampton,H,0.5959088689367027,0.2415385007767777,0.16255263028651948,0.6322042249320038,0.2173645986844867,0.15043117638350947,2024-12-26
2024-12-29,Premier League,Leicester,Man City,A,0.12279434601864515,0.1687115597076359,0.708494094273719,0.09374320932580177,0.14966789650926293,0.7565888941649355,2024-12-26
2024-12-29,Premier League,Everton,Nott'm Forest,A,0.3501802518369578,0.3084284231819998,0.34139132498104235,0.35892859230622337,0.3168392459771549,0.3242321617166218,2024-12-26
2024-12-30,Premier League,Aston Villa,Brighton,D,0.4651391302936013,0.24607581505985723,0.2887850546465412,0.5219762004742224,0.24958245061235315,0.22844134891342444,2024-12-26
2024-12-30,Premier League,Ipswich,Chelsea,H,0.14193086498350033,0.2032030118895887,0.6548661231269108,0.12783177117559577,0.18278974855601288,0.6893784802683914,2024-12-26
2024-12-30,Premier League,Man United,Newcastle,A,0.3763934808255745,0.2561019553911268,0.36750456378329893,0.35673956628949366,0.2685456179568133,0.374714815753693,2024-12-26
2025-01-01,Premier League,Brentford,Arsenal,A,0.18935889818124196,0.2156582939295201,0.594982807889238,0.16182572614107885,0.2157676348547718,0.6224066390041494,2024-12-26
2025-01-04,Premier League,Southampton,Brentford,A,0.2176053486778944,0.23902832960084497,0.5433663217212605,0.28288076238590043,0.2666054308513692,0.45051380676273023,2024-12-26
2025-01-04,Premier League,Brighton,Arsenal,D,0.1957912106852708,0.23140242621053395,0.5728063631041954,0.19690610099761,0.2637899668256025,0.5393039321767874,2024-12-26
2025-01-04,Premier League,Man City,West Ham,H,0.7661190245510151,0.14511062459128304,0.08877035085770182,0.77470859026512,0.13482497565387447,0.09046643408100567,2024-12-26
2025-01-04,Premier League,Bournemouth,Everton,H,0.4577366250978989,0.2869450564745678,0.2553183184275334,0.5703662600163173,0.2442374413168109,0.18539629866687177,2024-12-26
2025-01-04,Premier League,Aston Villa,Leicester,H,0.5851972047061315,0.20997944557863968,0.20482334971522906,0.7160458721424445,0.16862943210384457,0.11532469575371102,2024-12-26
2025-01-04,Premier League,Tottenham,Newcastle,A,0.4569584200529028,0.222880537881451,0.32016104206564616,0.2493561964053928,0.2073537667336955,0.5432900368609116,2024-12-26
2025-01-04,Premier League,Crystal Palace,Chelsea,D,0.28412790854100345,0.25667488134092703,0.4591972101180696,0.26710415706266777,0.2467662770832768,0.48612956585405537,2024-12-26
2025-01-05,Premier League,Fulham,Ipswich,D,0.6212037595376023,0.22605384175286553,0.15274239870953218,0.6108332446525487,0.2312440140470363,0.15792274130041503,2024-12-26
2025-01-05,Premier League,Liverpool,Man United,D,0.6344472657424337,0.20802514622829144,0.157527588029275,0.7121952317701884,0.17451991264999214,0.11328485557981945,2024-12-26
2025-01-06,Premier League,Wolves,Nott'm Forest,A,0.36934598923172834,0.26859860106773514,0.3620554097005366,0.24226019631676246,0.2744246856582535,0.48331511802498384,2024-12-26
2025-01-14,Premier League,Brentford,Man City,D,0.18282976420758082,0.20382965682652218,0.613340578965897,0.1863602881730476,0.21404574118323427,0.5995939706437182,2024-12-26
2025-01-14,Premier League,Chelsea,Bournemouth,D,0.5937777621375675,0.21542231816435087,0.1907999196980815,0.6287190262746195,0.20171402092977378,0.16956695279560666,2024-12-26
2025-01-14,Premier League,West Ham,Fulham,H,0.3760821493000156,0.2577465189194067,0.36617133178057787,0.30244959173471087,0.29511748041993,0.4024329278453591,2024-12-26
2025-01-14,Premier League,Nott'm Forest,Liverpool,D,0.17306906755859475,0.2187717135408429,0.6081592189005623,0.17111274871039056,0.22682387619749447,0.6020633750921149,2024-12-26
2025-01-15,Premier League,Newcastle,Wolves,H,0.6337567523900444,0.20099323993835558,0.1652500076716001,0.7067736322621376,0.17931108818502378,0.11391527955283864,2024-12-26
2025-01-15,Premier League,Everton,Aston Villa,A,0.28695655043482315,0.28473146118078285,0.4283119883843936,0.27436170014360584,0.311177008150096,0.41446129170629814,2024-12-26
2025-01-15,Premier League,Leicester,Crystal Palace,A,0.35881916289807675,0.25908682248587406,0.38209401461604914,0.2388229675618089,0.2677712060541494,0.49340582638404173,2024-12-26
2025-01-15,Premier League,Arsenal,Tottenham,H,0.6220953826415354,0.19911426000805516,0.17879035735040946,0.7011459348878837,0.1808563346065943,0.11799773050552188,2024-12-26
2025-01-16,Premier League,Man United,Southampton,H,0.6653452036806331,0.20929963856516484,0.12535515775420183,0.752588072993192,0.15915387117397012,0.08825805583283797,2024-12-26
2025-01-16,Premier League,Ipswich,Brighton,A,0.2186713513071142,0.2511230280064146,0.5302056206864711,0.24687294272547727,0.2593811718235681,0.49374588545095455,2024-12-26
2025-01-18,Premier League,Newcastle,Bournemouth,A,0.5640151051121922,0.22274759371415917,0.2132373011736486,0.5848572260301163,0.22843835181411598,0.18670442215576785,2024-12-26
2025-01-18,Premier League,Brentford,Liverpool,A,0.20276462320004338,0.21062745873695693,0.5866079180629995,0.1535079133844477,0.19434101834471076,0.6521510682708415,2024-12-26
2025-01-18,Premier League,Leicester,Fulham,A,0.33920024306160534,0.2516998120193132,0.40909994491908147,0.20850823254781928,0.2558214462657942,0.5356703211863867,2024-12-26
2025-01-18,Premier League,West Ham,Crystal Palace,A,0.39509989562540565,0.2636673270565932,0.341232777318001,0.3405259504897046,0.29334464409655275,0.3661294054137425,2024-12-26
2025-01-18,Premier League,Arsenal,Aston Villa,D,0.6588280781697641,0.19698975881182523,0.1441821630184106,0.6179337004995168,0.22302434707683713,0.15904195242364613,2024-12-26
2025-01-19,Premier League,Everton,Tottenham,H,0.24403091562152657,0.2549758091124677,0.5009932752660058,0.3805768286976272,0.27757170412134635,0.3418514671810265,2024-12-26
2025-01-19,Premier League,Man United,Brighton,A,0.4544669398930479,0.26018577516023933,0.2853472849467127,0.41696881798404645,0.2828136330674402,0.30021754894851344,2024-12-26
2025-01-19,Premier League,Nott'm Forest,Southampton,H,0.5812111622856116,0.244139009354316,0.17464982836007226,0.7069893552623555,0.18807289644843245,0.10493774828921204,2024-12-26
2025-01-19,Premier League,Ipswich,Man City,A,0.07267980220411623,0.1458397855817944,0.7814804122140893,0.11428788108600031,0.17662672531472778,0.709085393599272,2024-12-26
2025-01-20,Premier League,Chelsea,Wolves,H,0.661994209870177,0.1917386816418438,0.1462671084879794,0.6729246776747343,0.18457362587649853,0.14250169644876726,2024-12-26
2025-01-25,Premier League,Wolves,Arsenal,A,0.12440605054903066,0.19159742682159278,0.6839965226293764,0.16360867127182085,0.2337829929257584,0.6026083358024208,2025-01-25
2025-01-25,Premier League,Man City,Chelsea,H,0.6144138320468433,0.20540501764275215,0.1801811503104045,0.407665351478759,0.2504679151758956,0.3418667333453453,2025-01-25
2025-01-25,Premier League,Southampton,Newcastle,A,0.1262950668615129,0.19059498919710635,0.683109943941381,0.1466943866943867,0.19268191268191268,0.6606237006237007,2025-01-25
2025-01-25,Premier League,Brighton,Everton,A,0.4959239025444515,0.2824985542550649,0.22157754320048362,0.5578558039898246,0.26305395635292544,0.17909023965724996,2025-01-25
2025-01-25,Premier League,Bournemouth,Nott'm Forest,H,0.4110678896172925,0.2680931970029048,0.3208389133798027,0.49306014540647713,0.2604097818902842,0.24653007270323857,2025-01-25
2025-01-25,Premier League,Liverpool,Ipswich,H,0.8408393680503325,0.11209082386157121,0.047069808088096216,0.8812949640287769,0.07913669064748201,0.039568345323741004,2025-01-25
2025-01-26,Premier League,Crystal Palace,Brentford,A,0.3900346365531676,0.26551499181414984,0.3444503716326825,0.49226118990108897,0.2551985642381961,0.25254024586071494,2025-01-25
2025-01-26,Premier League,Tottenham,Leicester,A,0.6611134169425371,0.17940373042603938,0.15948285263142337,0.6422073193265437,0.19202634696694673,0.16576633370650956,2025-01-25
2025-01-26,Premier League,Aston Villa,West Ham,D,0.541405232231618,0.22440579693004983,0.23418897083833237,0.660919540229885,0.19827586206896547,0.14080459770114942,2025-01-25
2025-01-26,Premier League,Fulham,Man United,A,0.38861796073728994,0.26812957188353304,0.3432524673791768,0.40516413356686826,0.2739137804395729,0.320922085993559,2025-01-25
2025-02-01,Premier League,Nott'm Forest,Brighton,H,0.3740089901590596,0.2723694435325681,0.35362156630837244,0.3629877660105521,0.2819731051908057,0.35503912879864225,2025-01-25
2025-02-01,Premier League,Bournemouth,Liverpool,A,0.18350702530921442,0.21592476503327052,0.600568209657515,0.2081945786213559,0.22774336534636583,0.5640620560322782,2025-01-25
2025-02-01,Premier League,Everton,Leicester,H,0.41186652187766665,0.2885962717090964,0.29953720641323667,0.49517270269739555,0.2905803884092501,0.21424690889335435,2025-01-25
2025-02-01,Premier League,Ipswich,Southampton,A,0.42817616680359455,0.2846777291829234,0.28714610401348206,0.5085768608072989,0.2590351477711842,0.23238799142151698,2025-01-25
2025-02-01,Premier League,Newcastle,Fulham,A,0.5260702805803787,0.23521166540595764,0.23871805401366356,0.5482938351218857,0.25405237910097844,0.19765378577713594,2025-01-25
2025-02-01,Premier League,Wolves,Aston Villa,H,0.28104295005881796,0.24523574835757814,0.47372130158360387,0.2932410856838744,0.2797587369167997,0.42700017739932594,2025-01-25
2025-02-02,Premier League,Man United,Crystal Palace,A,0.4296850590503355,0.2792548233822642,0.2910601175674004,0.544852031354246,0.26000981657119515,0.19513815207455892,2025-01-25
2025-02-02,Premier League,Arsenal,Man City,H,0.39336486744419524,0.2602542689752931,0.3463808635805118,0.5089926601761946,0.23313572684329298,0.2578716129805124,2025-01-25
2025-02-02,Premier League,Brentford,Tottenham,A,0.3597314863331829,0.2254386522739401,0.4148298613928769,0.49280819062546893,0.2306014573710627,0.2765903520034683,2025-01-25
2025-02-03,Premier League,Chelsea,West Ham,H,0.6157306141459367,0.20229470455361317,0.18197468130045036,0.7499318491594729,0.14769650159018627,0.10237164925034076,2025-01-25
2025-02-12,Premier League,Everton,Liverpool,D,0.13557229915243624,0.227199938711542,0.6372277621360215,0.12274154644336228,0.2085286487962499,0.6687298047603878,2025-01-25
2025-02-14,Premier League,Brighton,Chelsea,H,0.33784555102594194,0.2521557440600886,0.40999870491396945,0.3299869052815364,0.257529463116543,0.4124836316019206,2025-01-25
2025-02-15,Premier League,Leicester,Arsenal,A,0.115575701693208,0.17799911871388216,0.70642517959291,0.09550781783577536,0.1756167302596232,0.7288754519046015,2025-01-25
2025-02-15,Premier League,Aston Villa,Ipswich,D,0.6648910853975718,0.20115776221686382,0.13395115238556435,0.6743501501862967,0.19460204734835013,0.13104780246535322,2025-01-25
2025-02-15,Premier League,Fulham,Nott'm Forest,H,0.42012194581367046,0.27010979657617273,0.30976825761015686,0.4584621514794668,0.2737858482074563,0.26775200031307705,2025-01-25
2025-02-15,Premier League,Man City,Newcastle,H,0.6146111940816118,0.20504682605295513,0.1803419798654332,0.46538211568604965,0.23898000535229572,0.2956378789616546,2025-01-25
2025-02-15,Premier League,Southampton,Bournemouth,A,0.19792904635062106,0.2416778404317141,0.5603931132176648,0.15373154313915946,0.20283577299363004,0.6434326838672106,2025-01-25
2025-02-15,Premier League,West Ham,Brentford,A,0.3423912397707417,0.23842378027068112,0.41918497995857734,0.4055128831655246,0.26232639342244174,0.33216072341203373,2025-01-25
2025-02-15,Premier League,Crystal Palace,Everton,A,0.45185974300588405,0.30787079284955127,0.24026946414456474,0.48617188144968215,0.2991826962767275,0.21464542227359035,2025-01-25
2025-02-16,Premier League,Tottenham,Man United,H,0.4912129780462916,0.23205286659318944,0.2767341553605189,0.43999812567358604,0.2493322712150321,0.3106696031113818,2025-01-25
2025-02-16,Premier League,Liverpool,Wolves,H,0.7768672824639477,0.14277641645139677,0.08035630108465566,0.7875814008117243,0.13644015816879168,0.07597844101948399,2025-01-25
2025-02-19,Premier League,Aston Villa,Liverpool,D,0.21759272109407787,0.22316053256596716,0.559246746339955,0.24423749742745418,0.24000565960074086,0.5157568429718048,2025-01-25
2025-02-21,Premier League,Leicester,Brentford,A,0.29428664285202677,0.2351356302229446,0.4705777269250286,0.2598543998051447,0.25177602468166876,0.48836957551318655,2025-01-25
2025-02-22,Premier League,Everton,Man United,D,0.2852185405114594,0.30224923618789906,0.41253222330064154,0.36408532100451824,0.30860565304192494,0.32730902595355676,2025-01-25
2025-02-22,Premier League,Arsenal,West Ham,A,0.7470743427986539,0.15830539524254106,0.09462026195880527,0.7558665185307613,0.16753742421042647,0.07659605725881241,2025-01-25
2025-02-22,Premier League,Bournemouth,Wolves,A,0.513549599694556,0.24335200255051923,0.24309839775492473,0.5850383007897478,0.23068018510949675,0.18428151410075547,2025-01-25
2025-02-22,Premier League,Fulham,Crystal Palace,A,0.4117454203474869,0.278619515629471,0.3096350640230419,0.46323138508553585,0.27873521738671214,0.2580333975277521,2025-01-25
2025-02-22,Premier League,Ipswich,Tottenham,A,0.1571316724910411,0.19844357536102072,0.6444247521479379,0.28434268833087145,0.2525849335302806,0.46307237813884783,2025-01-25
2025-02-22,Premier League,Southampton,Brighton,A,0.17716055019992033,0.23448562153712357,0.5883538282629562,0.16649853857892968,0.21522981816300668,0.6182716432580637,2025-01-25
2025-02-22,Premier League,Aston Villa,Chelsea,H,0.3562291842678889,0.2442661081103742,0.399504707621737,0.36314736574385137,0.26959416625859334,0.3672584679975554,2025-01-25
2025-02-23,Premier League,Newcastle,Nott'm Forest,H,0.5339376841399432,0.23883327280335076,0.2272290430567061,0.5066758717711576,0.2507262045877893,0.242597923641053,2025-01-25
2025-02-23,Premier League,Man City,Liverpool,A,0.4480433825290546,0.24520181506914682,0.30675480240179853,0.30273008187059985,0.25344844063585104,0.44382147749354917,2025-01-25
2025-02-25,Premier League,Wolves,Fulham,A,0.32755411337382545,0.2606720768140805,0.41177380981209405,0.4020314124997153,0.2939323317973749,0.3040362557029097,2025-02-25
2025-02-25,Premier League,Chelsea,Southampton,H,0.7649562953655251,0.14772613668179396,0.08731756795268086,0.8218410484699437,0.117548174205398,0.06061077732465834,2025-02-25
2025-02-25,Premier League,Brighton,Bournemouth,H,0.42714196083136224,0.24967551891696071,0.323182520251677,0.48391605537814864,0.2481304263546119,0.2679535182672393,2025-02-25
2025-02-25,Premier League,Crystal Palace,Aston Villa,H,0.37929543869996357,0.26549822794038586,0.35520633335965074,0.4281269768457034,0.2737600668844357,0.29811295626986095,2025-02-25
2025-02-26,Premier League,Brentford,Everton,D,0.482808056276418,0.26340722058139404,0.2537847231421879,0.47942293715116363,0.2644642832654516,0.25611277958338474,2025-02-25
2025-02-26,Premier League,Man United,Ipswich,H,0.6480284395418497,0.20954020463706088,0.14243135582108923,0.639037001131039,0.21489739861043788,0.1460656002585232,2025-02-25
2025-02-26,Premier League,Nott'm Forest,Arsenal,D,0.18114013923462038,0.21943693999461303,0.5994229207707666,0.22240714123609953,0.2817157122323928,0.49587714653150766,2025-02-25
2025-02-26,Premier League,Tottenham,Man City,A,0.25221562988234486,0.20898681676819436,0.5387975533494607,0.24475921932181663,0.23132374904878134,0.523917031629402,2025-02-25
2025-02-26,Premier League,Liverpool,Newcastle,H,0.6134173690634893,0.1977441272714683,0.1888385036650424,0.7073497077487656,0.1715166547992582,0.12113363745197611,2025-02-25
2025-02-27,Premier League,West Ham,Leicester,H,0.5097471988370978,0.22970625826353175,0.26054654289937046,0.5426242385617525,0.2562789939381364,0.20109676750011116,2025-02-25
2025-03-08,Premier League,Brentford,Aston Villa,A,0.4207020093111585,0.2394954959381785,0.3398024947506632,0.45193425557558364,0.24536834583017803,0.3026973985942383,2025-02-25
2025-03-08,Premier League,Nott'm Forest,Man City,H,0.17854077204024077,0.20085456302061863,0.6206046649391403,0.24839784416160182,0.25096526373949946,0.5006368920988985,2025-02-25
2025-03-08,Premier League,Brighton,Fulham,H,0.4290505144043233,0.25448748962786416,0.3164619959678126,0.483396027301663,0.2736974689792514,0.24290650371908562,2025-02-25
2025-03-08,Premier League,Crystal Palace,Ipswich,H,0.6191506772478208,0.22677120646356258,0.1540781162886168,0.6178109907472688,0.23039507255895775,0.15179393669377342,2025-02-25
2025-03-08,Premier League,Liverpool,Southampton,H,0.8797480928729073,0.08506637885523544,0.0351855282718573,0.8777981651376147,0.08472660550458716,0.03747522935779817,2025-02-25
2025-03-08,Premier League,Wolves,Everton,D,0.367060215901774,0.2899881292276428,0.34295165487058316,0.3378378378378379,0.32432432432432434,0.3378378378378379,2025-02-25
2025-03-09,Premier League,Tottenham,Bournemouth,D,0.5241255202463342,0.21833492239828478,0.2575395573553811,0.34032092055476165,0.25412998245081414,0.40554909699442426,2025-02-25
2025-03-09,Premier League,Chelsea,Leicester,H,0.6735220777691777,0.17984154552213272,0.14663637670868956,0.7834494650900901,0.141821509009009,0.0747290259009009,2025-02-25
2025-03-09,Premier League,Man United,Arsenal,D,0.19735324270247598,0.2376640073596245,0.5649827499378998,0.1925073989871092,0.261333969055081,0.5461586319578098,2025-02-25
2025-03-10,Premier League,West Ham,Newcastle,A,0.27460847798983085,0.225214667702277,0.5001768543078926,0.2871948486405527,0.274250855462387,0.4385542958970602,2025-02-25
2025-03-15,Premier League,Bournemouth,Brentford,A,0.39947987996402656,0.24439008962774667,0.3561300304082266,0.5518748237947562,0.2232872850296025,0.22483789117564135,2025-02-25
2025-03-15,Premier League,Southampton,Wolves,A,0.250509130585422,0.25229825779422416,0.49719261162035366,0.24538017839924522,0.2840114601297386,0.47060836147101626,2025-02-25
2025-03-15,Premier League,Man City,Brighton,D,0.686045947831783,0.17827061727379181,0.13568343489442525,0.5307213318609119,0.243413543184328,0.2258651249547602,2025-02-25
2025-03-15,Premier League,Everton,West Ham,D,0.4009921084029684,0.2789541393198814,0.3200537522771502,0.4584422742626171,0.2936246590443348,0.24793306669304804,2025-02-25
2025-03-15,Premier League,Ipswich,Nott'm Forest,A,0.21041680683582012,0.23387508663672527,0.5557081065274546,0.24333711706690409,0.27120533438462213,0.48545754854847367,2025-02-25
2025-03-16,Premier League,Arsenal,Chelsea,H,0.6027384393646766,0.21333508712477,0.1839264735105533,0.5606853296619244,0.2593544439345265,0.17996022640354903,2025-02-25
2025-03-16,Premier League,Fulham,Tottenham,H,0.3331830866320218,0.23537941904703166,0.4314374943209465,0.5250306016760302,0.2369040519757698,0.23806534634820004,2025-02-25
2025-03-16,Premier League,Leicester,Man United,A,0.26527643170717524,0.24325899338000345,0.49146457491282114,0.2134234580791706,0.2547672693301094,0.5318092725907201,2025-02-25
2025-04-01,Premier League,Arsenal,Fulham,H,0.6570708085204102,0.2042774239354103,0.13865176754417965,0.6452249797626805,0.22657900452131335,0.12819601571600622,2025-04-01
2025-04-01,Premier League,Wolves,West Ham,H,0.38905575545389703,0.25154443915883123,0.3593998053872719,0.40694564752786844,0.29562312996705337,0.29743122250507814,2025-04-01
2025-04-01,Premier League,Nott'm Forest,Man United,H,0.39950297702713694,0.2550838024209418,0.3454132205519211,0.41392992285738933,0.28113737535111705,0.30493270179149373,2025-04-01
2025-04-02,Premier League,Southampton,Crystal Palace,D,0.1770935961276092,0.23376256484162838,0.5891438390307624,0.16965858600623504,0.23497508764059669,0.5953663263531682,2025-04-01
2025-04-02,Premier League,Newcastle,Brentford,H,0.5022337758107901,0.22324477901376003,0.2745214451754499,0.5685876657783706,0.22531445963245453,0.20609787458917483,2025-04-01
2025-04-02,Premier League,Liverpool,Everton,H,0.6975858135605676,0.19128051789108558,0.11113366854834685,0.647109125179908,0.22010514461901634,0.13278573020107554,2025-04-01
2025-04-02,Premier League,Brighton,Aston Villa,A,0.4244422666835193,0.2420738419377607,0.3334838913787202,0.40895224069009045,0.2780875236692615,0.312960235640648,2025-04-01
2025-04-02,Premier League,Bournemouth,Ipswich,A,0.6533636026245674,0.19521994243625243,0.1514164549391801,0.6918359002317024,0.17936486302303395,0.12879923674526372,2025-04-01
2025-04-02,Premier League,Man City,Leicester,H,0.8352326612733714,0.1076050567934623,0.057162281933166116,0.8071748878923767,0.1210762331838565,0.07174887892376682,2025-04-01
2025-04-03,Premier League,Chelsea,Tottenham,H,0.4506240079080633,0.22322582170543986,0.3261501703864969,0.5813293897630889,0.217672663879901,0.20099794635701002,2025-04-01
2025-04-05,Premier League,Everton,Arsenal,D,0.15466957648472515,0.24427029436295764,0.6010601291523172,0.23208761056121616,0.304842347414262,0.4630700420245218,2025-04-01
2025-04-05,Premier League,Crystal Palace,Brighton,H,0.3963205677351463,0.26370113651430627,0.3399782957505476,0.3771368915568315,0.28618034712253687,0.3366827613206316,2025-04-01
2025-04-05,Premier League,Ipswich,Wolves,A,0.28460399975664086,0.24841645344027552,0.4669795468030836,0.3416332927041616,0.2977537872192234,0.360612920076615,2025-04-01
2025-04-05,Premier League,West Ham,Bournemouth,D,0.3597181805034786,0.24704916685739362,0.3932326526391277,0.32020444978953694,0.27420324714371613,0.4055923030667468,2025-04-01
2025-04-05,Premier League,Aston Villa,Nott'm Forest,H,0.4346186994089447,0.24221738493098158,0.3231639156600738,0.4523617604384975,0.2819066043312376,0.2657316352302649,2025-04-01
2025-04-06,Premier League,Brentford,Chelsea,D,0.35451251385801136,0.23768473905146978,0.40780274709051895,0.3310868554807563,0.26668365893518453,0.4022294855840593,2025-04-01
2025-04-06,Premier League,Fulham,Liverpool,H,0.1964646235294919,0.21795359533571385,0.5855817811347944,0.2262550469626237,0.27341807083652275,0.5003268822008535,2025-04-01
2025-04-06,Premier League,Tottenham,Southampton,H,0.7840341909834917,0.13318333605943827,0.08278247295706972,0.7057229849512286,0.17142561868496156,0.12285139636380982,2025-04-01
2025-04-06,Premier League,Man United,Man City,D,0.21043553810133395,0.22184664063970103,0.5677178212589651,0.2795412873207491,0.2594143146336552,0.4610443980455957,2025-04-01
2025-04-07,Premier League,Leicester,Newcastle,A,0.1908013764560313,0.20203306675584387,0.6071655567881247,0.13030990874137213,0.20016676703571595,0.6695233242229119,2025-04-01
2025-04-12,Premier League,Southampton,Aston Villa,A,0.16539322627175437,0.20569189053633974,0.628914883191906,0.15589514760103035,0.20931611412810758,0.6347887382708621,2025-04-01
2025-04-12,Premier League,Nott'm Forest,Everton,A,0.4632930136351268,0.27255114574525724,0.26415584061961583,0.4887039357568546,0.2877280568509292,0.2235680073922163,2025-04-01
2025-04-12,Premier League,Arsenal,Brentford,D,0.659646969914011,0.19617229911248787,0.14418073097350106,0.5994145327751746,0.22902159035277897,0.17156387687204647,2025-04-01
2025-04-12,Premier League,Man City,Crystal Palace,H,0.6607593271855077,0.19709306990710396,0.14214760290738868,0.5929631439520588,0.2235539209382475,0.18348293510969368,2025-04-01
2025-04-12,Premier League,Brighton,Leicester,D,0.6196755745977509,0.20436088562024388,0.17596353978200518,0.7491587824722639,0.16242266040154962,0.08841855712618668,2025-04-01
2025-04-13,Premier League,Chelsea,Ipswich,D,0.7478804280980484,0.15307799126814495,0.0990415806338062,0.7994951386765532,0.13020041962296494,0.07030444170048179,2025-04-01
2025-04-13,Premier League,Liverpool,West Ham,H,0.7483072363091001,0.15196208634634933,0.09973067734455082,0.7528872694647508,0.15746661845014395,0.08964611208510521,2025-04-01
2025-04-13,Premier League,Wolves,Tottenham,H,0.26013058927729504,0.22131801601403708,0.518551394708668,0.42453154896946327,0.267817423454565,0.3076510275759718,2025-04-01
2025-04-13,Premier League,Newcastle,Man United,H,0.4866372857790083,0.2359013278702945,0.27746138635069734,0.5989237940050778,0.22304748190533935,0.17802872408958276,2025-04-01
2025-04-14,Premier League,Bournemouth,Fulham,H,0.40787779943478114,0.2534963213761817,0.3386258791890371,0.43434135813571084,0.282007142673621,0.2836514991906683,2025-04-01
2025-04-16,Premier League,Newcastle,Crystal Palace,H,0.49604529801557007,0.2423259540507005,0.2616287479337294,0.5741637831603229,0.24175317185697806,0.18408304498269892,2025-04-01
2025-04-19,Premier League,Brentford,Brighton,H,0.42325554337225657,0.240968934143092,0.3357755224846514,0.36020894844424256,0.2657279127867363,0.37406313876902114,2025-04-01
2025-04-19,Premier League,Crystal Palace,Bournemouth,D,0.41918373221744293,0.26264023615715054,0.3181760316254063,0.37594637494147604,0.27505681104475227,0.3489968140137717,2025-04-01
2025-04-19,Premier League,Everton,Man City,A,0.1564795702237242,0.2222733931309854,0.6212470366452906,0.23545284172861874,0.2607024762303473,0.5038446820410339,2025-04-01
2025-04-19,Premier League,West Ham,Southampton,D,0.6289334907611919,0.20766819534694045,0.16339831389186787,0.5903967361456182,0.22517456913460787,0.18442869471977405,2025-04-01
2025-04-19,Premier League,Aston Villa,Newcastle,H,0.3601919842942774,0.23442690662647014,0.4053811090792524,0.3788467799076965,0.2646737777437331,0.35647944234857043,2025-04-01
2025-04-20,Premier League,Leicester,Liverpool,A,0.09205162085787325,0.14550148472831334,0.7624468944138133,0.07179965906323565,0.13369591687636984,0.7945044240603946,2025-04-01
2025-04-20,Premier League,Man United,Wolves,A,0.530480528158206,0.23925637388890875,0.23026309795288505,0.37433155080213903,0.27807486631016043,0.3475935828877006,2025-04-01
2025-04-20,Premier League,Fulham,Chelsea,A,0.33575201777737856,0.24806249513139317,0.41618548709122827,0.3090031904131974,0.2696288226597152,0.4213679869270874,2025-04-01
2025-04-20,Premier League,Ipswich,Arsenal,A,0.07073059306111291,0.1396428024585487,0.7896266044803384,0.10835438128124049,0.1853648706592869,0.7062807480594726,2025-04-01
2025-04-21,Premier League,Tottenham,Nott'm Forest,A,0.5074973496404838,0.2202347481994088,0.2722679021601073,0.4064429228869682,0.2747783140644292,0.31877876304860253,2025-04-01
2025-04-22,Premier League,Man City,Aston Villa,H,0.6767325074071138,0.17928908929201715,0.1439784033008689,0.5120939743532574,0.240911204683429,0.24699482096331354,2025-04-01
2025-04-23,Premier League,Arsenal,Crystal Palace,D,0.6405417220558535,0.2174755615864907,0.14198271635765589,0.6932380428807037,0.20010995052226496,0.10665200659703132,2025-04-01
2025-04-26,Premier League,Chelsea,Everton,H,0.5472419229748203,0.2473900762887465,0.20536800073643321,0.674350171652771,0.196174595389897,0.12947523295733204,2025-04-01
2025-04-26,Premier League,Brighton,West Ham,H,0.5104072893022632,0.2329715912531238,0.25662111944461286,0.5408781387000733,0.24204296706828282,0.21707889423164378,2025-04-01
2025-04-26,Premier League,Newcastle,Ipswich,H,0.7512893365483196,0.1493980535294366,0.09931260992224387,0.8302171122397722,0.11427694368476864,0.05550594407545905,2025-04-01
2025-04-26,Premier League,Southampton,Fulham,A,0.1769373717379469,0.22247552655236816,0.6005871017096851,0.19012060135470016,0.23499091359656368,0.5748884850487362,2025-04-01
2025-04-26,Premier League,Wolves,Leicester,H,0.49577682911569343,0.2402905381560653,0.2639326327282412,0.6232153740270153,0.21658830263270712,0.16019632334027756,2025-04-01
2025-04-27,Premier League,Bournemouth,Man United,D,0.3884347274556034,0.25497076780389244,0.35659450474050425,0.4911410775836005,0.24744512305738647,0.2614137993590131,2025-04-01
2025-04-27,Premier League,Liverpool,Tottenham,H,0.6340123545619136,0.18690982433058267,0.1790778211075035,0.8076134537596278,0.12190391754862305,0.07048262869174933,2025-04-01
2025-05-01,Premier League,Nott'm Forest,Brentford,A,0.4028742767962792,0.24788626428222021,0.3492394589215007,0.4200298467553398,0.2734266315443348,0.30654352170032556,2025-05-01
2025-05-02,Premier League,Man City,Wolves,H,0.7501106436440061,0.15307106756374747,0.09681828879224641,0.7278495777539308,0.17286427471655857,0.09928614752951055,2025-05-01
2025-05-03,Premier League,Arsenal,Bournemouth,A,0.6718019247939269,0.19589155735753103,0.13230651784854222,0.5764304013663535,0.2391118701964133,0.1844577284372331,2025-05-01
2025-05-03,Premier League,Leicester,Southampton,H,0.5043050660007625,0.24929804754123436,0.24639688645800317,0.39673176203118676,0.2692500878050991,0.334018150163714,2025-05-01
2025-05-03,Premier League,Aston Villa,Fulham,H,0.46864654185590526,0.24280849571341925,0.2885449624306754,0.5163670718006332,0.2568174854458176,0.22681544275354917,2025-05-01
2025-05-03,Premier League,Everton,Ipswich,D,0.5511046541643879,0.2570024985342273,0.19189284730138492,0.6161748546446648,0.22497547018421482,0.15884967517112047,2025-05-01
2025-05-04,Premier League,Brentford,Man United,H,0.4381407246494092,0.2526977488742664,0.3091615264763247,0.5838237766941314,0.2219606524297965,0.19421557087607197,2025-05-01
2025-05-04,Premier League,Brighton,Newcastle,D,0.3219682281758348,0.22720058598832285,0.4508311858358423,0.3105954270091585,0.2592436497436443,0.4301609232471974,2025-05-01
2025-05-04,Premier League,West Ham,Tottenham,D,0.30735034963715857,0.223251840979128,0.46939780938371345,0.5244545125615493,0.24563059449085217,0.22991489294759865,2025-05-01
2025-05-04,Premier League,Chelsea,Liverpool,H,0.2701979743474807,0.23424766605167974,0.49555435960083954,0.41621657370869247,0.2536319746037345,0.330151451687573,2025-05-01
2025-05-05,Premier League,Crystal Palace,Nott'm Forest,D,0.3905180755030837,0.2646913404183986,0.3447905840785176,0.4441624365482234,0.2779187817258883,0.2779187817258883,2025-05-01
2025-05-10,Premier League,Fulham,Everton,A,0.45012743921390935,0.28661716308308177,0.2632553977030088,0.546358641314446,0.2578812787004185,0.1957600799851355,2025-05-01
2025-05-10,Premier League,Ipswich,Brentford,A,0.19074470637725077,0.21044647590172116,0.5988088177210281,0.16556094662837906,0.1994256857114566,0.6350133676601645,2025-05-01
2025-05-10,Premier League,Southampton,Man City,D,0.053844086448515814,0.11190033678033308,0.8342555767711509,0.0645993078645586,0.12112370224604738,0.8142769898893941,2025-05-01
2025-05-10,Premier League,Wolves,Brighton,A,0.36038345147168666,0.24612461590781645,0.39349193262049686,0.3158861585154815,0.28699981363648464,0.39711402784803385,2025-05-01
2025-05-10,Premier League,Bournemouth,Aston Villa,A,0.36326473649844504,0.247681798935861,0.38905346456569395,0.3715330575999026,0.27190408126026394,0.3565628611398333,2025-05-01
2025-05-11,Premier League,Liverpool,Arsenal,D,0.4137482892510966,0.2557671290657719,0.3304845816831315,0.43396226415094336,0.2641509433962264,0.3018867924528302,2025-05-01
2025-05-11,Premier League,Tottenham,Crystal Palace,A,0.4994437769104104,0.2293289698024282,0.2712272532871614,0.31038028231077686,0.2597567603296074,0.4298629573596158,2025-05-01
2025-05-11,Premier League,Newcastle,Chelsea,H,0.4470941940518166,0.2326112348002564,0.32029457114792703,0.4250524744795745,0.2609571492113205,0.313990376309105,2025-05-01
2025-05-11,Premier League,Man United,West Ham,A,0.4941040507864145,0.24736001253819317,0.2585359366753925,0.4786933596738965,0.2627610289514323,0.2585456113746713,2025-05-01
2025-05-11,Premier League,Nott'm Forest,Leicester,D,0.6153011524461571,0.2125994240513867,0.17209942350245633,0.692736817415574,0.18553066978952748,0.12173251279489856,2025-05-01
2025-05-16,Premier League,Aston Villa,Tottenham,H,0.43713086694102277,0.22290810642807443,0.33996102663090294,0.7724719101123596,0.13904494382022473,0.08848314606741574,2025-05-01
2025-05-16,Premier League,Chelsea,Man United,H,0.49846581406904106,0.24681623051575763,0.2547179554152016,0.6237450088859141,0.20703025826851618,0.16922473284556974,2025-05-01
2025-05-18,Premier League,Arsenal,Newcastle,H,0.5804609507814802,0.21674536683346385,0.20279368238505607,0.5001724252271371,0.2560249353405398,0.24380263943232305,2025-05-01
2025-05-18,Premier League,Everton,Southampton,H,0.5832875907351653,0.2535428624845002,0.16316954678033424,0.6770266257547264,0.19558546966247647,0.12738790458279717,2025-05-01
2025-05-18,Premier League,West Ham,Nott'm Forest,A,0.3428290221095345,0.25107525793328656,0.40609571995717897,0.31881371640407785,0.28266913809082483,0.3985171455050973,2025-05-01
2025-05-18,Premier League,Brentford,Fulham,A,0.44612119186542204,0.24634147174755228,0.30753733638702585,0.4700054690684121,0.2567048340294493,0.2732896969021385,2025-05-01
2025-05-18,Premier League,Leicester,Ipswich,H,0.46311717253981105,0.24827432580563222,0.2886085016545566,0.4288117678468892,0.25819700610409513,0.3129912260490156,2025-05-01
2025-05-19,Premier League,Brighton,Liverpool,H,0.19371834671142657,0.20467698664453046,0.6016046666440432,0.4418224625606072,0.2436113828654977,0.31456615457389514,2025-05-01
2025-05-20,Premier League,Man City,Bournemouth,H,0.6998615860218479,0.17540010105064216,0.12473831292751023,0.723800443085897,0.1672228609888107,0.10897669592529236,2025-05-01
2025-05-20,Premier League,Crystal Palace,Wolves,H,0.46249270163579187,0.25733326611122,0.2801740322529882,0.4023507204621963,0.2974433240226666,0.30020595551513723,2025-05-01
2025-05-25,Premier League,Wolves,Brentford,D,0.330236802136503,0.2465411048012468,0.4232220930622502,0.3242498401569769,0.25464647132746876,0.4211036885155544,2025-05-01
2025-05-25,Premier League,Tottenham,Brighton,A,0.5023535980845186,0.21435292624208593,0.28329347567339513,0.2539268891740991,0.2395418683588177,0.5065312424670833,2025-05-01
2025-05-25,Premier League,Nott'm Forest,Chelsea,A,0.3392298369204663,0.2512301299902888,0.40954003308924497,0.27814755788881595,0.25155463891753377,0.47029780319365017,2025-05-01
2025-05-25,Premier League,Southampton,Arsenal,A,0.06067219780324342,0.13216599536069756,0.807161806836059,0.08211813560190333,0.14728527990983578,0.7705965844882608,2025-05-01
2025-05-25,Premier League,Newcastle,Everton,A,0.5664815990012548,0.239889977261164,0.19362842373758118,0.7516890862289656,0.15543813091649045,0.092872782854544,2025-05-01
2025-05-25,Premier League,Fulham,Man City,A,0.19416692716149678,0.2163437610179725,0.5894893118205305,0.15288586822551675,0.21143078494207135,0.6356833468324119,2025-05-01
2025-05-25,Premier League,Liverpool,Crystal Palace,D,0.682539421292657,0.18726694857263754,0.13019363013470542,0.7033564928075156,0.1607006556414522,0.1359428515510324,2025-05-01
2025-05-25,Premier League,Ipswich,West Ham,A,0.2696042844015248,0.23910048936077352,0.4912952262377016,0.29634605739556374,0.26777274607643226,0.4358811965280041,2025-05-01
2025-05-25,Premier League,Bournemouth,Leicester,H,0.5965775292838237,0.21876792622873562,0.18465454448744076,0.7219928799469741,0.17062971060475227,0.10737740944827363,2025-05-01
2025-05-25,Premier League,Man United,Aston Villa,H,0.37728172362988355,0.2556900531013618,0.36702822326875467,0.20112539928662615,0.22183625276007735,0.5770383479532964,2025-05-01
2025-08-15,Premier League,Liverpool,Bournemouth,H,0.6646589726692513,0.18670348719852062,0.14863754013222796,0.7523015213895712,0.1481632003958087,0.09953527821462019,2025-08-15
2025-08-16,Premier League,Tottenham,Burnley,H,0.6401902692289767,0.19236178488524017,0.1674479458857831,0.6233386496544391,0.2315257841573631,0.14513556618819776,2025-08-15
2025-08-16,Premier League,Sunderland,West Ham,H,0.16848256928944844,0.22906794971598554,0.6024494809945662,0.27428089800414773,0.30052382343047046,0.4251952785653818,2025-08-15
2025-08-16,Premier League,Wolves,Man City,A,0.1397569341910746,0.18853090802256514,0.6717121577863602,0.15587226503521526,0.20628201883383807,0.6378457161309466,2025-08-15
2025-08-16,Premier League,Aston Villa,Newcastle,D,0.3737359593246048,0.23835938338806975,0.3879046572873253,0.41756812961582124,0.26687549881782513,0.3155563715663535,2025-08-15
2025-08-16,Premier League,Brighton,Fulham,D,0.4533436447704806,0.23986199834668775,0.30679435688283174,0.5065243179122183,0.265717674970344,0.2277580071174377,2025-08-15
2025-08-17,Premier League,Chelsea,Crystal Palace,D,0.5063579026887914,0.24593946668758757,0.2477026306236209,0.5550739973039179,0.236921828117526,0.208004174578556,2025-08-15
2025-08-17,Premier League,Nott'm Forest,Brentford,H,0.3855611613827983,0.24616872470485082,0.36827011391235065,0.44592835760459304,0.28846404141780796,0.2656076009775991,2025-08-15
2025-08-17,Premier League,Man United,Arsenal,A,0.20482734554412574,0.2405196927136653,0.554652961742209,0.25284191587383803,0.26170160564839295,0.48545647847776896,2025-08-15
2025-08-18,Premier League,Leeds,Everton,H,0.3171776678876203,0.26996451607229927,0.41285781604008015,0.4122020226342403,0.29478690103539607,0.2930110763303636,2025-08-15
2025-08-22,Premier League,West Ham,Chelsea,A,0.269203363800307,0.23850353381195968,0.49229310238773305,0.18775206102913783,0.2344633225895272,0.5777846163813348,2025-08-15
2025-08-23,Premier League,Burnley,Sunderland,H,0.5650731480094717,0.25187134408403067,0.1830555079064976,0.4142655583956767,0.30517995681186216,0.28055448479246115,2025-08-15
2025-08-23,Premier League,Man City,Tottenham,A,0.6922166603821723,0.16761891202330226,0.14016442759452521,0.6430651271835668,0.19696315254506813,0.15997172027136503,2025-08-15
2025-08-23,Premier League,Bournemouth,Wolves,H,0.4873758292864534,0.24554859031910048,0.26707558039444607,0.5373945002851547,0.25069176430828094,0.21191373540656427,2025-08-15
2025-08-23,Premier League,Brentford,Aston Villa,H,0.40251537176816643,0.2404490918423231,0.35703553638951063,0.295675725813932,0.2795325108988035,0.4247917632872647,2025-08-15
2025-08-23,Premier League,Arsenal,Leeds,H,0.7957410474687768,0.13030962237027602,0.07394933016094725,0.7248552578430052,0.17501009829002293,0.10013464386697188,2025-08-15
2025-08-24,Premier League,Everton,Brighton,H,0.3455362871535674,0.27570099156355504,0.37876272128287763,0.3099136851215013,0.2896217176433078,0.40046459723519096,2025-08-15
2025-08-24,Premier League,Crystal Palace,Nott'm Forest,D,0.41974053972403796,0.2616787353414812,0.3185807249344808,0.39728479217045254,0.29949161255926426,0.3032235952702831,2025-08-15
2025-08-24,Premier League,Fulham,Man United,D,0.4042229903897988,0.26109363170753397,0.3346833779026671,0.27542690409907583,0.2785836594469162,0.44598943645400807,2025-08-15
2025-08-25,Premier League,Newcastle,Liverpool,A,0.3077026816838224,0.22603242693523237,0.46626489138094523,0.3275904303094635,0.2601453417163387,0.4122642279741978,2025-08-15
2025-08-30,Premier League,Chelsea,Fulham,H,0.5247239250957693,0.23621522781098017,0.23906084709325054,0.5797624589357203,0.24387992605104605,0.17635761501323366,2025-08-15
2025-08-30,Premier League,Man United,Burnley,H,0.5743975571216456,0.23486535471774445,0.19073708816060986,0.6899353341071133,0.1890233792074283,0.12104128668545845,2025-08-15
2025-08-30,Premier League,Sunderland,Brentford,H,0.11685904584327597,0.18786791429201058,0.6952730398647132,0.31563960672648145,0.2954923977864933,0.3888679954870252,2025-08-15
2025-08-30,Premier League,Tottenham,Bournemouth,A,0.46656764239622883,0.22776643068445096,0.30566592691932,0.4932866238198424,0.26193386763479504,0.24477950854536262,2025-08-15
2025-08-30,Premier League,Wolves,Everton,A,0.3647858858289529,0.28907369773815084,0.3461404164328964,0.3032618996667787,0.3042095931032374,0.3925285072299838,2025-08-15
2025-08-30,Premier League,Leeds,Newcastle,D,0.1967883349071142,0.19530379101712322,0.6079078740757624,0.3080369279354096,0.2741962513453224,0.417766820719268,2025-08-15
2025-08-31,Premier League,Brighton,Man City,H,0.20242291779012436,0.2096063150694587,0.5879707671404171,0.25775036299276055,0.2563902027658858,0.4858594342413536,2025-08-15
2025-08-31,Premier League,Nott'm Forest,West Ham,A,0.47522646097721455,0.2436321329696346,0.2811414060531509,0.5716291707783611,0.24151332465385753,0.18685750456778147,2025-08-15
2025-08-31,Premier League,Liverpool,Arsenal,H,0.4019562684502295,0.24979705841199748,0.3482466731377729,0.4053881055029464,0.27561797541276806,0.3189939190842857,2025-08-15
2025-08-31,Premier League,Aston Villa,Crystal Palace,A,0.4636785843242524,0.25102555004176613,0.2852958656339813,0.4788359697681195,0.2769336235411061,0.24423040669077445,2025-08-15
2025-09-13,Premier League,Brentford,Chelsea,D,0.3553616067397914,0.2432595944754461,0.4013787987847625,0.23094500066831733,0.25188560953720623,0.5171693897944766,2025-08-15
2025-09-13,Premier League,West Ham,Tottenham,A,0.3409360045483544,0.226141665197616,0.4329223302540296,0.2827895212285456,0.27097380307136404,0.4462366757000903,2025-08-15
2025-09-13,Premier League,Newcastle,Wolves,H,0.6173576693369996,0.20197417015228078,0.1806681605107196,0.708431215158366,0.18664437783980026,0.10492440700183368,2025-08-15
2025-09-13,Premier League,Fulham,Leeds,H,0.5680054770137654,0.21525698760779685,0.21673753537843776,0.46093995017284456,0.2877465369422195,0.25131351288493586,2025-08-15
2025-09-13,Premier League,Everton,Aston Villa,D,0.3148753056042579,0.2821400899600344,0.4029846044357077,0.3607143409833021,0.29875114130518887,0.34053451771150905,2025-08-15
2025-09-13,Premier League,Crystal Palace,Sunderland,D,0.7216510848300736,0.18438085990069375,0.09396805526923263,0.571960466286883,0.2619547935026646,0.16608474021045228,2025-08-15
2025-09-13,Premier League,Bournemouth,Brighton,H,0.3962973792863851,0.24474904489739624,0.3589535758162186,0.3940302575984735,0.2749307164599518,0.33103902594157464,2025-08-15
2025-09-13,Premier League,Arsenal,Nott'm Forest,H,0.6537742026976108,0.20284162284184973,0.14338417446053944,0.6966715511827507,0.18777475402972574,0.11555369478752353,2025-08-15
2025-09-14,Premier League,Burnley,Liverpool,A,0.10985048433356688,0.1591035191053166,0.7310459965611166,0.10194174757281553,0.16990291262135923,0.7281553398058253,2025-09-14
2025-09-14,Premier League,Man City,Man United,H,0.66881305767361,0.1926720265490696,0.13851491577732059,0.5471161330148421,0.23911001368796805,0.21377385329718995,2025-09-14
2025-09-20,Premier League,Liverpool,Everton,H,0.6588194426923044,0.2058570514017698,0.13532350590592607,0.6301502666020358,0.22055259331071253,0.14929714008725156,2025-09-14
2025-09-20,Premier League,Brighton,Tottenham,D,0.4015658653006181,0.22587164508236754,0.3725624896170143,0.42641931355096885,0.2599561590631574,0.3136245273858738,2025-09-14
2025-09-20,Premier League,Burnley,Nott'm Forest,D,0.28708892140349646,0.2508487507581727,0.46206232783833096,0.2810820785355772,0.28858872158252136,0.4303291998819014,2025-09-14
2025-09-20,Premier League,West Ham,Crystal Palace,A,0.3228928035012972,0.2568042982967613,0.4203028982019414,0.2983306085104468,0.28604640698354605,0.4156229845060071,2025-09-14
2025-09-20,Premier League,Wolves,Leeds,A,0.4965826914924888,0.2464554418880687,0.2569618666194427,0.34153769559585995,0.3070607042423346,0.3514016001618054,2025-09-14
2025-09-20,Premier League,Man United,Chelsea,H,0.30907453627114895,0.2559873322468719,0.43493813148197935,0.35909157774433365,0.26372308284204454,0.37718533941362176,2025-09-14
2025-09-20,Premier League,Fulham,Brentford,H,0.38600102107198664,0.2480310119020196,0.36596796702599377,0.4444572744101123,0.293181153903056,0.2623615716868318,2025-09-14
2025-09-21,Premier League,Arsenal,Man City,D,0.42485766545696946,0.2593770563669041,0.3157652781761265,0.47464075118020377,0.26657905203271715,0.25878019678707914,2025-09-14
2025-09-21,Premier League,Sunderland,Aston Villa,D,0.4248820115806859,0.3129109006622303,0.26220708775708396,0.2692895088747452,0.29281178525235846,0.4378987058728963,2025-09-14
2025-09-21,Premier League,Bournemouth,Newcastle,D,0.3257205585533525,0.24744696311189898,0.42683247833474874,0.3860254104276696,0.2819663867471674,0.3320082028251629,2025-09-14
2025-09-27,Premier League,Brentford,Man United,H,0.44577614765501383,0.24521177429921026,0.30901207804577585,0.2868213210554277,0.2545351514078272,0.45864352753674514,2025-09-14
2025-09-27,Premier League,Chelsea,Brighton,A,0.5298835134322092,0.22606029394413624,0.24405619262365427,0.5086493149170193,0.24847063721010404,0.24288004787287668,2025-09-14
2025-09-27,Premier League,Crystal Palace,Liverpool,H,0.22797259288545196,0.23052340388724563,0.5415040032273023,0.22552175968660648,0.2613864061057703,0.5130918342076233,2025-09-14
2025-09-27,Premier League,Leeds,Bournemouth,D,0.25340425047306975,0.2471920478071308,0.4994037017197995,0.322874870179392,0.2883837861246201,0.388741343695988,2025-09-14
2025-09-27,Premier League,Man City,Burnley,H,0.8109374462054793,0.1240414577305306,0.0650210960639903,0.8057523291452697,0.12909249599123146,0.0651551748634989,2025-09-14
2025-09-27,Premier League,Nott'm Forest,Sunderland,A,0.2879118906604165,0.3154383140266947,0.39664979531288874,0.5441951486455943,0.2535778441332874,0.20222700722111853,2025-09-14
2025-09-27,Premier League,Tottenham,Wolves,D,0.5861529822369176,0.20661679480928305,0.20723022295379945,0.6112986502042421,0.22101873394112187,0.16768261585463587,2025-09-14
2025-09-28,Premier League,Aston Villa,Fulham,H,0.46285933329519346,0.25451910030257885,0.2826215664022277,0.4090176041478266,0.2995267378067161,0.2914556580454573,2025-09-14
2025-09-28,Premier League,Newcastle,Arsenal,A,0.2671201220642579,0.24748292062143804,0.4853969573143042,0.25697988592014415,0.2891023716601621,0.4539177424196938,2025-09-14
2025-09-29,Premier League,Everton,West Ham,D,0.44210848998116636,0.27449931121807436,0.2833921988007592,0.575221238938053,0.24778761061946902,0.17699115044247785,2025-09-14
2025-10-03,Premier League,Bournemouth,Fulham,H,0.4294939017420692,0.2590641232581756,0.311441974999755,0.48156757420005725,0.27401873236172275,0.24441369343821998,2025-09-14
2025-10-04,Premier League,Chelsea,Liverpool,H,0.31067693403973473,0.2352183956604131,0.45410467029985196,0.33533862336224396,0.25259272928584603,0.41206864735190996,2025-09-14
2025-10-04,Premier League,Man United,Sunderland,H,0.3001241633417059,0.3243963919520656,0.3754794447062285,0.6143882221649101,0.21872777977299518,0.16688399806209495,2025-09-14
2025-10-04,Premier League,Leeds,Tottenham,A,0.21676772374597075,0.21280705049773474,0.5704252257562945,0.3511012116208068,0.2818986539680101,0.367000134411183,2025-09-14
2025-10-04,Premier League,Arsenal,West Ham,H,0.7493391393515774,0.15740977841056375,0.0932510822378589,0.7926810446111058,0.14179924844949396,0.06551970693940035,2025-09-14
2025-10-05,Premier League,Aston Villa,Burnley,H,0.6121091661403252,0.2149011259217276,0.1729897079379475,0.585494917304004,0.2470758602433777,0.16742922245261815,2025-09-14
2025-10-05,Premier League,Everton,Crystal Palace,H,0.34222533956341195,0.304014262093674,0.3537603983429142,0.3730008226510994,0.3014031415230246,0.3255960358258761,2025-09-14
2025-10-05,Premier League,Newcastle,Nott'm Forest,H,0.5499148960901638,0.22518573433549446,0.22489936957434167,0.6160357489689167,0.2203134683100682,0.1636507827210151,2025-09-14
2025-10-05,Premier League,Wolves,Brighton,D,0.3163279974786385,0.2421278657627166,0.44154413675864485,0.2545091003711363,0.26419151179829903,0.48129938783056464,2025-09-14
2025-10-05,Premier League,Brentford,Man City,A,0.2131131340270809,0.2126348701065311,0.574251995866388,0.19221124529323258,0.22067076908380234,0.587117985622965,2025-09-14
2025-10-18,Premier League,Fulham,Arsenal,A,0.1764017808553605,0.23251081020349773,0.5910874089411416,0.1341421180223955,0.23434466401502826,0.6315132179625762,2025-10-18
2025-10-18,Premier League,Nott'm Forest,Chelsea,A,0.2920621964851023,0.25449561694094436,0.4534421865739533,0.3004526299360075,0.2781332917121898,0.4214140783518027,2025-10-18
2025-10-18,Premier League,Brighton,Newcastle,H,0.3469733795788454,0.24345250422389422,0.4095741161972605,0.3389920990817852,0.27797352124706387,0.383034379671151,2025-10-18
2025-10-18,Premier League,Burnley,Leeds,H,0.3822131146241674,0.257744852730638,0.36004203264519424,0.2724014336917563,0.3010752688172043,0.42652329749103945,2025-10-18
2025-10-18,Premier League,Crystal Palace,Bournemouth,D,0.424688025075172,0.2696287860405969,0.3056831888842311,0.43432474792522363,0.28530423324120263,0.2803710188335738,2025-10-18
2025-10-18,Premier League,Man City,Everton,H,0.6740363556331931,0.20904608001222,0.116917564354587,0.6712451334927543,0.2124380202702343,0.11631684623701156,2025-10-18
2025-10-18,Premier League,Sunderland,Wolves,H,0.4652388400675845,0.314605099562467,0.2201560603699485,0.3671144145298647,0.32107366287265393,0.3118119225974812,2025-10-18
2025-10-19,Premier League,Liverpool,Man United,A,0.6556575461689818,0.1939304162201521,0.1504120376108661,0.5938841006382215,0.21704732826015719,0.1890685711016213,2025-10-18
2025-10-19,Premier League,Tottenham,Aston Villa,A,0.43790382449916704,0.23807991249600932,0.32401626300482356,0.41948090692124107,0.28290572792362767,0.29761336515513126,2025-10-18
2025-10-20,Premier League,West Ham,Brentford,A,0.3260552114481043,0.23876381839961175,0.4351809701522839,0.3701704118189215,0.2941233181521944,0.335706270028884,2025-10-18
2025-10-24,Premier League,Leeds,West Ham,H,0.38055400902165576,0.24752164884864392,0.37192434212970016,0.5359800216552711,0.2614889054436767,0.20253107290105232,2025-10-18
2025-10-25,Premier League,Chelsea,Sunderland,A,0.44996352654550836,0.3127941243986683,0.23724234905582334,0.6696918818350955,0.2066070699278486,0.12370104823705584,2025-10-18
2025-10-25,Premier League,Newcastle,Fulham,H,0.5508091628790782,0.23147770003103263,0.2177131370898891,0.6037607749475649,0.23423008377483842,0.16200914127759658,2025-10-18
2025-10-25,Premier League,Man United,Brighton,H,0.40010732426766576,0.2523668786451676,0.3475257970871667,0.4786658003032272,0.24915168579885927,0.2721825138979135,2025-10-18
2025-10-25,Premier League,Brentford,Liverpool,H,0.23955412346765798,0.21587547495385895,0.544570401578483,0.22755085114440507,0.24723718432229252,0.5252119645333024,2025-10-18
2025-10-26,Premier League,Arsenal,Crystal Palace,H,0.6358425632042548,0.22196658513769746,0.14219085165804757,0.6981073533974558,0.19407384424449267,0.10781880235805148,2025-10-18
2025-10-26,Premier League,Aston Villa,Man City,H,0.21830244898356946,0.23349589814719598,0.5482016528692344,0.22707132582153003,0.2571868862753139,0.515741787903156,2025-10-18
2025-10-26,Premier League,Bournemouth,Nott'm Forest,H,0.45897191822274114,0.2588755952736518,0.28215248650360697,0.4811950982936925,0.27458025382860424,0.2442246478777032,2025-10-18
2025-10-26,Premier League,Wolves,Burnley,A,0.4878881894051139,0.2534711144546495,0.2586406961402365,0.5024726102149407,0.28439065622135934,0.21313673356370008,2025-10-18
2025-10-26,Premier League,Everton,Tottenham,A,0.3408647070652733,0.27121987355839366,0.3879154193763332,0.42677508220030214,0.2870345685594952,0.2861903492402026,2025-10-18
2025-11-01,Premier League,Liverpool,Aston Villa,H,0.6162029589772514,0.20513611550741434,0.17866092551533427,0.5785161583978151,0.22394173873463813,0.19754210286754664,2025-10-18
2025-11-01,Premier League,Tottenham,Chelsea,A,0.376956902590579,0.2375230678237119,0.3855200295857089,0.3439457660206428,0.27731239824456383,0.3787418357347934,2025-10-18
2025-11-01,Premier League,Nott'm Forest,Man United,D,0.3835289596989531,0.26791678304831373,0.34855425725273315,0.27931246163290363,0.2578268876611418,0.46286065070595456,2025-10-18
2025-11-01,Premier League,Crystal Palace,Brentford,H,0.4252965588158935,0.2552232480810685,0.3194801931030379,0.4695476397456979,0.27534380007750553,0.2551085601767965,2025-10-18
2025-11-01,Premier League,Burnley,Arsenal,A,0.09615546878631293,0.17685835142192524,0.7269861797917618,0.0790454273710762,0.1591309261549297,0.7618236464739941,2025-10-18
2025-11-01,Premier League,Brighton,Leeds,H,0.5984829202425747,0.20843875863794692,0.19307832111947854,0.47851569225683366,0.26982968202260343,0.2516546257205628,2025-10-18
2025-11-01,Premier League,Fulham,Wolves,H,0.4993008545622307,0.24896186283404242,0.25173728260372696,0.5423835011570823,0.26028591610487334,0.19733058273804419,2025-10-18
2025-11-02,Premier League,West Ham,Newcastle,H,0.2471628810092526,0.2324676835640975,0.5203694354266499,0.18728077679869964,0.22944114124390452,0.5832780819573958,2025-10-18
2025-11-02,Premier League,Man City,Bournemouth,H,0.6804702058357583,0.18977460276832706,0.12975519139591446,0.6767805486052331,0.18089648308513706,0.1423229683096299,2025-10-18
2025-11-03,Premier League,Sunderland,Everton,D,0.37936446171662164,0.36839342857983426,0.25224210970354394,0.29330666909068875,0.3043056691815896,0.4023876617277218,2025-10-18
2025-11-08,Premier League,Tottenham,Man United,D,0.4820876909146453,0.23613672645665845,0.28177558262869634,0.3249788592566654,0.2724753109645022,0.40254582977883246,2025-10-18
2025-11-08,Premier League,Everton,Fulham,H,0.3868180379547118,0.29401708601377036,0.3191648760315179,0.40899533502649016,0.30043484486513783,0.2905698201083721,2025-10-18
2025-11-08,Premier League,West Ham,Burnley,H,0.5120012092774947,0.24088293089155563,0.24711585983094955,0.5162397072278133,0.26517230863068003,0.21858798414150654,2025-10-18
2025-11-08,Premier League,Sunderland,Arsenal,D,0.19492200736604065,0.32039127322056654,0.48468671941339303,0.1216551724137931,0.2162758620689655,0.6620689655172414,2025-10-18
2025-11-08,Premier League,Chelsea,Wolves,H,0.6262913149135325,0.2098787430806656,0.16382994200580187,0.7144500690289921,0.17993557294063506,0.10561435803037277,2025-10-18
2025-11-09,Premier League,Man City,Liverpool,H,0.48547436545807743,0.23511815556954338,0.27940747897237916,0.5031217007077593,0.24401402484326326,0.2528642744489775,2025-10-18
2025-11-09,Premier League,Nott'm Forest,Leeds,H,0.5217236250071092,0.23980570403759746,0.23847067095529337,0.43634211910466947,0.2948614926070948,0.26879638828823565,2025-10-18
2025-11-09,Premier League,Brentford,Newcastle,H,0.3437818381937869,0.2423932691166261,0.4138248926895869,0.3320643315514117,0.2771933024061642,0.3907423660424242,2025-10-18
2025-11-09,Premier League,Aston Villa,Bournemouth,H,0.451548828218005,0.25692052436081736,0.2915306474211776,0.4102254731920669,0.28595128572505846,0.30382324108287456,2025-10-18
2025-11-09,Premier League,Crystal Palace,Brighton,D,0.4211052015715414,0.2564525982395324,0.3224422001889262,0.4006604854908814,0.28220434195444694,0.31713517255467166,2025-10-18
2025-11-22,Premier League,Burnley,Chelsea,A,0.19771375328882312,0.22235115402571812,0.5799350926854586,0.16758305678353191,0.22870158337517296,0.6037153598412951,2025-11-22
2025-11-22,Premier League,Bournemouth,West Ham,D,0.5212627152382185,0.23146872878842337,0.24726855597335817,0.575081837555199,0.2362194344970011,0.1886987279477997,2025-11-22
2025-11-22,Premier League,Brighton,Brentford,H,0.4368391119353975,0.23357265042352277,0.3295882376410798,0.44846728467284674,0.2804536045360454,0.2710791107911079,2025-11-22
2025-11-22,Premier League,Fulham,Sunderland,H,0.2951424989115328,0.29676050107696106,0.40809700001150595,0.46949987151260913,0.28753394497961565,0.24296618350777519,2025-11-22
2025-11-22,Premier League,Liverpool,Nott'm Forest,A,0.6928987518303233,0.17649421969522414,0.13060702847445252,0.6560230385614947,0.20561916134016997,0.13835780009833532,2025-11-22
2025-11-22,Premier League,Wolves,Crystal Palace,A,0.2799187115032801,0.2652203879431199,0.45486090055359996,0.21362426099473042,0.2546626058700339,0.5317131331352356,2025-11-22
2025-11-22,Premier League,Newcastle,Man City,H,0.24726445773736583,0.2363082579466502,0.5164272843159838,0.24049026937628856,0.253607920433177,0.5059018101905345,2025-11-22
2025-11-23,Premier League,Leeds,Aston Villa,A,0.20990415925824074,0.23104401775910577,0.5590518229826535,0.2945677066293906,0.28094607857716447,0.42448621479344495,2025-11-22
2025-11-23,Premier League,Arsenal,Tottenham,H,0.6618298165598019,0.19427110995696564,0.1438990734832324,0.657887635288376,0.21635230959147939,0.12576005512014468,2025-11-22
2025-11-24,Premier League,Man United,Everton,A,0.45617109560375924,0.2823494434512314,0.26147946094500923,0.5110796061447631,0.25091763609174417,0.23800275776349264,2025-11-22
2025-11-29,Premier League,Man City,Leeds,H,0.8526380851086217,0.10139534427180173,0.045966570619576756,0.7980610073303382,0.12981792385906835,0.07212106881059352,2025-11-22
2025-11-29,Premier League,Tottenham,Fulham,A,0.5111641406045617,0.2293924276777107,0.2594434317177277,0.40536620739666424,0.2828136330674402,0.31182015953589554,2025-11-22
2025-11-29,Premier League,Everton,Newcastle,A,0.30689037652855855,0.2820423462777594,0.4110672771936821,0.353884793000081,0.2896378514137568,0.35647735558616217,2025-11-22
2025-11-29,Premier League,Brentford,Burnley,H,0.630124643250992,0.19900141075821917,0.17087394599078876,0.6483249962103986,0.21373351523419737,0.137941488555404,2025-11-22
2025-11-29,Premier League,Sunderland,Bournemouth,H,0.5054780059221123,0.2725814858062942,0.22194050827159345,0.2955583988301956,0.28349479071467737,0.42094681045512705,2025-11-22
2025-11-30,Premier League,Crystal Palace,Man United,A,0.43096775109642976,0.2670173539891629,0.3020148949144074,0.4651405874359778,0.2604787289641476,0.27438068359987455,2025-11-22
2025-11-30,Premier League,Aston Villa,Wolves,H,0.619146678440604,0.21489136890700603,0.16596195265239017,0.6583765415824472,0.2081319389518704,0.1334915194656824,2025-11-22
2025-11-30,Premier League,Nott'm Forest,Brighton,A,0.3620945601470214,0.24926080454384483,0.3886446353091338,0.33020116209944966,0.2907741576696646,0.3790246802308858,2025-11-22
2025-11-30,Premier League,West Ham,Liverpool,A,0.18131515603042855,0.19554095589040565,0.6231438880791658,0.1885739098070839,0.20445381800136464,0.6069722721915514,2025-11-22
2025-11-30,Premier League,Chelsea,Arsenal,D,0.28120903923966956,0.2664199243716948,0.4523710363886357,0.3051361602092354,0.3070613094850034,0.3878025303057613,2025-11-22
2025-12-02,Premier League,Fulham,Man City,A,0.17374606222761235,0.21814478513347954,0.6081091526389077,0.1825090998366833,0.23478112357631586,0.5827097765870008,2025-11-22
2025-12-02,Premier League,Bournemouth,Everton,A,0.43938652629408104,0.28287642584283257,0.27773704786308623,0.4364712206931609,0.27809452061307105,0.28543425869376793,2025-11-22
2025-12-02,Premier League,Newcastle,Tottenham,D,0.48587971065009905,0.22597555920931656,0.2881447301405845,0.5247110121241589,0.2495412268456797,0.22574776103016142,2025-11-22
2025-12-03,Premier League,Leeds,Chelsea,H,0.1726713832381123,0.2102077932218548,0.6171208235400331,0.23642715544950002,0.27527354359700995,0.48829930095349,2025-11-22
2025-12-03,Premier League,Wolves,Nott'm Forest,A,0.34890051208805145,0.2613058192026491,0.38979366870929927,0.3073141122913505,0.2934294385432474,0.39925644916540215,2025-11-22
2025-12-03,Premier League,Liverpool,Sunderland,D,0.5000292150796708,0.26217040106221373,0.23780038385811542,0.7100995264418536,0.17655125337493982,0.11334922018320667,2025-11-22
2025-12-03,Premier League,Brighton,Aston Villa,A,0.39485335188321974,0.25009155482067585,0.35505509329610435,0.42087768189906993,0.281805056575899,0.297317261525031,2025-11-22
2025-12-03,Premier League,Arsenal,Brentford,H,0.6635865061711193,0.1974186374216224,0.13899485640725848,0.671990587780231,0.20810031105452315,0.11990910116524568,2025-11-22
2025-12-03,Premier League,Burnley,Crystal Palace,A,0.26610383887950717,0.2585808115035481,0.47531534961694477,0.19198129721628276,0.2571632761119968,0.5508554266717205,2025-11-22
2025-12-04,Premier League,Man United,West Ham,D,0.5406894929630044,0.22886718071904583,0.23044332631794978,0.6964794506092166,0.186174314682079,0.11734623470870437,2025-11-22
2025-12-06,Premier League,Aston Villa,Arsenal,H,0.23970056840422793,0.2614927062354071,0.498806725360365,0.21725940624284515,0.2761772113256506,0.5065633824315043,2025-11-22
2025-12-06,Premier League,Bournemouth,Chelsea,D,0.31432084404671645,0.2515338250396504,0.4341453309136331,0.2879967255456836,0.2528386837258209,0.45916459072849547,2025-11-22
2025-12-06,Premier League,Everton,Nott'm Forest,H,0.4111379311285239,0.2915939350872541,0.29726813378422196,0.45847091334230844,0.288414936583292,0.2531141500743995,2025-11-22
2025-12-06,Premier League,Man City,Sunderland,H,0.5577122577792791,0.2596744754738332,0.18261326674688766,0.7619896575610962,0.1500351728841228,0.0879751695547811,2025-11-22
2025-12-06,Premier League,Newcastle,Burnley,H,0.6694203572720085,0.18809407111028908,0.14248557161770242,0.727226115193984,0.16821056229704326,0.10456332250897285,2025-11-22
2025-12-06,Premier League,Tottenham,Brentford,H,0.4637660961635353,0.2244021690080899,0.31183173482837484,0.39124433950427173,0.2840228587071827,0.3247328017885456,2025-11-22
2025-12-06,Premier League,Leeds,Liverpool,D,0.12005500785132799,0.1650912330592056,0.7148537590894664,0.21152471902812967,0.23803027350094197,0.5504450074709284,2025-11-22
2025-12-07,Premier League,Brighton,West Ham,D,0.5617620363299032,0.21566753453759382,0.22257042913250294,0.5954558829173435,0.22312484808167127,0.18141926900098507,2025-11-22
2025-12-07,Premier League,Fulham,Crystal Palace,A,0.37275254151630555,0.27422085037290106,0.3530266081107934,0.38478596662945236,0.28632602810956304,0.32888800526098455,2025-11-22
2025-12-08,Premier League,Wolves,Man United,A,0.2920518363739382,0.2533172654058897,0.45463089822017194,0.18128310771041792,0.23092014910731803,0.5877967431822642,2025-11-22
2025-12-13,Premier League,Chelsea,Everton,H,0.5501266657874176,0.2577217418140385,0.19215159239854382,0.5532036296837564,0.24759753246715444,0.19919883784908923,2025-11-22
2025-12-13,Premier League,Liverpool,Brighton,H,0.6364569075415848,0.18965432590110406,0.1738887665573111,0.5377543515567542,0.23608727629320916,0.22615837215003678,2025-11-22
2025-12-13,Premier League,Burnley,Fulham,A,0.3094683790584646,0.25541931346880065,0.43511230747273477,0.23942944991396953,0.2769468850856741,0.48362366500035636,2025-11-22
2025-12-13,Premier League,Arsenal,Wolves,H,0.7823397877577488,0.14719451870874206,0.07046569353350882,0.8619378475454744,0.10198845735354826,0.03607369510097726,2025-11-22
2025-12-14,Premier League,Crystal Palace,Man City,A,0.2076351203895941,0.2439789841244314,0.5483858954859745,0.2307526006562047,0.2555192410407712,0.5137281583030241,2025-11-22
2025-12-14,Premier League,Nott'm Forest,Tottenham,H,0.3458878318873145,0.24102723645560248,0.4130849316570831,0.35403930341542444,0.2906292789231096,0.3553314176614661,2025-11-22
2025-12-14,Premier League,Sunderland,Newcastle,H,0.4323262858349459,0.28326447143241024,0.28440924273264384,0.2696550604951406,0.28380605492345695,0.44653888458140245,2025-11-22
2025-12-14,Premier League,West Ham,Aston Villa,A,0.2897805867007318,0.24648456848530156,0.4637348448139667,0.29064550164104397,0.27273457436904686,0.4366199239899091,2025-11-22
2025-12-14,Premier League,Brentford,Leeds,D,0.6673639496211319,0.18550139238116378,0.14713465799770437,0.43652118029817827,0.29232499461409533,0.27115382508772634,2025-11-22
2025-12-15,Premier League,Man United,Bournemouth,D,0.45220595418797005,0.2501955158273529,0.29759852998467723,0.5355908245886275,0.23359503433865436,0.23081414107271803,2025-11-22
2025-12-20,Premier League,Leeds,Crystal Palace,H,0.2378456193574026,0.2506675032655702,0.5114868773770271,0.3320642664806581,0.3128451127936747,0.35509062072566727,2025-11-22
2025-12-20,Premier League,Tottenham,Liverpool,A,0.29093860709003094,0.21852516731074093,0.4905362255992284,0.2619235269405568,0.264058773084094,0.47401769997534926,2025-11-22
2025-12-20,Premier League,Wolves,Brentford,A,0.27910923504887347,0.23856832342317227,0.4823224415279541,0.2803270263275877,0.27952148889561185,0.44015148477680055,2025-11-22
2025-12-20,Premier League,Everton,Arsenal,A,0.17161510484459974,0.26828732135493727,0.5600975738004631,0.14606741573033707,0.23127340823970036,0.6226591760299625,2025-11-22
2025-12-20,Premier League,Brighton,Sunderland,D,0.33902272870038547,0.2836581501533326,0.3773191211462819,0.5199995060325772,0.2693110389369821,0.21068945503044076,2025-11-22
2025-12-20,Premier League,Bournemouth,Burnley,D,0.5793435432635634,0.2214592709848777,0.1991971857515592,0.6573399014778326,0.20267980295566504,0.13998029556650246,2025-11-22
2025-12-20,Premier League,Newcastle,Chelsea,D,0.39703082622565383,0.25010007487556096,0.3528690988987852,0.3392890328404173,0.27429845753577403,0.38641250962380863,2025-11-22
2025-12-20,Premier League,Man City,West Ham,H,0.7898129139103491,0.13444693032551466,0.07574015576413595,0.8135091827930482,0.11734253666954271,0.0691482805374091,2025-11-22
2025-12-21,Premier League,Aston Villa,Man United,H,0.47540104808368866,0.25186438579109893,0.27273456612521235,0.4792592894726108,0.2607170534731003,0.26002365705428887,2025-11-22
2025-12-22,Premier League,Fulham,Nott'm Forest,H,0.4483406554707248,0.25384463937511487,0.2978147051541603,0.36576990890957706,0.29043222617894776,0.3437978649114753,2025-12-22
2025-12-26,Premier League,Man United,Newcastle,H,0.36322863126275934,0.24482958996714724,0.39194177877009323,0.3877025944998273,0.256068822361955,0.35622858313821776,2025-12-22
2025-12-27,Premier League,Chelsea,Aston Villa,A,0.4646404200285256,0.25223890746278554,0.2831206725086888,0.5412191489555307,0.23400538082859906,0.2247754702158701,2025-12-22
2025-12-27,Premier League,West Ham,Fulham,A,0.35643417584382686,0.24756895605082446,0.39599686810534857,0.31804675118858955,0.2879358161648178,0.3940174326465927,2025-12-22
2025-12-27,Premier League,Liverpool,Wolves,H,0.7678005035001318,0.14544592166701295,0.08675357483285509,0.7711448585218018,0.14582920925147536,0.08302593222672285,2025-12-22
2025-12-27,Premier League,Brentford,Bournemouth,H,0.4781199918282557,0.23756557257295544,0.2843144355987889,0.41968358118113364,0.2712161304568886,0.3091002883619777,2025-12-22
2025-12-27,Premier League,Arsenal,Brighton,H,0.6615506521388235,0.20120618952639832,0.13724315833477813,0.7285912749848776,0.1715090965893606,0.0998996284257616,2025-12-22
2025-12-27,Premier League,Nott'm Forest,Man City,A,0.16513323312452238,0.20935317815809631,0.6255135887173813,0.17477947124459114,0.23374122058011582,0.5914793081752932,2025-12-22
2025-12-27,Premier League,Burnley,Everton,D,0.2936415263693867,0.2915656707769847,0.41479280285362896,0.26020816653322654,0.2994395516413131,0.4403522818254604,2025-12-22
2025-12-28,Premier League,Sunderland,Leeds,D,0.5508900376872394,0.2534131297862835,0.19569683252647693,0.3234775532347755,0.3091007730910077,0.36742167367421674,2025-12-22
2025-12-28,Premier League,Crystal Palace,Tottenham,A,0.4122188404174235,0.2503885980824765,0.3373925615001001,0.42526846494686227,0.2822796477473376,0.2924518873058002,2025-12-22
2025-12-30,Premier League,Arsenal,Aston Villa,H,0.6015265467464971,0.2293043127840786,0.1691691404694245,0.7066381156316915,0.17601713062098498,0.11734475374732332,2025-12-22
2025-12-30,Premier League,Man United,Wolves,D,0.5995908107722561,0.21932642368265565,0.1810827655450884,0.7028255004969475,0.17961096123810877,0.11756353826494392,2025-12-22
2025-12-30,Premier League,West Ham,Brighton,D,0.3232630829065285,0.24109235849059354,0.43564455860287804,0.2753138998295744,0.2662624839447664,0.45842361622565914,2025-12-22
2025-12-30,Premier League,Burnley,Newcastle,A,0.20422437374528027,0.2206264731515149,0.5751491531032049,0.1616738438494664,0.22046433252199962,0.617861823628534,2025-12-22
2025-12-30,Premier League,Chelsea,Bournemouth,D,0.5632537514655775,0.22701549015519396,0.20973075837922844,0.6107758307278411,0.21580746019050387,0.1734167090816549,2025-12-22
2025-12-30,Premier League,Nott'm Forest,Everton,A,0.39876432079196555,0.29746794091640705,0.30376773829162745,0.5068293338280736,0.27882874525785134,0.21434192091407514,2025-12-22
2026-01-01,Premier League,Crystal Palace,Fulham,D,0.4417427076827978,0.2612925087894647,0.29696478352773764,0.4252088894154058,0.29417775128739554,0.28061335929719866,2025-12-22
2026-01-01,Premier League,Liverpool,Leeds,D,0.7363992056158202,0.14960138856702976,0.11399940581714996,0.6568500423774221,0.2090619489717386,0.13408800865083925,2025-12-22
2026-01-01,Premier League,Brentford,Tottenham,D,0.4405706811102866,0.23082923441264327,0.32860008447706995,0.3864618338934229,0.28228516562650025,0.3312530004800768,2025-12-22
2026-01-01,Premier League,Sunderland,Man City,D,0.23754605697304954,0.2854081783989132,0.47704576462803755,0.12557171077218773,0.198608318058052,0.6758199711697603,2025-12-22
2026-01-03,Premier League,Aston Villa,Nott'm Forest,H,0.533656113525785,0.2406824904658732,0.22566139600834176,0.4954220423614122,0.27823129026600796,0.2263466673725799,2025-12-22
2026-01-03,Premier League,Brighton,Burnley,H,0.6260303552086768,0.20479513842205488,0.1691745063692685,0.6603854308287619,0.2110362137648435,0.1285783554063947,2025-12-22
2026-01-03,Premier League,Wolves,West Ham,H,0.35955690263620194,0.25786155639538805,0.3825815409684099,0.356300759758973,0.28608855121823423,0.35761068902279275,2025-12-22
2026-01-03,Premier League,Bournemouth,Arsenal,A,0.1817543046409163,0.2306234894773774,0.5876222058817063,0.15379262352122477,0.2129436325678497,0.6332637439109257,2025-12-22
2026-01-04,Premier League,Man City,Chelsea,D,0.5916638783873075,0.21866475635501983,0.18967136525767278,0.6552478059645073,0.19203302036187542,0.15271917367361745,2025-12-22
2026-01-04,Premier League,Fulham,Liverpool,D,0.24831910549740013,0.22457706676213554,0.5271038277404642,0.2224884862835215,0.2661374536197982,0.5113740600966802,2025-12-22
2026-01-04,Premier League,Tottenham,Sunderland,D,0.36852895283089687,0.28561198396114973,0.34585906320795345,0.4860909514614821,0.28238231573340433,0.2315267328051135,2025-12-22
2026-01-04,Premier League,Everton,Brentford,A,0.3536800697246703,0.2854369975700086,0.360882932705321,0.3846694715002017,0.3003746181776266,0.31495591032217163,2025-12-22
2026-01-04,Premier League,Leeds,Man United,D,0.33870452687505315,0.2341490874927728,0.427146385632174,0.3510880956784415,0.28603353677331855,0.3628783675482399,2025-12-22
2026-01-04,Premier League,Newcastle,Crystal Palace,H,0.5007150336859739,0.24739694024598743,0.2518880260680386,0.5720410789422201,0.24168735585308798,0.18627156520469207,2025-12-22
2026-01-06,Premier League,West Ham,Nott'm Forest,A,0.37456233997665184,0.25646665811279745,0.36897100191055054,0.3187770450293834,0.2777914249541769,0.40343153001643955,2025-12-22
2026-01-07,Premier League,Bournemouth,Tottenham,H,0.3952284297479728,0.2354394535952842,0.36933211665674315,0.4320165204834152,0.2670431788702429,0.3009403006463419,2025-12-22
2026-01-07,Premier League,Brentford,Sunderland,H,0.3591571329831805,0.2980553976033868,0.3427874694134326,0.467317594947992,0.3066311033097235,0.22605130174228455,2025-12-22
2026-01-07,Premier League,Crystal Palace,Aston Villa,D,0.3561571801048013,0.26981898241502866,0.37402383748017004,0.31615302869287987,0.2863974495217853,0.39744952178533466,2025-12-22
2026-01-07,Premier League,Everton,Wolves,D,0.5038355920266296,0.2792188554850181,0.2169455524883521,0.513399368397022,0.27566045632681013,0.21094017527616776,2025-12-22
2026-01-07,Premier League,Fulham,Chelsea,H,0.30571061906310865,0.2519904561129717,0.44229892482391964,0.26289123438224665,0.27170323106545047,0.4654055345523028,2025-12-22
2026-01-07,Premier League,Man City,Brighton,D,0.6962249398163151,0.17493001888963536,0.1288450412940497,0.6324017742986437,0.20897942001661446,0.1586188056847418,2025-12-22
2026-01-07,Premier League,Burnley,Man United,D,0.26010373814615756,0.24160441497532556,0.4982918468785171,0.1942165922541792,0.2499221264666182,0.5558612812792026,2025-12-22
2026-01-07,Premier League,Newcastle,Leeds,H,0.6311165812783179,0.19106161991071666,0.17782179881096552,0.5866321856759639,0.23958987781320307,0.17377793651083312,2025-12-22
2026-01-08,Premier League,Arsenal,Liverpool,D,0.5121026253721881,0.24449045024859858,0.24340692437921344,0.6105433353041254,0.22062815980308167,0.16882850489279294,2025-12-22
2026-01-17,Premier League,Nott'm Forest,Arsenal,D,0.1711911470092254,0.23625478734820152,0.5925540656425731,,,,2025-12-22
2026-01-17,Premier League,Tottenham,West Ham,A,0.5712723664158041,0.20937804767632331,0.21934958590787237,,,,2025-12-22
2026-01-17,Premier League,Sunderland,Crystal Palace,H,0.4342698942075583,0.3125022766631178,0.2532278291293242,,,,2025-12-22
2026-01-17,Premier League,Liverpool,Burnley,D,0.7817649172476782,0.1365876468706215,0.08164743588170019,,,,2025-12-22
2026-01-17,Premier League,Chelsea,Brentford,H,0.523805193176438,0.2349123216644638,0.24128248515909806,,,,2025-12-22
2026-01-17,Premier League,Man United,Man City,H,0.19833745511724118,0.21542026693360283,0.586242277949156,,,,2025-12-22
2026-01-17,Premier League,Leeds,Fulham,H,0.3668415370211392,0.2364937208977707,0.39666474208109015,,,,2025-12-22
2026-01-18,Premier League,Wolves,Newcastle,D,0.21046524761152138,0.22840153986063008,0.5611332125278488,,,,2025-12-22
2026-01-18,Premier League,Aston Villa,Everton,A,0.5030480351893053,0.2731741978281747,0.22377776698251992,,,,2025-12-22
2026-01-19,Premier League,Brighton,Bournemouth,D,0.47759880076947353,0.23709574198581299,0.28530545724471357,,,,2025-12-22
2026-01-24,Premier League,West Ham,Sunderland,H,0.28353880634979134,0.3107180047024514,0.4057431889477574,,,,2026-01-24
2026-01-24,Premier League,Burnley,Tottenham,D,0.250603780387453,0.24261144406377505,0.506784775548772,,,,2026-01-24
2026-01-24,Premier League,Fulham,Brighton,H,0.39447566401802814,0.2616660302262783,0.34385830575569365,,,,2026-01-24
2026-01-24,Premier League,Man City,Wolves,H,0.7927279467750845,0.14170559671322347,0.06556645651169211,,,,2026-01-24
2026-01-24,Premier League,Bournemouth,Liverpool,H,0.24845573041605112,0.23196432137171757,0.5195799482122311,,,,2026-01-24
2026-01-25,Premier League,Newcastle,Aston Villa,A,0.44698951761759265,0.2540139434928476,0.29899653888955985,,,,2026-01-24
2026-01-25,Premier League,Arsenal,Man United,A,0.651841736276291,0.21611341082885485,0.13204485289485432,,,,2026-01-24
2026-01-25,Premier League,Crystal Palace,Chelsea,A,0.3045651758564183,0.28438695419831284,0.41104786994526893,,,,2026-01-24
2026-01-25,Premier League,Brentford,Nott'm Forest,A,0.5160737883430553,0.2477530920717268,0.23617311958521775,,,,2026-01-24
2026-01-26,Premier League,Everton,Leeds,D,0.43626185367277154,0.28355703650158437,0.28018110982564387,,,,2026-01-24
2026-01-31,Premier League,Brighton,Everton,D,0.45932427622429034,0.28625212409011325,0.25442359968559636,,,,2026-01-24
2026-01-31,Premier League,Leeds,Arsenal,A,0.147809516054635,0.21415877622437188,0.638031707720993,,,,2026-01-24
2026-01-31,Premier League,Wolves,Bournemouth,A,0.3088487076700834,0.2627389664232188,0.42841232590669776,,,,2026-01-24
2026-01-31,Premier League,Chelsea,West Ham,H,0.6432686463131851,0.2073936953999406,0.14933765828687445,,,,2026-01-24
2026-01-31,Premier League,Liverpool,Newcastle,H,0.5285501911618292,0.2323254193944088,0.23912438944376196,,,,2026-01-24
2026-02-01,Premier League,Aston Villa,Brentford,A,0.4612441505650846,0.25011578249848054,0.28864006693643485,,,,2026-01-24
2026-02-01,Premier League,Man United,Fulham,H,0.45060903323539897,0.2616603512534357,0.2877306155111652,,,,2026-01-24
2026-02-01,Premier League,Nott'm Forest,Crystal Palace,D,0.36988752793337853,0.29400472775035696,0.3361077443162645,,,,2026-01-24
2026-02-01,Premier League,Tottenham,Man City,D,0.21074854964573828,0.2225555920563153,0.5666958582979464,,,,2026-01-24
2026-02-02,Premier League,Sunderland,Burnley,H,0.5557016021462468,0.2810324760307337,0.16326592182301924,,,,2026-01-24
2026-02-06,Premier League,Leeds,Nott'm Forest,H,0.4111992804608067,0.2609471017145018,0.3278536178246916,,,,2026-01-24
2026-02-07,Premier League,Newcastle,Brentford,A,0.4852882200741685,0.23975600479454146,0.27495577513129,,,,2026-01-24
2026-02-07,Premier League,Wolves,Chelsea,A,0.20327420015172687,0.2508046344317626,0.5459211654165106,,,,2026-01-24
2026-02-07,Premier League,Fulham,Everton,A,0.42192540508363496,0.3010541080533081,0.27702048686305697,,,,2026-01-24
2026-02-07,Premier League,Man United,Tottenham,H,0.4366693124063752,0.2477648195360242,0.3155658680576004,,,,2026-01-24
2026-02-07,Premier League,Bournemouth,Aston Villa,D,0.34128693157357043,0.2551822423449955,0.4035308260814341,,,,2026-01-24
2026-02-07,Premier League,Arsenal,Sunderland,H,0.5723807548203511,0.2845188297349692,0.1431004154446794,,,,2026-01-24
2026-02-07,Premier League,Burnley,West Ham,A,0.3588782482608303,0.26732961405536104,0.3737921376838088,,,,2026-01-24
2026-02-08,Premier League,Brighton,Crystal Palace,A,0.4512491424377742,0.2703020973075917,0.2784487602546341,,,,2026-01-24
2026-02-08,Premier League,Liverpool,Man City,A,0.3452198701845596,0.25556033847011983,0.3992197913453203,,,,2026-01-24
2026-02-10,Premier League,Tottenham,Newcastle,A,0.3695520375271103,0.24432028303140704,0.38612767944148285,,,,2026-01-24
2026-02-10,Premier League,Chelsea,Leeds,D,0.6143430418517051,0.21244380527209697,0.17321315287619826,,,,2026-01-24
2026-02-10,Premier League,Everton,Bournemouth,A,0.3935249227512198,0.2911360054038308,0.3153390718449494,,,,2026-01-24
2026-02-10,Premier League,West Ham,Man United,D,0.30739908574174274,0.257178817277013,0.4354220969812441,,,,2026-01-24
2026-02-11,Premier League,Sunderland,Liverpool,A,0.2783732657105547,0.3052664472947683,0.4163602869946769,,,,2026-01-24
2026-02-11,Premier League,Nott'm Forest,Wolves,D,0.4994461069979571,0.2685780695507642,0.23197582345127862,,,,2026-01-24
2026-02-11,Premier League,Aston Villa,Brighton,H,0.47358312419593185,0.25133199267870976,0.27508488312535845,,,,2026-01-24
2026-02-11,Premier League,Crystal Palace,Burnley,A,0.5613505240328598,0.25367562565491353,0.18497385031222685,,,,2026-01-24
2026-02-11,Premier League,Man City,Fulham,H,0.6894799634781434,0.1897989331265447,0.12072110339531168,,,,2026-01-24
2026-02-12,Premier League,Brentford,Arsenal,D,0.21788874742962747,0.25218644083924324,0.5299248117311293,,,,2026-01-24
2026-02-18,Premier League,Wolves,Arsenal,D,0.11243042893112641,0.21134756153170176,0.6762220095371719,,,,2026-01-24
2026-02-21,Premier League,Aston Villa,Leeds,D,0.57605321223203,0.2224772950629426,0.2014694927050275,,,,2026-01-24
2026-02-21,Premier League,Brentford,Brighton,A,0.45138818236954154,0.24575023533164098,0.30286158229881727,,,,2026-01-24
2026-02-21,Premier League,Chelsea,Burnley,D,0.6918186946086318,0.193028894136105,0.11515241125526317,,,,2026-01-24
2026-02-21,Premier League,West Ham,Bournemouth,D,0.349644437371456,0.25074960898945664,0.3996059536390877,,,,2026-01-24
2026-02-21,Premier League,Man City,Newcastle,H,0.6114440865481909,0.21412295998390848,0.1744329534679003,,,,2026-01-24
2026-02-22,Premier League,Crystal Palace,Wolves,H,0.5287106294420443,0.26738531823336076,0.20390405232459483,,,,2026-01-24
2026-02-22,Premier League,Nott'm Forest,Liverpool,A,0.22516150493851758,0.24560423421235247,0.5292342608491301,,,,2026-01-24
2026-02-22,Premier League,Sunderland,Fulham,A,0.4171566564442018,0.3164210996682114,0.266422243887587,,,,2026-01-24
2026-02-22,Premier League,Tottenham,Arsenal,A,0.2022281790212043,0.2405930461515435,0.5571787748272522,,,,2026-01-24
2026-02-23,Premier League,Everton,Man United,A,0.33503928918054227,0.30287745215818246,0.36208325866127533,,,,2026-02-23
2026-02-27,Premier League,Wolves,Aston Villa,H,0.21634506526753614,0.2675429529615128,0.516111981770951,,,,2026-02-23
2026-02-28,Premier League,Leeds,Man City,A,0.1481939607165815,0.19576147441185382,0.6560445648715646,,,,2026-02-23
2026-02-28,Premier League,Newcastle,Everton,A,0.49448162574862325,0.2762994496808129,0.22921892457056411,,,,2026-02-23
2026-02-28,Premier League,Bournemouth,Sunderland,D,0.42193428806453104,0.2942471482356372,0.2838185636998317,,,,2026-02-23
2026-02-28,Premier League,Burnley,Brentford,A,0.23082599704318701,0.24436158069330363,0.5248124222635093,,,,2026-02-23
2026-02-28,Premier League,Liverpool,West Ham,H,0.6996334770688389,0.1796553899002246,0.12071113303093658,,,,2026-02-23
2026-03-01,Premier League,Brighton,Nott'm Forest,H,0.48083002717503676,0.2684239821765344,0.25074599064842895,,,,2026-02-23
2026-03-01,Premier League,Fulham,Tottenham,H,0.4165063867083196,0.2481185991592603,0.33537501413242005,,,,2026-02-23
2026-03-01,Premier League,Man United,Crystal Palace,H,0.4560588830518259,0.2748793847112089,0.26906173223696533,,,,2026-02-23
2026-03-01,Premier League,Arsenal,Chelsea,H,0.5699027506493334,0.24404645869505998,0.1860507906556068,,,,2026-02-23
2026-03-03,Premier League,Bournemouth,Brentford,D,0.38518710390847294,0.25281173552960085,0.362001160561926,,,,2026-02-23
2026-03-03,Premier League,Everton,Burnley,H,0.514100996467916,0.28219969810050355,0.2036993054315805,,,,2026-02-23
2026-03-03,Premier League,Leeds,Sunderland,A,0.38044732502294637,0.2913586769756694,0.3281939980013844,,,,2026-02-23
2026-03-03,Premier League,Wolves,Liverpool,H,0.14913485070318594,0.21717598408518013,0.6336891652116342,,,,2026-02-23
2026-03-04,Premier League,Newcastle,Man United,H,0.46042066194915554,0.24955891678945114,0.29002042126139327,,,,2026-02-23
2026-03-04,Premier League,Man City,Nott'm Forest,D,0.7093889107795003,0.1887617995740113,0.10184928964648844,,,,2026-02-23
2026-03-04,Premier League,Fulham,West Ham,A,0.5052066573311308,0.24674378670144645,0.24804955596742279,,,,2026-02-23
2026-03-04,Premier League,Brighton,Arsenal,A,0.19961131706070978,0.24943760403975448,0.5509510788995359,,,,2026-02-23
2026-03-04,Premier League,Aston Villa,Chelsea,A,0.38013590741734143,0.2742892126344614,0.3455748799481972,,,,2026-02-23
2026-03-05,Premier League,Tottenham,Crystal Palace,A,0.43809992355380084,0.26405264855242994,0.29784742789376917,,,,2026-02-23
2026-03-14,Premier League,Burnley,Bournemouth,D,0.264490039091149,0.25163574323125454,0.48387421767759653,,,,2026-02-23
2026-03-14,Premier League,Sunderland,Brighton,A,0.3432254294073239,0.3069037865854632,0.34987078400721294,,,,2026-02-23
2026-03-14,Premier League,Arsenal,Everton,H,0.6502476219246167,0.23578860182853267,0.11396377624685043,,,,2026-02-23
2026-03-14,Premier League,Chelsea,Newcastle,A,0.46617440030092666,0.24988449209608332,0.28394110760298996,,,,2026-02-23
2026-03-14,Premier League,West Ham,Man City,D,0.13117637913977612,0.19490038446518226,0.6739232363950417,,,,2026-02-23
2026-03-15,Premier League,Crystal Palace,Leeds,D,0.45524431939266913,0.2631850011122893,0.28157067949504155,,,,2026-02-23
2026-03-15,Premier League,Man United,Aston Villa,H,0.37595542410921384,0.2730712688221911,0.35097330706859514,,,,2026-02-23
2026-03-15,Premier League,Nott'm Forest,Fulham,D,0.36749536657070575,0.28099956649591035,0.351505066933384,,,,2026-02-23
2026-03-15,Premier League,Liverpool,Tottenham,D,0.6211765342392004,0.20190616356412525,0.1769173021966742,,,,2026-02-23
2026-03-16,Premier League,Brentford,Wolves,D,0.5976339851562416,0.23138660982939038,0.17097940501436826,,,,2026-02-23
2026-03-20,Premier League,Bournemouth,Man United,D,0.38377152625344907,0.257211036605469,0.35901743714108214,,,,2026-02-23
2026-03-21,Premier League,Brighton,Liverpool,H,0.27663650158473274,0.24960719541867135,0.47375630299659577,,,,2026-02-23
2026-03-21,Premier League,Fulham,Burnley,H,0.5820451197243117,0.23194610258558426,0.18600877769010407,,,,2026-02-23
2026-03-21,Premier League,Everton,Chelsea,H,0.275761597221719,0.29841968082065545,0.42581872195762566,,,,2026-02-23
2026-03-21,Premier League,Leeds,Brentford,D,0.33670768064373363,0.2451323411537922,0.41815997820247436,,,,2026-02-23
2026-03-22,Premier League,Newcastle,Sunderland,A,0.49135812736969753,0.27953111961786986,0.22911075301243278,,,,2026-02-23
2026-03-22,Premier League,Aston Villa,West Ham,H,0.5792295541586873,0.23440593116166858,0.18636451467964416,,,,2026-02-23
2026-03-22,Premier League,Tottenham,Nott'm Forest,A,0.47603980762071246,0.2559904869391978,0.2679697054400896,,,,2026-02-23
2026-04-10,Premier League,West Ham,Wolves,H,0.4498306149941695,0.27045895736986497,0.2797104276359655,,,,2026-04-10
2026-04-11,Premier League,Arsenal,Bournemouth,A,0.6898046615832497,0.1967715121478258,0.11342382626892467,,,,2026-04-10
2026-04-11,Premier League,Brentford,Everton,D,0.44132913936112383,0.289224274946179,0.26944658569269697,,,,2026-04-10
2026-04-11,Premier League,Burnley,Brighton,A,0.22447976023637087,0.2486100477950538,0.5269101919685752,,,,2026-04-10
2026-04-11,Premier League,Liverpool,Fulham,H,0.6025163340877608,0.2181339556171234,0.17934971029511587,,,,2026-04-10
2026-04-12,Premier League,Chelsea,Man City,A,0.27005747704531674,0.25780379142704385,0.47213873152763947,,,,2026-04-10
2026-04-12,Premier League,Sunderland,Tottenham,H,0.3951931139639989,0.2955636778781388,0.3092432081578622,,,,2026-04-10
2026-04-12,Premier League,Nott'm Forest,Aston Villa,D,0.3282679863706957,0.2880827459499978,0.38364926767930657,,,,2026-04-10
2026-04-12,Premier League,Crystal Palace,Newcastle,H,0.3401414174498663,0.27556751330431567,0.3842910692458179,,,,2026-04-10
2026-04-13,Premier League,Man United,Leeds,A,0.5344778398702175,0.24264837437675787,0.22287378575302452,,,,2026-04-10
2026-04-18,Premier League,Brentford,Fulham,D,0.4621584499883391,0.25565022559693573,0.2821913244147253,,,,2026-04-10
2026-04-18,Premier League,Leeds,Wolves,H,0.46704899969583,0.2708587259367659,0.2620922743674038,,,,2026-04-10
2026-04-18,Premier League,Newcastle,Bournemouth,A,0.5047296181217774,0.24029689163551066,0.2549734902427117,,,,2026-04-10
2026-04-18,Premier League,Tottenham,Brighton,D,0.3798538495557703,0.2530623351471902,0.3670838152970396,,,,2026-04-10
2026-04-18,Premier League,Chelsea,Man United,A,0.47805177906685453,0.2528375489966344,0.26911067193651134,,,,2026-04-10
2026-04-19,Premier League,Aston Villa,Sunderland,H,0.43874558556599885,0.31077889172417794,0.2504755227098233,,,,2026-04-10
2026-04-19,Premier League,Everton,Liverpool,A,0.2506450206460223,0.2798333254211024,0.46952165393287537,,,,2026-04-10
2026-04-19,Premier League,Nott'm Forest,Burnley,H,0.5495116844995777,0.2535242684580848,0.19696404704233753,,,,2026-04-10
2026-04-19,Premier League,Man City,Arsenal,H,0.383619076928967,0.28524681202170943,0.3311341110493235,,,,2026-04-10
2026-04-20,Premier League,Crystal Palace,West Ham,D,0.48114714263762365,0.2699525371492273,0.24890032021314928,,,,2026-04-10
2026-04-21,Premier League,Brighton,Chelsea,H,0.3525319430361288,0.2667531006345895,0.3807149563292817,,,,2026-04-10
2026-04-22,Premier League,Burnley,Man City,A,0.09050756743012857,0.1665730226162437,0.7429194099536278,,,,2026-04-10
2026-04-22,Premier League,Bournemouth,Leeds,D,0.4798433104648534,0.25400583066594884,0.26615085886919776,,,,2026-04-10
2026-04-24,Premier League,Sunderland,Nott'm Forest,A,0.3891435781056765,0.32972921848131703,0.2811272034130065,,,,2026-04-10
2026-04-25,Premier League,Fulham,Aston Villa,H,0.3577989871831138,0.2743487825694168,0.36785223024746927,,,,2026-04-10
2026-04-25,Premier League,Liverpool,Crystal Palace,H,0.5859908684968079,0.23535385669250816,0.1786552748106839,,,,2026-04-10
2026-04-25,Premier League,West Ham,Everton,H,0.3313603226841541,0.2998260910534288,0.3688135862624172,,,,2026-04-10
2026-04-25,Premier League,Wolves,Tottenham,A,0.30839987596102336,0.26112976309198777,0.4304703609469888,,,,2026-04-10
2026-04-25,Premier League,Arsenal,Newcastle,H,0.6303647920016721,0.2179417559603959,0.15169345203793205,,,,2026-04-10
2026-04-27,Premier League,Man United,Brentford,H,0.43564461092784185,0.25504105703714175,0.30931433203501646,,,,2026-04-10
2026-05-01,Premier League,Leeds,Burnley,H,0.5317481101764909,0.24663081426890443,0.22162107555460506,,,,2026-04-10
2026-05-02,Premier League,Brentford,West Ham,H,0.5512364090596996,0.2329796134733865,0.21578397746691408,,,,2026-04-10
2026-05-02,Premier League,Newcastle,Brighton,H,0.4561667616530169,0.25254965680098096,0.2912835815460021,,,,2026-04-10
2026-05-02,Premier League,Wolves,Sunderland,D,0.28920084404572227,0.3276069779976054,0.3831921779566723,,,,2026-04-10
2026-05-02,Premier League,Arsenal,Fulham,H,0.6815173224223804,0.20328746401391753,0.1151952135637021,,,,2026-04-10
2026-05-03,Premier League,Aston Villa,Tottenham,A,0.49101475955915713,0.24530836067922715,0.26367687976161575,,,,2026-04-10
2026-05-03,Premier League,Man United,Liverpool,H,0.30810308383996554,0.2503752266135187,0.44152168954651555,,,,2026-04-10
2026-05-03,Premier League,Bournemouth,Crystal Palace,H,0.4096096562088974,0.2806864206431419,0.3097039231479605,,,,2026-04-10
2026-05-04,Premier League,Chelsea,Nott'm Forest,A,0.5386469724248072,0.2541884661168286,0.20716456145836415,,,,2026-04-10
2026-05-04,Premier League,Everton,Man City,D,0.18445898161469493,0.2697003047544588,0.5458407136308462,,,,2026-04-10
2026-05-09,Premier League,Liverpool,Chelsea,D,0.49273584694447353,0.2436084607527998,0.26365569230272656,,,,2026-04-10
2026-05-09,Premier League,Brighton,Wolves,H,0.5653551681196877,0.2466443553647126,0.18800047651559942,,,,2026-04-10
2026-05-09,Premier League,Fulham,Bournemouth,A,0.4200943113736708,0.2632650494574571,0.3166406391688721,,,,2026-04-10
2026-05-09,Premier League,Sunderland,Man United,D,0.3375976173288027,0.31198607654176663,0.3504163061294305,,,,2026-04-10
2026-05-09,Premier League,Man City,Brentford,H,0.6519986364444572,0.2032539344135293,0.1447474291420135,,,,2026-04-10
2026-05-10,Premier League,Nott'm Forest,Newcastle,D,0.3722191459975803,0.2653314664017624,0.3624493876006574,,,,2026-05-10
2026-05-10,Premier League,Burnley,Aston Villa,D,0.2053323581353498,0.24327636223549437,0.5513912796291557,,,,2026-05-10
2026-05-10,Premier League,Crystal Palace,Everton,D,0.380380788102521,0.3143135976594378,0.3053056142380411,,,,2026-05-10
2026-05-10,Premier League,West Ham,Arsenal,A,0.13648096649164015,0.2146560711414635,0.6488629623668963,,,,2026-05-10
2026-05-11,Premier League,Tottenham,Leeds,D,0.4578488505666768,0.24335961386997138,0.29879153556335186,,,,2026-05-10
2026-05-13,Premier League,Man City,Crystal Palace,H,0.6860652694816716,0.20189408609916912,0.11204064441915926,,,,2026-05-10
2026-05-15,Premier League,Aston Villa,Liverpool,H,0.30762368943834617,0.25365313986704724,0.43872317069460653,,,,2026-05-10
2026-05-17,Premier League,Man United,Nott'm Forest,H,0.4571776376666352,0.26633919620176927,0.2764831661315955,,,,2026-05-10
2026-05-17,Premier League,Brentford,Crystal Palace,D,0.4644080151033331,0.2712787449372581,0.26431323995940864,,,,2026-05-10
2026-05-17,Premier League,Everton,Sunderland,A,0.4131935962978819,0.3271043324977477,0.25970207120437033,,,,2026-05-10
2026-05-17,Premier League,Leeds,Brighton,H,0.3459914514590976,0.26192388787088394,0.3920846606700184,,,,2026-05-10
2026-05-17,Premier League,Wolves,Fulham,D,0.2788662121215016,0.28547159241324344,0.43566219546525503,,,,2026-05-10
2026-05-17,Premier League,Newcastle,West Ham,H,0.5786874846794081,0.22212724269437792,0.19918527262621374,,,,2026-05-10
2026-05-18,Premier League,Arsenal,Burnley,H,0.8321102730257729,0.12181941640705185,0.04607031056717532,,,,2026-05-10
2026-05-19,Premier League,Chelsea,Tottenham,H,0.5152148175971931,0.2361290033609924,0.24865617904181436,,,,2026-05-10
2026-05-19,Premier League,Bournemouth,Man City,D,0.19996868360593098,0.2336930207219569,0.566338295672112,,,,2026-05-10
2026-05-24,Premier League,Nott'm Forest,Bournemouth,D,0.4100999387315993,0.27014659903896693,0.3197534622294337,,,,2026-05-10
2026-05-24,Premier League,Man City,Aston Villa,A,0.6478407756895854,0.20907670851908208,0.14308251579133266,,,,2026-05-10
2026-05-24,Premier League,Sunderland,Chelsea,H,0.29004480005460326,0.29765825936723644,0.4122969405781602,,,,2026-05-10
2026-05-24,Premier League,Liverpool,Brentford,D,0.5770461009806028,0.22001457045788625,0.20293932856151098,,,,2026-05-10
2026-05-24,Premier League,Tottenham,Everton,H,0.41854605682661217,0.27670576194393653,0.3047481812294514,,,,2026-05-10
2026-05-24,Premier League,Crystal Palace,Arsenal,A,0.17012914282862826,0.2608505808129354,0.5690202763584361,,,,2026-05-10
2026-05-24,Premier League,Burnley,Wolves,D,0.3716147875535662,0.28482389844614037,0.3435613140002935,,,,2026-05-10
2026-05-24,Premier League,Brighton,Man United,A,0.42067350165432227,0.2633016371954887,0.316024861150189,,,,2026-05-10
2026-05-24,Premier League,Fulham,Newcastle,H,0.3460883113541219,0.2657321137680587,0.38817957487781946,,,,2026-05-10
2026-05-24,Premier League,West Ham,Leeds,H,0.3782205182617215,0.2590191789604902,0.3627603027777882,,,,2026-05-10
