Date,liga,HomeTeam,AwayTeam,FTR,prob_casa_modelo,prob_empate_modelo,prob_fora_modelo,prob_casa_odds,prob_empate_odds,prob_fora_odds,data_corte_modelo
2023-05-04,Championship,Huddersfield,Sheffield United,H,0.23391367931717405,0.2659150929139315,0.5001712277688942,0.24384983825262682,0.31589638137272114,0.44025378037465207,2023-05-04
2023-05-08,Championship,Preston,Sunderland,A,0.3485224546700342,0.2656414626313353,0.38583608269863046,0.28175719085384476,0.25314122615775114,0.4651015829884041,2023-05-04
2023-05-08,Championship,Wigan,Rotherham,D,0.3680441847410659,0.2947567634598343,0.3371990517990996,0.34851572648074997,0.2731345159778911,0.3783497575413589,2023-05-04
2023-05-08,Championship,Watford,Stoke,H,0.4404262128162421,0.2840958674157581,0.2754779197679998,0.37060894630002716,0.28252218225190473,0.3468688714480681,2023-05-04
2023-05-08,Championship,Swansea,West Brom,H,0.391835993804344,0.26650092711857426,0.3416630790770817,0.3224081189971265,0.26675959434830737,0.4108322866545662,2023-05-04
2023-05-08,Championship,Norwich,Blackpool,A,0.5979149898973817,0.22298437325840478,0.1791006368442137,0.617209956870821,0.2040041331130924,0.17878591001608654,2023-05-04
2023-05-08,Championship,QPR,Bristol City,A,0.401884319542108,0.25854457862299984,0.3395711018348918,0.3828837762792543,0.2770725902419675,0.34004363347877836,2023-05-04
2023-05-08,Championship,Middlesbrough,Coventry,D,0.4853800003512292,0.2509833782601061,0.2636366213886647,0.4231974921630094,0.2773088979985531,0.2994936098384374,2023-05-04
2023-05-08,Championship,Luton,Hull,D,0.5199333161404973,0.2668359979165437,0.21323068594295902,0.5222802012163076,0.261843982280952,0.21587581650274046,2023-05-04
2023-05-08,Championship,Huddersfield,Reading,H,0.48317115004253774,0.25237020922702946,0.26445864073043285,0.521747193783732,0.2601742038707082,0.21807860234555992,2023-05-04
2023-05-08,Championship,Burnley,Cardiff,H,0.7182105641069519,0.18541387979994722,0.09637555609310088,0.7527979143890338,0.1586779917584728,0.08852409385249349,2023-05-04
2023-05-08,Championship,Birmingham,Sheffield United,A,0.1948272368745916,0.2552517492326113,0.549921013892797,0.24163472974758818,0.25765825294039907,0.5007070173120126,2023-05-04
2023-05-08,Championship,Millwall,Blackburn,A,0.4302790650094367,0.29540232481178996,0.27431861017877335,0.5111534364205701,0.25761048519869584,0.23123607838073407,2023-05-04
2023-08-05,Championship,Watford,QPR,H,0.5538915080838647,0.24767026017846408,0.19843823173767133,0.5357651752636079,0.2579082359646623,0.20632658877172985,2023-08-04
2023-08-05,Championship,Swansea,Birmingham,D,0.5545275082974008,0.23270322152603515,0.21276927017656416,0.5042020350110119,0.2710612611619089,0.22473670382707917,2023-08-04
2023-08-05,Championship,Stoke,Rotherham,H,0.4944270413692811,0.2705825950478949,0.234990363582824,0.5739568395648981,0.2487146304781225,0.17732852995697945,2023-08-04
2023-08-05,Championship,Middlesbrough,Millwall,A,0.4784914364250049,0.26051915165959527,0.26098941191539954,0.45624379145704486,0.28666645303938215,0.25708975550357294,2023-08-04
2023-08-05,Championship,Bristol City,Preston,D,0.43608319557591574,0.2678441207561186,0.2960726836679659,0.45444807837872575,0.2827089789914166,0.2628429426298576,2023-08-04
2023-08-05,Championship,Blackburn,West Brom,H,0.3837637324518358,0.2822877267443597,0.3339485408038045,0.332517432649647,0.29703538953154446,0.37044717781880837,2023-08-04
2023-08-05,Championship,Norwich,Hull,H,0.5342721455566926,0.2536635629081969,0.2120642915351103,0.5374597235526755,0.25600055253430065,0.2065397239130239,2023-08-04
2023-08-06,Championship,Leeds,Cardiff,D,0.6158761992188962,0.22702477671447144,0.1570990240666323,0.6495733530315906,0.2072514552499079,0.1431751917185015,2023-08-04
2023-08-06,Championship,Sunderland,Ipswich,A,0.6402553794990838,0.20804709784255063,0.15169752265836567,0.3212478221189745,0.27652866506264,0.4022235128183855,2023-08-04
2023-08-12,Championship,West Brom,Swansea,H,0.4637247128138238,0.254636165036328,0.2816391221498483,0.4632545284043235,0.2694832436701051,0.26726222792557125,2023-08-04
2023-08-12,Championship,Rotherham,Blackburn,D,0.3352552445648721,0.2836646336920942,0.38108012174303385,0.27918781725888325,0.27918781725888325,0.4416243654822335,2023-08-04
2023-08-12,Championship,Preston,Sunderland,H,0.32210755935812685,0.26329187316932495,0.4146005674725482,0.3829699049022542,0.289507011443966,0.3275230836537797,2023-08-04
2023-08-12,Championship,Millwall,Bristol City,A,0.4845039713387832,0.26565116697896585,0.24984486168225092,0.5036979723733018,0.2723073071934096,0.22399472043328855,2023-08-04
2023-08-12,Championship,Hull,Sheffield Weds,H,0.433701506973233,0.27521168339579466,0.29108680963097217,0.3942083601923935,0.29959835374621907,0.3061932860613874,2023-08-04
2023-08-12,Championship,Coventry,Middlesbrough,H,0.383336130376598,0.26319733789026206,0.3534665317331398,0.4038010492164868,0.28126026838489404,0.3149386823986192,2023-08-04
2023-08-12,Championship,Ipswich,Stoke,H,0.28253047325491976,0.2808348468178607,0.4366346799272195,0.4629137037547292,0.2692849800235267,0.26780131622174413,2023-08-04
2023-08-12,Championship,Cardiff,QPR,A,0.4569375719613054,0.26690117437614364,0.27616125366255095,0.508425912753327,0.26678392674693807,0.22479016049973485,2023-08-04
2023-08-12,Championship,Birmingham,Leeds,H,0.20584626804505096,0.24798424119446,0.5461694907604888,0.2889018586693005,0.29503007991380087,0.41606806141689867,2023-08-04
2023-08-18,Championship,Leeds,West Brom,D,0.5232576329834844,0.2567173313053449,0.22002503571117057,0.46725797849945266,0.2714794958879502,0.2612625256125972,2023-08-04
2023-08-19,Championship,Swansea,Coventry,D,0.41296676957834255,0.2597333787716715,0.32729985164998615,0.42687944284874635,0.2772892107393566,0.2958313464118971,2023-08-04
2023-08-19,Championship,Sunderland,Rotherham,H,0.5733830444004568,0.23168156115807884,0.19493539444146427,0.6022250543665713,0.23590811132121164,0.16186683431221702,2023-08-04
2023-08-19,Championship,QPR,Ipswich,A,0.48228928139164284,0.2620989044989429,0.25561181410941425,0.17993557542369684,0.24384216518375035,0.5762222593925529,2023-08-04
2023-08-19,Championship,Middlesbrough,Huddersfield,D,0.5549205631809396,0.23299785094260167,0.2120815858764587,0.5430971097229278,0.2418268224885674,0.21507606778850463,2023-08-04
2023-08-19,Championship,Stoke,Watford,H,0.36901600657209904,0.29159506740146196,0.339388926026439,0.419784145887607,0.28147376256047635,0.2987420915519166,2023-08-04
2023-08-19,Championship,Bristol City,Birmingham,A,0.4905451851110658,0.25521747377697734,0.2542373411119566,0.4120958516466976,0.3001685832982118,0.2877355650550906,2023-08-04
2023-08-19,Championship,Blackburn,Hull,A,0.48508263335882856,0.268766403476415,0.24615096316475663,0.5159765817874021,0.25195739578190024,0.23206602243069763,2023-08-04
2023-08-19,Championship,Sheffield Weds,Preston,A,0.3939234425372178,0.2799903863669041,0.32608617109587806,0.38127090301003347,0.3010033444816053,0.31772575250836116,2023-08-04
2023-08-20,Championship,Norwich,Millwall,H,0.440613469261072,0.2807489299777227,0.27863760076120536,0.49066666666666664,0.26399999999999996,0.24533333333333332,2023-08-04
2023-08-25,Championship,Hull,Bristol City,D,0.40315273729043916,0.27032913585958257,0.32651812684997816,0.426541513250013,0.277861328631437,0.29559715811855,2023-08-04
2023-08-26,Championship,Millwall,Stoke,H,0.42923662399453993,0.2893241307257309,0.28143924527972913,0.36427830666868644,0.3048975168668943,0.33082417646441925,2023-08-04
2023-08-26,Championship,West Brom,Middlesbrough,H,0.39429685725753505,0.2636292349583588,0.3420739077841062,0.40903661074506215,0.27894187208402516,0.31202151717091275,2023-08-04
2023-08-26,Championship,Preston,Swansea,H,0.3670636288598369,0.2633251518292197,0.36961121931094354,0.39387544031721927,0.29127914298908136,0.3148454166936996,2023-08-04
2023-08-26,Championship,Ipswich,Leeds,A,0.176869320234827,0.2380252341734612,0.5851054455917118,0.4124546922796389,0.26522972037600756,0.32231558734435356,2023-08-04
2023-08-26,Championship,Coventry,Sunderland,D,0.4035570183193688,0.26223990469200364,0.3342030769886274,0.48103819764394773,0.26916818815533916,0.2497936142007132,2023-08-04
2023-08-26,Championship,Cardiff,Sheffield Weds,H,0.4443264060589619,0.273883915213102,0.28178967872793587,0.4325012960368847,0.28705838232536596,0.28044032163774946,2023-08-04
2023-08-26,Championship,Huddersfield,Norwich,A,0.3373497349324207,0.274020627897495,0.3886296371700843,0.26379618313434244,0.2659584469305255,0.47024536993513216,2023-08-04
2023-08-27,Championship,Watford,Blackburn,A,0.45386440246329024,0.27897986689311866,0.2671557306435912,0.43639906043445803,0.26230994737704616,0.3012909921884958,2023-08-04
2023-09-02,Championship,Stoke,Preston,A,0.4667652811553327,0.2764906806753952,0.2567440381692722,0.48886703239376256,0.2869750426146276,0.22415792499161002,2023-08-04
2023-09-02,Championship,Rotherham,Norwich,H,0.2964930914564232,0.2763158164500966,0.42719109209348033,0.21278093919897006,0.2499765789561165,0.5372424818449134,2023-08-04
2023-09-02,Championship,Middlesbrough,QPR,A,0.6142507310527865,0.21055086613973525,0.17519840280747834,0.6257589523768111,0.21177431794411733,0.16246672967907158,2023-08-04
2023-09-02,Championship,West Brom,Huddersfield,A,0.4962158054290616,0.26461051221316706,0.23917368235777134,0.5516922163288833,0.24644119308092244,0.2018665905901943,2023-08-04
2023-09-02,Championship,Ipswich,Cardiff,H,0.3291731120667714,0.28594796235071357,0.384878925582515,0.6226908210566857,0.21780217059381837,0.15950700834949588,2023-08-04
2023-09-02,Championship,Swansea,Bristol City,A,0.4986064971777583,0.23730406541316756,0.26408943740907403,0.4213241616509028,0.2837489251934651,0.29492691315563196,2023-08-04
2023-09-02,Championship,Birmingham,Millwall,D,0.29856852201969897,0.2876298673968912,0.41380161058340964,0.39289159704560106,0.30544550491319455,0.3016628980412045,2023-08-04
2023-09-02,Championship,Leeds,Sheffield Weds,D,0.6492276594914154,0.21006070413816474,0.14071163637041967,0.653891797556719,0.19630017452006981,0.14980802792321118,2023-08-04
2023-09-02,Championship,Coventry,Watford,D,0.395317178214465,0.2885197069831765,0.31616311480235854,0.42291394076364935,0.27871119305340786,0.2983748661829428,2023-08-04
2023-09-15,Championship,Southampton,Leicester,A,0.27798527888427504,0.20463359248242288,0.5173811286333021,0.4195786570992276,0.2674237594698373,0.31299758343093503,2023-09-15
2023-09-15,Championship,Hull,Coventry,D,0.3418399494707908,0.2792266590336445,0.3789333914955648,0.35501033453264946,0.2779223761769884,0.36706728929036214,2023-09-15
2023-09-16,Championship,Blackburn,Middlesbrough,H,0.38849961370208125,0.25812107950047186,0.35337930679744706,0.41053556535207913,0.26296467294173714,0.3264997617061838,2023-09-15
2023-09-16,Championship,Watford,Birmingham,H,0.5418594151881975,0.25818472759799727,0.19995585721380535,0.47389719361109,0.2807772389892296,0.24532556739968042,2023-09-15
2023-09-16,Championship,Sheffield Weds,Ipswich,A,0.2841736735924561,0.23782032003182935,0.47800600637571466,0.24486668503794112,0.2641632444566919,0.49097007050536684,2023-09-15
2023-09-16,Championship,QPR,Sunderland,A,0.2794222265091881,0.25266969490390767,0.4679080785869043,0.3264861099543434,0.2764001726318021,0.3971137174138544,2023-09-15
2023-09-16,Championship,Cardiff,Swansea,H,0.3821331294902084,0.25632961668599774,0.36153725382379387,0.4153648475011835,0.292757151552039,0.2918780009467776,2023-09-15
2023-09-16,Championship,Norwich,Stoke,H,0.4978358712623548,0.2559901079875355,0.24617402075010983,0.5033854414530322,0.2590757072011605,0.23753885134580735,2023-09-15
2023-09-16,Championship,Huddersfield,Rotherham,H,0.45733059598139225,0.26481262499448555,0.2778567790241223,0.5216649522041298,0.2636676117118699,0.21466743608400032,2023-09-15
2023-09-16,Championship,Bristol City,West Brom,D,0.34838798949809846,0.2666855286410106,0.3849264818608909,0.4212940042212784,0.29580217317664226,0.2829038226020794,2023-09-15
2023-09-16,Championship,Preston,Plymouth,H,0.2926980410323252,0.2946007821820869,0.4127011767855877,0.4909597504467126,0.2511887095308762,0.2578515400224114,2023-09-15
2023-09-17,Championship,Millwall,Leeds,A,0.36600860238378335,0.2843037265911796,0.34968767102503684,0.253690585902829,0.26049194209325344,0.4858174720039176,2023-09-15
2023-09-19,Championship,Bristol City,Plymouth,H,0.2893956338620302,0.2788993084351908,0.43170505770277906,0.5988430506926473,0.21948546201857208,0.18167148728878066,2023-09-15
2023-09-19,Championship,Cardiff,Coventry,H,0.3331862125818079,0.2769839783078707,0.38982980911032156,0.35126556679904625,0.2870223067945009,0.36171212640645284,2023-09-15
2023-09-19,Championship,Preston,Birmingham,H,0.4610227101384926,0.2765917882343638,0.26238550162714347,0.4021458675403485,0.31494919075975514,0.28290494169989633,2023-09-15
2023-09-19,Championship,QPR,Swansea,D,0.34919895237925097,0.2529699323085982,0.3978311153121509,0.3527939821922015,0.28388087196806877,0.3633251458397298,2023-09-15
2023-09-19,Championship,Southampton,Ipswich,A,0.3909452127299495,0.17694472409810405,0.43211006317194645,0.4417500399320429,0.2619542015769527,0.2962957584910044,2023-09-15
2023-09-19,Championship,Sheffield Weds,Middlesbrough,D,0.2719469514855326,0.2535650795150816,0.47448796899938583,0.28514901040552154,0.27085184553839237,0.44399914405608615,2023-09-15
2023-09-20,Championship,Norwich,Leicester,A,0.3670081398120878,0.28587797049829344,0.3471138896896185,0.40064970221981583,0.2704385489983757,0.3289117487818083,2023-09-15
2023-09-20,Championship,Watford,West Brom,D,0.4297813624307639,0.27748172173975555,0.2927369158294807,0.42855822653324505,0.2878186906007297,0.2836230828660251,2023-09-15
2023-09-20,Championship,Millwall,Rotherham,H,0.5118442779972742,0.2678065973668841,0.22034912463584175,0.5804891122982287,0.2479326899074276,0.1715781977943437,2023-09-15
2023-09-20,Championship,Huddersfield,Stoke,D,0.37136388519404717,0.2817309582099366,0.34690515659601623,0.310614576054926,0.28764012516328946,0.4017452987817845,2023-09-15
2023-09-20,Championship,Blackburn,Sunderland,A,0.359203509688439,0.2639212924740371,0.3768751978375238,0.42488372692490406,0.26225976675418605,0.31285650632091005,2023-09-15
2023-09-20,Championship,Hull,Leeds,D,0.314909687637702,0.2672991485955398,0.4177911637667583,0.25366300983770146,0.25566561254694653,0.49067137761535196,2023-09-15
2023-09-22,Championship,Birmingham,QPR,D,0.42779185663167385,0.27187553152627053,0.30033261184205573,0.5107734877405139,0.2726038277266788,0.21662268453280725,2023-09-15
2023-09-23,Championship,Swansea,Sheffield Weds,H,0.5575393050379266,0.2332154508785414,0.2092452440835319,0.46934169278996873,0.2840752351097179,0.2465830721003135,2023-09-15
2023-09-23,Championship,West Brom,Millwall,D,0.4305512211456902,0.2841428174850624,0.28530596136924735,0.4589424649387977,0.28366123197383414,0.2573963030873681,2023-09-15
2023-09-23,Championship,Rotherham,Preston,D,0.3664340295223612,0.2806965077212253,0.3528694627564134,0.2762282274257422,0.2991764186272654,0.4245953539469924,2023-09-15
2023-09-23,Championship,Plymouth,Norwich,H,0.4485853980991815,0.2715812207397948,0.2798333811610235,0.2831253205676183,0.24773465549666607,0.46914002393571547,2023-09-15
2023-09-23,Championship,Leicester,Bristol City,H,0.5636210513770379,0.2533211820731705,0.18305776654979172,0.5847335777460619,0.22678919136879971,0.1884772308851384,2023-09-15
2023-09-23,Championship,Leeds,Watford,H,0.4384240691442909,0.2716932042256139,0.2898827266300952,0.5487150381268582,0.24464121347217604,0.20664374840096572,2023-09-15
2023-09-23,Championship,Ipswich,Blackburn,H,0.4829329971388795,0.23329282816090918,0.2837741747002113,0.5849072665169879,0.22167718320050223,0.19341555028250992,2023-09-15
2023-09-23,Championship,Middlesbrough,Southampton,H,0.6107844733859851,0.16480472445088287,0.224410802163132,0.43983082590560146,0.2620016510111534,0.2981675230832452,2023-09-15
2023-09-24,Championship,Stoke,Hull,A,0.45342013474325477,0.2760003533395712,0.27057951191717394,0.4744553578533299,0.2709285469636006,0.25461609518306966,2023-09-15
2023-09-24,Championship,Sunderland,Cardiff,A,0.557846614163765,0.2351124560356905,0.2070409298005446,0.49316716228407226,0.26987203047211733,0.23696080724381036,2023-09-15
2023-09-25,Championship,Coventry,Huddersfield,D,0.5095067796890255,0.2580666243744255,0.23242659593654913,0.4955997653208171,0.26396074457304386,0.240439490106139,2023-09-15
2023-09-29,Championship,Sheffield Weds,Sunderland,A,0.24896628664937043,0.2541716599516157,0.4968620533990139,0.2820823912204269,0.28539127557491867,0.4325263332046545,2023-09-15
2023-09-30,Championship,Norwich,Birmingham,H,0.5809868522027603,0.23103468209537803,0.1879784657018617,0.5132225069680767,0.264302598956312,0.2224748940756112,2023-09-15
2023-09-30,Championship,Watford,Middlesbrough,A,0.4380216203709709,0.2623417643927728,0.2996366152362565,0.3502806459646367,0.28225512921208407,0.36746422482327923,2023-09-15
2023-09-30,Championship,QPR,Coventry,A,0.30388967569608727,0.270952055832713,0.42515826847119975,0.33238938733165546,0.2915870972699852,0.3760235153983593,2023-09-15
2023-09-30,Championship,Preston,West Brom,A,0.35085358108705933,0.2802961262575104,0.3688502926554302,0.3677423097001219,0.3074186500647706,0.3248390402351076,2023-09-15
2023-09-30,Championship,Millwall,Swansea,A,0.44598746282160934,0.26581303145245,0.2881995057259409,0.42105263157894735,0.28947368421052627,0.28947368421052627,2023-09-15
2023-09-30,Championship,Huddersfield,Ipswich,D,0.3560992951706558,0.2403172584729505,0.4035834463563937,0.2755026777410769,0.2679130722936643,0.45658424996525887,2023-09-15
2023-09-30,Championship,Cardiff,Rotherham,H,0.45454036130545183,0.26592260047716826,0.27953703821738,0.6101638662238312,0.23895579982657436,0.15088033394959435,2023-09-15
2023-09-30,Championship,Southampton,Leeds,H,0.33334269544755957,0.1918933041975917,0.47476400035484867,0.31180518793012174,0.2615140285865537,0.42668078348332455,2023-09-15
2023-09-30,Championship,Hull,Plymouth,D,0.2849093057404015,0.28700130790464806,0.42808938635495036,0.5224970390343472,0.2466610387319507,0.23084192223370212,2023-09-15
2023-09-30,Championship,Bristol City,Stoke,A,0.384739442385965,0.2759140990376944,0.33934645857634044,0.3616501571081283,0.2921438206068664,0.3462060222850054,2023-09-15
2023-10-01,Championship,Blackburn,Leicester,A,0.301032966297572,0.2955897332602472,0.4033773004421807,0.2590515860301186,0.24531400192246078,0.49563441204742076,2023-09-15
2023-10-03,Championship,Birmingham,Huddersfield,H,0.3908948188156581,0.27747582662214687,0.3316293545621949,0.4483926519184709,0.29755720326088125,0.25405014482064797,2023-09-15
2023-10-03,Championship,Ipswich,Hull,H,0.5292110174091561,0.22588311118846574,0.24490587140237832,0.5298050191075695,0.2518293986926889,0.2183655821997415,2023-09-15
2023-10-03,Championship,Middlesbrough,Cardiff,H,0.5359806185265598,0.23663074971198417,0.22738863176145596,0.5254823240771718,0.26132857514590535,0.2131891007769228,2023-09-15
2023-10-03,Championship,Plymouth,Millwall,A,0.47084432312163044,0.29293662374336943,0.23621905313500008,0.3743884563400658,0.2741999961927243,0.3514115474672098,2023-09-15
2023-10-03,Championship,Stoke,Southampton,A,0.5281130593978979,0.19400174069039716,0.27788519991170496,0.32252040235338775,0.2831429113683811,0.39433668627823115,2023-09-15
2023-10-03,Championship,West Brom,Sheffield Weds,H,0.5811067442153681,0.2381471794178994,0.18074607636673237,0.6075657159877876,0.244247524015191,0.14818675999702138,2023-09-15
2023-10-04,Championship,Rotherham,Bristol City,A,0.3823850001420953,0.2671036769078897,0.35051132295001486,0.23765144454799625,0.28588070829450135,0.47646784715750223,2023-09-15
2023-10-04,Championship,Swansea,Norwich,H,0.36612099728586533,0.246201241893429,0.38767776082070543,0.3448946515397083,0.28946515397082656,0.36564019448946516,2023-09-15
2023-10-04,Championship,Sunderland,Watford,H,0.4394632433309858,0.26749937136033014,0.29303738530868395,0.44992039421075,0.2808751593916821,0.2692044463975679,2023-09-15
2023-10-04,Championship,Leeds,QPR,H,0.5942546922787385,0.22476642472131103,0.1809788829999506,0.7325854018478773,0.165301321442598,0.10211327670952461,2023-09-15
2023-10-04,Championship,Coventry,Blackburn,H,0.4579629362891766,0.2694583324196561,0.2725787312911672,0.4543954807908616,0.26210413177693903,0.28350038743219935,2023-09-15
2023-10-04,Championship,Leicester,Preston,H,0.538839636038917,0.2721324783366971,0.1890278856243856,0.6463945031248858,0.21837652132597493,0.1352289755491393,2023-09-15
2023-10-06,Championship,Birmingham,West Brom,H,0.3078402924823472,0.2737660386666712,0.4183936688509816,0.3298864991010791,0.30699216793318085,0.36312133296574,2023-09-15
2023-10-07,Championship,Plymouth,Swansea,A,0.5285931343628993,0.24798758746098085,0.22341927817611948,0.38331795422572496,0.268957901583796,0.3477241441904791,2023-09-15
2023-10-07,Championship,Southampton,Rotherham,D,0.5374660085590189,0.18715568449697742,0.2753783069440036,0.7465356301942281,0.1639351890629217,0.08952918074285024,2023-09-15
2023-10-07,Championship,Sheffield Weds,Huddersfield,D,0.3511964614033062,0.2796393209348891,0.36916421766180485,0.35250459505362836,0.2975268141737046,0.349968590772667,2023-09-15
2023-10-07,Championship,QPR,Blackburn,A,0.33987000342546253,0.2716754392439116,0.38845455733062606,0.2802731245576164,0.2566089029590841,0.46311797248329944,2023-09-15
2023-10-07,Championship,Millwall,Hull,D,0.4675473569781077,0.2815714523726246,0.2508811906492679,0.3743830207305034,0.29676702862783805,0.3288499506416584,2023-09-15
2023-10-07,Championship,Leeds,Bristol City,H,0.5483808442775935,0.23654288867387566,0.21507626704853106,0.6478895144483499,0.2037388410214937,0.14837164453015647,2023-09-15
2023-10-07,Championship,Ipswich,Preston,H,0.5110587316813439,0.23364404905970412,0.25529721925895177,0.6282200867573057,0.22037788920415738,0.15140202403853692,2023-09-15
2023-10-07,Championship,Coventry,Norwich,D,0.3965279654160184,0.2657479864041222,0.3377240481798594,0.3862546616941928,0.2781033564198188,0.33564198188598826,2023-09-15
2023-10-07,Championship,Cardiff,Watford,D,0.31711058748107634,0.2828670803752969,0.40002233214362676,0.42512727420613056,0.30140602412756623,0.2734667016663031,2023-09-15
2023-10-07,Championship,Sunderland,Middlesbrough,A,0.47054089090622536,0.24059766133596075,0.28886144775781375,0.42880897024632864,0.26889402277877517,0.30229700697489625,2023-09-15
2023-10-07,Championship,Leicester,Stoke,H,0.5128794105871296,0.28015229947186665,0.20696828994100386,0.6523742712934005,0.20994334000586753,0.13768238870073182,2023-09-15
2023-10-21,Championship,Hull,Southampton,A,0.4490397012932078,0.23813057634722368,0.3128297223595686,0.3176936844796727,0.2738430069036052,0.40846330861672203,2023-10-21
2023-10-21,Championship,Preston,Millwall,D,0.3501008337800467,0.2979763669556689,0.3519227992642846,0.3942314660482643,0.30429741285600403,0.3014711210957316,2023-10-21
2023-10-21,Championship,Blackburn,Cardiff,H,0.449996327671328,0.26751502863728777,0.28248864369138404,0.4743516888660967,0.26140348445577904,0.2642448266781245,2023-10-21
2023-10-21,Championship,Bristol City,Coventry,H,0.3513272182906851,0.2742068657971671,0.37446591591214773,0.32985622948119264,0.2870430315544302,0.38310073896437724,2023-10-21
2023-10-21,Championship,Huddersfield,QPR,H,0.4770911110927025,0.2657216985465282,0.25718719036076926,0.5335733787045462,0.25758714834012586,0.2088394729553278,2023-10-21
2023-10-21,Championship,Middlesbrough,Birmingham,H,0.5718937915079512,0.23120909928809397,0.19689710920395453,0.5579903520476238,0.24704916350200143,0.1949604844503746,2023-10-21
2023-10-21,Championship,Norwich,Leeds,A,0.3456888240241506,0.26596422761779376,0.3883469483580559,0.26623821440742435,0.25505760697824115,0.47870417861433445,2023-10-21
2023-10-21,Championship,Stoke,Sunderland,H,0.33310120223177314,0.2680534539123026,0.3988453438559244,0.41962375012116654,0.29235048056489676,0.2880257693139368,2023-10-21
2023-10-21,Championship,Swansea,Leicester,A,0.12384444766080505,0.21092380534969796,0.6652317469894969,0.22208531597995113,0.24757980378377206,0.5303348802362767,2023-10-21
2023-10-21,Championship,Watford,Sheffield Weds,H,0.5840061579597491,0.25701125660388846,0.1589825854363625,0.5356067032140298,0.26854518914609254,0.19584810763987756,2023-10-21
2023-10-21,Championship,West Brom,Plymouth,D,0.5587042456089503,0.21261601579901795,0.22867973859203208,0.5845339746170308,0.22993516537068034,0.1855308600122889,2023-10-21
2023-10-24,Championship,Leicester,Sunderland,H,0.7164003521932337,0.1878572239863337,0.09574242382043242,0.6230844563373288,0.21409950482075618,0.1628160388419151,2023-10-21
2023-10-24,Championship,West Brom,QPR,H,0.5803236554397143,0.23737131957934077,0.1823050249809448,0.5737489457594921,0.2558405589270558,0.17041049531345193,2023-10-21
2023-10-24,Championship,Norwich,Middlesbrough,A,0.4254362050118187,0.2456683135662074,0.32889548142197395,0.361845206889919,0.2637841752124342,0.37437061789764686,2023-10-21
2023-10-24,Championship,Millwall,Blackburn,A,0.42501717829374264,0.283809231575185,0.29117359013107263,0.36321339475657727,0.27891458393914814,0.35787202130427465,2023-10-21
2023-10-24,Championship,Huddersfield,Cardiff,A,0.3948816908433595,0.2804392487235539,0.32467906043308664,0.3861144945188794,0.30694275274056027,0.30694275274056027,2023-10-21
2023-10-24,Championship,Swansea,Watford,A,0.42351194758542615,0.26261174938570625,0.31387630302886765,0.38781191011322,0.2940809348592695,0.3181071550275105,2023-10-21
2023-10-25,Championship,Birmingham,Hull,A,0.3759540656932834,0.2852082121988486,0.33883772210786817,0.3849090122478359,0.29156281466677386,0.3235281730853903,2023-10-21
2023-10-25,Championship,Bristol City,Ipswich,A,0.29748557584320945,0.23182952698889112,0.4706848971678996,0.24088890047612685,0.2508481315035636,0.5082629680203096,2023-10-21
2023-10-25,Championship,Plymouth,Sheffield Weds,H,0.5803852716097758,0.22143470783191233,0.1981800205583117,0.4141340031368967,0.2788581396480536,0.3070078572150496,2023-10-21
2023-10-25,Championship,Preston,Southampton,D,0.4347346783900229,0.2388753655277232,0.32638995608225396,0.3061670534688267,0.2830265203578108,0.41080642617336244,2023-10-21
2023-10-25,Championship,Rotherham,Coventry,H,0.27275095892193085,0.2753100580414863,0.4519389830365829,0.18161257305114406,0.2512464093505465,0.5671410175983095,2023-10-21
2023-10-25,Championship,Stoke,Leeds,H,0.28203156174719374,0.2809392792352615,0.4370291590175448,0.2313359228666069,0.253080291595583,0.51558378553781,2023-10-21
2023-10-28,Championship,Watford,Millwall,D,0.412582019281405,0.2970202889412619,0.2903976917773329,0.43801556703280714,0.301985887830072,0.2599985451371208,2023-10-21
2023-10-28,Championship,Sunderland,Norwich,H,0.4722174171788655,0.24232702566316058,0.285455557157974,0.4954803166452717,0.2542255027813436,0.2502941805733847,2023-10-21
2023-10-28,Championship,QPR,Leicester,A,0.07353535257865432,0.17465415616215266,0.751810491259193,0.1453188216562493,0.20369213268095832,0.6509890456627925,2023-10-21
2023-10-28,Championship,Middlesbrough,Stoke,A,0.5076622524886949,0.2501157038427604,0.24222204366854475,0.545026288492803,0.24811938453125046,0.20685432697594652,2023-10-21
2023-10-28,Championship,Ipswich,Plymouth,H,0.6720350288984083,0.1607728503679812,0.16719212073361053,0.7109563171418841,0.16757375932633667,0.1214699235317792,2023-10-21
2023-10-28,Championship,Southampton,Birmingham,H,0.4857743995634002,0.2333339633185782,0.2808916371180215,0.6419094743049057,0.2071118175641897,0.1509787081309046,2023-10-21
2023-10-28,Championship,Cardiff,Bristol City,H,0.4203220290713734,0.2712013466173942,0.30847662431123246,0.4762352941176471,0.264,0.25976470588235295,2023-10-21
2023-10-28,Championship,Blackburn,Swansea,A,0.4143241422046811,0.25300030751208336,0.33267555028323564,0.4934919907854748,0.24304480546184634,0.263463203752679,2023-10-21
2023-10-28,Championship,Leeds,Huddersfield,H,0.5964532830087067,0.23524146362158085,0.16830525336971242,0.7326801886125562,0.16761487850408566,0.09970493288335817,2023-10-21
2023-10-28,Championship,Hull,Preston,H,0.4271011030382852,0.28004018709009915,0.2928587098716159,0.483525510256036,0.2776817930327521,0.23879269671121184,2023-10-21
2023-10-29,Championship,Sheffield Weds,Rotherham,H,0.3448272525381343,0.30479586046933166,0.3503768869925341,0.536098022444335,0.258756645499799,0.205145332055866,2023-10-21
2023-10-30,Championship,Coventry,West Brom,A,0.4121866455553142,0.27801949042844865,0.30979386401623704,0.40906213735626124,0.2959172908534656,0.29502057179027324,2023-10-21
2023-11-03,Championship,Leicester,Leeds,A,0.6451007574915494,0.2321879287066939,0.1227113138017569,0.45492330318510255,0.2561936496884525,0.2888830471264449,2023-10-21
2023-11-04,Championship,Birmingham,Ipswich,D,0.2528659071947879,0.2317323842934988,0.5154017085117131,0.24120647520952582,0.255134408161257,0.5036591166292173,2023-10-21
2023-11-04,Championship,Bristol City,Sheffield Weds,H,0.5498580608954712,0.2603697123766245,0.18977222672790428,0.4344817018668437,0.3031897234210996,0.26232857471205656,2023-10-21
2023-11-04,Championship,Huddersfield,Watford,D,0.34390902911431326,0.2848397332391535,0.3712512376465332,0.2650698745292617,0.28034767709578967,0.45458244837494866,2023-10-21
2023-11-04,Championship,Millwall,Southampton,A,0.49256937647018173,0.24171806187576642,0.26571256165405194,0.26613497754842164,0.26908384156557874,0.4647811808859996,2023-10-21
2023-11-04,Championship,Plymouth,Middlesbrough,D,0.3375566165682472,0.21811558594712926,0.4443277974846237,0.23879193095295598,0.23997406922500028,0.5212339998220437,2023-10-21
2023-11-04,Championship,Preston,Coventry,H,0.3291205501655527,0.2825586743880949,0.38832077544635246,0.3403555325853444,0.292317364322548,0.36732710309210753,2023-10-21
2023-11-04,Championship,Rotherham,QPR,D,0.41395474355572687,0.2765200086606071,0.3095252477836664,0.3088921477136382,0.2939608052259699,0.39714704706039194,2023-10-21
2023-11-04,Championship,Stoke,Cardiff,D,0.4251750651715939,0.2826295005038902,0.29219543432451595,0.4612019625315671,0.2853771674315561,0.25342087003687674,2023-10-21
2023-11-04,Championship,Swansea,Sunderland,D,0.378544107525591,0.2460440739233467,0.3754118185510624,0.3212719422503768,0.2781297100053262,0.400598347744297,2023-10-21
2023-11-04,Championship,West Brom,Hull,H,0.49934807895972544,0.26440232004797903,0.23624960099229556,0.498511880292691,0.27383046945654854,0.2276576502507605,2023-10-21
2023-11-05,Championship,Norwich,Blackburn,A,0.484371871865624,0.24787329699673785,0.26775483113763804,0.43480146909974265,0.2510194048410886,0.31417912605916887,2023-10-21
2023-11-07,Championship,Rotherham,Ipswich,D,0.21921237769332114,0.2208068549944004,0.5599807673122787,0.17109637012926074,0.22365022053847938,0.6052534093322599,2023-10-21
2023-11-10,Championship,Blackburn,Preston,A,0.4686112105619379,0.264829208331667,0.2665595811063951,0.47022692373315134,0.2674092670680283,0.26236380919882024,2023-10-21
2023-11-11,Championship,QPR,Bristol City,D,0.3444039011300986,0.26989739081740455,0.3856987080524969,0.30791220951678344,0.30597565473994837,0.38611213574326814,2023-10-21
2023-11-11,Championship,Middlesbrough,Leicester,H,0.14679736249341252,0.22850017071559653,0.624702466790991,0.35121921639669823,0.2687506158615619,0.38003016774173987,2023-10-21
2023-11-11,Championship,Southampton,West Brom,H,0.3510556443195431,0.23825209299657255,0.41069226268388465,0.48607556316422873,0.2678102276386935,0.2461142091970778,2023-10-21
2023-11-11,Championship,Sheffield Weds,Millwall,A,0.24098063498047614,0.30712465950443557,0.4518947055150884,0.37412923000712095,0.31997894671661664,0.3058918232762624,2023-10-21
2023-11-11,Championship,Watford,Rotherham,H,0.5473282942041251,0.2551786802489157,0.19749302554695908,0.6578830089931551,0.2178126178423284,0.12430437316451647,2023-10-21
2023-11-11,Championship,Leeds,Plymouth,H,0.6470252307648687,0.1883728754550636,0.16460189378006782,0.7759387351778655,0.13784584980237152,0.08621541501976283,2023-10-21
2023-11-11,Championship,Hull,Huddersfield,H,0.43173825155131706,0.27791298665337394,0.290348761795309,0.5449343694183708,0.27170397130663865,0.18336165927499057,2023-10-21
2023-11-11,Championship,Coventry,Stoke,D,0.4708614445183064,0.2751964694258507,0.25394208605584306,0.43652118029817827,0.27115382508772634,0.29232499461409533,2023-10-21
2023-11-11,Championship,Cardiff,Norwich,A,0.3504366913713549,0.26619604221203114,0.3833672664166141,0.4863472035400029,0.2636028203468851,0.250049976113112,2023-10-21
2023-11-11,Championship,Sunderland,Birmingham,H,0.5859443930324392,0.2285354265687251,0.1855201803988356,0.58719646799117,0.23068432671081676,0.18211920529801323,2023-10-21
2023-11-11,Championship,Ipswich,Swansea,H,0.5661574656669707,0.2055130397448004,0.22832949458822882,0.6226250394665972,0.20933083223445945,0.1680441282989432,2023-10-21
2023-11-24,Championship,Rotherham,Leeds,D,0.17184991686747533,0.22895748383361633,0.5991925992989084,0.0959930558874475,0.1716962829105855,0.732310661201967,2023-11-24
2023-11-25,Championship,West Brom,Ipswich,H,0.4036600423277448,0.23714554831764983,0.35919440935460545,0.38865466430864953,0.2741501739740899,0.33719516171726044,2023-11-24
2023-11-25,Championship,Swansea,Hull,D,0.47648505634882865,0.2544133057943972,0.2691016378567741,0.3234251390060258,0.2871709936307191,0.3894038673632551,2023-11-24
2023-11-25,Championship,Stoke,Blackburn,A,0.4144783344282719,0.2789108743898704,0.3066107911818577,0.44245522444797636,0.2652320146554627,0.292312760896561,2023-11-24
2023-11-25,Championship,Preston,Cardiff,A,0.3931929481551082,0.2754407896707048,0.3313662621741869,0.40514810660036993,0.30197374404996513,0.292878149349665,2023-11-24
2023-11-25,Championship,Plymouth,Sunderland,H,0.36439285738193583,0.2237504620141646,0.41185668060389946,0.25532722120133416,0.24195597021572815,0.5027168085829378,2023-11-24
2023-11-25,Championship,Leicester,Watford,H,0.6487996148426043,0.2323251733244592,0.11887521183293635,0.5848481939713434,0.24332030125123552,0.1718315047774212,2023-11-24
2023-11-25,Championship,Millwall,Coventry,A,0.4127730743468545,0.28877835628392384,0.29844856936922154,0.3605276861655963,0.29057455302898805,0.34889776080541574,2023-11-24
2023-11-25,Championship,Huddersfield,Southampton,D,0.32908396666687695,0.2354180463810792,0.43549798695204384,0.20261041129154653,0.24988617392624074,0.5475034147822128,2023-11-24
2023-11-25,Championship,Bristol City,Middlesbrough,H,0.3328136583116827,0.2580822975783569,0.4091040441099603,0.2786107310256485,0.2794113365745728,0.4419779323997788,2023-11-24
2023-11-25,Championship,Birmingham,Sheffield Weds,H,0.5141585842484606,0.2804122481838608,0.2054291675676785,0.4244091794696373,0.2963100673736187,0.27928075315674405,2023-11-24
2023-11-25,Championship,Norwich,QPR,H,0.5857896483080534,0.21942426074609375,0.19478609094585295,0.5557342446477033,0.24374308975776462,0.20052266559453216,2023-11-24
2023-11-28,Championship,Watford,Norwich,H,0.45978278917579773,0.25234404060699017,0.2878731702172121,0.4306277371187371,0.27885922231757754,0.29051304056368527,2023-11-24
2023-11-28,Championship,QPR,Stoke,H,0.30610194755004694,0.2858203782854297,0.40807767416452356,0.3281974413497402,0.3094433018440408,0.36235925680621883,2023-11-24
2023-11-28,Championship,Middlesbrough,Preston,H,0.5452757938915053,0.2340317164362798,0.22069248967221505,0.5708307290958994,0.24946330063316938,0.17970597027093127,2023-11-24
2023-11-28,Championship,Coventry,Plymouth,H,0.45560141072299914,0.23296683918184133,0.3114317500951595,0.5960538488940371,0.21638480483235645,0.1875613462736063,2023-11-24
2023-11-28,Championship,Cardiff,West Brom,A,0.34364175615095766,0.27976930127836813,0.37658894257067427,0.27030928737040116,0.291351327704624,0.43833938492497476,2023-11-24
2023-11-28,Championship,Hull,Rotherham,H,0.5131045825853142,0.25943547114362203,0.2274599462710637,0.6566591568905702,0.21596790048845418,0.1273729426209756,2023-11-24
2023-11-29,Championship,Blackburn,Birmingham,H,0.5149466352915799,0.2529802926977584,0.23207307201066169,0.5576334942710961,0.2372328313035959,0.20513367442530805,2023-11-24
2023-11-29,Championship,Leeds,Swansea,H,0.5931984344015137,0.2207901545811165,0.18601141101736993,0.7462389873676748,0.15807032737344837,0.09569068525887679,2023-11-24
2023-11-29,Championship,Sheffield Weds,Leicester,D,0.06858026065794609,0.19484584434524035,0.7365738949968135,0.15886900170874885,0.24659056244869412,0.594540435842557,2023-11-24
2023-11-29,Championship,Southampton,Bristol City,H,0.5254818882510713,0.22269305525443645,0.2518250564944923,0.5840993933121776,0.23534101769374144,0.18055958899408095,2023-11-24
2023-11-29,Championship,Sunderland,Huddersfield,A,0.5993190526349055,0.22189215059554301,0.17878879676955173,0.6371095635385783,0.21616217334344617,0.1467282631179756,2023-11-24
2023-11-29,Championship,Ipswich,Millwall,H,0.5342882169946099,0.2272403684904662,0.2384714145149237,0.6071619195497113,0.22592071425105537,0.16691736619923334,2023-11-24
2023-12-01,Championship,Preston,QPR,A,0.4925110875595825,0.260454230529535,0.24703468191088251,0.44208089139714923,0.2992547572534549,0.2586643513493958,2023-11-24
2023-12-02,Championship,Swansea,Huddersfield,D,0.5259560019976364,0.2408078717228976,0.23323612627946613,0.4981090450677592,0.27911282697762363,0.22277812795461704,2023-11-24
2023-12-02,Championship,Southampton,Cardiff,H,0.5026410104505731,0.22756437961099255,0.26979460993843424,0.5876734184420868,0.2330916202955392,0.17923496126237398,2023-11-24
2023-12-02,Championship,Sheffield Weds,Blackburn,H,0.22577826206023074,0.2776653261532,0.4965564117865693,0.3562484853380725,0.2835447128200985,0.3602068018418289,2023-11-24
2023-12-02,Championship,Plymouth,Stoke,H,0.4477595043989247,0.2407945834603889,0.3114459121406865,0.3487963444394263,0.27107013955041764,0.380133516010156,2023-11-24
2023-12-02,Championship,Millwall,Sunderland,D,0.3533122717012433,0.2751827836795936,0.3715049446191632,0.30105228357934205,0.28516096069245594,0.41378675572820206,2023-11-24
2023-12-02,Championship,West Brom,Leicester,A,0.18934428927170502,0.2762928410127139,0.5343628697155809,0.30594165958651937,0.2869895213820447,0.4070688190314358,2023-11-24
2023-12-02,Championship,Ipswich,Coventry,H,0.5482114369065112,0.21758658266355924,0.23420198042992943,0.5312528932149095,0.2394563533456366,0.22929075343945388,2023-11-24
2023-12-02,Championship,Hull,Watford,A,0.3357288754870023,0.28644347204105,0.3778276524719479,0.488621399246254,0.27009905125001266,0.24127954950373334,2023-11-24
2023-12-02,Championship,Birmingham,Rotherham,D,0.45922853909328254,0.26920447517749024,0.2715669857292273,0.5984667835957669,0.2344953983800721,0.16703781802416096,2023-11-24
2023-12-02,Championship,Leeds,Middlesbrough,H,0.543281762928954,0.2340526097320974,0.2226656273389485,0.5891955372871404,0.22348796241926014,0.1873165002935995,2023-11-24
2023-12-03,Championship,Bristol City,Norwich,A,0.37366868948213533,0.25391859114616094,0.37241271937170367,0.4210785025638734,0.27870812060817984,0.3002133768279468,2023-11-24
2023-12-08,Championship,Coventry,Birmingham,H,0.515801198740247,0.2601950880093287,0.22400371325042412,0.5549132947976879,0.24277456647398846,0.20231213872832374,2023-11-24
2023-12-09,Championship,Blackburn,Leeds,A,0.27168948933865444,0.25897757805378174,0.4693329326075635,0.20145930119285113,0.22174353289190246,0.5767971659152463,2023-11-24
2023-12-09,Championship,Watford,Southampton,D,0.46331098641799046,0.23718607904232827,0.299502934539681,0.32565517448766335,0.2719857462899758,0.4023590792223609,2023-11-24
2023-12-09,Championship,Rotherham,Swansea,A,0.29028727310800384,0.25343418008698354,0.4562785468050127,0.2901996004325592,0.2738503271687531,0.43595007239868766,2023-11-24
2023-12-09,Championship,QPR,Hull,H,0.339239618683405,0.2802042429662072,0.3805561383503878,0.3043478260869565,0.2864450127877238,0.40920716112531963,2023-11-24
2023-12-09,Championship,Norwich,Preston,D,0.5090625983625744,0.2380222208862552,0.25291518075117053,0.5193286035646305,0.26534002422564457,0.2153313722097249,2023-11-24
2023-12-09,Championship,Stoke,Sheffield Weds,A,0.5851305346062354,0.26282555077854236,0.15204391461522207,0.4444572744101123,0.293181153903056,0.2623615716868318,2023-11-24
2023-12-09,Championship,Leicester,Plymouth,H,0.760746132370085,0.15256020671642986,0.0866936609134852,0.7699564980689162,0.144946629907552,0.08509687202353185,2023-11-24
2023-12-09,Championship,Huddersfield,Bristol City,D,0.37993754085526094,0.2764554276414612,0.343607031503278,0.3265952236803036,0.29763112127440505,0.37577365504529137,2023-11-24
2023-12-09,Championship,Cardiff,Millwall,H,0.3787725561564159,0.28983466446255096,0.331392779381033,0.45003872966692476,0.2927962819519752,0.2571649883810999,2023-11-24
2023-12-09,Championship,Sunderland,West Brom,H,0.4532226970814889,0.2591513797311525,0.2876259231873585,0.4401706258733545,0.2831506950062514,0.27667867912039423,2023-11-24
2023-12-09,Championship,Middlesbrough,Ipswich,A,0.41458148325025557,0.2208960358398466,0.36452248090989786,0.43243656429837624,0.2547074004375253,0.3128560352640986,2023-11-24
2023-12-12,Championship,Blackburn,Bristol City,H,0.4625786816964566,0.2620748674902427,0.2753464508133006,0.4608565169537413,0.2770391027841579,0.2621043802621008,2023-11-24
2023-12-12,Championship,Huddersfield,Preston,A,0.38815368907726133,0.274538985310305,0.3373073256124337,0.34498992832716546,0.3148451773082869,0.3401648943645478,2023-11-24
2023-12-12,Championship,Rotherham,West Brom,A,0.24723237085512995,0.2635209845621104,0.48924664458275974,0.15711431223296912,0.2517909886954336,0.5910946990715972,2023-11-24
2023-12-12,Championship,Stoke,Swansea,D,0.4103789507174864,0.26975542463639485,0.3198656246461189,0.4525539603127137,0.2710281377917367,0.2764179018955496,2023-11-24
2023-12-12,Championship,Watford,Ipswich,A,0.38967445264062733,0.24046499266006205,0.3698605546993105,0.3290111982590561,0.275105408713787,0.3958833930271569,2023-11-24
2023-12-12,Championship,Sunderland,Leeds,H,0.3506050572775243,0.2611544205585208,0.3882405221639548,0.2769872855353676,0.2708148669161951,0.4521978475484374,2023-11-24
2023-12-13,Championship,Middlesbrough,Hull,A,0.5289290423655332,0.24209307894616605,0.2289778786883007,0.5166337817829469,0.24589152145618737,0.2374746967608656,2023-11-24
2023-12-13,Championship,QPR,Plymouth,D,0.31703505561004025,0.23119214249255504,0.45177280189740465,0.45064784124661006,0.26963970556583877,0.27971245318755106,2023-11-24
2023-12-13,Championship,Norwich,Sheffield Weds,H,0.6538587566908548,0.21096098455272763,0.13518025875641737,0.5254387139152551,0.25513428365963836,0.2194270024251066,2023-11-24
2023-12-13,Championship,Coventry,Southampton,D,0.4236620345798132,0.23860390397340026,0.3377340614467864,0.3675752544411372,0.2676028638101685,0.36482188174869423,2023-11-24
2023-12-13,Championship,Cardiff,Birmingham,A,0.4884253485192752,0.2652976414097777,0.24627701007094716,0.49049881235154397,0.2743467933491686,0.2351543942992874,2023-11-24
2023-12-13,Championship,Leicester,Millwall,H,0.6680067224418933,0.22651205074879183,0.10548122680931461,0.6868335441149069,0.20133789962619936,0.11182855625889362,2023-11-24
2023-12-16,Championship,Sheffield Weds,QPR,H,0.31477102421506864,0.3032858828300568,0.3819430929548745,0.4264490448216162,0.3019577087556785,0.27159324642270527,2023-11-24
2023-12-16,Championship,Swansea,Middlesbrough,A,0.38989414089280044,0.24421654239500767,0.3658893167121918,0.2909294755877035,0.2633345388788427,0.4457359855334539,2023-11-24
2023-12-16,Championship,Southampton,Blackburn,H,0.48665778343180893,0.22469204187741243,0.2886501746907786,0.5809661568683229,0.22990840804978652,0.18912543508189067,2023-11-24
2023-12-16,Championship,Preston,Watford,A,0.3288630621930604,0.28033390252872387,0.3908030352782159,0.343646408839779,0.312707182320442,0.343646408839779,2023-11-24
2023-12-16,Championship,Plymouth,Rotherham,H,0.6071918953920712,0.19933445437841352,0.19347365022951532,0.5667095992120615,0.23751799378740815,0.19577240700053034,2023-11-24
2023-12-16,Championship,Leeds,Coventry,D,0.5721187675286669,0.24059383440449436,0.18728739806683858,0.6288781932617549,0.2166604961125509,0.15446131062569418,2023-11-24
2023-12-16,Championship,Hull,Cardiff,H,0.39968304573782415,0.28026932433922164,0.32004762992295405,0.5542949756888168,0.2566180443003782,0.18908698001080498,2023-11-24
2023-12-16,Championship,Bristol City,Sunderland,H,0.3086055565382276,0.2601639353871304,0.4312305080746419,0.3324183911033974,0.2856263595111303,0.3819552493854724,2023-11-24
2023-12-16,Championship,Ipswich,Norwich,D,0.5599477742181691,0.1981542158290902,0.24189800995274072,0.626189614062895,0.21284953986787,0.16096084606923503,2023-11-24
2023-12-16,Championship,Millwall,Huddersfield,D,0.5007550972103645,0.26997528210398,0.2292696206856554,0.5610833071658224,0.25815801100980657,0.18075868182437108,2023-11-24
2023-12-17,Championship,West Brom,Stoke,D,0.46649422098493015,0.27931656182337694,0.25418921719169285,0.5116190837522527,0.2793322583704828,0.20904865787726454,2023-11-24
2023-12-18,Championship,Birmingham,Leicester,A,0.10977723058064683,0.21950532039829648,0.6707174490210567,0.14612688963504933,0.21033415932317706,0.6435389510417736,2023-11-24
2023-12-22,Championship,Swansea,Preston,H,0.4919499267716578,0.24721131772630314,0.26083875550203894,0.4814898142845455,0.2747484251002209,0.24376176061523355,2023-11-24
2023-12-22,Championship,Bristol City,Hull,H,0.4136216327934289,0.2782943482428779,0.30808401896369336,0.3320479432470653,0.2966159980835066,0.37133605866942804,2023-11-24
2023-12-23,Championship,Sheffield Weds,Cardiff,A,0.2382303573880696,0.29078710180191036,0.47098254081001983,0.4438986753023766,0.2919333630366981,0.26416796166092515,2023-11-24
2023-12-23,Championship,Sunderland,Coventry,A,0.5034167208794237,0.25043262327812443,0.2461506558424518,0.5304504034922791,0.23676200936362707,0.23278758714409375,2023-11-24
2023-12-23,Championship,Stoke,Millwall,D,0.38780594971956595,0.30041013813513046,0.31178391214530377,0.47661823987641,0.27083599146180404,0.2525457686617861,2023-11-24
2023-12-23,Championship,Plymouth,Birmingham,D,0.5570613587502512,0.2146098448862823,0.22832879636346645,0.4524975514201763,0.25269343780607245,0.2948090107737512,2023-11-24
2023-12-23,Championship,QPR,Southampton,A,0.2899474090467856,0.23036993787689142,0.4796826530763229,0.20025623634034218,0.26609390308237246,0.5336498605772854,2023-11-24
2023-12-23,Championship,Middlesbrough,West Brom,H,0.4313331405709603,0.25794740962074636,0.31071944980829347,0.38154612507831326,0.2930550057077406,0.32539886921394606,2023-11-24
2023-12-23,Championship,Leeds,Ipswich,H,0.5256173834860689,0.21926729292945127,0.25511532358447986,0.5399357543420266,0.23030435019328144,0.2297598954646921,2023-11-24
2023-12-23,Championship,Norwich,Huddersfield,H,0.5438200391221626,0.23097663186657655,0.22520332901126097,0.5982359823598236,0.23409234092340925,0.16767167671676714,2023-11-24
2023-12-23,Championship,Leicester,Rotherham,H,0.8039288252549462,0.1433786961249886,0.05269247862006515,0.8234851824952389,0.11850893770226684,0.058005879802494255,2023-11-24
2023-12-23,Championship,Blackburn,Watford,A,0.373780015620838,0.2758566569485031,0.35036332743065884,0.3656115206426729,0.2701462902526417,0.3642421891046854,2023-11-24
2023-12-26,Championship,Preston,Leeds,H,0.19043430784400917,0.23887438070948877,0.5706913114465021,0.15372508475280336,0.22644749018621385,0.6198274250609827,2023-12-26
2023-12-26,Championship,Ipswich,Leicester,D,0.21957182504388634,0.22016417059515567,0.5602640043609579,0.31168207467883297,0.27626365710169287,0.41205426821947416,2023-12-26
2023-12-26,Championship,Birmingham,Stoke,A,0.35819772143409423,0.28859655781493454,0.3532057207509713,0.3368889161739371,0.28720028546981663,0.37591079835624647,2023-12-26
2023-12-26,Championship,West Brom,Norwich,H,0.4683519058863435,0.2560943630999567,0.27555373101369995,0.5031987696787459,0.26390587648912484,0.23289535383212936,2023-12-26
2023-12-26,Championship,Southampton,Swansea,H,0.5548905168749936,0.22179996206428093,0.2233095210607255,0.6774628003959304,0.19336762566191226,0.1291695739421574,2023-12-26
2023-12-26,Championship,Rotherham,Middlesbrough,H,0.2357150132783675,0.240486939175369,0.5237980475462636,0.17489165642654345,0.24388158119781805,0.5812267623756384,2023-12-26
2023-12-26,Championship,Watford,Bristol City,A,0.5203381737536434,0.2559410072128756,0.223720819033481,0.49265302713987463,0.275717745302714,0.23162922755741122,2023-12-26
2023-12-26,Championship,Huddersfield,Blackburn,H,0.35921330589584916,0.26885432423399325,0.37193236987015765,0.30493987116553223,0.26079308016569647,0.4342670486687713,2023-12-26
2023-12-26,Championship,Coventry,Sheffield Weds,H,0.6014307524242914,0.24517656239126312,0.15339268518444532,0.5420242662277823,0.26508837064145635,0.1928873631307615,2023-12-26
2023-12-26,Championship,Cardiff,Plymouth,D,0.410671796083141,0.24406967563158574,0.3452585282852734,0.5001655826522368,0.2608390404154137,0.23899537693234957,2023-12-26
2023-12-26,Championship,Millwall,QPR,H,0.5002632659484683,0.2746054235913197,0.22513131046021198,0.43599110952149817,0.3019441534884909,0.262064736990011,2023-12-26
2023-12-26,Championship,Hull,Sunderland,A,0.3556293435258527,0.2665275587061839,0.3778430977679636,0.3497722200140643,0.27624056012474396,0.37398721986119177,2023-12-26
2023-12-29,Championship,Millwall,Norwich,H,0.3887756771263086,0.2693911429095987,0.3418331799640927,0.4157303370786517,0.29213483146067415,0.29213483146067415,2023-12-26
2023-12-29,Championship,West Brom,Leeds,H,0.2995648675481208,0.2815890070087095,0.4188461254431699,0.2856365594661317,0.289026904385611,0.42533653614825734,2023-12-26
2023-12-29,Championship,Watford,Stoke,D,0.5039308380527147,0.27034406426327595,0.22572509768400942,0.46253345227475473,0.27207850133809103,0.26538804638715435,2023-12-26
2023-12-29,Championship,Rotherham,Sunderland,D,0.24013605261782056,0.2529796145788202,0.5068843328033592,0.13684359576017477,0.21543005097499798,0.6477263532648272,2023-12-26
2023-12-29,Championship,Ipswich,QPR,D,0.6654965064544491,0.18480310168324554,0.14970039186230547,0.5983829901281994,0.23759324608031446,0.16402376379148612,2023-12-26
2023-12-29,Championship,Preston,Sheffield Weds,A,0.5001142032666298,0.26979480757172014,0.23009098916164994,0.4304577142815342,0.310809723410948,0.2587325623075179,2023-12-26
2023-12-29,Championship,Huddersfield,Middlesbrough,A,0.2956752211432168,0.2562854559541797,0.44803932290260357,0.2149464423143149,0.24228377038920282,0.5427697872964823,2023-12-26
2023-12-29,Championship,Coventry,Swansea,D,0.4695684828352738,0.2593256807721433,0.27110583639258296,0.5578526175391798,0.23907969323107708,0.20306768922974328,2023-12-26
2023-12-29,Championship,Cardiff,Leicester,A,0.13954322960381327,0.22647258798487652,0.6339841824113102,0.15590007389302563,0.2342266810663332,0.6098732450406411,2023-12-26
2023-12-29,Championship,Birmingham,Bristol City,D,0.3681794716950384,0.27579488565201343,0.35602564265294817,0.3299925690223501,0.28216755901911095,0.387839871958539,2023-12-26
2023-12-29,Championship,Southampton,Plymouth,H,0.5861368782836037,0.19872858455682602,0.21513453715957037,0.742229729301964,0.15588023394063866,0.10189003675739738,2023-12-26
2023-12-29,Championship,Hull,Blackburn,H,0.4219468551465563,0.260810888274684,0.3172422565787598,0.5281522699829455,0.2324880805666555,0.239359649450399,2023-12-26
2024-01-01,Championship,Sheffield Weds,Hull,H,0.2862289947018566,0.28325595235323336,0.4305150529449102,0.3366827613206316,0.28618034712253687,0.3771368915568315,2023-12-26
2024-01-01,Championship,Swansea,West Brom,H,0.3631310475842812,0.26879347040370094,0.36807548201201795,0.3097953015524111,0.2947749232953245,0.3954297751522645,2023-12-26
2024-01-01,Championship,Stoke,Ipswich,D,0.3130983248140283,0.24589700326334693,0.4410046719226247,0.30291448404530535,0.2885327874734214,0.4085527284812732,2023-12-26
2024-01-01,Championship,QPR,Cardiff,A,0.35134888479569937,0.28683640333187305,0.36181471187242764,0.3890121472022485,0.327451302358795,0.2835365504389566,2023-12-26
2024-01-01,Championship,Plymouth,Watford,D,0.3738200345965098,0.23998569450010504,0.3861942709033853,0.361505873869543,0.25863053210347625,0.3798635940269807,2023-12-26
2024-01-01,Championship,Norwich,Southampton,D,0.369935940596617,0.24152922681761974,0.3885348325857632,0.26287478832553035,0.25799382408606436,0.47913138758840523,2023-12-26
2024-01-01,Championship,Middlesbrough,Coventry,A,0.44348417615562385,0.2611178635577807,0.29539796028659526,0.46246495029314294,0.263191435126179,0.274343614580678,2023-12-26
2024-01-01,Championship,Leeds,Birmingham,H,0.7058947305846093,0.18604934827172057,0.10805592114367009,0.7571835071002939,0.15385968864277974,0.0889568042569263,2023-12-26
2024-01-01,Championship,Bristol City,Millwall,A,0.3856081184064391,0.29032523376967506,0.3240666478238856,0.4231974921630094,0.2994936098384374,0.2773088979985531,2023-12-26
2024-01-01,Championship,Blackburn,Rotherham,D,0.5725857443384241,0.23284143473839042,0.1945728209231855,0.6465711814710907,0.19997046849621367,0.1534583500326956,2023-12-26
2024-01-01,Championship,Sunderland,Preston,H,0.5599589856692809,0.2366798661842012,0.2033611481465178,0.5770618103544731,0.24794471646944116,0.17499347317608574,2023-12-26
2024-01-01,Championship,Leicester,Huddersfield,H,0.786114900074154,0.14889199672202266,0.06499310320382318,0.7696039435595629,0.1541674566425406,0.07622859979789648,2023-12-26
2024-01-12,Championship,Hull,Norwich,A,0.3827168208762343,0.25452578204413184,0.3627573970796338,0.4156618435155413,0.26647909967845657,0.3178590568060022,2023-12-26
2024-01-13,Championship,Rotherham,Stoke,A,0.3044973889321742,0.2881172070741534,0.40738540399367235,0.24223343296342414,0.27208853394491056,0.4856780330916654,2023-12-26
2024-01-13,Championship,Ipswich,Sunderland,H,0.5025460271235731,0.22174719700060508,0.27570677587582176,0.46524051032764163,0.280216906796764,0.2545425828755945,2023-12-26
2024-01-13,Championship,West Brom,Blackburn,H,0.5047794096927932,0.25667096253516236,0.23854962777204444,0.5281612403100775,0.2504682170542636,0.22137054263565895,2023-12-26
2024-01-13,Championship,Southampton,Sheffield Weds,H,0.689903500651957,0.19250685313711433,0.11758964621092863,0.715882288907435,0.17732864037156645,0.1067890707209986,2023-12-26
2024-01-13,Championship,Preston,Bristol City,H,0.3845136436700712,0.2741566409158018,0.34132971541412704,0.36463367766429483,0.31405545785924743,0.3213108644764578,2023-12-26
2024-01-13,Championship,Millwall,Middlesbrough,A,0.36152428176068735,0.2716227698317939,0.3668529484075188,0.3058855352433334,0.2819466672677682,0.4121677974888984,2023-12-26
2024-01-13,Championship,Huddersfield,Plymouth,D,0.36239142208264297,0.2420922163788297,0.3955163615385274,0.443646023865517,0.2654603257555962,0.29089365037888687,2023-12-26
2024-01-13,Championship,Cardiff,Leeds,A,0.21866966807438165,0.2599571202801205,0.5213732116454978,0.17648176779688007,0.23165864507943681,0.5918595871236831,2023-12-26
2024-01-13,Championship,Birmingham,Swansea,D,0.33936333273665,0.2587929865723793,0.40184368069097076,0.4253789723833563,0.2720999571949402,0.3025210704217037,2023-12-26
2024-01-13,Championship,Coventry,Leicester,H,0.18678115224952152,0.2569851037578434,0.556233743992635,0.2979162323197963,0.2691121767087663,0.43297159097143734,2023-12-26
2024-01-14,Championship,QPR,Watford,A,0.26764035456004986,0.2715742951610687,0.46078535027888146,0.34853420195439744,0.30293159609120524,0.34853420195439744,2023-12-26
2024-01-19,Championship,Sunderland,Hull,A,0.5050498875562339,0.2506781944324045,0.24427191801136147,0.5313471786929428,0.25999073182034366,0.20866208948671364,2023-12-26
2024-01-20,Championship,Stoke,Birmingham,A,0.4705803036455931,0.2763797296520255,0.25303996670238155,0.45624658580910515,0.26845448281032985,0.2752989313805649,2023-12-26
2024-01-20,Championship,Sheffield Weds,Coventry,A,0.23335494140083304,0.28317506640638634,0.4834699921927806,0.2663952178809668,0.25929134540414106,0.47431343671489223,2023-12-26
2024-01-20,Championship,QPR,Millwall,H,0.3233516734384662,0.29377538239472434,0.3828729441668094,0.36905609009064755,0.30832534108838905,0.32261856882096346,2023-12-26
2024-01-20,Championship,Plymouth,Cardiff,H,0.47964848427097834,0.236830638149915,0.28352087757910677,0.40527288499981146,0.27790140685701353,0.3168257081431751,2023-12-26
2024-01-20,Championship,Middlesbrough,Rotherham,D,0.6540775417596767,0.1997835620252951,0.14613889621502807,0.7436688505740583,0.17419270373806775,0.0821384456878739,2023-12-26
2024-01-20,Championship,Bristol City,Watford,D,0.32712111952922124,0.2764922573646582,0.39638662310612066,0.43632692328796185,0.28958602349171275,0.27408705322032534,2023-12-26
2024-01-20,Championship,Blackburn,Huddersfield,D,0.4978781345966907,0.25409456925207186,0.2480272961512375,0.5214130217790157,0.2493131672259561,0.22927381099502817,2023-12-26
2024-01-20,Championship,Swansea,Southampton,A,0.3392898349425092,0.24398603032914948,0.4167241347283413,0.1848893040539327,0.21960833626315535,0.5955023596829121,2023-12-26
2024-01-20,Championship,Norwich,West Brom,H,0.3929097581125113,0.26414574544680114,0.3429444964406875,0.353884793000081,0.2896378514137568,0.35647735558616217,2023-12-26
2024-01-21,Championship,Leeds,Preston,H,0.6925311447811994,0.19165213938661513,0.11581671583218532,0.7454261693741313,0.17030826365314072,0.0842655669727279,2023-12-26
2024-01-22,Championship,Leicester,Ipswich,D,0.6936020886980842,0.17596206775475173,0.13043584354716442,0.5340510272487085,0.25781773729248003,0.20813123545881146,2023-12-26
2024-01-24,Championship,Leeds,Norwich,H,0.6110591476294879,0.214076803639703,0.1748640487308091,0.7007786429365963,0.17908787541713012,0.12013348164627362,2023-12-26
2024-01-27,Championship,Millwall,Preston,D,0.47227116249673023,0.2783426628743722,0.2493861746288976,0.43606457309163843,0.3087060311093186,0.25522939579904297,2024-01-27
2024-01-27,Championship,Sunderland,Stoke,H,0.48775066642834514,0.27453136883119195,0.23771796474046306,0.47394885132206327,0.27368877329865626,0.2523623753792804,2024-01-27
2024-01-28,Championship,QPR,Huddersfield,D,0.3923323092249054,0.2838619404375419,0.32380575033755266,0.4980818100648555,0.28316604362287695,0.21875214631226758,2024-01-27
2024-01-30,Championship,Coventry,Bristol City,D,0.5159318085862813,0.26141910935457985,0.22264908205913894,0.5430552553640171,0.2655925975687406,0.19135214706724224,2024-01-27
2024-01-30,Championship,Leicester,Swansea,H,0.741464410133446,0.16167117448174212,0.09686441538481172,0.7130903489241923,0.17632779537034576,0.110581855705462,2024-01-27
2024-01-31,Championship,Sheffield Weds,Watford,D,0.2382294778894412,0.26473816834380687,0.497032353766752,0.38308484352409294,0.28368381998577147,0.33323133649013564,2024-01-27
2024-02-02,Championship,Bristol City,Leeds,A,0.21386731784969462,0.25881572004968956,0.527316962100616,0.20887150817474961,0.2603894136762965,0.5307390781489539,2024-01-27
2024-02-03,Championship,West Brom,Birmingham,H,0.5842454425517667,0.24234571477707217,0.17340884267116113,0.5842294854773102,0.23313003507027277,0.18264047945241713,2024-01-27
2024-02-03,Championship,Watford,Cardiff,A,0.5219191267734198,0.25309635399539177,0.22498451923118828,0.5086899970629908,0.266922498458877,0.22438750447813216,2024-01-27
2024-02-03,Championship,Swansea,Plymouth,A,0.4407079449896244,0.21776683513710912,0.34152521987326623,0.48797751780574866,0.2502771289776907,0.2617453532165606,2024-01-27
2024-02-03,Championship,Stoke,Leicester,A,0.16667372435674188,0.2462125008749125,0.5871137747683455,0.2413676825415533,0.25463658655561777,0.503995730902829,2024-01-27
2024-02-03,Championship,Rotherham,Southampton,A,0.16019615011542873,0.21145547001154308,0.628348379873028,0.09921024346932102,0.16723522906054802,0.7335545274701311,2024-01-27
2024-02-03,Championship,Norwich,Coventry,H,0.4053969896892936,0.265862230724047,0.32874077958665926,0.39103031034990315,0.26971342736045956,0.33925626228963723,2024-01-27
2024-02-03,Championship,Hull,Millwall,H,0.3978695735139728,0.28678842419996464,0.3153420022860626,0.5029138652921546,0.2718834061663469,0.2252027285414985,2024-01-27
2024-02-03,Championship,Huddersfield,Sheffield Weds,H,0.4957340477319685,0.27210850793730385,0.23215744433072777,0.37877952588948727,0.3051609346507782,0.31605953945973453,2024-01-27
2024-02-03,Championship,Blackburn,QPR,A,0.5000462296581157,0.2523363858778815,0.2476173844640029,0.5085662055303827,0.25099779135995626,0.2404360031096611,2024-01-27
2024-02-03,Championship,Preston,Ipswich,H,0.26093066551335237,0.24002956171415216,0.49903977277249534,0.25095116812879287,0.2798792566738987,0.4691695751973085,2024-01-27
2024-02-04,Championship,Middlesbrough,Sunderland,D,0.4363490505828146,0.2535159169222715,0.31013503249491386,0.4479644856984311,0.2893103970135701,0.26272511728799874,2024-01-27
2024-02-09,Championship,Sheffield Weds,Birmingham,H,0.3582066083868324,0.2854892171952417,0.356304174417926,0.395655546935609,0.28626842513576417,0.3180760279286268,2024-01-27
2024-02-10,Championship,Southampton,Huddersfield,H,0.6949467146587046,0.18386755163712995,0.12118573370416558,0.771055553399547,0.1557058871970006,0.0732385594034524,2024-01-27
2024-02-10,Championship,Watford,Leicester,A,0.21318116182211097,0.24548224907463267,0.5413365891032565,0.2627380427034183,0.2511965782952578,0.48606537900132385,2024-01-27
2024-02-10,Championship,Sunderland,Plymouth,H,0.5031881710174249,0.22319655676156502,0.27361527222101006,0.6294423367710039,0.20846047282308516,0.16209719040591072,2024-01-27
2024-02-10,Championship,QPR,Norwich,D,0.2936761913054485,0.2644002344169143,0.44192357427763723,0.3699787364122598,0.2861894343424245,0.34383182924531563,2024-01-27
2024-02-10,Championship,Middlesbrough,Bristol City,A,0.5245973527988302,0.24152076014462717,0.23388188705654236,0.5449018545137497,0.2579588566581049,0.19713928882814521,2024-01-27
2024-02-10,Championship,Leeds,Rotherham,H,0.7468706124580442,0.16960251199159568,0.08352687555036008,0.839907192575406,0.10672853828306263,0.05336426914153131,2024-01-27
2024-02-10,Championship,Hull,Swansea,A,0.41998958963171606,0.25291553219104357,0.32709487817724037,0.5606124023723901,0.2418602134923279,0.197527384135282,2024-01-27
2024-02-10,Championship,Cardiff,Preston,A,0.44437366718701593,0.2732571868049568,0.28236914600802726,0.3834572604928409,0.3121735389909666,0.3043692005161925,2024-01-27
2024-02-10,Championship,Blackburn,Stoke,H,0.4132663061604946,0.2736893179699193,0.3130443758695863,0.4268631813125695,0.25611790878754165,0.3170189098998888,2024-01-27
2024-02-10,Championship,Ipswich,West Brom,D,0.47181277992073134,0.2547122165855303,0.2734750034937382,0.4952435667904764,0.2644897522913716,0.2402666809181519,2024-01-27
2024-02-11,Championship,Coventry,Millwall,H,0.48059502434792706,0.28068624886518323,0.23871872678688957,0.5425224411955485,0.24773346166837548,0.209744097136076,2024-01-27
2024-02-13,Championship,West Brom,Cardiff,H,0.5301289420734863,0.26471223399132665,0.20515882393518714,0.5553553131048347,0.2692165645245044,0.1754281223706608,2024-01-27
2024-02-13,Championship,Swansea,Leeds,A,0.2320522856659135,0.2422018737013545,0.5257458406327321,0.17314575876134186,0.21976192458170316,0.607092316656955,2024-01-27
2024-02-13,Championship,Rotherham,Hull,A,0.3190016608696988,0.27511803092261816,0.4058803082076831,0.18926492272083745,0.27326452325424283,0.5374705540249196,2024-01-27
2024-02-13,Championship,Bristol City,Southampton,H,0.23811713904142337,0.2434962199264392,0.5183866410321372,0.2177416371774164,0.2515874875158749,0.5306708753067088,2024-01-27
2024-02-13,Championship,Leicester,Sheffield Weds,H,0.8195637623828443,0.12928228662335026,0.05115395099380543,0.7633744898830714,0.1553880221732908,0.08123748794363768,2024-01-27
2024-02-13,Championship,Birmingham,Blackburn,H,0.3741390901608478,0.25935151851338617,0.3665093913257659,0.40410257942584804,0.26464326533051463,0.3312541552436374,2024-01-27
2024-02-13,Championship,Norwich,Watford,H,0.4297952476765027,0.2550405326888132,0.3151642196346842,0.46284729091885474,0.2641248127526073,0.27302789632853797,2024-01-27
2024-02-14,Championship,Huddersfield,Sunderland,H,0.30356266845282054,0.274023943552478,0.4224133879947015,0.2789549879111236,0.29591273793611594,0.4251322741527605,2024-01-27
2024-02-14,Championship,Plymouth,Coventry,D,0.39466358692119236,0.2377245960692382,0.3676118170095694,0.2894939196309059,0.2559735710420642,0.4545325093270299,2024-01-27
2024-02-14,Championship,Preston,Middlesbrough,H,0.3149155403286326,0.25435979225291766,0.4307246674184498,0.29504409445320656,0.2797831930159717,0.4251727125308217,2024-01-27
2024-02-14,Championship,Stoke,QPR,H,0.4819973426250623,0.28243807293811685,0.23556458443682088,0.4210806167941428,0.3049204466440345,0.27399893656182256,2024-01-27
2024-02-14,Championship,Millwall,Ipswich,A,0.31320560259456204,0.26479205375296766,0.4220023436524703,0.24051889422227052,0.2760500945051059,0.4834310112726234,2024-01-27
2024-02-16,Championship,West Brom,Southampton,A,0.33058518491199995,0.26845389844019546,0.40096091664780426,0.3116254275687442,0.26564790546843764,0.42272666696281824,2024-01-27
2024-02-17,Championship,Preston,Blackburn,D,0.39864881099975435,0.25986820008919237,0.3414829889110533,0.35929387331256485,0.2814122533748702,0.35929387331256485,2024-01-27
2024-02-17,Championship,Swansea,Ipswich,A,0.32206735852289237,0.2336794872075392,0.44425315426956846,0.23755908284683208,0.2510637335513031,0.5113771836018648,2024-01-27
2024-02-17,Championship,Stoke,Coventry,A,0.3310584704240561,0.2956871845271214,0.37325434504882254,0.3379688302791573,0.2773077581777701,0.38472341154307244,2024-01-27
2024-02-17,Championship,Rotherham,Watford,A,0.2547587749335205,0.2617196761957859,0.48352154887069365,0.23081866602961615,0.28330804197804194,0.48587329199234197,2024-01-27
2024-02-17,Championship,Norwich,Cardiff,H,0.5212348284415742,0.24778297191647544,0.23098219964195024,0.5572405919589685,0.254487829398584,0.1882715786424476,2024-01-27
2024-02-17,Championship,Plymouth,Leeds,A,0.2511794648378825,0.2228093427441589,0.5260111924179588,0.11900493466649417,0.1721773522834384,0.7088177130500675,2024-01-27
2024-02-17,Championship,Leicester,Middlesbrough,A,0.683924672586905,0.1875973101054808,0.12847801730761402,0.628188935448423,0.2103067305631677,0.16150433398840924,2024-01-27
2024-02-17,Championship,Huddersfield,Hull,A,0.3797283714246057,0.2748831974163328,0.3453884311590617,0.35501033453264946,0.2779223761769884,0.36706728929036214,2024-01-27
2024-02-17,Championship,Bristol City,QPR,A,0.4848542288689987,0.270932136559506,0.24421363457149536,0.44625657963380716,0.2956958491190576,0.25804757124713523,2024-01-27
2024-02-17,Championship,Birmingham,Sunderland,H,0.2866242579590313,0.26686752305228495,0.44650821898868376,0.3567701805869945,0.2916115547911662,0.35161826462183937,2024-01-27
2024-02-17,Championship,Millwall,Sheffield Weds,A,0.5439922977500206,0.26905222712945437,0.18695547512052518,0.4324993126202914,0.29942260104481716,0.2680780863348914,2024-01-27
2024-02-20,Championship,Cardiff,Blackburn,D,0.41890178289194696,0.26305425495404894,0.31804396215400416,0.3043530679446316,0.28814491639728435,0.40750201565808414,2024-01-27
2024-02-20,Championship,Ipswich,Rotherham,H,0.7008329610372949,0.17928877535304763,0.11987826360965742,0.7711704404813599,0.1539877077638498,0.07484185175479036,2024-01-27
2024-02-20,Championship,Plymouth,West Brom,A,0.3812288082465529,0.24435509534450592,0.3744160964089409,0.2874671759369778,0.2768202434948675,0.43571258056815465,2024-01-27
2024-02-20,Championship,Southampton,Hull,A,0.6564127580580714,0.19667208871353267,0.14691515322839585,0.6229302888773569,0.2126414115204982,0.16442829960214497,2024-01-27
2024-02-23,Championship,Coventry,Preston,A,0.5578905961590243,0.24655352723659313,0.19555587660438245,0.5801674730082828,0.23805397541126094,0.1817785515804563,2024-01-27
2024-02-23,Championship,Leeds,Leicester,H,0.34385125327032173,0.2815343285275807,0.37461441820209745,0.46320154005627123,0.2643269657929809,0.2724714941507478,2024-01-27
2024-02-24,Championship,Southampton,Millwall,A,0.6139068241494937,0.22363120053228103,0.1624619753182253,0.6810956997580224,0.1953850290214933,0.12351927122048427,2024-01-27
2024-02-24,Championship,Watford,Huddersfield,A,0.5515142546380285,0.24356488729149334,0.20492085807047788,0.4700243884669958,0.2836590332730849,0.24631657825991926,2024-01-27
2024-02-24,Championship,Sunderland,Swansea,A,0.505516239610261,0.24251497711033618,0.25196878327940253,0.44274776013547745,0.288179015472796,0.26907322439172665,2024-01-27
2024-02-24,Championship,Sheffield Weds,Bristol City,H,0.30096508060680954,0.2877001276395606,0.41133479175362975,0.34998210367419347,0.3050000778101122,0.34501781851569424,2024-01-27
2024-02-24,Championship,QPR,Rotherham,H,0.45278540616242374,0.27826785699567447,0.2689467368419019,0.5915679804846758,0.25940414117509847,0.14902787834022557,2024-01-27
2024-02-24,Championship,Middlesbrough,Plymouth,A,0.5149373926154347,0.20904124198995275,0.2760213653946128,0.669476628801482,0.19184606951821123,0.13867730168030695,2024-01-27
2024-02-24,Championship,Ipswich,Birmingham,H,0.6655688362497271,0.19062314605555267,0.14380801769472043,0.6474971042168863,0.2019221738722099,0.1505807219109038,2024-01-27
2024-02-24,Championship,Cardiff,Stoke,H,0.38770475291625783,0.29531838565713353,0.31697686142660847,0.3418218576260643,0.3102523230045488,0.3479258193693869,2024-01-27
2024-02-24,Championship,Blackburn,Norwich,D,0.3647740119916165,0.2493931453813082,0.3858328426270752,0.3633110149455535,0.27739986326327165,0.3592891217911747,2024-01-27
2024-02-24,Championship,Hull,West Brom,D,0.32358177524539844,0.28320330408744665,0.39321492066715485,0.4020722635494155,0.2957492029755579,0.30217853347502655,2024-01-27
2024-03-01,Championship,West Brom,Coventry,H,0.4441234701066275,0.2804976569869586,0.2753788729064137,0.4480917625528665,0.2876802144200356,0.26422802302709786,2024-03-01
2024-03-02,Championship,Swansea,Blackburn,H,0.46042945520583306,0.23969674045861833,0.2998738043355485,0.4607023974533041,0.2692748084837872,0.2700227940629088,2024-03-01
2024-03-02,Championship,Stoke,Middlesbrough,H,0.3313828055767743,0.26651967428142614,0.4020975201417995,0.4037927948928107,0.2718269932099648,0.3243802118972246,2024-03-01
2024-03-02,Championship,Rotherham,Sheffield Weds,A,0.3988728464326733,0.28734108547235054,0.3137860680949763,0.2770528006424413,0.3001405340293114,0.4228066653282474,2024-03-01
2024-03-02,Championship,Preston,Hull,D,0.39939570578004874,0.26686164841843846,0.33374264580151297,0.3172310394147037,0.2978285293587585,0.3849404312265377,2024-03-01
2024-03-02,Championship,Plymouth,Ipswich,A,0.32216969399192014,0.20503974969635663,0.47279055631172306,0.23417795441129585,0.2417697584196421,0.5240522871690619,2024-03-01
2024-03-02,Championship,Millwall,Watford,H,0.36026212428132615,0.2841877462405504,0.35555012947812364,0.3686972066693236,0.3013500388876206,0.3299527544430557,2024-03-01
2024-03-02,Championship,Leicester,QPR,A,0.7723257783246336,0.150928389027427,0.0767458326479395,0.6325845212329279,0.21897156504216733,0.14844391372490484,2024-03-01
2024-03-02,Championship,Birmingham,Southampton,A,0.20987568485723515,0.2169507713732907,0.5731735437694743,0.21645904245209668,0.2249771066226653,0.558563850925238,2024-03-01
2024-03-02,Championship,Huddersfield,Leeds,D,0.15359093663081014,0.2244692444043344,0.6219398189648555,0.15655152095455552,0.2222600721808942,0.6211884068645503,2024-03-01
2024-03-02,Championship,Bristol City,Cardiff,A,0.44688550844369285,0.2742408668393861,0.278873624716921,0.4836150189256637,0.2954608474287489,0.22092413364558727,2024-03-01
2024-03-02,Championship,Norwich,Sunderland,H,0.4416847089233383,0.24927447985743748,0.30904081121922417,0.5281804088601783,0.2591605206140608,0.21265907052576105,2024-03-01
2024-03-05,Championship,Sheffield Weds,Plymouth,H,0.29451529248421016,0.2441016362095737,0.46138307130621603,0.504063394836599,0.2615167612996333,0.23441984386376769,2024-03-01
2024-03-05,Championship,Ipswich,Bristol City,H,0.6088389088252956,0.20253800622945323,0.1886230849452511,0.589314875155085,0.24128276526200745,0.16940235958290767,2024-03-01
2024-03-05,Championship,Sunderland,Leicester,A,0.22141682649866654,0.23986688710421325,0.5387162863971202,0.2273799228366006,0.256177380082397,0.5164426970810024,2024-03-01
2024-03-05,Championship,Leeds,Stoke,H,0.7053965546394012,0.19553562701895127,0.09906781834164766,0.6931386475504608,0.1866142512635856,0.12024710118595354,2024-03-01
2024-03-05,Championship,Hull,Birmingham,D,0.5039738422320844,0.2553755780418507,0.24065057972606485,0.5786207778915046,0.24002047082906858,0.1813587512794268,2024-03-01
2024-03-05,Championship,Coventry,Rotherham,H,0.6185702955290967,0.22361699656764691,0.15781270790325638,0.7249300164516828,0.17502814811626216,0.10004183543205508,2024-03-01
2024-03-05,Championship,Blackburn,Millwall,D,0.41434002603861747,0.27231309632953354,0.3133468776318491,0.4282474858829047,0.30096649936662345,0.27078601475047176,2024-03-01
2024-03-06,Championship,Cardiff,Huddersfield,H,0.41498750845155213,0.27314369152503065,0.3118688000234174,0.35632747391273895,0.3059037747741438,0.3377687513131171,2024-03-01
2024-03-06,Championship,Middlesbrough,Norwich,H,0.4294476454432086,0.23789583597648,0.3326565185803113,0.3744811683320522,0.2897770945426595,0.33574173712528826,2024-03-01
2024-03-06,Championship,Watford,Swansea,D,0.47915430410037635,0.24421851727437005,0.2766271786252536,0.43180337707773725,0.28368477680107157,0.28451184612119124,2024-03-01
2024-03-06,Championship,QPR,West Brom,D,0.25550023514547476,0.283049980149959,0.46144978470456605,0.3043585323811869,0.3151933021423295,0.3804481654764836,2024-03-01
2024-03-08,Championship,Sheffield Weds,Leeds,A,0.11262034480715549,0.21024085903260015,0.6771387961602443,0.15160463888291317,0.2110574384448399,0.6373379226722469,2024-03-01
2024-03-09,Championship,Watford,Coventry,A,0.3979401503782367,0.2686586801184073,0.33340116950335597,0.33669075665319903,0.2740947286557029,0.38921451469109813,2024-03-01
2024-03-09,Championship,Southampton,Sunderland,H,0.543423446994774,0.2231828314865607,0.2333937215186652,0.723927804538332,0.17108699437061112,0.10498520109105683,2024-03-01
2024-03-09,Championship,QPR,Middlesbrough,A,0.29869207604881326,0.25818548373965944,0.44312244021152736,0.4174803792043894,0.28864370431638786,0.29387591647922273,2024-03-01
2024-03-09,Championship,Preston,Stoke,A,0.4284212235218192,0.2762061020538896,0.2953726744242912,0.36876860119047616,0.31203497023809523,0.3191964285714286,2024-03-01
2024-03-09,Championship,Blackburn,Plymouth,D,0.4128676232721365,0.22732120726001254,0.3598111694678509,0.5254064945847364,0.25714339020681554,0.21745011520844804,2024-03-01
2024-03-09,Championship,Millwall,Birmingham,H,0.4730869215217348,0.2759808303666228,0.2509322481116424,0.43069693443130097,0.2879807904777338,0.28132227509096536,2024-03-01
2024-03-09,Championship,Hull,Leicester,D,0.1756935200666786,0.22123017741331594,0.603076302520006,0.29051554133115587,0.2710938895430007,0.43839056912584334,2024-03-01
2024-03-09,Championship,Cardiff,Ipswich,H,0.2588580581597909,0.2294238392510803,0.5117181025891289,0.18800595671305886,0.2522981491641567,0.5596958941227843,2024-03-01
2024-03-09,Championship,Norwich,Rotherham,H,0.6487165614243617,0.2004243303617992,0.15085910821383905,0.705889059745715,0.18888047106477143,0.10523046918951356,2024-03-01
2024-03-10,Championship,Huddersfield,West Brom,A,0.2849930497247035,0.27748957784474243,0.4375173724305543,0.33444777093065253,0.3050918537329777,0.36046037533636993,2024-03-01
2024-03-10,Championship,Bristol City,Swansea,H,0.4201276405845706,0.2569660045189499,0.3229063548964795,0.41963673238092397,0.289749172358257,0.29061409526081894,2024-03-01
2024-03-12,Championship,Birmingham,Middlesbrough,A,0.2939173334564883,0.2508097393336496,0.455272927209862,0.32020444978953694,0.27420324714371613,0.4055923030667468,2024-03-01
2024-03-16,Championship,Sunderland,QPR,D,0.5546357053614315,0.24653425600732695,0.19883003863124168,0.32114213246738277,0.2957631189593221,0.3830947485732952,2024-03-01
2024-03-16,Championship,Stoke,Norwich,A,0.3197752049814002,0.2636893267883461,0.4165354682302534,0.355381574357583,0.3005387388085733,0.3440796868338436,2024-03-01
2024-03-16,Championship,West Brom,Bristol City,H,0.5168324836134451,0.265790642910221,0.21737687347633414,0.5259701833277761,0.2828618718477866,0.19116794482443733,2024-03-01
2024-03-16,Championship,Rotherham,Huddersfield,D,0.33009685307626246,0.2710076544080992,0.39889549251563833,0.19172951774788782,0.28844767210142175,0.5198228101506904,2024-03-01
2024-03-16,Championship,Middlesbrough,Blackburn,D,0.5259442351963869,0.227967852341659,0.24608791246195424,0.5368317648200253,0.2491449985446784,0.21402323663529638,2024-03-01
2024-03-16,Championship,Ipswich,Sheffield Weds,H,0.7137552931513702,0.16957864766251668,0.11666605918611284,0.612564398015446,0.2271952462123016,0.16024035577225246,2024-03-01
2024-03-16,Championship,Swansea,Cardiff,H,0.4717476761395523,0.25388328767430957,0.2743690361861381,0.4677273549086964,0.28783221840535167,0.2444404266859519,2024-03-01
2024-03-16,Championship,Plymouth,Preston,A,0.49223637381113344,0.22626851356025007,0.2814951126286165,0.41386837495921175,0.2802854988916852,0.305846126149103,2024-03-01
2024-03-16,Championship,Birmingham,Watford,A,0.3058671162769013,0.26527767670538804,0.4288552070177105,0.41461608375130443,0.28741822914913434,0.2979656870995613,2024-03-01
2024-03-17,Championship,Leeds,Millwall,H,0.6805441387071481,0.20968744610067186,0.1097684151921799,0.7502204963024466,0.1712892814566648,0.07849022224088857,2024-03-01
2024-03-29,Championship,Watford,Leeds,D,0.2068180118220842,0.2508480489473995,0.5423339392305163,0.14594567605352507,0.20321549830237667,0.6508388256440983,2024-03-01
2024-03-29,Championship,Blackburn,Ipswich,A,0.2829267643476421,0.21780904514993984,0.4992641905024182,0.26560825947209504,0.25577091652868417,0.4786208239992208,2024-03-01
2024-03-29,Championship,Southampton,Middlesbrough,D,0.5652150006327663,0.2080359963142736,0.22674900305296017,0.6252183838430897,0.19858370798294858,0.17619790817396166,2024-03-01
2024-03-29,Championship,Sheffield Weds,Swansea,D,0.30484988334373214,0.2660459995156068,0.42910411714066093,0.3722883135059482,0.2880802425938885,0.33963144390016325,2024-03-01
2024-03-29,Championship,Preston,Rotherham,H,0.5348281125834539,0.2471064610969392,0.2180654263196069,0.6393020262372532,0.23317537671938462,0.12752259704336225,2024-03-01
2024-03-29,Championship,QPR,Birmingham,H,0.42189484152470685,0.27642245601588544,0.30168270245940776,0.47921456169799165,0.2805835984434618,0.24020183985854668,2024-03-01
2024-03-29,Championship,Hull,Stoke,A,0.44948754266890645,0.27623618770317887,0.27427626962791457,0.49274535376589496,0.2596185197261167,0.24763612650798827,2024-03-01
2024-03-29,Championship,Huddersfield,Coventry,A,0.31998954262338547,0.268533534662854,0.4114769227137604,0.29971464971949247,0.2719321119645957,0.4283532383159118,2024-03-01
2024-03-29,Championship,Cardiff,Sunderland,A,0.31642721013977626,0.27516562026374486,0.4084071695964786,0.36235732917861746,0.3224980229689695,0.31514464785241325,2024-03-01
2024-03-29,Championship,Millwall,West Brom,D,0.3000235383282047,0.30091034409202283,0.3990661175797724,0.28541591729227345,0.3291020270819071,0.3854820556258195,2024-03-01
2024-03-29,Championship,Bristol City,Leicester,H,0.1686236980838545,0.22046442712596762,0.6109118747901782,0.1841291652353143,0.24046719340432843,0.5754036413603573,2024-03-01
2024-03-29,Championship,Norwich,Plymouth,H,0.5232645147641759,0.21084841332083315,0.2658870719149908,0.6511255966225837,0.19993068112062737,0.14894372225678887,2024-03-01
2024-04-01,Championship,Swansea,QPR,A,0.49886010419335597,0.24951615479020725,0.25162374101643703,0.37402848102497444,0.2953456603215499,0.33062585865347566,2024-04-01
2024-04-01,Championship,Leeds,Hull,H,0.6923737014255116,0.19592669548121305,0.11169960309327516,0.6970229007633588,0.18183206106870228,0.12114503816793892,2024-04-01
2024-04-01,Championship,Ipswich,Southampton,H,0.48783322925811795,0.200421201563932,0.31174556917795004,0.405072605401428,0.261586396403647,0.33334099819492513,2024-04-01
2024-04-01,Championship,West Brom,Watford,D,0.4986279424281442,0.2598901036805368,0.241481953891319,0.48775474050478485,0.2971551957536843,0.21509006374153092,2024-04-01
2024-04-01,Championship,Sunderland,Blackburn,A,0.5116521103218813,0.24757762668245092,0.2407702629956679,0.4245921925975925,0.2898413769827877,0.2855664304196197,2024-04-01
2024-04-01,Championship,Stoke,Huddersfield,D,0.44595332943938976,0.2731222610091631,0.2809244095514474,0.47180258844312867,0.2870015745722295,0.2411958369846418,2024-04-01
2024-04-01,Championship,Plymouth,Bristol City,A,0.4319866210559603,0.24941301251265074,0.3186003664313889,0.32349796215654975,0.2895984751042167,0.38690356273923354,2024-04-01
2024-04-01,Championship,Middlesbrough,Sheffield Weds,H,0.6292673754612226,0.21812046746004132,0.15261215707873618,0.5330657127552811,0.26076998380731314,0.20616430343740574,2024-04-01
2024-04-01,Championship,Coventry,Cardiff,A,0.5486433634990364,0.24655402057097678,0.2048026159299867,0.6468970427139991,0.2104192578498283,0.14268369943617268,2024-04-01
2024-04-01,Championship,Birmingham,Preston,H,0.3545299881907751,0.26919571425791605,0.37627429755130865,0.4434812632692491,0.281862727092409,0.2746560096383418,2024-04-01
2024-04-01,Championship,Leicester,Norwich,H,0.6201099640979432,0.20241816200538018,0.17747187389667682,0.5988509770813171,0.21715091736507217,0.18399810555361076,2024-04-01
2024-04-01,Championship,Rotherham,Millwall,H,0.2629319150738827,0.2851666446971304,0.4519014402289869,0.15748551158042365,0.26190525295440015,0.5806092354651763,2024-04-01
2024-04-05,Championship,Rotherham,Plymouth,A,0.27388670417859384,0.24234066830504916,0.48377262751635697,0.25646198637165246,0.2648936133208574,0.47864440030748995,2024-04-01
2024-04-06,Championship,Coventry,Leeds,H,0.24402255981172272,0.2627513688133628,0.4932260713749147,0.26858132285124814,0.255116823816489,0.47630185333226277,2024-04-01
2024-04-06,Championship,Stoke,West Brom,D,0.28619003518735553,0.28737357329022545,0.42643639152241897,0.3422150731317867,0.3094149063779413,0.3483700204902721,2024-04-01
2024-04-06,Championship,QPR,Sheffield Weds,A,0.48077196124439747,0.27893590501633775,0.2402921337392646,0.4878493379000859,0.2816156527819737,0.23053500931794033,2024-04-01
2024-04-06,Championship,Middlesbrough,Swansea,H,0.5091229762700688,0.23279863325775707,0.25807839047217424,0.5457637852263989,0.23165513185868727,0.22258108291491382,2024-04-01
2024-04-06,Championship,Leicester,Birmingham,H,0.7659337088698254,0.15096367286076837,0.08310261826940607,0.7253511741343924,0.16661779993069809,0.10803102593490953,2024-04-01
2024-04-06,Championship,Blackburn,Southampton,D,0.27080132063138673,0.21685986650196715,0.5123388128666461,0.26285304932080766,0.24613211743017102,0.4910148332490214,2024-04-01
2024-04-06,Championship,Cardiff,Hull,A,0.38067589647701583,0.280252523399882,0.33907158012310196,0.2923456077527446,0.29412278469956976,0.41353160754768575,2024-04-01
2024-04-06,Championship,Sunderland,Bristol City,D,0.48708013968657693,0.26334729551739233,0.2495725647960307,0.4261687283022684,0.295841900075275,0.2779893716224567,2024-04-01
2024-04-06,Championship,Norwich,Ipswich,H,0.3807705700427274,0.22021381823820163,0.39901561171907096,0.3396525647621295,0.2822186033737811,0.3781288318640895,2024-04-01
2024-04-06,Championship,Huddersfield,Millwall,H,0.37072338043829295,0.2861120234828073,0.3431645960788999,0.3841383812010444,0.31429503916449086,0.30156657963446476,2024-04-01
2024-04-06,Championship,Watford,Preston,D,0.480214191490747,0.25480139210819197,0.2649844164010611,0.46456670608813877,0.290179804403402,0.24525348950845907,2024-04-01
2024-04-09,Championship,Southampton,Coventry,H,0.526338530843436,0.2168571375175696,0.25680433163899435,0.5603676912046726,0.21806163549141103,0.22157067330391653,2024-04-01
2024-04-09,Championship,Leeds,Sunderland,D,0.6304709585797212,0.22358896007180634,0.14594008134847244,0.7303117782909931,0.1733833718244804,0.09630484988452657,2024-04-01
2024-04-09,Championship,Preston,Huddersfield,H,0.46677146284258286,0.25730133712359593,0.2759272000338213,0.3768506895987152,0.3045617208392132,0.3185875895620717,2024-04-01
2024-04-09,Championship,Plymouth,QPR,D,0.4891475908431826,0.243208221137894,0.2676441880189233,0.31930330414805963,0.30424182753730206,0.3764548683146384,2024-04-01
2024-04-09,Championship,Millwall,Leicester,H,0.1971361769535845,0.24867322344107287,0.5541905996053427,0.17448072024952668,0.2545853253245073,0.5709339544259661,2024-04-01
2024-04-09,Championship,Sheffield Weds,Norwich,D,0.2169353947931431,0.24167532469792272,0.5413892805089341,0.28224274749577205,0.28557304540132694,0.43218420710290095,2024-04-01
2024-04-10,Championship,Birmingham,Cardiff,A,0.37521500529645363,0.2800060414054694,0.3447789532980771,0.51443844763369,0.2642470714621139,0.22131448090419611,2024-04-01
2024-04-10,Championship,Bristol City,Blackburn,H,0.4382269591567306,0.26313679209665986,0.2986362487466095,0.35402755635652283,0.28804017159184553,0.35793227205163153,2024-04-01
2024-04-10,Championship,Hull,Middlesbrough,D,0.3595355527848184,0.259686518931374,0.3807779282838077,0.39193259835777305,0.27193076346733136,0.33613663817489564,2024-04-01
2024-04-10,Championship,Ipswich,Watford,D,0.5928220357319708,0.20266459439054707,0.20451336987748214,0.6222170142957582,0.21431919381298337,0.16346379189125848,2024-04-01
2024-04-10,Championship,Swansea,Stoke,H,0.4540349925908844,0.26203055933347474,0.28393444807564083,0.37263953000419636,0.29094978318645964,0.33641068680934394,2024-04-01
2024-04-10,Championship,West Brom,Rotherham,H,0.6964358200470322,0.19453651029625219,0.10902766965671565,0.7799611555780067,0.1527630925733994,0.06727575184859384,2024-04-01
2024-04-12,Championship,Plymouth,Leicester,H,0.1890849584031836,0.20396957985416775,0.6069454617426486,0.13336597987121668,0.18759455923519391,0.6790394608935894,2024-04-01
2024-04-13,Championship,West Brom,Sunderland,A,0.47036886568306474,0.27015790093130876,0.2594732333856266,0.47015719264847916,0.2840245797231281,0.24581822762839262,2024-04-01
2024-04-13,Championship,Swansea,Rotherham,H,0.6200354604626541,0.21360306741770185,0.16636147211964408,0.7185865984514617,0.17798632937614764,0.10342707217239083,2024-04-01
2024-04-13,Championship,Sheffield Weds,Stoke,D,0.3023739303519887,0.2976969837020408,0.3999290859459706,0.3508449238042313,0.297034352668613,0.3521207235271558,2024-04-01
2024-04-13,Championship,Preston,Norwich,A,0.3290615126527194,0.24832840809688314,0.42261007925039723,0.28795811518324604,0.29319371727748694,0.418848167539267,2024-04-01
2024-04-13,Championship,Millwall,Cardiff,H,0.4352468233679964,0.2923604304038004,0.27239274622820286,0.47889752535934155,0.3061306965904651,0.2149717780501933,2024-04-01
2024-04-13,Championship,Southampton,Watford,H,0.5822721069762976,0.2045104674089641,0.21321742561473825,0.689365032775658,0.17806476861363857,0.13257019861070343,2024-04-01
2024-04-13,Championship,Hull,QPR,H,0.4755417157505213,0.26674654821937516,0.25771173603010367,0.46952478247084933,0.2779370838764223,0.25253813365272837,2024-04-01
2024-04-13,Championship,Bristol City,Huddersfield,D,0.46787731247337544,0.26286397529083616,0.2692587122357884,0.4152719387697079,0.29589713068300283,0.28883093054728937,2024-04-01
2024-04-13,Championship,Birmingham,Coventry,H,0.2649938328800785,0.256437020726472,0.4785691463934494,0.28852050246812455,0.25982357077102614,0.45165592676084926,2024-04-01
2024-04-13,Championship,Leeds,Blackburn,A,0.7187720646994699,0.17912762511651453,0.10210031018401552,0.7236941657694635,0.17157098760666425,0.10473484662387231,2024-04-01
2024-04-13,Championship,Ipswich,Middlesbrough,D,0.5675227219301214,0.2038069153876814,0.22867036268219718,0.5330117895905933,0.23998789531317757,0.2270003150962291,2024-04-01
2024-04-16,Championship,Southampton,Preston,H,0.63891951334023,0.18870574336376392,0.17237474329600597,0.7445993421361439,0.1650400603703824,0.09036059749347372,2024-04-01
2024-04-20,Championship,QPR,Preston,H,0.37355305264975286,0.27562923929008437,0.35081770806016277,0.5060328697520564,0.2738024875995546,0.22016464264838903,2024-04-01
2024-04-20,Championship,Watford,Hull,D,0.46764399751218527,0.25931852876731953,0.2730374737204953,0.33382247302369,0.2773883013663899,0.38878922560992,2024-04-01
2024-04-20,Championship,Sunderland,Millwall,A,0.47445330408616504,0.2779932860640209,0.24755340984981408,0.43392453261804,0.3052529046492836,0.2608225627326763,2024-04-01
2024-04-20,Championship,Stoke,Plymouth,H,0.4205464248789295,0.2568521782927174,0.3226013968283533,0.5609800025890259,0.2579908033297124,0.1810291940812616,2024-04-01
2024-04-20,Championship,Rotherham,Birmingham,D,0.3342647807361661,0.2749567543186009,0.3907784649452329,0.18542890122759864,0.2439357301136603,0.570635368658741,2024-04-01
2024-04-20,Championship,Huddersfield,Swansea,A,0.3749683714334085,0.254372740446562,0.37065888812002973,0.46675833839659747,0.2618400434907742,0.2714016181126283,2024-04-01
2024-04-20,Championship,Cardiff,Southampton,H,0.25017755760575305,0.22634487546623802,0.5234775669280091,0.10018482703669056,0.15580692256680123,0.7440082503965082,2024-04-01
2024-04-20,Championship,Leicester,West Brom,H,0.5615068483151049,0.2393733900568544,0.19911976162804063,0.6134134324282611,0.23150458868085813,0.15508197889088082,2024-04-01
2024-04-20,Championship,Norwich,Bristol City,D,0.5398898194717962,0.23407881771714345,0.22603136281106018,0.5739113562657648,0.2351636776893866,0.19092496604484852,2024-04-01
2024-04-21,Championship,Blackburn,Sheffield Weds,A,0.5377020164031195,0.25191474253605706,0.21038324106082332,0.4567345706522519,0.2742995155191995,0.2689659138285484,2024-04-01
2024-04-22,Championship,Middlesbrough,Leeds,A,0.2295534592277128,0.24959353474907106,0.520853006023216,0.18422347827438462,0.21989317224550697,0.5958833494801083,2024-04-01
2024-04-23,Championship,Leicester,Southampton,H,0.5772132978287474,0.2027868248032288,0.2199998773680239,0.49075549184587847,0.2429116379237137,0.2663328702304079,2024-04-01
2024-04-24,Championship,Coventry,Hull,A,0.5185397585670762,0.24831469592143465,0.233145545511489,0.34323994567094085,0.27265821036395865,0.38410184396510044,2024-04-01
2024-04-26,Championship,QPR,Leeds,H,0.1452502448140307,0.2286212074072625,0.6261285477787066,0.18391702910672464,0.22956707929073267,0.5865158916025426,2024-04-01
2024-04-27,Championship,Sheffield Weds,West Brom,H,0.19942431972572955,0.2661602609707073,0.5344154193035633,0.3362085130320645,0.2970185636602288,0.3667729233077067,2024-04-01
2024-04-27,Championship,Norwich,Swansea,D,0.543966790014614,0.219953369209375,0.23607984077601077,0.5741818911865088,0.2248544468982132,0.2009636619152781,2024-04-01
2024-04-27,Championship,Watford,Sunderland,H,0.4012535332082075,0.26795118186886163,0.33079528492293103,0.4011083686490011,0.2971173101103712,0.3017743212406278,2024-04-01
2024-04-27,Championship,Southampton,Stoke,A,0.6326197403346089,0.19845163296877355,0.16892862669661754,0.5553976104604034,0.21667978524688386,0.2279226042927127,2024-04-01
2024-04-27,Championship,Hull,Ipswich,D,0.2753001683583747,0.22648119229670824,0.49821863934491706,0.3572502693462975,0.2630837581327354,0.37966597252096723,2024-04-01
2024-04-27,Championship,Millwall,Plymouth,H,0.4325356497142506,0.2610877484048501,0.30637660188089927,0.47584099774852373,0.28327191361569,0.24088708863578628,2024-04-01
2024-04-27,Championship,Cardiff,Middlesbrough,A,0.32055000485388346,0.2654858778533742,0.4139641172927426,0.22240641314298437,0.23782071900437934,0.5397728678526363,2024-04-01
2024-04-27,Championship,Bristol City,Rotherham,H,0.5840254182942181,0.2385364265618805,0.1774381551439013,0.6893030207730989,0.19553697936216474,0.11515999986473645,2024-04-01
2024-04-27,Championship,Blackburn,Coventry,D,0.3258729194314862,0.25743353310930933,0.4166935474592044,0.44381877093424593,0.25663790998319796,0.2995433190825561,2024-04-01
2024-04-27,Championship,Huddersfield,Birmingham,D,0.4590312505329186,0.26050863600119917,0.2804601134658825,0.3623407842157842,0.2896556568431568,0.34800355894105894,2024-04-01
2024-04-29,Championship,Preston,Leicester,A,0.19108823725993135,0.22523398363203412,0.5836777791080346,0.22358276780837832,0.22889352238814978,0.5475237098034719,2024-04-01
2024-04-30,Championship,Coventry,Ipswich,A,0.3689828911971272,0.23247735590170288,0.39853975290117,0.22999113565535922,0.23164972557595073,0.53835913876869,2024-04-01
2024-05-04,Championship,West Brom,Preston,H,0.5442405186268111,0.24788835987809504,0.20787112149509387,0.633230190497922,0.23667762070590645,0.1300921887961717,2024-05-04
2024-05-04,Championship,Swansea,Millwall,A,0.4374685802793562,0.27055776691786804,0.29197365280277565,0.471840439813335,0.2651665281595602,0.2629930320271047,2024-05-04
2024-05-04,Championship,Sunderland,Sheffield Weds,A,0.542193478912638,0.2548485090148299,0.20295801207253175,0.4277535287115243,0.28059633807607276,0.2916501332124029,2024-05-04
2024-05-04,Championship,Stoke,Bristol City,H,0.3835949892186121,0.28733469912546544,0.3290703116559225,0.44929185541956373,0.25846359424673826,0.292244550333698,2024-05-04
2024-05-04,Championship,Rotherham,Cardiff,H,0.2902647842816359,0.27946241980215475,0.43027279591620926,0.28238237160810453,0.27590942326178697,0.4417082051301085,2024-05-04
2024-05-04,Championship,Plymouth,Hull,H,0.38708297135645714,0.2504212516018439,0.36249577704169883,0.2434376344747034,0.21964713837831193,0.5369152271469847,2024-05-04
2024-05-04,Championship,Middlesbrough,Watford,H,0.4778714246878523,0.2469835769098121,0.2751449984023356,0.5402886888048235,0.22628561554649074,0.23342569564868584,2024-05-04
2024-05-04,Championship,Leicester,Blackburn,A,0.7359813223292953,0.16226587950621443,0.1017527981644904,0.6269841815917488,0.2200196784026091,0.15299614000564207,2024-05-04
2024-05-04,Championship,Leeds,Southampton,A,0.5722016222165391,0.20725586558192097,0.22054251220154,0.5776282420910613,0.21792338224344582,0.2044483756654929,2024-05-04
2024-05-04,Championship,Ipswich,Huddersfield,H,0.7022916714349848,0.1664042931989788,0.13130403536603638,0.7809942356406284,0.14032591568211586,0.07867984867725572,2024-05-04
2024-05-04,Championship,Coventry,QPR,A,0.5446169060777022,0.2438279005172107,0.21155519340508716,0.5011662846272259,0.2387690487554029,0.2600646666173712,2024-05-04
2024-05-04,Championship,Birmingham,Norwich,H,0.2784965111102752,0.246030820630781,0.47547266825894374,0.38374754115927157,0.2671391722987195,0.34911328654200885,2024-05-04
2024-08-09,Championship,Blackburn,Derby,H,0.45287614235886975,0.2664654699136602,0.2806583877274702,0.45002997656377736,0.28045346365568735,0.2695165597805352,2024-08-09
2024-08-09,Championship,Preston,Sheffield United,A,0.2422110032135411,0.2644879886145986,0.49330100817186023,0.2992069729227692,0.2769164821033079,0.423876544973923,2024-08-09
2024-08-10,Championship,Stoke,Coventry,H,0.36761271174007604,0.27050581334215107,0.36188147491777284,0.3839935327405012,0.27647534357316084,0.3395311236863379,2024-08-09
2024-08-10,Championship,QPR,West Brom,A,0.2854187741867859,0.2727367794321727,0.4418444463810413,0.3483700204902721,0.3094149063779413,0.3422150731317867,2024-08-09
2024-08-10,Championship,Millwall,Watford,A,0.3862732287111152,0.29045696391045944,0.3232698073784254,0.39797487082866156,0.30897090610659667,0.2930542230647417,2024-08-09
2024-08-10,Championship,Cardiff,Sunderland,A,0.3443073513356286,0.274386980859453,0.38130566780491854,0.32148512148512154,0.30051870051870055,0.377996177996178,2024-08-09
2024-08-10,Championship,Hull,Bristol City,D,0.43934656082656565,0.262806752504681,0.29784668666875336,0.3409820515132155,0.3016788243917544,0.3573391240950302,2024-08-09
2024-08-10,Championship,Middlesbrough,Swansea,H,0.5283099769172726,0.22375388520149006,0.24793613788123736,0.5817424169008625,0.23325903672836512,0.18499854637077234,2024-08-09
2024-08-11,Championship,Sheffield Weds,Plymouth,H,0.3866080321857082,0.26424831381037484,0.3491436540039171,0.5539404831122152,0.24525609175960675,0.20080342512817803,2024-08-09
2024-08-12,Championship,Luton,Burnley,A,0.21930610071488868,0.27013372790083817,0.5105601713842733,0.3482518882378757,0.27503984355150407,0.3767082682106203,2024-08-09
2024-08-17,Championship,Swansea,Preston,H,0.4864308292840418,0.24637733605086462,0.2671918346650935,0.48623884624076363,0.2643757661254425,0.24938538763379378,2024-08-09
2024-08-17,Championship,Derby,Middlesbrough,H,0.3136206456538198,0.26046581857095047,0.4259135357752296,0.24670734644176337,0.25861279479552135,0.49467985876271525,2024-08-09
2024-08-17,Championship,West Brom,Leeds,D,0.3285713976726616,0.2685645747486766,0.4028640275786618,0.27638641399227226,0.2694575066777028,0.4541560793300249,2024-08-09
2024-08-17,Championship,Bristol City,Millwall,H,0.4065388910569116,0.29247356229129456,0.3009875466517937,0.462597442154512,0.29386889182459874,0.24353366602088916,2024-08-09
2024-08-17,Championship,Burnley,Cardiff,H,0.7546686047804877,0.16121075457767076,0.08412064064184174,0.6017069701280228,0.22759601706970126,0.17069701280227595,2024-08-09
2024-08-17,Championship,Norwich,Blackburn,D,0.5476489039819079,0.22285734100730317,0.22949375501078897,0.3861337101040855,0.2785044863107053,0.3353618035852092,2024-08-09
2024-08-17,Championship,Plymouth,Hull,D,0.39385066633584187,0.25251432456316847,0.35363500910098966,0.33927056827820185,0.2578456318914334,0.4028837998303647,2024-08-09
2024-08-17,Championship,Sheffield United,QPR,D,0.6253141737368871,0.22650149159896646,0.1481843346641463,0.5577392451040498,0.2461451260280628,0.19611562886788741,2024-08-09
2024-08-17,Championship,Watford,Stoke,H,0.45847034007734827,0.2701463528027135,0.27138330711993824,0.3586522657900916,0.2979572669640761,0.3433904672458324,2024-08-09
2024-08-18,Championship,Sunderland,Sheffield Weds,H,0.5180228256666358,0.2603297179158148,0.22164745641754957,0.4320216531334582,0.27649385800541326,0.2914844888611285,2024-08-09
2024-08-23,Championship,Sheffield Weds,Leeds,A,0.18652823311167807,0.2351456592185807,0.5783261076697412,0.2516599618591573,0.2699369423293754,0.4784030958114672,2024-08-09
2024-08-24,Championship,Watford,Derby,H,0.48854001858066765,0.2678070317375648,0.24365294968176748,0.5085028451828112,0.2647001111910524,0.22679704362613645,2024-08-09
2024-08-24,Championship,Sunderland,Burnley,H,0.20049038363704647,0.25276743677476854,0.546742179588185,0.39356354602006816,0.2890048725998112,0.31743158138012056,2024-08-09
2024-08-24,Championship,Preston,Luton,H,0.3349059996024989,0.28525048478219656,0.37984351561530455,0.32145820467452957,0.2702763117514899,0.4082654835739805,2024-08-09
2024-08-24,Championship,Norwich,Sheffield United,D,0.34772885408596527,0.2605503847849047,0.3917207611291302,0.3699543096636778,0.26701936399967935,0.3630263263366427,2024-08-09
2024-08-24,Championship,Stoke,West Brom,A,0.32199405625193533,0.2802606529167379,0.3977452908313268,0.3627361893804965,0.2925998869020923,0.3446639237174113,2024-08-09
2024-08-24,Championship,QPR,Plymouth,D,0.4143504161105283,0.26217012932588496,0.3234794545635866,0.5547887323943662,0.238943661971831,0.20626760563380286,2024-08-09
2024-08-24,Championship,Hull,Millwall,D,0.4241358907752052,0.27972408381338165,0.29614002541141315,0.4029484029484029,0.2948402948402948,0.30221130221130216,2024-08-09
2024-08-24,Championship,Bristol City,Coventry,D,0.37650173189428826,0.2662894727988267,0.3572087953068848,0.36791244794290356,0.271039142322083,0.3610484097350135,2024-08-09
2024-08-25,Championship,Swansea,Cardiff,D,0.512017280786074,0.23973495634344633,0.24824776287047973,0.4810127893128981,0.27545176823901,0.24353544244809197,2024-08-09
2024-08-30,Championship,Luton,QPR,A,0.5094866244213352,0.2693673651075852,0.22114601047107932,0.5002519295131254,0.2659741663802567,0.23377390410661789,2024-08-09
2024-08-31,Championship,West Brom,Swansea,H,0.5270299276539924,0.2400154418945678,0.23295463045143977,0.5007189657519917,0.2691887476048312,0.2300922866431771,2024-08-09
2024-08-31,Championship,Millwall,Sheffield Weds,H,0.48378755058329287,0.280921039289265,0.2352914101274417,0.40122151027283987,0.2966085398029277,0.3021699499242326,2024-08-09
2024-08-31,Championship,Plymouth,Stoke,A,0.4028600137473522,0.26555938550684255,0.3315806007458051,0.2985417392479043,0.2430339786842236,0.45842428206787206,2024-08-09
2024-08-31,Championship,Derby,Bristol City,H,0.3770282827422552,0.28644584630536396,0.3365258709523809,0.33157888589992635,0.3045536475507161,0.3638674665493575,2024-08-09
2024-08-31,Championship,Coventry,Norwich,A,0.418287115945264,0.24382192755410065,0.3378909565006352,0.5002897327424796,0.24694608291380704,0.25276418434371345,2024-08-09
2024-08-31,Championship,Cardiff,Middlesbrough,A,0.2999150032772323,0.24529443525481845,0.4547905614679492,0.26341422335752085,0.26269842383752756,0.47388735280495164,2024-08-09
2024-08-31,Championship,Burnley,Blackburn,D,0.7236244875022693,0.17388389967548468,0.10249161282224593,0.43762575452716296,0.28445674044265595,0.2779175050301811,2024-08-09
2024-08-31,Championship,Leeds,Hull,H,0.6330437087996331,0.2081194661241174,0.1588368250762494,0.6700590460753593,0.20059979757765437,0.12934115634698626,2024-08-09
2024-09-01,Championship,Sheffield United,Watford,H,0.5516761251649397,0.24907460242167467,0.19924927241338528,0.5190378051136729,0.24317640239582664,0.23778579249050044,2024-08-09
2024-09-13,Championship,Hull,Sheffield United,A,0.27076902031743105,0.27256558317920276,0.4566653965033661,0.30012538555126855,0.26394588701906085,0.43592872742967065,2024-09-13
2024-09-14,Championship,Watford,Coventry,D,0.4345453615140553,0.25904545230818954,0.3064091861777552,0.3811862456660566,0.28145728604412323,0.3373564682898201,2024-09-13
2024-09-14,Championship,Swansea,Norwich,H,0.37972658771566914,0.24695999740032584,0.37331341488400505,0.40157326670926324,0.28215497748376805,0.3162717558069688,2024-09-13
2024-09-14,Championship,Sheffield Weds,QPR,D,0.3831815305904649,0.273428028128113,0.34339044128142193,0.4222702523590412,0.281104324971571,0.29662542266938785,2024-09-13
2024-09-14,Championship,Plymouth,Sunderland,H,0.30105394587190437,0.2644432388692081,0.4345028152588875,0.19070512820512825,0.23604433760683763,0.5732505341880343,2024-09-13
2024-09-14,Championship,Middlesbrough,Preston,D,0.5802981587490132,0.2239485722426163,0.19575326900837026,0.6227319930457511,0.21449657538242536,0.16277143157182364,2024-09-13
2024-09-14,Championship,Derby,Cardiff,H,0.49927968776421167,0.25469703823449147,0.2460232740012969,0.43040939150734725,0.29525034478400347,0.2743402637086491,2024-09-13
2024-09-14,Championship,Oxford,Stoke,H,0.5971703475348579,0.20259881497358853,0.20023083749155388,0.31207441634241245,0.2779973249027237,0.4099282587548639,2024-09-13
2024-09-14,Championship,Millwall,Luton,A,0.40070953394534514,0.2999480301688689,0.2993424358857859,0.3765766539974454,0.30920191718001105,0.31422142882254367,2024-09-13
2024-09-14,Championship,Leeds,Burnley,A,0.33692177002828466,0.2702304030444668,0.3928478269272483,0.5976454540364736,0.23354591771813657,0.16880862824538992,2024-09-13
2024-09-14,Championship,Blackburn,Bristol City,H,0.45077251214850383,0.2536631953723563,0.2955642924791399,0.40514859183650126,0.2814840507236157,0.31336735743988287,2024-09-13
2024-09-15,Championship,Portsmouth,West Brom,A,0.3448866819786064,0.22547595345214327,0.4296373645692504,0.22920385107173263,0.26292866839563883,0.5078674805326285,2024-09-13
2024-09-20,Championship,Stoke,Hull,A,0.40754178427435084,0.2767181295741254,0.3157400861515237,0.4482738545729755,0.2750771380334169,0.27664900739360776,2024-09-13
2024-09-21,Championship,Coventry,Swansea,A,0.4788850737026157,0.24669877813790697,0.27441614815947757,0.5034856391666335,0.25240011154045333,0.24411424929291323,2024-09-13
2024-09-21,Championship,Sheffield United,Derby,H,0.6028637619034842,0.233848593295251,0.16328764480126454,0.5426026947890217,0.23788985140996516,0.21950745380101327,2024-09-13
2024-09-21,Championship,Luton,Sheffield Weds,H,0.5192890797290816,0.2653285397906057,0.2153823804803128,0.4834582846137973,0.27237086457115345,0.24417085081504916,2024-09-13
2024-09-21,Championship,West Brom,Plymouth,H,0.6150075513801466,0.21955799513824903,0.16543445348160435,0.6918500759320378,0.1814474727444401,0.12670245132352206,2024-09-13
2024-09-21,Championship,Cardiff,Leeds,A,0.18205677852445373,0.2298172148274421,0.5881260066481043,0.17906844152263582,0.2394984863044682,0.5814330721728959,2024-09-13
2024-09-21,Championship,Bristol City,Oxford,H,0.332701129582295,0.2243240842021853,0.4429747862155197,0.5339927663812482,0.25169971540366126,0.21430751821509073,2024-09-13
2024-09-21,Championship,Norwich,Watford,H,0.47319748421556235,0.2452381333420528,0.2815643824423848,0.4696638406522874,0.2600826644472344,0.2702534949004782,2024-09-13
2024-09-21,Championship,Burnley,Portsmouth,H,0.7950682011530806,0.12134749658203418,0.08358430226488515,0.6503082563122837,0.20877575256880257,0.14091599111891362,2024-09-13
2024-09-21,Championship,Sunderland,Middlesbrough,H,0.4230286108023778,0.25957879223745645,0.3173925969601657,0.35309715987067064,0.28043078783931524,0.3664720522900142,2024-09-13
2024-09-21,Championship,QPR,Millwall,D,0.3682397430920375,0.2860027488733033,0.3457575080346594,0.3981279251170046,0.2985959438377535,0.3032761310452418,2024-09-13
2024-09-22,Championship,Preston,Blackburn,D,0.3789756491988615,0.260898361098167,0.3601259897029713,0.3250126588149803,0.2891157382891466,0.3858716028958731,2024-09-13
2024-09-27,Championship,Plymouth,Luton,H,0.34631198696298604,0.27910458902106955,0.3745834240159444,0.2596016632641217,0.2501860588970292,0.4902122778388491,2024-09-13
2024-09-28,Championship,Portsmouth,Sheffield United,D,0.28054615331790006,0.22265932008684264,0.4967945265952574,0.22227999480046792,0.2417782399584037,0.5359417652411282,2024-09-13
2024-09-28,Championship,Oxford,Burnley,D,0.2538541087562606,0.2121048228227232,0.5340410684210163,0.28765180391809236,0.27302544100700293,0.4393227550749047,2024-09-13
2024-09-28,Championship,Millwall,Preston,H,0.4752764611164799,0.27298111890536103,0.2517424199781593,0.48548170442265154,0.29544605253855555,0.21907224303879286,2024-09-13
2024-09-28,Championship,Middlesbrough,Stoke,H,0.5310099868898893,0.24365338929599623,0.22533662381411446,0.5919104179459272,0.2177909664225421,0.19029861563153083,2024-09-13
2024-09-28,Championship,Watford,Sunderland,H,0.40755834825238335,0.2724664486270776,0.3199752031205392,0.30324033313726745,0.27248920076278393,0.42427046609994873,2024-09-13
2024-09-28,Championship,Hull,Cardiff,H,0.5191708428344288,0.24841852755290986,0.2324106296126613,0.5279765318690824,0.25293116579068614,0.2190923023402315,2024-09-13
2024-09-28,Championship,Sheffield Weds,West Brom,H,0.24294233948156727,0.26203288398528823,0.4950247765331445,0.35432921027592773,0.2820171265461466,0.36365366317792586,2024-09-13
2024-09-28,Championship,Derby,Norwich,A,0.3482901673671087,0.25543421838956254,0.39627561424332897,0.3394277090951302,0.2812119101514887,0.3793603807533809,2024-09-13
2024-09-28,Championship,Blackburn,QPR,H,0.4920793215231408,0.24875385832803976,0.2591668201488194,0.4782085691638043,0.2759946599173956,0.24579677091880017,2024-09-13
2024-09-28,Championship,Leeds,Coventry,H,0.5959499563121224,0.22413448797898106,0.17991555570889659,0.6058904140363489,0.2214633927167345,0.17264619324691663,2024-09-13
2024-09-29,Championship,Swansea,Bristol City,D,0.4578559829114918,0.25411765548189097,0.28802636160661743,0.3902169576825114,0.2749255838217694,0.3348574584957191,2024-09-13
2024-10-01,Championship,Burnley,Plymouth,H,0.7967582341711633,0.13458353574020587,0.06865823008863088,0.6480243263575578,0.20157750444107747,0.15039816920136465,2024-09-13
2024-10-01,Championship,Cardiff,Millwall,H,0.33892534565157834,0.2829781827226115,0.37809647162581017,0.2833937273522429,0.29826315131825565,0.4183431213295014,2024-09-13
2024-10-01,Championship,Coventry,Blackburn,H,0.4888457385818687,0.24361628254979306,0.26753797886833836,0.464599829585765,0.2691831881722539,0.2662169822419811,2024-09-13
2024-10-01,Championship,Luton,Oxford,D,0.34983628285300894,0.23972148562812293,0.4104422315188682,0.5743439266590408,0.23534092604565576,0.19031514729530344,2024-09-13
2024-10-01,Championship,Norwich,Leeds,D,0.3113213176288884,0.25198357842458524,0.43669510394652633,0.2692442818595049,0.27695901772940473,0.4537967004110904,2024-09-13
2024-10-01,Championship,QPR,Hull,A,0.37938627158662386,0.2703511002285226,0.35026262818485354,0.3698123714210583,0.281659422419527,0.3485282061594147,2024-09-13
2024-10-01,Championship,Sunderland,Derby,H,0.506681963869614,0.25884244750221247,0.2344755886281736,0.5887179039166666,0.24567362911535195,0.16560846696798168,2024-09-13
2024-10-01,Championship,West Brom,Middlesbrough,A,0.46757210579486597,0.25344842618790697,0.2789794680172273,0.39988060067047315,0.27968527561345236,0.32043412371607455,2024-09-13
2024-10-02,Championship,Bristol City,Sheffield Weds,D,0.5169243712165638,0.2518256656772007,0.23124996310623583,0.4608298885758013,0.27183785562055696,0.26733225580364167,2024-09-13
2024-10-02,Championship,Stoke,Portsmouth,H,0.43767655260420635,0.22803221123884043,0.3342912361569533,0.5227143946996051,0.256504411192114,0.22078119410828076,2024-09-13
2024-10-02,Championship,Preston,Watford,H,0.3336892514764629,0.26860929030904535,0.39770145821449177,0.38072591321497484,0.28695662301662794,0.3323174637683973,2024-09-13
2024-10-02,Championship,Sheffield United,Swansea,H,0.5886737572828719,0.23205078399078932,0.17927545872633885,0.5426333651372602,0.24830010024275656,0.20906653461998334,2024-09-13
2024-10-04,Championship,Sunderland,Leeds,D,0.2978343626802951,0.2724201057191536,0.4297455316005514,0.2997862581484327,0.28991305802977174,0.4103006838217956,2024-09-13
2024-10-05,Championship,Swansea,Stoke,D,0.456544882232682,0.26330978750609446,0.28014533026122357,0.41904597212876254,0.27267498468096946,0.308279043190268,2024-09-13
2024-10-05,Championship,Burnley,Preston,D,0.770289737407068,0.1520915743994836,0.07761868819344869,0.5365547611155832,0.2791325346844074,0.18431270420000945,2024-09-13
2024-10-05,Championship,Norwich,Hull,H,0.5206877069733565,0.236755574075774,0.24255671895086922,0.4714840933471679,0.2523609376923483,0.276154968960484,2024-09-13
2024-10-05,Championship,Portsmouth,Oxford,D,0.3580881400180954,0.18792786901112613,0.4539839909707786,0.3668842924049006,0.2908632228074888,0.3422524847876105,2024-09-13
2024-10-05,Championship,Coventry,Sheffield Weds,A,0.5796994353196021,0.2304922827188481,0.18980828196154947,0.5429092556315867,0.25364264436331346,0.20344810000509983,2024-09-13
2024-10-05,Championship,Derby,QPR,H,0.4624697439158339,0.2640268635327647,0.27350339255140155,0.42311974478836706,0.29273239140947444,0.28414786380215845,2024-09-13
2024-10-05,Championship,Plymouth,Blackburn,H,0.3670880294047158,0.25203493091887746,0.3808770396764067,0.2993544906545383,0.2746917627312951,0.42595374661416674,2024-09-13
2024-10-05,Championship,Sheffield United,Luton,H,0.5559230724666149,0.2628057903406991,0.18127113719268612,0.4901170156247871,0.26970126278794154,0.24018172158727136,2024-09-13
2024-10-05,Championship,Watford,Middlesbrough,H,0.4077859264105313,0.25298472705489666,0.3392293465345718,0.26892295288765944,0.2507619223030383,0.4803151248093023,2024-09-13
2024-10-05,Championship,West Brom,Millwall,D,0.515986906811431,0.26689768537035186,0.21711540781821687,0.5144418323908762,0.2771205286231654,0.20843763898595846,2024-09-13
2024-10-06,Championship,Bristol City,Cardiff,D,0.5072641891263436,0.25228481993047347,0.24045099094318298,0.5551253997643494,0.24894798855411548,0.19592661168153513,2024-09-13
2024-10-18,Championship,Leeds,Sheffield United,H,0.4209956330487217,0.3020121769611865,0.2769921899900918,0.510630020367531,0.2601322745268554,0.2292377051056137,2024-10-18
2024-10-19,Championship,QPR,Portsmouth,A,0.5518775592102938,0.2204916730623367,0.22763076772736948,0.5038612143742256,0.2607583643122677,0.2353804213135068,2024-10-18
2024-10-19,Championship,Millwall,Derby,D,0.4436431550286946,0.2875839448241544,0.268772900147151,0.4859193963967898,0.2948108533017109,0.21926975030149926,2024-10-18
2024-10-19,Championship,Stoke,Norwich,D,0.3351963518281722,0.26250644610878165,0.40229720206304626,0.3841387856257744,0.2688971499380421,0.3469640644361834,2024-10-18
2024-10-19,Championship,Sheffield Weds,Burnley,A,0.13364961711294407,0.23642064476620134,0.6299297381208547,0.3670624677336087,0.30665978316985026,0.326277749096541,2024-10-18
2024-10-19,Championship,Middlesbrough,Bristol City,A,0.5433022027386732,0.2403687148015105,0.21632908245981622,0.5883198057542134,0.22648931489129343,0.18519087935449327,2024-10-18
2024-10-19,Championship,Cardiff,Plymouth,H,0.386095902880511,0.26420606331396207,0.34969803380552705,0.4584779055429702,0.2586599948384136,0.2828620996186161,2024-10-18
2024-10-19,Championship,Preston,Coventry,H,0.35905630494356117,0.27063002684877097,0.3703136682076679,0.30920059163807856,0.3005583390767658,0.3902410692851557,2024-10-18
2024-10-19,Championship,Oxford,West Brom,D,0.4069261820385144,0.2716236092131504,0.32145020874833535,0.24551914233475536,0.2755969859826029,0.4788838716826417,2024-10-18
2024-10-19,Championship,Luton,Watford,H,0.4000309406303253,0.2746988237925273,0.3252702355771474,0.4761811649109085,0.27076968200816365,0.2530491530809278,2024-10-18
2024-10-19,Championship,Blackburn,Swansea,H,0.43366747415563156,0.25673704270908126,0.30959548313528695,0.46008445606273873,0.2654333400361954,0.27448220390106576,2024-10-18
2024-10-20,Championship,Hull,Sunderland,A,0.38585588756581446,0.26626712574780864,0.34787698668637673,0.3294429951027507,0.27360519932262345,0.39695180557462584,2024-10-18
2024-10-22,Championship,Cardiff,Portsmouth,H,0.5244216224440664,0.2254342677990709,0.2501441097568625,0.5328778397180081,0.25182999736020745,0.2152921629217845,2024-10-18
2024-10-22,Championship,Leeds,Watford,H,0.6300910371411874,0.21468508050754495,0.1552238823512677,0.7258943294883138,0.17426705022011868,0.09983862029156747,2024-10-18
2024-10-22,Championship,Oxford,Derby,D,0.5409635335968116,0.2434395448459606,0.21559692155722787,0.3653003602375621,0.28896894168045956,0.3457306980819784,2024-10-18
2024-10-22,Championship,Preston,Norwich,D,0.30846753480428085,0.2550899012124129,0.4364425639833065,0.3309229305423407,0.29471251868968334,0.37436455076797615,2024-10-18
2024-10-22,Championship,Sheffield Weds,Swansea,D,0.3494477927052495,0.2696169928652827,0.38093521442946776,0.46678178164010536,0.2841877317632406,0.24903048659665417,2024-10-18
2024-10-22,Championship,Stoke,Bristol City,D,0.43191196796403936,0.2802757806050317,0.2878122514309289,0.4207550857778647,0.27492519809349114,0.3043197161286442,2024-10-18
2024-10-22,Championship,QPR,Coventry,D,0.33563385117987254,0.26842193750482574,0.3959442113153018,0.32801822323462415,0.2879921900423039,0.38398958672307193,2024-10-18
2024-10-23,Championship,Millwall,Plymouth,H,0.4721749590243673,0.26933559505065174,0.258489445924981,0.6019590450032543,0.2287730337304529,0.1692679212662929,2024-10-18
2024-10-23,Championship,Luton,Sunderland,A,0.3616679206152216,0.28448440987572843,0.35384766950904983,0.3707604803033495,0.29323783442174006,0.3360016852749105,2024-10-18
2024-10-23,Championship,Middlesbrough,Sheffield United,H,0.3102895893346752,0.29138097485066244,0.3983294358146622,0.4999395883956021,0.2539166856851347,0.24614372591926326,2024-10-18
2024-10-23,Championship,Blackburn,West Brom,D,0.3381104866099109,0.2715636603199028,0.3903258530701864,0.3532727400831395,0.2960144672256276,0.3507127926912328,2024-10-18
2024-10-23,Championship,Hull,Burnley,D,0.18013236352350187,0.2565933683619888,0.5632742681145095,0.3120416827479738,0.29313006561173294,0.39482825164029334,2024-10-18
2024-10-25,Championship,Portsmouth,Sheffield Weds,A,0.3793497805844316,0.24044234765887967,0.38020787175668874,0.2540469927798471,0.2750366303599484,0.47091637686020443,2024-10-18
2024-10-26,Championship,West Brom,Cardiff,D,0.6262200164054976,0.22483758796194422,0.14894239563255807,0.5165519259399789,0.2603644478457576,0.22308362621426342,2024-10-18
2024-10-26,Championship,Swansea,Millwall,A,0.43784395760189737,0.2811211213616571,0.28103492103644545,0.37992413189378466,0.30755763058068275,0.3125182375255325,2024-10-18
2024-10-26,Championship,Sunderland,Oxford,H,0.42865202599491936,0.2630710686656616,0.3082769053394191,0.6020572961959898,0.23494918875941068,0.1629935150445996,2024-10-18
2024-10-26,Championship,Plymouth,Preston,D,0.4455820514884339,0.26206904998490255,0.2923488985266637,0.30646545120269647,0.2916960318676268,0.4018385169296767,2024-10-18
2024-10-26,Championship,Sheffield United,Stoke,H,0.6016153430582966,0.2546316127808365,0.143753044160867,0.5510772085352025,0.25048964024327386,0.19843315122152352,2024-10-18
2024-10-26,Championship,Burnley,QPR,D,0.7485143530905879,0.17730459335718493,0.07418105355222715,0.5699943007322613,0.2624769395742566,0.16752875969348202,2024-10-18
2024-10-26,Championship,Watford,Blackburn,H,0.4742303302129465,0.2488549248648078,0.2769147449222456,0.39806138933764135,0.2878836833602585,0.31405492730210016,2024-10-18
2024-10-26,Championship,Coventry,Luton,H,0.4787785786524517,0.2636372346273458,0.2575841867202026,0.41921627136989026,0.2743313277236393,0.3064524009064704,2024-10-18
2024-10-26,Championship,Bristol City,Leeds,D,0.22701289331159633,0.25753861715682946,0.5154484895315744,0.23454036002499612,0.2699179562298838,0.49554168374512003,2024-10-18
2024-10-26,Championship,Derby,Hull,D,0.4091955225271943,0.26709421462463434,0.3237102628481711,0.4302758135326251,0.27899728543181745,0.29072690103555754,2024-10-18
2024-10-27,Championship,Norwich,Middlesbrough,D,0.47650244009597015,0.2377274456166,0.2857701142874298,0.3315621316576401,0.2667111362094515,0.4017267321329083,2024-10-18
2024-11-01,Championship,Luton,West Brom,D,0.32079996330518157,0.2908313573481882,0.3883686793466303,0.3720611475454394,0.2836829863982822,0.34425586605627845,2024-10-18
2024-11-02,Championship,Middlesbrough,Coventry,A,0.4937935118918732,0.24442601154419188,0.2617804765639349,0.5334339928085551,0.2372274022072444,0.22933860498420067,2024-10-18
2024-11-02,Championship,QPR,Sunderland,D,0.308698882491363,0.2750410918616608,0.41626002564697634,0.2496357964093194,0.27445753752956425,0.47590666606111637,2024-10-18
2024-11-02,Championship,Preston,Bristol City,A,0.40667547403978827,0.2782170354538632,0.3151074905063487,0.36678489545570336,0.309364895847622,0.3238502086966746,2024-10-18
2024-11-02,Championship,Leeds,Plymouth,H,0.6995658470409939,0.18401831820821138,0.11641583475079471,0.8440729060723353,0.10493381820310384,0.05099327572456079,2024-10-18
2024-11-02,Championship,Sheffield Weds,Watford,A,0.3390889222474199,0.2663926960458494,0.39451838170673065,0.5272029498081119,0.25934983821205504,0.21344721197983293,2024-10-18
2024-11-02,Championship,Cardiff,Norwich,H,0.2626129550640014,0.24390511976073387,0.4934819251752645,0.4264247414712451,0.2623263314741806,0.3112489270545744,2024-10-18
2024-11-02,Championship,Stoke,Derby,H,0.43446179308929084,0.2811992135501588,0.28433899336055024,0.4000674365674788,0.28559386327235947,0.31433870016016185,2024-10-18
2024-11-02,Championship,Oxford,Swansea,A,0.5090130149072455,0.2453899822652248,0.24559700282752975,0.29347206060191205,0.29616446482761766,0.4103634745704703,2024-10-18
2024-11-02,Championship,Blackburn,Sheffield United,A,0.2499218673673076,0.2815802214394239,0.4684979111932685,0.3576924424103025,0.2910950507303062,0.35121250685939126,2024-10-18
2024-11-02,Championship,Hull,Portsmouth,D,0.6503124434983198,0.18507253032301457,0.16461502617866558,0.5976857952596711,0.22378468148094663,0.1785295232593823,2024-10-18
2024-11-03,Championship,Millwall,Burnley,H,0.17712953209035048,0.2873329525001945,0.5355375154094548,0.3422422331572073,0.32943725164452264,0.32832051519827005,2024-10-18
2024-11-05,Championship,Bristol City,Sheffield United,A,0.2317651404838757,0.2919297442034527,0.47630511531267156,0.30547956090860584,0.28068701683486397,0.4138334222565302,2024-10-18
2024-11-05,Championship,Oxford,Hull,H,0.5219138043622127,0.23851762910407692,0.23956856653371028,0.3162445099110048,0.2871537686432269,0.39660172144576833,2024-10-18
2024-11-05,Championship,QPR,Middlesbrough,A,0.29868029150637626,0.2605882142467622,0.4407314942468614,0.21977032199954968,0.25182016062448404,0.5284095173759664,2024-10-18
2024-11-05,Championship,Sheffield Weds,Norwich,H,0.2800153886550693,0.24673855241512788,0.4732460589298028,0.43801601039309984,0.28139982063045077,0.28058416897644944,2024-10-18
2024-11-05,Championship,Plymouth,Portsmouth,H,0.5988068052674529,0.20040869801170122,0.20078449672084595,0.40172594042844373,0.271193141857857,0.3270809177136991,2024-10-18
2024-11-05,Championship,Swansea,Watford,H,0.4310355053346824,0.2603385388878922,0.3086259557774255,0.48294692602270056,0.26682150608988986,0.25023156788740963,2024-10-18
2024-11-06,Championship,Blackburn,Stoke,A,0.4542699650367608,0.26508927722193204,0.28064075774130726,0.4560571614160441,0.2708238605607881,0.2731189780231677,2024-10-18
2024-11-06,Championship,Coventry,Derby,A,0.4985656519105889,0.2554903368531108,0.24594401123630039,0.6148784542590419,0.23545345687480387,0.14966808886615438,2024-10-18
2024-11-06,Championship,Millwall,Leeds,H,0.24178152378692178,0.27832560271973456,0.4798928734933436,0.19946973263622172,0.2758381445598037,0.5246921228039745,2024-10-18
2024-11-06,Championship,Luton,Cardiff,H,0.5153347078410767,0.2616538715637247,0.22301142059519863,0.5084031689334615,0.2653752804872464,0.22622155057929202,2024-10-18
2024-11-06,Championship,Preston,Sunderland,D,0.33082431001143325,0.2784383119380865,0.39073737805048037,0.3494552260860999,0.3132656881095459,0.33727908580435423,2024-10-18
2024-11-07,Championship,West Brom,Burnley,D,0.2435231708344485,0.3037157696925131,0.45276105947303863,0.393226629552308,0.31004407330085826,0.2967292971468337,2024-10-18
2024-11-08,Championship,Watford,Oxford,H,0.3975126184118691,0.258086024572443,0.34440135701568797,0.5479806290845832,0.26066105599699085,0.19135831491842586,2024-10-18
2024-11-09,Championship,Sunderland,Coventry,D,0.46692058951620924,0.2596850321447188,0.273394378339072,0.4260408304134811,0.28783115626148875,0.28612801332503024,2024-10-18
2024-11-09,Championship,Portsmouth,Preston,H,0.3443997542043987,0.24291413054751687,0.4126861152480845,0.33170041580611914,0.3055410770201476,0.36275850717373337,2024-10-18
2024-11-09,Championship,Leeds,QPR,H,0.7102499813170315,0.1849626857836864,0.1047873328992817,0.7506900291884552,0.1691695840424688,0.08014038676907612,2024-10-18
2024-11-09,Championship,Norwich,Bristol City,A,0.5696167546317343,0.22717714863740573,0.2032060967308599,0.4420300230183817,0.27737700584821084,0.2805929711334075,2024-10-18
2024-11-09,Championship,Stoke,Millwall,D,0.4007489609350531,0.29849144718341664,0.30075959188153034,0.4085632317475073,0.2997816901676757,0.29165507808481705,2024-10-18
2024-11-09,Championship,Middlesbrough,Luton,H,0.5252182357238042,0.24976959190371584,0.2250121723724801,0.6183264235552923,0.22328454183941113,0.15838903460529657,2024-10-18
2024-11-09,Championship,Cardiff,Blackburn,A,0.34485921888892723,0.26380577859309,0.3913350025179828,0.4083275297126351,0.2805032595417233,0.3111692107456416,2024-10-18
2024-11-09,Championship,Derby,Plymouth,D,0.4576244464594799,0.2604618227946128,0.28191373074590725,0.5596429005363436,0.24431111393972355,0.19604598552393296,2024-10-18
2024-11-10,Championship,Sheffield United,Sheffield Weds,H,0.6699995344351094,0.21754641119795912,0.11245405436693139,0.5387914077820053,0.2671569584293046,0.19405163378869006,2024-10-18
2024-11-10,Championship,Hull,West Brom,A,0.341921519293549,0.27308298190362956,0.38499549880282136,0.3159744704467672,0.28776246415687723,0.3962630653963556,2024-10-18
2024-11-10,Championship,Burnley,Swansea,H,0.6869747447280086,0.20751739492653148,0.10550786034545993,0.4811329486902595,0.2852735182499768,0.23359353305976366,2024-10-18
2024-11-22,Championship,Plymouth,Watford,D,0.3366907548722852,0.2542669222307827,0.4090423228969318,0.28945553778664596,0.2670667116595021,0.44347775055385197,2024-11-22
2024-11-23,Championship,West Brom,Norwich,D,0.4844331892396082,0.2560528961104764,0.2595139146499154,0.50823060117177,0.2624016690832508,0.22936772974497935,2024-11-22
2024-11-23,Championship,QPR,Stoke,D,0.35528377657986576,0.2885549338661475,0.3561612895539866,0.3261576797951131,0.2832421956115456,0.3906001245933412,2024-11-22
2024-11-23,Championship,Preston,Derby,D,0.39275310101474853,0.2786298545504932,0.3286170444347584,0.40148470576494205,0.3061956142068071,0.2923196800282509,2024-11-22
2024-11-23,Championship,Oxford,Middlesbrough,A,0.35506433093668394,0.26780245314639545,0.37713321591692056,0.21250935154571998,0.24241016482853486,0.5450804836257451,2024-11-22
2024-11-23,Championship,Sheffield Weds,Cardiff,D,0.4282919534912532,0.2696984240207068,0.30200962248803986,0.47681319786741777,0.278141032089327,0.24504577004325515,2024-11-22
2024-11-23,Championship,Luton,Hull,H,0.42540894320529415,0.2647429443274043,0.30984811246730154,0.44825779407911975,0.27822897563531573,0.2735132302855646,2024-11-22
2024-11-23,Championship,Coventry,Sheffield United,D,0.2720628552192026,0.2938026512423799,0.43413449353841743,0.3726137332207255,0.294466780052853,0.33291948672642147,2024-11-22
2024-11-23,Championship,Bristol City,Burnley,A,0.1841908022545623,0.2950620112196441,0.5207471865257935,0.32365427134099645,0.3111660036365207,0.3651797250224828,2024-11-22
2024-11-23,Championship,Millwall,Sunderland,D,0.3632614520160006,0.3063831380091657,0.33035540997483387,0.4342910715270502,0.30745050460486406,0.25825842386808584,2024-11-22
2024-11-24,Championship,Swansea,Leeds,A,0.2379426695595304,0.27124581740383047,0.490811513036639,0.22234319005126016,0.26437519036232027,0.5132816195864197,2024-11-22
2024-11-26,Championship,Watford,Bristol City,H,0.46510387446127444,0.25982765460665963,0.2750684709320659,0.4079948440044389,0.2810894710146862,0.31091568498087474,2024-11-22
2024-11-26,Championship,Sunderland,West Brom,D,0.38753417872481805,0.29782495479654963,0.3146408664786323,0.45400127269916485,0.29482399721012836,0.25117473009070673,2024-11-22
2024-11-26,Championship,Sheffield United,Oxford,H,0.5900716823934863,0.2646882200307168,0.14524009757579673,0.6749434356326507,0.20891106341010615,0.11614550095724313,2024-11-22
2024-11-26,Championship,Stoke,Preston,D,0.4744417168493575,0.26985460652283183,0.2557036766278108,0.49268617021276595,0.2652925531914893,0.24202127659574466,2024-11-22
2024-11-26,Championship,Hull,Sheffield Weds,A,0.5211756204303388,0.2483534782395295,0.23047090133013173,0.39491232403062476,0.2949802420350704,0.31010743393430473,2024-11-22
2024-11-26,Championship,Burnley,Coventry,H,0.6400495161084436,0.2374959769265246,0.12245450696503202,0.437742091523058,0.29051352019998744,0.2717443882769546,2024-11-22
2024-11-26,Championship,Norwich,Plymouth,H,0.6201538469173402,0.20115668530536923,0.17868946777729036,0.6695424915934751,0.1963627673919764,0.13409474101454857,2024-11-22
2024-11-27,Championship,Cardiff,QPR,A,0.4399404604018247,0.27525273227406166,0.2848068073241137,0.46794490877317596,0.2824040703091761,0.24965102091764801,2024-11-22
2024-11-27,Championship,Leeds,Luton,H,0.6746256380643215,0.2034384983003481,0.12193586363533024,0.6565677069469684,0.2198529679298505,0.123579325123181,2024-11-22
2024-11-27,Championship,Middlesbrough,Blackburn,A,0.5457483923714667,0.2296217301181534,0.22462987751037983,0.5458138926241122,0.2385408864060935,0.21564522096979433,2024-11-22
2024-11-27,Championship,Derby,Swansea,A,0.40019011308752245,0.2820688366791531,0.31774105023332455,0.36246868273404137,0.30149264264794096,0.3360386746180175,2024-11-22
2024-11-29,Championship,Sheffield United,Sunderland,H,0.5211098089435857,0.2882027018082642,0.19068748924815007,0.46506643806258036,0.28367688890620735,0.25125667303121224,2024-11-22
2024-11-30,Championship,Swansea,Portsmouth,D,0.6130927702999269,0.21147581704784815,0.17543141265222487,0.51687795496434,0.2619408606458851,0.2211811843897748,2024-11-22
2024-11-30,Championship,Stoke,Burnley,A,0.1739163422069706,0.29669821971379196,0.5293854380792372,0.3006274563883334,0.2960307062906525,0.40334183732101403,2024-11-22
2024-11-30,Championship,Preston,West Brom,D,0.2788361243959458,0.2846476672410198,0.4365162083630343,0.3113507268701261,0.2934244728988158,0.395224800231058,2024-11-22
2024-11-30,Championship,Norwich,Luton,H,0.5444576229730226,0.22923123953491972,0.22631113749205772,0.4461843597213057,0.2682050029349677,0.28561063734372666,2024-11-22
2024-11-30,Championship,Coventry,Cardiff,D,0.5621254994250787,0.23511269926723094,0.20276180130769023,0.5609104002621843,0.2417959620177837,0.1972936377200321,2024-11-22
2024-11-30,Championship,Blackburn,Leeds,H,0.2234006901706292,0.2555986986165204,0.5210006112128504,0.1871345029239766,0.2514619883040936,0.5614035087719299,2024-11-22
2024-11-30,Championship,Watford,QPR,D,0.5557723070226616,0.24243774322650646,0.2017899497508319,0.5453238139848497,0.2540060923034695,0.20067009371168068,2024-11-22
2024-11-30,Championship,Oxford,Millwall,D,0.3861310804456681,0.30864236450192545,0.30522655505240637,0.2510241279122228,0.2973670438344793,0.451608828253298,2024-11-22
2024-11-30,Championship,Middlesbrough,Hull,H,0.5426996630684674,0.23098188105558928,0.2263184558759432,0.5776431249811416,0.23133429705479772,0.1910225779640607,2024-11-22
2024-11-30,Championship,Bristol City,Plymouth,H,0.5323093474926277,0.2425854398720962,0.22510521263527639,0.6878302096657584,0.18662059952171736,0.12554919081252433,2024-11-22
2024-12-01,Championship,Derby,Sheffield Weds,A,0.49995124746614134,0.2614258120890458,0.2386229404448131,0.36815269150124436,0.3133467892065607,0.3185005192921949,2024-11-22
2024-12-06,Championship,Burnley,Middlesbrough,D,0.6157104678200327,0.2432623016698448,0.1410272305101225,0.37962000630598025,0.29877500496303994,0.3216049887309799,2024-11-22
2024-12-07,Championship,QPR,Norwich,H,0.2979990148039763,0.2538401444174619,0.44816084077856166,0.27638641399227226,0.2694575066777028,0.4541560793300249,2024-11-22
2024-12-07,Championship,Portsmouth,Bristol City,H,0.30455104655382165,0.248045923108393,0.44740303033778545,0.25857004355564556,0.2895365158377589,0.4518934406065956,2024-11-22
2024-12-07,Championship,Millwall,Coventry,A,0.4065110821125797,0.28550564109767684,0.30798327678974347,0.31945281379860857,0.3082617916591669,0.3722853945422246,2024-11-22
2024-12-07,Championship,Luton,Swansea,D,0.40123108324921186,0.27535130262088586,0.32341761412990233,0.40989670946969414,0.2820280566613638,0.30807523386894203,2024-11-22
2024-12-07,Championship,Sunderland,Stoke,H,0.5064831398787635,0.268966238957752,0.22455062116348437,0.5544602965365187,0.24864972061173785,0.1968899828517434,2024-11-22
2024-12-07,Championship,Sheffield Weds,Preston,D,0.4087484971391757,0.27145989215600375,0.3197916107048207,0.45865968235163984,0.29062220112971776,0.2507181165186425,2024-11-22
2024-12-07,Championship,Leeds,Derby,H,0.6619865815694723,0.2128386380638664,0.12517478036666121,0.698615572649495,0.20127129232908203,0.10011313502142294,2024-11-22
2024-12-07,Championship,Hull,Blackburn,A,0.44545101455551345,0.25879163828415197,0.29575734716033464,0.3668108057841633,0.28232668433533264,0.35086250988050405,2024-11-22
2024-12-08,Championship,West Brom,Sheffield United,D,0.31407277878511275,0.33048473697751946,0.35544248423736796,0.40505661156550765,0.29335918231562524,0.30158420611886705,2024-11-22
2024-12-10,Championship,Sunderland,Bristol City,D,0.4946775726640344,0.26727263897984344,0.23804978835612217,0.49590749642717935,0.2786800051968299,0.2254124983759906,2024-11-22
2024-12-10,Championship,Sheffield Weds,Blackburn,A,0.3640264372247333,0.2675920233450416,0.3683815394302248,0.41744640038665737,0.2925908304824909,0.28996276913085184,2024-11-22
2024-12-10,Championship,Portsmouth,Norwich,D,0.25259158223144507,0.21630591101734406,0.5311025067512112,0.2946500824216994,0.27771616963884305,0.4276337479394575,2024-11-22
2024-12-10,Championship,Leeds,Middlesbrough,H,0.5984307511765387,0.22406199061816737,0.1775072582052941,0.5396928041966705,0.2569282232744788,0.20337897252885057,2024-11-22
2024-12-10,Championship,Luton,Stoke,H,0.4225750269080526,0.27634548549734456,0.3010794875946029,0.500018313859596,0.27184094246451274,0.22814074367589127,2024-11-22
2024-12-10,Championship,Burnley,Derby,D,0.6658009900720365,0.23325730926806046,0.10094170065990292,0.5843602236164537,0.2693280360243432,0.14631174035920314,2024-11-22
2024-12-10,Championship,Plymouth,Swansea,A,0.34944871579555975,0.26651259883220446,0.384038685372236,0.20419430005377306,0.25205233912887615,0.5437533608173508,2024-11-22
2024-12-11,Championship,Cardiff,Preston,A,0.41545745802196715,0.27223198448349406,0.3123105574945385,0.4031426833327595,0.31312053074389085,0.2837367859233497,2024-11-22
2024-12-11,Championship,Hull,Watford,D,0.407597480688988,0.2605627659169448,0.3318397533940671,0.40649965630489576,0.2853891392347056,0.3081112044603987,2024-11-22
2024-12-11,Championship,Millwall,Sheffield United,A,0.24799646291921007,0.3295995148668996,0.4224040222138905,0.34581497797356825,0.3083700440528634,0.34581497797356825,2024-11-22
2024-12-11,Championship,QPR,Oxford,H,0.3500056664259493,0.29240133101921983,0.3575930025548309,0.5125625038582629,0.2669300574109513,0.22050743873078585,2024-11-22
2024-12-11,Championship,West Brom,Coventry,H,0.49759136633215356,0.26423145684119925,0.23817717682664727,0.38449032677613393,0.2936107949926841,0.3218988782311819,2024-11-22
2024-12-13,Championship,Derby,Portsmouth,H,0.5807530482068448,0.22229272444964582,0.1969542273435092,0.4788713092456437,0.2913614592398194,0.2297672315145369,2024-11-22
2024-12-14,Championship,Swansea,Sunderland,A,0.36909019120461556,0.28621770319560574,0.3446921055997788,0.34088706904635396,0.29515831588159913,0.363954615072047,2024-11-22
2024-12-14,Championship,Stoke,Cardiff,D,0.49397366391638026,0.2658477164697514,0.24017861961386835,0.48823115301031494,0.27541244528786996,0.23635640170181504,2024-11-22
2024-12-14,Championship,Sheffield United,Plymouth,H,0.6865756377863843,0.20601442401147085,0.10740993820214481,0.7079780085522296,0.18235797189981673,0.10966401954795359,2024-11-22
2024-12-14,Championship,Oxford,Sheffield Weds,A,0.5033264105405764,0.26546033352745824,0.23121325593196584,0.25333571556190815,0.28801858138288366,0.45864570305520813,2024-11-22
2024-12-14,Championship,Blackburn,Luton,H,0.45400179189448453,0.26040020166040356,0.28559800644511163,0.42596545992773827,0.2819071702728763,0.2921273697993855,2024-11-22
2024-12-14,Championship,Preston,Leeds,D,0.18865186679667711,0.24770089195749373,0.5636472412458291,0.15479876160990713,0.24148606811145515,0.6037151702786379,2024-11-22
2024-12-14,Championship,Middlesbrough,Millwall,H,0.4906998716014671,0.26456436851871895,0.24473575987981383,0.5828336901295518,0.25021394923299517,0.16695236063745306,2024-11-22
2024-12-14,Championship,Coventry,Hull,H,0.49253612615503484,0.24811652164371228,0.25934735220125305,0.5632490662202487,0.2401885045477869,0.19656242923196435,2024-11-22
2024-12-14,Championship,Bristol City,QPR,D,0.5204096566297982,0.2599806611593719,0.2196096822108298,0.5390189854464874,0.2680122177636701,0.19296879678984252,2024-11-22
2024-12-15,Championship,Watford,West Brom,H,0.3575380851366831,0.28258724001758145,0.3598746748457353,0.3694356461905728,0.29330951303615177,0.3372548407732755,2024-11-22
2024-12-15,Championship,Norwich,Burnley,A,0.22296974506090778,0.2807780248123887,0.4962522301267035,0.3363482193329565,0.30751837196156023,0.3561334087054833,2024-11-22
2024-12-20,Championship,Luton,Derby,H,0.42940312406857173,0.27348760624398966,0.2971092696874386,0.4579996075563246,0.29734743752118303,0.24465295492249234,2024-11-22
2024-12-21,Championship,Sunderland,Norwich,H,0.4573618796398665,0.25349618403546625,0.28914193632466706,0.5000784423682253,0.2673549567231786,0.23256660090859627,2024-11-22
2024-12-21,Championship,QPR,Preston,H,0.4017321899014533,0.27937394084018186,0.3188938692583649,0.3485486983576858,0.32298846047812213,0.328462841164192,2024-11-22
2024-12-21,Championship,Plymouth,Middlesbrough,D,0.2930093626281705,0.24056243967584015,0.46642819769598937,0.16682280847057968,0.19881151195050528,0.6343656795789149,2024-11-22
2024-12-21,Championship,Millwall,Blackburn,H,0.44748969618682377,0.2835412201108572,0.268969083702319,0.4223541308752711,0.30130559492348,0.2763402742012488,2024-11-22
2024-12-21,Championship,Leeds,Oxford,H,0.6455808640217418,0.22349887621027342,0.13092025976798477,0.8284172269104182,0.1227284780608027,0.04885429502877911,2024-11-22
2024-12-21,Championship,Burnley,Watford,H,0.6449242270841776,0.23605306386167516,0.11902270905414694,0.5557308631921825,0.26419991856677527,0.18006921824104236,2024-11-22
2024-12-21,Championship,Sheffield Weds,Stoke,H,0.3611566552424107,0.2805807597530554,0.358262585004534,0.5186113741243233,0.25725313544953243,0.22413549042614436,2024-11-22
2024-12-21,Championship,Portsmouth,Coventry,H,0.2756121996274234,0.23286072207356703,0.4915270782990096,0.21187057258449948,0.2465501547978191,0.5415792726176814,2024-11-22
2024-12-21,Championship,Hull,Swansea,H,0.4177987128080168,0.27086875226521995,0.3113325349267633,0.39931624854018677,0.29194722702938125,0.3087365244304319,2024-11-22
2024-12-21,Championship,Cardiff,Sheffield United,A,0.19021637835780728,0.27872388043667967,0.5310597412055129,0.312147781889655,0.28799348924343166,0.3998587288669134,2024-11-22
2024-12-22,Championship,West Brom,Bristol City,H,0.52064969636328,0.2711327552250659,0.20821754841165416,0.43402897073003144,0.3015216837158785,0.26444934555409016,2024-12-22
2024-12-26,Championship,Swansea,QPR,H,0.4970598516863529,0.2648626133577028,0.23807753495594425,0.5104888797257944,0.2788508620467489,0.2106602582274566,2024-12-22
2024-12-26,Championship,Stoke,Leeds,A,0.19947112693702915,0.2594072472806518,0.5411216257823188,0.13585809849364586,0.21422613303675112,0.6499157684696031,2024-12-22
2024-12-26,Championship,Derby,West Brom,H,0.3144845686882332,0.2980890068310282,0.38742642448073883,0.3135566325671054,0.3208245015338926,0.3656188658990021,2024-12-22
2024-12-26,Championship,Watford,Portsmouth,H,0.5893287293405076,0.21285980686848643,0.19781146379100603,0.5062786211964152,0.26565718859482224,0.22806419020876248,2024-12-22
2024-12-26,Championship,Preston,Hull,H,0.4158292950593412,0.2766042289902024,0.3075664759504564,0.411708757219056,0.2986159195878955,0.2896753231930484,2024-12-22
2024-12-26,Championship,Sheffield United,Burnley,A,0.3078785918205298,0.3841899568416518,0.3079314513378184,0.39060932895122596,0.31761020845870175,0.2917804625900724,2024-12-22
2024-12-26,Championship,Norwich,Millwall,H,0.49004403005215713,0.26368897470192026,0.2462669952459228,0.4139569671511892,0.3084902239279562,0.2775528089208546,2024-12-22
2024-12-26,Championship,Blackburn,Sunderland,D,0.3691021959006867,0.28868496181103337,0.3422128422882801,0.3170978212279645,0.2975841091523974,0.3853180696196381,2024-12-22
2024-12-26,Championship,Bristol City,Luton,H,0.47400868354447034,0.2666341684587757,0.2593571479967539,0.47353643716213384,0.2849599798851779,0.24150358295268826,2024-12-22
2024-12-26,Championship,Oxford,Cardiff,H,0.37697307404308056,0.2645336792488892,0.35849324670803023,0.35086107380969217,0.3045209319857705,0.3446179942045375,2024-12-22
2024-12-26,Championship,Middlesbrough,Sheffield Weds,D,0.6043641776449293,0.21515567061186125,0.18048015174320955,0.5163959863452984,0.25147408710044483,0.2321299265542567,2024-12-22
2024-12-26,Championship,Coventry,Plymouth,H,0.6108687250075783,0.2058106025677106,0.18332067242471123,0.7381067548664584,0.159923130221066,0.10197011491247567,2024-12-22
2024-12-29,Championship,Norwich,QPR,D,0.5783259953871439,0.22569564113179458,0.19597836348106143,0.5811460079969044,0.23819811685799044,0.18065587514510512,2024-12-22
2024-12-29,Championship,Preston,Sheffield Weds,H,0.4406231749482987,0.27500568876490217,0.28437113628679905,0.33623821042761576,0.31542867948909886,0.34833311008328544,2024-12-22
2024-12-29,Championship,Sheffield United,West Brom,D,0.5134500997942067,0.29861852334072614,0.1879313768650669,0.4674767993074105,0.2862949628894496,0.24622823780313985,2024-12-22
2024-12-29,Championship,Bristol City,Portsmouth,H,0.5459835770595516,0.23083284795493358,0.2231835749855149,0.5925861757069733,0.24087667491330833,0.16653714937971834,2024-12-22
2024-12-29,Championship,Coventry,Millwall,D,0.43659456209863345,0.28752475102051916,0.2758806868808473,0.5164125588995891,0.2759118528977805,0.20767558820263046,2024-12-22
2024-12-29,Championship,Oxford,Plymouth,H,0.4085163636158342,0.2439161494307776,0.3475674869533884,0.4878662118563174,0.2675831300486173,0.24455065809506538,2024-12-22
2024-12-29,Championship,Stoke,Sunderland,H,0.3269762408544337,0.2934650866981045,0.3795586724474618,0.2825246119105997,0.2841865213924268,0.4332888666969736,2024-12-22
2024-12-29,Championship,Swansea,Luton,H,0.48800051890524804,0.2565635500427827,0.2554359310519692,0.4788065257704035,0.268663661682282,0.2525298125473146,2024-12-22
2024-12-29,Championship,Watford,Cardiff,A,0.5681177430754023,0.23816519115387258,0.19371706577072528,0.5009687936039784,0.2731270541400221,0.22590415225599958,2024-12-22
2024-12-29,Championship,Derby,Leeds,A,0.20986837838490435,0.26192359700100587,0.5282080246140897,0.1626553354032089,0.24460068159368628,0.5927439830031048,2024-12-22
2024-12-29,Championship,Middlesbrough,Burnley,D,0.22809839834471923,0.29441640681857034,0.4774851948367106,0.36953893434631013,0.2942832851025327,0.33617778055115716,2024-12-22
2024-12-29,Championship,Blackburn,Hull,A,0.4769631573976578,0.2665931332924838,0.25644370930985855,0.4790160590502861,0.2772528479316842,0.2437310930180297,2024-12-22
2025-01-01,Championship,West Brom,Preston,H,0.5692204165226565,0.255089932199803,0.17568965127754052,0.49576034089441745,0.2860155812852408,0.21822407782034176,2024-12-22
2025-01-01,Championship,Hull,Middlesbrough,A,0.3396526964329018,0.2532306105762148,0.4071166929908831,0.3063674909009042,0.2727102172526359,0.4209222918464598,2024-12-22
2025-01-01,Championship,QPR,Watford,H,0.35188170172666533,0.2810535924848053,0.36706470578852957,0.3699812148753244,0.2991823404238735,0.33083644470080203,2024-12-22
2025-01-01,Championship,Sheffield Weds,Derby,H,0.39788157383280587,0.28212668769033505,0.3199917384768589,0.46496076811527404,0.2979779535599434,0.23706127832478258,2024-12-22
2025-01-01,Championship,Sunderland,Sheffield United,H,0.27654259192741065,0.31854568493610175,0.40491172313648754,0.4696590225406108,0.2896699360579815,0.24067104140140758,2024-12-22
2025-01-01,Championship,Portsmouth,Swansea,H,0.3670020522458187,0.24618908420536742,0.38680886354881383,0.2942521703121444,0.2773895817555745,0.42835824793228106,2024-12-22
2025-01-01,Championship,Plymouth,Bristol City,D,0.33829479520227174,0.2589958652160552,0.4027093395816732,0.19425914753573378,0.24442226917787258,0.5613185832863935,2024-12-22
2025-01-01,Championship,Leeds,Blackburn,D,0.6574392218840911,0.2127393342712958,0.1298214438446128,0.7396327216916113,0.17108941960837987,0.08927785870000882,2024-12-22
2025-01-01,Championship,Cardiff,Coventry,D,0.33510004930185383,0.2639739880778352,0.4009259626203109,0.2888252603586282,0.29231559583124,0.41885914381013184,2024-12-22
2025-01-01,Championship,Burnley,Stoke,D,0.6769904321188371,0.2340151602375578,0.08899440764360501,0.6344123992816754,0.2258329852243903,0.13975461549393428,2024-12-22
2025-01-01,Championship,Millwall,Oxford,A,0.589982309969358,0.24564550322890327,0.16437218680173862,0.5361670505179781,0.27648500325855846,0.18734794622346337,2024-12-22
2025-01-01,Championship,Luton,Norwich,A,0.35666462877514993,0.2476173976685716,0.3957179735562787,0.3498896807575905,0.2963897295714146,0.3537205896709948,2024-12-22
2025-01-04,Championship,Blackburn,Burnley,A,0.18004880109597013,0.3072010011734044,0.5127501977306256,0.27430328132631154,0.31540409872373937,0.4102926199499491,2024-12-22
2025-01-04,Championship,Stoke,Plymouth,D,0.5310423474898911,0.24188292790571164,0.22707472460439707,0.5948560617147158,0.21802416741580083,0.18711977086948345,2024-12-22
2025-01-04,Championship,Swansea,West Brom,D,0.34052756366840675,0.28785125312478377,0.37162118320680976,0.4224116187758575,0.28534590176894203,0.2922424794552005,2024-12-22
2025-01-04,Championship,Bristol City,Derby,H,0.447867457611831,0.28020713112497153,0.2719254112631974,0.5310875346209408,0.26627529284025137,0.20263717253880767,2024-12-22
2025-01-04,Championship,Hull,Leeds,D,0.2025489907500041,0.2503264789060827,0.5471245303439131,0.14389121301590416,0.23008857451230497,0.6260202124717908,2024-12-22
2025-01-04,Championship,Middlesbrough,Cardiff,D,0.6430721633226463,0.20155199350453815,0.15537584317281572,0.6139647680959278,0.22210246219138402,0.1639327697126882,2024-12-22
2025-01-04,Championship,Norwich,Coventry,H,0.5140283488097166,0.22697382868838178,0.2589978225019019,0.46675608354090825,0.27763939452002295,0.25560452193906885,2024-12-22
2025-01-04,Championship,Preston,Oxford,D,0.5608823654354571,0.23777874244420055,0.20133889212034217,0.4935805231474083,0.28453465452027066,0.22188482233232112,2024-12-22
2025-01-04,Championship,Sheffield Weds,Millwall,D,0.3588728857606308,0.3077196513035852,0.333407462935784,0.41142034367125774,0.3169960025008052,0.27158365382793703,2024-12-22
2025-01-04,Championship,Watford,Sheffield United,A,0.24773468157533454,0.29577349249382656,0.45649182593083903,0.3519245875883739,0.30243519245875883,0.34564021995286726,2024-12-22
2025-01-05,Championship,Sunderland,Portsmouth,H,0.6217951376041885,0.21061143892445844,0.16759342347135295,0.6308594931349422,0.21593177281800038,0.15320873404705737,2024-12-22
2025-01-06,Championship,QPR,Luton,H,0.4146443139632821,0.2794847582365114,0.30587092780020625,0.39715352811890015,0.30282956519066134,0.3000169066904385,2024-12-22
2025-01-14,Championship,Cardiff,Watford,D,0.3230227534347072,0.27040606361260827,0.40657118295268474,0.4135245764008344,0.30028246163260586,0.2861929619665598,2024-12-22
2025-01-14,Championship,Plymouth,Oxford,D,0.5206274760622674,0.2291896571560826,0.25018286678165,0.4356984848653275,0.28873153325403794,0.27556998188063453,2024-12-22
2025-01-15,Championship,Blackburn,Portsmouth,H,0.5593270278635457,0.22637712343155397,0.2142958487049002,0.5600072763654554,0.2561735413161126,0.18381918231843192,2024-12-22
2025-01-17,Championship,Burnley,Sunderland,D,0.5860091966820181,0.281480825239358,0.13250997807862386,0.4234573081188,0.31346839691911166,0.2630742949620883,2024-12-22
2025-01-18,Championship,Cardiff,Swansea,H,0.3456779209237062,0.2723258966758706,0.38199618240042316,0.34218716758724477,0.31441223515321515,0.34340059725954,2024-12-22
2025-01-18,Championship,Millwall,Hull,A,0.4514779320164378,0.29521013445708955,0.2533119335264728,0.4415381925217847,0.30795179669513006,0.2505100107830851,2024-12-22
2025-01-18,Championship,Plymouth,QPR,A,0.3922701480496768,0.2635169146990941,0.34421293725122903,0.3518807554237553,0.2897221788668644,0.3583970657093804,2024-12-22
2025-01-18,Championship,Coventry,Bristol City,H,0.46543776965211087,0.26072927021058334,0.2738329601373058,0.38263670592440907,0.2978679587657707,0.31949533530982005,2024-12-22
2025-01-18,Championship,Derby,Watford,A,0.3890135851744876,0.27786792277550326,0.33311849205000926,0.4783528025234844,0.2800790322021561,0.24156816527435962,2024-12-22
2025-01-18,Championship,Luton,Preston,D,0.4516511004101221,0.2700639643521208,0.278284935237757,0.47215421752752057,0.305336323637671,0.22250945883480855,2024-12-22
2025-01-18,Championship,Oxford,Blackburn,H,0.2795570031410626,0.25999393861614406,0.4604490582427937,0.2829507860482606,0.30526551680916447,0.41178369714257507,2024-12-22
2025-01-18,Championship,Portsmouth,Middlesbrough,H,0.29191882097708466,0.22366551686381073,0.4844156621591047,0.2373601767212048,0.2646728545904941,0.4979669686883009,2024-12-22
2025-01-18,Championship,Sheffield United,Norwich,H,0.6043082512827939,0.2335556273595629,0.16213612135764333,0.4784256428231816,0.27691111704952054,0.2446632401272979,2024-12-22
2025-01-18,Championship,West Brom,Stoke,D,0.5485626075178696,0.26532040362875153,0.18611698885337874,0.4881065070689181,0.28013069101346605,0.23176280191761578,2024-12-22
2025-01-19,Championship,Leeds,Sheffield Weds,H,0.7219485546304547,0.18106622661096716,0.0969852187585782,0.6822461029384557,0.1955217490128501,0.1222321480486941,2024-12-22
2025-01-21,Championship,Watford,Preston,A,0.516010958596577,0.25426462167737274,0.2297244197260504,0.4584599326551184,0.289625885599491,0.2519141817453906,2025-01-21
2025-01-21,Championship,Swansea,Sheffield United,A,0.24032729465224414,0.28338867082633745,0.47628403452141843,0.3616052569819291,0.3019009622154423,0.33649378080262843,2025-01-21
2025-01-21,Championship,Millwall,Cardiff,D,0.4846245323628363,0.28853476732067473,0.22684070031648873,0.4209427899426906,0.33270392332240145,0.24635328673490794,2025-01-21
2025-01-21,Championship,Oxford,Luton,H,0.404958960557312,0.26991707511073626,0.3251239643319518,0.2873659741280923,0.3074359786703717,0.40519804720153596,2025-01-21
2025-01-21,Championship,Middlesbrough,West Brom,H,0.4217197227925396,0.2653429975608873,0.31293727964657303,0.4882639352982093,0.2700454167291772,0.24169064797261358,2025-01-21
2025-01-21,Championship,Hull,QPR,A,0.4628475220759118,0.2745234383573332,0.26262903956675493,0.4284213741367879,0.2988371313423273,0.2727414945208847,2025-01-21
2025-01-21,Championship,Derby,Sunderland,A,0.31849046115165003,0.290534178221351,0.3909753606269987,0.23455006143017434,0.2647523981074844,0.5006975404623412,2025-01-21
2025-01-21,Championship,Blackburn,Coventry,A,0.4295536868017582,0.2686836206993626,0.3017626924988792,0.38104158569762925,0.29417800233190833,0.32478041197046253,2025-01-21
2025-01-22,Championship,Leeds,Norwich,H,0.6549345524870871,0.19702901405300485,0.14803643345990808,0.7244166714441322,0.1764604712492117,0.09912285730665595,2025-01-21
2025-01-22,Championship,Portsmouth,Stoke,H,0.4094822341214339,0.2627229812327372,0.32779478464582895,0.3906610366581547,0.303711401539882,0.30562756180196327,2025-01-21
2025-01-22,Championship,Sheffield Weds,Bristol City,D,0.3918192432271639,0.27043099461770914,0.33774976215512714,0.40198282167241695,0.2999314551797291,0.29808572314785386,2025-01-21
2025-01-22,Championship,Plymouth,Burnley,A,0.0974529108700731,0.23694420196298732,0.6656028871669396,0.16211595163738507,0.238759879267931,0.5991241690946839,2025-01-21
2025-01-24,Championship,Sheffield United,Hull,A,0.6410373793319679,0.231666220917872,0.12729639975016013,0.5573292915205496,0.25174404029518294,0.19092666818426746,2025-01-21
2025-01-25,Championship,West Brom,Portsmouth,H,0.6423029635741012,0.20657286144716355,0.15112417497873534,0.5995943547705569,0.2507394574495056,0.14966618777993745,2025-01-21
2025-01-25,Championship,Sunderland,Plymouth,D,0.6707330746451502,0.1998813858631457,0.12938553949170395,0.7769556054875582,0.1502602821933485,0.07278411231909342,2025-01-21
2025-01-25,Championship,QPR,Sheffield Weds,A,0.45091512798448197,0.2651644994274854,0.2839203725880327,0.37231325151080935,0.2915706186530435,0.3361161298361473,2025-01-21
2025-01-25,Championship,Preston,Middlesbrough,H,0.33026786666923624,0.2590113108243833,0.4107208225063805,0.2787314784658003,0.27555505136077696,0.4457134701734226,2025-01-21
2025-01-25,Championship,Coventry,Watford,H,0.463933890629573,0.2534066321356705,0.28265947723475643,0.5417941619311283,0.24855505366943514,0.2096507843994366,2025-01-21
2025-01-25,Championship,Norwich,Swansea,H,0.5446772035158238,0.22545902698005482,0.22986376950412124,0.4477013087439268,0.2844220079079065,0.2678766833481668,2025-01-21
2025-01-25,Championship,Bristol City,Blackburn,H,0.426177250710602,0.28421240956097965,0.2896103397284182,0.5327316612446217,0.28112078916990235,0.1861475495854759,2025-01-21
2025-01-25,Championship,Stoke,Oxford,D,0.5044122811814439,0.2636101403369668,0.23197757848158918,0.4198452466169002,0.2953039960913977,0.2848507572917022,2025-01-21
2025-01-25,Championship,Luton,Millwall,A,0.37218316075642754,0.3123755660548881,0.3154412731886842,0.476564635371215,0.323553916322263,0.199881448306522,2025-01-21
2025-01-25,Championship,Cardiff,Derby,H,0.41314424636715613,0.2760329562065132,0.3108227974263308,0.46294779542810144,0.3004847492064385,0.23656745536546014,2025-01-21
2025-01-27,Championship,Burnley,Leeds,D,0.4600435186870433,0.3416342106723108,0.19832227064064573,0.2882828360209906,0.3114566974374689,0.4002604665415406,2025-01-21
2025-01-28,Championship,Portsmouth,Millwall,A,0.3728616405955817,0.28079668037834954,0.3463416790260687,0.40007345289832896,0.3184795250045908,0.2814470220970802,2025-01-21
2025-01-31,Championship,Blackburn,Preston,H,0.4940223483760727,0.26959615064667947,0.23638150097724797,0.44120586458733735,0.30384932183844926,0.2549448135742134,2025-01-21
2025-02-01,Championship,Oxford,Bristol City,D,0.34659843151559744,0.275055837050582,0.37834573143382044,0.2888670448156237,0.30623563295327194,0.40489732223110436,2025-01-21
2025-02-01,Championship,Plymouth,West Brom,H,0.22406693207480896,0.2519459187609514,0.5239871491642396,0.21540906942139845,0.2629516705743502,0.5216392600042513,2025-01-21
2025-02-01,Championship,Watford,Norwich,A,0.4246858437167519,0.2444740528285664,0.3308401034546818,0.3447439604514504,0.28831265740136175,0.3669433821471877,2025-01-21
2025-02-01,Championship,Derby,Sheffield United,A,0.21301337895331574,0.28734881369984133,0.49963780734684293,0.2717443882769546,0.29051352019998744,0.437742091523058,2025-01-21
2025-02-01,Championship,Hull,Stoke,A,0.4407323528928532,0.2840577694102903,0.27520987769685634,0.464452812963597,0.2744493894784892,0.26109779755791396,2025-01-21
2025-02-01,Championship,Leeds,Cardiff,H,0.7508084644127607,0.16448604190038651,0.08470549368685266,0.7471681883364383,0.16879981838073652,0.08403199328282523,2025-01-21
2025-02-01,Championship,Millwall,QPR,H,0.4518801466814674,0.30584064881649603,0.2422792045020365,0.4421739503734868,0.3227869837726453,0.23503906585386794,2025-01-21
2025-02-01,Championship,Portsmouth,Burnley,D,0.12306675627962269,0.25001167846233063,0.6269215652580468,0.2287145939174612,0.3061590924907788,0.46512631359176004,2025-01-21
2025-02-01,Championship,Sheffield Weds,Luton,D,0.45340656152991554,0.2607435557476203,0.2858498827224639,0.4815369773599623,0.28467333073338946,0.23378969190664836,2025-01-21
2025-02-01,Championship,Swansea,Coventry,A,0.41774601650217696,0.2592715409693501,0.3229824425284729,0.3595562534825997,0.2861557165290512,0.3542880299883491,2025-01-21
2025-02-03,Championship,Middlesbrough,Sunderland,A,0.4488728223077697,0.26012777535796777,0.2909994023342625,0.35066147133624215,0.28549429524720593,0.3638442334165519,2025-01-21
2025-02-04,Championship,Burnley,Oxford,H,0.752359775253462,0.1887407841787224,0.05889944056781544,0.6253418511467138,0.24504489841372498,0.12961325043956115,2025-01-21
2025-02-04,Championship,QPR,Blackburn,H,0.3761898801918605,0.2893579956383381,0.33445212416980147,0.3626236216892122,0.3035125611003751,0.33386381721041264,2025-01-21
2025-02-05,Championship,Coventry,Leeds,A,0.24864578446039615,0.25594193542369437,0.49541228011590954,0.2117973448526263,0.25754557134079353,0.53065708380658,2025-01-21
2025-02-08,Championship,Sunderland,Watford,D,0.4995213307838431,0.2629027274270952,0.23757594178906163,0.6512780269965254,0.2137231662871081,0.1349988067163666,2025-01-21
2025-02-08,Championship,West Brom,Sheffield Weds,H,0.6027957164021869,0.2298108064358324,0.1673934771619807,0.4517857855605911,0.2818721810786195,0.26634203336078927,2025-01-21
2025-02-08,Championship,Norwich,Derby,D,0.5737134859553904,0.2252183812226129,0.20106813282199643,0.5279625531175213,0.26470451293289426,0.20733293394958457,2025-01-21
2025-02-08,Championship,Sheffield United,Portsmouth,H,0.7248933282974991,0.1777836154367644,0.0973230562657362,0.6105291290632024,0.23413495726210193,0.15533591367469562,2025-01-21
2025-02-09,Championship,Bristol City,Swansea,A,0.45452140030993554,0.2691420115377602,0.2763365881523042,0.5359920044852888,0.26217000219389125,0.20183799332082003,2025-01-21
2025-02-11,Championship,Norwich,Preston,A,0.5763965984651899,0.22472847912213534,0.198874922412675,0.5605839416058395,0.2510948905109489,0.18832116788321168,2025-01-21
2025-02-11,Championship,Watford,Leeds,A,0.24259690034421708,0.2562892350011316,0.5011138646546515,0.10142981090364524,0.19154474250329823,0.7070254465930566,2025-01-21
2025-02-11,Championship,Derby,Oxford,D,0.5010052568828584,0.25647619515605663,0.2425185479610851,0.4416265163663461,0.303185602144921,0.25518788148873295,2025-01-21
2025-02-11,Championship,Coventry,QPR,H,0.5241790442298254,0.2530546566666006,0.22276629910357387,0.4874617945872108,0.27655425595492183,0.23598394945786733,2025-01-21
2025-02-11,Championship,Portsmouth,Cardiff,H,0.4650378082419481,0.24293699831078222,0.2920251934472697,0.45687056864827624,0.279932255934782,0.26319717541694176,2025-01-21
2025-02-12,Championship,Bristol City,Stoke,H,0.46023740709301414,0.2869781109525832,0.2527844819544027,0.538658388347799,0.2557555743083715,0.20558603734382946,2025-01-21
2025-02-12,Championship,Burnley,Hull,H,0.6821175218033623,0.23615389235328788,0.08172858584334976,0.5597680275206708,0.2750860020958725,0.16514597038345688,2025-01-21
2025-02-12,Championship,Plymouth,Millwall,H,0.3093944043063431,0.29029606975685535,0.40030952593680164,0.27186528850007186,0.3162877212615215,0.4118469902384067,2025-01-21
2025-02-12,Championship,Sunderland,Luton,H,0.564296547543383,0.2525420845295435,0.18316136792707335,0.6512457477636386,0.22259669900466172,0.12615755323169964,2025-01-21
2025-02-12,Championship,Swansea,Sheffield Weds,A,0.5067249113244792,0.2432309178033161,0.25004417087220454,0.35445907885049144,0.28714340808956723,0.35839751305994133,2025-01-21
2025-02-12,Championship,Sheffield United,Middlesbrough,H,0.5740142538144665,0.24380461483167742,0.18218113135385608,0.42989935778549815,0.2787531858839686,0.29134745633053344,2025-01-21
2025-02-12,Championship,West Brom,Blackburn,A,0.5188918949739683,0.2699496460906661,0.21115845893536575,0.5013148544163061,0.2812609502975206,0.21742419528617318,2025-01-21
2025-02-14,Championship,QPR,Derby,H,0.4296983862333858,0.28369020227049696,0.2866114114961172,0.4788042213614027,0.293086220348495,0.2281095582901022,2025-01-21
2025-02-15,Championship,Millwall,West Brom,D,0.3172516539905221,0.32420165532180495,0.358546690687673,0.3421903179595654,0.32387913037644483,0.3339305516639897,2025-01-21
2025-02-15,Championship,Middlesbrough,Watford,A,0.5264494675100103,0.23205293619267134,0.2414975962973184,0.5988825618964316,0.22580817907570377,0.17530925902786457,2025-01-21
2025-02-15,Championship,Luton,Sheffield United,A,0.2062391151702178,0.28315882327119385,0.5106020615585883,0.34195290188673355,0.29148394949983614,0.36656314861343026,2025-01-21
2025-02-15,Championship,Hull,Norwich,D,0.3731254002286977,0.2528344007388074,0.37404019903249486,0.3951774949765573,0.27662424648359013,0.3281982585398527,2025-01-21
2025-02-15,Championship,Sheffield Weds,Coventry,A,0.3746802368008074,0.2559047720733743,0.36941499112581816,0.41144229561483975,0.28354527703661975,0.3050124273485405,2025-01-21
2025-02-15,Championship,Preston,Burnley,D,0.13693402435243376,0.3050816670565506,0.5579843085910158,0.2256618514979484,0.31875667472317465,0.4555814737788769,2025-01-21
2025-02-15,Championship,Oxford,Portsmouth,A,0.4446905638418769,0.24057969820765845,0.31472973795046466,0.4083107497741644,0.2854561878952123,0.3062330623306233,2025-01-21
2025-02-15,Championship,Cardiff,Bristol City,D,0.36560594311981387,0.28135799692001645,0.3530360599601697,0.30794312006513547,0.2770605722076004,0.4149963077272641,2025-01-21
2025-02-15,Championship,Blackburn,Plymouth,H,0.6097304872341066,0.22044026484485169,0.16982924792104162,0.5221283650430252,0.2646404041998895,0.21323123075708536,2025-01-21
2025-02-15,Championship,Stoke,Swansea,H,0.4144570158707268,0.2809343412801334,0.30460864284913985,0.40649965630489576,0.2853891392347056,0.3081112044603987,2025-01-21
2025-02-17,Championship,Leeds,Sunderland,H,0.5913907349630143,0.24283042207000213,0.16577884296698353,0.6212708052233437,0.22873390691120732,0.149995287865449,2025-01-21
2025-02-18,Championship,Preston,Millwall,D,0.3774595746643341,0.3138099058255081,0.30873051951015806,0.3920797081755999,0.3327961784170899,0.2751241134073102,2025-01-21
2025-02-19,Championship,Luton,Plymouth,D,0.5425904234232153,0.23978981279429254,0.2176197637824921,0.5170494238884761,0.27546507768417394,0.2074854984273499,2025-01-21
2025-02-21,Championship,Bristol City,Middlesbrough,H,0.3919738464621314,0.25962769343648834,0.3483984601013802,0.40697824813408706,0.2815721600462579,0.31144959181965504,2025-02-21
2025-02-21,Championship,Burnley,Sheffield Weds,H,0.7254704110691209,0.2100684361936132,0.06446115273726595,0.4980027155197859,0.290127708140656,0.21186957633955805,2025-02-21
2025-02-22,Championship,West Brom,Oxford,H,0.6192839047972979,0.23094646564594948,0.1497696295567527,0.5780161476960539,0.258098119425778,0.16388573287816807,2025-02-21
2025-02-22,Championship,Swansea,Blackburn,H,0.39773599867793824,0.27099633940499873,0.33126766191706314,0.4135338345864662,0.29323308270676696,0.29323308270676696,2025-02-21
2025-02-22,Championship,Portsmouth,QPR,H,0.4388446032639871,0.25042134542598277,0.3107340513100303,0.36817125334479184,0.29793550655286233,0.3338932401023457,2025-02-21
2025-02-22,Championship,Norwich,Stoke,H,0.5518011150402428,0.23870372186355246,0.2094951630962046,0.5630776425766602,0.24625646261025297,0.19066589481308693,2025-02-21
2025-02-22,Championship,Sunderland,Hull,A,0.542878449209797,0.2518368967389493,0.20528465405125368,0.6039931019406863,0.2386145587913823,0.1573923392679313,2025-02-21
2025-02-22,Championship,Plymouth,Cardiff,D,0.43101799644164934,0.2429853452234429,0.3259966583349077,0.3613354620586025,0.2988824192336589,0.3397821187077385,2025-02-21
2025-02-22,Championship,Derby,Millwall,A,0.3516159566851989,0.3152110398664959,0.33317300344830536,0.3656716417910448,0.3296019900497512,0.30472636815920395,2025-02-21
2025-02-22,Championship,Coventry,Preston,H,0.5198028606402862,0.2542092483749057,0.22598789098480823,0.522692759295499,0.26935420743639926,0.20795303326810177,2025-02-21
2025-02-23,Championship,Watford,Luton,H,0.5260303058551521,0.2514504257180361,0.22251926842681183,0.40370619533973456,0.29539477707785455,0.3008990275824108,2025-02-21
2025-02-24,Championship,Sheffield United,Leeds,A,0.3313229002730083,0.3063122838358658,0.36236481589112596,0.22033116908064085,0.26082446501978557,0.5188443658995735,2025-02-21
2025-02-25,Championship,Stoke,Middlesbrough,A,0.34909801946287067,0.2649696217546341,0.38593235878249516,0.28860979809512477,0.27782839759157124,0.43356180431330404,2025-02-21
2025-02-25,Championship,Cardiff,Hull,H,0.38202329579316185,0.2668756032940218,0.3511011009128161,0.37734087928447374,0.29425664898330517,0.3284024717322211,2025-02-21
2025-02-28,Championship,Sheffield Weds,Sunderland,A,0.3214071855538764,0.26769515982231945,0.41089765462380434,0.35295225243602013,0.296653120145612,0.35039462741836785,2025-02-21
2025-03-01,Championship,Middlesbrough,Derby,H,0.6046980636666124,0.22032147727405257,0.17498045905933507,0.6283690044852713,0.2246272375846881,0.14700375793004053,2025-02-21
2025-03-01,Championship,QPR,Sheffield United,A,0.22745421549780803,0.28891537296586806,0.4836304115363239,0.2716726618705036,0.304136690647482,0.4241906474820144,2025-02-21
2025-03-01,Championship,Stoke,Watford,D,0.39771677215141166,0.2798220179254978,0.32246120992309063,0.3636040234086387,0.2922014206244649,0.3441945559668964,2025-02-21
2025-03-01,Championship,Oxford,Coventry,A,0.3025440584380406,0.2691247429939433,0.4283311985680162,0.23679852805887766,0.2752529898804048,0.48794848206071767,2025-02-21
2025-03-01,Championship,Leeds,West Brom,D,0.6276369269582304,0.22820562455146146,0.14415744849030823,0.7201886473632368,0.18242963846252125,0.09738171417424192,2025-02-21
2025-03-01,Championship,Blackburn,Norwich,D,0.4018499482099318,0.2576580088497029,0.3404920429403654,0.382905327711767,0.29091605979302415,0.32617861249520885,2025-02-21
2025-03-01,Championship,Luton,Portsmouth,H,0.43912440897783783,0.2503373618042671,0.3105382292178949,0.46970411950726504,0.275666805180902,0.2546290753118331,2025-02-21
2025-03-04,Championship,Cardiff,Burnley,A,0.10265550815740818,0.2723009613705648,0.6250435304720273,0.2346347607052897,0.2983627204030227,0.46700251889168776,2025-02-21
2025-03-04,Championship,Hull,Plymouth,H,0.5668375658000356,0.22295788403263625,0.21020455016732842,0.5926510602778484,0.24580692830862416,0.16154201141352725,2025-02-21
2025-03-04,Championship,Millwall,Bristol City,A,0.39956898964451143,0.30772844748223094,0.29270256287325763,0.3480567882128137,0.3336544383557317,0.3182887734314546,2025-02-21
2025-03-04,Championship,Preston,Swansea,D,0.4425498744547351,0.2681732006352104,0.28927692491005447,0.3872525256442575,0.3054042000349033,0.30734327432083924,2025-02-21
2025-03-07,Championship,Norwich,Oxford,D,0.6328651232069512,0.20681242903176222,0.16032244776128676,0.592440494641892,0.2384390138929096,0.16912049146519856,2025-02-21
2025-03-08,Championship,West Brom,QPR,H,0.5563428063578304,0.2550050421956247,0.18865215144654476,0.542464209355515,0.26167650207393406,0.19585928857055104,2025-02-21
2025-03-08,Championship,Swansea,Middlesbrough,H,0.3591997875551324,0.24639534500554783,0.39440486743931996,0.35301693856841776,0.28873624229178046,0.35824681913980166,2025-02-21
2025-03-08,Championship,Sunderland,Cardiff,H,0.6157795310366798,0.22319501527205288,0.1610254536912671,0.624534567776995,0.22471570896648888,0.15074972325651606,2025-02-21
2025-03-08,Championship,Sheffield United,Preston,H,0.6269043628172303,0.23910457220882647,0.13399106497394334,0.5701638994560387,0.2555907135492588,0.1742453869947026,2025-02-21
2025-03-08,Championship,Plymouth,Sheffield Weds,A,0.38645818842540014,0.2414412351182532,0.3721005764563468,0.22916529285309206,0.2671484905635493,0.5036862165833585,2025-02-21
2025-03-08,Championship,Bristol City,Hull,D,0.46354675053926925,0.2716715924662322,0.2647816569944984,0.4652598020891374,0.2897426312411395,0.244997566669723,2025-02-21
2025-03-08,Championship,Burnley,Luton,H,0.7203039197221546,0.22090577612686227,0.05879030415098302,0.5958553013417351,0.2540225232035819,0.1501221754546829,2025-02-21
2025-03-08,Championship,Watford,Millwall,A,0.4429262114132384,0.2872259486106889,0.26984783997607253,0.42873273947024654,0.3135715181885946,0.2576957423411588,2025-02-21
2025-03-08,Championship,Coventry,Stoke,H,0.5151223932368163,0.26060522292567917,0.22427238383750484,0.5804969744903763,0.23560512901076397,0.18389789649885963,2025-02-21
2025-03-08,Championship,Derby,Blackburn,H,0.3418005298766953,0.29100763863878343,0.3671918314845214,0.3401143935373548,0.3136977416121234,0.3461878648505219,2025-02-21
2025-03-09,Championship,Portsmouth,Leeds,H,0.14498764776232081,0.1933072535243349,0.6617050987133444,0.12366527117926526,0.20179688602474244,0.6745378427959923,2025-02-21
2025-03-11,Championship,Sunderland,Preston,D,0.5461861787207007,0.25641284445663604,0.19740097682266317,0.5994869203560461,0.24875617056011198,0.15175690908384187,2025-02-21
2025-03-11,Championship,Sheffield United,Bristol City,D,0.590220699528134,0.25522490001197373,0.15455440045989233,0.42984985767177064,0.30223818117546375,0.26791196115276567,2025-02-21
2025-03-11,Championship,Norwich,Sheffield Weds,A,0.5874350043963031,0.21209463773388204,0.20047035786981482,0.42818381594486715,0.28886430568220883,0.2829518783729239,2025-02-21
2025-03-11,Championship,Cardiff,Luton,A,0.43257989089394083,0.2690327916203689,0.2983873174856903,0.39987081593577706,0.2986689427668458,0.3014602412973771,2025-02-21
2025-03-11,Championship,Derby,Coventry,H,0.3190616254217319,0.27832295465543094,0.40261541992283706,0.26676397735314933,0.29704087048832273,0.43619515215852794,2025-02-21
2025-03-11,Championship,Burnley,West Brom,D,0.5868023828786632,0.3045249034435462,0.10867271367779065,0.5578977962890351,0.2765510566131893,0.1655511470977754,2025-02-21
2025-03-11,Championship,Middlesbrough,QPR,H,0.5670446825750673,0.22854497810145832,0.20441033932347416,0.5191638297058486,0.2638373560800214,0.21699881421412998,2025-02-21
2025-03-12,Championship,Hull,Oxford,H,0.5212020786865695,0.2560628484502288,0.22273507286320166,0.5831755533538404,0.2559148039983608,0.16090964264779878,2025-02-21
2025-03-12,Championship,Leeds,Millwall,H,0.6958320013869209,0.20596513367156383,0.09820286494151535,0.7846752309340628,0.15415519834775468,0.06116957071818253,2025-02-21
2025-03-12,Championship,Portsmouth,Plymouth,A,0.5513342784327665,0.209284525867461,0.23938119569977243,0.6029131348222474,0.24298766138931885,0.15409920378843384,2025-02-21
2025-03-12,Championship,Watford,Swansea,H,0.49324208959492283,0.24854491060304984,0.2582129998020273,0.4050338611673021,0.2924564737733692,0.30250966505932875,2025-02-21
2025-03-12,Championship,Stoke,Blackburn,H,0.38298501799373347,0.29224166527861495,0.3247733167276517,0.3739441817237515,0.3074652160839734,0.31859060219227514,2025-02-21
2025-03-14,Championship,Bristol City,Norwich,H,0.39228428062457393,0.26060939893383384,0.3471063204415923,0.4545366138286492,0.28308859282310606,0.26237479334824465,2025-02-21
2025-03-15,Championship,Preston,Portsmouth,H,0.4851559729527722,0.2444751736148155,0.27036885343241246,0.41001795987945583,0.30621594472009983,0.28376609540044445,2025-02-21
2025-03-15,Championship,Plymouth,Derby,A,0.41443264160799864,0.25998191640724433,0.32558544198475675,0.2879921900423039,0.32801822323462415,0.38398958672307193,2025-02-21
2025-03-15,Championship,Oxford,Watford,H,0.33797829416973646,0.27161656099958464,0.39040514483067884,0.31986000039106033,0.31163209041315526,0.3685079091957844,2025-02-21
2025-03-15,Championship,Luton,Middlesbrough,D,0.3120725372568081,0.25514996984162336,0.43277749290156864,0.36122170795758207,0.27346728173059887,0.3653110103118189,2025-02-21
2025-03-15,Championship,Millwall,Stoke,H,0.4309343746637726,0.3089368804336946,0.26012874490253307,0.38431801576471225,0.32829877956849995,0.2873832046667878,2025-02-21
2025-03-15,Championship,Blackburn,Cardiff,A,0.5464189262987666,0.2447773485284493,0.2088037251727839,0.49767995320020214,0.27985481426330205,0.22246523253649586,2025-02-21
2025-03-15,Championship,QPR,Leeds,D,0.16241997197638483,0.23608344276900253,0.6014965852546127,0.12217074394310504,0.20928379614601475,0.6685454599108803,2025-02-21
2025-03-15,Championship,Swansea,Burnley,A,0.123587207071779,0.29470149934757517,0.5817112935806459,0.23046017220956086,0.29966957377094605,0.46987025401949306,2025-02-21
2025-03-15,Championship,Coventry,Sunderland,H,0.4024535411037801,0.27366454144744234,0.32388191744877776,0.33629961812002945,0.2926111480923519,0.3710892337876187,2025-02-21
2025-03-15,Championship,West Brom,Hull,D,0.5455424084318617,0.2534351506159065,0.20102244095223173,0.5081525269585553,0.27585422892035855,0.21599324412108614,2025-02-21
2025-03-16,Championship,Sheffield Weds,Sheffield United,A,0.2267967774568427,0.2682151210803743,0.5049881014627831,0.3885101975100772,0.3004317986956809,0.3110580037942419,2025-02-21
2025-03-28,Championship,Sheffield United,Coventry,H,0.5645841809280506,0.2491662534744273,0.18624956559752218,0.454017939457044,0.26567533270425925,0.28030672783869676,2025-03-28
2025-03-29,Championship,Sunderland,Millwall,H,0.48745303816522,0.28980788216464776,0.22273907967013237,0.5783248904170714,0.25686238483949714,0.1648127247434316,2025-03-28
2025-03-29,Championship,Stoke,QPR,H,0.42801343767744127,0.28365703735393094,0.2883295249686278,0.44305231686902874,0.30277556450610743,0.25417211862486383,2025-03-28
2025-03-29,Championship,Norwich,West Brom,H,0.40719171048271796,0.2594571727712853,0.3333511167459968,0.4567580000575026,0.27200195509042296,0.2712400448520744,2025-03-28
2025-03-29,Championship,Middlesbrough,Oxford,H,0.631696409079019,0.20743177016743428,0.16087182075354686,0.6248490435584235,0.21969578243834986,0.15545517400322653,2025-03-28
2025-03-29,Championship,Portsmouth,Blackburn,H,0.3983587532178203,0.25805010409880214,0.3435911426833774,0.41708322139016396,0.29058050259014423,0.2923362760196919,2025-03-28
2025-03-29,Championship,Cardiff,Sheffield Weds,D,0.4136505015152362,0.2511858049880265,0.33516369349673736,0.34664988990248513,0.28279333123623784,0.3705567788612772,2025-03-28
2025-03-29,Championship,Burnley,Bristol City,H,0.6793159203434894,0.24328120721708243,0.07740287243942809,0.5431158194397452,0.2730921351985159,0.18379204536173885,2025-03-28
2025-03-29,Championship,Watford,Plymouth,D,0.61112330848366,0.20890433577549314,0.17997235574084694,0.5715044482804409,0.2500331961226929,0.17846235559686632,2025-03-28
2025-03-29,Championship,Hull,Luton,A,0.5068158215087966,0.26589088232578556,0.22729329616541805,0.40785592121121683,0.2983390534785753,0.2938050253102079,2025-03-28
2025-03-29,Championship,Leeds,Swansea,D,0.7456325722748132,0.1657256355329105,0.08864179219227628,0.7488541280949432,0.17889293060045866,0.07225294130459813,2025-03-28
2025-04-02,Championship,Derby,Preston,H,0.3999864236728229,0.29196225768435735,0.30805131864281987,0.42605774849234324,0.3278478268059726,0.24609442470168427,2025-03-28
2025-04-04,Championship,Blackburn,Middlesbrough,A,0.37796381429982695,0.25963899476037405,0.36239719093979905,0.33482278827507234,0.2796641208424738,0.3855130908824539,2025-03-28
2025-04-05,Championship,Plymouth,Norwich,H,0.2729939549718408,0.21900788087353334,0.5079981641546255,0.21690422990985436,0.2468603128130056,0.53623545727714,2025-03-28
2025-04-05,Championship,Swansea,Derby,H,0.4727598999064436,0.2693454083206958,0.25789469177286056,0.43961429023079357,0.325640214985773,0.23474549478343346,2025-03-28
2025-04-05,Championship,Sheffield Weds,Hull,A,0.42401748368509573,0.259700607802211,0.31628190851269317,0.4653885150705134,0.2757857867084524,0.2588256982210342,2025-03-28
2025-04-05,Championship,QPR,Cardiff,D,0.48632739016525467,0.25757578130745995,0.2560968285272855,0.41589900027182936,0.2990878613065933,0.2850131384215772,2025-03-28
2025-04-05,Championship,Oxford,Sheffield United,H,0.19544984198433232,0.27016106066730416,0.5343890973483635,0.18752780835070135,0.26480575135236395,0.5476664402969347,2025-03-28
2025-04-05,Championship,Preston,Stoke,D,0.4406140627287916,0.28686784945577926,0.2725180878154289,0.38590355512991015,0.3104544626205366,0.30364198224955313,2025-03-28
2025-04-05,Championship,Bristol City,Watford,H,0.45535763797811596,0.27110016414289356,0.2735421978789906,0.5105716268025186,0.2665691642698232,0.22285920892765815,2025-03-28
2025-04-05,Championship,West Brom,Sunderland,A,0.46025752383627955,0.2815603710511869,0.2581821051125337,0.42386515127550445,0.2859208712746006,0.2902139774498949,2025-03-28
2025-04-05,Championship,Luton,Leeds,D,0.14235555052884763,0.223433535836398,0.6342109136347545,0.17839482493155437,0.23311980745886696,0.5884853676095787,2025-03-28
2025-04-05,Championship,Coventry,Burnley,A,0.15090378068466723,0.2982197682675671,0.5508764510477657,0.26876655872828964,0.2914336178981454,0.4397998233735648,2025-03-28
2025-04-05,Championship,Millwall,Portsmouth,H,0.4880367125960845,0.266047830870359,0.24591545653355662,0.41331493462425917,0.32025064470886305,0.2664344206668778,2025-03-28
2025-04-08,Championship,Middlesbrough,Leeds,A,0.2452421500851611,0.24208034872523357,0.5126775011896053,0.22030329722944336,0.2406305341309132,0.5390661686396435,2025-03-28
2025-04-08,Championship,Watford,Hull,H,0.4564754631608308,0.2671513321243879,0.2763732047147813,0.3546806512210394,0.2970178459611772,0.3483015028177834,2025-03-28
2025-04-08,Championship,Sheffield United,Millwall,A,0.5719729947652437,0.2756715968936846,0.15235540834107156,0.6065923116712234,0.24294251273482248,0.15046517559395403,2025-03-28
2025-04-08,Championship,Preston,Cardiff,D,0.49170969808330345,0.26084972915680765,0.2474405727598892,0.37357837803990324,0.30814267488004754,0.31827894708004917,2025-03-28
2025-04-08,Championship,Stoke,Luton,D,0.4657707308434226,0.28178386724820254,0.2524454019083748,0.37821442495126706,0.306401559454191,0.31538401559454193,2025-03-28
2025-04-08,Championship,Derby,Burnley,D,0.1044797881110062,0.2854720115010615,0.6100482003879324,0.19802129869962784,0.30230837763861684,0.4996703236617553,2025-03-28
2025-04-08,Championship,Bristol City,West Brom,H,0.3553696627227415,0.2935353834232419,0.3510949538540165,0.37708688014085107,0.29102500959819433,0.3318881102609545,2025-03-28
2025-04-08,Championship,Blackburn,Sheffield Weds,D,0.4822959570115942,0.25314970197296516,0.2645543410154408,0.40013506668917775,0.29343238223873036,0.3064325510720918,2025-03-28
2025-04-08,Championship,Norwich,Sunderland,D,0.44520100437528276,0.2508737144032439,0.3039252812214732,0.4358134641317072,0.2796259798764133,0.2845605559918794,2025-03-28
2025-04-09,Championship,Oxford,QPR,A,0.38108772774708477,0.28093304704093225,0.33797922521198315,0.3697094396895683,0.32180688770321236,0.30848367260721943,2025-03-28
2025-04-09,Championship,Swansea,Plymouth,H,0.5810355052471511,0.21716978844563442,0.20179470630721466,0.5549552037839424,0.25681437621916486,0.18823041999689277,2025-03-28
2025-04-09,Championship,Coventry,Portsmouth,H,0.5909669649013896,0.21142610511600476,0.19760692998260568,0.5975455452572239,0.22689819053399304,0.17555626420878295,2025-03-28
2025-04-11,Championship,Burnley,Norwich,H,0.7049883994977185,0.2114463334485914,0.08356526705369031,0.6099044489721516,0.24900491715142106,0.14109063387642748,2025-03-28
2025-04-12,Championship,QPR,Bristol City,D,0.3755267255306865,0.2850121028316294,0.33946117163768397,0.29084348013571937,0.29348751177331683,0.41566900809096374,2025-03-28
2025-04-12,Championship,West Brom,Watford,H,0.5296993855905473,0.2584061200858608,0.21189449432359214,0.550575929706741,0.259007493813655,0.1904165764796041,2025-03-28
2025-04-12,Championship,Sunderland,Swansea,A,0.5341285053435105,0.2514344069642613,0.214437087692228,0.5146176173569519,0.2764231773231627,0.2089592053198854,2025-03-28
2025-04-12,Championship,Sheffield Weds,Oxford,A,0.5170980290020996,0.24475046506829257,0.23815150592960768,0.5995789557209205,0.23953402449396574,0.16088701978511366,2025-03-28
2025-04-12,Championship,Portsmouth,Derby,D,0.4505091421518455,0.25788783942919263,0.2916030184189619,0.3903263474893984,0.33151004855263966,0.278163603957962,2025-03-28
2025-04-12,Championship,Millwall,Middlesbrough,H,0.3629776730691119,0.281791305025005,0.3552310219058831,0.300009538526107,0.29453823995116274,0.4054522215227303,2025-03-28
2025-04-12,Championship,Luton,Blackburn,A,0.3594208326135432,0.28793433673710084,0.35264483064935603,0.5490567186154967,0.2647506369214449,0.18619264446305855,2025-03-28
2025-04-12,Championship,Cardiff,Stoke,A,0.4059406465589593,0.27453917375569764,0.319520179685343,0.4202761633399591,0.2876890403815196,0.2920347962785214,2025-03-28
2025-04-12,Championship,Plymouth,Sheffield United,H,0.17267134636532494,0.22864622998723666,0.5986824236474384,0.14233052933676155,0.21192827716222642,0.6457411935010121,2025-03-28
2025-04-12,Championship,Leeds,Preston,H,0.7328899051397774,0.17752101417000063,0.08958908069022206,0.7672420053741315,0.16037667336415792,0.07238132126171051,2025-03-28
2025-04-14,Championship,Hull,Coventry,D,0.38807578693059136,0.26542814492417816,0.34649606814523054,0.3629560771554729,0.2833604462003253,0.3536834766442017,2025-03-28
2025-04-18,Championship,Oxford,Leeds,A,0.1332756458165302,0.2111633395331237,0.6555610146503461,0.10070848759005838,0.18230720523892918,0.7169843071710125,2025-03-28
2025-04-18,Championship,Sheffield United,Cardiff,H,0.6843559070621437,0.2029168044400383,0.11272728849781788,0.6334396959621651,0.21348743633314654,0.15307286770468853,2025-03-28
2025-04-18,Championship,Watford,Burnley,A,0.12971267770883055,0.2944781068740841,0.5758092154170855,0.18135338875788126,0.27965218208461695,0.5389944291575018,2025-03-28
2025-04-18,Championship,Swansea,Hull,H,0.42822747390492777,0.26973406294196983,0.3020384631531024,0.4321905384912729,0.2847372959471916,0.28307216556153547,2025-03-28
2025-04-18,Championship,Stoke,Sheffield Weds,H,0.4386301386751251,0.26467016098431406,0.2966997003405608,0.43603984706065063,0.28895774939541624,0.2750024035439331,2025-03-28
2025-04-18,Championship,Preston,QPR,A,0.44205936707366744,0.28073374009376284,0.27720689283256966,0.42053110483753053,0.31301667997615545,0.2664522151863141,2025-03-28
2025-04-18,Championship,Norwich,Portsmouth,A,0.6124533536235363,0.19665079240176575,0.19089585397469797,0.49506222373571684,0.2689056647032445,0.23603211156103857,2025-03-28
2025-04-18,Championship,Middlesbrough,Plymouth,H,0.699094849983194,0.1681329515821984,0.13277219843460764,0.7184725054507201,0.170097730972432,0.11142976357684779,2025-03-28
2025-04-18,Championship,Coventry,West Brom,H,0.39321715893432235,0.27367165576391145,0.3331111853017661,0.451593204074066,0.27070292905280147,0.27770386687313253,2025-03-28
2025-04-18,Championship,Bristol City,Sunderland,H,0.3887033727817069,0.2862434037959742,0.32505322342231896,0.42271871724454035,0.29423278495136695,0.28304849780409275,2025-03-28
2025-04-18,Championship,Blackburn,Millwall,H,0.42057322584788465,0.3025279706102396,0.27689880354187607,0.43788606726149626,0.303363074811256,0.2587508579272477,2025-03-28
2025-04-18,Championship,Derby,Luton,A,0.450821479285904,0.28450928537042247,0.2646692353436735,0.3767647711393016,0.3271234668337855,0.29611176202691286,2025-03-28
2025-04-21,Championship,Burnley,Sheffield United,H,0.5256338097345359,0.33882648552696815,0.13553970473849605,0.4955177185488238,0.2776607905661512,0.22682149088502498,2025-03-28
2025-04-21,Championship,West Brom,Derby,A,0.578932392786105,0.2515351792049675,0.16953242800892765,0.4739422271406261,0.2974898902667315,0.22856788259264238,2025-03-28
2025-04-21,Championship,Sunderland,Blackburn,A,0.5074900253206589,0.26485557230970974,0.2276544023696311,0.4267334130304841,0.29002540346682604,0.28324118350268973,2025-03-28
2025-04-21,Championship,Sheffield Weds,Middlesbrough,H,0.35499952034290455,0.24181470770784136,0.403185771949254,0.3202362110669812,0.25927972048854775,0.42048406844447095,2025-03-28
2025-04-21,Championship,QPR,Swansea,A,0.42649308947070724,0.2710641454776558,0.3024427650516368,0.3434406597685147,0.30942577014287903,0.34713357008860624,2025-03-28
2025-04-21,Championship,Portsmouth,Watford,H,0.39043322079744797,0.25255458160378486,0.3570121975987669,0.5327315791261492,0.25990408577313473,0.20736433510071609,2025-03-28
2025-04-21,Championship,Millwall,Norwich,H,0.37694082298426684,0.2755567077312886,0.34750246928444445,0.36248646004402674,0.2829938152975296,0.35451972465844367,2025-03-28
2025-04-21,Championship,Luton,Bristol City,H,0.33354468775968993,0.28992530186714566,0.3765300103731646,0.3681180210158305,0.311302377900847,0.3205796010833226,2025-03-28
2025-04-21,Championship,Leeds,Stoke,H,0.7432993317170759,0.17241979349678707,0.08428087478613698,0.7624447277758186,0.15723082765917043,0.08032444456501099,2025-03-28
2025-04-21,Championship,Hull,Preston,H,0.45367222354108044,0.2776680097485815,0.268659766710338,0.5218084358249073,0.2758130303645939,0.2023785338104987,2025-03-28
2025-04-21,Championship,Cardiff,Oxford,D,0.4656854201694597,0.26067752999633603,0.2736370498342042,0.5329313879175208,0.2771855781984806,0.18988303388399855,2025-03-28
2025-04-21,Championship,Plymouth,Coventry,H,0.27738534907309575,0.23215880483365178,0.4904558460932524,0.21990443500592655,0.24200538324772816,0.5380901817463454,2025-03-28
2025-04-25,Championship,Stoke,Sheffield United,A,0.23146480604851652,0.29279754072131725,0.47573765323016626,0.3935042286560899,0.2942311253781098,0.3122646459658004,2025-03-28
2025-04-26,Championship,Hull,Derby,A,0.4819451339734354,0.27280988480266366,0.2452449812239008,0.4046156596217258,0.3245071900993036,0.2708771502789705,2025-03-28
2025-04-26,Championship,Sheffield Weds,Portsmouth,D,0.496430144551113,0.2309606570242041,0.27260919842468273,0.5367887719817305,0.23798516984411697,0.22522605817415262,2025-03-28
2025-04-26,Championship,Preston,Plymouth,A,0.5612824616215085,0.2311628412316846,0.20755469714680683,0.535355251778914,0.2597836476460682,0.2048611005750178,2025-03-28
2025-04-26,Championship,Oxford,Sunderland,H,0.28366395456559135,0.2771953642034806,0.4391406812309278,0.2665203852078416,0.2976827687090661,0.43579684608309227,2025-03-28
2025-04-26,Championship,Millwall,Swansea,H,0.437550324322968,0.2917703776104298,0.27067929806660257,0.408183213568434,0.30043298638422006,0.29138380004734604,2025-03-28
2025-04-26,Championship,Blackburn,Watford,H,0.42971277424702214,0.2726833301320011,0.2976038956209769,0.5925785113351744,0.23616209620448272,0.17125939246034297,2025-03-28
2025-04-26,Championship,Cardiff,West Brom,D,0.2732544787917647,0.2695435167634688,0.4572020044447666,0.433991250041746,0.28548686949648777,0.28052188046176624,2025-03-28
2025-04-26,Championship,QPR,Burnley,A,0.11150572263607163,0.28464832766180903,0.6038459497021194,0.1831759898548683,0.26520260069647134,0.5516214094486604,2025-03-28
2025-04-26,Championship,Luton,Coventry,H,0.31451699883663303,0.26918109184161815,0.4163019093217489,0.40485179532492566,0.2879749377460037,0.3071732669290706,2025-03-28
2025-04-26,Championship,Middlesbrough,Norwich,D,0.4895415191213842,0.22508313443466288,0.28537534644395324,0.5917183894588116,0.22172436202709495,0.18655724851409342,2025-03-28
2025-04-28,Championship,Leeds,Bristol City,H,0.703001009151939,0.18656648776348114,0.11043250308457993,0.6882822462570255,0.19505974590280073,0.11665800784017381,2025-04-28
2025-05-03,Championship,Sunderland,QPR,A,0.541373904283773,0.2523914968658717,0.20623459885035517,0.6608087592584073,0.2115747343239638,0.12761650641762895,2025-04-28
2025-05-03,Championship,Swansea,Oxford,D,0.5106381361356225,0.25651716146805764,0.23284470239631985,0.6053567018641443,0.2248871859728947,0.16975611216296108,2025-04-28
2025-05-03,Championship,Sheffield United,Blackburn,D,0.5877993677884831,0.2458541446538137,0.16634648755770318,0.3720872812567513,0.2748371963828277,0.35307552236042095,2025-04-28
2025-05-03,Championship,West Brom,Luton,H,0.547434771979008,0.26098531578629036,0.19157991223470172,0.30038752341445285,0.28448465452780536,0.41512782205774174,2025-04-28
2025-05-03,Championship,Watford,Sheffield Weds,D,0.4992002056760404,0.24538007676509965,0.25541971755885984,0.38365995031741645,0.26856196522219156,0.347778084460392,2025-04-28
2025-05-03,Championship,Portsmouth,Hull,D,0.44405168379102594,0.2514029391100502,0.30454537709892365,0.3005946171500104,0.27112455664510743,0.4282808262048821,2025-04-28
2025-05-03,Championship,Bristol City,Preston,D,0.5101464668051359,0.2592839348175435,0.23056959837732063,0.5001939764509273,0.2758212498715113,0.22398477367756142,2025-04-28
2025-05-03,Championship,Norwich,Cardiff,H,0.6081266031843956,0.20514073528383506,0.1867326615317692,0.6262450548525574,0.2009202884318622,0.17283465671558035,2025-04-28
2025-05-03,Championship,Derby,Stoke,D,0.4508766876201533,0.280346635619096,0.26877667676075057,0.43184017303204514,0.3442427002105983,0.22391712675735673,2025-04-28
2025-05-03,Championship,Coventry,Middlesbrough,H,0.4401170168046451,0.24193887353033944,0.31794410966501535,0.44721839984273637,0.25555337133870654,0.29722822881855715,2025-04-28
2025-05-03,Championship,Burnley,Millwall,H,0.6873021552162423,0.2402309962832003,0.07246684850055735,0.6347307489914051,0.21729521136642693,0.14797403964216804,2025-04-28
2025-05-03,Championship,Plymouth,Leeds,A,0.12189343488114004,0.17255569616857006,0.7055508689502898,0.08711035197950347,0.15585920819862137,0.7570304398218752,2025-04-28
2025-08-08,Championship,Birmingham,Ipswich,D,0.2370039150295942,0.22480179532918668,0.5381942896412191,0.3816387351472694,0.29197662267291097,0.3263846421798196,2025-08-08
2025-08-09,Championship,Sheffield United,Bristol City,A,0.5754532035389321,0.25020584065709656,0.17434095580397135,0.5602166634289044,0.2515855512004479,0.18819778537064757,2025-08-08
2025-08-09,Championship,West Brom,Blackburn,H,0.505826043812532,0.2631957785957711,0.2309781775916968,0.5016299288489183,0.27426225571626406,0.22410781543481761,2025-08-08
2025-08-09,Championship,Stoke,Derby,H,0.41018636805254605,0.29425333702482154,0.29556029492263264,0.42459545957586814,0.3034726168755421,0.2719319235485897,2025-08-08
2025-08-09,Championship,QPR,Preston,D,0.44140677644498694,0.27031560974941127,0.288277613805602,0.3933415536374845,0.3033292231812577,0.3033292231812577,2025-08-08
2025-08-09,Championship,Oxford,Portsmouth,A,0.42827586043357185,0.24963989361010389,0.32208424595632446,0.35852124125256246,0.30536509507316045,0.3361136636742773,2025-08-08
2025-08-09,Championship,Norwich,Millwall,A,0.49780685408153186,0.2518400109198531,0.25035313499861517,0.4494798865206954,0.2893358550956573,0.2611842583836473,2025-08-08
2025-08-09,Championship,Middlesbrough,Swansea,H,0.5295380702316232,0.23473815810479343,0.2357237716635836,0.48614848659075516,0.27960563246115694,0.23424588094808788,2025-08-08
2025-08-09,Championship,Coventry,Hull,D,0.5134122762177087,0.25126955223287534,0.23531817154941603,0.5574177043360222,0.2453772591606408,0.19720503650333707,2025-08-08
2025-08-09,Championship,Charlton,Watford,H,0.35767239886484853,0.2744644171567584,0.36786318397839307,0.4274723212610246,0.2883843122537061,0.2841433664852693,2025-08-08
2025-08-10,Championship,Leicester,Sheffield Weds,H,0.7485219767322427,0.15594601916138515,0.09553200410637218,0.7663711457629337,0.15426150277031675,0.07936735146674956,2025-08-08
2025-08-16,Championship,Watford,QPR,H,0.48369312054621266,0.26016608719193685,0.25614079226185066,0.4763761300226614,0.27629815541314356,0.24732571456419503,2025-08-08
2025-08-16,Championship,Swansea,Sheffield United,H,0.2809717695742168,0.28125291126766055,0.4377753191581227,0.36383596016623543,0.3024386418881832,0.3337253979455815,2025-08-08
2025-08-16,Championship,Sheffield Weds,Stoke,A,0.4482561263337684,0.2639344536262954,0.28780942003993604,0.26752549729812963,0.2824316100508113,0.4500428926510592,2025-08-08
2025-08-16,Championship,Preston,Leicester,H,0.1980608189152832,0.23596256637642823,0.5659766147082885,0.2532334873760144,0.2771782010820559,0.46958831154192965,2025-08-08
2025-08-16,Championship,Millwall,Middlesbrough,A,0.37762096514291826,0.28013744511974914,0.3422415897373327,0.43337214796185997,0.2928545121075599,0.2737733399305801,2025-08-08
2025-08-16,Championship,Derby,Coventry,A,0.3659519562964431,0.2766231177511069,0.35742492595244996,0.3063888675328669,0.29517951872068887,0.39843161374644426,2025-08-08
2025-08-16,Championship,Blackburn,Birmingham,A,0.5309538457632965,0.25431047226102804,0.21473568197567564,0.31338905827932806,0.29613828442908974,0.39047265729158215,2025-08-08
2025-08-16,Championship,Portsmouth,Norwich,A,0.3926096961638827,0.22808264051915098,0.3793076633169665,0.35704562249620786,0.2845863638131539,0.3583680136906382,2025-08-08
2025-08-16,Championship,Bristol City,Charlton,D,0.5540475806803803,0.243728588271979,0.20222383104764083,0.4927563652089302,0.27282555813827775,0.23441807665279202,2025-08-08
2025-08-17,Championship,Ipswich,Southampton,D,0.5385754908133443,0.19671451858938693,0.26470999059726874,0.46972555352993245,0.2680428366403493,0.2622316098297184,2025-08-08
2025-08-17,Championship,Hull,Oxford,H,0.4833748397313124,0.26736290873471225,0.24926225153397533,0.5039654307549564,0.27256721888718766,0.22346735035785592,2025-08-08
2025-08-22,Championship,Derby,Bristol City,D,0.3906979094746374,0.28731424587088705,0.32198784465447566,0.31317672435453886,0.2950353897120503,0.3917878859334109,2025-08-08
2025-08-23,Championship,Preston,Ipswich,H,0.27318913988850624,0.2342742353104405,0.49253662480105337,0.26875000000000004,0.28125000000000006,0.45,2025-08-08
2025-08-23,Championship,Southampton,Stoke,A,0.6450002859923857,0.19290531338783257,0.16209440061978164,0.5128820257087149,0.26130574751555125,0.22581222677573395,2025-08-08
2025-08-23,Championship,Sheffield United,Millwall,A,0.5622426435538705,0.2721367589658967,0.16562059748023272,0.4763761300226614,0.27629815541314356,0.24732571456419503,2025-08-08
2025-08-23,Championship,Norwich,Middlesbrough,A,0.4573354927549583,0.22950362584671244,0.3131608813983294,0.39366463639719457,0.2856681432262828,0.3206672203765228,2025-08-08
2025-08-23,Championship,West Brom,Portsmouth,D,0.5717919882665327,0.22659816489502213,0.2016098468384453,0.5771854242768055,0.2446445833863617,0.17816999233683276,2025-08-08
2025-08-23,Championship,Birmingham,Oxford,H,0.4198904961859233,0.272986213859232,0.3071232899548448,0.6337247950365611,0.23155329049412804,0.13472191446931087,2025-08-08
2025-08-23,Championship,Swansea,Watford,D,0.45158473012269734,0.2618270404224354,0.2865882294548672,0.5130256383788596,0.2716868169442975,0.21528754467684288,2025-08-08
2025-08-23,Championship,Hull,Blackburn,A,0.41301041888106976,0.2815510199238647,0.3054385611950655,0.39060453507555243,0.29990688761218887,0.30948857731225876,2025-08-08
2025-08-23,Championship,Coventry,QPR,H,0.5519563301225642,0.2347761620355529,0.21326750784188275,0.6421700406249194,0.2103176988946243,0.1475122604804562,2025-08-08
2025-08-23,Championship,Charlton,Leicester,A,0.16359525856005677,0.21622142855358895,0.6201833128863543,0.2627775511393438,0.2895273617343669,0.4476950871262894,2025-08-08
2025-08-29,Championship,Leicester,Birmingham,H,0.7634899774798879,0.15397045641015147,0.08253956610996069,0.40022712275371,0.29710111566379693,0.30267176158249315,2025-08-08
2025-08-30,Championship,Watford,Southampton,D,0.343229299606973,0.2349656658257842,0.421805034567243,0.3304403155031872,0.28987728276177804,0.37968240173503476,2025-08-08
2025-08-30,Championship,Sheffield Weds,Swansea,A,0.4128672041638917,0.25568453354138426,0.33144826229472407,0.2648313004220665,0.2834704535309509,0.45169824604698255,2025-08-08
2025-08-30,Championship,Portsmouth,Preston,H,0.47161234330821017,0.24748848604437804,0.2808991706474117,0.4149398084659422,0.2929726526441349,0.292087538889923,2025-08-08
2025-08-30,Championship,Oxford,Coventry,D,0.3416638885691431,0.26105066680941286,0.39728544462144405,0.21412986093521602,0.24635859000454702,0.539511549060237,2025-08-08
2025-08-30,Championship,Ipswich,Derby,D,0.6440565579524632,0.20040183388952343,0.15554160815801324,0.6306166633223145,0.23882264724830227,0.13056068942938312,2025-08-08
2025-08-30,Championship,Bristol City,Hull,H,0.4687487454775648,0.2704273791080448,0.26082387541439034,0.4884818037005269,0.2709226810439897,0.24059551525548342,2025-08-08
2025-08-30,Championship,Blackburn,Norwich,A,0.422819976198794,0.2467947347985106,0.33038528900269537,0.4169773259708655,0.2976576603853563,0.28536501364377814,2025-08-08
2025-08-30,Championship,Stoke,West Brom,A,0.32030047128322325,0.28669354294534716,0.39300598577142964,0.393491124260355,0.2880917159763313,0.3184171597633136,2025-08-08
2025-08-30,Championship,QPR,Charlton,H,0.4940229741013399,0.2586338629102484,0.24734316298841155,0.3204730996235652,0.29239539603116815,0.3871315043452667,2025-08-08
2025-08-30,Championship,Middlesbrough,Sheffield United,H,0.34045342680945473,0.2770401540451507,0.3825064191453944,0.4223922108826941,0.27247272194968153,0.3051350671676244,2025-08-08
2025-09-12,Championship,Ipswich,Sheffield United,H,0.43316072259734456,0.2580120958481567,0.30882718155449884,0.5521452902451508,0.24400360048712477,0.20385110926772446,2025-09-12
2025-09-13,Championship,Wrexham,QPR,A,0.5931541639364496,0.19150012811736628,0.21534570794618418,0.4569244108142193,0.2840703081894853,0.25900528099629544,2025-09-12
2025-09-13,Championship,West Brom,Derby,A,0.5547012796158411,0.2479678564061149,0.1973308639780441,0.5331881725138693,0.27494888668094114,0.19186294080518954,2025-09-12
2025-09-13,Championship,Watford,Blackburn,A,0.4264389644768083,0.27036519822268024,0.30319583730051136,0.38536019341744254,0.29222177808996397,0.32241802849259354,2025-09-12
2025-09-13,Championship,Swansea,Hull,D,0.47293601476570113,0.26235747100642676,0.26470651422787217,0.52866154860705,0.25730070051885673,0.21403775087409324,2025-09-12
2025-09-13,Championship,Stoke,Birmingham,H,0.47438315327889663,0.27239341922855553,0.25322342749254784,0.31740734098051293,0.30443156917942277,0.37816108984006425,2025-09-12
2025-09-13,Championship,Sheffield Weds,Bristol City,A,0.3564861991899701,0.25560243277285855,0.3879113680371713,0.24528963635689155,0.2590995086450812,0.4956108549980271,2025-09-12
2025-09-13,Championship,Coventry,Norwich,D,0.4972914108187749,0.21905490570581754,0.28365368347540765,0.5546758767268863,0.22497343251859725,0.2203506907545165,2025-09-12
2025-09-13,Championship,Preston,Middlesbrough,D,0.328621837060296,0.264347793074789,0.407030369864915,0.2979603901862252,0.28820573455512855,0.4138338752586462,2025-09-12
2025-09-13,Championship,Oxford,Leicester,D,0.1839421247027407,0.22396641923703894,0.5920914560602203,0.22778204144282424,0.2597083653108212,0.5125095932463546,2025-09-12
2025-09-13,Championship,Charlton,Millwall,D,0.27543600773692856,0.37630333175427555,0.34826066050879584,0.3871979553903346,0.3194702602230483,0.2933317843866171,2025-09-12
2025-09-14,Championship,Southampton,Portsmouth,D,0.6168705048049942,0.19110581982245767,0.19202367537254797,0.551920930879641,0.23673079143121856,0.2113482776891404,2025-09-12
2025-09-19,Championship,Middlesbrough,West Brom,H,0.43976307695507905,0.26185235108801913,0.29838457195690177,0.4281966379896703,0.2880132148382901,0.2837901471720395,2025-09-12
2025-09-20,Championship,Sheffield United,Charlton,A,0.5787103068988061,0.2964173933464734,0.12487229975472044,0.5211149967961693,0.2612636162799224,0.21762138692390828,2025-09-12
2025-09-20,Championship,Portsmouth,Sheffield Weds,A,0.49717704705645416,0.23596066377592514,0.2668622891676206,0.6218934719515639,0.22313307442706573,0.1549734536213704,2025-09-12
2025-09-20,Championship,Norwich,Wrexham,A,0.5122606967927554,0.19594635362584373,0.29179294958140095,0.49250440617068036,0.2574156362918756,0.25007995753744394,2025-09-12
2025-09-20,Championship,Hull,Southampton,H,0.32811413665372163,0.2380767767920048,0.4338090865542735,0.31806615776081426,0.2578456318914334,0.42408821034775235,2025-09-12
2025-09-20,Championship,QPR,Stoke,H,0.4057263529577809,0.26793022399232586,0.3263434230498934,0.33374777014973783,0.2821774149954051,0.384074814854857,2025-09-12
2025-09-20,Championship,Leicester,Coventry,D,0.6222808773647983,0.20260295694820485,0.17511616568699698,0.38764643237486685,0.2662406815761448,0.34611288604898827,2025-09-12
2025-09-20,Championship,Birmingham,Swansea,H,0.36135107824860957,0.27655274753728487,0.36209617421410556,0.4763704648867275,0.2939307123769169,0.22969882273635553,2025-09-12
2025-09-20,Championship,Derby,Preston,A,0.4275191968814185,0.2751555079891898,0.29732529512939176,0.39797487082866156,0.30897090610659667,0.2930542230647417,2025-09-12
2025-09-21,Championship,Bristol City,Oxford,A,0.5553512520002754,0.23651596526376953,0.2081327827359551,0.5746593073804522,0.2475455477946564,0.1777951448248913,2025-09-12
2025-09-22,Championship,Millwall,Watford,H,0.4183636269208878,0.29012733690337067,0.29150903617574153,0.4762961524591528,0.2843768204388471,0.23932702710200002,2025-09-12
2025-09-26,Championship,West Brom,Leicester,D,0.3118885657986058,0.26941404124391993,0.41869739295747427,0.4242229512632327,0.2904589576216728,0.2853180911150945,2025-09-12
2025-09-27,Championship,Sheffield Weds,QPR,D,0.44921158034199055,0.24777079709421257,0.303017622563797,0.3078503684053148,0.28769349904544306,0.4044561325492421,2025-09-12
2025-09-27,Championship,Watford,Hull,H,0.45885812221106576,0.2656686568353989,0.2754732209535352,0.40339997861648674,0.28226237570832885,0.31433764567518446,2025-09-12
2025-09-27,Championship,Stoke,Norwich,D,0.3818247876760559,0.25023108743155137,0.3679441248923927,0.4906634098880425,0.26338063146578855,0.2459559586461689,2025-09-12
2025-09-27,Championship,Southampton,Middlesbrough,D,0.4915311031970568,0.2199552248511391,0.2885136719518042,0.4473684210526315,0.26842105263157895,0.28421052631578947,2025-09-12
2025-09-27,Championship,Preston,Bristol City,D,0.37260589002561656,0.27327783776073866,0.35411627221364467,0.3601616966430371,0.2962798054953424,0.34355849786162046,2025-09-12
2025-09-27,Championship,Ipswich,Portsmouth,H,0.621801090956831,0.19465435518262778,0.1835445538605411,0.6473944952990754,0.2134110172556687,0.13919448744525578,2025-09-12
2025-09-27,Championship,Oxford,Sheffield United,A,0.2527462050128101,0.2752322446089477,0.4720215503782423,0.3112126045695007,0.2855077286758546,0.4032796667546446,2025-09-12
2025-09-27,Championship,Charlton,Blackburn,H,0.27665041652475525,0.3481523485483615,0.37519723492688334,0.40469575680470876,0.30131553232500125,0.29398871087029,2025-09-12
2025-09-27,Championship,Wrexham,Derby,D,0.5642937325218264,0.20389096281342953,0.23181530466474423,0.4564024368315436,0.2820913020649774,0.261506261103479,2025-09-12
2025-09-27,Championship,Swansea,Millwall,D,0.43796861027276496,0.28634524743360534,0.27568614229362964,0.4400658141191853,0.2924908734326911,0.2674433124481237,2025-09-12
2025-09-27,Championship,Coventry,Birmingham,H,0.593331395423026,0.22011329559126508,0.18655530898570888,0.4696039841424359,0.27173713689140955,0.2586588789661545,2025-09-12
2025-09-30,Championship,Derby,Charlton,D,0.4656013309497177,0.3264247496242502,0.20797391942603222,0.34720700985761227,0.30558598028477546,0.34720700985761227,2025-09-12
2025-09-30,Championship,Middlesbrough,Stoke,D,0.5503519981179898,0.23837935750474726,0.21126864437726267,0.5249698855651476,0.26320016061031926,0.21182995382453323,2025-09-12
2025-09-30,Championship,Leicester,Wrexham,D,0.6970289029511981,0.16035402776122432,0.14261706928757759,0.5337385792916846,0.25157990325988255,0.21468151744843308,2025-09-12
2025-09-30,Championship,Sheffield United,Southampton,A,0.48049971916604434,0.24366363265057703,0.2758366481833787,0.3854497979676671,0.2887996993727893,0.3257505026595435,2025-09-12
2025-09-30,Championship,Bristol City,Ipswich,D,0.3760496729029352,0.2416790631739553,0.3822712639231095,0.33405391266886175,0.27998738345078006,0.3859587038803582,2025-09-12
2025-09-30,Championship,Blackburn,Swansea,A,0.43427394613102227,0.26852779708442376,0.2971982567845538,0.377996177996178,0.30051870051870055,0.32148512148512154,2025-09-12
2025-09-30,Championship,Birmingham,Sheffield Weds,D,0.4326846826257767,0.2627295666743841,0.3045857506998392,0.6503516681695221,0.21975353171024947,0.12989480012022842,2025-09-12
2025-09-30,Championship,Hull,Preston,D,0.4369878574675844,0.2757438749717585,0.287268267560657,0.4440850852096031,0.2847369075755691,0.2711780072148277,2025-09-12
2025-10-01,Championship,Millwall,Coventry,A,0.36237773139998963,0.27325372436094025,0.3643685442390701,0.2560251704247509,0.2695752490823282,0.47439958049292075,2025-09-12
2025-10-01,Championship,Norwich,West Brom,A,0.4147736165247355,0.2498272611487607,0.335399122326504,0.27772616677726164,0.2809555408095554,0.44131829241318293,2025-09-12
2025-10-01,Championship,Portsmouth,Watford,D,0.43126440017762646,0.25414975037995646,0.31458584944241685,0.410367959112274,0.29436728981913873,0.29526475106858735,2025-09-12
2025-10-01,Championship,QPR,Oxford,D,0.46713559958551554,0.2533110702931295,0.279553330121355,0.4582623141815357,0.2731450516731752,0.26859263414528894,2025-09-12
2025-10-03,Championship,Wrexham,Birmingham,D,0.5935126775936131,0.19977224371601512,0.20671507869037162,0.28391104674428796,0.3093088400632658,0.4067801131924462,2025-09-12
2025-10-04,Championship,Portsmouth,Middlesbrough,H,0.346355241813853,0.24579000210007246,0.4078547560860744,0.32238667900092505,0.28445883441258096,0.393154486586494,2025-09-12
2025-10-04,Championship,Watford,Oxford,H,0.5119976267714447,0.2509475954207494,0.23705477780780604,0.5031761688695995,0.27524166502268693,0.22158216610771353,2025-09-12
2025-10-04,Championship,Swansea,Leicester,A,0.24725043406444183,0.24782841295088812,0.5049211529846701,0.3724778046811945,0.2865213882163035,0.3410008071025021,2025-09-12
2025-10-04,Championship,Preston,Charlton,H,0.46326948755169617,0.33306677395999135,0.20366373848831262,0.36231216875007377,0.31306585455103464,0.3246219766988916,2025-09-12
2025-10-04,Championship,Derby,Southampton,D,0.3171683750111775,0.23530073041332533,0.4475308945754972,0.27620053634060976,0.29030086402166194,0.43349859963772835,2025-09-12
2025-10-04,Championship,Sheffield Weds,Coventry,A,0.32589047863503756,0.23952704490487617,0.4345824764600863,0.19164827844623006,0.23454764977725967,0.5738040717765103,2025-09-12
2025-10-04,Championship,Bristol City,QPR,A,0.541167277385042,0.23553528890779168,0.22329743370716623,0.4853353876630165,0.2682826170692786,0.24638199526770482,2025-09-12
2025-10-04,Championship,Hull,Sheffield United,H,0.28950923250530763,0.28834636866325686,0.42214439883143545,0.3639520373284141,0.28142802886441326,0.35461993380717266,2025-09-12
2025-10-04,Championship,Blackburn,Stoke,D,0.45635808923872245,0.2726640233595927,0.27097788740168494,0.384271702328179,0.2961359907850187,0.31959230688680235,2025-09-12
2025-10-04,Championship,Millwall,West Brom,H,0.3329170021000407,0.3033614667141781,0.36372153118578116,0.332574067797946,0.31421770691299444,0.35320822528905943,2025-09-12
2025-10-05,Championship,Ipswich,Norwich,H,0.5544943230974826,0.20389884738285322,0.2416068295196642,0.6190994916485113,0.2251270878721859,0.15577342047930284,2025-09-12
2025-10-17,Championship,Middlesbrough,Ipswich,H,0.3742785901198222,0.23945160278589392,0.3862698070942837,0.32797635504811157,0.29408214206441613,0.37794150288747236,2025-10-17
2025-10-18,Championship,West Brom,Preston,H,0.5061632542581541,0.2698871722440838,0.2239495734977623,0.5361219503300391,0.2636665329491995,0.20021151672076143,2025-10-17
2025-10-18,Championship,Stoke,Wrexham,H,0.43446997409873606,0.24751254611935244,0.3180174797819112,0.4712710593631473,0.26761929963835235,0.2611096409985005,2025-10-17
2025-10-18,Championship,Sheffield United,Watford,H,0.5023048663767613,0.27217163981332626,0.22552349380991216,0.449840069787729,0.28445769118929926,0.2657022390229718,2025-10-17
2025-10-18,Championship,Norwich,Bristol City,A,0.4630975002579747,0.24070663894451771,0.2961958607975077,0.37484855827477587,0.27089895808093045,0.3542524836442937,2025-10-17
2025-10-18,Championship,Coventry,Blackburn,H,0.5645957409640415,0.23032186742617206,0.20508239160978653,0.6459820043437791,0.2153273347812597,0.1386906608749612,2025-10-17
2025-10-18,Championship,Southampton,Swansea,D,0.5454463328959911,0.22431061097721125,0.23024305612679774,0.49089375824594333,0.2585723806803498,0.2505338610737069,2025-10-17
2025-10-18,Championship,Birmingham,Hull,A,0.3671714457724529,0.28459270137110626,0.3482358528564408,0.5489649166166485,0.25425743506455295,0.1967776483187986,2025-10-17
2025-10-18,Championship,QPR,Millwall,A,0.3922991459847801,0.28973851189168226,0.31796234212353763,0.35739383398961205,0.30747215559106306,0.3351340104193248,2025-10-17
2025-10-18,Championship,Oxford,Derby,H,0.404785037475123,0.2796635440218261,0.31555141850305085,0.3682485035796722,0.30455772465865966,0.3271937717616682,2025-10-17
2025-10-18,Championship,Leicester,Portsmouth,D,0.6770366226452811,0.195439328352722,0.12752404900199688,0.6033943724877177,0.22986452285246387,0.16674110465981837,2025-10-17
2025-10-18,Championship,Charlton,Sheffield Weds,H,0.5030526111039958,0.27802787750829205,0.21891951138771198,0.5884973336900535,0.24068220130964782,0.1708204650002987,2025-10-17
2025-10-21,Championship,Preston,Birmingham,A,0.474611470539919,0.27895852367764257,0.2464300057824386,0.32486803793033653,0.2969652616663812,0.3781667004032823,2025-10-17
2025-10-21,Championship,Portsmouth,Coventry,A,0.3115381085199161,0.2482142921521156,0.4402475993279683,0.2312992125984252,0.2544291338582677,0.5142716535433071,2025-10-17
2025-10-21,Championship,Bristol City,Southampton,H,0.39797118771606005,0.24536757307359286,0.3566612392103472,0.39522122744068566,0.27430368476761474,0.33047508779169965,2025-10-17
2025-10-21,Championship,Millwall,Stoke,H,0.4181146204125807,0.3055557782286268,0.2763296013587924,0.3981279251170046,0.2985959438377535,0.3032761310452418,2025-10-17
2025-10-21,Championship,Blackburn,Sheffield United,A,0.33765015606030807,0.29641005313206226,0.3659397908076297,0.38713844077158494,0.2996427560151586,0.31321880321325646,2025-10-17
2025-10-21,Championship,Hull,Leicester,H,0.23091663579605348,0.2533751472301775,0.5157082169737687,0.2764208675053389,0.2650611058270373,0.45851802666762376,2025-10-17
2025-10-21,Championship,Derby,Norwich,H,0.37176098914104294,0.2566997859249553,0.371539224934002,0.375017553714366,0.29588540935261903,0.32909703693301506,2025-10-17
2025-10-21,Championship,Ipswich,Charlton,A,0.5677467883301255,0.2459146396253755,0.18633857204449888,0.5874757544895776,0.25221472182275056,0.16030952368767176,2025-10-17
2025-10-22,Championship,Swansea,QPR,A,0.4771283301038444,0.256395617321675,0.2664760525744805,0.418848167539267,0.28795811518324604,0.29319371727748694,2025-10-17
2025-10-22,Championship,Watford,West Brom,H,0.35459734511675434,0.2834179256663675,0.36198472921687835,0.3266427345091306,0.29567660371468707,0.3776806617761823,2025-10-17
2025-10-22,Championship,Wrexham,Oxford,H,0.5195475081523303,0.22382994549669216,0.25662254635097753,0.48292763748325895,0.2713076615074489,0.2457647010092921,2025-10-17
2025-10-22,Championship,Sheffield Weds,Middlesbrough,A,0.28664956843266354,0.24596432614994734,0.46738610541738906,0.17876654759403238,0.23261189325488546,0.5886215591510822,2025-10-17
2025-10-24,Championship,Preston,Sheffield United,H,0.3261452461565913,0.2994210244462865,0.37443372939712216,0.34028564951258217,0.30151892994785756,0.35819542053956016,2025-10-17
2025-10-25,Championship,Millwall,Leicester,H,0.23538725796136142,0.2787601023220518,0.48585263971658676,0.3464996788696211,0.2870102761721259,0.366490044958253,2025-10-17
2025-10-25,Championship,Middlesbrough,Wrexham,D,0.5666359701211894,0.20864037524913373,0.22472365462967686,0.5200129995043118,0.26071884632681935,0.2192681541688688,2025-10-17
2025-10-25,Championship,Hull,Charlton,D,0.37676851663010713,0.3138593295377944,0.3093721538320985,0.3904114235998867,0.29310888417960723,0.31647969222050615,2025-10-17
2025-10-25,Championship,Derby,QPR,H,0.43372002494424183,0.27327234494670793,0.2930076301090501,0.39098275437886393,0.28562811996539766,0.3233891256557383,2025-10-17
2025-10-25,Championship,Ipswich,West Brom,H,0.5430299558534223,0.23207501665957112,0.22489502748700674,0.5510957352206698,0.25142829299192365,0.19747597178740667,2025-10-17
2025-10-25,Championship,Blackburn,Southampton,H,0.3563283933780328,0.251250419085731,0.3924211875362362,0.3151356288970968,0.2866595178521784,0.39820485325072474,2025-10-17
2025-10-25,Championship,Portsmouth,Stoke,A,0.41982367461095793,0.2790380944149665,0.3011382309740755,0.34814784793709974,0.30871362567885224,0.34313852638404796,2025-10-17
2025-10-25,Championship,Sheffield Weds,Oxford,A,0.41965930878055696,0.2577319669641993,0.3226087242552437,0.3567401744270089,0.28517852267069277,0.35808130290229834,2025-10-17
2025-10-25,Championship,Coventry,Watford,H,0.5672666866353524,0.2269292663389451,0.2058040470257025,0.6509291813159217,0.20341536916122552,0.14565544952285284,2025-10-17
2025-10-25,Championship,Bristol City,Birmingham,H,0.5324355570973938,0.25626734664565753,0.21129709625694892,0.4125408014921689,0.2896563074306718,0.2978028910771594,2025-10-17
2025-10-25,Championship,Swansea,Norwich,H,0.41282827393053007,0.24543805633945304,0.3417336697300169,0.4327861087981177,0.2630191821425025,0.30419470905937984,2025-10-17
2025-10-31,Championship,Wrexham,Coventry,H,0.34202915349893814,0.22258042486877816,0.43539042163228364,,,,2025-10-17
2025-11-01,Championship,Leicester,Blackburn,A,0.6457138896971225,0.21353795360444314,0.14074815669843438,,,,2025-10-17
2025-11-01,Championship,Watford,Middlesbrough,H,0.3522050422957361,0.26569001830910416,0.38210493939515966,,,,2025-10-17
2025-11-01,Championship,Southampton,Preston,A,0.5568469471863653,0.22818447595484953,0.21496857685878526,,,,2025-10-17
2025-11-01,Championship,Sheffield United,Derby,A,0.5194152171383223,0.2747334296057558,0.20585135325592174,,,,2025-10-17
2025-11-01,Championship,QPR,Ipswich,A,0.2557588627520794,0.22854777305217908,0.5156933641957415,,,,2025-10-17
2025-11-01,Championship,Stoke,Bristol City,H,0.37716441808227164,0.28464751621583945,0.338188065701889,,,,2025-10-17
2025-11-01,Championship,Charlton,Swansea,D,0.41873706660612053,0.3064602453906683,0.2748026880032109,,,,2025-10-17
2025-11-01,Championship,Birmingham,Portsmouth,H,0.3807567534822427,0.2795681029752235,0.339675143542534,,,,2025-10-17
2025-11-01,Championship,West Brom,Sheffield Weds,D,0.5896968695377772,0.2293848398353352,0.1809182906268876,,,,2025-10-17
2025-11-01,Championship,Norwich,Hull,A,0.5116827622847623,0.23420289394226676,0.25411434377297126,,,,2025-10-17
2025-11-01,Championship,Oxford,Millwall,D,0.3724381502444262,0.2944726634939017,0.33308918626167217,,,,2025-10-17
2025-11-04,Championship,Coventry,Sheffield United,H,0.46026855244634635,0.2648025612113287,0.2749288863423248,,,,2025-10-17
2025-11-04,Championship,Birmingham,Millwall,H,0.3474120432517248,0.30836011953325954,0.34422783721501554,,,,2025-10-17
2025-11-04,Championship,Bristol City,Blackburn,A,0.46916238878294286,0.2651769476791084,0.265660663537949,,,,2025-10-17
2025-11-04,Championship,Charlton,West Brom,H,0.35042667657068444,0.326562785136716,0.3230105382925997,,,,2025-10-17
2025-11-04,Championship,Derby,Hull,H,0.4097853768729722,0.27978587015413214,0.3104287529728955,,,,2025-10-17
2025-11-04,Championship,Ipswich,Watford,D,0.6344738519927623,0.19903924783745283,0.16648690016978515,,,,2025-10-17
2025-11-04,Championship,Leicester,Middlesbrough,D,0.5721568913384706,0.23198751302822077,0.19585559563330868,,,,2025-10-17
2025-11-04,Championship,Oxford,Stoke,A,0.389379868751319,0.2856537748572931,0.324966356391388,,,,2025-10-17
2025-11-05,Championship,Sheffield Weds,Norwich,D,0.33220255867974324,0.23537467518526467,0.43242276613499214,,,,2025-10-17
2025-11-05,Championship,Portsmouth,Wrexham,D,0.4380965090833552,0.2324558362984077,0.32944765461823716,,,,2025-10-17
2025-11-05,Championship,Preston,Swansea,H,0.4107798257351697,0.275905324268878,0.3133148499959524,,,,2025-10-17
2025-11-05,Championship,QPR,Southampton,A,0.32870569279227685,0.2420453266626454,0.42924898054507776,,,,2025-10-17
2025-11-07,Championship,Watford,Bristol City,D,0.3991458400303276,0.27034099858274485,0.33051316138692743,,,,2025-10-17
2025-11-08,Championship,Wrexham,Charlton,H,0.4126890755329206,0.27150373878935263,0.31580718567772686,,,,2025-10-17
2025-11-08,Championship,West Brom,Oxford,H,0.5520942915965867,0.2503368554915253,0.1975688529118882,,,,2025-10-17
2025-11-08,Championship,Swansea,Ipswich,A,0.2907159072743976,0.2372190193367956,0.47206507338880666,,,,2025-10-17
2025-11-08,Championship,Stoke,Coventry,A,0.31314089597231726,0.2663012581408125,0.42055784588687006,,,,2025-10-17
2025-11-08,Championship,Sheffield United,QPR,D,0.537885639801135,0.25852944545029344,0.20358491474857168,,,,2025-10-17
2025-11-08,Championship,Southampton,Sheffield Weds,H,0.6456538437824829,0.1887223944053708,0.1656237618121463,,,,2025-10-17
2025-11-08,Championship,Middlesbrough,Birmingham,H,0.5902082336673643,0.2339217327112343,0.17587003362140152,,,,2025-10-17
2025-11-08,Championship,Millwall,Preston,D,0.42212506883735995,0.29831264086195386,0.2795622903006861,,,,2025-10-17
2025-11-08,Championship,Hull,Portsmouth,H,0.44892485957862327,0.26251207464213766,0.2885630657792391,,,,2025-10-17
2025-11-08,Championship,Blackburn,Derby,A,0.44858746512962394,0.27894043536513197,0.27247209950524404,,,,2025-10-17
2025-11-08,Championship,Norwich,Leicester,A,0.2784515186618985,0.2396347389897979,0.4819137423483034,,,,2025-10-17
2025-11-21,Championship,Preston,Blackburn,A,0.42186527596931045,0.2762243844447899,0.30191033958589963,0.37967312909415735,0.2997419440217032,0.3205849268841395,2025-11-21
2025-11-22,Championship,QPR,Hull,H,0.3891784168616763,0.2626020295611559,0.34821955357716766,0.4904703649306703,0.2611423294360596,0.24838730563327005,2025-11-21
2025-11-22,Championship,Portsmouth,Millwall,H,0.37313629288810063,0.2840059056926781,0.3428578014192214,0.4188328000634635,0.2870931062749557,0.29407409366158077,2025-11-21
2025-11-22,Championship,Oxford,Middlesbrough,D,0.2990278663718939,0.25829180028649584,0.4426803333416104,0.2573965336283437,0.27730973250503504,0.46529373386662126,2025-11-21
2025-11-22,Championship,Ipswich,Wrexham,D,0.5920535340515652,0.20441526702231766,0.20353119892611696,0.6606643707627445,0.2096891263725233,0.12964650286473212,2025-11-21
2025-11-22,Championship,Leicester,Stoke,H,0.5640276888418372,0.2475736865560295,0.1883986246021332,0.4648713277157823,0.2723753131405148,0.26275335914370307,2025-11-21
2025-11-22,Championship,Birmingham,Norwich,H,0.4003764175316126,0.25097769069056525,0.3486458917778222,0.5635847649205636,0.24093248700354097,0.19548274807589533,2025-11-21
2025-11-22,Championship,Coventry,West Brom,H,0.49860448038621286,0.24892560149488008,0.25246991811890707,0.4932310347617378,0.2715541652059006,0.23521480003236156,2025-11-21
2025-11-22,Championship,Charlton,Southampton,A,0.47405143446627723,0.27425470524973855,0.2516938602839844,0.34072056456605176,0.2812925591184846,0.3779868763154636,2025-11-21
2025-11-22,Championship,Bristol City,Swansea,H,0.47155839213520057,0.25811932318557634,0.2703222846792231,0.4947896055929298,0.26579606912016884,0.23941432528690146,2025-11-21
2025-11-22,Championship,Derby,Watford,A,0.418154525407956,0.2773074928069038,0.30453798178514013,0.3933321737113701,0.3014321331246013,0.3052356931640285,2025-11-21
2025-11-23,Championship,Sheffield Weds,Sheffield United,A,0.29079311705908045,0.26598094732928806,0.44322593561163154,0.2437202987101154,0.26883910386965376,0.4874405974202308,2025-11-21
2025-11-25,Championship,Southampton,Leicester,H,0.34694103552333116,0.24619515470658476,0.4068638097700842,0.5129470192201157,0.25853629923158644,0.22851668154829796,2025-11-21
2025-11-25,Championship,Swansea,Derby,A,0.4193731637051607,0.27558384990248547,0.30504298639235367,0.422818942085777,0.3133512548143785,0.26382980309984455,2025-11-21
2025-11-25,Championship,Stoke,Charlton,H,0.3120638528685731,0.33130344737055556,0.35663269976087136,0.5037948181104424,0.2763674430777283,0.21983773881182936,2025-11-21
2025-11-25,Championship,Watford,Preston,D,0.44286309108210664,0.2704870881552804,0.2866498207626131,0.5300096030729834,0.2694462227912932,0.20054417413572348,2025-11-21
2025-11-25,Championship,Middlesbrough,Coventry,A,0.4062929259913641,0.24556498560439893,0.3481420884042371,0.34570074475287743,0.2805687203791469,0.3737305348679756,2025-11-21
2025-11-25,Championship,Hull,Ipswich,A,0.30123625627717177,0.22980445022637255,0.46895929349645554,0.19636032118938251,0.25158666152389636,0.5520530172867212,2025-11-21
2025-11-25,Championship,Norwich,Oxford,D,0.5429982320115536,0.22710436969228945,0.2298973982961567,0.5222152859419908,0.2597038384388933,0.21808087561911585,2025-11-21
2025-11-26,Championship,Blackburn,QPR,A,0.47624803902504165,0.2616388389730462,0.26211312200191217,0.4135138813282525,0.2733396842678279,0.31314643440391937,2025-11-21
2025-11-26,Championship,Millwall,Sheffield Weds,H,0.5121981168236238,0.2577342083044157,0.23006767487196056,0.5774198319327731,0.24788974789915963,0.17469042016806724,2025-11-21
2025-11-26,Championship,Sheffield United,Portsmouth,H,0.5474958565257009,0.24864939123979446,0.20385475223450483,0.5640919959461711,0.2486075549144208,0.18730044913940827,2025-11-21
2025-11-26,Championship,Wrexham,Bristol City,H,0.44994931631258905,0.2569242764411618,0.2931264072462491,0.38088277599384224,0.2922786256871176,0.32683859831904033,2025-11-21
2025-11-26,Championship,West Brom,Birmingham,D,0.5094745459521071,0.2645275412934892,0.2259979127544037,0.32704633854293025,0.30346619501162186,0.36948746644544794,2025-11-21
2025-11-28,Championship,Oxford,Ipswich,H,0.23580679942828572,0.219291214932901,0.5449019856388131,0.15536129874552987,0.24635295453255376,0.5982857467219163,2025-11-21
2025-11-29,Championship,Norwich,QPR,H,0.5207473545038,0.23191234221532198,0.24734030328087792,0.3839522344411612,0.262923812715143,0.35312395284369574,2025-11-21
2025-11-29,Championship,West Brom,Swansea,H,0.4952314883567878,0.26555175843061235,0.23921675321259983,0.5224911332281299,0.27228411168226496,0.20522475508960522,2025-11-21
2025-11-29,Championship,Sheffield Weds,Preston,A,0.35539960083961347,0.26580679362163356,0.3787936055387531,0.2813519209066373,0.2726339740616429,0.4460141050317199,2025-11-21
2025-11-29,Championship,Wrexham,Blackburn,D,0.473517958453021,0.25849529317128145,0.2679867483756974,0.42603437086167245,0.28868597667343177,0.2852796524648957,2025-11-21
2025-11-29,Championship,Millwall,Southampton,H,0.38496610282044874,0.2617960113783587,0.35323788580119253,0.30742105923838,0.2839813303814947,0.4085976103801253,2025-11-21
2025-11-29,Championship,Stoke,Hull,A,0.43037816175351257,0.27303594860615127,0.29658588964033605,0.5519551445423433,0.25486055486783665,0.19318430058982017,2025-11-21
2025-11-29,Championship,Coventry,Charlton,H,0.43195695182787286,0.28698838266125853,0.28105466551086855,0.6521854903131581,0.2116742380840952,0.1361402716027467,2025-11-21
2025-11-29,Championship,Leicester,Sheffield United,A,0.5102690142703761,0.26153832854266135,0.22819265718696274,0.40323135097971813,0.28050876589893436,0.31625988312134756,2025-11-21
2025-11-29,Championship,Middlesbrough,Derby,H,0.5103778161889448,0.25483714849766437,0.23478503531339068,0.48823096726737775,0.27307833762412653,0.2386906951084958,2025-11-21
2025-11-29,Championship,Portsmouth,Bristol City,A,0.3538377108172553,0.2651063172835136,0.3810559718992311,0.34906333178748333,0.2860666949856003,0.36486997322691656,2025-11-21
2025-12-01,Championship,Birmingham,Watford,H,0.3980109654775844,0.2723011797787323,0.3296878547436834,0.5362047096453979,0.25533557602161805,0.20845971433298405,2025-11-21
2025-12-02,Championship,Blackburn,Ipswich,D,0.2949292362425019,0.23753592335123666,0.46753484040626153,0.24642442984151525,0.2705836876691148,0.4829918824893699,2025-11-21
2025-12-05,Championship,Hull,Middlesbrough,A,0.36672679853376683,0.2588829314638619,0.37439027000237124,0.34173789769336893,0.26351995925673954,0.3947421430498914,2025-11-21
2025-12-06,Championship,Derby,Leicester,A,0.28999904234502416,0.2744699544350437,0.43553100321993216,0.34665556044508705,0.3003630477148425,0.35298139184007044,2025-11-21
2025-12-06,Championship,Watford,Norwich,H,0.4369855226156121,0.2472799654822673,0.3157345119021204,0.5397556137816196,0.2345054729779367,0.22573891324044373,2025-11-21
2025-12-06,Championship,Bristol City,Millwall,A,0.45205260513408657,0.27713074263572024,0.2708166522301933,0.46662946785560705,0.27440994274463254,0.25896058939976047,2025-11-21
2025-12-06,Championship,Ipswich,Coventry,H,0.5073143699555576,0.21442634623519338,0.27825928380924914,0.4626942413162706,0.2656678473491773,0.2716379113345521,2025-11-21
2025-12-06,Championship,Preston,Wrexham,D,0.3916469353006716,0.2688797111052417,0.3394733535940865,0.41352492632986,0.2914603396421302,0.2950147340280098,2025-11-21
2025-12-06,Championship,QPR,West Brom,H,0.32505247140310095,0.27981947248141514,0.3951280561154838,0.40173349602389874,0.2839230866327261,0.31434341734337534,2025-11-21
2025-12-06,Championship,Sheffield United,Stoke,H,0.46869122144252257,0.2824221960206939,0.24888658253678356,0.4671805239361419,0.2763039098708039,0.25651556619305405,2025-11-21
2025-12-06,Championship,Southampton,Birmingham,H,0.5332259934452157,0.2296116813087108,0.23716232524607334,0.42242485747545,0.26144673611318386,0.31612840641136614,2025-11-21
2025-12-06,Championship,Swansea,Oxford,H,0.4935589383918735,0.2544058944256514,0.2520351671824753,0.4577163137926814,0.2840533594419288,0.25823032676538976,2025-11-21
2025-12-09,Championship,QPR,Birmingham,H,0.4141611236355747,0.26849756485618187,0.31734131150824335,0.33954505451429046,0.2749157401607182,0.38553920532499125,2025-11-21
2025-12-09,Championship,Watford,Sheffield Weds,D,0.5405820307321131,0.23824425018326315,0.22117371908462363,0.6100886732474485,0.2180859963192237,0.1718253304333278,2025-11-21
2025-12-09,Championship,Swansea,Portsmouth,H,0.4866334590660649,0.2542970550892978,0.25906948584463724,0.5111010421386497,0.2768463978251019,0.21205256003624826,2025-11-21
2025-12-09,Championship,Southampton,West Brom,H,0.4294122914318734,0.25489818359689914,0.3156895249712274,0.518837729446244,0.25462748727441,0.22653478327934598,2025-11-21
2025-12-09,Championship,Preston,Coventry,D,0.3170039120288462,0.25350572140349603,0.4294903665676577,0.287953242498697,0.30005211823393646,0.4119946392673665,2025-11-21
2025-12-09,Championship,Charlton,Middlesbrough,A,0.43023661374611677,0.3012729126833024,0.2684904735705809,0.3239312472454826,0.28074041427941826,0.39532833847509913,2025-11-21
2025-12-09,Championship,Blackburn,Oxford,D,0.49678329044986375,0.2577545008739897,0.24546220867614624,0.5522655233537953,0.2536652666323207,0.19406921001388389,2025-11-21
2025-12-09,Championship,Sheffield United,Norwich,D,0.48757585377693474,0.24819108117787478,0.26423306504519034,0.5836035591109279,0.22342131613295382,0.1929751247561184,2025-11-21
2025-12-10,Championship,Bristol City,Leicester,D,0.3169225819926891,0.2662187816291293,0.4168586363781816,0.41718217206312813,0.276532182624702,0.30628564531216995,2025-11-21
2025-12-10,Championship,Derby,Millwall,D,0.41736252568659143,0.2932531513266712,0.2893843229867372,0.34483434236564203,0.3028076568898294,0.3523580007445288,2025-11-21
2025-12-10,Championship,Ipswich,Stoke,H,0.6051649240849387,0.2118513586003927,0.18298371731466873,0.6134872314436942,0.2326509549194686,0.15386181363683704,2025-11-21
2025-12-10,Championship,Hull,Wrexham,H,0.40817807413948626,0.2577377287886755,0.33408419707183834,0.3809059179698799,0.2772209259723481,0.3418731560577721,2025-11-21
2025-12-12,Championship,West Brom,Sheffield United,H,0.4165746318642593,0.2906087367564779,0.2928166313792628,0.3905648168120051,0.28656826795673745,0.3228669152312575,2025-11-21
2025-12-13,Championship,Portsmouth,Blackburn,H,0.37743846594356967,0.27113513663735594,0.3514263974190743,0.3345910835775037,0.2770682611859558,0.38834065523654043,2025-11-21
2025-12-13,Championship,Millwall,Hull,A,0.41776666672658597,0.2782327235030947,0.30400060977031934,0.48609848861574767,0.25933940813547934,0.2545621032487731,2025-11-21
2025-12-13,Championship,Middlesbrough,QPR,H,0.5679694429997905,0.23128067163333466,0.2007498853668747,0.5085217573990913,0.25696578166443446,0.23451246093647418,2025-11-21
2025-12-13,Championship,Leicester,Ipswich,H,0.4537816579514808,0.23617681814984742,0.3100415238986719,0.2718032180506751,0.29233216201220635,0.4358646199371185,2025-11-21
2025-12-13,Championship,Norwich,Southampton,H,0.4301697940050935,0.2271267102946775,0.34270349570022896,0.2706004759304853,0.2439504290585436,0.4854490950109711,2025-11-21
2025-12-13,Championship,Birmingham,Charlton,D,0.2929505773822592,0.31569178509286117,0.3913576375248795,0.6327810827149354,0.22472599199222001,0.14249292529284469,2025-11-21
2025-12-13,Championship,Stoke,Swansea,H,0.43871787613402724,0.27676008430330856,0.28452203956266425,0.4542928901652872,0.2862851645124443,0.25942194532226853,2025-11-21
2025-12-13,Championship,Oxford,Preston,A,0.372737258099395,0.2740304340493385,0.3532323078512666,0.35576911839752556,0.2871489620300503,0.3570819195724242,2025-11-21
2025-12-13,Championship,Coventry,Bristol City,H,0.5511556264931745,0.22623798263663483,0.22260639087019088,0.6215695680501757,0.20197753259492088,0.17645289935490338,2025-11-21
2025-12-13,Championship,Wrexham,Watford,D,0.46700677962253245,0.2568638063734645,0.2761294140040029,0.3466546300475678,0.27554598798652824,0.37779938196590396,2025-11-21
2025-12-15,Championship,Sheffield Weds,Derby,A,0.3483143723557889,0.2694964848519206,0.3821891427922905,0.2722937791175665,0.280186352425322,0.44751986845711156,2025-11-21
2025-12-19,Championship,Swansea,Wrexham,H,0.3924381620399352,0.2632806857014696,0.3442811522585951,0.4341799674779883,0.2907571553981724,0.2750628771238392,2025-11-21
2025-12-20,Championship,Watford,Stoke,H,0.42514842487139665,0.2801784036916643,0.29467317143693916,0.46506580466404984,0.27559455091202956,0.2593396444239206,2025-11-21
2025-12-20,Championship,Sheffield United,Birmingham,H,0.5103858396301642,0.26314964739269087,0.22646451297714507,0.4124443602613884,0.2893266407803769,0.29822899895823474,2025-11-21
2025-12-20,Championship,QPR,Leicester,H,0.2546706684388581,0.25564518140681414,0.48968415015432804,0.3902129827155009,0.27259949215054713,0.337187525133952,2025-11-21
2025-12-20,Championship,Ipswich,Sheffield Weds,H,0.7305775951066614,0.15407423157077185,0.11534817332256661,0.8056470100252204,0.12868724052751843,0.06566574944726111,2025-11-21
2025-12-20,Championship,Hull,West Brom,H,0.37197898333893165,0.2767365487413517,0.3512844679197168,0.3327742213467931,0.27987658500553986,0.3873491936476671,2025-11-21
2025-12-20,Championship,Blackburn,Millwall,H,0.42063505921810573,0.28780755470398256,0.29155738607791154,0.41176246814014533,0.2932247879179823,0.29501274394187244,2025-11-21
2025-12-20,Championship,Charlton,Oxford,H,0.5566751027985589,0.2711846133894296,0.17214028381201146,0.4676625479993958,0.2872585977325665,0.24507885426803772,2025-11-21
2025-12-20,Championship,Bristol City,Middlesbrough,H,0.38733654640190013,0.262205630950617,0.3504578226474829,0.354787924753795,0.26979694556486367,0.3754151296813412,2025-11-21
2025-12-20,Championship,Southampton,Coventry,D,0.3846596205850672,0.23038320195486,0.38495717746007263,0.41486560065782896,0.2459635749447179,0.3391708243974531,2025-11-21
2025-12-20,Championship,Preston,Norwich,D,0.4195332678354963,0.25242814116360174,0.328038591000902,0.432102415516069,0.26159713804216067,0.3063004464417704,2025-11-21
2025-12-20,Championship,Derby,Portsmouth,D,0.48615793910689364,0.26265250570347926,0.25118955518962727,0.4805879863326211,0.28495039897597885,0.2344616146914001,2025-11-21
2025-12-26,Championship,Wrexham,Sheffield United,H,0.3465197232811597,0.2888192219435787,0.3646610547752618,0.3110385629445195,0.2702038912730323,0.4187575457824483,2025-12-26
2025-12-26,Championship,West Brom,Bristol City,A,0.4471079723922841,0.2762306005171767,0.27666142709053915,0.4515732689679239,0.278491871928345,0.26993485910373105,2025-12-26
2025-12-26,Championship,Sheffield Weds,Hull,D,0.3280704997932523,0.25602152566883113,0.4159079745379164,0.22333089340062412,0.257965096120507,0.5187040104788689,2025-12-26
2025-12-26,Championship,Portsmouth,QPR,D,0.4079138073080776,0.26321095026008484,0.3288752424318374,0.30059759902691835,0.2821936643926172,0.4172087365804643,2025-12-26
2025-12-26,Championship,Norwich,Charlton,H,0.5039493498543985,0.25184920272208344,0.24420144742351796,0.4690721649484537,0.2654639175257732,0.2654639175257732,2025-12-26
2025-12-26,Championship,Stoke,Preston,D,0.4244820604816034,0.28753830116195295,0.2879796383564437,0.47174369858080395,0.28527273807983716,0.24298356333935878,2025-12-26
2025-12-26,Championship,Oxford,Southampton,H,0.29511583517014567,0.23841034565806613,0.4664738191717881,0.24709437623321034,0.24031622626172575,0.5125893975050639,2025-12-26
2025-12-26,Championship,Leicester,Watford,A,0.5523938339785502,0.22857473851047505,0.21903142751097476,0.4169380492903801,0.27402160746563226,0.30904034324398777,2025-12-26
2025-12-26,Championship,Coventry,Swansea,H,0.6056408073805337,0.21252339226109285,0.18183580035837352,0.6028909857458342,0.2248544468982132,0.17225456735595263,2025-12-26
2025-12-26,Championship,Millwall,Ipswich,D,0.27838945574758006,0.26166079910897466,0.4599497451434454,0.23722307865518852,0.28480764900490185,0.4779692723399096,2025-12-26
2025-12-26,Championship,Birmingham,Derby,D,0.41220659913146174,0.2719786111601606,0.31581478970837734,0.4857863653827192,0.2834940959271587,0.23071953869012202,2025-12-26
2025-12-26,Championship,Middlesbrough,Blackburn,D,0.5203736760822647,0.25042021090345257,0.22920611301428265,0.5579897801105228,0.24500566487086403,0.1970045550186131,2025-12-26
2025-12-29,Championship,Wrexham,Preston,H,0.4493802247599939,0.2786600575348967,0.27195971770510935,0.4485874064928462,0.2792359648485729,0.2721766286585809,2025-12-26
2025-12-29,Championship,West Brom,QPR,H,0.5154966158902904,0.25249248687662074,0.23201089723308896,0.5450885983651259,0.24425489091298044,0.21065651072189365,2025-12-26
2025-12-29,Championship,Stoke,Sheffield United,A,0.3252155734558128,0.2938266655802031,0.38095776096398404,0.3470086462020542,0.2806243834503569,0.3723669703475889,2025-12-26
2025-12-29,Championship,Sheffield Weds,Blackburn,D,0.32713402110049583,0.2715257282952122,0.40134025060429224,0.19237734654765182,0.2589099945493866,0.5487126589029615,2025-12-26
2025-12-29,Championship,Portsmouth,Charlton,H,0.4112712237743098,0.2873837265414321,0.3013450496842582,0.38421015827136895,0.3113214144192443,0.3044684273093867,2025-12-26
2025-12-29,Championship,Birmingham,Southampton,D,0.33934072609764043,0.23699060544133105,0.4236686684610286,0.39695396121296533,0.2631977351520748,0.33984830363495977,2025-12-26
2025-12-29,Championship,Norwich,Watford,A,0.4603478029687579,0.24367811441605441,0.29597408261518765,0.3614774903841661,0.2900478066555585,0.34847470296027533,2025-12-26
2025-12-29,Championship,Middlesbrough,Hull,A,0.5309206968439628,0.23593999484869946,0.23313930830733764,0.5775240962366197,0.2307333111758744,0.19174259258750592,2025-12-26
2025-12-29,Championship,Leicester,Derby,H,0.5603460720770308,0.23045779519500384,0.20919613272796517,0.4502156337164807,0.2838602969180157,0.2659240693655037,2025-12-26
2025-12-29,Championship,Coventry,Ipswich,A,0.4308522178088474,0.23486963307692094,0.3342781491142318,0.4155687403110278,0.2750781718536065,0.3093530878353657,2025-12-26
2025-12-29,Championship,Oxford,Swansea,A,0.38339558013992037,0.2760341846199041,0.34057023524017555,0.3600467207575325,0.2952822191578544,0.344671060084613,2025-12-26
2025-12-29,Championship,Millwall,Bristol City,H,0.3774200126373427,0.2930376159416471,0.3295423714210099,0.39026530541241594,0.29240421674404576,0.31733047784353824,2025-12-26
2026-01-01,Championship,Southampton,Millwall,D,0.5638832612171448,0.22652630475749766,0.20959043402535749,0.4968771077836233,0.266282206933765,0.23684068528261157,2025-12-26
2026-01-01,Championship,Watford,Birmingham,H,0.4804239281411097,0.2572291836547113,0.2623468882041792,0.42655346118776066,0.2782403324414416,0.2952062063707978,2025-12-26
2026-01-01,Championship,QPR,Norwich,A,0.41746863759704517,0.24323102104950411,0.33930034135345066,0.4695684379464207,0.25794959524523375,0.2724819668083455,2025-12-26
2026-01-01,Championship,Sheffield United,Leicester,H,0.44889025906264274,0.2567535029386094,0.29435623799874766,0.5603205645278289,0.23506130999704042,0.2046181254751307,2025-12-26
2026-01-01,Championship,Preston,Sheffield Weds,H,0.5536669444257367,0.24104876130328629,0.20528429427097705,0.6285681256335924,0.2278931829903783,0.14353869137602931,2025-12-26
2026-01-01,Championship,Swansea,West Brom,H,0.368885105155135,0.27834315436715373,0.35277174047771137,0.2940373236231224,0.29949931725079654,0.406463359126081,2025-12-26
2026-01-01,Championship,Hull,Stoke,A,0.44175257243046956,0.2726182213873609,0.28562920618216964,0.4168647699226262,0.2827854579592084,0.30034977211816544,2025-12-26
2026-01-01,Championship,Blackburn,Wrexham,A,0.40856395553507563,0.2867838631138051,0.30465218135111927,0.4784889749084122,0.283445081910555,0.2380659431810327,2025-12-26
2026-01-01,Championship,Bristol City,Portsmouth,H,0.5298010870091628,0.2520547695801841,0.21814414341065333,0.58124239830623,0.24676787242668588,0.17198972926708408,2025-12-26
2026-01-01,Championship,Ipswich,Oxford,H,0.6842313828302883,0.18712836795604507,0.12864024921366665,0.7038817198683455,0.1918395068178256,0.10427877331382897,2025-12-26
2026-01-01,Championship,Charlton,Coventry,D,0.2798097117692752,0.2628668573486063,0.4573234308821186,0.25936268940399465,0.27328328572793786,0.46735402486806765,2025-12-26
2026-01-01,Championship,Derby,Middlesbrough,H,0.3612256230443066,0.2663079701306935,0.372466406825,0.32181837121285195,0.28915620816438337,0.38902542062276474,2025-12-26
2026-01-04,Championship,Birmingham,Coventry,H,0.3002771786887024,0.24646453508059993,0.45325828623069775,0.3610484097350135,0.271039142322083,0.36791244794290356,2025-12-26
2026-01-04,Championship,QPR,Sheffield Weds,H,0.5460836479141572,0.23341712028855216,0.22049923179729053,0.7206461693604241,0.17949179682954805,0.09986203381002776,2025-12-26
2026-01-04,Championship,Blackburn,Charlton,D,0.46092863394269673,0.2883103569012788,0.2507610091560244,0.4493761520176315,0.3047819327564377,0.2458419152259307,2025-12-26
2026-01-04,Championship,Bristol City,Preston,A,0.46716511844636754,0.27167353575793657,0.2611613457956956,0.5278602291940634,0.2555513808003006,0.21658839000563593,2025-12-26
2026-01-04,Championship,Derby,Wrexham,A,0.4090982551052124,0.28217612942538656,0.30872561546940097,0.43175081899017215,0.30034839581925016,0.26790078519057775,2025-12-26
2026-01-04,Championship,Middlesbrough,Southampton,H,0.4614957308624127,0.2273898772017194,0.3111143919358679,0.4245309281220423,0.25811480429820166,0.3173542675797562,2025-12-26
2026-01-04,Championship,Millwall,Swansea,H,0.42743946120318144,0.28329673856143134,0.28926380023538706,0.4438047886955384,0.30424353438876534,0.2519516769156963,2025-12-26
2026-01-04,Championship,Norwich,Stoke,A,0.4632209868593117,0.255807460551502,0.28097155258918644,0.4803151248093023,0.26892295288765944,0.2507619223030383,2025-12-26
2026-01-05,Championship,Leicester,West Brom,H,0.501060772018208,0.24715164125390826,0.25178758672788376,0.3304444333118817,0.28227469084659285,0.38728087584152543,2025-12-26
2026-01-16,Championship,West Brom,Middlesbrough,A,0.41170990169778593,0.2673616369811675,0.32092846132104685,,,,2025-12-26
2026-01-17,Championship,Swansea,Birmingham,D,0.4516264781389517,0.2626830536834224,0.2856904681776259,,,,2025-12-26
2026-01-17,Championship,Wrexham,Norwich,A,0.45357790095164113,0.25273382238988984,0.2936882766584688,,,,2025-12-26
2026-01-17,Championship,Stoke,QPR,D,0.455522292015364,0.27015757029642373,0.2743201376882123,,,,2025-12-26
2026-01-17,Championship,Sheffield Weds,Portsmouth,A,0.3894931993020941,0.26373127359801174,0.34677552709989423,,,,2025-12-26
2026-01-17,Championship,Southampton,Hull,A,0.5642784091099181,0.21091511253121126,0.22480647835887058,,,,2025-12-26
2026-01-17,Championship,Preston,Derby,A,0.42943863854495584,0.2777228852802658,0.2928384761747782,,,,2025-12-26
2026-01-17,Championship,Charlton,Sheffield United,H,0.2879508938899687,0.2951212588264165,0.4169278472836149,,,,2025-12-26
2026-01-17,Championship,Watford,Millwall,A,0.4528396756702355,0.27868695407404,0.26847337025572443,,,,2025-12-26
2026-01-17,Championship,Ipswich,Blackburn,H,0.6088143559032961,0.21777290308078306,0.17341274101592058,,,,2025-12-26
2026-01-17,Championship,Coventry,Leicester,H,0.49041868342558853,0.22861051620411132,0.2809708003703001,,,,2025-12-26
2026-01-17,Championship,Oxford,Bristol City,D,0.3345458205276054,0.28099707369397225,0.3844571057784222,,,,2025-12-26
2026-01-20,Championship,Wrexham,Leicester,D,0.3613934983172389,0.26237538271540134,0.3762311189673596,,,,2025-12-26
2026-01-20,Championship,West Brom,Norwich,A,0.48845652755533975,0.24630516015048376,0.26523831229417644,,,,2025-12-26
2026-01-20,Championship,Swansea,Blackburn,H,0.4158588216199979,0.27700164063880583,0.30713953774119607,,,,2025-12-26
2026-01-20,Championship,Preston,Hull,A,0.4302159360353528,0.2672018217785968,0.30258224218605034,,,,2025-12-26
2026-01-20,Championship,Sheffield Weds,Birmingham,A,0.3578193597151744,0.2623705122803913,0.3798101280044342,,,,2025-12-26
2026-01-20,Championship,Ipswich,Bristol City,H,0.5800806606165972,0.22403081894560176,0.19588852043780083,,,,2025-12-26
2026-01-20,Championship,Coventry,Millwall,H,0.5844925130488394,0.23068211772292682,0.18482536922823373,,,,2025-12-26
2026-01-20,Championship,Charlton,Derby,A,0.381528835855218,0.2944003872880685,0.32407077685671354,,,,2025-12-26
2026-01-20,Championship,Oxford,QPR,D,0.39484045215247154,0.26920059058663076,0.3359589572608974,,,,2025-12-26
2026-01-21,Championship,Southampton,Sheffield United,H,0.43963431809013737,0.24377646076878517,0.3165892211410774,,,,2025-12-26
2026-01-21,Championship,Watford,Portsmouth,D,0.5127412139303789,0.2518120724001303,0.23544671366949088,,,,2025-12-26
2026-01-21,Championship,Stoke,Middlesbrough,A,0.3562532776961762,0.2755984744225657,0.36814824788125805,,,,2025-12-26
2026-01-23,Championship,Derby,West Brom,D,0.3795380667638755,0.28318493964232694,0.3372769935937978,,,,2025-12-26
2026-01-24,Championship,Sheffield United,Ipswich,H,0.3950666974670922,0.2607098225688706,0.34422347996403746,,,,2025-12-26
2026-01-24,Championship,QPR,Wrexham,A,0.39517039168512297,0.2719983113934113,0.33283129692146557,,,,2025-12-26
2026-01-24,Championship,Leicester,Oxford,A,0.6298023753066236,0.20894239490542402,0.1612552297879522,,,,2025-12-26
2026-01-24,Championship,Hull,Swansea,H,0.4674617099824122,0.25587708593246533,0.2766612040851224,,,,2025-12-26
2026-01-24,Championship,Bristol City,Sheffield Weds,H,0.5937481541317667,0.2271736843442496,0.17907816152398365,,,,2025-12-26
2026-01-24,Championship,Birmingham,Stoke,D,0.4062984402452675,0.2816366558727276,0.31206490388200475,,,,2025-12-26
2026-01-24,Championship,Millwall,Charlton,H,0.43838112673632185,0.300488537752214,0.26113033551146414,,,,2025-12-26
2026-01-24,Championship,Middlesbrough,Preston,H,0.5276048362138867,0.24654764312868932,0.22584752065742386,,,,2025-12-26
2026-01-24,Championship,Blackburn,Watford,D,0.4233675499430141,0.2754831201637073,0.3011493298932786,,,,2025-12-26
2026-01-25,Championship,Portsmouth,Southampton,D,0.32650126225603715,0.24570204158169404,0.4277966961622688,,,,2026-01-25
2026-01-26,Championship,Norwich,Coventry,H,0.3705711879180261,0.23776254306722858,0.3916662690147453,,,,2026-01-25
2026-01-30,Championship,Bristol City,Derby,A,0.4613352982272004,0.27614700825662614,0.2625176935161736,,,,2026-01-25
2026-01-31,Championship,Watford,Swansea,A,0.4664794201152661,0.26664891020749987,0.26687166967723386,,,,2026-01-25
2026-01-31,Championship,QPR,Coventry,H,0.311112691025692,0.2475609068929343,0.4413264020813737,,,,2026-01-25
2026-01-31,Championship,Portsmouth,West Brom,H,0.3475505689958385,0.2761899231859939,0.37625950781816764,,,,2026-01-25
2026-01-31,Championship,Oxford,Birmingham,A,0.3934263594179621,0.2852400068292332,0.32133363375280455,,,,2026-01-25
2026-01-31,Championship,Millwall,Sheffield United,D,0.3418899760088126,0.29409581731950496,0.36401420667168255,,,,2026-01-25
2026-01-31,Championship,Blackburn,Hull,A,0.3903609535548079,0.2786059320547399,0.3310331143904524,,,,2026-01-25
2026-01-31,Championship,Ipswich,Preston,D,0.6377263334843254,0.21127138639524137,0.15100228012043315,,,,2026-01-25
2026-01-31,Championship,Stoke,Southampton,A,0.39078411259109,0.2653568801447168,0.3438590072641932,,,,2026-01-25
2026-01-31,Championship,Sheffield Weds,Wrexham,A,0.24192684276595894,0.2417908927043612,0.5162822645296796,,,,2026-01-25
2026-01-31,Championship,Leicester,Charlton,A,0.6028662842713001,0.22383371161180396,0.17330000411689583,,,,2026-01-25
2026-01-31,Championship,Middlesbrough,Norwich,H,0.5346251435024502,0.2275466284582243,0.23782822803932552,,,,2026-01-25
2026-02-03,Championship,Hull,Watford,D,0.44333019224485054,0.2639925050584884,0.29267730269666103,,,,2026-01-25
2026-02-03,Championship,Blackburn,Sheffield Weds,H,0.5585457341744607,0.24907039931131533,0.19238386651422404,,,,2026-01-25
2026-02-03,Championship,Sheffield United,Oxford,H,0.5844330478805639,0.24483387781509813,0.1707330743043379,,,,2026-01-25
2026-02-06,Championship,Charlton,QPR,D,0.37367323294571325,0.28271563716483905,0.34361112988944803,,,,2026-01-25
2026-02-07,Championship,Derby,Ipswich,A,0.28037069652158497,0.26061369822982833,0.45901560524858676,,,,2026-01-25
2026-02-07,Championship,Norwich,Blackburn,H,0.4960903522315833,0.2510476055725703,0.2528620421958464,,,,2026-01-25
2026-02-07,Championship,Southampton,Watford,H,0.4922453296460726,0.23844571653514518,0.26930895381878217,,,,2026-01-25
2026-02-07,Championship,Birmingham,Leicester,H,0.35212232654104797,0.25282831223100205,0.39504936122795,,,,2026-01-25
2026-02-07,Championship,Coventry,Oxford,D,0.6215287191276276,0.21798915421893375,0.16048212665343875,,,,2026-01-25
2026-02-07,Championship,Hull,Bristol City,A,0.42098467305813525,0.26982334956345766,0.30919197737840703,,,,2026-01-25
2026-02-07,Championship,Preston,Portsmouth,H,0.48637239750164835,0.26666102420971893,0.24696657828863283,,,,2026-01-25
2026-02-07,Championship,West Brom,Stoke,D,0.4375653849746955,0.28964823396331657,0.27278638106198777,,,,2026-01-25
2026-02-07,Championship,Wrexham,Millwall,A,0.48397262195280355,0.26524508283810444,0.25078229520909173,,,,2026-01-25
2026-02-08,Championship,Swansea,Sheffield Weds,H,0.5802442172072347,0.23502426225777015,0.18473152053499492,,,,2026-01-25
2026-02-09,Championship,Sheffield United,Middlesbrough,A,0.4481050628540139,0.26072684661325635,0.29116809053272963,,,,2026-01-25
2026-02-10,Championship,Leicester,Southampton,A,0.4932534935348916,0.22251384964276383,0.2842326568223445,,,,2026-01-25
2026-02-10,Championship,Oxford,Norwich,A,0.3523429266478489,0.267265382003014,0.38039169134913703,,,,2026-01-25
2026-02-10,Championship,Birmingham,West Brom,D,0.3920703348927428,0.27430320635124533,0.3336264587560119,,,,2026-01-25
2026-02-11,Championship,Charlton,Stoke,H,0.3372515710724163,0.3093564022341253,0.35339202669345815,,,,2026-01-25
2026-02-14,Championship,Derby,Swansea,H,0.44655708640921415,0.27569177707439213,0.2777511365163935,,,,2026-01-25
2026-02-14,Championship,Portsmouth,Sheffield United,A,0.2747752632645978,0.26664813168240736,0.45857660505299486,,,,2026-01-25
2026-02-14,Championship,Preston,Watford,D,0.3953725118966605,0.2812167214033452,0.32341076669999413,,,,2026-01-25
2026-02-14,Championship,QPR,Blackburn,A,0.4288424573005652,0.27569801688394757,0.29545952581548734,,,,2026-01-25
2026-02-14,Championship,Sheffield Weds,Millwall,A,0.2788979585605885,0.28396091156905706,0.43714112987035453,,,,2026-01-25
2026-02-16,Championship,Coventry,Middlesbrough,H,0.47652636529105763,0.2398882347138276,0.2835853999951147,,,,2026-01-25
2026-02-17,Championship,Charlton,Portsmouth,A,0.414570467114976,0.28457294523664817,0.300856587648376,,,,2026-01-25
2026-02-17,Championship,Bristol City,Wrexham,D,0.41874510552722044,0.26294341085157996,0.3183114836211996,,,,2026-01-25
2026-02-20,Championship,Blackburn,Preston,H,0.41860922003152806,0.2890235216258085,0.29236725834266336,,,,2026-01-25
2026-02-21,Championship,Watford,Derby,H,0.44509375872631757,0.27567466295921317,0.27923157831446926,,,,2026-01-25
2026-02-21,Championship,Southampton,Charlton,D,0.5921883923567383,0.2226976700842351,0.18511393755902658,,,,2026-01-25
2026-02-21,Championship,Norwich,Birmingham,A,0.5122885026173845,0.23771533002565579,0.24999616735695973,,,,2026-01-25
2026-02-21,Championship,Millwall,Portsmouth,A,0.5053840850057457,0.2714566795705504,0.22315923542370397,,,,2026-01-25
2026-02-21,Championship,Wrexham,Ipswich,H,0.3407702396341605,0.24768888960451452,0.4115408707613251,,,,2026-01-25
2026-02-21,Championship,West Brom,Coventry,A,0.35194446662907075,0.2581501368072013,0.3899053965637279,,,,2026-01-25
2026-02-21,Championship,Swansea,Bristol City,H,0.3835588274972329,0.2794375454221039,0.3370036270806633,,,,2026-01-25
2026-02-21,Championship,Stoke,Leicester,D,0.36873186412423503,0.2728944638611038,0.35837367201466125,,,,2026-01-25
2026-02-21,Championship,Hull,QPR,A,0.4952546366421129,0.25001925958422505,0.2547261037736621,,,,2026-01-25
2026-02-21,Championship,Middlesbrough,Oxford,D,0.5920040701002705,0.23507795334818857,0.172917976551541,,,,2026-01-25
2026-02-22,Championship,Sheffield United,Sheffield Weds,H,0.69104079750298,0.19171290038292205,0.11724630211409805,,,,2026-01-25
2026-02-24,Championship,Blackburn,Bristol City,A,0.3812330379002327,0.28849800933907055,0.3302689527606969,,,,2026-02-24
2026-02-24,Championship,Hull,Derby,H,0.41922358912299235,0.27065135609026036,0.31012505478674735,,,,2026-02-24
2026-02-24,Championship,Middlesbrough,Leicester,D,0.5144089904900988,0.22917594801318508,0.25641506149671595,,,,2026-02-24
2026-02-24,Championship,Swansea,Preston,D,0.44053716303887364,0.2793072290666479,0.28015560789447846,,,,2026-02-24
2026-02-24,Championship,Watford,Ipswich,A,0.309335991455105,0.25454111769284476,0.4361228908520503,,,,2026-02-24
2026-02-24,Championship,West Brom,Charlton,D,0.4698345086502163,0.29019774324019443,0.2399677481095893,,,,2026-02-24
2026-02-24,Championship,Wrexham,Portsmouth,H,0.5581967700998963,0.226251825981916,0.21555140391818767,,,,2026-02-24
2026-02-24,Championship,Southampton,QPR,H,0.5528244071246101,0.22161735712436934,0.22555823575102052,,,,2026-02-24
2026-02-25,Championship,Stoke,Oxford,H,0.46745350725530155,0.30321510749256364,0.22933138525213487,,,,2026-02-24
2026-02-25,Championship,Sheffield United,Coventry,A,0.4276698609948933,0.256177009502505,0.31615312950260194,,,,2026-02-24
2026-02-25,Championship,Millwall,Birmingham,H,0.43887466770383804,0.285578477684782,0.2755468546113801,,,,2026-02-24
2026-02-25,Championship,Norwich,Sheffield Weds,H,0.6624413804758811,0.1949283155632874,0.14263030396083168,,,,2026-02-24
2026-02-27,Championship,Bristol City,Watford,A,0.43067984265371434,0.2745352622109575,0.2947848951353282,,,,2026-02-24
2026-02-28,Championship,Preston,Millwall,A,0.38325386766143094,0.3002364769716624,0.3165096553669067,,,,2026-02-24
2026-02-28,Championship,Derby,Blackburn,H,0.4589952442189968,0.2835264505419373,0.257478305239066,,,,2026-02-24
2026-02-28,Championship,Leicester,Norwich,A,0.46709414479640926,0.2276166174815167,0.3052892377220741,,,,2026-02-24
2026-02-28,Championship,Portsmouth,Hull,A,0.38521331270228637,0.2666026367084993,0.3481840505892145,,,,2026-02-24
2026-02-28,Championship,Charlton,Wrexham,A,0.30992030719340874,0.2712499031770638,0.4188297896295274,,,,2026-02-24
2026-02-28,Championship,Coventry,Stoke,H,0.5533114823007744,0.24770087733439977,0.19898764036482583,,,,2026-02-24
2026-02-28,Championship,Ipswich,Swansea,H,0.6040592714071882,0.2153593497675319,0.1805813788252796,,,,2026-02-24
2026-02-28,Championship,Oxford,West Brom,H,0.3312148509851011,0.3034549734442212,0.3653301755706776,,,,2026-02-24
2026-02-28,Championship,QPR,Sheffield United,A,0.3161408606800241,0.2668622142183653,0.41699692510161057,,,,2026-02-24
2026-02-28,Championship,Sheffield Weds,Southampton,A,0.22037642425771078,0.2255189170320339,0.5541046587102553,,,,2026-02-24
2026-03-02,Championship,Birmingham,Middlesbrough,A,0.33572011385749084,0.2682920372064426,0.3959878489360667,,,,2026-02-24
2026-03-03,Championship,Ipswich,Hull,H,0.6030338490188911,0.21086935757180905,0.18609679340929985,,,,2026-02-24
2026-03-06,Championship,Preston,Oxford,A,0.47543715303087325,0.2896754640878556,0.23488738288127128,,,,2026-02-24
2026-03-07,Championship,Sheffield United,West Brom,D,0.5230876918509878,0.2592217137172754,0.21769059443173686,,,,2026-02-24
2026-03-07,Championship,Ipswich,Leicester,D,0.5938813243460306,0.20048977517354605,0.20562890048042332,,,,2026-02-24
2026-03-07,Championship,Swansea,Stoke,H,0.42592170961288023,0.2933092037958633,0.28076908659125643,,,,2026-02-24
2026-03-07,Championship,Derby,Sheffield Weds,H,0.6192299110515331,0.2253417776779308,0.155428311270536,,,,2026-02-24
2026-03-07,Championship,Hull,Millwall,A,0.4196234104492697,0.28169264612761685,0.2986839434231135,,,,2026-02-24
2026-03-07,Championship,Bristol City,Coventry,A,0.3473581883831606,0.25774392310997557,0.39489788850686397,,,,2026-02-24
2026-03-07,Championship,Charlton,Birmingham,H,0.3616017157170908,0.29764639894875256,0.3407518853341565,,,,2026-02-24
2026-03-07,Championship,Blackburn,Portsmouth,D,0.43945995889262296,0.2805637435290523,0.2799762975783246,,,,2026-02-24
2026-03-08,Championship,QPR,Middlesbrough,A,0.3243010662010196,0.26042800024888185,0.4152709335500984,,,,2026-02-24
2026-03-10,Championship,Leicester,Bristol City,H,0.47217852353045914,0.24138455780792517,0.2864369186616157,,,,2026-02-24
2026-03-10,Championship,Millwall,Derby,H,0.4066367567391226,0.29361791908106005,0.2997453241798173,,,,2026-02-24
2026-03-10,Championship,Portsmouth,Swansea,A,0.3898767464171508,0.2738464336567114,0.33627681992613784,,,,2026-02-24
2026-03-10,Championship,Sheffield Weds,Watford,D,0.25886753159285175,0.2677528823000733,0.473379586107075,,,,2026-02-24
2026-03-10,Championship,Wrexham,Hull,A,0.5060039952286146,0.23551331481205598,0.2584826899593291,,,,2026-02-24
2026-03-10,Championship,Stoke,Ipswich,D,0.27969069933218565,0.26699598036449024,0.45331332030332394,,,,2026-02-24
2026-03-11,Championship,Coventry,Preston,H,0.5720629040458454,0.23320536274190926,0.19473173321224543,,,,2026-02-24
2026-03-11,Championship,West Brom,Southampton,D,0.3759501112339036,0.25637786627059556,0.3676720224955009,,,,2026-02-24
2026-03-11,Championship,Oxford,Blackburn,H,0.34558188738227985,0.3116082922284708,0.3428098203892495,,,,2026-02-24
2026-03-11,Championship,Birmingham,QPR,H,0.44964537584057424,0.263205607204778,0.2871490169546479,,,,2026-02-24
2026-03-11,Championship,Middlesbrough,Charlton,A,0.5741812934044002,0.2485461831521457,0.17727252344345418,,,,2026-02-24
2026-03-11,Championship,Norwich,Sheffield United,H,0.37847701637501663,0.25724798934598553,0.36427499427899795,,,,2026-02-24
2026-03-13,Championship,Wrexham,Swansea,H,0.5092327490092569,0.24074333553978994,0.2500239154509532,,,,2026-02-24
2026-03-14,Championship,Norwich,Preston,H,0.4935599365345138,0.251813511912849,0.254626551552637,,,,2026-02-24
2026-03-14,Championship,West Brom,Hull,H,0.41889636326489066,0.27309761394406834,0.3080060227910409,,,,2026-02-24
2026-03-14,Championship,Stoke,Watford,H,0.385204152745708,0.3004432514212142,0.3143525958330778,,,,2026-02-24
2026-03-14,Championship,Sheffield Weds,Ipswich,A,0.15884859207567445,0.20223696312053135,0.6389144448037943,,,,2026-02-24
2026-03-14,Championship,Millwall,Blackburn,A,0.4400985959658033,0.2983117732695553,0.26158963076464115,,,,2026-02-24
2026-03-14,Championship,Coventry,Southampton,A,0.5164660772567293,0.22204453209098843,0.2614893906522824,,,,2026-02-24
2026-03-14,Championship,Birmingham,Sheffield United,D,0.3271329566974004,0.27509248387348034,0.3977745594291193,,,,2026-02-24
2026-03-14,Championship,Oxford,Charlton,D,0.3785104519212463,0.318122628411091,0.3033669196676625,,,,2026-02-24
2026-03-14,Championship,Middlesbrough,Bristol City,D,0.5109195732996872,0.250632022956015,0.23844840374429746,,,,2026-02-24
2026-03-14,Championship,Leicester,QPR,A,0.5249421172448783,0.22726088269837325,0.2477970000567484,,,,2026-02-24
2026-03-16,Championship,Portsmouth,Derby,A,0.36756284551126167,0.277288634068141,0.3551485204205974,,,,2026-02-24
2026-03-17,Championship,Watford,Wrexham,H,0.3966387387398942,0.2575148265631767,0.34584643469692916,,,,2026-02-24
2026-03-18,Championship,Southampton,Norwich,H,0.49626928558315614,0.2242675671448349,0.279463147272009,,,,2026-02-24
2026-03-20,Championship,Preston,Stoke,H,0.4033323211141873,0.3035593815437234,0.29310829734208926,,,,2026-02-24
2026-03-21,Championship,QPR,Portsmouth,H,0.4544643941239241,0.2599180324857494,0.28561757339032645,,,,2026-02-24
2026-03-21,Championship,Watford,Leicester,D,0.42238527793082964,0.25087709750246734,0.32673762456670313,,,,2026-02-24
2026-03-21,Championship,Southampton,Oxford,H,0.595612787735605,0.22686750049752955,0.17751971176686548,,,,2026-02-24
2026-03-21,Championship,Sheffield United,Wrexham,A,0.4866843306755474,0.2441547309293851,0.2691609383950676,,,,2026-02-24
2026-03-21,Championship,Hull,Sheffield Weds,H,0.6202031581741191,0.2183932011946819,0.16140364063119905,,,,2026-02-24
2026-03-21,Championship,Swansea,Coventry,A,0.3287680266365878,0.2585043900045678,0.41272758335884435,,,,2026-02-24
2026-03-21,Championship,Bristol City,West Brom,A,0.44505412152372853,0.27513049238020093,0.27981538609607076,,,,2026-02-24
2026-03-21,Championship,Ipswich,Millwall,D,0.5742277117950689,0.23440519535811627,0.19136709284681458,,,,2026-02-24
2026-03-21,Championship,Derby,Birmingham,H,0.45736565070476803,0.2716890995534795,0.2709452497417525,,,,2026-02-24
2026-03-21,Championship,Blackburn,Middlesbrough,D,0.3183775707054717,0.28071866003904683,0.4009037692554813,,,,2026-02-24
2026-03-21,Championship,Charlton,Norwich,A,0.331279581378855,0.2760842507670712,0.39263616785407357,,,,2026-02-24
2026-04-03,Championship,Coventry,Derby,H,0.5543868804059818,0.23486641964085705,0.21074669995316095,,,,2026-04-03
2026-04-03,Championship,West Brom,Wrexham,D,0.38485812769700883,0.26291801242405144,0.3522238598789397,,,,2026-04-03
2026-04-03,Championship,Stoke,Sheffield Weds,H,0.5829543006477725,0.24519160409611654,0.17185409525611098,,,,2026-04-03
2026-04-03,Championship,Sheffield United,Swansea,D,0.5276129593853559,0.2552414789272729,0.2171455616873712,,,,2026-04-03
2026-04-03,Championship,QPR,Watford,H,0.39118681430829694,0.26798153248420914,0.3408316532074941,,,,2026-04-03
2026-04-03,Championship,Oxford,Hull,D,0.34343785073630645,0.2831586199349882,0.3734035293287054,,,,2026-04-03
2026-04-03,Championship,Norwich,Portsmouth,D,0.5791714143344254,0.2259326065452053,0.19489597912036905,,,,2026-04-03
2026-04-03,Championship,Leicester,Preston,D,0.5134663603513612,0.24603341979252727,0.24050021985611156,,,,2026-04-03
2026-04-03,Championship,Charlton,Bristol City,A,0.34929516654521364,0.31310855686180195,0.33759627659298463,,,,2026-04-03
2026-04-03,Championship,Birmingham,Blackburn,A,0.41624642371592574,0.29056884121535065,0.2931847350687238,,,,2026-04-03
2026-04-03,Championship,Middlesbrough,Millwall,A,0.48261975106364574,0.27234553767370384,0.2450347112626504,,,,2026-04-03
2026-04-06,Championship,Hull,Coventry,D,0.3203020606670223,0.24908765693474152,0.43061028239823607,,,,2026-04-03
2026-04-06,Championship,Swansea,Middlesbrough,D,0.3216418175837955,0.2723769868092051,0.40598119560699936,,,,2026-04-03
2026-04-06,Championship,Watford,Charlton,D,0.46157345592578386,0.3015164463533595,0.2369100977208568,,,,2026-04-03
2026-04-06,Championship,Preston,QPR,D,0.42651348885358104,0.26722478018875917,0.3062617309576598,,,,2026-04-03
2026-04-06,Championship,Ipswich,Birmingham,H,0.6431154593165175,0.2055982728635436,0.1512862678199387,,,,2026-04-03
2026-04-06,Championship,Sheffield Weds,Leicester,D,0.23385583492963224,0.2382133687037788,0.527930796366589,,,,2026-04-03
2026-04-06,Championship,Bristol City,Sheffield United,H,0.34622106364152644,0.27835175862797684,0.37542717773049666,,,,2026-04-03
2026-04-06,Championship,Blackburn,West Brom,D,0.37426430968044,0.29880782090805763,0.3269278694115023,,,,2026-04-03
2026-04-06,Championship,Millwall,Norwich,A,0.41118903931024603,0.27500747724926167,0.31380348344049214,,,,2026-04-03
2026-04-06,Championship,Portsmouth,Oxford,D,0.4182019929805763,0.2852477705527135,0.2965502364667104,,,,2026-04-03
2026-04-06,Championship,Derby,Stoke,H,0.45377277726614706,0.2820150568939518,0.26421216583990104,,,,2026-04-03
2026-04-07,Championship,Wrexham,Southampton,A,0.40965396692665357,0.23410214410086722,0.3562438889724793,,,,2026-04-03
2026-04-10,Championship,West Brom,Millwall,D,0.38652060120530196,0.29865741621060654,0.3148219825840915,,,,2026-04-03
2026-04-11,Championship,Stoke,Blackburn,D,0.4242224157291542,0.298301761005722,0.27747582326512377,,,,2026-04-03
2026-04-11,Championship,Southampton,Derby,H,0.5341274769836137,0.23482979618173466,0.23104272683465182,,,,2026-04-03
2026-04-11,Championship,Sheffield United,Hull,H,0.5158570904564606,0.2494745253246246,0.23466838421891495,,,,2026-04-03
2026-04-11,Championship,Oxford,Watford,H,0.33612045637151977,0.2970100441780917,0.3668694994503886,,,,2026-04-03
2026-04-11,Championship,Middlesbrough,Portsmouth,A,0.6165500228125579,0.21949893820839605,0.16395103897904598,,,,2026-04-03
2026-04-11,Championship,Charlton,Preston,A,0.38180315037942725,0.3167645386944007,0.3014323109261723,,,,2026-04-03
2026-04-11,Championship,QPR,Bristol City,D,0.3994890828802073,0.2651324829701921,0.3353784341496007,,,,2026-04-03
2026-04-11,Championship,Norwich,Ipswich,A,0.3345290780582566,0.24487184891006294,0.4205990730316804,,,,2026-04-03
2026-04-11,Championship,Coventry,Sheffield Weds,D,0.7601208424958332,0.15310394707317243,0.08677521043099458,,,,2026-04-03
2026-04-11,Championship,Leicester,Swansea,A,0.4905110354969817,0.24757112814055465,0.26191783636246363,,,,2026-04-03
2026-04-12,Championship,Birmingham,Wrexham,H,0.3464584549712916,0.2584586749873879,0.39508287004132053,,,,2026-04-03
2026-04-14,Championship,Portsmouth,Ipswich,H,0.2157700445266427,0.22996939060458507,0.5542605648687722,,,,2026-04-03
2026-04-14,Championship,Southampton,Blackburn,H,0.5798521648086185,0.2304409886631346,0.1897068465282471,,,,2026-04-03
2026-04-17,Championship,Blackburn,Coventry,D,0.2768191603617225,0.26559545873937,0.4575853808989074,,,,2026-04-03
2026-04-18,Championship,Sheffield Weds,Charlton,D,0.2974683833734497,0.3091609056405818,0.3933707109859686,,,,2026-04-03
2026-04-18,Championship,Watford,Sheffield United,A,0.35128623777733586,0.28112102218095475,0.3675927400417094,,,,2026-04-03
2026-04-18,Championship,Wrexham,Stoke,H,0.51465832999184,0.24906783013835493,0.2362738398698049,,,,2026-04-03
2026-04-18,Championship,Swansea,Southampton,A,0.32256121243428737,0.2529032222906228,0.42453556527508957,,,,2026-04-03
2026-04-18,Championship,Preston,West Brom,A,0.3739848575844259,0.2905837461532175,0.3354313962623566,,,,2026-04-03
2026-04-18,Championship,Millwall,QPR,H,0.49502075808216645,0.2631318606699613,0.24184738124787233,,,,2026-04-03
2026-04-18,Championship,Bristol City,Norwich,A,0.38674661260115645,0.2641670214150158,0.34908636598382764,,,,2026-04-03
2026-04-18,Championship,Portsmouth,Leicester,H,0.33123594572799536,0.25258763806963247,0.4161764162023721,,,,2026-04-03
2026-04-18,Championship,Derby,Oxford,H,0.5081970468847767,0.27300411972898514,0.21879883338623818,,,,2026-04-03
2026-04-18,Championship,Hull,Birmingham,D,0.47434116310723196,0.2604454454866281,0.26521339140614,,,,2026-04-03
2026-04-19,Championship,Ipswich,Middlesbrough,D,0.5126619080160616,0.23916349693021838,0.2481745950537201,,,,2026-04-03
2026-04-21,Championship,West Brom,Watford,H,0.4180692830985145,0.28492548925177036,0.29700522764971515,,,,2026-04-03
2026-04-21,Championship,Stoke,Millwall,A,0.36196091270139785,0.3046538919800176,0.33338519531858474,,,,2026-04-03
2026-04-21,Championship,QPR,Swansea,A,0.4161660579585977,0.26450924789877767,0.31932469414262454,,,,2026-04-03
2026-04-21,Championship,Southampton,Bristol City,D,0.5549851361222724,0.22901274802155105,0.21600211585617662,,,,2026-04-03
2026-04-21,Championship,Norwich,Derby,H,0.4688439289679231,0.256466120488971,0.2746899505431061,,,,2026-04-03
2026-04-21,Championship,Leicester,Hull,D,0.47527868693610664,0.24133447496267116,0.2833868381012221,,,,2026-04-03
2026-04-21,Championship,Coventry,Portsmouth,H,0.6642192627394617,0.19429572671174197,0.14148501054879623,,,,2026-04-03
2026-04-21,Championship,Oxford,Wrexham,A,0.3013005996613526,0.2667899550526874,0.43190944528596004,,,,2026-04-03
2026-04-22,Championship,Birmingham,Preston,H,0.42757685313361,0.2815198781789267,0.29090326868746336,,,,2026-04-03
2026-04-22,Championship,Charlton,Ipswich,A,0.22952351554730677,0.2723825658190164,0.49809391863367675,,,,2026-04-03
2026-04-22,Championship,Middlesbrough,Sheffield Weds,H,0.7147555550642527,0.18042633457990842,0.10481811035583878,,,,2026-04-03
2026-04-22,Championship,Sheffield United,Blackburn,A,0.5339889730311002,0.2628513128658898,0.2031597141030101,,,,2026-04-03
2026-04-24,Championship,Leicester,Millwall,D,0.42910164134573386,0.2675654818520301,0.303332876802236,,,,2026-04-03
2026-04-25,Championship,Stoke,Portsmouth,A,0.4818606697721436,0.27120852375990384,0.24693080646795249,,,,2026-04-03
2026-04-25,Championship,Sheffield United,Preston,A,0.5482983916759429,0.25247969427609585,0.19922191404796136,,,,2026-04-03
2026-04-25,Championship,QPR,Derby,A,0.38054565756103126,0.2666521425596848,0.3528021998792841,,,,2026-04-03
2026-04-25,Championship,Oxford,Sheffield Weds,H,0.5203049522757723,0.2680305500153904,0.21166449770883722,,,,2026-04-03
2026-04-25,Championship,West Brom,Ipswich,D,0.2871999190214644,0.2598171384136583,0.4529829425648775,,,,2026-04-03
2026-04-25,Championship,Birmingham,Bristol City,H,0.39057069056853755,0.2804543142655223,0.32897499516594014,,,,2026-04-03
2026-04-25,Championship,Middlesbrough,Watford,H,0.5189028977747027,0.2550267698772029,0.22607033234809476,,,,2026-04-03
2026-04-25,Championship,Charlton,Hull,H,0.3505890373695819,0.30127449554655383,0.3481364670838645,,,,2026-04-03
2026-04-25,Championship,Norwich,Swansea,D,0.5061081891012946,0.24918223427676245,0.24470957662194318,,,,2026-04-03
2026-04-26,Championship,Coventry,Wrexham,H,0.535344183760755,0.2228745556713248,0.24178126056792024,,,,2026-04-03
2026-04-28,Championship,Southampton,Ipswich,D,0.39391767112458653,0.23723117268158872,0.3688511561938245,,,,2026-04-03
2026-05-02,Championship,Swansea,Charlton,H,0.4420134941580486,0.30376486946313136,0.25422163637882,,,,2026-04-03
2026-05-02,Championship,Sheffield Weds,West Brom,H,0.25149563183415885,0.2718873563760342,0.47661701178980687,,,,2026-04-03
2026-05-02,Championship,Preston,Southampton,A,0.2978469979255511,0.2538649606576305,0.4482880414168183,,,,2026-04-03
2026-05-02,Championship,Portsmouth,Birmingham,D,0.3843994076486425,0.2757918412866224,0.33980875106473507,,,,2026-04-03
2026-05-02,Championship,Millwall,Oxford,H,0.5082352471786704,0.2835987696936523,0.20816598312767726,,,,2026-04-03
2026-05-02,Championship,Derby,Sheffield United,A,0.3631054694304218,0.27933726947301196,0.35755726109656655,,,,2026-04-03
2026-05-02,Championship,Hull,Norwich,H,0.39814958534322925,0.25414746277090655,0.34770295188586425,,,,2026-04-03
2026-05-02,Championship,Bristol City,Stoke,H,0.43661758025632336,0.28413535164533793,0.2792470680983386,,,,2026-04-03
2026-05-02,Championship,Blackburn,Leicester,A,0.36713601929243184,0.270768505365651,0.36209547534191716,,,,2026-04-03
2026-05-02,Championship,Watford,Coventry,A,0.3177699084398657,0.26137921810174874,0.4208508734583855,,,,2026-04-03
2026-05-02,Championship,Ipswich,QPR,H,0.6628528241890597,0.18969773580710508,0.14744944000383536,,,,2026-04-03
2026-05-02,Championship,Wrexham,Middlesbrough,D,0.40541556789357813,0.2509550128452436,0.34362941926117824,,,,2026-04-03
