Date,liga,HomeTeam,AwayTeam,total_real,data_corte_modelo,prob_over_9.5,over_real_9.5,prob_over_10.5,over_real_10.5
2023-05-25,La Liga,Mallorca,Valencia,6.0,2023-05-25,0.43072453408454053,0.0,0.3273601879093186,0.0
2023-05-25,La Liga,Osasuna,Ath Bilbao,9.0,2023-05-25,0.47180120027647765,0.0,0.3667388593733904,0.0
2023-05-27,La Liga,Sevilla,Real Madrid,2.0,2023-05-25,0.44363598797512627,0.0,0.33954300996586334,0.0
2023-05-28,La Liga,Vallecano,Villarreal,10.0,2023-05-25,0.5683355591423415,1.0,0.4631741410238599,0.0
2023-05-28,La Liga,Valencia,Espanol,13.0,2023-05-25,0.5909941574051596,1.0,0.4871825370238252,1.0
2023-05-28,La Liga,Girona,Betis,13.0,2023-05-25,0.38630309220191683,1.0,0.2864881824286374,1.0
2023-05-28,La Liga,Getafe,Osasuna,2.0,2023-05-25,0.28129925044772236,0.0,0.1948287136269897,0.0
2023-05-28,La Liga,Cadiz,Celta,6.0,2023-05-25,0.3838334871437396,0.0,0.2840891605774763,0.0
2023-05-28,La Liga,Barcelona,Mallorca,17.0,2023-05-25,0.4016984910505251,1.0,0.3028985801676298,1.0
2023-05-28,La Liga,Ath Madrid,Sociedad,10.0,2023-05-25,0.38895470245739033,1.0,0.2889301008180783,0.0
2023-05-28,La Liga,Ath Bilbao,Elche,22.0,2023-05-25,0.6199327561492741,1.0,0.5185547175268354,1.0
2023-05-28,La Liga,Almeria,Valladolid,6.0,2023-05-25,0.5083290052761297,0.0,0.40222385446531794,0.0
2023-06-04,La Liga,Valladolid,Getafe,7.0,2023-05-25,0.3404605645416374,0.0,0.2455798541014855,0.0
2023-06-04,La Liga,Espanol,Almeria,13.0,2023-05-25,0.5505060821345737,1.0,0.4455454543082332,1.0
2023-06-04,La Liga,Elche,Cadiz,11.0,2023-05-25,0.5239494406682155,1.0,0.4181973457267281,1.0
2023-06-04,La Liga,Celta,Barcelona,6.0,2023-05-25,0.33357099885031255,0.0,0.23958520136678793,0.0
2023-06-04,La Liga,Betis,Valencia,9.0,2023-05-25,0.5449113862602146,0.0,0.43892145871566135,0.0
2023-06-04,La Liga,Mallorca,Vallecano,8.0,2023-05-25,0.4068599965632134,0.0,0.3051587296616714,0.0
2023-06-04,La Liga,Sociedad,Sevilla,7.0,2023-05-25,0.35267977373696885,0.0,0.25636132316764537,0.0
2023-06-04,La Liga,Real Madrid,Ath Bilbao,11.0,2023-05-25,0.5205823618642929,1.0,0.41467192723288304,1.0
2023-06-04,La Liga,Osasuna,Girona,7.0,2023-05-25,0.343769857029185,0.0,0.24857981028990858,0.0
2023-06-04,La Liga,Villarreal,Ath Madrid,13.0,2023-05-25,0.5273285747022017,1.0,0.42123337680261747,1.0
2023-08-11,La Liga,Sevilla,Valencia,9.0,2023-08-11,0.47061019702373547,0.0,0.3657219193037061,0.0
2023-08-11,La Liga,Almeria,Vallecano,11.0,2023-08-11,0.5070936364391088,1.0,0.40134385615018947,1.0
2023-08-12,La Liga,Las Palmas,Mallorca,9.0,2023-08-11,0.4274068977058464,0.0,0.32507172263973466,0.0
2023-08-12,La Liga,Ath Bilbao,Real Madrid,12.0,2023-08-11,0.5235870942686701,1.0,0.41786731480853995,1.0
2023-08-12,La Liga,Sociedad,Girona,5.0,2023-08-11,0.3326287273691369,0.0,0.23963808813219442,0.0
2023-08-13,La Liga,Getafe,Barcelona,7.0,2023-08-11,0.2572458668926024,0.0,0.1757393132210393,0.0
2023-08-13,La Liga,Celta,Osasuna,9.0,2023-08-11,0.37702857745612156,0.0,0.2787074929785391,0.0
2023-08-13,La Liga,Villarreal,Betis,13.0,2023-08-11,0.5856310437181889,1.0,0.48190277585184804,1.0
2023-08-14,La Liga,Cadiz,Alaves,6.0,2023-08-11,0.43040594835931195,0.0,0.32786869400522056,0.0
2023-08-14,La Liga,Ath Madrid,Granada,6.0,2023-08-11,0.47285609506860704,0.0,0.36868579017302744,0.0
2023-08-18,La Liga,Mallorca,Villarreal,11.0,2023-08-11,0.4404584452356681,1.0,0.33670617206919645,1.0
2023-08-18,La Liga,Valencia,Las Palmas,10.0,2023-08-11,0.5604849191504553,1.0,0.45549629117049123,0.0
2023-08-19,La Liga,Sociedad,Celta,16.0,2023-08-11,0.33074017052210813,1.0,0.23735395577512294,1.0
2023-08-19,La Liga,Almeria,Real Madrid,9.0,2023-08-11,0.5155428537114268,0.0,0.4105999565343918,0.0
2023-08-19,La Liga,Osasuna,Ath Bilbao,8.0,2023-08-11,0.47114528855208654,0.0,0.3663562560668991,0.0
2023-08-20,La Liga,Girona,Getafe,5.0,2023-08-11,0.2214230672944901,0.0,0.14638493920886694,0.0
2023-08-20,La Liga,Barcelona,Cadiz,12.0,2023-08-11,0.4822184393476549,1.0,0.37973582873499967,1.0
2023-08-20,La Liga,Betis,Ath Madrid,9.0,2023-08-11,0.49990593696204066,0.0,0.3940910242421201,0.0
2023-08-21,La Liga,Alaves,Sevilla,8.0,2023-08-11,0.3860982713124862,0.0,0.2864499896531324,0.0
2023-08-21,La Liga,Granada,Vallecano,11.0,2023-08-11,0.4553476771758255,1.0,0.35085643172559455,1.0
2023-08-25,La Liga,Celta,Real Madrid,8.0,2023-08-11,0.40498791840249326,0.0,0.30362370931203764,0.0
2023-08-25,La Liga,Las Palmas,Sociedad,12.0,2023-08-11,0.40379651115268916,1.0,0.30254692201444394,1.0
2023-08-26,La Liga,Cadiz,Almeria,10.0,2023-08-11,0.4712689740298038,1.0,0.3669432185930116,0.0
2023-08-26,La Liga,Granada,Mallorca,8.0,2023-08-11,0.3499727948582743,0.0,0.25410062107289955,0.0
2023-08-26,La Liga,Sevilla,Girona,12.0,2023-08-11,0.35748430693157096,1.0,0.26150465088025043,1.0
2023-08-27,La Liga,Villarreal,Barcelona,8.0,2023-08-11,0.45484070134614984,0.0,0.35064758532897256,0.0
2023-08-27,La Liga,Valencia,Osasuna,9.0,2023-08-11,0.5036344257840287,0.0,0.39864681414957764,0.0
2023-08-27,La Liga,Ath Bilbao,Betis,8.0,2023-08-11,0.6239677735542549,0.0,0.5238246378537682,0.0
2023-08-28,La Liga,Getafe,Alaves,9.0,2023-08-11,0.2812871389300339,0.0,0.19524469689287582,0.0
2023-08-28,La Liga,Vallecano,Ath Madrid,11.0,2023-08-11,0.5106383012250518,1.0,0.4048693570419114,1.0
2023-09-01,La Liga,Cadiz,Villarreal,10.0,2023-08-11,0.4975708364722353,1.0,0.3917911926251376,0.0
2023-09-01,La Liga,Almeria,Celta,11.0,2023-08-11,0.40928275910974404,1.0,0.3076982326095687,1.0
2023-09-02,La Liga,Betis,Vallecano,5.0,2023-08-11,0.5217327618738441,0.0,0.41575223666561717,0.0
2023-09-02,La Liga,Alaves,Valencia,3.0,2023-08-11,0.49550950844157376,0.0,0.3899341954662239,0.0
2023-09-02,La Liga,Real Madrid,Getafe,12.0,2023-08-11,0.38346932805311135,1.0,0.28601691928574097,1.0
2023-09-02,La Liga,Sociedad,Granada,7.0,2023-08-11,0.38462167000987246,0.0,0.2859912216669924,0.0
2023-09-03,La Liga,Girona,Las Palmas,8.0,2023-08-11,0.39257383029867077,0.0,0.29221420946061577,0.0
2023-09-03,La Liga,Mallorca,Ath Bilbao,8.0,2023-08-11,0.43817319167864943,0.0,0.3349811268083201,0.0
2023-09-03,La Liga,Osasuna,Barcelona,13.0,2023-08-11,0.366886828440903,1.0,0.2696788564068303,1.0
2023-09-15,La Liga,Vallecano,Alaves,8.0,2023-09-15,0.4849627452381142,0.0,0.37928719124282867,0.0
2023-09-16,La Liga,Ath Bilbao,Cadiz,9.0,2023-09-15,0.5616504326186403,0.0,0.45680748023405815,0.0
2023-09-16,La Liga,Valencia,Ath Madrid,13.0,2023-09-15,0.5148380557092551,1.0,0.4076709325510014,1.0
2023-09-16,La Liga,Celta,Mallorca,11.0,2023-09-15,0.36310190446789925,1.0,0.26507912951556334,1.0
2023-09-16,La Liga,Barcelona,Betis,14.0,2023-09-15,0.5458882091434564,1.0,0.441689338331963,1.0
2023-09-17,La Liga,Sevilla,Las Palmas,10.0,2023-09-15,0.524198109747468,1.0,0.41785342451075985,0.0
2023-09-17,La Liga,Real Madrid,Sociedad,7.0,2023-09-15,0.4417723993701962,0.0,0.337567676456795,0.0
2023-09-17,La Liga,Getafe,Osasuna,9.0,2023-09-15,0.25659306727816117,0.0,0.17360576730043198,0.0
2023-09-17,La Liga,Villarreal,Almeria,13.0,2023-09-15,0.6083644611751284,1.0,0.5047684529766043,1.0
2023-09-18,La Liga,Granada,Girona,9.0,2023-09-15,0.32174631634049705,0.0,0.22845951199960213,0.0
2023-09-22,La Liga,Alaves,Ath Bilbao,7.0,2023-09-15,0.4702477374363488,0.0,0.36446871212238907,0.0
2023-09-23,La Liga,Girona,Mallorca,11.0,2023-09-15,0.28456309276087594,1.0,0.19674228128570462,1.0
2023-09-23,La Liga,Osasuna,Sevilla,11.0,2023-09-15,0.3753007026867095,1.0,0.27533426802689487,1.0
2023-09-23,La Liga,Barcelona,Celta,5.0,2023-09-15,0.4264632141375286,0.0,0.3240120527337979,0.0
2023-09-23,La Liga,Almeria,Valencia,11.0,2023-09-15,0.5275863612324591,1.0,0.4202839541808554,1.0
2023-09-24,La Liga,Sociedad,Getafe,3.0,2023-09-15,0.27141801438896695,0.0,0.1865914605414306,0.0
2023-09-24,La Liga,Vallecano,Villarreal,10.0,2023-09-15,0.573393574377198,1.0,0.467089480443776,0.0
2023-09-24,La Liga,Betis,Cadiz,19.0,2023-09-15,0.4533653301598839,1.0,0.34777167756818017,1.0
2023-09-24,La Liga,Las Palmas,Granada,13.0,2023-09-15,0.4821616355954076,1.0,0.37543885976227764,1.0
2023-09-24,La Liga,Ath Madrid,Real Madrid,17.0,2023-09-15,0.4790295583312721,1.0,0.37229156283128284,1.0
2023-09-26,La Liga,Sevilla,Almeria,13.0,2023-09-15,0.5025774411651985,1.0,0.3968784801965527,1.0
2023-09-26,La Liga,Mallorca,Barcelona,9.0,2023-09-15,0.34444288489081587,0.0,0.24861366187551107,0.0
2023-09-27,La Liga,Valencia,Sociedad,2.0,2023-09-15,0.43496179842878807,0.0,0.3303804443059918,0.0
2023-09-27,La Liga,Cadiz,Vallecano,3.0,2023-09-15,0.46245132262212946,0.0,0.35629375474070474,0.0
2023-09-27,La Liga,Villarreal,Girona,11.0,2023-09-15,0.45656260269472704,1.0,0.35149233025708576,1.0
2023-09-27,La Liga,Real Madrid,Las Palmas,9.0,2023-09-15,0.6375620168644774,0.0,0.5369608842894112,0.0
2023-09-27,La Liga,Ath Bilbao,Getafe,9.0,2023-09-15,0.4232499866483038,0.0,0.32148332983006694,0.0
2023-09-28,La Liga,Celta,Alaves,10.0,2023-09-15,0.40728163983422416,1.0,0.3055715780545443,0.0
2023-09-28,La Liga,Granada,Betis,12.0,2023-09-15,0.43912464716424676,1.0,0.3344466616444117,1.0
2023-09-28,La Liga,Osasuna,Ath Madrid,9.0,2023-09-15,0.42703410608431425,0.0,0.3227761908935915,0.0
2023-09-29,La Liga,Barcelona,Sevilla,16.0,2023-09-15,0.4136306872553283,1.0,0.3118196382122431,1.0
2023-09-30,La Liga,Getafe,Villarreal,10.0,2023-09-15,0.34914968255761614,1.0,0.25205606527145313,0.0
2023-09-30,La Liga,Vallecano,Mallorca,5.0,2023-09-15,0.4385669841831271,0.0,0.33435290056323613,0.0
2023-09-30,La Liga,Girona,Real Madrid,5.0,2023-09-15,0.38340389963785626,0.0,0.2830635966033837,0.0
2023-09-30,La Liga,Sociedad,Ath Bilbao,12.0,2023-09-15,0.4287752402712764,1.0,0.324400471669416,1.0
2023-10-01,La Liga,Ath Madrid,Cadiz,8.0,2023-09-15,0.472993790329212,0.0,0.3672926363510907,0.0
2023-10-01,La Liga,Betis,Valencia,8.0,2023-09-15,0.5156111182553971,0.0,0.4082113543294813,0.0
2023-10-01,La Liga,Almeria,Granada,6.0,2023-09-15,0.43327187282862906,0.0,0.32862172257649075,0.0
2023-10-01,La Liga,Alaves,Osasuna,6.0,2023-09-15,0.3653974554573771,0.0,0.26647275986314634,0.0
2023-10-02,La Liga,Las Palmas,Celta,9.0,2023-09-15,0.4806854397590859,0.0,0.37388167014688395,0.0
2023-10-06,La Liga,Ath Bilbao,Almeria,8.0,2023-09-15,0.6483282068687759,0.0,0.5491609747542037,0.0
2023-10-07,La Liga,Cadiz,Girona,10.0,2023-09-15,0.3388125336807186,1.0,0.24323280922567347,0.0
2023-10-07,La Liga,Real Madrid,Osasuna,9.0,2023-09-15,0.5156167669399185,0.0,0.4101115075353729,0.0
2023-10-07,La Liga,Mallorca,Valencia,9.0,2023-09-15,0.41475824898339,0.0,0.3113494175426669,0.0
2023-10-07,La Liga,Sevilla,Vallecano,14.0,2023-09-15,0.45605195427809914,1.0,0.3504840952143174,1.0
2023-10-08,La Liga,Villarreal,Las Palmas,9.0,2023-09-15,0.6322295033575481,0.0,0.5297936093932984,0.0
2023-10-08,La Liga,Ath Madrid,Sociedad,5.0,2023-09-15,0.4015484644966124,0.0,0.2993367962045465,0.0
2023-10-08,La Liga,Alaves,Betis,8.0,2023-09-15,0.42004162364597536,0.0,0.31632379792537824,0.0
2023-10-08,La Liga,Celta,Getafe,14.0,2023-09-15,0.28355545603267845,1.0,0.19652022963426818,1.0
2023-10-08,La Liga,Granada,Barcelona,12.0,2023-09-15,0.3728261854606556,1.0,0.2737587285826415,1.0
2023-10-20,La Liga,Osasuna,Granada,8.0,2023-10-20,0.4107543408547179,0.0,0.30826465946145304,0.0
2023-10-21,La Liga,Celta,Ath Madrid,12.0,2023-10-20,0.44948310268980346,1.0,0.3444452129366974,1.0
2023-10-21,La Liga,Sevilla,Real Madrid,10.0,2023-10-20,0.453183075991144,1.0,0.3476986001634549,0.0
2023-10-21,La Liga,Sociedad,Mallorca,7.0,2023-10-20,0.32454473591904,0.0,0.23169201625462826,0.0
2023-10-21,La Liga,Getafe,Betis,12.0,2023-10-20,0.33351551033668486,1.0,0.23865796881981682,1.0
2023-10-22,La Liga,Las Palmas,Vallecano,15.0,2023-10-20,0.5040113710777664,1.0,0.39702246797077967,1.0
2023-10-22,La Liga,Girona,Almeria,15.0,2023-10-20,0.4070329430907939,1.0,0.30492742857554855,1.0
2023-10-22,La Liga,Villarreal,Alaves,12.0,2023-10-20,0.4947528822750614,1.0,0.3887645891609943,1.0
2023-10-22,La Liga,Barcelona,Ath Bilbao,11.0,2023-10-20,0.4697533561225274,1.0,0.3642103131783543,1.0
2023-10-23,La Liga,Valencia,Cadiz,10.0,2023-10-20,0.49455698200132603,1.0,0.3884364603197941,0.0
2023-10-27,La Liga,Girona,Celta,11.0,2023-10-20,0.33213936609157113,1.0,0.23737006366459035,1.0
2023-10-28,La Liga,Almeria,Las Palmas,5.0,2023-10-20,0.5274661538478417,0.0,0.420582023500172,0.0
2023-10-28,La Liga,Barcelona,Real Madrid,9.0,2023-10-20,0.43904811349471345,0.0,0.33482242399640477,0.0
2023-10-28,La Liga,Mallorca,Getafe,11.0,2023-10-20,0.23710598526669308,1.0,0.1582067192425788,1.0
2023-10-28,La Liga,Cadiz,Sevilla,6.0,2023-10-20,0.4202482837024848,0.0,0.31668705251365087,0.0
2023-10-29,La Liga,Ath Bilbao,Valencia,14.0,2023-10-20,0.5680015416991963,1.0,0.4626374291779768,1.0
2023-10-29,La Liga,Ath Madrid,Alaves,8.0,2023-10-20,0.4361005542068651,0.0,0.332409980366741,0.0
2023-10-29,La Liga,Vallecano,Sociedad,9.0,2023-10-20,0.3662095632484595,0.0,0.26745044417649666,0.0
2023-10-29,La Liga,Betis,Osasuna,9.0,2023-10-20,0.46478471898868234,0.0,0.3588778298512316,0.0
2023-10-30,La Liga,Granada,Villarreal,5.0,2023-10-20,0.50963053133218,0.0,0.40253153813655324,0.0
2023-11-03,La Liga,Las Palmas,Ath Madrid,7.0,2023-10-20,0.5128212963463599,0.0,0.4057881754771137,0.0
2023-11-04,La Liga,Osasuna,Girona,9.0,2023-10-20,0.3430869513614625,0.0,0.24725215376491533,0.0
2023-11-04,La Liga,Betis,Mallorca,7.0,2023-10-20,0.4280315961752194,0.0,0.32418662553403393,0.0
2023-11-04,La Liga,Celta,Sevilla,10.0,2023-10-20,0.4158241477409083,1.0,0.31274318104970195,0.0
2023-11-04,La Liga,Sociedad,Barcelona,11.0,2023-10-20,0.3156784496902034,1.0,0.2232541515145275,1.0
2023-11-05,La Liga,Alaves,Almeria,18.0,2023-10-20,0.42163155104796435,1.0,0.31835108299122544,1.0
2023-11-05,La Liga,Valencia,Granada,4.0,2023-10-20,0.49640649358235156,0.0,0.3903232928456617,0.0
2023-11-05,La Liga,Villarreal,Ath Bilbao,12.0,2023-10-20,0.5723187181652625,1.0,0.4660223070262079,1.0
2023-11-05,La Liga,Real Madrid,Vallecano,12.0,2023-10-20,0.5337699789407785,1.0,0.4280586613090758,1.0
2023-11-06,La Liga,Getafe,Cadiz,9.0,2023-10-20,0.27637791138283363,0.0,0.19006686314478108,0.0
2023-11-10,La Liga,Ath Bilbao,Celta,9.0,2023-10-20,0.49658786705953456,0.0,0.3906192564337375,0.0
2023-11-11,La Liga,Real Madrid,Valencia,8.0,2023-10-20,0.5471805620150814,0.0,0.44145567022595544,0.0
2023-11-11,La Liga,Osasuna,Las Palmas,11.0,2023-10-20,0.4884723317279707,1.0,0.382568610394218,1.0
2023-11-11,La Liga,Almeria,Sociedad,10.0,2023-10-20,0.38378020611486174,1.0,0.2833465219978447,0.0
2023-11-11,La Liga,Vallecano,Girona,11.0,2023-10-20,0.3984393733177658,1.0,0.2971537936558049,1.0
2023-11-11,La Liga,Granada,Getafe,8.0,2023-10-20,0.2824474572124147,0.0,0.195267293217873,0.0
2023-11-12,La Liga,Barcelona,Alaves,3.0,2023-10-20,0.47638134943908617,0.0,0.3730257731641032,0.0
2023-11-12,La Liga,Sevilla,Betis,14.0,2023-10-20,0.5255771852421025,1.0,0.4193980284070941,1.0
2023-11-12,La Liga,Ath Madrid,Villarreal,9.0,2023-10-20,0.5604298601143706,0.0,0.4539856393991296,0.0
2023-11-24,La Liga,Alaves,Granada,8.0,2023-11-24,0.34020847868603626,0.0,0.24444418639642482,0.0
2023-11-25,La Liga,Vallecano,Barcelona,5.0,2023-11-24,0.44893605966524336,0.0,0.3439004883914503,0.0
2023-11-25,La Liga,Valencia,Celta,12.0,2023-11-24,0.4589980326898211,1.0,0.3533516986491134,1.0
2023-11-25,La Liga,Getafe,Almeria,9.0,2023-11-24,0.3711196373235588,0.0,0.2720812016774836,0.0
2023-11-25,La Liga,Ath Madrid,Mallorca,10.0,2023-11-24,0.4167754131988201,1.0,0.3141206365636668,0.0
2023-11-26,La Liga,Cadiz,Real Madrid,8.0,2023-11-24,0.44794960581350185,0.0,0.34306055494376686,0.0
2023-11-26,La Liga,Villarreal,Osasuna,6.0,2023-11-24,0.5142543873180525,0.0,0.4077597515139352,0.0
2023-11-26,La Liga,Sociedad,Sevilla,8.0,2023-11-24,0.35906384443171996,0.0,0.2611865227053922,0.0
2023-11-26,La Liga,Betis,Las Palmas,13.0,2023-11-24,0.55655383510776,1.0,0.45030085449062096,1.0
2023-11-27,La Liga,Girona,Ath Bilbao,8.0,2023-11-24,0.4493588340618301,0.0,0.3441801954511485,0.0
2023-11-29,La Liga,Mallorca,Cadiz,7.0,2023-11-24,0.3560741110705894,0.0,0.258509391321216,0.0
2023-12-01,La Liga,Las Palmas,Getafe,8.0,2023-11-24,0.3331087155525868,0.0,0.23826914515794156,0.0
2023-12-02,La Liga,Girona,Valencia,5.0,2023-11-24,0.42219033378376514,0.0,0.318479264702112,0.0
2023-12-02,La Liga,Ath Bilbao,Vallecano,9.0,2023-11-24,0.5881231157796567,0.0,0.48380879090763607,0.0
2023-12-02,La Liga,Real Madrid,Granada,6.0,2023-11-24,0.48441082533841984,0.0,0.37964659463844513,0.0
2023-12-02,La Liga,Osasuna,Sociedad,9.0,2023-11-24,0.324594987703526,0.0,0.2307774127591017,0.0
2023-12-03,La Liga,Mallorca,Alaves,9.0,2023-11-24,0.3269675428387798,0.0,0.23302864562583772,0.0
2023-12-03,La Liga,Almeria,Betis,10.0,2023-11-24,0.5653002899722201,1.0,0.45869257398237184,0.0
2023-12-03,La Liga,Sevilla,Villarreal,12.0,2023-11-24,0.5284766390775277,1.0,0.42160791626500044,1.0
2023-12-03,La Liga,Barcelona,Ath Madrid,9.0,2023-11-24,0.4894921341494176,0.0,0.38432257343400583,0.0
2023-12-04,La Liga,Celta,Cadiz,13.0,2023-11-24,0.43046872820493903,1.0,0.3268697469264442,1.0
2023-12-08,La Liga,Getafe,Valencia,7.0,2023-11-24,0.32642916535329947,0.0,0.23236314282305773,0.0
2023-12-09,La Liga,Mallorca,Sevilla,16.0,2023-11-24,0.3658107057039349,1.0,0.26699948020925135,1.0
2023-12-09,La Liga,Villarreal,Sociedad,8.0,2023-11-24,0.4313179349432883,0.0,0.3270604051798031,0.0
2023-12-09,La Liga,Alaves,Las Palmas,15.0,2023-11-24,0.43541418447821617,1.0,0.33124536280441286,1.0
2023-12-09,La Liga,Betis,Real Madrid,14.0,2023-11-24,0.527943536093519,1.0,0.4210900100911984,1.0
2023-12-10,La Liga,Ath Madrid,Almeria,18.0,2023-11-24,0.5767327480374329,1.0,0.47183319348908964,1.0
2023-12-10,La Liga,Cadiz,Osasuna,6.0,2023-11-24,0.3945706445029252,0.0,0.29311718164269635,0.0
2023-12-10,La Liga,Barcelona,Girona,11.0,2023-11-24,0.4533288362032711,1.0,0.3500259218746586,1.0
2023-12-11,La Liga,Granada,Ath Bilbao,9.0,2023-11-24,0.44714960870222903,0.0,0.3421084197005531,0.0
2023-12-11,La Liga,Vallecano,Celta,9.0,2023-11-24,0.4625865820439817,0.0,0.3567155649540812,0.0
2023-12-15,La Liga,Osasuna,Vallecano,10.0,2023-11-24,0.44739836837104896,1.0,0.3421853578069274,0.0
2023-12-16,La Liga,Sevilla,Getafe,6.0,2023-11-24,0.3463502059503907,0.0,0.2508347182510213,0.0
2023-12-16,La Liga,Celta,Granada,8.0,2023-11-24,0.39314462029079467,0.0,0.2921897101372531,0.0
2023-12-16,La Liga,Ath Bilbao,Ath Madrid,10.0,2023-11-24,0.5574131896688821,1.0,0.45174387290177864,0.0
2023-12-16,La Liga,Valencia,Barcelona,10.0,2023-11-24,0.4384119388341257,1.0,0.33384416120881205,0.0
2023-12-17,La Liga,Real Madrid,Villarreal,11.0,2023-11-24,0.582044459500919,1.0,0.4772872003389257,1.0
2023-12-17,La Liga,Las Palmas,Cadiz,10.0,2023-11-24,0.45224625687232256,1.0,0.3467754501808969,0.0
2023-12-17,La Liga,Almeria,Mallorca,8.0,2023-11-24,0.4306166577907709,0.0,0.3263297525695095,0.0
2023-12-17,La Liga,Sociedad,Betis,10.0,2023-11-24,0.4487149623503821,1.0,0.34428626255841105,0.0
2023-12-18,La Liga,Girona,Alaves,5.0,2023-11-24,0.3543526724007944,0.0,0.2571509583446913,0.0
2023-12-19,La Liga,Granada,Sevilla,10.0,2023-11-24,0.38473737054894674,1.0,0.2840161038421876,0.0
2023-12-19,La Liga,Vallecano,Valencia,9.0,2023-11-24,0.5124548679289488,0.0,0.4054022310869717,0.0
2023-12-19,La Liga,Ath Madrid,Getafe,13.0,2023-11-24,0.3549680074786119,1.0,0.25822422024388764,1.0
2023-12-20,La Liga,Ath Bilbao,Las Palmas,7.0,2023-11-24,0.6387278775951106,0.0,0.5387824716093982,0.0
2023-12-20,La Liga,Villarreal,Celta,11.0,2023-11-24,0.5090847709392121,1.0,0.402168695979257,1.0
2023-12-20,La Liga,Barcelona,Almeria,12.0,2023-11-24,0.6209285744083758,1.0,0.5204300032150273,1.0
2023-12-21,La Liga,Cadiz,Sociedad,12.0,2023-11-24,0.3337793836333178,1.0,0.2387517564910534,1.0
2023-12-21,La Liga,Alaves,Real Madrid,6.0,2023-11-24,0.41692075713026533,0.0,0.3139762099158989,0.0
2023-12-21,La Liga,Betis,Girona,13.0,2023-11-24,0.455985878580721,1.0,0.35044121580109033,1.0
2023-12-21,La Liga,Mallorca,Osasuna,6.0,2023-11-24,0.34529268542891717,0.0,0.24895310856479486,0.0
2023-12-23,La Liga,Ath Madrid,Sevilla,11.0,2023-11-24,0.45959012547709344,1.0,0.35384397417260144,1.0
2024-01-02,La Liga,Sociedad,Alaves,10.0,2024-01-02,0.34096874856311454,1.0,0.24666392081439778,0.0
2024-01-02,La Liga,Valencia,Villarreal,7.0,2024-01-02,0.5405336442663337,0.0,0.43475504061796744,0.0
2024-01-02,La Liga,Getafe,Vallecano,5.0,2024-01-02,0.3236525645717228,0.0,0.2308567903470528,0.0
2024-01-03,La Liga,Real Madrid,Mallorca,9.0,2024-01-02,0.47318861939930323,0.0,0.3702339254945228,0.0
2024-01-03,La Liga,Girona,Ath Madrid,15.0,2024-01-02,0.4281470110018398,1.0,0.3251280846364649,1.0
2024-01-03,La Liga,Granada,Cadiz,11.0,2024-01-02,0.3584856643087758,1.0,0.2616279303885051,1.0
2024-01-03,La Liga,Celta,Betis,15.0,2024-01-02,0.5393962790476565,1.0,0.43416715798736827,1.0
2024-01-04,La Liga,Sevilla,Ath Bilbao,9.0,2024-01-02,0.48831051049775287,0.0,0.3826322352056296,0.0
2024-01-04,La Liga,Las Palmas,Barcelona,15.0,2024-01-02,0.5080850251398012,1.0,0.4037708942029002,1.0
2024-01-04,La Liga,Osasuna,Almeria,9.0,2024-01-02,0.49767610355282565,0.0,0.3923433743666404,0.0
2024-01-12,La Liga,Sevilla,Alaves,9.0,2024-01-02,0.4336326024543699,0.0,0.33113683020500445,0.0
2024-01-13,La Liga,Las Palmas,Villarreal,10.0,2024-01-02,0.5689063595570146,1.0,0.4636827561428102,0.0
2024-01-13,La Liga,Mallorca,Celta,11.0,2024-01-02,0.3675830728582145,1.0,0.2695314451110122,1.0
2024-01-13,La Liga,Ath Bilbao,Sociedad,10.0,2024-01-02,0.4326684910235294,1.0,0.33022003096117825,0.0
2024-01-13,La Liga,Betis,Granada,14.0,2024-01-02,0.4625842097832412,1.0,0.3581199357149427,1.0
2024-01-14,La Liga,Almeria,Girona,7.0,2024-01-02,0.4645034296113557,0.0,0.359586701824907,0.0
2024-01-14,La Liga,Cadiz,Valencia,4.0,2024-01-02,0.44195054607632744,0.0,0.3380618813769772,0.0
2024-01-19,La Liga,Alaves,Cadiz,8.0,2024-01-02,0.3793659933811403,0.0,0.28049416227467877,0.0
2024-01-20,La Liga,Vallecano,Las Palmas,12.0,2024-01-02,0.5619319097366228,1.0,0.4577284632398341,1.0
2024-01-20,La Liga,Villarreal,Mallorca,10.0,2024-01-02,0.47043728401976487,1.0,0.36590966522506563,0.0
2024-01-20,La Liga,Valencia,Ath Bilbao,6.0,2024-01-02,0.5026650388517816,0.0,0.3968496800056437,0.0
2024-01-20,La Liga,Celta,Sociedad,9.0,2024-01-02,0.35958663920572603,0.0,0.26254515337884526,0.0
2024-01-21,La Liga,Girona,Sevilla,9.0,2024-01-02,0.3902935588665501,0.0,0.2900588397611134,0.0
2024-01-21,La Liga,Betis,Barcelona,7.0,2024-01-02,0.4935624130836367,0.0,0.38842874436535474,0.0
2024-01-21,La Liga,Real Madrid,Almeria,9.0,2024-01-02,0.6447097090727778,0.0,0.5466580052241967,0.0
2024-01-21,La Liga,Osasuna,Getafe,5.0,2024-01-02,0.27590211207271104,0.0,0.19054821767209143,0.0
2024-01-22,La Liga,Granada,Ath Madrid,8.0,2024-01-02,0.4153209851884463,0.0,0.31310097785281343,0.0
2024-01-26,La Liga,Almeria,Alaves,14.0,2024-01-02,0.47098297358298885,1.0,0.36583905153019386,1.0
2024-01-27,La Liga,Sociedad,Vallecano,4.0,2024-01-02,0.3990684345243201,0.0,0.2985943362250385,0.0
2024-01-27,La Liga,Las Palmas,Real Madrid,7.0,2024-01-02,0.5399269526075228,0.0,0.4351593018773641,0.0
2024-01-27,La Liga,Barcelona,Villarreal,10.0,2024-01-02,0.5465341343874167,1.0,0.44282266763101963,0.0
2024-01-27,La Liga,Mallorca,Betis,9.0,2024-01-02,0.4594960055697484,0.0,0.3548811561035122,0.0
2024-01-28,La Liga,Celta,Girona,12.0,2024-01-02,0.39795977138065647,1.0,0.2977504606976961,1.0
2024-01-28,La Liga,Cadiz,Ath Bilbao,14.0,2024-01-02,0.47284386664143063,1.0,0.3680553880350623,1.0
2024-01-28,La Liga,Sevilla,Osasuna,6.0,2024-01-02,0.4432820485882854,0.0,0.34029185057907085,0.0
2024-01-28,La Liga,Ath Madrid,Valencia,9.0,2024-01-02,0.5195058278764582,0.0,0.4137003141181748,0.0
2024-01-29,La Liga,Getafe,Granada,7.0,2024-01-02,0.25417092080521647,0.0,0.1726133841667115,0.0
2024-01-31,La Liga,Ath Madrid,Vallecano,11.0,2024-01-02,0.5153085948126784,1.0,0.40950163145345636,1.0
2024-01-31,La Liga,Barcelona,Osasuna,12.0,2024-01-02,0.4609486729465657,1.0,0.35888868959593817,1.0
2024-02-01,La Liga,Getafe,Real Madrid,8.0,2024-02-01,0.3018665009461928,0.0,0.2120306587943158,0.0
2024-02-02,La Liga,Ath Bilbao,Mallorca,8.0,2024-02-01,0.4926362615037386,0.0,0.3879287617355091,0.0
2024-02-03,La Liga,Valencia,Almeria,6.0,2024-02-01,0.5525554780741857,0.0,0.4468729464092225,0.0
2024-02-03,La Liga,Granada,Las Palmas,11.0,2024-02-01,0.4662807623341733,1.0,0.36154268477116497,1.0
2024-02-03,La Liga,Alaves,Barcelona,19.0,2024-02-01,0.3873477608955394,1.0,0.28755288895827885,1.0
2024-02-03,La Liga,Girona,Sociedad,7.0,2024-02-01,0.3178534050709104,0.0,0.2253371385232679,0.0
2024-02-04,La Liga,Villarreal,Cadiz,15.0,2024-02-01,0.5119649881389807,1.0,0.4058982658800631,1.0
2024-02-04,La Liga,Osasuna,Celta,10.0,2024-02-01,0.3989323519905775,1.0,0.2974004150817575,0.0
2024-02-04,La Liga,Betis,Getafe,8.0,2024-02-01,0.39284574465294486,0.0,0.2922241494489711,0.0
2024-02-04,La Liga,Real Madrid,Ath Madrid,10.0,2024-02-01,0.5605950903851837,1.0,0.45612253316104995,0.0
2024-02-05,La Liga,Vallecano,Sevilla,6.0,2024-02-01,0.4512590225693181,0.0,0.3463265321587139,0.0
2024-02-09,La Liga,Cadiz,Betis,8.0,2024-02-01,0.5171389203141443,0.0,0.41048286440208687,0.0
2024-02-10,La Liga,Las Palmas,Valencia,5.0,2024-02-01,0.4959263691428171,0.0,0.3896665393199771,0.0
2024-02-10,La Liga,Real Madrid,Girona,2.0,2024-02-01,0.47237399897990784,0.0,0.3684755932465607,0.0
2024-02-10,La Liga,Sociedad,Osasuna,11.0,2024-02-01,0.3370960476121261,1.0,0.24271270393005445,1.0
2024-02-10,La Liga,Alaves,Villarreal,19.0,2024-02-01,0.46258390763794144,1.0,0.35711948494118345,1.0
2024-02-11,La Liga,Getafe,Celta,4.0,2024-02-01,0.3047946433193849,0.0,0.21416369580982758,0.0
2024-02-11,La Liga,Mallorca,Vallecano,6.0,2024-02-01,0.3876135093913127,0.0,0.28710083773908535,0.0
2024-02-11,La Liga,Sevilla,Ath Madrid,9.0,2024-02-01,0.5291064000449441,0.0,0.4230622594780449,0.0
2024-02-11,La Liga,Barcelona,Granada,8.0,2024-02-01,0.4841386829522966,0.0,0.3811263115034982,0.0
2024-02-12,La Liga,Almeria,Ath Bilbao,14.0,2024-02-01,0.5849859124439297,1.0,0.48003369782978283,1.0
2024-02-16,La Liga,Villarreal,Getafe,11.0,2024-02-01,0.3723741515106014,1.0,0.27378933896686936,1.0
2024-02-17,La Liga,Ath Madrid,Las Palmas,8.0,2024-02-01,0.6162467624885424,0.0,0.5142377355458796,0.0
2024-02-17,La Liga,Osasuna,Cadiz,9.0,2024-02-01,0.3824507766869094,0.0,0.28268515544818856,0.0
2024-02-17,La Liga,Celta,Barcelona,7.0,2024-02-01,0.4201700398853188,0.0,0.31724612054432705,0.0
2024-02-17,La Liga,Valencia,Sevilla,9.0,2024-02-01,0.44298210467768334,0.0,0.33843888486541884,0.0
2024-02-18,La Liga,Betis,Alaves,14.0,2024-02-01,0.5047510896932724,1.0,0.39856642635181605,1.0
2024-02-18,La Liga,Mallorca,Sociedad,12.0,2024-02-01,0.30402356060484464,1.0,0.2135089392827582,1.0
2024-02-18,La Liga,Granada,Almeria,14.0,2024-02-01,0.4729439600926814,1.0,0.36724114749259584,1.0
2024-02-18,La Liga,Vallecano,Real Madrid,14.0,2024-02-01,0.4382083878755366,1.0,0.33398633072355666,1.0
2024-02-19,La Liga,Ath Bilbao,Girona,7.0,2024-02-01,0.5096310346582794,0.0,0.40471297005354484,0.0
2024-02-23,La Liga,Sociedad,Villarreal,15.0,2024-02-01,0.43919896853750606,1.0,0.3353321547065791,1.0
2024-02-24,La Liga,Barcelona,Getafe,13.0,2024-02-01,0.37502794212836293,1.0,0.2782527919377117,1.0
2024-02-24,La Liga,Alaves,Mallorca,6.0,2024-02-01,0.3458536484062157,0.0,0.24980483439559537,0.0
2024-02-24,La Liga,Almeria,Ath Madrid,9.0,2024-02-01,0.5868001647523209,0.0,0.4815131233313457,0.0
2024-02-25,La Liga,Cadiz,Celta,10.0,2024-02-01,0.4357409162706111,1.0,0.33157275083117393,0.0
2024-02-25,La Liga,Betis,Ath Bilbao,8.0,2024-02-01,0.5786033190314371,0.0,0.4730938275174873,0.0
2024-02-25,La Liga,Las Palmas,Osasuna,13.0,2024-02-01,0.43759935641842673,1.0,0.3333885646979955,1.0
2024-02-25,La Liga,Real Madrid,Sevilla,9.0,2024-02-01,0.47695389081561707,0.0,0.37194574432576155,0.0
2024-02-26,La Liga,Girona,Vallecano,4.0,2024-02-01,0.4027605786145304,0.0,0.30093994488213277,0.0
2024-03-01,La Liga,Celta,Almeria,7.0,2024-02-01,0.5770379791294497,0.0,0.4722703620277713,0.0
2024-03-02,La Liga,Valencia,Real Madrid,4.0,2024-03-02,0.41393238459175574,0.0,0.3134197531208139,0.0
2024-03-02,La Liga,Getafe,Las Palmas,8.0,2024-03-02,0.37089240911335697,0.0,0.2744052866015975,0.0
2024-03-02,La Liga,Vallecano,Cadiz,13.0,2024-03-02,0.44453818806383083,1.0,0.3427273408566625,1.0
2024-03-02,La Liga,Sevilla,Sociedad,7.0,2024-03-02,0.37487771433570727,0.0,0.27751645419080684,0.0
2024-03-03,La Liga,Villarreal,Granada,10.0,2024-03-02,0.5215984765182539,1.0,0.4180702071025613,0.0
2024-03-03,La Liga,Ath Madrid,Betis,10.0,2024-03-02,0.5911249887994778,1.0,0.488825679907217,0.0
2024-03-03,La Liga,Mallorca,Girona,13.0,2024-03-02,0.303707124114287,1.0,0.21499813111823265,1.0
2024-03-03,La Liga,Ath Bilbao,Barcelona,8.0,2024-03-02,0.4610316009865137,0.0,0.35780333495756145,0.0
2024-03-04,La Liga,Osasuna,Alaves,10.0,2024-03-02,0.4238737469325683,1.0,0.32271623649502856,0.0
2024-03-08,La Liga,Barcelona,Mallorca,5.0,2024-03-02,0.45517248543263555,0.0,0.35453162134499117,0.0
2024-03-09,La Liga,Valencia,Getafe,10.0,2024-03-02,0.29818456188143416,1.0,0.21056556026566836,0.0
2024-03-09,La Liga,Cadiz,Ath Madrid,4.0,2024-03-02,0.4786619416108272,0.0,0.3748081364122518,0.0
2024-03-09,La Liga,Granada,Sociedad,10.0,2024-03-02,0.3347843290659654,1.0,0.24186358847618308,0.0
2024-03-09,La Liga,Girona,Osasuna,12.0,2024-03-02,0.33137037448669715,1.0,0.23899807122758274,1.0
2024-03-10,La Liga,Betis,Villarreal,15.0,2024-03-02,0.6287338005739137,1.0,0.5284265256920547,1.0
2024-03-10,La Liga,Real Madrid,Celta,13.0,2024-03-02,0.4786272794135892,1.0,0.3762640091694268,1.0
2024-03-10,La Liga,Alaves,Vallecano,12.0,2024-03-02,0.44728429479256315,1.0,0.34467519950094705,1.0
2024-03-10,La Liga,Las Palmas,Ath Bilbao,13.0,2024-03-02,0.5577204327941927,1.0,0.454551309181359,1.0
2024-03-11,La Liga,Almeria,Sevilla,9.0,2024-03-02,0.5155296352082501,0.0,0.4111371253023556,0.0
2024-03-15,La Liga,Sociedad,Cadiz,10.0,2024-03-02,0.411722282505666,1.0,0.3124014222776494,0.0
2024-03-16,La Liga,Mallorca,Granada,12.0,2024-03-02,0.34797095147171647,1.0,0.2538647444015225,1.0
2024-03-16,La Liga,Osasuna,Real Madrid,12.0,2024-03-02,0.3989937364093598,1.0,0.2996997548207553,1.0
2024-03-16,La Liga,Getafe,Girona,7.0,2024-03-02,0.2342518475660605,0.0,0.15735794936380204,0.0
2024-03-16,La Liga,Ath Bilbao,Alaves,9.0,2024-03-02,0.5537739690696722,0.0,0.45147992531208,0.0
2024-03-17,La Liga,Ath Madrid,Barcelona,10.0,2024-03-02,0.48431956967450757,1.0,0.3805489961042808,0.0
2024-03-17,La Liga,Sevilla,Celta,11.0,2024-03-02,0.44309005664347384,1.0,0.3409654467801324,1.0
2024-03-17,La Liga,Las Palmas,Almeria,14.0,2024-03-02,0.5800478422976391,1.0,0.47694375360599595,1.0
2024-03-17,La Liga,Villarreal,Valencia,8.0,2024-03-02,0.5291498241596007,0.0,0.4250448510395847,0.0
2024-03-17,La Liga,Vallecano,Betis,12.0,2024-03-02,0.5318355980911782,1.0,0.42792109843970677,1.0
2024-03-29,La Liga,Cadiz,Granada,7.0,2024-03-02,0.39387108973719304,0.0,0.2950775181891192,0.0
2024-03-30,La Liga,Getafe,Sevilla,10.0,2024-03-02,0.29522685774761526,1.0,0.20764335648394183,0.0
2024-03-30,La Liga,Almeria,Osasuna,7.0,2024-03-02,0.4796777172387563,0.0,0.37580709158420506,0.0
2024-03-30,La Liga,Valencia,Mallorca,6.0,2024-03-02,0.36789695088200197,0.0,0.27147861829724185,0.0
2024-03-30,La Liga,Barcelona,Las Palmas,7.0,2024-03-02,0.6255653759748852,0.0,0.5283905131384852,0.0
2024-03-31,La Liga,Celta,Vallecano,5.0,2024-03-02,0.4328232096498985,0.0,0.331137734505464,0.0
2024-03-31,La Liga,Girona,Betis,9.0,2024-03-02,0.4501090548399634,0.0,0.3475430683047461,0.0
2024-03-31,La Liga,Alaves,Sociedad,11.0,2024-03-02,0.3913885802143587,1.0,0.29244439823655966,1.0
2024-03-31,La Liga,Real Madrid,Ath Bilbao,11.0,2024-03-02,0.47267179633310125,1.0,0.36933167155837887,1.0
2024-04-01,La Liga,Villarreal,Ath Madrid,6.0,2024-04-01,0.5875203608459875,0.0,0.4843226373091549,0.0
2024-04-04,La Liga,Granada,Valencia,9.0,2024-04-01,0.3614233987259675,0.0,0.2649572027109884,0.0
2024-04-12,La Liga,Betis,Celta,11.0,2024-04-01,0.5341885396026355,1.0,0.4294767146278977,1.0
2024-04-13,La Liga,Mallorca,Real Madrid,6.0,2024-04-01,0.3766618158656512,0.0,0.2788913757712345,0.0
2024-04-13,La Liga,Cadiz,Barcelona,12.0,2024-04-01,0.4136316590990438,1.0,0.31310915872862916,1.0
2024-04-13,La Liga,Ath Madrid,Girona,2.0,2024-04-01,0.4300897180472049,0.0,0.3283140023460161,0.0
2024-04-13,La Liga,Vallecano,Getafe,3.0,2024-04-01,0.3202041756036435,0.0,0.22915472791037436,0.0
2024-04-14,La Liga,Sociedad,Almeria,6.0,2024-04-01,0.5256913100182236,0.0,0.42277507025817024,0.0
2024-04-14,La Liga,Ath Bilbao,Villarreal,4.0,2024-04-01,0.6266968748713309,0.0,0.5269441252727766,0.0
2024-04-14,La Liga,Granada,Alaves,6.0,2024-04-01,0.42289910858503366,0.0,0.3211787458728412,0.0
2024-04-14,La Liga,Las Palmas,Sevilla,8.0,2024-04-01,0.5074648332932079,0.0,0.40261465501845806,0.0
2024-04-15,La Liga,Osasuna,Valencia,5.0,2024-04-01,0.3797204817670883,0.0,0.28155973156996644,0.0
2024-04-19,La Liga,Ath Bilbao,Granada,15.0,2024-04-01,0.5347091507745708,1.0,0.4324420693762701,1.0
2024-04-20,La Liga,Celta,Las Palmas,12.0,2024-04-01,0.5337850346346926,1.0,0.4297527178763091,1.0
2024-04-20,La Liga,Vallecano,Osasuna,6.0,2024-04-01,0.4211862458237857,0.0,0.31994607521728735,0.0
2024-04-20,La Liga,Valencia,Betis,13.0,2024-04-01,0.5047631029385277,1.0,0.40013705216864937,1.0
2024-04-20,La Liga,Girona,Cadiz,6.0,2024-04-01,0.37434830542514236,0.0,0.27691110250242623,0.0
2024-04-21,La Liga,Getafe,Sociedad,4.0,2024-04-01,0.2543679557159293,0.0,0.17335558538659548,0.0
2024-04-21,La Liga,Almeria,Villarreal,7.0,2024-04-01,0.6149380363728906,0.0,0.5130700396299436,0.0
2024-04-21,La Liga,Alaves,Ath Madrid,12.0,2024-04-01,0.5099252705537695,1.0,0.40514311399990927,1.0
2024-04-21,La Liga,Real Madrid,Barcelona,10.0,2024-04-01,0.4041167247457491,1.0,0.30385242330168577,0.0
2024-04-22,La Liga,Sevilla,Mallorca,8.0,2024-04-01,0.39289759033642574,0.0,0.2938997044135847,0.0
2024-04-26,La Liga,Sociedad,Real Madrid,14.0,2024-04-01,0.369447760101185,1.0,0.2721522540529751,1.0
2024-04-27,La Liga,Ath Madrid,Ath Bilbao,8.0,2024-04-01,0.5190456114152899,0.0,0.414174763094018,0.0
2024-04-27,La Liga,Alaves,Celta,11.0,2024-04-01,0.4647530729258193,1.0,0.3609586051522987,1.0
2024-04-27,La Liga,Las Palmas,Girona,6.0,2024-04-01,0.44712937817370446,0.0,0.34407924935927126,0.0
2024-04-27,La Liga,Almeria,Getafe,11.0,2024-04-01,0.3718787482014782,1.0,0.2743796012346965,1.0
2024-04-28,La Liga,Cadiz,Mallorca,4.0,2024-04-01,0.3638701869132756,0.0,0.2672360181172209,0.0
2024-04-28,La Liga,Granada,Osasuna,6.0,2024-04-01,0.366995040537828,0.0,0.26995844237237493,0.0
2024-04-28,La Liga,Villarreal,Vallecano,9.0,2024-04-01,0.5479863648603913,0.0,0.4435838420084828,0.0
2024-04-28,La Liga,Betis,Sevilla,10.0,2024-04-01,0.5355638003948185,1.0,0.43082047830928893,0.0
2024-04-29,La Liga,Barcelona,Valencia,16.0,2024-04-01,0.45586113644432735,1.0,0.35443488492560205,1.0
2024-05-03,La Liga,Getafe,Ath Bilbao,16.0,2024-05-03,0.33412343975818126,1.0,0.24181554828374932,1.0
2024-05-04,La Liga,Sociedad,Las Palmas,9.0,2024-05-03,0.49641314067403824,0.0,0.3942392644238225,0.0
2024-05-04,La Liga,Real Madrid,Cadiz,11.0,2024-05-03,0.49710990758553353,1.0,0.39517707273465724,1.0
2024-05-04,La Liga,Girona,Barcelona,9.0,2024-05-03,0.3541704230820123,0.0,0.2596658499544247,0.0
2024-05-04,La Liga,Mallorca,Ath Madrid,8.0,2024-05-03,0.3859016134444812,0.0,0.2878507643023594,0.0
2024-05-05,La Liga,Vallecano,Almeria,11.0,2024-05-03,0.5216222120758629,1.0,0.41859771488326397,1.0
2024-05-05,La Liga,Sevilla,Granada,9.0,2024-05-03,0.4427172767194501,0.0,0.3420792683476942,0.0
2024-05-05,La Liga,Osasuna,Betis,13.0,2024-05-03,0.5027783662150009,1.0,0.3990135586498616,1.0
2024-05-05,La Liga,Celta,Villarreal,3.0,2024-05-03,0.5324064212686269,0.0,0.42877229885021895,0.0
2024-05-05,La Liga,Valencia,Alaves,12.0,2024-05-03,0.4562536081801345,1.0,0.35377602871535074,1.0
2024-05-10,La Liga,Alaves,Girona,8.0,2024-05-03,0.38681550789357155,0.0,0.28885007895557324,0.0
2024-05-11,La Liga,Mallorca,Las Palmas,4.0,2024-05-03,0.4386376568639922,0.0,0.3372683088114303,0.0
2024-05-11,La Liga,Villarreal,Sevilla,11.0,2024-05-03,0.5146092364886542,1.0,0.4106885727704107,1.0
2024-05-11,La Liga,Granada,Real Madrid,13.0,2024-05-03,0.4281229182706878,1.0,0.3276537998499367,1.0
2024-05-11,La Liga,Ath Bilbao,Osasuna,14.0,2024-05-03,0.4882267490814041,1.0,0.38622244745383644,1.0
2024-05-12,La Liga,Cadiz,Getafe,8.0,2024-05-03,0.2896577379475691,0.0,0.20355731344807307,0.0
2024-05-12,La Liga,Ath Madrid,Celta,11.0,2024-05-03,0.47739415821405434,1.0,0.37424865409675856,1.0
2024-05-12,La Liga,Valencia,Vallecano,9.0,2024-05-03,0.40043706681774865,0.0,0.3011685463744117,0.0
2024-05-12,La Liga,Betis,Almeria,8.0,2024-05-03,0.6361222533907094,0.0,0.5374915057474114,0.0
2024-05-13,La Liga,Barcelona,Sociedad,8.0,2024-05-03,0.39780832868675936,0.0,0.29958885854876155,0.0
2024-05-14,La Liga,Girona,Villarreal,6.0,2024-05-03,0.42330934012278787,0.0,0.32246044966903203,0.0
2024-05-14,La Liga,Real Madrid,Alaves,5.0,2024-05-03,0.545675711385529,0.0,0.4437175286091291,0.0
2024-05-14,La Liga,Osasuna,Mallorca,6.0,2024-05-03,0.32671988683945585,0.0,0.2351822206563102,0.0
2024-05-15,La Liga,Sevilla,Cadiz,10.0,2024-05-03,0.4378926687460968,1.0,0.33669345475679874,0.0
2024-05-15,La Liga,Vallecano,Granada,12.0,2024-05-03,0.4214304444944677,1.0,0.32184399459026364,1.0
2024-05-15,La Liga,Celta,Ath Bilbao,5.0,2024-05-03,0.47917748730572274,0.0,0.37571656116966384,0.0
2024-05-15,La Liga,Getafe,Ath Madrid,9.0,2024-05-03,0.31178357514435184,0.0,0.22207466035378293,0.0
2024-05-16,La Liga,Las Palmas,Betis,12.0,2024-05-03,0.6063773998129556,1.0,0.5049325415042827,1.0
2024-05-16,La Liga,Almeria,Barcelona,11.0,2024-05-03,0.5298924253764075,1.0,0.4269548480697333,1.0
2024-05-16,La Liga,Sociedad,Valencia,6.0,2024-05-03,0.40132055058434746,0.0,0.30316921618794423,0.0
2024-05-18,La Liga,Alaves,Getafe,3.0,2024-05-03,0.3377347901553529,0.0,0.24508797818570333,0.0
2024-05-19,La Liga,Mallorca,Almeria,14.0,2024-05-03,0.45271336924907735,1.0,0.35090759651606035,1.0
2024-05-19,La Liga,Villarreal,Real Madrid,6.0,2024-05-03,0.5246308481160269,0.0,0.4207024215836631,0.0
2024-05-19,La Liga,Valencia,Girona,9.0,2024-05-03,0.3348758539156387,0.0,0.2423576427121583,0.0
2024-05-19,La Liga,Granada,Celta,12.0,2024-05-03,0.3999598356246476,1.0,0.3006949944042724,1.0
2024-05-19,La Liga,Cadiz,Las Palmas,8.0,2024-05-03,0.4921418338057246,0.0,0.3887288610179432,0.0
2024-05-19,La Liga,Betis,Sociedad,8.0,2024-05-03,0.4781379687144083,0.0,0.3746802396803624,0.0
2024-05-19,La Liga,Barcelona,Vallecano,12.0,2024-05-03,0.48392143695372275,1.0,0.3823347186565262,1.0
2024-05-19,La Liga,Ath Madrid,Osasuna,12.0,2024-05-03,0.4333363620343309,1.0,0.3322802816695404,1.0
2024-05-19,La Liga,Ath Bilbao,Sevilla,11.0,2024-05-03,0.510326859033412,1.0,0.4074993049061835,1.0
2024-05-24,La Liga,Girona,Granada,6.0,2024-05-03,0.33456553912944165,0.0,0.24263095079798735,0.0
2024-05-25,La Liga,Osasuna,Villarreal,10.0,2024-05-03,0.47298005970403106,1.0,0.3698235108761304,0.0
2024-05-25,La Liga,Sociedad,Ath Madrid,12.0,2024-05-03,0.42528273236785896,1.0,0.3249776085690277,1.0
2024-05-25,La Liga,Almeria,Cadiz,5.0,2024-05-03,0.4858586123282313,0.0,0.3822405526728637,0.0
2024-05-25,La Liga,Vallecano,Ath Bilbao,10.0,2024-05-03,0.45414269550806896,1.0,0.3515625644336483,0.0
2024-05-25,La Liga,Real Madrid,Betis,9.0,2024-05-03,0.6075112278914261,0.0,0.5076915277423205,0.0
2024-05-26,La Liga,Las Palmas,Alaves,8.0,2024-05-03,0.5365861485246806,0.0,0.43275300889143686,0.0
2024-05-26,La Liga,Sevilla,Barcelona,11.0,2024-05-03,0.4300020284889127,1.0,0.328810701776951,1.0
2024-05-26,La Liga,Getafe,Mallorca,7.0,2024-05-03,0.23119858584986072,0.0,0.1551050518062259,0.0
2024-05-26,La Liga,Celta,Valencia,4.0,2024-05-03,0.43958534718356684,0.0,0.33815503540934927,0.0
2024-08-15,La Liga,Ath Bilbao,Getafe,11.0,2024-08-15,0.4217452378432463,1.0,0.3222261435782024,1.0
2024-08-15,La Liga,Betis,Girona,8.0,2024-08-15,0.44904213240687296,0.0,0.346422580673193,0.0
2024-08-16,La Liga,Celta,Alaves,6.0,2024-08-15,0.4453615291575637,0.0,0.3429086529919219,0.0
2024-08-16,La Liga,Las Palmas,Sevilla,9.0,2024-08-15,0.47307210593603266,0.0,0.36913814253210164,0.0
2024-08-17,La Liga,Osasuna,Leganes,10.0,2024-08-15,0.273494185695754,1.0,0.1893245279279585,0.0
2024-08-17,La Liga,Valencia,Barcelona,11.0,2024-08-15,0.4229025417449107,1.0,0.32178512821718097,1.0
2024-08-18,La Liga,Sociedad,Vallecano,15.0,2024-08-15,0.39640293271385346,1.0,0.2975799372932158,1.0
2024-08-18,La Liga,Mallorca,Real Madrid,15.0,2024-08-15,0.3561407788676768,1.0,0.26045768257808855,1.0
2024-08-19,La Liga,Valladolid,Espanol,5.0,2024-08-15,0.5342604356882771,0.0,0.4298481619892947,0.0
2024-08-19,La Liga,Villarreal,Ath Madrid,5.0,2024-08-15,0.5362979033261531,0.0,0.4319092220439025,0.0
2024-08-23,La Liga,Sevilla,Villarreal,9.0,2024-08-15,0.5090133003119586,0.0,0.4046490516431958,0.0
2024-08-23,La Liga,Celta,Valencia,11.0,2024-08-15,0.4093166042590393,1.0,0.30914598356025447,1.0
2024-08-24,La Liga,Getafe,Vallecano,5.0,2024-08-15,0.2963616046431685,0.0,0.2084385119058783,0.0
2024-08-24,La Liga,Espanol,Sociedad,11.0,2024-08-15,0.427744149798182,1.0,0.3259705999836584,1.0
2024-08-24,La Liga,Osasuna,Mallorca,9.0,2024-08-15,0.33206688856535105,0.0,0.23930783633418465,0.0
2024-08-24,La Liga,Barcelona,Ath Bilbao,11.0,2024-08-15,0.517660169766575,1.0,0.41371204824425967,1.0
2024-08-25,La Liga,Real Madrid,Valladolid,10.0,2024-08-15,0.5472285683945134,1.0,0.4448239178912642,0.0
2024-08-25,La Liga,Leganes,Las Palmas,10.0,2024-08-15,0.3476425445828577,1.0,0.2536549761770275,0.0
2024-08-25,La Liga,Alaves,Betis,11.0,2024-08-15,0.5584119781316302,1.0,0.45441207670414724,1.0
2024-08-25,La Liga,Ath Madrid,Girona,10.0,2024-08-15,0.3856297562445839,1.0,0.2873906539896052,0.0
2024-08-26,La Liga,Villarreal,Celta,11.0,2024-08-15,0.48560964793881956,1.0,0.3815553281287786,1.0
2024-08-27,La Liga,Mallorca,Sevilla,14.0,2024-08-15,0.3692561727459675,1.0,0.2723988312226022,1.0
2024-08-27,La Liga,Vallecano,Barcelona,12.0,2024-08-15,0.44131309860213797,1.0,0.3388790256381124,1.0
2024-08-28,La Liga,Ath Bilbao,Valencia,8.0,2024-08-15,0.5199432718806876,0.0,0.41684863220912716,0.0
2024-08-28,La Liga,Valladolid,Leganes,8.0,2024-08-15,0.32166920715899805,0.0,0.23017375208360388,0.0
2024-08-28,La Liga,Ath Madrid,Espanol,12.0,2024-08-15,0.5533864069846482,1.0,0.4496764476810774,1.0
2024-08-28,La Liga,Sociedad,Alaves,14.0,2024-08-15,0.41990779534245876,1.0,0.31966502990574086,1.0
2024-08-29,La Liga,Las Palmas,Real Madrid,8.0,2024-08-15,0.48180989534725976,0.0,0.37803605211006136,0.0
2024-08-29,La Liga,Girona,Osasuna,5.0,2024-08-15,0.31863907856788376,0.0,0.2277173414031188,0.0
2024-08-31,La Liga,Barcelona,Valladolid,11.0,2024-08-15,0.578847391393337,1.0,0.4781092360989438,1.0
2024-08-31,La Liga,Ath Bilbao,Ath Madrid,4.0,2024-08-15,0.5717292607794132,0.0,0.4691462986454159,0.0
2024-08-31,La Liga,Espanol,Vallecano,10.0,2024-08-15,0.49381092753915073,1.0,0.389393425985207,0.0
2024-08-31,La Liga,Leganes,Mallorca,4.0,2024-08-15,0.2313650982804537,0.0,0.1550134638601742,0.0
2024-08-31,La Liga,Valencia,Villarreal,17.0,2024-08-15,0.4665656535550852,1.0,0.36298784325228034,1.0
2024-09-01,La Liga,Alaves,Las Palmas,11.0,2024-08-15,0.5010933839806633,1.0,0.3972685716289738,1.0
2024-09-01,La Liga,Osasuna,Celta,9.0,2024-08-15,0.40012524821531076,0.0,0.30037499003689894,0.0
2024-09-01,La Liga,Sevilla,Girona,12.0,2024-08-15,0.356608580996097,1.0,0.2611987822293921,1.0
2024-09-01,La Liga,Getafe,Sociedad,5.0,2024-08-15,0.24560830463054217,0.0,0.16639868427866553,0.0
2024-09-01,La Liga,Real Madrid,Betis,10.0,2024-08-15,0.5945894052364039,1.0,0.4931822548161483,0.0
2024-09-13,La Liga,Betis,Leganes,12.0,2024-08-15,0.3952664536483777,1.0,0.29599327325353453,1.0
2024-09-14,La Liga,Espanol,Alaves,5.0,2024-09-14,0.5093347248451489,0.0,0.4042053458922246,0.0
2024-09-14,La Liga,Sevilla,Getafe,7.0,2024-09-14,0.3307553594578807,0.0,0.2381320481876447,0.0
2024-09-14,La Liga,Mallorca,Villarreal,13.0,2024-09-14,0.4391226709972798,1.0,0.33642080799550106,1.0
2024-09-14,La Liga,Sociedad,Real Madrid,12.0,2024-09-14,0.4015089836309064,1.0,0.3010730402972368,1.0
2024-09-15,La Liga,Ath Madrid,Valencia,10.0,2024-09-14,0.45575565072941254,1.0,0.35222997172808596,0.0
2024-09-15,La Liga,Las Palmas,Ath Bilbao,12.0,2024-09-14,0.521518509037681,1.0,0.41649837979441723,1.0
2024-09-15,La Liga,Celta,Valladolid,8.0,2024-09-14,0.4467947851868585,0.0,0.34396427251866135,0.0
2024-09-15,La Liga,Girona,Barcelona,7.0,2024-09-14,0.35404064155219966,0.0,0.25831893169866765,0.0
2024-09-16,La Liga,Vallecano,Osasuna,11.0,2024-09-14,0.43354705247925934,1.0,0.33135148776151746,1.0
2024-09-17,La Liga,Mallorca,Sociedad,10.0,2024-09-14,0.32728783436526904,1.0,0.23457631293863865,0.0
2024-09-18,La Liga,Betis,Getafe,12.0,2024-09-14,0.40763269816094794,1.0,0.3072562436085878,1.0
2024-09-19,La Liga,Leganes,Ath Bilbao,11.0,2024-09-14,0.38704939196112365,1.0,0.28882400582697154,1.0
2024-09-20,La Liga,Alaves,Sevilla,8.0,2024-09-14,0.4791146192281854,0.0,0.3745296484336475,0.0
2024-09-21,La Liga,Valladolid,Sociedad,12.0,2024-09-14,0.3960819993386207,1.0,0.296117790867866,1.0
2024-09-21,La Liga,Osasuna,Las Palmas,6.0,2024-09-14,0.4529686930593114,0.0,0.3497390537322913,0.0
2024-09-21,La Liga,Valencia,Girona,9.0,2024-09-14,0.33134855753255865,0.0,0.2382563342490495,0.0
2024-09-21,La Liga,Real Madrid,Espanol,13.0,2024-09-14,0.5734377245349439,1.0,0.4710635163454039,1.0
2024-09-22,La Liga,Vallecano,Ath Madrid,7.0,2024-09-14,0.47752096904077035,0.0,0.3732150945660796,0.0
2024-09-22,La Liga,Villarreal,Barcelona,10.0,2024-09-14,0.5184339584662553,1.0,0.41356720219364596,0.0
2024-09-22,La Liga,Getafe,Leganes,8.0,2024-09-14,0.2225448880477683,0.0,0.14832543238792154,0.0
2024-09-22,La Liga,Ath Bilbao,Celta,9.0,2024-09-14,0.5145590684947913,0.0,0.4105894958967221,0.0
2024-09-23,La Liga,Betis,Mallorca,9.0,2024-09-14,0.4840802946214795,0.0,0.3795618711918146,0.0
2024-09-24,La Liga,Sevilla,Valladolid,10.0,2024-09-14,0.48960814981531336,1.0,0.3854405754071271,0.0
2024-09-24,La Liga,Valencia,Osasuna,15.0,2024-09-14,0.40454671278561694,1.0,0.30410566789286664,1.0
2024-09-24,La Liga,Real Madrid,Alaves,8.0,2024-09-14,0.5228993118937891,0.0,0.41918738311128373,0.0
2024-09-25,La Liga,Girona,Vallecano,7.0,2024-09-14,0.3502880355362492,0.0,0.2548929361150773,0.0
2024-09-25,La Liga,Barcelona,Getafe,12.0,2024-09-14,0.4025407167804883,1.0,0.3044559367863408,1.0
2024-09-26,La Liga,Espanol,Villarreal,5.0,2024-09-14,0.5493823996951334,0.0,0.44446303555334005,0.0
2024-09-26,La Liga,Las Palmas,Betis,5.0,2024-09-14,0.5725905474407572,0.0,0.46822538210763714,0.0
2024-09-26,La Liga,Celta,Ath Madrid,5.0,2024-09-14,0.4466160919874281,0.0,0.34336346293453424,0.0
2024-09-27,La Liga,Valladolid,Mallorca,11.0,2024-09-14,0.3748158072404401,1.0,0.2767019041781132,1.0
2024-09-28,La Liga,Sociedad,Valencia,10.0,2024-09-14,0.4134904923417457,1.0,0.3129853199932028,0.0
2024-09-28,La Liga,Osasuna,Barcelona,13.0,2024-09-14,0.42992398157565775,1.0,0.32785221557869487,1.0
2024-09-28,La Liga,Getafe,Alaves,4.0,2024-09-14,0.3093766119192796,0.0,0.21921037598852952,0.0
2024-09-28,La Liga,Vallecano,Leganes,10.0,2024-09-14,0.3955015024468192,1.0,0.29749001409419146,0.0
2024-09-29,La Liga,Celta,Girona,8.0,2024-09-14,0.3284320866005446,0.0,0.23571955190262003,0.0
2024-09-29,La Liga,Ath Bilbao,Sevilla,11.0,2024-09-14,0.5436557532826121,1.0,0.43965225882947595,1.0
2024-09-29,La Liga,Betis,Espanol,12.0,2024-09-14,0.6175287193083328,1.0,0.5161400860538383,1.0
2024-09-29,La Liga,Ath Madrid,Real Madrid,10.0,2024-09-14,0.46641226214601467,1.0,0.3621659326585775,0.0
2024-09-30,La Liga,Villarreal,Las Palmas,5.0,2024-09-14,0.5454080762014685,0.0,0.4408985135539161,0.0
2024-10-04,La Liga,Leganes,Valencia,3.0,2024-09-14,0.3008967609214394,0.0,0.21201352096416992,0.0
2024-10-05,La Liga,Espanol,Mallorca,10.0,2024-09-14,0.4223024629401374,1.0,0.3203217065961151,0.0
2024-10-05,La Liga,Getafe,Osasuna,6.0,2024-09-14,0.2676846334342987,0.0,0.18411179527323673,0.0
2024-10-05,La Liga,Las Palmas,Celta,13.0,2024-09-14,0.45295163951635925,1.0,0.3492616954066858,1.0
2024-10-05,La Liga,Valladolid,Vallecano,18.0,2024-09-14,0.44908740888619025,1.0,0.3455468319064494,1.0
2024-10-05,La Liga,Real Madrid,Villarreal,7.0,2024-09-14,0.5605159979573481,0.0,0.4572784778986104,0.0
2024-10-06,La Liga,Sociedad,Ath Madrid,6.0,2024-09-14,0.4381971814908299,0.0,0.3360048788231139,0.0
2024-10-06,La Liga,Sevilla,Betis,5.0,2024-09-14,0.5717062915251336,0.0,0.4675489488711466,0.0
2024-10-06,La Liga,Alaves,Barcelona,14.0,2024-09-14,0.4792341387244362,1.0,0.3749773994559536,1.0
2024-10-06,La Liga,Girona,Ath Bilbao,7.0,2024-09-14,0.37838434362922907,0.0,0.27992069448003837,0.0
2024-10-18,La Liga,Alaves,Valladolid,11.0,2024-10-18,0.5243919124669768,1.0,0.41923751721664,1.0
2024-10-19,La Liga,Ath Bilbao,Espanol,10.0,2024-10-18,0.5869528040263691,1.0,0.4840881932836608,0.0
2024-10-19,La Liga,Osasuna,Betis,12.0,2024-10-18,0.510438151564174,1.0,0.4045146123220547,1.0
2024-10-19,La Liga,Girona,Sociedad,12.0,2024-10-18,0.29248620253233554,1.0,0.2042442046017178,1.0
2024-10-19,La Liga,Celta,Real Madrid,8.0,2024-10-18,0.4333509125004549,0.0,0.3300341559691113,0.0
2024-10-20,La Liga,Mallorca,Vallecano,11.0,2024-10-18,0.4185068504057652,1.0,0.31619518034278765,1.0
2024-10-20,La Liga,Ath Madrid,Leganes,10.0,2024-10-18,0.364673125858926,1.0,0.26862692620955686,0.0
2024-10-20,La Liga,Villarreal,Getafe,10.0,2024-10-18,0.3413706252786827,1.0,0.24669283503612754,0.0
2024-10-20,La Liga,Barcelona,Sevilla,10.0,2024-10-18,0.5407088438405073,1.0,0.43638436877405473,0.0
2024-10-21,La Liga,Valencia,Las Palmas,13.0,2024-10-18,0.45211130020195756,1.0,0.34808267984283037,1.0
2024-10-25,La Liga,Espanol,Sevilla,15.0,2024-10-18,0.4723310058644712,1.0,0.36715745205850436,1.0
2024-10-26,La Liga,Real Madrid,Barcelona,13.0,2024-10-18,0.48809055945885294,1.0,0.3825081432948709,1.0
2024-10-26,La Liga,Las Palmas,Girona,8.0,2024-10-18,0.33492988607307633,0.0,0.24075024550548788,0.0
2024-10-26,La Liga,Vallecano,Alaves,8.0,2024-10-18,0.4782500046824541,0.0,0.37323256242981945,0.0
2024-10-26,La Liga,Valladolid,Villarreal,10.0,2024-10-18,0.5331347744896705,1.0,0.42718332156713446,0.0
2024-10-27,La Liga,Leganes,Celta,6.0,2024-10-18,0.2807429224769313,0.0,0.1944846212388425,0.0
2024-10-27,La Liga,Getafe,Valencia,10.0,2024-10-18,0.288093570194189,1.0,0.2006129063092464,0.0
2024-10-27,La Liga,Betis,Ath Madrid,13.0,2024-10-18,0.5401775464436097,1.0,0.43456006522192797,1.0
2024-10-27,La Liga,Sociedad,Osasuna,18.0,2024-10-18,0.4278784499886716,1.0,0.3260096493036381,1.0
2024-10-28,La Liga,Mallorca,Ath Bilbao,15.0,2024-10-18,0.4444862371542926,1.0,0.3404998528969433,1.0
2024-11-01,La Liga,Alaves,Mallorca,9.0,2024-10-18,0.4004351403170494,0.0,0.2996392757580072,0.0
2024-11-02,La Liga,Osasuna,Valladolid,9.0,2024-10-18,0.4891772163967317,0.0,0.3840325907280912,0.0
2024-11-02,La Liga,Girona,Leganes,7.0,2024-10-18,0.26119893748791795,0.0,0.17951507877858716,0.0
2024-11-03,La Liga,Sevilla,Sociedad,14.0,2024-10-18,0.40879020123696813,1.0,0.3070978998434795,1.0
2024-11-03,La Liga,Ath Bilbao,Betis,8.0,2024-10-18,0.612694756685733,0.0,0.5102496602170424,0.0
2024-11-03,La Liga,Ath Madrid,Las Palmas,10.0,2024-10-18,0.46362901885901925,1.0,0.3592334502200816,0.0
2024-11-03,La Liga,Barcelona,Espanol,14.0,2024-10-18,0.6117147339055732,1.0,0.5112063618235523,1.0
2024-11-04,La Liga,Celta,Getafe,2.0,2024-10-18,0.2854797170126605,0.0,0.19864052079052286,0.0
2024-11-08,La Liga,Vallecano,Las Palmas,16.0,2024-10-18,0.49366485843130004,1.0,0.38850830884034876,1.0
2024-11-09,La Liga,Real Madrid,Osasuna,14.0,2024-10-18,0.49355072093203517,1.0,0.38937006475129904,1.0
2024-11-09,La Liga,Villarreal,Alaves,9.0,2024-10-18,0.4868479833118481,0.0,0.3814345306608745,0.0
2024-11-09,La Liga,Leganes,Sevilla,6.0,2024-10-18,0.31054262700674173,0.0,0.21981925259195548,0.0
2024-11-10,La Liga,Betis,Celta,2.0,2024-10-18,0.5244989514635047,0.0,0.418927909213677,0.0
2024-11-10,La Liga,Mallorca,Ath Madrid,9.0,2024-10-18,0.3953527611466026,0.0,0.29487468274743306,0.0
2024-11-10,La Liga,Getafe,Girona,7.0,2024-10-18,0.20127232192516123,0.0,0.13051546729878355,0.0
2024-11-10,La Liga,Valladolid,Ath Bilbao,10.0,2024-10-18,0.5550221204460457,1.0,0.44958083381616676,0.0
2024-11-10,La Liga,Sociedad,Barcelona,13.0,2024-10-18,0.4343433918257863,1.0,0.330918727214116,1.0
2024-11-22,La Liga,Getafe,Valladolid,5.0,2024-11-22,0.3494168190077241,0.0,0.2545785085491584,0.0
2024-11-23,La Liga,Celta,Barcelona,6.0,2024-11-22,0.43771804288387095,0.0,0.3349800081851477,0.0
2024-11-23,La Liga,Las Palmas,Mallorca,7.0,2024-11-22,0.43151777087955406,0.0,0.328982309587593,0.0
2024-11-23,La Liga,Girona,Espanol,9.0,2024-11-22,0.3996934125718265,0.0,0.29991369574988713,0.0
2024-11-23,La Liga,Ath Madrid,Alaves,5.0,2024-11-22,0.45104061867183665,0.0,0.347893937111836,0.0
2024-11-23,La Liga,Valencia,Betis,6.0,2024-11-22,0.5220133965306185,0.0,0.41700580014189254,0.0
2024-11-24,La Liga,Osasuna,Villarreal,8.0,2024-11-22,0.4806693078448952,0.0,0.3760732588020864,0.0
2024-11-24,La Liga,Sevilla,Vallecano,11.0,2024-11-22,0.49659241547935945,1.0,0.3917345516630937,1.0
2024-11-24,La Liga,Leganes,Real Madrid,6.0,2024-11-22,0.32500862711677186,0.0,0.2339725437762935,0.0
2024-11-24,La Liga,Ath Bilbao,Sociedad,8.0,2024-11-22,0.5006167336762961,0.0,0.39577683330485847,0.0
2024-11-29,La Liga,Mallorca,Valencia,9.0,2024-11-22,0.40949713682236966,0.0,0.30862627478081556,0.0
2024-11-30,La Liga,Barcelona,Las Palmas,7.0,2024-11-22,0.6234844090158259,0.0,0.524448508734135,0.0
2024-11-30,La Liga,Alaves,Leganes,21.0,2024-11-22,0.33149708020850854,1.0,0.24027099130586457,1.0
2024-11-30,La Liga,Espanol,Celta,7.0,2024-11-22,0.43902018252958125,0.0,0.3361839184525834,0.0
2024-11-30,La Liga,Valladolid,Ath Madrid,8.0,2024-11-22,0.4905940055085552,0.0,0.3856643984112666,0.0
2024-12-01,La Liga,Sociedad,Betis,4.0,2024-11-22,0.5508409671327791,0.0,0.4469755746720052,0.0
2024-12-01,La Liga,Vallecano,Ath Bilbao,8.0,2024-11-22,0.5271736543329433,0.0,0.4219572160634254,0.0
2024-12-01,La Liga,Villarreal,Girona,6.0,2024-11-22,0.3707963554437395,0.0,0.273270962135681,0.0
2024-12-01,La Liga,Real Madrid,Getafe,8.0,2024-11-22,0.358373791812313,0.0,0.2633547036304564,0.0
2024-12-02,La Liga,Sevilla,Osasuna,6.0,2024-11-22,0.47970738305720956,0.0,0.3756255935166897,0.0
2024-12-03,La Liga,Mallorca,Barcelona,7.0,2024-11-22,0.457450006149827,0.0,0.3537175265894708,0.0
2024-12-04,La Liga,Ath Bilbao,Real Madrid,7.0,2024-11-22,0.518550663562839,0.0,0.4134579735377654,0.0
2024-12-06,La Liga,Celta,Mallorca,6.0,2024-11-22,0.3536947383836194,0.0,0.25800110839527496,0.0
2024-12-07,La Liga,Las Palmas,Valladolid,6.0,2024-11-22,0.5278361983859676,0.0,0.42292363229191665,0.0
2024-12-07,La Liga,Betis,Barcelona,10.0,2024-11-22,0.5695881651752858,1.0,0.46526273332084733,0.0
2024-12-07,La Liga,Valencia,Vallecano,13.0,2024-11-22,0.4748860674065803,1.0,0.3704657001721976,1.0
2024-12-07,La Liga,Girona,Real Madrid,9.0,2024-11-22,0.3471743177890348,0.0,0.2520359547718857,0.0
2024-12-08,La Liga,Ath Madrid,Sevilla,8.0,2024-11-22,0.4736346680527565,0.0,0.3694930929639841,0.0
2024-12-08,La Liga,Leganes,Sociedad,8.0,2024-11-22,0.29593367754856753,0.0,0.20874199434352902,0.0
2024-12-08,La Liga,Ath Bilbao,Villarreal,6.0,2024-11-22,0.5708775432015881,0.0,0.4675571053716685,0.0
2024-12-08,La Liga,Osasuna,Alaves,11.0,2024-11-22,0.4353951577381761,1.0,0.3327167939096245,1.0
2024-12-09,La Liga,Getafe,Espanol,6.0,2024-11-22,0.34327321575225894,0.0,0.24888355223400724,0.0
2024-12-13,La Liga,Valladolid,Valencia,8.0,2024-11-22,0.48685801008815227,0.0,0.3820166921860179,0.0
2024-12-14,La Liga,Vallecano,Real Madrid,7.0,2024-11-22,0.49070303077276367,0.0,0.38576649270478375,0.0
2024-12-14,La Liga,Sevilla,Celta,7.0,2024-11-22,0.41543900037981446,0.0,0.3143464528736797,0.0
2024-12-14,La Liga,Espanol,Osasuna,9.0,2024-11-22,0.5021386361002792,0.0,0.39727244578329257,0.0
2024-12-14,La Liga,Mallorca,Girona,6.0,2024-11-22,0.3012178840593004,0.0,0.21229214907614904,0.0
2024-12-15,La Liga,Ath Madrid,Getafe,11.0,2024-11-22,0.308405366270391,1.0,0.21879317447486074,1.0
2024-12-15,La Liga,Alaves,Ath Bilbao,6.0,2024-11-22,0.4852461155236078,0.0,0.38043344126720485,0.0
2024-12-15,La Liga,Sociedad,Las Palmas,14.0,2024-11-22,0.539141473327051,1.0,0.43591866358798254,1.0
2024-12-15,La Liga,Villarreal,Betis,10.0,2024-11-22,0.5611840743990925,1.0,0.45675157919288634,0.0
2024-12-15,La Liga,Barcelona,Leganes,10.0,2024-11-22,0.5028071605133555,1.0,0.4023164706727254,0.0
2024-12-18,La Liga,Espanol,Valencia,11.0,2024-11-22,0.49594025384609147,1.0,0.3910237976196375,1.0
2024-12-18,La Liga,Villarreal,Vallecano,14.0,2024-11-22,0.5137933461017301,1.0,0.4086992700383076,1.0
2024-12-20,La Liga,Girona,Valladolid,10.0,2024-11-22,0.40893105288554454,1.0,0.3087934341434816,0.0
2024-12-21,La Liga,Barcelona,Ath Madrid,14.0,2024-11-22,0.5461947624575809,1.0,0.4425781366910733,1.0
2024-12-21,La Liga,Osasuna,Ath Bilbao,8.0,2024-11-22,0.49625711549659257,0.0,0.39126926219214375,0.0
2024-12-21,La Liga,Getafe,Mallorca,3.0,2024-11-22,0.26060583037235546,0.0,0.1783491941629336,0.0
2024-12-21,La Liga,Celta,Sociedad,12.0,2024-11-22,0.3794899992211837,1.0,0.2809464599916538,1.0
2024-12-22,La Liga,Valencia,Alaves,9.0,2024-12-22,0.4694745354259257,0.0,0.3652576549972908,0.0
2024-12-22,La Liga,Real Madrid,Sevilla,12.0,2024-12-22,0.49976996512164523,1.0,0.39540142192920624,1.0
2024-12-22,La Liga,Las Palmas,Espanol,4.0,2024-12-22,0.5036814218452876,0.0,0.39837625902349416,0.0
2024-12-22,La Liga,Leganes,Villarreal,6.0,2024-12-22,0.372717338549768,0.0,0.27476849927171754,0.0
2024-12-22,La Liga,Betis,Vallecano,10.0,2024-12-22,0.5552041100105901,1.0,0.4502997692240819,0.0
2025-01-03,La Liga,Valencia,Real Madrid,7.0,2024-12-22,0.45226369774451863,0.0,0.3482968006260348,0.0
2025-01-10,La Liga,Vallecano,Celta,6.0,2024-12-22,0.43162434286005713,0.0,0.32910890203300547,0.0
2025-01-11,La Liga,Espanol,Leganes,12.0,2024-12-22,0.42429761519307546,1.0,0.3231602188141329,1.0
2025-01-11,La Liga,Alaves,Girona,9.0,2024-12-22,0.33614909193402603,0.0,0.24211031687301016,0.0
2025-01-11,La Liga,Valladolid,Betis,9.0,2024-12-22,0.5118081677763073,0.0,0.40629590710561025,0.0
2025-01-11,La Liga,Sevilla,Valencia,11.0,2024-12-22,0.46330889116696633,1.0,0.35913433417722623,1.0
2025-01-12,La Liga,Ath Madrid,Osasuna,4.0,2024-12-22,0.4681655429287059,0.0,0.3643474127983118,0.0
2025-01-12,La Liga,Las Palmas,Getafe,9.0,2024-12-22,0.28668177946835866,0.0,0.19969904055727752,0.0
2025-01-13,La Liga,Sociedad,Villarreal,10.0,2024-12-22,0.5118966238986115,1.0,0.4072556538937002,0.0
2025-01-17,La Liga,Espanol,Valladolid,8.0,2024-12-22,0.5189917976262328,0.0,0.41405594515172617,0.0
2025-01-18,La Liga,Girona,Sevilla,11.0,2024-12-22,0.3494202104639723,1.0,0.25409911478292513,1.0
2025-01-18,La Liga,Leganes,Ath Madrid,11.0,2024-12-22,0.3516680485070439,1.0,0.2561134640880324,1.0
2025-01-18,La Liga,Betis,Alaves,5.0,2024-12-22,0.5273402810092535,0.0,0.42226218702563567,0.0
2025-01-18,La Liga,Getafe,Barcelona,12.0,2024-12-22,0.3179733042983515,1.0,0.22649589677429566,1.0
2025-01-19,La Liga,Celta,Ath Bilbao,7.0,2024-12-22,0.40087127090368724,0.0,0.30017436494318706,0.0
2025-01-19,La Liga,Real Madrid,Las Palmas,10.0,2024-12-22,0.5451207426001267,1.0,0.4418376257490771,0.0
2025-01-19,La Liga,Osasuna,Vallecano,9.0,2024-12-22,0.47924303979004695,0.0,0.37430957040364654,0.0
2025-01-19,La Liga,Valencia,Sociedad,11.0,2024-12-22,0.4469749939645945,1.0,0.3432698356463705,1.0
2025-01-20,La Liga,Villarreal,Mallorca,11.0,2024-12-22,0.4258280605264271,1.0,0.32373285156919485,1.0
2025-01-24,La Liga,Las Palmas,Osasuna,6.0,2025-01-24,0.42270708665663087,0.0,0.32025129043413775,0.0
2025-01-25,La Liga,Valladolid,Real Madrid,8.0,2025-01-24,0.4730057672680297,0.0,0.36851322044184825,0.0
2025-01-25,La Liga,Sevilla,Espanol,6.0,2025-01-24,0.5307046600403644,0.0,0.425860496880087,0.0
2025-01-25,La Liga,Mallorca,Betis,8.0,2025-01-24,0.4317708800714937,0.0,0.32873466372736104,0.0
2025-01-25,La Liga,Ath Madrid,Villarreal,11.0,2025-01-24,0.4887439263378938,1.0,0.38369465976907496,1.0
2025-01-26,La Liga,Vallecano,Girona,5.0,2025-01-24,0.37343874820522577,0.0,0.27509684686576713,0.0
2025-01-26,La Liga,Sociedad,Getafe,7.0,2025-01-24,0.3331637923534694,0.0,0.24026651205219302,0.0
2025-01-26,La Liga,Ath Bilbao,Leganes,17.0,2025-01-24,0.5295089603170009,1.0,0.42759915447188995,1.0
2025-01-26,La Liga,Barcelona,Valencia,18.0,2025-01-24,0.5634520916913338,1.0,0.46004656841855773,1.0
2025-01-27,La Liga,Alaves,Celta,7.0,2025-01-24,0.37350878684427613,0.0,0.27524950844137797,0.0
2025-01-31,La Liga,Leganes,Vallecano,11.0,2025-01-24,0.3907958533545228,1.0,0.2912302311573484,1.0
2025-02-01,La Liga,Espanol,Real Madrid,9.0,2025-01-24,0.4907946205863099,0.0,0.3855753411368684,0.0
2025-02-01,La Liga,Getafe,Sevilla,11.0,2025-01-24,0.3044151258132853,1.0,0.21451242604865353,1.0
2025-02-01,La Liga,Villarreal,Valladolid,9.0,2025-01-24,0.525900252028937,0.0,0.42131340081442176,0.0
2025-02-01,La Liga,Ath Madrid,Mallorca,14.0,2025-01-24,0.40584368495045614,1.0,0.30516812419103617,1.0
2025-02-02,La Liga,Osasuna,Sociedad,8.0,2025-01-24,0.4340379103225241,0.0,0.3308484981604632,0.0
2025-02-02,La Liga,Betis,Ath Bilbao,10.0,2025-01-24,0.5136609140021917,1.0,0.40787461856771695,0.0
2025-02-02,La Liga,Barcelona,Alaves,7.0,2025-01-24,0.5629081149490768,0.0,0.4595709856938883,0.0
2025-02-02,La Liga,Valencia,Celta,7.0,2025-01-24,0.3786729770337298,0.0,0.2799415055407458,0.0
2025-02-03,La Liga,Girona,Las Palmas,14.0,2025-01-24,0.37702937565744093,1.0,0.27932018197363195,1.0
2025-02-07,La Liga,Vallecano,Valladolid,6.0,2025-01-24,0.526796072127867,0.0,0.4221658337194678,0.0
2025-02-08,La Liga,Celta,Betis,11.0,2025-01-24,0.4170682097020978,1.0,0.31504375239537635,1.0
2025-02-08,La Liga,Ath Bilbao,Girona,13.0,2025-01-24,0.38318933639244374,1.0,0.2844729646293348,1.0
2025-02-08,La Liga,Las Palmas,Villarreal,11.0,2025-01-24,0.47371354989773223,1.0,0.36868141947409344,1.0
2025-02-08,La Liga,Real Madrid,Ath Madrid,7.0,2025-01-24,0.47726250351287336,0.0,0.3728847658867939,0.0
2025-02-09,La Liga,Alaves,Getafe,11.0,2025-01-24,0.29516443835861605,1.0,0.20691835536266856,1.0
2025-02-09,La Liga,Valencia,Leganes,12.0,2025-01-24,0.4318524096317107,1.0,0.33096926948025523,1.0
2025-02-09,La Liga,Sociedad,Espanol,6.0,2025-01-24,0.5426028354598178,0.0,0.43850818146881243,0.0
2025-02-09,La Liga,Sevilla,Barcelona,11.0,2025-01-24,0.5159933657479647,1.0,0.4102788927644243,1.0
2025-02-10,La Liga,Mallorca,Osasuna,18.0,2025-01-24,0.3769842490497378,1.0,0.2784987685896864,1.0
2025-02-14,La Liga,Girona,Getafe,6.0,2025-01-24,0.21997014429005152,0.0,0.1456251362698892,0.0
2025-02-15,La Liga,Villarreal,Valencia,9.0,2025-01-24,0.49203229441242285,0.0,0.3868509190508074,0.0
2025-02-15,La Liga,Ath Madrid,Celta,9.0,2025-01-24,0.3840055009879554,0.0,0.2850372615201652,0.0
2025-02-15,La Liga,Leganes,Alaves,5.0,2025-01-24,0.34983813352371423,0.0,0.25428434595596205,0.0
2025-02-15,La Liga,Osasuna,Real Madrid,8.0,2025-01-24,0.43684071613029524,0.0,0.3335941830611041,0.0
2025-02-16,La Liga,Espanol,Ath Bilbao,9.0,2025-01-24,0.5041773434763144,0.0,0.39869596821112263,0.0
2025-02-16,La Liga,Valladolid,Sevilla,5.0,2025-01-24,0.46997273604849127,0.0,0.36511801095320073,0.0
2025-02-16,La Liga,Mallorca,Las Palmas,8.0,2025-01-24,0.40336567703296994,0.0,0.302832705757743,0.0
2025-02-16,La Liga,Betis,Sociedad,10.0,2025-01-24,0.5003666542071328,1.0,0.39472903607077975,0.0
2025-02-17,La Liga,Barcelona,Vallecano,9.0,2025-01-24,0.5902865798695899,0.0,0.487731367736725,0.0
2025-02-21,La Liga,Celta,Osasuna,9.0,2025-01-24,0.36527432104266194,0.0,0.2680724715740448,0.0
2025-02-22,La Liga,Las Palmas,Barcelona,8.0,2025-01-24,0.5148267421831515,0.0,0.4097823951214704,0.0
2025-02-22,La Liga,Alaves,Espanol,7.0,2025-01-24,0.4941655740187363,0.0,0.3892174600709818,0.0
2025-02-22,La Liga,Vallecano,Villarreal,8.0,2025-01-24,0.5218889057217547,0.0,0.4162935347619576,0.0
2025-02-22,La Liga,Valencia,Ath Madrid,7.0,2025-01-24,0.44488540929967746,0.0,0.34111263908340256,0.0
2025-02-23,La Liga,Sociedad,Leganes,6.0,2025-02-23,0.538031991310648,0.0,0.4360860227090729,0.0
2025-02-23,La Liga,Getafe,Betis,7.0,2025-02-23,0.33565818517967955,0.0,0.24122329191795328,0.0
2025-02-23,La Liga,Ath Bilbao,Valladolid,8.0,2025-02-23,0.5561523757130838,0.0,0.45301115810156783,0.0
2025-02-23,La Liga,Real Madrid,Girona,16.0,2025-02-23,0.37592060804034577,1.0,0.2778122733205852,1.0
2025-02-24,La Liga,Sevilla,Mallorca,8.0,2025-02-23,0.4499475207012432,0.0,0.3461999725671382,0.0
2025-02-28,La Liga,Valladolid,Las Palmas,17.0,2025-02-23,0.4174801069843671,1.0,0.31509909042232276,1.0
2025-03-01,La Liga,Girona,Celta,6.0,2025-02-23,0.29040979097375064,0.0,0.20270360513373634,0.0
2025-03-01,La Liga,Vallecano,Sevilla,12.0,2025-02-23,0.48485248015895666,1.0,0.3793656589538447,1.0
2025-03-01,La Liga,Betis,Real Madrid,11.0,2025-02-23,0.48806573977378814,1.0,0.3823016076058957,1.0
2025-03-01,La Liga,Ath Madrid,Ath Bilbao,8.0,2025-02-23,0.47744512916358856,0.0,0.3719656951448812,0.0
2025-03-02,La Liga,Leganes,Getafe,8.0,2025-02-23,0.23242285102812799,0.0,0.15515807671860518,0.0
2025-03-02,La Liga,Barcelona,Sociedad,12.0,2025-02-23,0.5189087623668499,1.0,0.41348762961646385,1.0
2025-03-02,La Liga,Mallorca,Alaves,12.0,2025-02-23,0.39097646861495433,1.0,0.2906661451258266,1.0
2025-03-02,La Liga,Osasuna,Valencia,6.0,2025-02-23,0.44944832029695003,0.0,0.345142880765974,0.0
2025-03-08,La Liga,Alaves,Villarreal,7.0,2025-02-23,0.46200695556214666,0.0,0.357219688524285,0.0
2025-03-08,La Liga,Valencia,Valladolid,9.0,2025-02-23,0.46606691501118996,0.0,0.3620028982885993,0.0
2025-03-08,La Liga,Celta,Leganes,7.0,2025-02-23,0.39735409334391475,0.0,0.29901639678103786,0.0
2025-03-09,La Liga,Getafe,Ath Madrid,8.0,2025-02-23,0.2919271252673135,0.0,0.20368065052748013,0.0
2025-03-09,La Liga,Real Madrid,Vallecano,10.0,2025-02-23,0.49806763120876274,1.0,0.3931756345336365,0.0
2025-03-09,La Liga,Ath Bilbao,Mallorca,6.0,2025-02-23,0.5161293625439812,0.0,0.4118149399252404,0.0
2025-03-09,La Liga,Betis,Las Palmas,12.0,2025-02-23,0.5294775507651093,1.0,0.42427446997934776,1.0
2025-03-09,La Liga,Sociedad,Sevilla,9.0,2025-02-23,0.480290506030362,0.0,0.37540322429383177,0.0
2025-03-10,La Liga,Espanol,Girona,13.0,2025-02-23,0.333730344904462,1.0,0.2395592719498316,1.0
2025-03-14,La Liga,Las Palmas,Alaves,9.0,2025-02-23,0.42223098905953577,0.0,0.3194334407380563,0.0
2025-03-15,La Liga,Valladolid,Celta,7.0,2025-02-23,0.33904910869580634,0.0,0.24416481429950404,0.0
2025-03-15,La Liga,Mallorca,Espanol,8.0,2025-02-23,0.4195790661038881,0.0,0.31756838515507496,0.0
2025-03-15,La Liga,Villarreal,Real Madrid,15.0,2025-02-23,0.4729171555781773,1.0,0.3675906705171773,1.0
2025-03-15,La Liga,Girona,Valencia,13.0,2025-02-23,0.3693357134259589,1.0,0.2713525389842143,1.0
2025-03-16,La Liga,Vallecano,Sociedad,8.0,2025-02-23,0.45740287385845646,0.0,0.3526578074485314,0.0
2025-03-16,La Liga,Osasuna,Getafe,5.0,2025-02-23,0.29215847876112033,0.0,0.2040495944874876,0.0
2025-03-16,La Liga,Ath Madrid,Barcelona,12.0,2025-02-23,0.4984273265580209,1.0,0.3925266888710209,1.0
2025-03-16,La Liga,Leganes,Betis,10.0,2025-02-23,0.4375059074836131,1.0,0.33466648324977977,0.0
2025-03-16,La Liga,Sevilla,Ath Bilbao,10.0,2025-02-23,0.49258269730765336,1.0,0.38672322885454496,0.0
2025-03-27,La Liga,Barcelona,Osasuna,12.0,2025-03-27,0.5664069668621274,1.0,0.4630215036775404,1.0
2025-03-29,La Liga,Real Madrid,Leganes,11.0,2025-03-27,0.5552642485914594,1.0,0.4534037029946697,1.0
2025-03-29,La Liga,Alaves,Vallecano,13.0,2025-03-27,0.44625073555175393,1.0,0.3420420314086593,1.0
2025-03-29,La Liga,Sociedad,Valladolid,9.0,2025-03-27,0.47891188181261884,0.0,0.374823372232171,0.0
2025-03-29,La Liga,Espanol,Ath Madrid,7.0,2025-03-27,0.43914915126981463,0.0,0.33529236889522585,0.0
2025-03-30,La Liga,Getafe,Villarreal,4.0,2025-03-27,0.3164764258590682,0.0,0.22450418049557883,0.0
2025-03-30,La Liga,Barcelona,Girona,12.0,2025-03-27,0.4818329154153215,1.0,0.377462855408896,1.0
2025-03-30,La Liga,Ath Bilbao,Osasuna,7.0,2025-03-27,0.507440963895605,0.0,0.4028556038441146,0.0
2025-03-30,La Liga,Valencia,Mallorca,9.0,2025-03-27,0.4320771727037626,0.0,0.3290108132881625,0.0
2025-03-30,La Liga,Betis,Sevilla,4.0,2025-03-27,0.5240043262177704,0.0,0.41808361377963255,0.0
2025-03-31,La Liga,Celta,Las Palmas,6.0,2025-03-27,0.40564835215480327,0.0,0.3047575647543654,0.0
2025-04-04,La Liga,Vallecano,Espanol,12.0,2025-03-27,0.5098479223810034,1.0,0.405031236760992,1.0
2025-04-05,La Liga,Girona,Alaves,6.0,2025-03-27,0.3713890702577219,0.0,0.27317648060372896,0.0
2025-04-05,La Liga,Real Madrid,Valencia,13.0,2025-03-27,0.5200604184710544,1.0,0.41485712705793665,1.0
2025-04-05,La Liga,Mallorca,Celta,6.0,2025-03-27,0.3224414912770092,0.0,0.22970937508667486,0.0
2025-04-05,La Liga,Barcelona,Betis,12.0,2025-03-27,0.6012423843648006,1.0,0.49844157727314375,1.0
2025-04-06,La Liga,Villarreal,Ath Bilbao,11.0,2025-03-27,0.5043627607145259,1.0,0.39820570746238626,1.0
2025-04-06,La Liga,Valladolid,Getafe,7.0,2025-03-27,0.27224900312237593,0.0,0.1872031795139282,0.0
2025-04-06,La Liga,Las Palmas,Sociedad,9.0,2025-03-27,0.4566457139853315,0.0,0.352034591793989,0.0
2025-04-06,La Liga,Sevilla,Ath Madrid,14.0,2025-03-27,0.4668000799923484,1.0,0.3617524762791756,1.0
2025-04-07,La Liga,Leganes,Osasuna,12.0,2025-03-27,0.34072510231436404,1.0,0.24584912065594683,1.0
2025-04-11,La Liga,Valencia,Sevilla,6.0,2025-03-27,0.47592775322856196,0.0,0.3705201466627754,0.0
2025-04-12,La Liga,Sociedad,Mallorca,10.0,2025-03-27,0.43626422331591735,1.0,0.33360113846939815,0.0
2025-04-12,La Liga,Getafe,Las Palmas,5.0,2025-03-27,0.31911062141361585,0.0,0.2272673984737045,0.0
2025-04-12,La Liga,Celta,Espanol,18.0,2025-03-27,0.38799293759113773,1.0,0.288724647773634,1.0
2025-04-12,La Liga,Leganes,Barcelona,12.0,2025-03-27,0.5046736195965877,1.0,0.40098099386272035,1.0
2025-04-13,La Liga,Osasuna,Girona,8.0,2025-03-27,0.3539259087183576,0.0,0.25720234508002643,0.0
2025-04-13,La Liga,Alaves,Real Madrid,8.0,2025-03-27,0.4466167429032975,0.0,0.34228649744441786,0.0
2025-04-13,La Liga,Betis,Villarreal,10.0,2025-03-27,0.5459342361390925,1.0,0.44017682744084524,0.0
2025-04-13,La Liga,Ath Bilbao,Vallecano,8.0,2025-03-27,0.5231818513715852,0.0,0.4179067210348193,0.0
2025-04-14,La Liga,Ath Madrid,Valladolid,6.0,2025-03-27,0.46957833955145273,0.0,0.36527837233914523,0.0
2025-04-18,La Liga,Espanol,Getafe,14.0,2025-03-27,0.2761113176030666,1.0,0.19035903296479997,1.0
2025-04-19,La Liga,Las Palmas,Ath Madrid,8.0,2025-03-27,0.4627747366451949,0.0,0.3577406291091105,0.0
2025-04-19,La Liga,Mallorca,Leganes,8.0,2025-03-27,0.3897128315664216,0.0,0.29118536533853673,0.0
2025-04-19,La Liga,Vallecano,Valencia,7.0,2025-03-27,0.4882017547242238,0.0,0.38268638385249243,0.0
2025-04-19,La Liga,Barcelona,Celta,5.0,2025-03-27,0.48638986133837164,0.0,0.3824318236213616,0.0
2025-04-20,La Liga,Valladolid,Osasuna,7.0,2025-03-27,0.4080489426970727,0.0,0.3062234039850707,0.0
2025-04-20,La Liga,Villarreal,Sociedad,14.0,2025-03-27,0.47168670982675925,1.0,0.36632197716787707,1.0
2025-04-20,La Liga,Sevilla,Alaves,9.0,2025-03-27,0.45150352213113953,0.0,0.3472644821254916,0.0
2025-04-20,La Liga,Real Madrid,Ath Bilbao,15.0,2025-03-27,0.4950807181116688,1.0,0.3892157736808611,1.0
2025-04-21,La Liga,Girona,Betis,17.0,2025-03-27,0.4319694266934108,1.0,0.3286390371260432,1.0
2025-04-22,La Liga,Valencia,Espanol,10.0,2025-03-27,0.49152501676166754,1.0,0.38671297492660517,0.0
2025-04-22,La Liga,Barcelona,Mallorca,15.0,2025-03-27,0.5519745952783114,1.0,0.44832155246231836,1.0
2025-04-23,La Liga,Getafe,Real Madrid,8.0,2025-03-27,0.30595078562540073,0.0,0.2155442528459921,0.0
2025-04-23,La Liga,Ath Bilbao,Las Palmas,6.0,2025-03-27,0.5823339501848075,0.0,0.4797264699287884,0.0
2025-04-23,La Liga,Celta,Villarreal,9.0,2025-03-27,0.3963455660569424,0.0,0.29548560565571913,0.0
2025-04-23,La Liga,Alaves,Sociedad,12.0,2025-03-27,0.4113064591853903,1.0,0.3091819309144123,1.0
2025-04-24,La Liga,Betis,Valladolid,8.0,2025-03-27,0.5252752980477137,0.0,0.42018880087816524,0.0
2025-04-24,La Liga,Ath Madrid,Vallecano,9.0,2025-03-27,0.47315159468237533,0.0,0.3679500733797605,0.0
2025-04-24,La Liga,Leganes,Girona,9.0,2025-03-27,0.31764866798045477,0.0,0.22621928415801856,0.0
2025-04-24,La Liga,Osasuna,Sevilla,8.0,2025-03-27,0.43790940323396743,0.0,0.3340697669179901,0.0
2025-04-27,La Liga,Villarreal,Espanol,14.0,2025-04-27,0.580669092084745,1.0,0.4756845092883495,1.0
2025-05-02,La Liga,Vallecano,Getafe,10.0,2025-04-27,0.31132640698485703,1.0,0.21950210483066976,0.0
2025-05-03,La Liga,Valladolid,Barcelona,12.0,2025-04-27,0.49252929552002433,1.0,0.38590635546052243,1.0
2025-05-03,La Liga,Alaves,Ath Madrid,8.0,2025-04-27,0.42635792328030797,0.0,0.322115261162351,0.0
2025-05-03,La Liga,Villarreal,Osasuna,10.0,2025-04-27,0.48479515034763243,1.0,0.37830400464106717,0.0
2025-05-03,La Liga,Las Palmas,Valencia,14.0,2025-04-27,0.43386919855870704,1.0,0.32901080661135723,1.0
2025-05-04,La Liga,Sevilla,Leganes,10.0,2025-04-27,0.4924341187928178,1.0,0.3876290377930703,0.0
2025-05-04,La Liga,Espanol,Betis,10.0,2025-04-27,0.5361470128035513,1.0,0.4287079989458513,0.0
2025-05-04,La Liga,Real Madrid,Celta,10.0,2025-04-27,0.4339484048637016,1.0,0.33019845522641417,0.0
2025-05-04,La Liga,Sociedad,Ath Bilbao,10.0,2025-04-27,0.46996175465274087,1.0,0.36340936883912506,0.0
2025-05-05,La Liga,Girona,Mallorca,7.0,2025-04-27,0.3792255896452736,0.0,0.2793272824389717,0.0
2025-05-09,La Liga,Las Palmas,Vallecano,16.0,2025-04-27,0.4485081841899681,1.0,0.34283100217287155,1.0
2025-05-10,La Liga,Valencia,Getafe,8.0,2025-04-27,0.2924574922482109,0.0,0.20336870380464916,0.0
2025-05-10,La Liga,Celta,Sevilla,9.0,2025-04-27,0.36162034684881,0.0,0.2630719232384321,0.0
2025-05-10,La Liga,Girona,Villarreal,8.0,2025-04-27,0.4380395746726176,0.0,0.33309027622129883,0.0
2025-05-10,La Liga,Mallorca,Valladolid,15.0,2025-04-27,0.3768480758357324,1.0,0.2768298620858388,1.0
2025-05-10,La Liga,Ath Madrid,Sociedad,6.0,2025-04-27,0.4445436847091291,0.0,0.3391597293915902,0.0
2025-05-11,La Liga,Leganes,Espanol,11.0,2025-04-27,0.4096172273446246,1.0,0.3064375510927316,1.0
2025-05-11,La Liga,Barcelona,Real Madrid,12.0,2025-04-27,0.5655020029221994,1.0,0.45914996478376024,1.0
2025-05-11,La Liga,Ath Bilbao,Alaves,11.0,2025-04-27,0.4818029435086927,1.0,0.37563786886376815,1.0
2025-05-11,La Liga,Betis,Osasuna,13.0,2025-04-27,0.49942094839202034,1.0,0.3926576837408225,1.0
2025-05-13,La Liga,Sevilla,Las Palmas,6.0,2025-04-27,0.4742617128735875,0.0,0.36846614214172685,0.0
2025-05-13,La Liga,Sociedad,Celta,15.0,2025-04-27,0.3834203872403171,1.0,0.28310546261723535,1.0
2025-05-13,La Liga,Valladolid,Girona,10.0,2025-04-27,0.353993697799932,1.0,0.2561865428394573,0.0
2025-05-14,La Liga,Alaves,Valencia,13.0,2025-04-27,0.44488612916847964,1.0,0.3397365519449306,1.0
2025-05-14,La Liga,Villarreal,Leganes,9.0,2025-04-27,0.5395829629084241,0.0,0.4347464289083329,0.0
2025-05-14,La Liga,Real Madrid,Mallorca,26.0,2025-04-27,0.5108042214396837,1.0,0.4049725961486706,1.0
2025-05-15,La Liga,Vallecano,Betis,17.0,2025-04-27,0.5229345088965972,1.0,0.4154769374900131,1.0
2025-05-15,La Liga,Osasuna,Ath Madrid,8.0,2025-04-27,0.41333498511818106,0.0,0.30989160524224174,0.0
2025-05-15,La Liga,Espanol,Barcelona,6.0,2025-04-27,0.5871909265161868,0.0,0.48218026769372097,0.0
2025-05-15,La Liga,Getafe,Ath Bilbao,7.0,2025-04-27,0.29567163929526685,0.0,0.20585489670292895,0.0
2025-05-18,La Liga,Valladolid,Alaves,14.0,2025-04-27,0.38874349428039356,1.0,0.2873326666953272,1.0
2025-05-18,La Liga,Sociedad,Girona,11.0,2025-04-27,0.4152372986789738,1.0,0.31211590415799567,1.0
2025-05-18,La Liga,Sevilla,Real Madrid,8.0,2025-04-27,0.4804862755341776,0.0,0.37351752160870844,0.0
2025-05-18,La Liga,Osasuna,Espanol,14.0,2025-04-27,0.4875120700349319,1.0,0.38121703911374843,1.0
2025-05-18,La Liga,Valencia,Ath Bilbao,8.0,2025-04-27,0.4675844138402211,0.0,0.3610613432906104,0.0
2025-05-18,La Liga,Las Palmas,Leganes,11.0,2025-04-27,0.41722100864704526,1.0,0.3146522050902777,1.0
2025-05-18,La Liga,Celta,Vallecano,11.0,2025-04-27,0.37597588946406413,1.0,0.2759103764269438,1.0
2025-05-18,La Liga,Barcelona,Villarreal,14.0,2025-04-27,0.6100547996892535,1.0,0.5065736075671057,1.0
2025-05-18,La Liga,Mallorca,Getafe,7.0,2025-04-27,0.24901710507575028,0.0,0.16740154324298576,0.0
2025-05-18,La Liga,Ath Madrid,Betis,11.0,2025-04-27,0.500353732877115,1.0,0.39314565127200757,1.0
2025-05-23,La Liga,Betis,Valencia,5.0,2025-04-27,0.5217940447120947,0.0,0.41467540399177527,0.0
2025-05-24,La Liga,Real Madrid,Sociedad,15.0,2025-04-27,0.5045621612969631,1.0,0.3976489366864005,1.0
2025-05-24,La Liga,Espanol,Las Palmas,9.0,2025-04-27,0.46639004465042866,0.0,0.35999130548774533,0.0
2025-05-24,La Liga,Leganes,Valladolid,7.0,2025-04-27,0.34579012126990477,0.0,0.2490507270191365,0.0
2025-05-24,La Liga,Alaves,Osasuna,14.0,2025-04-27,0.42227647706983656,1.0,0.3186366684780016,1.0
2025-05-24,La Liga,Getafe,Celta,8.0,2025-04-27,0.21029736310927935,0.0,0.13672146946547323,0.0
2025-05-24,La Liga,Vallecano,Mallorca,13.0,2025-04-27,0.44945644529643974,1.0,0.3443954957852268,1.0
2025-05-25,La Liga,Girona,Ath Madrid,9.0,2025-04-27,0.39083897728777955,0.0,0.2893764707786144,0.0
2025-05-25,La Liga,Villarreal,Sevilla,8.0,2025-04-27,0.5000344788308239,0.0,0.39291350084257,0.0
2025-05-25,La Liga,Ath Bilbao,Barcelona,8.0,2025-04-27,0.5254397756124299,0.0,0.41783335967930213,0.0
2025-08-15,La Liga,Girona,Vallecano,6.0,2025-08-15,0.4399104433249134,0.0,0.3357194332948384,0.0
2025-08-16,La Liga,Mallorca,Barcelona,9.0,2025-08-15,0.523404406710663,0.0,0.4178816085558685,0.0
2025-08-16,La Liga,Alaves,Levante,11.0,2025-08-15,0.4860072331960444,1.0,0.3801413535153657,1.0
2025-08-16,La Liga,Valencia,Sociedad,15.0,2025-08-15,0.4561043083354584,1.0,0.35097771491529844,1.0
2025-08-17,La Liga,Celta,Getafe,12.0,2025-08-15,0.22780541798894216,1.0,0.1511776260733889,1.0
2025-08-17,La Liga,Ath Bilbao,Sevilla,11.0,2025-08-15,0.46648411563134395,1.0,0.36172137038608193,1.0
2025-08-17,La Liga,Espanol,Ath Madrid,4.0,2025-08-15,0.4680194473293821,0.0,0.3625566068699665,0.0
2025-08-18,La Liga,Elche,Betis,4.0,2025-08-15,0.5997789723447099,0.0,0.49525051138250376,0.0
2025-08-19,La Liga,Real Madrid,Osasuna,7.0,2025-08-15,0.5563048256830697,0.0,0.45161898935767286,0.0
2025-08-22,La Liga,Betis,Alaves,7.0,2025-08-15,0.5232856628573821,0.0,0.41701983164023676,0.0
2025-08-23,La Liga,Mallorca,Celta,7.0,2025-08-15,0.3562815255014113,0.0,0.25899604357640527,0.0
2025-08-23,La Liga,Ath Madrid,Elche,12.0,2025-08-15,0.5465363874306131,1.0,0.4408546402120531,1.0
2025-08-23,La Liga,Levante,Barcelona,11.0,2025-08-15,0.5305150269352579,1.0,0.42428976635160187,1.0
2025-08-24,La Liga,Sociedad,Espanol,7.0,2025-08-15,0.5810195428912408,0.0,0.47763731178326685,0.0
2025-08-24,La Liga,Villarreal,Girona,9.0,2025-08-15,0.434907998697585,0.0,0.3311143075495695,0.0
2025-08-24,La Liga,Osasuna,Valencia,7.0,2025-08-15,0.44682785462217545,0.0,0.3423925278295987,0.0
2025-08-25,La Liga,Sevilla,Getafe,8.0,2025-08-15,0.28095771914767953,0.0,0.19456563914859032,0.0
2025-08-25,La Liga,Ath Bilbao,Vallecano,9.0,2025-08-15,0.532749453300416,0.0,0.42695715877598744,0.0
2025-08-27,La Liga,Celta,Betis,14.0,2025-08-15,0.42786186501460827,1.0,0.3243617543350982,1.0
2025-08-29,La Liga,Elche,Levante,6.0,2025-08-15,0.5688719992237354,0.0,0.4631337236781639,0.0
2025-08-29,La Liga,Valencia,Getafe,14.0,2025-08-15,0.2852335682088774,1.0,0.1979489889733359,1.0
2025-08-30,La Liga,Alaves,Ath Madrid,7.0,2025-08-15,0.43190185817891225,0.0,0.32811896581537625,0.0
2025-08-30,La Liga,Girona,Sevilla,14.0,2025-08-15,0.37531827715578847,1.0,0.2761379251085533,1.0
2025-08-30,La Liga,Real Madrid,Mallorca,9.0,2025-08-15,0.5951671520574833,0.0,0.4928879699136874,0.0
2025-08-31,La Liga,Celta,Villarreal,6.0,2025-08-15,0.4153885124684263,0.0,0.3128416280744436,0.0
2025-08-31,La Liga,Betis,Ath Bilbao,14.0,2025-08-15,0.5098736747893957,1.0,0.40331190190516814,1.0
2025-08-31,La Liga,Espanol,Osasuna,5.0,2025-08-15,0.4770835531126998,0.0,0.3711635980038086,0.0
2025-08-31,La Liga,Vallecano,Barcelona,13.0,2025-08-15,0.5519820294829065,1.0,0.4458659781110048,1.0
2025-09-12,La Liga,Sevilla,Elche,4.0,2025-08-15,0.5426752755194006,0.0,0.4366980560278657,0.0
2025-09-13,La Liga,Ath Madrid,Villarreal,11.0,2025-08-15,0.48386656132240563,1.0,0.3782628573176888,1.0
2025-09-13,La Liga,Ath Bilbao,Alaves,12.0,2025-08-15,0.49401582862594495,1.0,0.38858887569751743,1.0
2025-09-13,La Liga,Sociedad,Real Madrid,16.0,2025-08-15,0.5147307700576009,1.0,0.4081554226620579,1.0
2025-09-14,La Liga,Celta,Girona,13.0,2025-09-14,0.33646985218018743,1.0,0.2422164927903376,1.0
2025-09-14,La Liga,Levante,Betis,16.0,2025-09-14,0.48300625327069396,1.0,0.377606514148696,1.0
2025-09-14,La Liga,Osasuna,Vallecano,9.0,2025-09-14,0.4631003002649292,0.0,0.35823050035958653,0.0
2025-09-14,La Liga,Barcelona,Valencia,9.0,2025-09-14,0.6102725346321499,0.0,0.509208025339998,0.0
2025-09-15,La Liga,Espanol,Mallorca,12.0,2025-09-14,0.42890226498012257,1.0,0.3258493201568627,1.0
2025-09-19,La Liga,Betis,Sociedad,8.0,2025-09-14,0.5342058438288019,0.0,0.42820908690165427,0.0
2025-09-20,La Liga,Girona,Levante,9.0,2025-09-14,0.41969215494020257,0.0,0.3184859227012584,0.0
2025-09-20,La Liga,Real Madrid,Espanol,8.0,2025-09-14,0.6212542065433095,0.0,0.5213623508116103,0.0
2025-09-20,La Liga,Alaves,Sevilla,8.0,2025-09-14,0.4419612377225065,0.0,0.33832953791063103,0.0
2025-09-20,La Liga,Villarreal,Osasuna,7.0,2025-09-14,0.468625878359948,0.0,0.3639612306105873,0.0
2025-09-20,La Liga,Valencia,Ath Bilbao,11.0,2025-09-14,0.4855377522969381,1.0,0.37995155469015557,1.0
2025-09-21,La Liga,Barcelona,Getafe,5.0,2025-09-14,0.4551423103226379,0.0,0.35324971071327793,0.0
2025-09-21,La Liga,Elche,Oviedo,6.0,2025-09-14,0.4558763556372593,0.0,0.3568032325905601,0.0
2025-09-21,La Liga,Mallorca,Ath Madrid,9.0,2025-09-14,0.3986659508011255,0.0,0.2978301716845662,0.0
2025-09-21,La Liga,Vallecano,Celta,12.0,2025-09-14,0.4409011209762124,1.0,0.3374855737543818,1.0
2025-09-23,La Liga,Ath Bilbao,Girona,9.0,2025-09-14,0.4499921453314558,0.0,0.3467209094108603,0.0
2025-09-23,La Liga,Espanol,Valencia,11.0,2025-09-14,0.46558001505607927,1.0,0.36059732484515283,1.0
2025-09-23,La Liga,Levante,Real Madrid,8.0,2025-09-14,0.5137557915570775,0.0,0.4086251435628064,0.0
2025-09-23,La Liga,Sevilla,Villarreal,6.0,2025-09-14,0.4727295830196742,0.0,0.36765591417568977,0.0
2025-09-24,La Liga,Getafe,Alaves,9.0,2025-09-14,0.29820810714061746,0.0,0.2090647060537814,0.0
2025-09-24,La Liga,Ath Madrid,Vallecano,14.0,2025-09-14,0.47474707039990677,1.0,0.3698283095403678,1.0
2025-09-24,La Liga,Sociedad,Mallorca,13.0,2025-09-14,0.5300167316239791,1.0,0.42587275082907183,1.0
2025-09-25,La Liga,Osasuna,Elche,5.0,2025-09-14,0.42076674693836513,0.0,0.3186068522782114,0.0
2025-09-25,La Liga,Oviedo,Barcelona,15.0,2025-09-14,0.5928117106340738,1.0,0.49500729249296654,1.0
2025-09-26,La Liga,Girona,Espanol,12.0,2025-09-14,0.43573351605340077,1.0,0.33331158391383336,1.0
2025-09-27,La Liga,Villarreal,Ath Bilbao,11.0,2025-09-14,0.5010655596507716,1.0,0.39515257174712354,1.0
2025-09-27,La Liga,Mallorca,Alaves,12.0,2025-09-14,0.42590718624060014,1.0,0.3229500954691436,1.0
2025-09-27,La Liga,Getafe,Levante,8.0,2025-09-14,0.30644974970237304,0.0,0.21679051913293812,0.0
2025-09-27,La Liga,Ath Madrid,Real Madrid,9.0,2025-09-14,0.474421957651444,0.0,0.36914848517351156,0.0
2025-09-28,La Liga,Vallecano,Sevilla,16.0,2025-09-14,0.4952854468079072,1.0,0.3899577834076881,1.0
2025-09-28,La Liga,Elche,Celta,9.0,2025-09-14,0.36670132687913787,0.0,0.26875589883366674,0.0
2025-09-28,La Liga,Barcelona,Sociedad,13.0,2025-09-14,0.5683106047402434,1.0,0.46408301719174494,1.0
2025-09-28,La Liga,Betis,Osasuna,10.0,2025-09-14,0.49275223293726905,1.0,0.38747233176068924,0.0
2025-09-30,La Liga,Valencia,Oviedo,9.0,2025-09-14,0.5321078825103815,0.0,0.4323232569435536,0.0
2025-10-03,La Liga,Osasuna,Getafe,7.0,2025-09-14,0.2845251261373807,0.0,0.1978062167877725,0.0
2025-10-04,La Liga,Oviedo,Levante,12.0,2025-09-14,0.25356682219063353,1.0,0.17348326544603007,1.0
2025-10-04,La Liga,Girona,Valencia,7.0,2025-09-14,0.4201270181219892,0.0,0.3178421561414676,0.0
2025-10-04,La Liga,Ath Bilbao,Mallorca,9.0,2025-09-14,0.5288776081685388,0.0,0.4249267833520624,0.0
2025-10-04,La Liga,Real Madrid,Villarreal,4.0,2025-09-14,0.586037051908189,0.0,0.4825531760187572,0.0
2025-10-05,La Liga,Sociedad,Vallecano,12.0,2025-09-14,0.5424787273207079,1.0,0.4371228976832453,1.0
2025-10-05,La Liga,Celta,Ath Madrid,9.0,2025-09-14,0.35040260853530686,0.0,0.2542573947754048,0.0
2025-10-05,La Liga,Espanol,Betis,15.0,2025-09-14,0.5068937744127682,1.0,0.4009843120358977,1.0
2025-10-05,La Liga,Alaves,Elche,18.0,2025-09-14,0.4598762475094226,1.0,0.3558189540166728,1.0
2025-10-05,La Liga,Sevilla,Barcelona,13.0,2025-09-14,0.49445309035757873,1.0,0.38898508162485235,1.0
2025-10-17,La Liga,Oviedo,Espanol,8.0,2025-10-17,0.48821861504445563,0.0,0.382463423087274,0.0
2025-10-18,La Liga,Sevilla,Mallorca,11.0,2025-10-17,0.4631479426119785,1.0,0.35906436937844516,1.0
2025-10-18,La Liga,Barcelona,Girona,16.0,2025-10-17,0.5534709458067593,1.0,0.4501248493382395,1.0
2025-10-18,La Liga,Villarreal,Betis,11.0,2025-10-17,0.5400785346136676,1.0,0.4343362874246368,1.0
2025-10-18,La Liga,Ath Madrid,Osasuna,6.0,2025-10-17,0.41645779616362705,0.0,0.3151409637117355,0.0
2025-10-19,La Liga,Elche,Ath Bilbao,8.0,2025-10-17,0.4565647937721772,0.0,0.35212849098030696,0.0
2025-10-19,La Liga,Celta,Sociedad,11.0,2025-10-17,0.42621765679318707,1.0,0.3231705233740043,1.0
2025-10-19,La Liga,Levante,Vallecano,15.0,2025-10-17,0.547582264209425,1.0,0.44251977211095006,1.0
2025-10-19,La Liga,Getafe,Real Madrid,5.0,2025-10-17,0.3180032342423564,0.0,0.22603398278868508,0.0
2025-10-20,La Liga,Alaves,Valencia,7.0,2025-10-17,0.49998410424858336,0.0,0.39448787754749093,0.0
2025-10-24,La Liga,Sociedad,Sevilla,10.0,2025-10-17,0.507881830852349,1.0,0.40277070051381236,0.0
2025-10-25,La Liga,Valencia,Villarreal,12.0,2025-10-17,0.47358332497082684,1.0,0.36832337574328194,1.0
2025-10-25,La Liga,Ath Bilbao,Getafe,6.0,2025-10-17,0.35465015564570723,0.0,0.2592454495256594,0.0
2025-10-25,La Liga,Espanol,Elche,6.0,2025-10-17,0.46017699951791496,0.0,0.3554129032116309,0.0
2025-10-25,La Liga,Girona,Oviedo,15.0,2025-10-17,0.48340902249894474,1.0,0.37954362900148814,1.0
2025-10-26,La Liga,Mallorca,Levante,9.0,2025-10-17,0.48127583540036933,0.0,0.3769349748206109,0.0
2025-10-26,La Liga,Real Madrid,Barcelona,16.0,2025-10-17,0.5357259879651107,1.0,0.429672203801816,1.0
2025-10-26,La Liga,Osasuna,Celta,8.0,2025-10-17,0.349113880404604,0.0,0.2530637565376871,0.0
2025-10-26,La Liga,Vallecano,Alaves,12.0,2025-10-17,0.553775821095769,1.0,0.44832473290809444,1.0
2025-10-27,La Liga,Betis,Ath Madrid,7.0,2025-10-17,0.49408881763411544,0.0,0.38824233692727533,0.0
2025-10-31,La Liga,Getafe,Girona,11.0,2025-10-17,0.25090381074750334,1.0,0.1698686331529875,1.0
2025-11-01,La Liga,Sociedad,Ath Bilbao,8.0,2025-10-17,0.5009502409643654,0.0,0.3951068688158725,0.0
2025-11-01,La Liga,Real Madrid,Valencia,8.0,2025-10-17,0.5492042670807832,0.0,0.4447764638832282,0.0
2025-11-01,La Liga,Villarreal,Vallecano,8.0,2025-10-17,0.5343987008460438,0.0,0.42844439432639364,0.0
2025-11-01,La Liga,Ath Madrid,Sevilla,13.0,2025-10-17,0.4413421407868264,1.0,0.3381419646193147,1.0
2025-11-02,La Liga,Betis,Mallorca,9.0,2025-10-17,0.5519400439776647,0.0,0.4472052011044856,0.0
2025-11-02,La Liga,Barcelona,Elche,9.0,2025-10-17,0.6159450870604213,0.0,0.5158617169059041,0.0
2025-11-02,La Liga,Levante,Celta,8.0,2025-10-17,0.41116193294194686,0.0,0.30969164689224243,0.0
2025-11-02,La Liga,Alaves,Espanol,7.0,2025-10-17,0.5490661435246792,0.0,0.4445932060698466,0.0
2025-11-03,La Liga,Oviedo,Osasuna,6.0,2025-10-17,0.41821740895054516,0.0,0.31583324718845046,0.0
2025-11-07,La Liga,Elche,Sociedad,4.0,2025-10-17,0.46980071142719576,0.0,0.3647485117245298,0.0
2025-11-08,La Liga,Girona,Alaves,7.0,2025-10-17,0.418060956198718,0.0,0.3155861705875307,0.0
2025-11-08,La Liga,Sevilla,Osasuna,11.0,2025-10-17,0.407495980016426,1.0,0.30620609706784124,1.0
2025-11-08,La Liga,Ath Madrid,Levante,25.0,2025-10-17,0.5631926380980756,1.0,0.4610078291563611,1.0
2025-11-08,La Liga,Espanol,Villarreal,6.0,2025-10-17,0.48429908546070477,0.0,0.37869319806842094,0.0
2025-11-09,La Liga,Celta,Barcelona,7.0,2025-10-17,0.4577218816403865,0.0,0.3531920604172773,0.0
2025-11-09,La Liga,Mallorca,Getafe,15.0,2025-10-17,0.27836427404353425,1.0,0.19233781939321737,1.0
2025-11-09,La Liga,Valencia,Betis,9.0,2025-10-17,0.5389092805796627,0.0,0.4329871520049014,0.0
2025-11-09,La Liga,Ath Bilbao,Oviedo,11.0,2025-10-17,0.6378207384922189,1.0,0.5398972280070619,1.0
2025-11-09,La Liga,Vallecano,Real Madrid,13.0,2025-10-17,0.5516041816478904,1.0,0.44576192335004866,1.0
2025-11-21,La Liga,Valencia,Levante,7.0,2025-11-21,0.6233318199283145,0.0,0.5238773905919473,0.0
2025-11-22,La Liga,Alaves,Celta,6.0,2025-11-21,0.4084252182949692,0.0,0.3080737506688304,0.0
2025-11-22,La Liga,Barcelona,Ath Bilbao,12.0,2025-11-21,0.5604678424956452,1.0,0.45707973544092473,1.0
2025-11-22,La Liga,Osasuna,Sociedad,6.0,2025-11-21,0.4143643388393926,0.0,0.313264748339109,0.0
2025-11-22,La Liga,Villarreal,Mallorca,4.0,2025-11-21,0.4988261198778506,0.0,0.39539513980525093,0.0
2025-11-23,La Liga,Getafe,Ath Madrid,13.0,2025-11-21,0.28970698233803666,1.0,0.20264976851926753,1.0
2025-11-23,La Liga,Oviedo,Vallecano,11.0,2025-11-21,0.5690509673482359,1.0,0.4654786828217389,1.0
2025-11-23,La Liga,Betis,Girona,8.0,2025-11-21,0.49994235432423156,0.0,0.3956121140009196,0.0
2025-11-23,La Liga,Elche,Real Madrid,10.0,2025-11-21,0.4121827285008727,1.0,0.3115953292088128,0.0
2025-11-24,La Liga,Espanol,Sevilla,17.0,2025-11-21,0.45449866593267496,1.0,0.3510502134147522,1.0
2025-11-28,La Liga,Getafe,Elche,8.0,2025-11-21,0.252643392162514,0.0,0.17233425125517626,0.0
2025-11-29,La Liga,Ath Madrid,Oviedo,9.0,2025-11-21,0.5917979810028249,0.0,0.4919196237395227,0.0
2025-11-29,La Liga,Levante,Ath Bilbao,6.0,2025-11-21,0.594877016835646,0.0,0.49285311271641613,0.0
2025-11-29,La Liga,Barcelona,Alaves,9.0,2025-11-21,0.588795379683951,0.0,0.4872593427226357,0.0
2025-11-29,La Liga,Mallorca,Osasuna,10.0,2025-11-21,0.3897993096946376,1.0,0.2905934839298924,0.0
2025-11-30,La Liga,Girona,Real Madrid,7.0,2025-11-21,0.4565704612754215,0.0,0.3532422787320087,0.0
2025-11-30,La Liga,Celta,Espanol,7.0,2025-11-21,0.4221936515803028,0.0,0.3213466636022239,0.0
2025-11-30,La Liga,Sevilla,Betis,10.0,2025-11-21,0.5261995062914737,1.0,0.42156645776813906,0.0
2025-11-30,La Liga,Sociedad,Villarreal,10.0,2025-11-21,0.5050581496359142,1.0,0.40110033544287976,0.0
2025-12-01,La Liga,Vallecano,Valencia,15.0,2025-11-21,0.5571374090972399,1.0,0.4532602214444359,1.0
2025-12-02,La Liga,Barcelona,Ath Madrid,9.0,2025-11-21,0.5421669023245267,0.0,0.4384081148464951,0.0
2025-12-03,La Liga,Ath Bilbao,Real Madrid,12.0,2025-11-21,0.48559515995778574,1.0,0.3811274754821088,1.0
2025-12-05,La Liga,Oviedo,Mallorca,13.0,2025-11-21,0.4639763545498611,1.0,0.36014411294541077,1.0
2025-12-06,La Liga,Villarreal,Getafe,8.0,2025-11-21,0.31252121340065786,0.0,0.22236526600905968,0.0
2025-12-06,La Liga,Alaves,Sociedad,13.0,2025-11-21,0.4756299599043117,1.0,0.3714025345418335,1.0
2025-12-06,La Liga,Betis,Barcelona,14.0,2025-11-21,0.5883626805359148,1.0,0.4852528561891451,1.0
2025-12-06,La Liga,Ath Bilbao,Ath Madrid,11.0,2025-11-21,0.45559304083227237,1.0,0.3523402198266594,1.0
2025-12-07,La Liga,Real Madrid,Celta,9.0,2025-11-21,0.47889301940689993,0.0,0.3762041987629312,0.0
2025-12-07,La Liga,Elche,Girona,4.0,2025-11-21,0.34879305925090726,0.0,0.2538015602498322,0.0
2025-12-07,La Liga,Valencia,Sevilla,4.0,2025-11-21,0.46261894795909403,0.0,0.3589724122582347,0.0
2025-12-07,La Liga,Espanol,Vallecano,8.0,2025-11-21,0.5348245549811234,0.0,0.4300197014901369,0.0
2025-12-08,La Liga,Osasuna,Levante,6.0,2025-11-21,0.5520966047423256,0.0,0.44914634353250316,0.0
2025-12-12,La Liga,Sociedad,Girona,7.0,2025-11-21,0.49033459770197113,0.0,0.3869952187316814,0.0
2025-12-13,La Liga,Ath Madrid,Valencia,12.0,2025-11-21,0.4820966226282982,1.0,0.3787561322029392,1.0
2025-12-13,La Liga,Mallorca,Elche,2.0,2025-11-21,0.37055692335443435,0.0,0.27318811339613724,0.0
2025-12-13,La Liga,Barcelona,Osasuna,15.0,2025-11-21,0.5563896473582612,1.0,0.45442545322946126,1.0
2025-12-13,La Liga,Getafe,Espanol,10.0,2025-11-21,0.3282388922853382,1.0,0.23640748257832714,0.0
2025-12-14,La Liga,Sevilla,Oviedo,8.0,2025-11-21,0.5560202220016948,0.0,0.45374858828242626,0.0
2025-12-14,La Liga,Celta,Ath Bilbao,5.0,2025-11-21,0.397951510005938,0.0,0.29805408809866557,0.0
2025-12-14,La Liga,Alaves,Real Madrid,12.0,2025-11-21,0.4829587458022931,1.0,0.37857424743847695,1.0
2025-12-15,La Liga,Vallecano,Betis,11.0,2025-11-21,0.6105681512409855,1.0,0.5088500142146294,1.0
2025-12-19,La Liga,Valencia,Mallorca,15.0,2025-11-21,0.4882851280283014,1.0,0.3847490546364499,1.0
2025-12-20,La Liga,Real Madrid,Sevilla,11.0,2025-11-21,0.5370203300973064,1.0,0.4337078517274931,1.0
2025-12-20,La Liga,Osasuna,Alaves,9.0,2025-11-21,0.3978345227128993,0.0,0.29798264286944137,0.0
2025-12-20,La Liga,Oviedo,Celta,7.0,2025-11-21,0.41576093401023767,0.0,0.31476529108079804,0.0
2025-12-20,La Liga,Levante,Sociedad,17.0,2025-11-21,0.6097774788272564,1.0,0.5086336192990681,1.0
2025-12-21,La Liga,Betis,Getafe,12.0,2025-12-21,0.3868338677862897,1.0,0.28784275654604774,1.0
2025-12-21,La Liga,Elche,Vallecano,9.0,2025-12-21,0.41029142727576734,0.0,0.30904191432508604,0.0
2025-12-21,La Liga,Girona,Ath Madrid,7.0,2025-12-21,0.4025483215214497,0.0,0.30191861588613683,0.0
2025-12-21,La Liga,Villarreal,Barcelona,15.0,2025-12-21,0.5292111640886582,1.0,0.42407057842318185,1.0
2025-12-22,La Liga,Ath Bilbao,Espanol,12.0,2025-12-21,0.5460100761802197,1.0,0.44285935022654416,1.0
2026-01-02,La Liga,Vallecano,Getafe,5.0,2025-12-21,0.41640388778640086,0.0,0.31524651519012953,0.0
2026-01-03,La Liga,Celta,Valencia,6.0,2025-12-21,0.3798059513935104,0.0,0.28126092230269834,0.0
2026-01-03,La Liga,Osasuna,Ath Bilbao,10.0,2025-12-21,0.39315123674306546,1.0,0.29328903529099276,0.0
2026-01-03,La Liga,Elche,Villarreal,8.0,2025-12-21,0.318889095636306,0.0,0.2272393795452748,0.0
2026-01-03,La Liga,Espanol,Barcelona,12.0,2025-12-21,0.5810039550069539,1.0,0.4778335994660421,1.0
2026-01-04,La Liga,Mallorca,Girona,9.0,2025-12-21,0.38538179945748585,0.0,0.2861821965255423,0.0
2026-01-04,La Liga,Sociedad,Ath Madrid,12.0,2025-12-21,0.49448157437792645,1.0,0.3896647734115371,1.0
2026-01-04,La Liga,Alaves,Oviedo,13.0,2025-12-21,0.5407733469525664,1.0,0.4372403026449614,1.0
2026-01-04,La Liga,Real Madrid,Betis,13.0,2025-12-21,0.6067009568974886,1.0,0.5054513785279784,1.0
2026-01-04,La Liga,Sevilla,Levante,6.0,2025-12-21,0.6117575683127825,0.0,0.5113270673153517,0.0
2026-01-09,La Liga,Getafe,Sociedad,6.0,2025-12-21,0.3407109651726486,0.0,0.24625629081874228,0.0
2026-01-10,La Liga,Oviedo,Betis,7.0,2025-12-21,0.5390917790492621,0.0,0.4339982305120355,0.0
2026-01-10,La Liga,Villarreal,Alaves,7.0,2025-12-21,0.4588136137904223,0.0,0.35501844997569126,0.0
2026-01-10,La Liga,Girona,Osasuna,3.0,2025-12-21,0.34589492918064163,0.0,0.2509989982009363,0.0
2026-01-10,La Liga,Valencia,Elche,14.0,2025-12-21,0.35816741099234095,1.0,0.26229108532995976,1.0
2026-01-11,La Liga,Vallecano,Mallorca,11.0,2025-12-21,0.5945460595482299,1.0,0.49281496037541855,1.0
2026-01-11,La Liga,Levante,Espanol,7.0,2025-12-21,0.5383216879916796,0.0,0.4330638669872784,0.0
2026-01-12,La Liga,Sevilla,Celta,7.0,2025-12-21,0.3901443938935178,0.0,0.29097453291035974,0.0
2026-01-16,La Liga,Espanol,Girona,9.0,2025-12-21,0.4121623244853435,0.0,0.3107992022083731,0.0
2026-01-17,La Liga,Osasuna,Oviedo,9.0,2025-12-21,0.4528726664028185,0.0,0.35031521403211535,0.0
2026-01-17,La Liga,Betis,Villarreal,5.0,2025-12-21,0.5150287034671013,0.0,0.4099230591914816,0.0
2026-01-17,La Liga,Real Madrid,Levante,8.0,2025-12-21,0.7179458420892152,0.0,0.6298175348674466,0.0
2026-01-17,La Liga,Mallorca,Ath Bilbao,10.0,2025-12-21,0.45988503262843616,1.0,0.35627187065901994,0.0
2026-01-18,La Liga,Sociedad,Barcelona,14.0,2025-12-21,0.5615378238687895,1.0,0.4567336593747836,1.0
2026-01-18,La Liga,Celta,Vallecano,12.0,2025-12-21,0.4545932467891276,1.0,0.3507524637410253,1.0
2026-01-18,La Liga,Getafe,Valencia,12.0,2025-12-21,0.32702957792441323,1.0,0.23443721074519827,1.0
2026-01-18,La Liga,Ath Madrid,Alaves,12.0,2025-12-21,0.4950826986956204,1.0,0.3908250408502471,1.0
2026-01-19,La Liga,Elche,Sevilla,16.0,2025-12-21,0.332250858784125,1.0,0.23883407015995314,1.0
2026-01-23,La Liga,Levante,Elche,10.0,2026-01-23,0.39340670331271427,1.0,0.2929678366523889,0.0
2026-01-24,La Liga,Vallecano,Osasuna,7.0,2026-01-23,0.49328518397083027,0.0,0.38828423155213687,0.0
2026-01-24,La Liga,Valencia,Espanol,9.0,2026-01-23,0.5180230676673938,0.0,0.4128152479831475,0.0
2026-01-24,La Liga,Sevilla,Ath Bilbao,10.0,2026-01-23,0.46606346544145527,1.0,0.3610517716716925,0.0
2026-01-24,La Liga,Villarreal,Real Madrid,12.0,2026-01-23,0.4694729756874583,1.0,0.3644955608871355,1.0
2026-01-25,La Liga,Ath Madrid,Mallorca,13.0,2026-01-23,0.5476404909051972,1.0,0.44420515870203925,1.0
2026-01-25,La Liga,Barcelona,Oviedo,11.0,2026-01-23,0.7038137586993125,1.0,0.6122991377522186,1.0
2026-01-25,La Liga,Sociedad,Celta,11.0,2026-01-23,0.4446941831549589,1.0,0.34183959396739855,1.0
2026-01-25,La Liga,Alaves,Betis,10.0,2026-01-23,0.5365122290543483,1.0,0.43073763326383985,0.0
2026-01-26,La Liga,Girona,Getafe,7.0,2026-01-23,0.2595180571335803,0.0,0.17688214005461386,0.0
2026-01-30,La Liga,Espanol,Alaves,6.0,2026-01-23,0.4806832475760378,0.0,0.3751998714820392,0.0
2026-01-31,La Liga,Elche,Barcelona,10.0,2026-01-23,0.5028394860013196,1.0,0.397497685170651,0.0
2026-01-31,La Liga,Levante,Ath Madrid,11.0,2026-01-23,0.5054600801228449,1.0,0.4004729833213144,1.0
2026-01-31,La Liga,Oviedo,Girona,8.0,2026-01-23,0.41309626784607145,0.0,0.31102763732075606,0.0
2026-01-31,La Liga,Osasuna,Villarreal,8.0,2026-01-23,0.3639838689170394,0.0,0.2663534513928655,0.0
2026-02-01,La Liga,Real Madrid,Vallecano,13.0,2026-01-23,0.6121499498779159,1.0,0.5100608000890305,1.0
2026-02-01,La Liga,Betis,Valencia,8.0,2026-01-23,0.544312255425812,0.0,0.4387068692695473,0.0
2026-02-01,La Liga,Getafe,Celta,8.0,2026-01-23,0.24967075469617908,0.0,0.16900533066649598,0.0
2026-02-01,La Liga,Ath Bilbao,Sociedad,9.0,2026-01-23,0.5040848065002023,0.0,0.39835700408042785,0.0
2026-02-02,La Liga,Mallorca,Sevilla,12.0,2026-01-23,0.4513178343670117,1.0,0.34707376136629675,1.0
2026-02-06,La Liga,Celta,Osasuna,10.0,2026-01-23,0.3051383916347769,1.0,0.21515887277143925,0.0
2026-02-07,La Liga,Sociedad,Elche,6.0,2026-01-23,0.47494318979370703,0.0,0.37102817143353234,0.0
2026-02-07,La Liga,Barcelona,Mallorca,15.0,2026-01-23,0.6907129093414545,1.0,0.5980651535226643,1.0
2026-02-08,La Liga,Valencia,Real Madrid,13.0,2026-01-23,0.5068059515826377,1.0,0.4009801071667179,1.0
2026-02-08,La Liga,Ath Madrid,Betis,10.0,2026-01-23,0.5516278224744525,1.0,0.44663563294412323,0.0
2026-02-08,La Liga,Alaves,Getafe,9.0,2026-01-23,0.3388470573060329,0.0,0.24432772967101626,0.0
2026-02-08,La Liga,Ath Bilbao,Levante,7.0,2026-01-23,0.6051228579745923,0.0,0.5046585584844294,0.0
2026-02-08,La Liga,Sevilla,Girona,12.0,2026-01-23,0.409452342447985,1.0,0.30815887297782985,1.0
2026-02-09,La Liga,Villarreal,Espanol,13.0,2026-01-23,0.4808167954501185,1.0,0.37615961410395093,1.0
2026-02-13,La Liga,Elche,Osasuna,13.0,2026-01-23,0.32226478746090487,1.0,0.22979978077918523,1.0
2026-02-14,La Liga,Espanol,Celta,4.0,2026-01-23,0.37603075431424315,0.0,0.27713606990386036,0.0
2026-02-14,La Liga,Getafe,Villarreal,7.0,2026-01-23,0.3062959968216904,0.0,0.21606227624776653,0.0
2026-02-14,La Liga,Sevilla,Alaves,3.0,2026-01-23,0.48350977814019663,0.0,0.37821894194421646,0.0
2026-02-14,La Liga,Real Madrid,Sociedad,10.0,2026-01-23,0.5389049978989499,1.0,0.433538945855409,0.0
2026-02-15,La Liga,Mallorca,Betis,10.0,2026-01-23,0.5046168379610254,1.0,0.3987508370075842,0.0
2026-02-15,La Liga,Levante,Valencia,5.0,2026-01-23,0.4882447253120003,0.0,0.38282739277044453,0.0
2026-02-15,La Liga,Vallecano,Ath Madrid,12.0,2026-01-23,0.5500397217006803,1.0,0.4442733095907634,1.0
2026-02-15,La Liga,Oviedo,Ath Bilbao,5.0,2026-01-23,0.5036587145991301,0.0,0.3980523693946337,0.0
2026-02-16,La Liga,Girona,Barcelona,10.0,2026-01-23,0.4965398258719065,1.0,0.39117252991570456,0.0
2026-02-18,La Liga,Levante,Villarreal,5.0,2026-01-23,0.4510921066570417,0.0,0.3469747650241513,0.0
2026-02-20,La Liga,Ath Bilbao,Elche,5.0,2026-01-23,0.44905319036686464,0.0,0.346189889524133,0.0
2026-02-21,La Liga,Ath Madrid,Espanol,8.0,2026-01-23,0.5492692713494748,0.0,0.4453325027353471,0.0
2026-02-21,La Liga,Sociedad,Oviedo,13.0,2026-01-23,0.5980258737516101,1.0,0.4959474241185582,1.0
2026-02-21,La Liga,Betis,Vallecano,8.0,2026-01-23,0.6046767799389721,0.0,0.5010747171448875,0.0
2026-02-21,La Liga,Osasuna,Real Madrid,10.0,2026-01-23,0.42008588249632356,1.0,0.31788215382945534,0.0
2026-02-22,La Liga,Celta,Mallorca,9.0,2026-02-22,0.41140777871726514,0.0,0.30960827382472406,0.0
2026-02-22,La Liga,Villarreal,Valencia,9.0,2026-02-22,0.4579228196305336,0.0,0.35251879333564307,0.0
2026-02-22,La Liga,Getafe,Sevilla,4.0,2026-02-22,0.32437297154626366,0.0,0.23080854573340723,0.0
2026-02-22,La Liga,Barcelona,Levante,19.0,2026-02-22,0.6971398824137728,1.0,0.604419139354471,1.0
2026-02-23,La Liga,Alaves,Girona,13.0,2026-02-22,0.40277874734443986,1.0,0.3010787510877209,1.0
2026-02-27,La Liga,Levante,Alaves,16.0,2026-02-22,0.43348372818154923,1.0,0.329342207602352,1.0
2026-02-28,La Liga,Oviedo,Ath Madrid,11.0,2026-02-22,0.4902838520569429,1.0,0.38395886034708826,1.0
2026-02-28,La Liga,Mallorca,Sociedad,10.0,2026-02-22,0.518801544694753,1.0,0.4122786384603346,0.0
2026-02-28,La Liga,Vallecano,Ath Bilbao,9.0,2026-02-22,0.5231729178365926,0.0,0.41615323250849084,0.0
2026-02-28,La Liga,Barcelona,Villarreal,5.0,2026-02-22,0.6215096482595056,0.0,0.5199561247362516,0.0
2026-03-01,La Liga,Elche,Espanol,4.0,2026-02-22,0.3930467686918241,0.0,0.29200637899264176,0.0
2026-03-01,La Liga,Valencia,Osasuna,9.0,2026-02-22,0.4176444912643927,0.0,0.3147889083564793,0.0
2026-03-01,La Liga,Betis,Sevilla,7.0,2026-02-22,0.5180143665196519,0.0,0.41110419830481876,0.0
2026-03-01,La Liga,Girona,Celta,16.0,2026-02-22,0.310552649881616,1.0,0.21896220185752233,1.0
2026-03-02,La Liga,Real Madrid,Getafe,12.0,2026-02-22,0.4200227196212656,1.0,0.31806823071630913,1.0
2026-03-04,La Liga,Vallecano,Oviedo,14.0,2026-02-22,0.5923667027082474,1.0,0.4881555129365336,1.0
2026-03-06,La Liga,Celta,Real Madrid,7.0,2026-02-22,0.4176963429251224,0.0,0.31464028864411986,0.0
2026-03-07,La Liga,Osasuna,Mallorca,8.0,2026-02-22,0.42009915407927484,0.0,0.31734456725382354,0.0
2026-03-07,La Liga,Levante,Girona,5.0,2026-02-22,0.36911380473818817,0.0,0.27013786862625827,0.0
2026-03-07,La Liga,Ath Madrid,Sociedad,9.0,2026-02-22,0.521659341253824,0.0,0.4149170162457591,0.0
2026-03-07,La Liga,Ath Bilbao,Barcelona,6.0,2026-02-22,0.5353387445188155,0.0,0.4283714893664539,0.0
2026-03-08,La Liga,Valencia,Alaves,12.0,2026-02-22,0.46578185174381226,1.0,0.3599515021190306,1.0
2026-03-08,La Liga,Sevilla,Vallecano,8.0,2026-02-22,0.5515616375468878,0.0,0.44495279659767406,0.0
2026-03-08,La Liga,Villarreal,Elche,10.0,2026-02-22,0.3810392996439106,1.0,0.2811976127335448,0.0
2026-03-08,La Liga,Getafe,Betis,11.0,2026-02-22,0.36853353096146385,1.0,0.26974180120147034,1.0
2026-03-09,La Liga,Espanol,Oviedo,8.0,2026-02-22,0.4750021094645147,0.0,0.3690788476273597,0.0
2026-03-13,La Liga,Alaves,Villarreal,7.0,2026-02-22,0.44654452750170964,0.0,0.341845297208782,0.0
2026-03-14,La Liga,Girona,Ath Bilbao,11.0,2026-02-22,0.37678032051946375,1.0,0.27705929506258303,1.0
2026-03-14,La Liga,Ath Madrid,Getafe,13.0,2026-02-22,0.3649492082882695,1.0,0.2672335279914218,1.0
2026-03-14,La Liga,Oviedo,Valencia,11.0,2026-02-22,0.4753974125430889,1.0,0.36914493398454173,1.0
2026-03-14,La Liga,Real Madrid,Elche,9.0,2026-02-22,0.5140209966361335,0.0,0.40908242331191125,0.0
2026-03-15,La Liga,Betis,Celta,7.0,2026-02-22,0.4247067888430449,0.0,0.32119108419275444,0.0
2026-03-15,La Liga,Mallorca,Espanol,11.0,2026-02-22,0.4585715236780763,1.0,0.3529662274587832,1.0
2026-03-15,La Liga,Barcelona,Sevilla,7.0,2026-02-22,0.6283103096470103,0.0,0.5268814931330836,0.0
2026-03-15,La Liga,Sociedad,Osasuna,8.0,2026-02-22,0.478943917626419,0.0,0.37380545478632415,0.0
2026-03-16,La Liga,Vallecano,Levante,11.0,2026-02-22,0.5853640586708269,1.0,0.4813772003112198,1.0
2026-03-20,La Liga,Villarreal,Sociedad,9.0,2026-02-22,0.4789460570554861,0.0,0.3725868174423192,0.0
2026-03-21,La Liga,Elche,Mallorca,4.0,2026-02-22,0.415033015203636,0.0,0.3126689966166479,0.0
2026-03-21,La Liga,Espanol,Getafe,21.0,2026-02-22,0.31589417383703766,1.0,0.22344589208982615,1.0
2026-03-21,La Liga,Levante,Oviedo,4.0,2026-02-22,0.4406272224678496,0.0,0.33593634036975767,0.0
2026-03-21,La Liga,Osasuna,Girona,8.0,2026-02-22,0.33068133134594985,0.0,0.23628299174986112,0.0
2026-03-21,La Liga,Sevilla,Valencia,4.0,2026-02-22,0.48805990662871274,0.0,0.3817948150379265,0.0
2026-03-22,La Liga,Barcelona,Vallecano,15.0,2026-02-22,0.6935487727868854,1.0,0.5983643223485345,1.0
2026-03-22,La Liga,Celta,Alaves,5.0,2026-02-22,0.3634128062241418,0.0,0.26508035663914326,0.0
2026-03-22,La Liga,Ath Bilbao,Betis,11.0,2026-02-22,0.5285101541913985,1.0,0.42244919153608923,1.0
2026-03-22,La Liga,Real Madrid,Ath Madrid,5.0,2026-02-22,0.5368100894844708,0.0,0.4303962251128343,0.0
2026-04-03,La Liga,Vallecano,Elche,13.0,2026-04-03,0.4683550462937894,1.0,0.36355817251374806,1.0
2026-04-04,La Liga,Ath Madrid,Barcelona,10.0,2026-04-03,0.5645324366946384,1.0,0.4586668211449848,0.0
2026-04-04,La Liga,Betis,Espanol,7.0,2026-04-03,0.5463679348734539,0.0,0.4406550435039959,0.0
2026-04-04,La Liga,Sociedad,Levante,16.0,2026-04-03,0.5733114265951383,1.0,0.46960806613521966,1.0
2026-04-04,La Liga,Mallorca,Real Madrid,10.0,2026-04-03,0.5351199937885744,1.0,0.4301092151237258,0.0
2026-04-05,La Liga,Getafe,Ath Bilbao,7.0,2026-04-03,0.3347136220792642,0.0,0.24019719963692548,0.0
2026-04-05,La Liga,Valencia,Celta,6.0,2026-04-03,0.38391338436811473,0.0,0.2841740510491215,0.0
2026-04-05,La Liga,Oviedo,Sevilla,14.0,2026-04-03,0.42146249564219934,1.0,0.3185384656147469,1.0
2026-04-05,La Liga,Alaves,Osasuna,8.0,2026-04-03,0.40913004768693473,0.0,0.30736345166028084,0.0
2026-04-06,La Liga,Girona,Villarreal,11.0,2026-04-03,0.38445613298000336,1.0,0.28450426626550174,1.0
2026-04-10,La Liga,Real Madrid,Girona,11.0,2026-04-03,0.5284057325734217,1.0,0.42401243884449735,1.0
2026-04-11,La Liga,Sociedad,Alaves,14.0,2026-04-03,0.527609157535138,1.0,0.4218262412322977,1.0
2026-04-11,La Liga,Elche,Valencia,14.0,2026-04-03,0.36350044261194886,1.0,0.26558930805952224,1.0
2026-04-11,La Liga,Barcelona,Espanol,12.0,2026-04-03,0.6727274067514672,1.0,0.5766059541485324,1.0
2026-04-11,La Liga,Sevilla,Ath Madrid,12.0,2026-04-03,0.43822544098611677,1.0,0.33414518018293243,1.0
2026-04-12,La Liga,Ath Bilbao,Villarreal,18.0,2026-04-03,0.44896184523774224,1.0,0.34539520077840474,1.0
2026-04-12,La Liga,Mallorca,Vallecano,13.0,2026-04-03,0.5494138916922363,1.0,0.4434937633452764,1.0
2026-04-12,La Liga,Osasuna,Betis,9.0,2026-04-03,0.4356078417460199,0.0,0.3317329397978838,0.0
2026-04-12,La Liga,Celta,Oviedo,5.0,2026-04-03,0.39427518023446473,0.0,0.2942541095447251,0.0
2026-04-13,La Liga,Levante,Getafe,10.0,2026-04-03,0.35383820755505296,1.0,0.25694998118743306,0.0
2026-04-21,La Liga,Ath Bilbao,Osasuna,9.0,2026-04-03,0.41917142392194073,0.0,0.31754173842666517,0.0
2026-04-21,La Liga,Mallorca,Valencia,11.0,2026-04-03,0.45973946089011586,1.0,0.3547203921170585,1.0
2026-04-21,La Liga,Girona,Betis,4.0,2026-04-03,0.4614026926269241,0.0,0.35624392186363024,0.0
2026-04-21,La Liga,Real Madrid,Alaves,15.0,2026-04-03,0.5618871582643946,1.0,0.4575768195878023,1.0
2026-04-22,La Liga,Elche,Ath Madrid,16.0,2026-04-03,0.36786612353935977,1.0,0.2695216175136988,1.0
2026-04-22,La Liga,Sociedad,Getafe,9.0,2026-04-03,0.4214853446968899,0.0,0.31934809420247423,0.0
2026-04-22,La Liga,Barcelona,Celta,8.0,2026-04-03,0.5415198036309179,0.0,0.4371970982703541,0.0
2026-04-23,La Liga,Levante,Sevilla,9.0,2026-04-03,0.43384135233457316,0.0,0.3300933576176389,0.0
2026-04-23,La Liga,Vallecano,Espanol,11.0,2026-04-03,0.6002905552871438,1.0,0.4967862263636975,1.0
2026-04-23,La Liga,Oviedo,Villarreal,7.0,2026-04-03,0.41525426528888704,0.0,0.31266983776691293,0.0
2026-04-24,La Liga,Betis,Real Madrid,13.0,2026-04-03,0.5450691174097798,1.0,0.4389584812542659,1.0
2026-04-25,La Liga,Alaves,Mallorca,13.0,2026-04-03,0.5113525891704271,1.0,0.4063320866822013,1.0
2026-04-25,La Liga,Getafe,Barcelona,9.0,2026-04-03,0.46035160082439647,0.0,0.35564872504272993,0.0
2026-04-25,La Liga,Valencia,Girona,8.0,2026-04-03,0.4352750954422997,0.0,0.3317733088377851,0.0
2026-04-25,La Liga,Ath Madrid,Ath Bilbao,7.0,2026-04-03,0.45484391370279137,0.0,0.350092359543891,0.0
2026-04-26,La Liga,Vallecano,Sociedad,10.0,2026-04-03,0.5874657719625428,1.0,0.4825204354195544,0.0
2026-04-26,La Liga,Oviedo,Elche,7.0,2026-04-03,0.34495946735340866,0.0,0.24911143271367925,0.0
2026-04-26,La Liga,Osasuna,Sevilla,8.0,2026-04-03,0.35880303564405586,0.0,0.26137149493587025,0.0
2026-04-26,La Liga,Villarreal,Celta,12.0,2026-04-03,0.3426480002799559,1.0,0.2472412343548589,1.0
2026-04-27,La Liga,Espanol,Levante,8.0,2026-04-03,0.501413972849676,0.0,0.39564680384294787,0.0
2026-05-01,La Liga,Girona,Mallorca,7.0,2026-04-03,0.4416802017942963,0.0,0.3383883181058684,0.0
2026-05-02,La Liga,Osasuna,Barcelona,10.0,2026-04-03,0.5004663716475733,1.0,0.3946763754140683,0.0
2026-05-02,La Liga,Alaves,Ath Bilbao,11.0,2026-04-03,0.4448499065070299,1.0,0.34041931263127617,1.0
2026-05-02,La Liga,Valencia,Ath Madrid,8.0,2026-04-03,0.4761703888774085,0.0,0.3704257758705434,0.0
2026-05-02,La Liga,Villarreal,Levante,10.0,2026-04-03,0.46296463215124317,1.0,0.35855318075732173,0.0
2026-05-03,La Liga,Celta,Elche,6.0,2026-05-03,0.3109888996569215,0.0,0.2193255654804617,0.0
2026-05-03,La Liga,Getafe,Vallecano,5.0,2026-05-03,0.4410230264345332,0.0,0.33609055674433463,0.0
2026-05-03,La Liga,Betis,Oviedo,9.0,2026-05-03,0.5079654716675029,0.0,0.4017567345936873,0.0
2026-05-03,La Liga,Espanol,Real Madrid,11.0,2026-05-03,0.5271307419402699,1.0,0.4203117392607246,1.0
2026-05-04,La Liga,Sevilla,Sociedad,6.0,2026-05-03,0.4861404132347691,0.0,0.3794239513981698,0.0
2026-05-08,La Liga,Levante,Osasuna,16.0,2026-05-03,0.3963848536560447,1.0,0.29462099441695505,1.0
2026-05-09,La Liga,Ath Madrid,Celta,10.0,2026-05-03,0.41155841965949486,1.0,0.309459883129832,0.0
2026-05-09,La Liga,Sociedad,Betis,7.0,2026-05-03,0.5685465243597858,0.0,0.46275102335231233,0.0
2026-05-09,La Liga,Sevilla,Espanol,10.0,2026-05-03,0.4756901909969469,1.0,0.36997560771934596,0.0
2026-05-09,La Liga,Elche,Alaves,10.0,2026-05-03,0.4282660589417848,1.0,0.3241521439275478,0.0
2026-05-10,La Liga,Mallorca,Villarreal,9.0,2026-05-03,0.4434608394694796,0.0,0.3383937041554237,0.0
2026-05-10,La Liga,Ath Bilbao,Valencia,18.0,2026-05-03,0.4931113229637953,1.0,0.3872474834537964,1.0
2026-05-10,La Liga,Oviedo,Getafe,10.0,2026-05-03,0.32717695237023847,1.0,0.23301029931013376,0.0
2026-05-10,La Liga,Barcelona,Real Madrid,12.0,2026-05-03,0.6058521417540534,1.0,0.5013424020157733,1.0
2026-05-11,La Liga,Vallecano,Girona,14.0,2026-05-03,0.5221693107028387,1.0,0.41566038093940244,1.0
2026-05-12,La Liga,Betis,Elche,9.0,2026-05-03,0.4489757664680548,0.0,0.3440270271166206,0.0
2026-05-12,La Liga,Osasuna,Ath Madrid,12.0,2026-05-03,0.40084935081467116,1.0,0.2987292378625245,1.0
2026-05-12,La Liga,Celta,Levante,8.0,2026-05-03,0.40157468699676624,0.0,0.30011447780689504,0.0
2026-05-13,La Liga,Alaves,Barcelona,10.0,2026-05-03,0.5847403989020236,1.0,0.4790515530651437,0.0
2026-05-13,La Liga,Getafe,Mallorca,6.0,2026-05-03,0.38539658231829926,0.0,0.2854992046086278,0.0
2026-05-13,La Liga,Espanol,Ath Bilbao,17.0,2026-05-03,0.45707697581510853,1.0,0.35149066479075375,1.0
2026-05-13,La Liga,Villarreal,Sevilla,10.0,2026-05-03,0.42412709580400665,1.0,0.3202429440502684,0.0
2026-05-14,La Liga,Girona,Sociedad,9.0,2026-05-03,0.44289902209840865,0.0,0.33786854882173073,0.0
2026-05-14,La Liga,Real Madrid,Oviedo,9.0,2026-05-03,0.6052531154444675,0.0,0.5031718329123797,0.0
2026-05-14,La Liga,Valencia,Vallecano,6.0,2026-05-03,0.5653735359697016,0.0,0.45881521018618443,0.0
2026-05-17,La Liga,Sociedad,Valencia,5.0,2026-05-03,0.5400188780799703,0.0,0.43359197391961873,0.0
2026-05-17,La Liga,Sevilla,Real Madrid,8.0,2026-05-03,0.4837911913279059,0.0,0.37713221488024457,0.0
2026-05-17,La Liga,Vallecano,Villarreal,10.0,2026-05-03,0.570492252543406,1.0,0.46474707099895324,0.0
2026-05-17,La Liga,Oviedo,Alaves,7.0,2026-05-03,0.4632952790776247,0.0,0.35728894983412646,0.0
2026-05-17,La Liga,Barcelona,Betis,10.0,2026-05-03,0.6562788623921488,1.0,0.5570906796156844,0.0
2026-05-17,La Liga,Levante,Mallorca,10.0,2026-05-03,0.48986248972078184,1.0,0.3833941463582869,0.0
2026-05-17,La Liga,Elche,Getafe,4.0,2026-05-03,0.30093368624047917,0.0,0.21066674714808828,0.0
2026-05-17,La Liga,Ath Madrid,Girona,17.0,2026-05-03,0.4630722766340437,1.0,0.35817034615692617,1.0
2026-05-17,La Liga,Ath Bilbao,Celta,5.0,2026-05-03,0.38987699399871506,0.0,0.28982627886303475,0.0
2026-05-17,La Liga,Osasuna,Espanol,11.0,2026-05-03,0.39742776044159533,1.0,0.29581443984936245,1.0
2026-05-23,La Liga,Mallorca,Oviedo,10.0,2026-05-03,0.4373675391025147,1.0,0.3327114666806047,0.0
2026-05-23,La Liga,Girona,Elche,3.0,2026-05-03,0.34856685789451874,0.0,0.2518825569668754,0.0
2026-05-23,La Liga,Real Madrid,Ath Bilbao,3.0,2026-05-03,0.5070385588302668,0.0,0.4003767175628189,0.0
2026-05-23,La Liga,Getafe,Osasuna,6.0,2026-05-03,0.286366708724044,0.0,0.19844977278744402,0.0
2026-05-23,La Liga,Valencia,Barcelona,15.0,2026-05-03,0.5637208882856788,1.0,0.45729955309920617,1.0
2026-05-23,La Liga,Celta,Sevilla,7.0,2026-05-03,0.3359065836795881,0.0,0.24062632387964653,0.0
2026-05-23,La Liga,Betis,Levante,12.0,2026-05-03,0.5498469231031545,1.0,0.4438534313519465,1.0
2026-05-23,La Liga,Alaves,Vallecano,15.0,2026-05-03,0.5871648882054237,1.0,0.48141779770016835,1.0
2026-05-23,La Liga,Espanol,Sociedad,8.0,2026-05-03,0.5146248627495575,0.0,0.40745082757778484,0.0
2026-05-24,La Liga,Villarreal,Ath Madrid,14.0,2026-05-03,0.46601240819950807,1.0,0.35991455029407554,1.0
