Date,liga,HomeTeam,AwayTeam,total_real,data_corte_modelo,prob_over_9.5,over_real_9.5,prob_over_10.5,over_real_10.5
2023-05-25,Premier League,Man United,Chelsea,7.0,2023-05-25,0.5607693870904648,0.0,0.45418006117985543,0.0
2023-05-28,Premier League,Arsenal,Wolves,12.0,2023-05-25,0.5129387771396453,1.0,0.40676431838561083,1.0
2023-05-28,Premier League,Aston Villa,Brighton,7.0,2023-05-25,0.5595700075391908,0.0,0.453069460035352,0.0
2023-05-28,Premier League,Brentford,Man City,7.0,2023-05-25,0.46378690342233625,0.0,0.3606835928755588,0.0
2023-05-28,Premier League,Chelsea,Newcastle,13.0,2023-05-25,0.5695890542289204,1.0,0.4635715485815522,1.0
2023-05-28,Premier League,Crystal Palace,Nott'm Forest,9.0,2023-05-25,0.4552678772930699,0.0,0.35127647354595154,0.0
2023-05-28,Premier League,Everton,Bournemouth,12.0,2023-05-25,0.6340477679297449,1.0,0.5318497241274612,1.0
2023-05-28,Premier League,Leeds,Tottenham,15.0,2023-05-25,0.521479088798992,1.0,0.41453585544182225,1.0
2023-05-28,Premier League,Leicester,West Ham,8.0,2023-05-25,0.5480506084501565,0.0,0.4411664686290056,0.0
2023-05-28,Premier League,Man United,Fulham,9.0,2023-05-25,0.5762346855542323,0.0,0.4704088772138182,0.0
2023-05-28,Premier League,Southampton,Liverpool,11.0,2023-05-25,0.5008067480386601,1.0,0.39465053713184817,1.0
2023-08-11,Premier League,Burnley,Man City,11.0,2023-08-11,0.5753561566618123,1.0,0.4718177385190857,1.0
2023-08-12,Premier League,Newcastle,Aston Villa,11.0,2023-08-11,0.6323082448065136,1.0,0.5297521639335943,1.0
2023-08-12,Premier League,Everton,Fulham,14.0,2023-08-11,0.5402559067205974,1.0,0.43293388833178587,1.0
2023-08-12,Premier League,Sheffield United,Crystal Palace,10.0,2023-08-11,0.5616473003652774,1.0,0.45472217803380466,0.0
2023-08-12,Premier League,Bournemouth,West Ham,14.0,2023-08-11,0.6219454270677589,1.0,0.5181966539208699,1.0
2023-08-12,Premier League,Arsenal,Nott'm Forest,11.0,2023-08-11,0.5302472604877073,1.0,0.4258072478286377,1.0
2023-08-13,Premier League,Brentford,Tottenham,9.0,2023-08-11,0.5179860539997518,0.0,0.41058613828967394,0.0
2023-08-13,Premier League,Chelsea,Liverpool,8.0,2023-08-11,0.445569826483834,0.0,0.340263941079559,0.0
2023-08-14,Premier League,Man United,Wolves,15.0,2023-08-11,0.5641072693683196,1.0,0.4574531987253387,1.0
2023-08-18,Premier League,Nott'm Forest,Sheffield United,13.0,2023-08-11,0.5031480923014287,1.0,0.39590842247670943,1.0
2023-08-19,Premier League,Fulham,Brentford,10.0,2023-08-11,0.5083884813973756,1.0,0.401509494716128,0.0
2023-08-19,Premier League,Liverpool,Bournemouth,12.0,2023-08-11,0.7162286396756561,1.0,0.625932983891898,1.0
2023-08-19,Premier League,Wolves,Brighton,8.0,2023-08-11,0.5048316498718852,0.0,0.3975523517850346,0.0
2023-08-19,Premier League,Tottenham,Man United,11.0,2023-08-11,0.5850687047448012,1.0,0.479066535980766,1.0
2023-08-19,Premier League,Man City,Newcastle,3.0,2023-08-11,0.5160481145024045,0.0,0.4112374816346661,0.0
2023-08-20,Premier League,Aston Villa,Everton,13.0,2023-08-11,0.5929431926942371,1.0,0.4874808803697621,1.0
2023-08-20,Premier League,West Ham,Chelsea,12.0,2023-08-11,0.5339084016207117,1.0,0.426560236981959,1.0
2023-08-21,Premier League,Crystal Palace,Arsenal,9.0,2023-08-11,0.45602963840424454,0.0,0.35022213079713455,0.0
2023-08-26,Premier League,Bournemouth,Tottenham,8.0,2023-08-11,0.6196577466487675,0.0,0.5157515485523939,0.0
2023-08-26,Premier League,Arsenal,Fulham,11.0,2023-08-11,0.5264735761071826,1.0,0.4201343946138973,1.0
2023-08-26,Premier League,Brentford,Crystal Palace,14.0,2023-08-11,0.4608768928799192,1.0,0.3547888627115085,1.0
2023-08-26,Premier League,Everton,Wolves,7.0,2023-08-11,0.5428468059462005,0.0,0.43554706076349553,0.0
2023-08-26,Premier League,Man United,Nott'm Forest,14.0,2023-08-11,0.5369596178531367,1.0,0.43131263564633265,1.0
2023-08-26,Premier League,Brighton,West Ham,21.0,2023-08-11,0.5571141989779332,1.0,0.45074160308670125,1.0
2023-08-27,Premier League,Burnley,Aston Villa,10.0,2023-08-11,0.6465150129780137,1.0,0.5444272091090532,0.0
2023-08-27,Premier League,Sheffield United,Man City,13.0,2023-08-11,0.5401222015133704,1.0,0.43535419566844624,1.0
2023-08-27,Premier League,Newcastle,Liverpool,14.0,2023-08-11,0.5150711214761255,1.0,0.4079472584955529,1.0
2023-09-02,Premier League,Brighton,Newcastle,8.0,2023-08-11,0.5692529090491518,0.0,0.46285515305259695,0.0
2023-09-02,Premier League,Man City,Fulham,9.0,2023-08-11,0.5200782236105116,0.0,0.4163069478854613,0.0
2023-09-02,Premier League,Chelsea,Nott'm Forest,8.0,2023-08-11,0.5499902273032827,0.0,0.445790493922903,0.0
2023-09-02,Premier League,Burnley,Tottenham,11.0,2023-08-11,0.6343760967235337,1.0,0.5313209762042985,1.0
2023-09-02,Premier League,Sheffield United,Everton,10.0,2023-08-11,0.6276671272412344,1.0,0.5241703434882473,0.0
2023-09-02,Premier League,Brentford,Bournemouth,7.0,2023-08-11,0.5865495537664638,0.0,0.48106040441711945,0.0
2023-09-03,Premier League,Crystal Palace,Wolves,6.0,2023-08-11,0.485330909472868,0.0,0.37852328053543616,0.0
2023-09-03,Premier League,Liverpool,Aston Villa,10.0,2023-08-11,0.6028875877353368,1.0,0.5002267301295856,0.0
2023-09-03,Premier League,Arsenal,Man United,15.0,2023-08-11,0.5593125924208673,1.0,0.45309515336317757,1.0
2023-09-16,Premier League,Wolves,Liverpool,8.0,2023-09-16,0.4730019421133391,0.0,0.36633928682771183,0.0
2023-09-16,Premier League,Aston Villa,Crystal Palace,6.0,2023-09-16,0.5215302312890607,0.0,0.4133013994830143,0.0
2023-09-16,Premier League,Fulham,Luton,8.0,2023-09-16,0.7492104934028408,0.0,0.6597069992050348,0.0
2023-09-16,Premier League,Man United,Brighton,9.0,2023-09-16,0.5811506048549927,0.0,0.47398073007703684,0.0
2023-09-16,Premier League,Tottenham,Sheffield United,17.0,2023-09-16,0.663161756005232,1.0,0.5625397782365331,1.0
2023-09-16,Premier League,West Ham,Man City,15.0,2023-09-16,0.47081920815723544,1.0,0.36513060058867064,1.0
2023-09-16,Premier League,Newcastle,Brentford,11.0,2023-09-16,0.5819512670487705,1.0,0.475900506598091,1.0
2023-09-17,Premier League,Everton,Arsenal,12.0,2023-09-16,0.5391256268764572,1.0,0.4312338104729534,1.0
2023-09-17,Premier League,Bournemouth,Chelsea,8.0,2023-09-16,0.5995545799729662,0.0,0.49425434450052236,0.0
2023-09-18,Premier League,Nott'm Forest,Burnley,9.0,2023-09-16,0.5294388741829545,0.0,0.42118538031869696,0.0
2023-09-23,Premier League,Crystal Palace,Fulham,5.0,2023-09-16,0.49400582408257493,0.0,0.38619698205031966,0.0
2023-09-23,Premier League,Luton,Wolves,11.0,2023-09-16,0.7624709179903507,1.0,0.6760936856910876,1.0
2023-09-23,Premier League,Man City,Nott'm Forest,12.0,2023-09-16,0.5904555722046034,1.0,0.4892422380236074,1.0
2023-09-23,Premier League,Brentford,Everton,5.0,2023-09-16,0.5296986393398426,0.0,0.42144646595369883,0.0
2023-09-23,Premier League,Burnley,Man United,14.0,2023-09-16,0.6761924072521364,1.0,0.5761769855260599,1.0
2023-09-24,Premier League,Arsenal,Tottenham,15.0,2023-09-16,0.5515479354642144,1.0,0.4445338443500506,1.0
2023-09-24,Premier League,Brighton,Bournemouth,8.0,2023-09-16,0.678033438136971,0.0,0.5803936628909149,0.0
2023-09-24,Premier League,Chelsea,Aston Villa,16.0,2023-09-16,0.5868700975760468,1.0,0.4812333729910514,1.0
2023-09-24,Premier League,Liverpool,West Ham,11.0,2023-09-16,0.6134727059714864,1.0,0.5102546515927511,1.0
2023-09-24,Premier League,Sheffield United,Newcastle,8.0,2023-09-16,0.6644529644883642,0.0,0.5633970734126843,0.0
2023-09-30,Premier League,West Ham,Sheffield United,11.0,2023-09-16,0.6950743163845804,1.0,0.5979529881916025,1.0
2023-09-30,Premier League,Wolves,Man City,6.0,2023-09-16,0.4019516744209209,0.0,0.3002482519549528,0.0
2023-09-30,Premier League,Newcastle,Burnley,8.0,2023-09-16,0.6960198637652504,0.0,0.599424904516513,0.0
2023-09-30,Premier League,Tottenham,Liverpool,17.0,2023-09-16,0.49788522253569967,1.0,0.39049133257434543,1.0
2023-09-30,Premier League,Everton,Luton,9.0,2023-09-16,0.7749093598684926,0.0,0.6902975172662729,0.0
2023-09-30,Premier League,Aston Villa,Brighton,4.0,2023-09-16,0.5580107154286479,0.0,0.4502072797974225,0.0
2023-09-30,Premier League,Man United,Crystal Palace,14.0,2023-09-16,0.5558310634742356,1.0,0.4481170038045621,1.0
2023-09-30,Premier League,Bournemouth,Arsenal,12.0,2023-09-16,0.5998372724369131,1.0,0.49458619848391944,1.0
2023-10-01,Premier League,Nott'm Forest,Brentford,12.0,2023-09-16,0.41226047301820484,1.0,0.30831591543505893,1.0
2023-10-02,Premier League,Fulham,Chelsea,9.0,2023-09-16,0.5069214353425024,0.0,0.3989017462250957,0.0
2023-10-03,Premier League,Luton,Burnley,13.0,2023-09-16,0.8618889641927854,1.0,0.7995213413030596,1.0
2023-10-07,Premier League,Luton,Tottenham,11.0,2023-09-16,0.7817805636321581,1.0,0.6990819156374466,1.0
2023-10-07,Premier League,Burnley,Chelsea,10.0,2023-09-16,0.6124764539996947,1.0,0.5074437939612867,0.0
2023-10-07,Premier League,Everton,Bournemouth,15.0,2023-09-16,0.6389994606762214,1.0,0.5360220744316574,1.0
2023-10-07,Premier League,Fulham,Sheffield United,13.0,2023-09-16,0.6462822568020308,1.0,0.5438708036512007,1.0
2023-10-07,Premier League,Man United,Brentford,12.0,2023-09-16,0.5889116260164357,1.0,0.4827680028789907,1.0
2023-10-07,Premier League,Crystal Palace,Nott'm Forest,10.0,2023-09-16,0.4650315724428664,1.0,0.3594552260705425,0.0
2023-10-08,Premier League,Arsenal,Man City,9.0,2023-09-16,0.337962995369283,0.0,0.24186690296672925,0.0
2023-10-08,Premier League,Wolves,Aston Villa,12.0,2023-09-16,0.5501552780271253,1.0,0.4423026384483449,1.0
2023-10-08,Premier League,Brighton,Liverpool,9.0,2023-09-16,0.4571049835433866,0.0,0.35044250057873816,0.0
2023-10-08,Premier League,West Ham,Newcastle,6.0,2023-09-16,0.6121554187994501,0.0,0.506560949664988,0.0
2023-10-21,Premier League,Liverpool,Everton,16.0,2023-10-21,0.6181651514958437,1.0,0.5167548254693242,1.0
2023-10-21,Premier League,Bournemouth,Wolves,15.0,2023-10-21,0.5580563557182183,1.0,0.45133300594198594,1.0
2023-10-21,Premier League,Brentford,Burnley,10.0,2023-10-21,0.5890690659929417,1.0,0.4835050130854544,0.0
2023-10-21,Premier League,Man City,Brighton,4.0,2023-10-21,0.420937720831504,0.0,0.3191232791298611,0.0
2023-10-21,Premier League,Newcastle,Crystal Palace,14.0,2023-10-21,0.5140097054290212,1.0,0.4075342377397761,1.0
2023-10-21,Premier League,Nott'm Forest,Luton,6.0,2023-10-21,0.5825328432800324,0.0,0.4775153312296335,0.0
2023-10-21,Premier League,Chelsea,Arsenal,9.0,2023-10-21,0.49247732618271317,0.0,0.38565221628097074,0.0
2023-10-21,Premier League,Sheffield United,Man United,9.0,2023-10-21,0.6919224332260352,0.0,0.5952243732893617,0.0
2023-10-22,Premier League,Aston Villa,West Ham,15.0,2023-10-21,0.6139262886912575,1.0,0.5097973171427962,1.0
2023-10-23,Premier League,Tottenham,Fulham,8.0,2023-10-21,0.5570319199462864,0.0,0.450499221237128,0.0
2023-10-27,Premier League,Crystal Palace,Tottenham,13.0,2023-10-21,0.5156729333576521,1.0,0.4085329292021048,1.0
2023-10-28,Premier League,Wolves,Newcastle,15.0,2023-10-21,0.511802991042554,1.0,0.40468434691296373,1.0
2023-10-28,Premier League,Bournemouth,Burnley,15.0,2023-10-21,0.6673363632614318,1.0,0.5675222342018498,1.0
2023-10-28,Premier League,Arsenal,Sheffield United,7.0,2023-10-21,0.7253396436564137,0.0,0.6356726166698747,0.0
2023-10-28,Premier League,Chelsea,Brentford,11.0,2023-10-21,0.544797621274939,1.0,0.43933633336880223,1.0
2023-10-29,Premier League,West Ham,Everton,7.0,2023-10-21,0.6143051331975388,0.0,0.5103986433719928,0.0
2023-10-29,Premier League,Aston Villa,Luton,10.0,2023-10-21,0.6383926655698767,1.0,0.5358898982167851,0.0
2023-10-29,Premier League,Brighton,Fulham,10.0,2023-10-21,0.5148902388608617,1.0,0.40855256634239234,0.0
2023-10-29,Premier League,Liverpool,Nott'm Forest,11.0,2023-10-21,0.6197034380909935,1.0,0.5198832052857505,1.0
2023-10-29,Premier League,Man United,Man City,19.0,2023-10-21,0.48114624293785335,1.0,0.37580955969193464,1.0
2023-11-04,Premier League,Fulham,Man United,13.0,2023-10-21,0.5788421606499051,1.0,0.47280582457116765,1.0
2023-11-04,Premier League,Brentford,West Ham,7.0,2023-10-21,0.5510340680470834,0.0,0.4441353017455498,0.0
2023-11-04,Premier League,Burnley,Crystal Palace,13.0,2023-10-21,0.5638004229184358,1.0,0.45723767576823904,1.0
2023-11-04,Premier League,Everton,Brighton,6.0,2023-10-21,0.5323516551834818,0.0,0.4254470983586306,0.0
2023-11-04,Premier League,Man City,Bournemouth,13.0,2023-10-21,0.6691958166737669,1.0,0.5742389680788427,1.0
2023-11-04,Premier League,Sheffield United,Wolves,8.0,2023-10-21,0.5930099182130054,0.0,0.48762612947613904,0.0
2023-11-04,Premier League,Newcastle,Arsenal,11.0,2023-10-21,0.5215233526507582,1.0,0.41435904027826687,1.0
2023-11-05,Premier League,Luton,Liverpool,11.0,2023-10-21,0.5681804253440285,1.0,0.4617911516852615,1.0
2023-11-05,Premier League,Nott'm Forest,Aston Villa,10.0,2023-10-21,0.5026136669541804,1.0,0.39585464122320363,0.0
2023-11-06,Premier League,Tottenham,Chelsea,7.0,2023-10-21,0.5483775791011185,0.0,0.44142858208026703,0.0
2023-11-11,Premier League,Wolves,Tottenham,14.0,2023-10-21,0.5396842299143363,1.0,0.43261680358709914,1.0
2023-11-11,Premier League,Arsenal,Burnley,6.0,2023-10-21,0.6699817267686392,0.0,0.5722520071942258,0.0
2023-11-11,Premier League,Crystal Palace,Everton,11.0,2023-10-21,0.509505972394519,1.0,0.4026923361553355,1.0
2023-11-11,Premier League,Man United,Luton,14.0,2023-10-21,0.6747898477702489,1.0,0.5757793160113088,1.0
2023-11-11,Premier League,Bournemouth,Newcastle,11.0,2023-10-21,0.6102921614978858,1.0,0.5061650583443673,1.0
2023-11-12,Premier League,Aston Villa,Fulham,4.0,2023-10-21,0.5421718071182287,0.0,0.4352393398853186,0.0
2023-11-12,Premier League,Brighton,Sheffield United,9.0,2023-10-21,0.6938658616879739,0.0,0.5994741943088345,0.0
2023-11-12,Premier League,Liverpool,Brentford,14.0,2023-10-21,0.5773582845260259,1.0,0.4739864699228683,1.0
2023-11-12,Premier League,West Ham,Nott'm Forest,13.0,2023-10-21,0.5709863102580508,1.0,0.46599824925837097,1.0
2023-11-12,Premier League,Chelsea,Man City,6.0,2023-10-21,0.3676707979547855,0.0,0.26915018274437386,0.0
2023-11-25,Premier League,Nott'm Forest,Brighton,10.0,2023-11-25,0.45611211478577296,1.0,0.3522756797520797,0.0
2023-11-25,Premier League,Sheffield United,Bournemouth,11.0,2023-11-25,0.6346343631827535,1.0,0.5325343881711918,1.0
2023-11-25,Premier League,Brentford,Arsenal,9.0,2023-11-25,0.4841587967005954,0.0,0.37876401846722413,0.0
2023-11-25,Premier League,Luton,Crystal Palace,9.0,2023-11-25,0.5632695189905267,0.0,0.45742466285534095,0.0
2023-11-25,Premier League,Burnley,West Ham,9.0,2023-11-25,0.6641183379119304,0.0,0.5646362070224777,0.0
2023-11-25,Premier League,Newcastle,Chelsea,6.0,2023-11-25,0.5255466960602978,0.0,0.4189676195341454,0.0
2023-11-25,Premier League,Man City,Liverpool,15.0,2023-11-25,0.3837222464760946,1.0,0.2845001846019406,1.0
2023-11-26,Premier League,Tottenham,Aston Villa,12.0,2023-11-25,0.5923773065287441,1.0,0.4875955002265742,1.0
2023-11-26,Premier League,Everton,Man United,11.0,2023-11-25,0.6309310244904501,1.0,0.5284512075729048,1.0
2023-11-27,Premier League,Fulham,Wolves,8.0,2023-11-25,0.4974306263371998,0.0,0.39129431729148884,0.0
2023-12-02,Premier League,Arsenal,Wolves,4.0,2023-11-25,0.543276002419493,0.0,0.43839672571458543,0.0
2023-12-02,Premier League,Brentford,Luton,12.0,2023-11-25,0.5593838354998815,1.0,0.45327379517447874,1.0
2023-12-02,Premier League,Burnley,Sheffield United,7.0,2023-11-25,0.6706917574071813,0.0,0.5726359140834985,0.0
2023-12-02,Premier League,Nott'm Forest,Everton,7.0,2023-11-25,0.47212451092993174,0.0,0.3664703868840692,0.0
2023-12-02,Premier League,Newcastle,Man United,10.0,2023-11-25,0.65296356098544,1.0,0.5525645150323781,0.0
2023-12-03,Premier League,West Ham,Crystal Palace,5.0,2023-11-25,0.5524434532906546,0.0,0.4463192196660658,0.0
2023-12-03,Premier League,Man City,Tottenham,18.0,2023-11-25,0.5603213533861756,1.0,0.45763014742572805,1.0
2023-12-03,Premier League,Liverpool,Fulham,7.0,2023-11-25,0.5386974626947527,0.0,0.4339293565647684,0.0
2023-12-03,Premier League,Chelsea,Brighton,13.0,2023-11-25,0.4510254294077888,1.0,0.3463418674068357,1.0
2023-12-03,Premier League,Bournemouth,Aston Villa,14.0,2023-11-25,0.6283928191582786,1.0,0.5258401271800418,1.0
2023-12-05,Premier League,Wolves,Burnley,14.0,2023-11-25,0.6202492716822182,1.0,0.5172970505933541,1.0
2023-12-05,Premier League,Luton,Arsenal,11.0,2023-11-25,0.5579573321465364,1.0,0.4521052848144714,1.0
2023-12-06,Premier League,Brighton,Brentford,10.0,2023-11-25,0.5118879718024494,1.0,0.4069039356570668,0.0
2023-12-06,Premier League,Crystal Palace,Bournemouth,12.0,2023-11-25,0.6092310273097566,1.0,0.5062254477656464,1.0
2023-12-06,Premier League,Fulham,Nott'm Forest,7.0,2023-11-25,0.49510949876089166,0.0,0.39058592906958595,0.0
2023-12-06,Premier League,Sheffield United,Liverpool,14.0,2023-11-25,0.6062166561083976,1.0,0.5039270251187439,1.0
2023-12-06,Premier League,Aston Villa,Man City,6.0,2023-11-25,0.4495091503999647,0.0,0.3461530066099795,0.0
2023-12-06,Premier League,Man United,Chelsea,16.0,2023-11-25,0.5825726962449388,1.0,0.4772440396501559,1.0
2023-12-07,Premier League,Everton,Newcastle,7.0,2023-11-25,0.5763086169241569,0.0,0.4707566569241725,0.0
2023-12-07,Premier League,Tottenham,West Ham,12.0,2023-11-25,0.6238525487919754,1.0,0.521033311421033,1.0
2023-12-09,Premier League,Wolves,Nott'm Forest,7.0,2023-11-25,0.5130666968574422,0.0,0.40810595197360433,0.0
2023-12-09,Premier League,Aston Villa,Arsenal,6.0,2023-11-25,0.5153466088376052,0.0,0.4089986013118175,0.0
2023-12-09,Premier League,Sheffield United,Brentford,7.0,2023-11-25,0.527087395455937,0.0,0.420513717125817,0.0
2023-12-09,Premier League,Brighton,Burnley,10.0,2023-11-25,0.6144334273011846,1.0,0.5120719533819285,0.0
2023-12-09,Premier League,Crystal Palace,Liverpool,11.0,2023-11-25,0.4926868071773983,1.0,0.3869571109747146,1.0
2023-12-09,Premier League,Man United,Bournemouth,14.0,2023-11-25,0.7320826215376423,1.0,0.6425065744127235,1.0
2023-12-10,Premier League,Everton,Chelsea,12.0,2023-11-25,0.5228446938498991,1.0,0.41659402231569054,1.0
2023-12-10,Premier League,Fulham,West Ham,9.0,2023-11-25,0.5540110005291999,0.0,0.44803067320342255,0.0
2023-12-10,Premier League,Luton,Man City,9.0,2023-11-25,0.49589206743435527,0.0,0.39119037462663697,0.0
2023-12-10,Premier League,Tottenham,Newcastle,9.0,2023-11-25,0.5991110381835307,0.0,0.4945788023653212,0.0
2023-12-15,Premier League,Nott'm Forest,Tottenham,10.0,2023-11-25,0.506332088972321,1.0,0.4001878570104179,0.0
2023-12-16,Premier League,Chelsea,Sheffield United,13.0,2023-11-25,0.6317917771422196,1.0,0.5319434008434025,1.0
2023-12-16,Premier League,Man City,Crystal Palace,7.0,2023-11-25,0.5011929471714904,0.0,0.39828841728646724,0.0
2023-12-16,Premier League,Newcastle,Fulham,6.0,2023-11-25,0.5362385099427184,0.0,0.43001565616177256,0.0
2023-12-16,Premier League,Burnley,Everton,14.0,2023-11-25,0.6385038076258542,1.0,0.5368631057861853,1.0
2023-12-17,Premier League,Liverpool,Man United,12.0,2023-11-25,0.6497905049627113,1.0,0.5504039723260579,1.0
2023-12-17,Premier League,West Ham,Wolves,12.0,2023-11-25,0.5774004536518015,1.0,0.47198149844825876,1.0
2023-12-17,Premier League,Arsenal,Brighton,11.0,2023-11-25,0.45396382873386537,1.0,0.34941418488642967,1.0
2023-12-17,Premier League,Brentford,Aston Villa,19.0,2023-11-25,0.5195047441791654,1.0,0.4129255273210262,1.0
2023-12-21,Premier League,Crystal Palace,Brighton,4.0,2023-11-25,0.4493592433184733,0.0,0.34465929140235096,0.0
2023-12-22,Premier League,Aston Villa,Sheffield United,10.0,2023-11-25,0.6267143867943773,1.0,0.5251970040078439,0.0
2023-12-23,Premier League,West Ham,Man United,8.0,2023-11-25,0.6643722510799239,0.0,0.5648986417424936,0.0
2023-12-23,Premier League,Fulham,Burnley,14.0,2023-11-25,0.5969300889762335,1.0,0.492698094741646,1.0
2023-12-23,Premier League,Luton,Newcastle,13.0,2023-11-25,0.6192880384371825,1.0,0.5159701265343486,1.0
2023-12-23,Premier League,Nott'm Forest,Bournemouth,12.0,2023-11-25,0.5298997918007848,1.0,0.4233466411948239,1.0
2023-12-23,Premier League,Tottenham,Everton,11.0,2023-11-25,0.6017265100453133,1.0,0.4978153414852047,1.0
2023-12-23,Premier League,Liverpool,Arsenal,9.0,2023-11-25,0.47301797221063746,0.0,0.36757329064130695,0.0
2023-12-24,Premier League,Wolves,Chelsea,16.0,2023-11-25,0.4918384225472699,1.0,0.38565216561853516,1.0
2023-12-26,Premier League,Burnley,Liverpool,8.0,2023-12-26,0.6335718150628861,0.0,0.5315139519555003,0.0
2023-12-26,Premier League,Newcastle,Nott'm Forest,12.0,2023-12-26,0.5402372907182433,1.0,0.4353393473642636,1.0
2023-12-26,Premier League,Bournemouth,Fulham,11.0,2023-12-26,0.5731030737590421,1.0,0.46694942599109973,1.0
2023-12-26,Premier League,Sheffield United,Luton,13.0,2023-12-26,0.6129551173984323,1.0,0.5089059973920633,1.0
2023-12-26,Premier League,Man United,Aston Villa,9.0,2023-12-26,0.652816739926827,0.0,0.5518040901876022,0.0
2023-12-27,Premier League,Chelsea,Crystal Palace,7.0,2023-12-26,0.5080974691850556,0.0,0.4019213872341848,0.0
2023-12-27,Premier League,Brentford,Wolves,10.0,2023-12-26,0.5083839240570946,1.0,0.4013675049046987,0.0
2023-12-27,Premier League,Everton,Man City,12.0,2023-12-26,0.49123572635533647,1.0,0.3862802385091057,1.0
2023-12-28,Premier League,Arsenal,West Ham,13.0,2023-12-26,0.5722361946913197,1.0,0.4678671066693338,1.0
2023-12-28,Premier League,Brighton,Tottenham,13.0,2023-12-26,0.5666953309014349,1.0,0.4611278102922105,1.0
2023-12-30,Premier League,Luton,Chelsea,9.0,2023-12-26,0.6067587385998787,0.0,0.5021333353729543,0.0
2023-12-30,Premier League,Aston Villa,Burnley,8.0,2023-12-26,0.6647251351010318,0.0,0.565220352256816,0.0
2023-12-30,Premier League,Crystal Palace,Brentford,11.0,2023-12-26,0.4799772641989137,1.0,0.3740122538087606,1.0
2023-12-30,Premier League,Man City,Sheffield United,14.0,2023-12-26,0.6723974195924565,1.0,0.578162213468634,1.0
2023-12-30,Premier League,Wolves,Everton,7.0,2023-12-26,0.5540773371584635,0.0,0.44770220484626805,0.0
2023-12-30,Premier League,Nott'm Forest,Man United,9.0,2023-12-26,0.5488404864396347,0.0,0.4423472238591829,0.0
2023-12-31,Premier League,Fulham,Arsenal,9.0,2023-12-26,0.41425923408661713,0.0,0.3114437458789309,0.0
2023-12-31,Premier League,Tottenham,Bournemouth,17.0,2023-12-26,0.71064930952521,1.0,0.6169893567821163,1.0
2024-01-01,Premier League,Liverpool,Newcastle,10.0,2023-12-26,0.574729273482186,1.0,0.46985850608813146,0.0
2024-01-02,Premier League,West Ham,Brighton,2.0,2023-12-26,0.5115261668763069,0.0,0.40452676348573063,0.0
2024-01-12,Premier League,Burnley,Luton,10.0,2023-12-26,0.6936366863710459,1.0,0.5969855675438344,0.0
2024-01-13,Premier League,Newcastle,Man City,16.0,2023-12-26,0.43453185280141343,1.0,0.33077138917193605,1.0
2024-01-13,Premier League,Chelsea,Fulham,10.0,2023-12-26,0.49341104785217677,1.0,0.38722888160949215,0.0
2024-01-14,Premier League,Everton,Aston Villa,9.0,2023-12-26,0.5742985076965665,0.0,0.4681116733366151,0.0
2024-01-14,Premier League,Man United,Tottenham,21.0,2023-12-26,0.681136104625751,1.0,0.5831847953188072,1.0
2024-01-20,Premier League,Arsenal,Crystal Palace,13.0,2023-12-26,0.4876864020457993,1.0,0.38287137872404065,1.0
2024-01-20,Premier League,Brentford,Nott'm Forest,10.0,2023-12-26,0.45859512789840373,1.0,0.35362827382957646,0.0
2024-01-21,Premier League,Sheffield United,West Ham,5.0,2023-12-26,0.5689390772428572,0.0,0.4628214949617363,0.0
2024-01-21,Premier League,Bournemouth,Liverpool,13.0,2023-12-26,0.6706160903051103,1.0,0.5726295191111336,1.0
2024-01-22,Premier League,Brighton,Wolves,10.0,2023-12-26,0.5093414443914236,1.0,0.4032453642417749,0.0
2024-01-30,Premier League,Aston Villa,Newcastle,15.0,2024-01-30,0.5673517385597011,1.0,0.46122927467636965,1.0
2024-01-30,Premier League,Nott'm Forest,Arsenal,13.0,2024-01-30,0.46965605223065865,1.0,0.3655772758744188,1.0
2024-01-30,Premier League,Fulham,Everton,21.0,2024-01-30,0.5044676250947755,1.0,0.39822452504927164,1.0
2024-01-30,Premier League,Luton,Brighton,11.0,2024-01-30,0.5402928711267121,1.0,0.43350959518144405,1.0
2024-01-30,Premier League,Crystal Palace,Sheffield United,12.0,2024-01-30,0.5340581049689235,1.0,0.4285813243791226,1.0
2024-01-31,Premier League,Tottenham,Brentford,8.0,2024-01-30,0.6223518447178416,0.0,0.5194225358236655,0.0
2024-01-31,Premier League,Liverpool,Chelsea,9.0,2024-01-30,0.5412541420738585,0.0,0.4353812564003056,0.0
2024-01-31,Premier League,Man City,Burnley,10.0,2024-01-30,0.6535088951826836,1.0,0.5561284239003408,0.0
2024-02-01,Premier League,West Ham,Bournemouth,6.0,2024-01-30,0.6786343101864568,0.0,0.5808310635116408,0.0
2024-02-01,Premier League,Wolves,Man United,9.0,2024-01-30,0.6166046120647756,0.0,0.5128143065183993,0.0
2024-02-03,Premier League,Everton,Tottenham,14.0,2024-01-30,0.6259314500419706,1.0,0.5227622273590271,1.0
2024-02-03,Premier League,Brighton,Crystal Palace,5.0,2024-01-30,0.45228504993469393,0.0,0.34792518190022215,0.0
2024-02-03,Premier League,Burnley,Fulham,15.0,2024-01-30,0.5386428736802137,1.0,0.43182748310864716,1.0
2024-02-03,Premier League,Newcastle,Luton,10.0,2024-01-30,0.6349253223760166,1.0,0.5328036369083861,0.0
2024-02-03,Premier League,Sheffield United,Aston Villa,7.0,2024-01-30,0.5571439549881145,0.0,0.45100443504583276,0.0
2024-02-04,Premier League,Bournemouth,Nott'm Forest,17.0,2024-01-30,0.5949640434717027,1.0,0.49060731953673314,1.0
2024-02-04,Premier League,Chelsea,Wolves,11.0,2024-01-30,0.541426752935263,1.0,0.4355216458452516,1.0
2024-02-04,Premier League,Man United,West Ham,13.0,2024-01-30,0.6486139002575646,1.0,0.547562520667613,1.0
2024-02-04,Premier League,Arsenal,Liverpool,6.0,2024-01-30,0.4636835281904943,0.0,0.35808428310197943,0.0
2024-02-05,Premier League,Brentford,Man City,21.0,2024-01-30,0.4925282363147516,1.0,0.3878503310850174,1.0
2024-02-10,Premier League,Nott'm Forest,Newcastle,8.0,2024-01-30,0.4839534724912493,0.0,0.378108892889211,0.0
2024-02-10,Premier League,Wolves,Brentford,11.0,2024-01-30,0.5218514578027186,1.0,0.4153721905562098,1.0
2024-02-10,Premier League,Tottenham,Brighton,15.0,2024-01-30,0.5519628514517116,1.0,0.44537974848163214,1.0
2024-02-10,Premier League,Fulham,Bournemouth,15.0,2024-01-30,0.6238247924477958,1.0,0.5212680160476194,1.0
2024-02-10,Premier League,Liverpool,Burnley,12.0,2024-01-30,0.6791928342063823,1.0,0.583247632747252,1.0
2024-02-10,Premier League,Man City,Everton,9.0,2024-01-30,0.6020056837275932,0.0,0.5009059167964008,0.0
2024-02-10,Premier League,Luton,Sheffield United,14.0,2024-01-30,0.6562365330079581,1.0,0.5570003631863987,1.0
2024-02-11,Premier League,West Ham,Arsenal,8.0,2024-01-30,0.5010523549297955,0.0,0.39473364265171756,0.0
2024-02-11,Premier League,Aston Villa,Man United,18.0,2024-01-30,0.6511222052120406,1.0,0.5502404072314145,1.0
2024-02-12,Premier League,Crystal Palace,Chelsea,8.0,2024-01-30,0.4704719145925511,0.0,0.36450684945025574,0.0
2024-02-17,Premier League,Nott'm Forest,West Ham,8.0,2024-01-30,0.4604315727457054,0.0,0.35501614469290993,0.0
2024-02-17,Premier League,Newcastle,Bournemouth,6.0,2024-01-30,0.705970969239632,0.0,0.6120577601810487,0.0
2024-02-17,Premier League,Tottenham,Wolves,14.0,2024-01-30,0.6082994885705822,1.0,0.5041616885157576,1.0
2024-02-17,Premier League,Burnley,Arsenal,10.0,2024-01-30,0.5676921014858967,1.0,0.46215764224596717,0.0
2024-02-17,Premier League,Brentford,Liverpool,7.0,2024-01-30,0.5404497455363152,0.0,0.43458123373511554,0.0
2024-02-17,Premier League,Fulham,Aston Villa,8.0,2024-01-30,0.4902634624276747,0.0,0.38382720442258783,0.0
2024-02-17,Premier League,Man City,Chelsea,13.0,2024-01-30,0.4930412430704875,1.0,0.3883349886010113,1.0
2024-02-18,Premier League,Luton,Man United,14.0,2024-01-30,0.7003397257089196,1.0,0.6047971140216615,1.0
2024-02-18,Premier League,Sheffield United,Brighton,15.0,2024-01-30,0.5020036850113754,1.0,0.39616346011073644,1.0
2024-02-19,Premier League,Everton,Crystal Palace,9.0,2024-01-30,0.49232148857330094,0.0,0.3857611470364672,0.0
2024-02-20,Premier League,Man City,Brentford,11.0,2024-01-30,0.5945722191630611,1.0,0.4933292430288817,1.0
2024-02-21,Premier League,Liverpool,Luton,17.0,2024-01-30,0.6563842431672907,1.0,0.5574714828003053,1.0
2024-02-24,Premier League,Aston Villa,Nott'm Forest,9.0,2024-01-30,0.5384491909509983,0.0,0.43354121871560963,0.0
2024-02-24,Premier League,Brighton,Everton,14.0,2024-01-30,0.5333552446565002,1.0,0.42784215371029316,1.0
2024-02-24,Premier League,Crystal Palace,Burnley,15.0,2024-01-30,0.5626842410960825,1.0,0.45674561237023786,1.0
2024-02-24,Premier League,Man United,Fulham,19.0,2024-01-30,0.5757355105861368,1.0,0.4699424225006423,1.0
2024-02-24,Premier League,Bournemouth,Man City,11.0,2024-01-30,0.629073464220322,1.0,0.5281654677390832,1.0
2024-02-24,Premier League,Arsenal,Newcastle,9.0,2024-01-30,0.5400137497308974,0.0,0.4343867724508329,0.0
2024-02-25,Premier League,Wolves,Sheffield United,11.0,2024-01-30,0.5627875362321787,1.0,0.4576453473162405,1.0
2024-02-26,Premier League,West Ham,Brentford,8.0,2024-01-30,0.5464139443367789,0.0,0.4401449686162645,0.0
2024-03-02,Premier League,Luton,Aston Villa,14.0,2024-03-02,0.651783670949341,1.0,0.5515129414883531,1.0
2024-03-02,Premier League,Tottenham,Crystal Palace,12.0,2024-03-02,0.5693943453889677,1.0,0.4640624348415742,1.0
2024-03-02,Premier League,Nott'm Forest,Liverpool,15.0,2024-03-02,0.5177978656979372,1.0,0.41390857766229483,1.0
2024-03-02,Premier League,Fulham,Brighton,8.0,2024-03-02,0.47842404894452123,0.0,0.3728403922638726,0.0
2024-03-02,Premier League,Everton,West Ham,9.0,2024-03-02,0.5493533153891829,0.0,0.44344033746493317,0.0
2024-03-02,Premier League,Brentford,Chelsea,6.0,2024-03-02,0.5138572511985477,0.0,0.40781192070442074,0.0
2024-03-02,Premier League,Newcastle,Wolves,8.0,2024-03-02,0.5456732140548063,0.0,0.440323216246246,0.0
2024-03-03,Premier League,Burnley,Bournemouth,9.0,2024-03-02,0.7207918749844343,0.0,0.6287305005644042,0.0
2024-03-03,Premier League,Man City,Man United,17.0,2024-03-02,0.6785024329195722,1.0,0.5838083274010335,1.0
2024-03-04,Premier League,Sheffield United,Arsenal,7.0,2024-03-02,0.5543661715986322,0.0,0.4507406943779249,0.0
2024-03-09,Premier League,Man United,Everton,13.0,2024-03-02,0.6954121303158891,1.0,0.6003759888517495,1.0
2024-03-09,Premier League,Bournemouth,Sheffield United,13.0,2024-03-02,0.6937255727964192,1.0,0.5990137704958983,1.0
2024-03-09,Premier League,Crystal Palace,Luton,14.0,2024-03-02,0.5828527736413428,1.0,0.4780542135488549,1.0
2024-03-09,Premier League,Wolves,Fulham,7.0,2024-03-02,0.5145458488935025,0.0,0.4083499966908381,0.0
2024-03-09,Premier League,Arsenal,Brentford,14.0,2024-03-02,0.5674743639397655,1.0,0.4646903589146707,1.0
2024-03-10,Premier League,Liverpool,Man City,11.0,2024-03-02,0.4005231134112618,1.0,0.2992734129967073,1.0
2024-03-10,Premier League,West Ham,Burnley,8.0,2024-03-02,0.6080438524112259,0.0,0.5047520545115045,0.0
2024-03-10,Premier League,Brighton,Nott'm Forest,9.0,2024-03-02,0.5271027319886094,0.0,0.4237751132364506,0.0
2024-03-10,Premier League,Aston Villa,Tottenham,10.0,2024-03-02,0.6483008757868569,1.0,0.5479500689962619,0.0
2024-03-11,Premier League,Chelsea,Newcastle,4.0,2024-03-02,0.5332974628109787,0.0,0.4275234916626345,0.0
2024-03-13,Premier League,Bournemouth,Luton,14.0,2024-03-02,0.7427566797973634,1.0,0.6540761607404266,1.0
2024-03-16,Premier League,Burnley,Brentford,9.0,2024-03-02,0.6038363070804855,0.0,0.5000482482108671,0.0
2024-03-16,Premier League,Luton,Nott'm Forest,13.0,2024-03-02,0.6231769119927545,1.0,0.5222214462298765,1.0
2024-03-16,Premier League,Fulham,Tottenham,9.0,2024-03-02,0.6274814836767789,0.0,0.5253559602274045,0.0
2024-03-17,Premier League,West Ham,Aston Villa,18.0,2024-03-02,0.5356162260179029,1.0,0.4294530093874527,1.0
2024-03-30,Premier League,Brentford,Man United,18.0,2024-03-02,0.6427580633745673,1.0,0.541596146755059,1.0
2024-03-30,Premier League,Tottenham,Luton,9.0,2024-03-02,0.7207258366047029,0.0,0.6286968630514984,0.0
2024-03-30,Premier League,Sheffield United,Fulham,17.0,2024-03-02,0.5475114741328064,1.0,0.44192762722289863,1.0
2024-03-30,Premier League,Aston Villa,Wolves,9.0,2024-03-02,0.5551488982701963,0.0,0.4498870331323137,0.0
2024-03-30,Premier League,Chelsea,Burnley,16.0,2024-03-02,0.6446910438873777,1.0,0.5451319545682216,1.0
2024-03-30,Premier League,Bournemouth,Everton,17.0,2024-03-02,0.683706649346889,1.0,0.5869083418929336,1.0
2024-03-30,Premier League,Newcastle,West Ham,7.0,2024-03-02,0.5467454760884007,0.0,0.4413790823555927,0.0
2024-03-30,Premier League,Nott'm Forest,Crystal Palace,10.0,2024-03-02,0.407932010022706,1.0,0.3063842663442975,0.0
2024-03-31,Premier League,Liverpool,Brighton,12.0,2024-03-02,0.4871795900882748,1.0,0.38232516087521845,1.0
2024-03-31,Premier League,Man City,Arsenal,11.0,2024-03-02,0.3956491594020797,1.0,0.29561598347943163,1.0
2024-04-02,Premier League,Newcastle,Everton,10.0,2024-04-02,0.5800822550216267,1.0,0.4756977304434968,0.0
2024-04-02,Premier League,Nott'm Forest,Fulham,11.0,2024-04-02,0.478127342174007,1.0,0.3728062481029913,1.0
2024-04-02,Premier League,Bournemouth,Crystal Palace,11.0,2024-04-02,0.6115613760891042,1.0,0.5079808742036064,1.0
2024-04-02,Premier League,Burnley,Wolves,11.0,2024-04-02,0.5718862632875232,1.0,0.46639941872241075,1.0
2024-04-02,Premier League,West Ham,Tottenham,14.0,2024-04-02,0.5996771611143931,1.0,0.4954075099524044,1.0
2024-04-03,Premier League,Arsenal,Luton,4.0,2024-04-02,0.6633438250413718,0.0,0.5658955541416724,0.0
2024-04-03,Premier League,Brentford,Brighton,6.0,2024-04-02,0.4873364278807641,0.0,0.38158593031141036,0.0
2024-04-03,Premier League,Man City,Aston Villa,5.0,2024-04-02,0.5895632846783757,0.0,0.48752063167025955,0.0
2024-04-04,Premier League,Liverpool,Sheffield United,14.0,2024-04-02,0.7381503316827841,1.0,0.652771727652855,1.0
2024-04-04,Premier League,Chelsea,Man United,15.0,2024-04-02,0.6690444762103875,1.0,0.5710728320117362,1.0
2024-04-06,Premier League,Wolves,West Ham,8.0,2024-04-02,0.49855510271652503,0.0,0.39253938069214256,0.0
2024-04-06,Premier League,Brighton,Arsenal,15.0,2024-04-02,0.40954238423437617,1.0,0.3074713886753487,1.0
2024-04-06,Premier League,Luton,Bournemouth,9.0,2024-04-02,0.7760367465261141,0.0,0.6935038372751213,0.0
2024-04-06,Premier League,Aston Villa,Brentford,14.0,2024-04-02,0.5891492281954053,1.0,0.48509617664975824,1.0
2024-04-06,Premier League,Everton,Burnley,8.0,2024-04-02,0.6397854331977343,0.0,0.5384464786136394,0.0
2024-04-06,Premier League,Fulham,Newcastle,17.0,2024-04-02,0.5103588400969172,1.0,0.40413457881813597,1.0
2024-04-06,Premier League,Crystal Palace,Man City,11.0,2024-04-02,0.4485472481513928,1.0,0.34529196257970424,1.0
2024-04-07,Premier League,Man United,Liverpool,17.0,2024-04-02,0.6695472180769777,1.0,0.5714505426447558,1.0
2024-04-07,Premier League,Sheffield United,Chelsea,13.0,2024-04-02,0.5580203199306778,1.0,0.4535432876719251,1.0
2024-04-07,Premier League,Tottenham,Nott'm Forest,14.0,2024-04-02,0.611258103487569,1.0,0.5092319542717008,1.0
2024-04-13,Premier League,Newcastle,Tottenham,19.0,2024-04-02,0.6043211771011483,1.0,0.5006190504187441,1.0
2024-04-13,Premier League,Brentford,Sheffield United,9.0,2024-04-02,0.5854693290491693,0.0,0.4819122920542159,0.0
2024-04-13,Premier League,Burnley,Brighton,9.0,2024-04-02,0.5546846003856609,0.0,0.44894382769627506,0.0
2024-04-13,Premier League,Man City,Luton,13.0,2024-04-02,0.7054756277387234,1.0,0.614061002086522,1.0
2024-04-13,Premier League,Nott'm Forest,Wolves,11.0,2024-04-02,0.44634708005685897,1.0,0.34202323143966884,1.0
2024-04-13,Premier League,Bournemouth,Man United,9.0,2024-04-02,0.7780572304164222,0.0,0.6957278751161706,0.0
2024-04-14,Premier League,Arsenal,Aston Villa,10.0,2024-04-02,0.548270852973008,1.0,0.4436498088485007,0.0
2024-04-14,Premier League,Liverpool,Crystal Palace,12.0,2024-04-02,0.5502938624313627,1.0,0.4463466335933606,1.0
2024-04-14,Premier League,West Ham,Fulham,11.0,2024-04-02,0.5136130104562092,1.0,0.4072754496551907,1.0
2024-04-15,Premier League,Chelsea,Everton,12.0,2024-04-02,0.5906643962243707,1.0,0.4872305135815849,1.0
2024-04-20,Premier League,Luton,Brentford,13.0,2024-04-02,0.6700185430848224,1.0,0.5717341248359742,1.0
2024-04-20,Premier League,Sheffield United,Burnley,13.0,2024-04-02,0.5997538733158129,1.0,0.495604864247582,1.0
2024-04-20,Premier League,Wolves,Arsenal,3.0,2024-04-02,0.46004079213521243,0.0,0.35564236404910177,0.0
2024-04-21,Premier League,Everton,Nott'm Forest,10.0,2024-04-02,0.5409424091882644,1.0,0.4356306098729782,0.0
2024-04-21,Premier League,Aston Villa,Bournemouth,12.0,2024-04-02,0.7038104611302402,1.0,0.6097173652263513,1.0
2024-04-21,Premier League,Crystal Palace,West Ham,4.0,2024-04-02,0.48279348418068874,0.0,0.3772890085805857,0.0
2024-04-21,Premier League,Fulham,Liverpool,5.0,2024-04-02,0.5204182001151779,0.0,0.4144510550976952,0.0
2024-04-23,Premier League,Arsenal,Chelsea,6.0,2024-04-02,0.46711921932091427,0.0,0.36266354408110313,0.0
2024-04-24,Premier League,Man United,Sheffield United,13.0,2024-04-02,0.7320680698279394,1.0,0.6432354832388522,1.0
2024-04-24,Premier League,Everton,Liverpool,17.0,2024-04-02,0.5891766471483666,1.0,0.48545022209998256,1.0
2024-04-24,Premier League,Wolves,Bournemouth,20.0,2024-04-02,0.6390184284558184,1.0,0.5375855671647788,1.0
2024-04-24,Premier League,Crystal Palace,Newcastle,9.0,2024-04-02,0.46454722866129444,0.0,0.3593367444367042,0.0
2024-04-25,Premier League,Brighton,Man City,8.0,2024-04-02,0.40967038647270204,0.0,0.3079797125296467,0.0
2024-04-27,Premier League,West Ham,Liverpool,13.0,2024-04-02,0.5317448830213193,1.0,0.4262816458082433,1.0
2024-04-27,Premier League,Fulham,Crystal Palace,14.0,2024-04-02,0.4875206688499152,1.0,0.3818358435093348,1.0
2024-04-27,Premier League,Man United,Burnley,11.0,2024-04-02,0.7395496151744996,1.0,0.6506255635572975,1.0
2024-04-27,Premier League,Newcastle,Sheffield United,9.0,2024-04-02,0.6214995944792412,0.0,0.5211913213807553,0.0
2024-04-27,Premier League,Wolves,Luton,8.0,2024-04-02,0.6327870034764419,0.0,0.5307415989776454,0.0
2024-04-27,Premier League,Everton,Brentford,12.0,2024-04-02,0.5742692839215091,1.0,0.46899764383185816,1.0
2024-04-27,Premier League,Aston Villa,Chelsea,6.0,2024-04-02,0.5319205971450032,0.0,0.425590738149459,0.0
2024-04-28,Premier League,Tottenham,Arsenal,14.0,2024-04-02,0.5542541543100039,1.0,0.44862470704834245,1.0
2024-04-28,Premier League,Bournemouth,Brighton,10.0,2024-04-02,0.6117997755569633,1.0,0.5083279665386798,0.0
2024-04-28,Premier League,Nott'm Forest,Man City,9.0,2024-04-02,0.5371763343093469,0.0,0.4343492955250367,0.0
2024-05-02,Premier League,Chelsea,Tottenham,13.0,2024-05-02,0.6333276093444187,1.0,0.5326625603037287,1.0
2024-05-03,Premier League,Luton,Everton,15.0,2024-05-02,0.6652026278403871,1.0,0.567057256959721,1.0
2024-05-04,Premier League,Arsenal,Bournemouth,7.0,2024-05-02,0.6554891911599153,0.0,0.5579841956215649,0.0
2024-05-04,Premier League,Brentford,Fulham,13.0,2024-05-02,0.5417464416247332,1.0,0.4361618333601027,1.0
2024-05-04,Premier League,Burnley,Newcastle,15.0,2024-05-02,0.5880551218651138,1.0,0.48386196344364196,1.0
2024-05-04,Premier League,Sheffield United,Nott'm Forest,8.0,2024-05-02,0.5104546080867989,0.0,0.40488919942245827,0.0
2024-05-04,Premier League,Man City,Wolves,6.0,2024-05-02,0.5870357671059765,0.0,0.4868262558171629,0.0
2024-05-05,Premier League,Brighton,Aston Villa,10.0,2024-05-02,0.5095555882450908,1.0,0.4043649824705799,0.0
2024-05-05,Premier League,Chelsea,West Ham,14.0,2024-05-02,0.5247931039139884,1.0,0.42011338333356824,1.0
2024-05-05,Premier League,Liverpool,Tottenham,11.0,2024-05-02,0.7130666623580808,1.0,0.6225229614491873,1.0
2024-05-06,Premier League,Crystal Palace,Man United,9.0,2024-05-02,0.6290770699389933,0.0,0.527637743380898,0.0
2024-05-11,Premier League,West Ham,Luton,13.0,2024-05-02,0.6015372262874746,1.0,0.4981678707446491,1.0
2024-05-11,Premier League,Wolves,Crystal Palace,11.0,2024-05-02,0.45169004358879195,1.0,0.3476236502152527,1.0
2024-05-11,Premier League,Tottenham,Burnley,12.0,2024-05-02,0.7108668933020609,1.0,0.618453837115162,1.0
2024-05-11,Premier League,Nott'm Forest,Chelsea,11.0,2024-05-02,0.4799793834303017,1.0,0.3755775023854142,1.0
2024-05-11,Premier League,Everton,Sheffield United,9.0,2024-05-02,0.6337106697263628,0.0,0.5333262649266589,0.0
2024-05-11,Premier League,Bournemouth,Brentford,11.0,2024-05-02,0.6735161038946857,1.0,0.5763086204336964,1.0
2024-05-11,Premier League,Fulham,Man City,8.0,2024-05-02,0.4821094974519993,0.0,0.3779107039469719,0.0
2024-05-11,Premier League,Newcastle,Brighton,12.0,2024-05-02,0.47563471821617803,1.0,0.3706215557183678,1.0
2024-05-12,Premier League,Man United,Arsenal,11.0,2024-05-02,0.6048597493622759,1.0,0.5019876144990849,1.0
2024-05-13,Premier League,Aston Villa,Liverpool,9.0,2024-05-02,0.5474995733292757,0.0,0.44234157277280145,0.0
2024-05-14,Premier League,Tottenham,Man City,11.0,2024-05-02,0.5876852389865449,1.0,0.484736418622322,1.0
2024-05-15,Premier League,Brighton,Chelsea,10.0,2024-05-02,0.4559257679694924,1.0,0.3518879589223766,0.0
2024-05-15,Premier League,Man United,Newcastle,18.0,2024-05-02,0.6664007730386596,1.0,0.5680060802446072,1.0
2024-05-19,Premier League,Sheffield United,Tottenham,8.0,2024-05-02,0.6677477866850807,0.0,0.5697289385099723,0.0
2024-05-19,Premier League,Man City,West Ham,13.0,2024-05-02,0.5815725952675205,1.0,0.4807885124363517,1.0
2024-05-19,Premier League,Luton,Fulham,8.0,2024-05-02,0.6215415281162002,0.0,0.5192835669688975,0.0
2024-05-19,Premier League,Crystal Palace,Aston Villa,6.0,2024-05-02,0.49704993206883635,0.0,0.3915508137308452,0.0
2024-05-19,Premier League,Liverpool,Wolves,12.0,2024-05-02,0.6235915590155363,1.0,0.5246053480661769,1.0
2024-05-19,Premier League,Burnley,Nott'm Forest,7.0,2024-05-02,0.5658018318039966,0.0,0.4614890297778134,0.0
2024-05-19,Premier League,Brighton,Man United,12.0,2024-05-02,0.6537631499422458,1.0,0.5551966160543178,1.0
2024-05-19,Premier League,Brentford,Newcastle,3.0,2024-05-02,0.5315748739611746,0.0,0.42589178914059356,0.0
2024-05-19,Premier League,Arsenal,Everton,9.0,2024-05-02,0.5983361310321702,0.0,0.49724701729561543,0.0
2024-05-19,Premier League,Chelsea,Bournemouth,11.0,2024-05-02,0.6613814011903242,1.0,0.5633724871276744,1.0
2024-08-16,Premier League,Man United,Fulham,15.0,2024-08-16,0.6835194253238847,1.0,0.5859934703913884,1.0
2024-08-17,Premier League,West Ham,Aston Villa,8.0,2024-08-16,0.5378624962040969,0.0,0.4312207502096359,0.0
2024-08-17,Premier League,Nott'm Forest,Bournemouth,8.0,2024-08-16,0.5967752537319957,0.0,0.49202935187511293,0.0
2024-08-17,Premier League,Newcastle,Southampton,15.0,2024-08-16,0.559578825280344,1.0,0.4537962525614841,1.0
2024-08-17,Premier League,Everton,Brighton,6.0,2024-08-16,0.5343844969316162,0.0,0.4279000136073427,0.0
2024-08-17,Premier League,Arsenal,Wolves,10.0,2024-08-16,0.5111537856785522,1.0,0.4069699052677659,0.0
2024-08-18,Premier League,Brentford,Crystal Palace,11.0,2024-08-16,0.47007144174539545,1.0,0.3643200248529508,1.0
2024-08-18,Premier League,Chelsea,Man City,7.0,2024-08-16,0.4358827173607079,0.0,0.3322655007956952,0.0
2024-08-19,Premier League,Leicester,Tottenham,15.0,2024-08-16,0.6165182799207627,1.0,0.5128593190708198,1.0
2024-08-24,Premier League,Aston Villa,Arsenal,5.0,2024-08-16,0.44831121037649274,0.0,0.34356296132445163,0.0
2024-08-24,Premier League,Tottenham,Everton,17.0,2024-08-16,0.7011308693718996,1.0,0.6064760744383555,1.0
2024-08-24,Premier League,Southampton,Nott'm Forest,14.0,2024-08-16,0.5274561816003972,1.0,0.4220833266214785,1.0
2024-08-24,Premier League,Crystal Palace,West Ham,6.0,2024-08-16,0.48405888838126976,0.0,0.3781308782266943,0.0
2024-08-24,Premier League,Fulham,Leicester,12.0,2024-08-16,0.5474004205982924,1.0,0.4416459421886612,1.0
2024-08-24,Premier League,Brighton,Man United,8.0,2024-08-16,0.6698733249036464,0.0,0.5717804428513691,0.0
2024-08-25,Premier League,Bournemouth,Newcastle,17.0,2024-08-16,0.660014044597303,1.0,0.5599316224206694,1.0
2024-08-25,Premier League,Wolves,Chelsea,10.0,2024-08-16,0.4866189961908295,1.0,0.38040922538850813,0.0
2024-08-25,Premier League,Liverpool,Brentford,13.0,2024-08-16,0.6471229338017199,1.0,0.5488505634864645,1.0
2024-08-31,Premier League,Arsenal,Brighton,10.0,2024-08-16,0.42584456037423174,1.0,0.32310793107499886,0.0
2024-08-31,Premier League,Brentford,Southampton,10.0,2024-08-16,0.5277851321964665,1.0,0.4211094252813822,0.0
2024-08-31,Premier League,Everton,Bournemouth,12.0,2024-08-16,0.6905439189309693,1.0,0.5938658602639297,1.0
2024-08-31,Premier League,Leicester,Aston Villa,5.0,2024-08-16,0.5208328084540967,0.0,0.4141525475931797,0.0
2024-08-31,Premier League,Nott'm Forest,Wolves,10.0,2024-08-16,0.4405721524741877,1.0,0.33615056697151563,0.0
2024-08-31,Premier League,West Ham,Man City,14.0,2024-08-16,0.4920161071592009,1.0,0.3872270789547362,1.0
2024-09-01,Premier League,Man United,Liverpool,7.0,2024-08-16,0.6950233455361189,0.0,0.5997007387752445,0.0
2024-09-01,Premier League,Newcastle,Tottenham,19.0,2024-08-16,0.6547470926073232,1.0,0.5544200782098361,1.0
2024-09-01,Premier League,Chelsea,Crystal Palace,9.0,2024-08-16,0.48935735880646414,0.0,0.38373819838844714,0.0
2024-09-14,Premier League,Southampton,Man United,7.0,2024-08-16,0.6850483669897441,0.0,0.5879087207610777,0.0
2024-09-14,Premier League,Crystal Palace,Leicester,7.0,2024-08-16,0.47461195676709395,0.0,0.3691812682987793,0.0
2024-09-14,Premier League,Fulham,West Ham,5.0,2024-08-16,0.554924078568324,0.0,0.4490410597629099,0.0
2024-09-14,Premier League,Liverpool,Nott'm Forest,9.0,2024-08-16,0.6716529841621803,0.0,0.5769719443130159,0.0
2024-09-14,Premier League,Man City,Brentford,15.0,2024-08-16,0.6075169558178362,1.0,0.507239630221338,1.0
2024-09-14,Premier League,Aston Villa,Everton,8.0,2024-08-16,0.621355309867973,0.0,0.5190827377406402,0.0
2024-09-14,Premier League,Bournemouth,Chelsea,9.0,2024-08-16,0.6379207441304028,0.0,0.5358570740511512,0.0
2024-09-15,Premier League,Tottenham,Arsenal,13.0,2024-09-15,0.5731647315910681,1.0,0.46760761922835953,1.0
2024-09-15,Premier League,Wolves,Newcastle,11.0,2024-09-15,0.5450975009053507,1.0,0.4387081324581464,1.0
2024-09-21,Premier League,Tottenham,Brentford,13.0,2024-09-15,0.7015294222439964,1.0,0.6072088902773265,1.0
2024-09-21,Premier League,Crystal Palace,Man United,15.0,2024-09-15,0.6055563253925346,1.0,0.5015726093063608,1.0
2024-09-21,Premier League,Southampton,Ipswich,12.0,2024-09-15,0.6720115058159822,1.0,0.5749145592070155,1.0
2024-09-21,Premier League,Liverpool,Bournemouth,12.0,2024-09-15,0.7277919408440439,1.0,0.638629506457956,1.0
2024-09-21,Premier League,Leicester,Everton,7.0,2024-09-15,0.5380381547768612,0.0,0.43163368180135386,0.0
2024-09-21,Premier League,Fulham,Newcastle,6.0,2024-09-15,0.5954125207141654,0.0,0.49081692336633936,0.0
2024-09-21,Premier League,Aston Villa,Wolves,11.0,2024-09-15,0.5162607331359831,1.0,0.4106850550366572,1.0
2024-09-21,Premier League,West Ham,Chelsea,11.0,2024-09-15,0.49704267693066057,1.0,0.39072215089158485,1.0
2024-09-22,Premier League,Brighton,Nott'm Forest,10.0,2024-09-15,0.5215608359250186,1.0,0.41737344110650837,0.0
2024-09-22,Premier League,Man City,Arsenal,10.0,2024-09-15,0.3797403397156587,1.0,0.2809874944402633,0.0
2024-09-28,Premier League,Newcastle,Man City,11.0,2024-09-15,0.5233744459418201,1.0,0.41799145171595636,1.0
2024-09-28,Premier League,Arsenal,Leicester,17.0,2024-09-15,0.5270767371450887,1.0,0.4233875280090195,1.0
2024-09-28,Premier League,Brentford,West Ham,14.0,2024-09-15,0.5269131301484833,1.0,0.42039218592242306,1.0
2024-09-28,Premier League,Chelsea,Brighton,10.0,2024-09-15,0.45250372868509325,1.0,0.3476475194555818,0.0
2024-09-28,Premier League,Everton,Crystal Palace,13.0,2024-09-15,0.5007032372701018,1.0,0.3942995652520504,1.0
2024-09-28,Premier League,Nott'm Forest,Fulham,11.0,2024-09-15,0.5010935833471184,1.0,0.3948598356313542,1.0
2024-09-28,Premier League,Wolves,Liverpool,12.0,2024-09-15,0.5283262498513669,1.0,0.4230257885873101,1.0
2024-09-29,Premier League,Man United,Tottenham,8.0,2024-09-15,0.7796438838491078,0.0,0.697409369563741,0.0
2024-09-29,Premier League,Ipswich,Aston Villa,10.0,2024-09-15,0.6031019161464748,1.0,0.49964445070925695,0.0
2024-09-30,Premier League,Bournemouth,Southampton,11.0,2024-09-15,0.6725579710464593,1.0,0.5740352788152855,1.0
2024-10-05,Premier League,Crystal Palace,Liverpool,11.0,2024-09-15,0.4702637891544117,1.0,0.36530291154509625,1.0
2024-10-05,Premier League,Arsenal,Southampton,14.0,2024-09-15,0.5263224866341195,1.0,0.4215713289623,1.0
2024-10-05,Premier League,Brentford,Wolves,13.0,2024-09-15,0.5124672517398308,1.0,0.40605318001725255,1.0
2024-10-05,Premier League,Leicester,Bournemouth,9.0,2024-09-15,0.6202558905474992,0.0,0.5170101173473743,0.0
2024-10-05,Premier League,Man City,Fulham,11.0,2024-09-15,0.5783197612453371,1.0,0.47587121671802274,1.0
2024-10-05,Premier League,West Ham,Ipswich,10.0,2024-09-15,0.6333907275234371,1.0,0.5325428984661349,0.0
2024-10-05,Premier League,Everton,Newcastle,10.0,2024-09-15,0.6135958041941798,1.0,0.5099218318254738,0.0
2024-10-06,Premier League,Aston Villa,Man United,9.0,2024-09-15,0.6622967915882945,0.0,0.5631310346987676,0.0
2024-10-06,Premier League,Chelsea,Nott'm Forest,14.0,2024-09-15,0.5422750596718011,1.0,0.43784657786697473,1.0
2024-10-06,Premier League,Brighton,Tottenham,11.0,2024-09-15,0.623300061426011,1.0,0.5207688601064934,1.0
2024-10-19,Premier League,Southampton,Leicester,16.0,2024-10-19,0.5365483728795504,1.0,0.4314200900924451,1.0
2024-10-19,Premier League,Bournemouth,Arsenal,11.0,2024-10-19,0.583296382156385,1.0,0.4790678453496023,1.0
2024-10-19,Premier League,Newcastle,Brighton,13.0,2024-10-19,0.5067610429152563,1.0,0.4009252305653912,1.0
2024-10-19,Premier League,Man United,Brentford,11.0,2024-10-19,0.6946033993613858,1.0,0.5997139150566332,1.0
2024-10-19,Premier League,Ipswich,Everton,13.0,2024-10-19,0.719002828696312,1.0,0.6282423209679261,1.0
2024-10-19,Premier League,Fulham,Aston Villa,17.0,2024-10-19,0.5086984819629332,1.0,0.4029285304613853,1.0
2024-10-19,Premier League,Tottenham,West Ham,18.0,2024-10-19,0.6706431253593598,1.0,0.5730965453734979,1.0
2024-10-20,Premier League,Wolves,Man City,19.0,2024-10-19,0.5092650015990668,1.0,0.40577262455015434,1.0
2024-10-20,Premier League,Liverpool,Chelsea,7.0,2024-10-19,0.5547235763608401,0.0,0.45054839818474063,0.0
2024-10-21,Premier League,Nott'm Forest,Crystal Palace,12.0,2024-10-19,0.4382838008807719,1.0,0.3348085960507176,1.0
2024-10-25,Premier League,Leicester,Nott'm Forest,13.0,2024-10-19,0.45213823639323947,1.0,0.3480687553462117,1.0
2024-10-26,Premier League,Aston Villa,Bournemouth,16.0,2024-10-19,0.6329968971637443,1.0,0.5317518481933536,1.0
2024-10-26,Premier League,Brentford,Ipswich,10.0,2024-10-19,0.6672560739127482,1.0,0.5688323809557421,0.0
2024-10-26,Premier League,Brighton,Wolves,15.0,2024-10-19,0.5103972990742591,1.0,0.4061159200329687,1.0
2024-10-26,Premier League,Man City,Southampton,13.0,2024-10-19,0.6352688015559989,1.0,0.537731366831592,1.0
2024-10-26,Premier League,Everton,Fulham,6.0,2024-10-19,0.5660442586840952,0.0,0.46085902792996075,0.0
2024-10-27,Premier League,Arsenal,Liverpool,4.0,2024-10-19,0.43923854603186363,0.0,0.33565413475138495,0.0
2024-10-27,Premier League,West Ham,Man United,11.0,2024-10-19,0.6498468173614904,1.0,0.5497031691654648,1.0
2024-10-27,Premier League,Chelsea,Newcastle,11.0,2024-10-19,0.5682438868127003,1.0,0.46350549249020623,1.0
2024-10-27,Premier League,Crystal Palace,Tottenham,16.0,2024-10-19,0.6073879464484201,1.0,0.5040036398740766,1.0
2024-11-02,Premier League,Newcastle,Arsenal,10.0,2024-10-19,0.4955976538172605,1.0,0.39013941560517523,0.0
2024-11-02,Premier League,Bournemouth,Man City,13.0,2024-10-19,0.6068065690101057,1.0,0.5048245020269352,1.0
2024-11-02,Premier League,Ipswich,Leicester,10.0,2024-10-19,0.671089513328242,1.0,0.5747986900525126,0.0
2024-11-02,Premier League,Liverpool,Brighton,17.0,2024-10-19,0.5015023369044337,1.0,0.3968834255852513,1.0
2024-11-02,Premier League,Nott'm Forest,West Ham,17.0,2024-10-19,0.4795923379407358,1.0,0.3743275679586642,1.0
2024-11-02,Premier League,Southampton,Everton,9.0,2024-10-19,0.59772602320165,0.0,0.4942171508895052,0.0
2024-11-02,Premier League,Wolves,Crystal Palace,9.0,2024-10-19,0.45561664532948853,0.0,0.3511807103035958,0.0
2024-11-03,Premier League,Tottenham,Aston Villa,10.0,2024-10-19,0.6361797608071588,1.0,0.5349719182840806,0.0
2024-11-03,Premier League,Man United,Chelsea,12.0,2024-10-19,0.6423640660628673,1.0,0.5415000740028287,1.0
2024-11-04,Premier League,Fulham,Brentford,14.0,2024-10-19,0.5848018344367504,1.0,0.48099751901928817,1.0
2024-11-09,Premier League,Brighton,Man City,4.0,2024-10-19,0.3967510795929746,0.0,0.29657567685652836,0.0
2024-11-09,Premier League,Liverpool,Aston Villa,11.0,2024-10-19,0.5574665119449376,1.0,0.4537554905548724,1.0
2024-11-09,Premier League,West Ham,Everton,13.0,2024-10-19,0.5724889952623676,1.0,0.4680138606745389,1.0
2024-11-09,Premier League,Crystal Palace,Fulham,9.0,2024-10-19,0.4832380413735105,0.0,0.3778673734330319,0.0
2024-11-09,Premier League,Wolves,Southampton,10.0,2024-10-19,0.5320344244473837,1.0,0.4262259203076737,0.0
2024-11-09,Premier League,Brentford,Bournemouth,10.0,2024-10-19,0.668994047274365,1.0,0.5706637007429903,0.0
2024-11-10,Premier League,Man United,Leicester,6.0,2024-10-19,0.6549120815986806,0.0,0.556268032116875,0.0
2024-11-10,Premier League,Nott'm Forest,Newcastle,9.0,2024-10-19,0.5329036052419638,0.0,0.42732501476963863,0.0
2024-11-10,Premier League,Tottenham,Ipswich,14.0,2024-10-19,0.7592167821319227,1.0,0.6737691282563438,1.0
2024-11-10,Premier League,Chelsea,Arsenal,7.0,2024-10-19,0.43934979165330973,0.0,0.3357632926578272,0.0
2024-11-23,Premier League,Fulham,Wolves,9.0,2024-11-23,0.5720027832460632,0.0,0.46844238852624187,0.0
2024-11-23,Premier League,Everton,Brentford,14.0,2024-11-23,0.5743718600899467,1.0,0.46994702283553297,1.0
2024-11-23,Premier League,Bournemouth,Brighton,7.0,2024-11-23,0.6134919272396562,0.0,0.5109036677505725,0.0
2024-11-23,Premier League,Man City,Tottenham,12.0,2024-11-23,0.6764969422500378,1.0,0.5820677363260229,1.0
2024-11-23,Premier League,Arsenal,Nott'm Forest,9.0,2024-11-23,0.5670091009378677,0.0,0.4656093581023926,0.0
2024-11-23,Premier League,Leicester,Chelsea,11.0,2024-11-23,0.49356345505063876,1.0,0.38888678080346073,1.0
2024-11-23,Premier League,Aston Villa,Crystal Palace,11.0,2024-11-23,0.5024898761252303,1.0,0.39771428565654265,1.0
2024-11-24,Premier League,Southampton,Liverpool,13.0,2024-11-23,0.5918196728231118,1.0,0.48898443916268425,1.0
2024-11-24,Premier League,Ipswich,Man United,7.0,2024-11-23,0.7259664370909502,0.0,0.6353368669341325,0.0
2024-11-25,Premier League,Newcastle,West Ham,11.0,2024-11-23,0.6036450340986219,1.0,0.5010508112355496,1.0
2024-11-29,Premier League,Brighton,Southampton,13.0,2024-11-23,0.5662865045781897,1.0,0.46260705382980194,1.0
2024-11-30,Premier League,Brentford,Leicester,9.0,2024-11-23,0.5271569177258758,0.0,0.42199867022162013,0.0
2024-11-30,Premier League,Crystal Palace,Newcastle,17.0,2024-11-23,0.5240489576749144,1.0,0.4185503735469002,1.0
2024-11-30,Premier League,Nott'm Forest,Ipswich,15.0,2024-11-23,0.6090224289797305,1.0,0.5061511520783775,1.0
2024-11-30,Premier League,Wolves,Bournemouth,7.0,2024-11-23,0.6460697388083492,0.0,0.5459763926687903,0.0
2024-11-30,Premier League,West Ham,Arsenal,12.0,2024-11-23,0.4779892779411289,1.0,0.3738087703872516,1.0
2024-12-01,Premier League,Tottenham,Fulham,18.0,2024-11-23,0.6875116078233066,1.0,0.5919478992900808,1.0
2024-12-01,Premier League,Chelsea,Aston Villa,7.0,2024-11-23,0.5067801583155954,0.0,0.4016575238807103,0.0
2024-12-01,Premier League,Man United,Everton,4.0,2024-11-23,0.6824175433352822,0.0,0.5865132075729594,0.0
2024-12-01,Premier League,Liverpool,Man City,11.0,2024-11-23,0.4203859158509846,1.0,0.318377676310166,1.0
2024-12-03,Premier League,Leicester,West Ham,12.0,2024-11-23,0.5159121383041945,1.0,0.41041272359779307,1.0
2024-12-03,Premier League,Ipswich,Crystal Palace,11.0,2024-11-23,0.580497959875132,1.0,0.47619501879615694,1.0
2024-12-04,Premier League,Everton,Wolves,7.0,2024-11-23,0.554165953150534,0.0,0.449247181752381,0.0
2024-12-04,Premier League,Man City,Nott'm Forest,10.0,2024-11-23,0.6693868671313136,1.0,0.5765327266926673,0.0
2024-12-04,Premier League,Newcastle,Liverpool,11.0,2024-11-23,0.5689028928736268,1.0,0.46448673348869046,1.0
2024-12-04,Premier League,Southampton,Chelsea,12.0,2024-11-23,0.5440569706274374,1.0,0.4388877759302504,1.0
2024-12-04,Premier League,Arsenal,Man United,13.0,2024-11-23,0.6165146630536015,1.0,0.5159147625460757,1.0
2024-12-04,Premier League,Aston Villa,Brentford,15.0,2024-11-23,0.5809906663777735,1.0,0.4778623608324213,1.0
2024-12-05,Premier League,Fulham,Brighton,11.0,2024-11-23,0.4996939769357469,1.0,0.39434586565078883,1.0
2024-12-05,Premier League,Bournemouth,Tottenham,14.0,2024-11-23,0.7762110356787193,1.0,0.6942868680954375,1.0
2024-12-07,Premier League,Crystal Palace,Man City,14.0,2024-11-23,0.46576819819405707,1.0,0.3633142019047881,1.0
2024-12-07,Premier League,Man United,Nott'm Forest,8.0,2024-11-23,0.6615387433940798,0.0,0.5638071486375897,0.0
2024-12-07,Premier League,Aston Villa,Southampton,15.0,2024-11-23,0.5901849990354885,1.0,0.4871781278653979,1.0
2024-12-07,Premier League,Brentford,Newcastle,7.0,2024-11-23,0.5835335765503564,0.0,0.4793943833925155,0.0
2024-12-08,Premier League,Fulham,Arsenal,6.0,2024-11-23,0.45477566864870234,0.0,0.3509667287692093,0.0
2024-12-08,Premier League,Ipswich,Bournemouth,19.0,2024-11-23,0.7366951374528662,1.0,0.6477323531887174,1.0
2024-12-08,Premier League,Leicester,Brighton,10.0,2024-11-23,0.4767923455426229,1.0,0.3724447037129911,0.0
2024-12-08,Premier League,Tottenham,Chelsea,15.0,2024-11-23,0.6435563120338056,1.0,0.5432453741793776,1.0
2024-12-09,Premier League,West Ham,Wolves,11.0,2024-11-23,0.5540265311550834,1.0,0.4493382204652004,1.0
2024-12-14,Premier League,Wolves,Ipswich,10.0,2024-11-23,0.6151290083526778,1.0,0.512679151870557,0.0
2024-12-14,Premier League,Newcastle,Leicester,7.0,2024-11-23,0.5846341751715076,0.0,0.4817933706039841,0.0
2024-12-14,Premier League,Nott'm Forest,Aston Villa,7.0,2024-11-23,0.5241204004648334,0.0,0.4190262689337,0.0
2024-12-14,Premier League,Arsenal,Everton,10.0,2024-11-23,0.5720037632076166,1.0,0.47011332471516676,0.0
2024-12-14,Premier League,Liverpool,Fulham,9.0,2024-11-23,0.5935414375128233,0.0,0.4914456671303692,0.0
2024-12-15,Premier League,Chelsea,Brentford,13.0,2024-11-23,0.5767727427693152,1.0,0.4738715174618019,1.0
2024-12-15,Premier League,Southampton,Tottenham,7.0,2024-11-23,0.7021155644412762,0.0,0.6081565136258175,0.0
2024-12-15,Premier League,Brighton,Crystal Palace,13.0,2024-11-23,0.4770253346089747,1.0,0.37299985059465846,1.0
2024-12-15,Premier League,Man City,Man United,10.0,2024-11-23,0.692495707411569,1.0,0.6007247718750339,0.0
2024-12-16,Premier League,Bournemouth,West Ham,18.0,2024-11-23,0.6801999822089446,1.0,0.5838670222227902,1.0
2024-12-21,Premier League,Crystal Palace,Arsenal,6.0,2024-11-23,0.41303310663251314,0.0,0.3119305298938571,0.0
2024-12-21,Premier League,West Ham,Brighton,12.0,2024-11-23,0.5082870074814074,1.0,0.4029356414045862,1.0
2024-12-21,Premier League,Ipswich,Newcastle,3.0,2024-11-23,0.6580398147915495,0.0,0.5590469850508403,0.0
2024-12-21,Premier League,Brentford,Nott'm Forest,14.0,2024-11-23,0.5468264762758364,1.0,0.4419594974492119,1.0
2024-12-21,Premier League,Aston Villa,Man City,9.0,2024-11-23,0.46233338865209694,0.0,0.359119551135137,0.0
2024-12-22,Premier League,Everton,Chelsea,7.0,2024-11-23,0.5392352667281881,0.0,0.4341665508085987,0.0
2024-12-22,Premier League,Fulham,Southampton,11.0,2024-11-23,0.5981430713727132,1.0,0.49526272833345686,1.0
2024-12-22,Premier League,Leicester,Wolves,7.0,2024-11-23,0.49397112668645277,0.0,0.3887916550811974,0.0
2024-12-22,Premier League,Man United,Bournemouth,14.0,2024-11-23,0.7555853794100679,1.0,0.6698877345967119,1.0
2024-12-22,Premier League,Tottenham,Liverpool,12.0,2024-11-23,0.6656361213238057,1.0,0.5675504081802686,1.0
2024-12-26,Premier League,Wolves,Man United,8.0,2024-12-26,0.5797486070385927,0.0,0.4748285905454116,0.0
2024-12-26,Premier League,Southampton,West Ham,4.0,2024-12-26,0.6184522393123882,0.0,0.515614732135221,0.0
2024-12-26,Premier League,Nott'm Forest,Tottenham,9.0,2024-12-26,0.6734330638878513,0.0,0.5757282334608702,0.0
2024-12-26,Premier League,Liverpool,Leicester,15.0,2024-12-26,0.6409177162712909,1.0,0.5432850011793681,1.0
2024-12-26,Premier League,Chelsea,Fulham,4.0,2024-12-26,0.5420139111674843,0.0,0.43667505425280884,0.0
2024-12-26,Premier League,Bournemouth,Crystal Palace,7.0,2024-12-26,0.658830389953763,0.0,0.5595523524249709,0.0
2024-12-26,Premier League,Man City,Everton,13.0,2024-12-26,0.6517422038853039,1.0,0.5558726970827825,1.0
2024-12-26,Premier League,Newcastle,Aston Villa,15.0,2024-12-26,0.5467591705938099,1.0,0.4408999865256568,1.0
2024-12-27,Premier League,Brighton,Brentford,8.0,2024-12-26,0.5848409502440359,0.0,0.481438491830254,0.0
2024-12-27,Premier League,Arsenal,Ipswich,6.0,2024-12-26,0.6354028894061854,0.0,0.5373145389276417,0.0
2024-12-29,Premier League,West Ham,Liverpool,9.0,2024-12-26,0.595161933107857,0.0,0.4916923296474065,0.0
2024-12-29,Premier League,Tottenham,Wolves,10.0,2024-12-26,0.698307451432394,1.0,0.6046410379389812,0.0
2024-12-29,Premier League,Fulham,Bournemouth,8.0,2024-12-26,0.6873086943735218,0.0,0.5911161594370701,0.0
2024-12-29,Premier League,Crystal Palace,Southampton,15.0,2024-12-26,0.5765292394243877,1.0,0.4719032037250297,1.0
2024-12-29,Premier League,Leicester,Man City,8.0,2024-12-26,0.5325861175484371,0.0,0.42972878007205245,0.0
2024-12-29,Premier League,Everton,Nott'm Forest,9.0,2024-12-26,0.5305640148566902,0.0,0.4249101086364327,0.0
2024-12-30,Premier League,Aston Villa,Brighton,15.0,2024-12-26,0.5042446103911673,1.0,0.3984831785602142,1.0
2024-12-30,Premier League,Ipswich,Chelsea,11.0,2024-12-26,0.5930349963154208,1.0,0.48932875766674405,1.0
2024-12-30,Premier League,Man United,Newcastle,5.0,2024-12-26,0.6360899581015589,0.0,0.5345397431273015,0.0
2025-01-01,Premier League,Brentford,Arsenal,7.0,2024-12-26,0.49749787573067106,0.0,0.3929040056070703,0.0
2025-01-04,Premier League,Southampton,Brentford,4.0,2024-12-26,0.6168332739338123,0.0,0.5140503017511986,0.0
2025-01-04,Premier League,Brighton,Arsenal,7.0,2024-12-26,0.39304172724003106,0.0,0.2926719889443492,0.0
2025-01-04,Premier League,Man City,West Ham,8.0,2024-12-26,0.6494643882146068,0.0,0.5527941942285871,0.0
2025-01-04,Premier League,Bournemouth,Everton,12.0,2024-12-26,0.6925518000043666,1.0,0.5973921498067079,1.0
2025-01-04,Premier League,Aston Villa,Leicester,9.0,2024-12-26,0.5612840594494686,0.0,0.4577480062013019,0.0
2025-01-04,Premier League,Tottenham,Newcastle,19.0,2024-12-26,0.7059269910749015,1.0,0.6120671425222766,1.0
2025-01-04,Premier League,Crystal Palace,Chelsea,12.0,2024-12-26,0.4913562815450219,1.0,0.3856636408517283,1.0
2025-01-05,Premier League,Fulham,Ipswich,11.0,2024-12-26,0.6543542994128171,1.0,0.5556662590045228,1.0
2025-01-05,Premier League,Liverpool,Man United,15.0,2024-12-26,0.6900637120688824,1.0,0.5959237758374895,1.0
2025-01-06,Premier League,Wolves,Nott'm Forest,8.0,2024-12-26,0.48349293995044595,0.0,0.37811846797521187,0.0
2025-01-14,Premier League,Brentford,Man City,9.0,2024-12-26,0.5778062021283753,0.0,0.47539241640534585,0.0
2025-01-14,Premier League,Chelsea,Bournemouth,12.0,2024-12-26,0.6716799541388965,1.0,0.5742391836176836,1.0
2025-01-14,Premier League,West Ham,Fulham,3.0,2024-12-26,0.5832206899925673,0.0,0.47842059078910554,0.0
2025-01-14,Premier League,Nott'm Forest,Liverpool,9.0,2024-12-26,0.5784814701211413,0.0,0.47526851496819245,0.0
2025-01-15,Premier League,Newcastle,Wolves,6.0,2024-12-26,0.5664556671502307,0.0,0.46238206101174095,0.0
2025-01-15,Premier League,Everton,Aston Villa,13.0,2024-12-26,0.5368013430130144,1.0,0.43102676303642706,1.0
2025-01-15,Premier League,Leicester,Crystal Palace,7.0,2024-12-26,0.4693493675380647,0.0,0.3642249171148187,0.0
2025-01-15,Premier League,Arsenal,Tottenham,14.0,2024-12-26,0.6189150164756713,1.0,0.5174509283262271,1.0
2025-01-16,Premier League,Man United,Southampton,9.0,2024-12-26,0.6771002192872345,0.0,0.5799378166926611,0.0
2025-01-16,Premier League,Ipswich,Brighton,10.0,2024-12-26,0.5786706761380344,1.0,0.4740596257394978,0.0
2025-01-18,Premier League,Newcastle,Bournemouth,13.0,2024-12-26,0.6957608594182976,1.0,0.6006345502946571,1.0
2025-01-18,Premier League,Brentford,Liverpool,17.0,2024-12-26,0.6061402118369646,1.0,0.5037398732653179,1.0
2025-01-18,Premier League,Leicester,Fulham,7.0,2024-12-26,0.506364455916655,0.0,0.40055894053549007,0.0
2025-01-18,Premier League,West Ham,Crystal Palace,6.0,2024-12-26,0.55624884968569,0.0,0.45066549781280074,0.0
2025-01-18,Premier League,Arsenal,Aston Villa,11.0,2024-12-26,0.45198259807911506,1.0,0.34860885976117884,1.0
2025-01-19,Premier League,Everton,Tottenham,11.0,2024-12-26,0.685807816476532,1.0,0.5892870067474494,1.0
2025-01-19,Premier League,Man United,Brighton,6.0,2024-12-26,0.5868611220699714,0.0,0.4822187286120474,0.0
2025-01-19,Premier League,Nott'm Forest,Southampton,10.0,2024-12-26,0.5601854528317276,1.0,0.4546035651351709,0.0
2025-01-19,Premier League,Ipswich,Man City,11.0,2024-12-26,0.6308085982342462,1.0,0.5318610819696735,1.0
2025-01-20,Premier League,Chelsea,Wolves,9.0,2024-12-26,0.5569324405348455,0.0,0.4534206061437606,0.0
2025-01-25,Premier League,Wolves,Arsenal,6.0,2025-01-25,0.42433110283407643,0.0,0.323037451915574,0.0
2025-01-25,Premier League,Man City,Chelsea,6.0,2025-01-25,0.49573628336353326,0.0,0.39181326587340326,0.0
2025-01-25,Premier League,Southampton,Newcastle,11.0,2025-01-25,0.5852846691627591,1.0,0.48065511275937856,1.0
2025-01-25,Premier League,Brighton,Everton,10.0,2025-01-25,0.5582075573036062,1.0,0.4538431684515569,0.0
2025-01-25,Premier League,Bournemouth,Nott'm Forest,12.0,2025-01-25,0.6774929939462131,1.0,0.5813497777914727,1.0
2025-01-25,Premier League,Liverpool,Ipswich,7.0,2025-01-25,0.7402467950194767,0.0,0.6547607652775436,0.0
2025-01-26,Premier League,Crystal Palace,Brentford,11.0,2025-01-25,0.5505499721548961,1.0,0.44529490764311935,1.0
2025-01-26,Premier League,Tottenham,Leicester,10.0,2025-01-25,0.6947734640928388,1.0,0.6007710075041569,0.0
2025-01-26,Premier League,Aston Villa,West Ham,7.0,2025-01-25,0.5917096948186954,0.0,0.4883362498383547,0.0
2025-01-26,Premier League,Fulham,Man United,3.0,2025-01-25,0.5888714707978531,0.0,0.48466224402614183,0.0
2025-02-01,Premier League,Nott'm Forest,Brighton,10.0,2025-01-25,0.48256559973988183,1.0,0.3775905102130759,0.0
2025-02-01,Premier League,Bournemouth,Liverpool,6.0,2025-01-25,0.6858635304343239,0.0,0.5897573076198566,0.0
2025-02-01,Premier League,Everton,Leicester,11.0,2025-01-25,0.5030942373698347,1.0,0.397542048496104,1.0
2025-02-01,Premier League,Ipswich,Southampton,3.0,2025-01-25,0.5878440045327931,0.0,0.483302045438843,0.0
2025-02-01,Premier League,Newcastle,Fulham,11.0,2025-01-25,0.5454516567907866,1.0,0.4398276558964632,1.0
2025-02-01,Premier League,Wolves,Aston Villa,13.0,2025-01-25,0.5161600353043936,1.0,0.41046174365749627,1.0
2025-02-02,Premier League,Man United,Crystal Palace,11.0,2025-01-25,0.5882443696104356,1.0,0.4839373900537647,1.0
2025-02-02,Premier League,Arsenal,Man City,7.0,2025-01-25,0.32730641428143575,0.0,0.2340189142277392,0.0
2025-02-02,Premier League,Brentford,Tottenham,13.0,2025-01-25,0.7133235013406553,1.0,0.620422152834348,1.0
2025-02-03,Premier League,Chelsea,West Ham,7.0,2025-01-25,0.5547230100441107,0.0,0.4503025218383639,0.0
2025-02-12,Premier League,Everton,Liverpool,5.0,2025-01-25,0.6075632241066871,0.0,0.5054359529005108,0.0
2025-02-14,Premier League,Brighton,Chelsea,11.0,2025-01-25,0.47319508269869653,1.0,0.3679844731593269,1.0
2025-02-15,Premier League,Leicester,Arsenal,10.0,2025-01-25,0.42921911670013485,1.0,0.3278537140336612,0.0
2025-02-15,Premier League,Aston Villa,Ipswich,17.0,2025-01-25,0.6682978449381609,1.0,0.5718460592607532,1.0
2025-02-15,Premier League,Fulham,Nott'm Forest,12.0,2025-01-25,0.5344098061836741,1.0,0.4300146975548164,1.0
2025-02-15,Premier League,Man City,Newcastle,11.0,2025-01-25,0.5845693985694046,1.0,0.48254896854332086,1.0
2025-02-15,Premier League,Southampton,Bournemouth,10.0,2025-01-25,0.6822338530224599,1.0,0.5852363093143657,0.0
2025-02-15,Premier League,West Ham,Brentford,11.0,2025-01-25,0.5679232611856214,1.0,0.462968754829997,1.0
2025-02-15,Premier League,Crystal Palace,Everton,8.0,2025-01-25,0.5413341108705907,0.0,0.43590907758990155,0.0
2025-02-16,Premier League,Tottenham,Man United,15.0,2025-01-25,0.7641749165575674,1.0,0.6798331007134429,1.0
2025-02-16,Premier League,Liverpool,Wolves,7.0,2025-01-25,0.6415456338046603,0.0,0.5438533653974832,0.0
2025-02-19,Premier League,Aston Villa,Liverpool,14.0,2025-01-25,0.5689095529819643,1.0,0.46377524505382123,1.0
2025-02-21,Premier League,Leicester,Brentford,11.0,2025-01-25,0.49905517465361376,1.0,0.39322254754503466,1.0
2025-02-22,Premier League,Everton,Man United,16.0,2025-01-25,0.6141345374872512,1.0,0.5110314056494434,1.0
2025-02-22,Premier League,Arsenal,West Ham,2.0,2025-01-25,0.5213304926433954,0.0,0.41797817129938325,0.0
2025-02-22,Premier League,Bournemouth,Wolves,13.0,2025-01-25,0.647315930853612,1.0,0.5476980470531106,1.0
2025-02-22,Premier League,Fulham,Crystal Palace,14.0,2025-01-25,0.5017049976451612,1.0,0.3961910736786427,1.0
2025-02-22,Premier League,Ipswich,Tottenham,8.0,2025-01-25,0.7332192448545468,0.0,0.643595745707984,0.0
2025-02-22,Premier League,Southampton,Brighton,11.0,2025-01-25,0.5253603628972449,1.0,0.4194069090890579,1.0
2025-02-22,Premier League,Aston Villa,Chelsea,5.0,2025-01-25,0.5292260786204298,0.0,0.4232693259448843,0.0
2025-02-23,Premier League,Newcastle,Nott'm Forest,13.0,2025-01-25,0.5934308913521944,1.0,0.4909319363039417,1.0
2025-02-23,Premier League,Man City,Liverpool,12.0,2025-01-25,0.48046812330785116,1.0,0.3756620461046052,1.0
2025-02-25,Premier League,Wolves,Fulham,12.0,2025-02-25,0.4650645870696739,1.0,0.3603941059019337,1.0
2025-02-25,Premier League,Chelsea,Southampton,6.0,2025-02-25,0.5611472069409214,0.0,0.45758377274785367,0.0
2025-02-25,Premier League,Brighton,Bournemouth,10.0,2025-02-25,0.6455734452685125,1.0,0.5454760779949308,0.0
2025-02-25,Premier League,Crystal Palace,Aston Villa,11.0,2025-02-25,0.5476891430912321,1.0,0.44214216339763157,1.0
2025-02-26,Premier League,Brentford,Everton,7.0,2025-02-25,0.5814306809812182,0.0,0.47702923035792244,0.0
2025-02-26,Premier League,Man United,Ipswich,11.0,2025-02-25,0.6337728105261391,1.0,0.5336709821804015,1.0
2025-02-26,Premier League,Nott'm Forest,Arsenal,14.0,2025-02-25,0.4564988332663657,1.0,0.35417599072396067,1.0
2025-02-26,Premier League,Tottenham,Man City,11.0,2025-02-25,0.6438640635159677,1.0,0.544039061057159,1.0
2025-02-26,Premier League,Liverpool,Newcastle,6.0,2025-02-25,0.6207517723066812,0.0,0.5197739965865363,0.0
2025-02-27,Premier League,West Ham,Leicester,6.0,2025-02-25,0.48969137076172614,0.0,0.38486723148729396,0.0
2025-03-08,Premier League,Brentford,Aston Villa,11.0,2025-02-25,0.6003907253593915,1.0,0.496901592083173,1.0
2025-03-08,Premier League,Nott'm Forest,Man City,5.0,2025-02-25,0.5618988223832908,0.0,0.4596033661542381,0.0
2025-03-08,Premier League,Brighton,Fulham,10.0,2025-02-25,0.49474807852751695,1.0,0.3894215665743542,0.0
2025-03-08,Premier League,Crystal Palace,Ipswich,9.0,2025-02-25,0.5362588471786399,0.0,0.43156448972997413,0.0
2025-03-08,Premier League,Liverpool,Southampton,10.0,2025-02-25,0.6497990410923455,1.0,0.5524691550652571,0.0
2025-03-08,Premier League,Wolves,Everton,10.0,2025-02-25,0.4964605293696211,1.0,0.3909540370236946,0.0
2025-03-09,Premier League,Tottenham,Bournemouth,9.0,2025-02-25,0.8021309527718874,0.0,0.725570328576682,0.0
2025-03-09,Premier League,Chelsea,Leicester,14.0,2025-02-25,0.5347760975528839,1.0,0.43130695819779924,1.0
2025-03-09,Premier League,Man United,Arsenal,11.0,2025-02-25,0.4815933684013803,1.0,0.3769784560738484,1.0
2025-03-10,Premier League,West Ham,Newcastle,7.0,2025-02-25,0.5493293184571669,0.0,0.4437482406847605,0.0
2025-03-15,Premier League,Bournemouth,Brentford,7.0,2025-02-25,0.7049103894548141,0.0,0.6114919034212262,0.0
2025-03-15,Premier League,Southampton,Wolves,6.0,2025-02-25,0.4973367623312002,0.0,0.3919333453641042,0.0
2025-03-15,Premier League,Man City,Brighton,9.0,2025-02-25,0.5193624694767744,0.0,0.41579278820256305,0.0
2025-03-15,Premier League,Everton,West Ham,11.0,2025-02-25,0.5203260702043419,1.0,0.4144883969581149,1.0
2025-03-15,Premier League,Ipswich,Nott'm Forest,9.0,2025-02-25,0.4954668469218836,0.0,0.38990763554988367,0.0
2025-03-16,Premier League,Arsenal,Chelsea,9.0,2025-02-25,0.37765007021405755,0.0,0.2795664664767588,0.0
2025-03-16,Premier League,Fulham,Tottenham,11.0,2025-02-25,0.6720043254687271,1.0,0.5741450680228256,1.0
2025-03-16,Premier League,Leicester,Man United,10.0,2025-02-25,0.5593082716903066,1.0,0.4540276382981714,0.0
2025-04-01,Premier League,Arsenal,Fulham,9.0,2025-04-01,0.45514748997520926,0.0,0.352238670072552,0.0
2025-04-01,Premier League,Wolves,West Ham,3.0,2025-04-01,0.4546221702444746,0.0,0.34997673564251947,0.0
2025-04-01,Premier League,Nott'm Forest,Man United,13.0,2025-04-01,0.5940436826674108,1.0,0.48974252405763125,1.0
2025-04-02,Premier League,Southampton,Crystal Palace,4.0,2025-04-01,0.5081518686151132,0.0,0.4020834219674306,0.0
2025-04-02,Premier League,Newcastle,Brentford,9.0,2025-04-01,0.6134435967246566,0.0,0.5110479038349774,0.0
2025-04-02,Premier League,Liverpool,Everton,16.0,2025-04-01,0.6522816560939798,1.0,0.5548702047211124,1.0
2025-04-02,Premier League,Brighton,Aston Villa,4.0,2025-04-01,0.5415354078914889,0.0,0.43550619051841555,0.0
2025-04-02,Premier League,Bournemouth,Ipswich,11.0,2025-04-01,0.6706899737240001,1.0,0.5735091843533849,1.0
2025-04-02,Premier League,Man City,Leicester,5.0,2025-04-01,0.6096556717561319,0.0,0.5103887114544671,0.0
2025-04-03,Premier League,Chelsea,Tottenham,10.0,2025-04-01,0.6632952786796753,1.0,0.5646193273339472,0.0
2025-04-05,Premier League,Everton,Arsenal,11.0,2025-04-01,0.4710440109587792,1.0,0.36736880468304084,1.0
2025-04-05,Premier League,Crystal Palace,Brighton,6.0,2025-04-01,0.4956605859663429,0.0,0.3897270318034099,0.0
2025-04-05,Premier League,Ipswich,Wolves,12.0,2025-04-01,0.465047685609894,1.0,0.3599816374746293,1.0
2025-04-05,Premier League,West Ham,Bournemouth,11.0,2025-04-01,0.6144959969639221,1.0,0.5112700625367994,1.0
2025-04-05,Premier League,Aston Villa,Nott'm Forest,8.0,2025-04-01,0.6282256020629989,0.0,0.527978695848118,0.0
2025-04-06,Premier League,Brentford,Chelsea,9.0,2025-04-01,0.5272712744125182,0.0,0.4215838275092059,0.0
2025-04-06,Premier League,Fulham,Liverpool,8.0,2025-04-01,0.5188336498056227,0.0,0.41297414965114154,0.0
2025-04-06,Premier League,Tottenham,Southampton,5.0,2025-04-01,0.7028458239739452,0.0,0.6090476071777471,0.0
2025-04-06,Premier League,Man United,Man City,8.0,2025-04-01,0.5779015523858909,0.0,0.47403256157571144,0.0
2025-04-07,Premier League,Leicester,Newcastle,14.0,2025-04-01,0.5215921952319498,1.0,0.4156719305406639,1.0
2025-04-12,Premier League,Southampton,Aston Villa,16.0,2025-04-01,0.559137296431765,1.0,0.45362619606694793,1.0
2025-04-12,Premier League,Nott'm Forest,Everton,8.0,2025-04-01,0.5247402426418986,0.0,0.4185701303920377,0.0
2025-04-12,Premier League,Arsenal,Brentford,18.0,2025-04-01,0.5563917828337555,1.0,0.45384035880136214,1.0
2025-04-12,Premier League,Man City,Crystal Palace,5.0,2025-04-01,0.5814163838951993,0.0,0.47965928564832633,0.0
2025-04-12,Premier League,Brighton,Leicester,9.0,2025-04-01,0.5182721081774422,0.0,0.4135384655994038,0.0
2025-04-13,Premier League,Chelsea,Ipswich,19.0,2025-04-01,0.5755106605662372,1.0,0.4728794110483931,1.0
2025-04-13,Premier League,Liverpool,West Ham,13.0,2025-04-01,0.5870118301548202,1.0,0.4846063254630955,1.0
2025-04-13,Premier League,Wolves,Tottenham,5.0,2025-04-01,0.6467902493743378,0.0,0.5462049017359627,0.0
2025-04-13,Premier League,Newcastle,Man United,9.0,2025-04-01,0.6467910865814392,0.0,0.5464109132590729,0.0
2025-04-14,Premier League,Bournemouth,Fulham,15.0,2025-04-01,0.6316075099774576,1.0,0.529667458078895,1.0
2025-04-16,Premier League,Newcastle,Crystal Palace,9.0,2025-04-01,0.5677519990106286,0.0,0.4628751803554572,0.0
2025-04-19,Premier League,Brentford,Brighton,12.0,2025-04-01,0.5330546461337015,1.0,0.42700878961228894,1.0
2025-04-19,Premier League,Crystal Palace,Bournemouth,9.0,2025-04-01,0.6301191741156003,0.0,0.5279906821189355,0.0
2025-04-19,Premier League,Everton,Man City,7.0,2025-04-01,0.5504186272715674,0.0,0.4466374456629506,0.0
2025-04-19,Premier League,West Ham,Southampton,7.0,2025-04-01,0.4993514068191628,0.0,0.39358780849689706,0.0
2025-04-19,Premier League,Aston Villa,Newcastle,14.0,2025-04-01,0.6035485231526169,1.0,0.5000026047012777,1.0
2025-04-20,Premier League,Leicester,Liverpool,14.0,2025-04-01,0.5431236364786293,1.0,0.4388285517575619,1.0
2025-04-20,Premier League,Man United,Wolves,11.0,2025-04-01,0.5830339562600584,1.0,0.47877484543114046,1.0
2025-04-20,Premier League,Fulham,Chelsea,10.0,2025-04-01,0.4743545843772258,1.0,0.36895822090226993,0.0
2025-04-20,Premier League,Ipswich,Arsenal,12.0,2025-04-01,0.4720865676585334,1.0,0.3690021305717977,1.0
2025-04-21,Premier League,Tottenham,Nott'm Forest,8.0,2025-04-01,0.7242619992004524,0.0,0.6341122455735265,0.0
2025-04-22,Premier League,Man City,Aston Villa,12.0,2025-04-01,0.5518400007108955,1.0,0.4476044416629335,1.0
2025-04-23,Premier League,Arsenal,Crystal Palace,9.0,2025-04-01,0.4981004323418572,0.0,0.3948105705589731,0.0
2025-04-26,Premier League,Chelsea,Everton,12.0,2025-04-01,0.5734346302833038,1.0,0.47006989879396616,1.0
2025-04-26,Premier League,Brighton,West Ham,9.0,2025-04-01,0.5030660541819227,0.0,0.3976362055125577,0.0
2025-04-26,Premier League,Newcastle,Ipswich,13.0,2025-04-01,0.6002068289892389,1.0,0.4976897309110755,1.0
2025-04-26,Premier League,Southampton,Fulham,13.0,2025-04-01,0.5062663640485524,1.0,0.40019644849172814,1.0
2025-04-26,Premier League,Wolves,Leicester,6.0,2025-04-01,0.44548510413412673,0.0,0.34150118071470553,0.0
2025-04-27,Premier League,Bournemouth,Man United,15.0,2025-04-01,0.7199573783828294,1.0,0.6279827962992254,1.0
2025-04-27,Premier League,Liverpool,Tottenham,10.0,2025-04-01,0.7190884658904833,1.0,0.627917820980053,0.0
2025-05-01,Premier League,Nott'm Forest,Brentford,9.0,2025-05-01,0.5324705507923333,0.0,0.4272916497950371,0.0
2025-05-02,Premier League,Man City,Wolves,9.0,2025-05-01,0.5412070567909787,0.0,0.4401545447131558,0.0
2025-05-03,Premier League,Arsenal,Bournemouth,5.0,2025-05-01,0.6143607974153596,0.0,0.5141486805204206,0.0
2025-05-03,Premier League,Leicester,Southampton,14.0,2025-05-01,0.45575953081607146,1.0,0.3520192990462425,1.0
2025-05-03,Premier League,Aston Villa,Fulham,8.0,2025-05-01,0.5712667936188655,0.0,0.4670986963587985,0.0
2025-05-03,Premier League,Everton,Ipswich,6.0,2025-05-01,0.5874775775141022,0.0,0.4845506922622549,0.0
2025-05-04,Premier League,Brentford,Man United,11.0,2025-05-01,0.6443496809502474,1.0,0.5443872959436805,1.0
2025-05-04,Premier League,Brighton,Newcastle,5.0,2025-05-01,0.5349961961475982,0.0,0.4300290705855706,0.0
2025-05-04,Premier League,West Ham,Tottenham,4.0,2025-05-01,0.6152654365836299,0.0,0.513144202957726,0.0
2025-05-04,Premier League,Chelsea,Liverpool,9.0,2025-05-01,0.49860297196583087,0.0,0.3935699399365994,0.0
2025-05-05,Premier League,Crystal Palace,Nott'm Forest,11.0,2025-05-01,0.4923716829932,1.0,0.3884006579168452,1.0
2025-05-10,Premier League,Fulham,Everton,10.0,2025-05-01,0.5835226062088136,1.0,0.48076054167338295,0.0
2025-05-10,Premier League,Ipswich,Brentford,11.0,2025-05-01,0.5827682476144167,1.0,0.4789232290315805,1.0
2025-05-10,Premier League,Southampton,Man City,16.0,2025-05-01,0.49347567873422965,1.0,0.39076580938521926,1.0
2025-05-10,Premier League,Wolves,Brighton,11.0,2025-05-01,0.43075076713014604,1.0,0.3285082477418507,1.0
2025-05-10,Premier League,Bournemouth,Aston Villa,10.0,2025-05-01,0.6840363551771901,1.0,0.5880867831687947,0.0
2025-05-11,Premier League,Liverpool,Arsenal,4.0,2025-05-01,0.4153724463381928,0.0,0.31392034518353795,0.0
2025-05-11,Premier League,Tottenham,Crystal Palace,12.0,2025-05-01,0.6326918224957415,1.0,0.53228810800611,1.0
2025-05-11,Premier League,Newcastle,Chelsea,10.0,2025-05-01,0.538401420616003,1.0,0.4333013399625328,0.0
2025-05-11,Premier League,Man United,West Ham,13.0,2025-05-01,0.5822721175538612,1.0,0.4787425652453468,1.0
2025-05-11,Premier League,Nott'm Forest,Leicester,8.0,2025-05-01,0.4511034063427883,0.0,0.3475166915413141,0.0
2025-05-16,Premier League,Aston Villa,Tottenham,10.0,2025-05-01,0.6945473663576698,1.0,0.600068633433494,0.0
2025-05-16,Premier League,Chelsea,Man United,9.0,2025-05-01,0.6109069573443489,0.0,0.5093155892868518,0.0
2025-05-18,Premier League,Arsenal,Newcastle,17.0,2025-05-01,0.5199962482158722,1.0,0.41653186793817776,1.0
2025-05-18,Premier League,Everton,Southampton,9.0,2025-05-01,0.5193670293431565,0.0,0.4142873227923961,0.0
2025-05-18,Premier League,West Ham,Nott'm Forest,15.0,2025-05-01,0.4806181572376233,1.0,0.376643047726746,1.0
2025-05-18,Premier League,Brentford,Fulham,8.0,2025-05-01,0.5688506670089363,0.0,0.4645677911350049,0.0
2025-05-18,Premier League,Leicester,Ipswich,4.0,2025-05-01,0.5198297794896621,0.0,0.4152003570539147,0.0
2025-05-19,Premier League,Brighton,Liverpool,6.0,2025-05-01,0.49858000461135515,0.0,0.39380599237847214,0.0
2025-05-20,Premier League,Man City,Bournemouth,4.0,2025-05-01,0.648495489515505,0.0,0.5512710284543445,0.0
2025-05-20,Premier League,Crystal Palace,Wolves,10.0,2025-05-01,0.43909937248269987,1.0,0.3366491695504397,0.0
2025-05-25,Premier League,Wolves,Brentford,11.0,2025-05-01,0.49595332691143756,1.0,0.39097207741388357,1.0
2025-05-25,Premier League,Tottenham,Brighton,13.0,2025-05-01,0.6197373702609612,1.0,0.5179536368333805,1.0
2025-05-25,Premier League,Nott'm Forest,Chelsea,11.0,2025-05-01,0.5144682426533426,1.0,0.4105229393949311,1.0
2025-05-25,Premier League,Southampton,Arsenal,13.0,2025-05-01,0.4578909365478485,1.0,0.355806334856256,1.0
2025-05-25,Premier League,Newcastle,Everton,15.0,2025-05-01,0.6133366301547601,1.0,0.5119145243703883,1.0
2025-05-25,Premier League,Fulham,Man City,7.0,2025-05-01,0.452989764131658,0.0,0.3499032292922481,0.0
2025-05-25,Premier League,Liverpool,Crystal Palace,11.0,2025-05-01,0.5748280293560825,1.0,0.47285305960115526,1.0
2025-05-25,Premier League,Ipswich,West Ham,4.0,2025-05-01,0.5084259244082593,0.0,0.40343304189393825,0.0
2025-05-25,Premier League,Bournemouth,Leicester,7.0,2025-05-01,0.6357544428262788,0.0,0.5359288436481257,0.0
2025-05-25,Premier League,Man United,Aston Villa,7.0,2025-05-01,0.645102688161987,0.0,0.5451924921607243,0.0
2025-08-15,Premier League,Liverpool,Bournemouth,13.0,2025-08-15,0.6577859654477372,1.0,0.5617941470545184,1.0
2025-08-16,Premier League,Tottenham,Burnley,11.0,2025-08-15,0.7322316586175918,1.0,0.6447135205853627,1.0
2025-08-16,Premier League,Sunderland,West Ham,12.0,2025-08-15,0.49990444998809824,1.0,0.3960004522305775,1.0
2025-08-16,Premier League,Wolves,Man City,10.0,2025-08-15,0.4533095474602374,1.0,0.35265714976558843,0.0
2025-08-16,Premier League,Aston Villa,Newcastle,9.0,2025-08-15,0.6088176572341315,0.0,0.507581194466235,0.0
2025-08-16,Premier League,Brighton,Fulham,7.0,2025-08-15,0.4760402071002224,0.0,0.3726286355292904,0.0
2025-08-17,Premier League,Chelsea,Crystal Palace,13.0,2025-08-15,0.5158191902740652,1.0,0.4129757727603953,1.0
2025-08-17,Premier League,Nott'm Forest,Brentford,10.0,2025-08-15,0.5495672999102246,1.0,0.44566546265041473,0.0
2025-08-17,Premier League,Man United,Arsenal,7.0,2025-08-15,0.5231848565838171,0.0,0.41972986509024357,0.0
2025-08-18,Premier League,Leeds,Everton,9.0,2025-08-15,0.5606753699798334,0.0,0.4580219868986994,0.0
2025-08-22,Premier League,West Ham,Chelsea,12.0,2025-08-15,0.46871002393215305,1.0,0.36584954132201775,1.0
2025-08-23,Premier League,Burnley,Sunderland,7.0,2025-08-15,0.6297861858091489,0.0,0.5304503656264785,0.0
2025-08-23,Premier League,Man City,Tottenham,9.0,2025-08-15,0.6277420861097851,0.0,0.5297406754925031,0.0
2025-08-23,Premier League,Bournemouth,Wolves,11.0,2025-08-15,0.5918501305372325,1.0,0.4901557872774718,1.0
2025-08-23,Premier League,Brentford,Aston Villa,11.0,2025-08-15,0.5950373976396782,1.0,0.4930086736580542,1.0
2025-08-23,Premier League,Arsenal,Leeds,4.0,2025-08-15,0.4692121515603304,0.0,0.36751550592762855,0.0
2025-08-24,Premier League,Everton,Brighton,4.0,2025-08-15,0.50638830809595,0.0,0.40249925187372737,0.0
2025-08-24,Premier League,Crystal Palace,Nott'm Forest,4.0,2025-08-15,0.5084498998431087,0.0,0.40508441556529173,0.0
2025-08-24,Premier League,Fulham,Man United,15.0,2025-08-15,0.6001843941890984,1.0,0.49847254132348945,1.0
2025-08-25,Premier League,Newcastle,Liverpool,8.0,2025-08-15,0.5724558502811764,0.0,0.46967853443896784,0.0
2025-08-30,Premier League,Chelsea,Fulham,10.0,2025-08-15,0.5052831779029112,1.0,0.40170138820190304,0.0
2025-08-30,Premier League,Man United,Burnley,8.0,2025-08-15,0.6849721617467238,0.0,0.5908428236021595,0.0
2025-08-30,Premier League,Sunderland,Brentford,7.0,2025-08-15,0.5820395161110359,0.0,0.47925722819792366,0.0
2025-08-30,Premier League,Tottenham,Bournemouth,8.0,2025-08-15,0.7324102687957927,0.0,0.6441811972395477,0.0
2025-08-30,Premier League,Wolves,Everton,4.0,2025-08-15,0.49485771928411043,0.0,0.3910560084746049,0.0
2025-08-30,Premier League,Leeds,Newcastle,10.0,2025-08-15,0.5652161872524061,1.0,0.46179546752496414,0.0
2025-08-31,Premier League,Brighton,Man City,5.0,2025-08-15,0.40668327362140005,0.0,0.30736808965693385,0.0
2025-08-31,Premier League,Nott'm Forest,West Ham,16.0,2025-08-15,0.4659302774907422,1.0,0.36270696385859047,1.0
2025-08-31,Premier League,Liverpool,Arsenal,11.0,2025-08-15,0.4058246636673548,1.0,0.30604157708637847,1.0
2025-08-31,Premier League,Aston Villa,Crystal Palace,11.0,2025-08-15,0.5482695411807375,1.0,0.44521767588625333,1.0
2025-09-13,Premier League,Brentford,Chelsea,11.0,2025-08-15,0.5554776036558106,1.0,0.45227887549566975,1.0
2025-09-13,Premier League,West Ham,Tottenham,15.0,2025-08-15,0.6015971235224086,1.0,0.4997010632430431,1.0
2025-09-13,Premier League,Newcastle,Wolves,14.0,2025-08-15,0.5532869673169031,1.0,0.4503052462738543,1.0
2025-09-13,Premier League,Fulham,Leeds,6.0,2025-08-15,0.5046640607566205,0.0,0.40069722919478545,0.0
2025-09-13,Premier League,Everton,Aston Villa,13.0,2025-08-15,0.5762770108138705,1.0,0.47351451831671837,1.0
2025-09-13,Premier League,Crystal Palace,Sunderland,8.0,2025-08-15,0.5571750747599972,0.0,0.45478486001593443,0.0
2025-09-13,Premier League,Bournemouth,Brighton,8.0,2025-08-15,0.5767158592224052,0.0,0.4736340116685601,0.0
2025-09-13,Premier League,Arsenal,Nott'm Forest,12.0,2025-08-15,0.5783088288973148,1.0,0.4793202403126449,1.0
2025-09-14,Premier League,Burnley,Liverpool,14.0,2025-09-14,0.611167246061779,1.0,0.5111786829605689,1.0
2025-09-14,Premier League,Man City,Man United,6.0,2025-09-14,0.5894997899835607,0.0,0.48927393348766773,0.0
2025-09-20,Premier League,Liverpool,Everton,9.0,2025-09-14,0.6319043018279898,0.0,0.5346064277705942,0.0
2025-09-20,Premier League,Brighton,Tottenham,12.0,2025-09-14,0.5806311296290565,1.0,0.4776626276502157,1.0
2025-09-20,Premier League,Burnley,Nott'm Forest,9.0,2025-09-14,0.5623298941448439,0.0,0.45872514971324896,0.0
2025-09-20,Premier League,West Ham,Crystal Palace,16.0,2025-09-14,0.4768287476352889,1.0,0.37307649954537586,1.0
2025-09-20,Premier League,Wolves,Leeds,4.0,2025-09-14,0.3925202827393064,0.0,0.293648206882541,0.0
2025-09-20,Premier League,Man United,Chelsea,10.0,2025-09-14,0.58933089402184,1.0,0.4866057584499617,0.0
2025-09-20,Premier League,Fulham,Brentford,12.0,2025-09-14,0.5813598901738978,1.0,0.4791842467505941,1.0
2025-09-21,Premier League,Arsenal,Man City,13.0,2025-09-14,0.3142517897306568,1.0,0.22391710523251027,1.0
2025-09-21,Premier League,Sunderland,Aston Villa,11.0,2025-09-14,0.4154155661258806,1.0,0.3158588574661967,1.0
2025-09-21,Premier League,Bournemouth,Newcastle,7.0,2025-09-14,0.6615985506966925,0.0,0.5641182611182151,0.0
2025-09-27,Premier League,Brentford,Man United,6.0,2025-09-14,0.6345868655014528,0.0,0.5346468891064563,0.0
2025-09-27,Premier League,Chelsea,Brighton,12.0,2025-09-14,0.45627103726351875,1.0,0.3536032308272062,1.0
2025-09-27,Premier League,Crystal Palace,Liverpool,8.0,2025-09-14,0.5213297021034892,0.0,0.418036998504398,0.0
2025-09-27,Premier League,Leeds,Bournemouth,11.0,2025-09-14,0.5274911984915912,1.0,0.42322316221230427,1.0
2025-09-27,Premier League,Man City,Burnley,12.0,2025-09-14,0.6218493160871119,1.0,0.524958674009838,1.0
2025-09-27,Premier League,Nott'm Forest,Sunderland,11.0,2025-09-14,0.35430858303301654,1.0,0.25942403513808837,1.0
2025-09-27,Premier League,Tottenham,Wolves,19.0,2025-09-14,0.6177329052612,1.0,0.5173556421132698,1.0
2025-09-28,Premier League,Aston Villa,Fulham,10.0,2025-09-14,0.5483629267304716,1.0,0.44442708858552293,0.0
2025-09-28,Premier League,Newcastle,Arsenal,19.0,2025-09-14,0.4778693989234355,1.0,0.3743621369166452,1.0
2025-09-29,Premier League,Everton,West Ham,8.0,2025-09-14,0.5152949816596075,0.0,0.4109306147448043,0.0
2025-10-03,Premier League,Bournemouth,Fulham,7.0,2025-09-14,0.5996136173242992,0.0,0.49742846300602545,0.0
2025-10-04,Premier League,Chelsea,Liverpool,9.0,2025-09-14,0.5058178010074437,0.0,0.4014618339856205,0.0
2025-10-04,Premier League,Man United,Sunderland,5.0,2025-09-14,0.4838449933159678,0.0,0.38175718691248606,0.0
2025-10-04,Premier League,Leeds,Tottenham,5.0,2025-09-14,0.5634216494362708,0.0,0.45983989090956506,0.0
2025-10-04,Premier League,Arsenal,West Ham,11.0,2025-09-14,0.5256850106305547,1.0,0.4243333999678793,1.0
2025-10-05,Premier League,Aston Villa,Burnley,10.0,2025-09-14,0.6406787222821502,1.0,0.5427089476368134,0.0
2025-10-05,Premier League,Everton,Crystal Palace,6.0,2025-09-14,0.4876400582541993,0.0,0.3835858409105394,0.0
2025-10-05,Premier League,Newcastle,Nott'm Forest,9.0,2025-09-14,0.6311919139146928,0.0,0.5325907176555899,0.0
2025-10-05,Premier League,Wolves,Brighton,10.0,2025-09-14,0.40910158610595504,1.0,0.3089294917795273,0.0
2025-10-05,Premier League,Brentford,Man City,5.0,2025-09-14,0.5341163724439383,0.0,0.4319419508030219,0.0
2025-10-18,Premier League,Fulham,Arsenal,16.0,2025-10-18,0.4468895954215965,1.0,0.3453882645519799,1.0
2025-10-18,Premier League,Nott'm Forest,Chelsea,7.0,2025-10-18,0.5462699411072369,0.0,0.4438638490996017,0.0
2025-10-18,Premier League,Brighton,Newcastle,12.0,2025-10-18,0.5265124769448087,1.0,0.4228704052208416,1.0
2025-10-18,Premier League,Burnley,Leeds,6.0,2025-10-18,0.42710507760789307,0.0,0.3266135729496869,0.0
2025-10-18,Premier League,Crystal Palace,Bournemouth,11.0,2025-10-18,0.5614334023386395,1.0,0.45831676676081784,1.0
2025-10-18,Premier League,Man City,Everton,14.0,2025-10-18,0.5493633445186218,1.0,0.4494956333441147,1.0
2025-10-18,Premier League,Sunderland,Wolves,5.0,2025-10-18,0.32520833175505115,0.0,0.2338937751823176,0.0
2025-10-19,Premier League,Liverpool,Man United,13.0,2025-10-18,0.6215643313357816,1.0,0.5230156702568223,1.0
2025-10-19,Premier League,Tottenham,Aston Villa,12.0,2025-10-18,0.6800971522428689,1.0,0.585219753485744,1.0
2025-10-20,Premier League,West Ham,Brentford,16.0,2025-10-18,0.5492738590009859,1.0,0.44586766434619485,1.0
2025-10-24,Premier League,Leeds,West Ham,7.0,2025-10-18,0.4125492906108105,0.0,0.31341952485642005,0.0
2025-10-25,Premier League,Chelsea,Sunderland,10.0,2025-10-18,0.4447546685129745,1.0,0.34517759188635627,0.0
2025-10-25,Premier League,Newcastle,Fulham,7.0,2025-10-18,0.5715979721556623,0.0,0.4688783356144519,0.0
2025-10-25,Premier League,Man United,Brighton,7.0,2025-10-18,0.5142467461030731,0.0,0.4104789344360039,0.0
2025-10-25,Premier League,Brentford,Liverpool,9.0,2025-10-18,0.5787403766286848,0.0,0.4773664964234034,0.0
2025-10-26,Premier League,Arsenal,Crystal Palace,7.0,2025-10-18,0.5224169698087382,0.0,0.4216450118955042,0.0
2025-10-26,Premier League,Aston Villa,Man City,11.0,2025-10-18,0.4684329188656519,1.0,0.36599803223736416,1.0
2025-10-26,Premier League,Bournemouth,Nott'm Forest,10.0,2025-10-18,0.6391422884221349,1.0,0.5417154592195587,0.0
2025-10-26,Premier League,Wolves,Burnley,8.0,2025-10-18,0.5235742006331446,0.0,0.42016152336533846,0.0
2025-10-26,Premier League,Everton,Tottenham,17.0,2025-10-18,0.6393128624210721,1.0,0.5405574481938841,1.0
2025-11-01,Premier League,Liverpool,Aston Villa,5.0,2025-10-18,0.5848860852915073,0.0,0.4836721831986774,0.0
2025-11-01,Premier League,Tottenham,Chelsea,11.0,2025-10-18,0.6395043761737041,1.0,0.5406562766787254,1.0
2025-11-01,Premier League,Nott'm Forest,Man United,13.0,2025-10-18,0.5727112898148482,1.0,0.4700932458892712,1.0
2025-11-01,Premier League,Crystal Palace,Brentford,11.0,2025-10-18,0.5154542127657817,1.0,0.4117958109761691,1.0
2025-11-01,Premier League,Burnley,Arsenal,7.0,2025-10-18,0.5638364342605103,0.0,0.46319304430745906,0.0
2025-11-01,Premier League,Brighton,Leeds,11.0,2025-10-18,0.33090529907624483,1.0,0.23895509413754368,1.0
2025-11-01,Premier League,Fulham,Wolves,11.0,2025-10-18,0.4972663319702194,1.0,0.3945251669849482,1.0
2025-11-02,Premier League,West Ham,Newcastle,13.0,2025-10-18,0.5846015742499069,1.0,0.4823849827854644,1.0
2025-11-02,Premier League,Man City,Bournemouth,14.0,2025-10-18,0.5521389898144153,1.0,0.45048659587979656,1.0
2025-11-03,Premier League,Sunderland,Everton,5.0,2025-10-18,0.3516928161833014,0.0,0.25720172507326716,0.0
2025-11-08,Premier League,Tottenham,Man United,8.0,2025-10-18,0.6992695551144964,0.0,0.6068706453337186,0.0
2025-11-08,Premier League,Everton,Fulham,12.0,2025-10-18,0.5015097636420164,1.0,0.3980012217627142,1.0
2025-11-08,Premier League,West Ham,Burnley,11.0,2025-10-18,0.5670904511376949,1.0,0.4644890623869145,1.0
2025-11-08,Premier League,Sunderland,Arsenal,4.0,2025-10-18,0.3762723488726068,0.0,0.2814366474185173,0.0
2025-11-08,Premier League,Chelsea,Wolves,11.0,2025-10-18,0.5359274086937933,1.0,0.43403489714910354,1.0
2025-11-09,Premier League,Man City,Liverpool,14.0,2025-10-18,0.41784482393472794,1.0,0.31774135262929026,1.0
2025-11-09,Premier League,Nott'm Forest,Leeds,10.0,2025-10-18,0.39181121806760194,1.0,0.2938702215020906,0.0
2025-11-09,Premier League,Brentford,Newcastle,8.0,2025-10-18,0.6078933677351627,0.0,0.506861295340207,0.0
2025-11-09,Premier League,Aston Villa,Bournemouth,15.0,2025-10-18,0.6320640628543994,1.0,0.5327315402103122,1.0
2025-11-09,Premier League,Crystal Palace,Brighton,12.0,2025-10-18,0.4333954749425008,1.0,0.3321605864257954,1.0
2025-11-22,Premier League,Burnley,Chelsea,10.0,2025-11-22,0.5533367999944171,1.0,0.449909172855763,0.0
2025-11-22,Premier League,Bournemouth,West Ham,11.0,2025-11-22,0.6475059605277511,1.0,0.5487751617003984,1.0
2025-11-22,Premier League,Brighton,Brentford,11.0,2025-11-22,0.5327882551705684,1.0,0.42860975030209697,1.0
2025-11-22,Premier League,Fulham,Sunderland,11.0,2025-11-22,0.28774879278906124,1.0,0.20184338249805747,1.0
2025-11-22,Premier League,Liverpool,Nott'm Forest,14.0,2025-11-22,0.6387884561236254,1.0,0.5415578611435433,1.0
2025-11-22,Premier League,Wolves,Crystal Palace,5.0,2025-11-22,0.4383942419964493,0.0,0.33562094241163754,0.0
2025-11-22,Premier League,Newcastle,Man City,14.0,2025-11-22,0.51597900477043,1.0,0.4115005345572315,1.0
2025-11-23,Premier League,Leeds,Aston Villa,6.0,2025-11-22,0.41113893804531765,0.0,0.3101640335232436,0.0
2025-11-23,Premier League,Arsenal,Tottenham,5.0,2025-11-22,0.6259507165762878,0.0,0.5263773000115787,0.0
2025-11-24,Premier League,Man United,Everton,10.0,2025-11-22,0.5897056000265983,1.0,0.48684260936972,0.0
2025-11-29,Premier League,Man City,Leeds,9.0,2025-11-22,0.35972181929835906,0.0,0.2647441579597975,0.0
2025-11-29,Premier League,Tottenham,Fulham,10.0,2025-11-22,0.6504871856315947,1.0,0.551311377404594,0.0
2025-11-29,Premier League,Everton,Newcastle,15.0,2025-11-22,0.5832402854745652,1.0,0.4796640223483978,1.0
2025-11-29,Premier League,Brentford,Burnley,11.0,2025-11-22,0.5790052497484465,1.0,0.4758396826161823,1.0
2025-11-29,Premier League,Sunderland,Bournemouth,9.0,2025-11-22,0.32932608277618647,0.0,0.23675294120947385,0.0
2025-11-30,Premier League,Crystal Palace,Man United,8.0,2025-11-22,0.5370703154470474,0.0,0.4321132031080737,0.0
2025-11-30,Premier League,Aston Villa,Wolves,10.0,2025-11-22,0.5513027035879055,1.0,0.44783561237175684,0.0
2025-11-30,Premier League,Nott'm Forest,Brighton,11.0,2025-11-22,0.48594717216618427,1.0,0.38171107147869743,1.0
2025-11-30,Premier League,West Ham,Liverpool,9.0,2025-11-22,0.5687849609316565,0.0,0.4656246608884863,0.0
2025-11-30,Premier League,Chelsea,Arsenal,6.0,2025-11-22,0.42228683142439744,0.0,0.3205283794446143,0.0
2025-12-02,Premier League,Fulham,Man City,9.0,2025-11-22,0.4598081375852918,0.0,0.3565497158804031,0.0
2025-12-02,Premier League,Bournemouth,Everton,7.0,2025-11-22,0.6430373639076805,0.0,0.5441256761289494,0.0
2025-12-02,Premier League,Newcastle,Tottenham,19.0,2025-11-22,0.7042147366613621,1.0,0.6110830869952447,1.0
2025-12-03,Premier League,Leeds,Chelsea,6.0,2025-11-22,0.3617427927632987,0.0,0.2651340513040065,0.0
2025-12-03,Premier League,Wolves,Nott'm Forest,12.0,2025-11-22,0.47511226663216377,1.0,0.3709310765281315,1.0
2025-12-03,Premier League,Liverpool,Sunderland,10.0,2025-11-22,0.3598580625079892,1.0,0.26618176080474093,0.0
2025-12-03,Premier League,Brighton,Aston Villa,11.0,2025-11-22,0.5112644306482793,1.0,0.4063631957899637,1.0
2025-12-03,Premier League,Arsenal,Brentford,12.0,2025-11-22,0.5744271202501943,1.0,0.47308685934371897,1.0
2025-12-03,Premier League,Burnley,Crystal Palace,7.0,2025-11-22,0.4909985779543126,0.0,0.3862807236138278,0.0
2025-12-04,Premier League,Man United,West Ham,12.0,2025-11-22,0.59634894189387,1.0,0.4936521360583625,1.0
2025-12-06,Premier League,Aston Villa,Arsenal,6.0,2025-11-22,0.481615467402245,0.0,0.37741783096479126,0.0
2025-12-06,Premier League,Bournemouth,Chelsea,5.0,2025-11-22,0.5932748156392662,0.0,0.4900268350841336,0.0
2025-12-06,Premier League,Everton,Nott'm Forest,9.0,2025-11-22,0.5311362242516259,0.0,0.42632191207537956,0.0
2025-12-06,Premier League,Man City,Sunderland,11.0,2025-11-22,0.328314222849114,1.0,0.2387728107198576,1.0
2025-12-06,Premier League,Newcastle,Burnley,18.0,2025-11-22,0.6337187693580818,1.0,0.5346429516992314,1.0
2025-12-06,Premier League,Tottenham,Brentford,13.0,2025-11-22,0.696818262517279,1.0,0.6031024092674708,1.0
2025-12-06,Premier League,Leeds,Liverpool,9.0,2025-11-22,0.37383089504903855,0.0,0.2761548481022545,0.0
2025-12-07,Premier League,Brighton,West Ham,16.0,2025-11-22,0.5226682930486592,1.0,0.418640517473296,1.0
2025-12-07,Premier League,Fulham,Crystal Palace,10.0,2025-11-22,0.5131632714679172,1.0,0.40881435663927435,0.0
2025-12-08,Premier League,Wolves,Man United,10.0,2025-11-22,0.5155517585844013,1.0,0.41053662229642435,0.0
2025-12-13,Premier League,Chelsea,Everton,11.0,2025-11-22,0.583699695663514,1.0,0.48194041879343236,1.0
2025-12-13,Premier League,Liverpool,Brighton,4.0,2025-11-22,0.4984154824622388,0.0,0.39448683426821346,0.0
2025-12-13,Premier League,Burnley,Fulham,14.0,2025-11-22,0.5358994837424442,1.0,0.43141562698859365,1.0
2025-12-13,Premier League,Arsenal,Wolves,8.0,2025-11-22,0.5237784762079465,0.0,0.4221310985560329,0.0
2025-12-14,Premier League,Crystal Palace,Man City,4.0,2025-11-22,0.46773183786879774,0.0,0.36509115316243573,0.0
2025-12-14,Premier League,Nott'm Forest,Tottenham,6.0,2025-11-22,0.6574164360081141,0.0,0.5590256013507261,0.0
2025-12-14,Premier League,Sunderland,Newcastle,9.0,2025-11-22,0.30235511898406553,0.0,0.21348260133377456,0.0
2025-12-14,Premier League,West Ham,Aston Villa,8.0,2025-11-22,0.5774090058943473,0.0,0.4735877057798161,0.0
2025-12-14,Premier League,Brentford,Leeds,3.0,2025-11-22,0.4063982123156686,0.0,0.30575154184832487,0.0
2025-12-15,Premier League,Man United,Bournemouth,9.0,2025-11-22,0.6507254634684255,0.0,0.5515001230015726,0.0
2025-12-20,Premier League,Leeds,Crystal Palace,14.0,2025-11-22,0.372428046880147,1.0,0.27539997742527184,1.0
2025-12-20,Premier League,Tottenham,Liverpool,8.0,2025-11-22,0.6523218417620072,0.0,0.5535242133615146,0.0
2025-12-20,Premier League,Wolves,Brentford,7.0,2025-11-22,0.5009979005862967,0.0,0.39608296392295145,0.0
2025-12-20,Premier League,Everton,Arsenal,5.0,2025-11-22,0.5030540332645212,0.0,0.3998732524604605,0.0
2025-12-20,Premier League,Brighton,Sunderland,7.0,2025-11-22,0.2583790916532274,0.0,0.17756529549751557,0.0
2025-12-20,Premier League,Bournemouth,Burnley,8.0,2025-11-22,0.6633662962487119,0.0,0.5669403655641869,0.0
2025-12-20,Premier League,Newcastle,Chelsea,10.0,2025-11-22,0.5632166176040769,1.0,0.4587948870209399,0.0
2025-12-20,Premier League,Man City,West Ham,6.0,2025-11-22,0.585570029030543,0.0,0.48510650365286107,0.0
2025-12-21,Premier League,Aston Villa,Man United,10.0,2025-11-22,0.6192987196878457,1.0,0.5180260254015377,0.0
2025-12-22,Premier League,Fulham,Nott'm Forest,6.0,2025-12-22,0.5775709801923168,0.0,0.47439454763599787,0.0
2025-12-26,Premier League,Man United,Newcastle,13.0,2025-12-22,0.6580392171593346,1.0,0.5593867047038674,1.0
2025-12-27,Premier League,Chelsea,Aston Villa,13.0,2025-12-22,0.5256351876203779,1.0,0.4208245008324095,1.0
2025-12-27,Premier League,West Ham,Fulham,9.0,2025-12-22,0.5515220350839578,0.0,0.44668750767524396,0.0
2025-12-27,Premier League,Liverpool,Wolves,10.0,2025-12-22,0.5686168723059365,1.0,0.46730829054734346,0.0
2025-12-27,Premier League,Brentford,Bournemouth,17.0,2025-12-22,0.6084575324131666,1.0,0.5059032096320524,1.0
2025-12-27,Premier League,Arsenal,Brighton,9.0,2025-12-22,0.4188675136452047,0.0,0.3184919421869268,0.0
2025-12-27,Premier League,Nott'm Forest,Man City,10.0,2025-12-22,0.5192662126553093,1.0,0.41587838176097647,0.0
2025-12-27,Premier League,Burnley,Everton,11.0,2025-12-22,0.5444753650614091,1.0,0.439482992316501,1.0
2025-12-28,Premier League,Sunderland,Leeds,12.0,2025-12-22,0.19173820941429998,1.0,0.12361895863231814,1.0
2025-12-28,Premier League,Crystal Palace,Tottenham,5.0,2025-12-22,0.5979973175440556,0.0,0.4948505172126275,0.0
2025-12-30,Premier League,Arsenal,Aston Villa,6.0,2025-12-22,0.4751218509434717,0.0,0.37193644738896053,0.0
2025-12-30,Premier League,Man United,Wolves,12.0,2025-12-22,0.5291763911115477,1.0,0.42504119444199345,1.0
2025-12-30,Premier League,West Ham,Brighton,10.0,2025-12-22,0.4992711667139759,1.0,0.3943256921064806,0.0
2025-12-30,Premier League,Burnley,Newcastle,7.0,2025-12-22,0.6506188492864516,0.0,0.5515154815024181,0.0
2025-12-30,Premier League,Chelsea,Bournemouth,15.0,2025-12-22,0.5684554250042031,1.0,0.4645553298066775,1.0
2025-12-30,Premier League,Nott'm Forest,Everton,11.0,2025-12-22,0.5314464954856456,1.0,0.4263604093088089,1.0
2026-01-01,Premier League,Crystal Palace,Fulham,9.0,2025-12-22,0.4919091049737142,0.0,0.38702514633482615,0.0
2026-01-01,Premier League,Liverpool,Leeds,11.0,2025-12-22,0.3732453039915431,1.0,0.27609694218508146,1.0
2026-01-01,Premier League,Brentford,Tottenham,4.0,2025-12-22,0.666308359206131,0.0,0.5684585413009979,0.0
2026-01-01,Premier League,Sunderland,Man City,8.0,2025-12-22,0.30136106671091684,0.0,0.2134323528730364,0.0
2026-01-03,Premier League,Aston Villa,Nott'm Forest,8.0,2025-12-22,0.596028829149928,0.0,0.4939590588182643,0.0
2026-01-03,Premier League,Brighton,Burnley,8.0,2025-12-22,0.5602298621080587,0.0,0.45703477226097694,0.0
2026-01-03,Premier League,Wolves,West Ham,13.0,2025-12-22,0.4658467731107615,1.0,0.36167964457818164,1.0
2026-01-03,Premier League,Bournemouth,Arsenal,12.0,2025-12-22,0.4783101145227891,1.0,0.3741619628374838,1.0
2026-01-04,Premier League,Man City,Chelsea,10.0,2025-12-22,0.44392070840629033,1.0,0.34158305416621887,0.0
2026-01-04,Premier League,Fulham,Liverpool,11.0,2025-12-22,0.5328158340556103,1.0,0.4278906050286509,1.0
2026-01-04,Premier League,Tottenham,Sunderland,8.0,2025-12-22,0.4564096934476567,0.0,0.3532053094351306,0.0
2026-01-04,Premier League,Everton,Brentford,9.0,2025-12-22,0.5482848895220473,0.0,0.443376271172568,0.0
2026-01-04,Premier League,Leeds,Man United,10.0,2025-12-22,0.4038446975490038,1.0,0.30358727120238277,0.0
2026-01-04,Premier League,Newcastle,Crystal Palace,14.0,2025-12-22,0.5964754606474246,1.0,0.4938563215307261,1.0
2026-01-06,Premier League,West Ham,Nott'm Forest,11.0,2025-12-22,0.5544395569776969,1.0,0.44986182320482965,1.0
2026-01-07,Premier League,Bournemouth,Tottenham,10.0,2025-12-22,0.6990716332930171,1.0,0.6051365790943476,0.0
2026-01-07,Premier League,Brentford,Sunderland,11.0,2025-12-22,0.352761186337075,1.0,0.2571604494959808,1.0
2026-01-07,Premier League,Crystal Palace,Aston Villa,8.0,2025-12-22,0.5022846850000058,0.0,0.3972966442869312,0.0
2026-01-07,Premier League,Everton,Wolves,9.0,2025-12-22,0.46131286010092176,0.0,0.35766008488189815,0.0
2026-01-07,Premier League,Fulham,Chelsea,13.0,2025-12-22,0.5049027511597411,1.0,0.399817932486315,1.0
2026-01-07,Premier League,Man City,Brighton,8.0,2025-12-22,0.45999435695986807,0.0,0.357559570141258,0.0
2026-01-07,Premier League,Burnley,Man United,8.0,2025-12-22,0.5919891793400598,0.0,0.4886666944972235,0.0
2026-01-07,Premier League,Newcastle,Leeds,12.0,2025-12-22,0.44580437596934475,1.0,0.3425406163987447,1.0
2026-01-08,Premier League,Arsenal,Liverpool,3.0,2025-12-22,0.40659202449536985,0.0,0.3060603182675871,0.0
2026-01-17,Premier League,Nott'm Forest,Arsenal,13.0,2025-12-22,0.4771297986686328,1.0,0.37421781507028445,1.0
2026-01-17,Premier League,Tottenham,West Ham,16.0,2025-12-22,0.6749019206712126,1.0,0.5785641410963224,1.0
2026-01-17,Premier League,Sunderland,Crystal Palace,7.0,2025-12-22,0.2880980928296105,0.0,0.20117251087628873,0.0
2026-01-17,Premier League,Liverpool,Burnley,10.0,2025-12-22,0.6562639507363041,1.0,0.5603300678346489,0.0
2026-01-17,Premier League,Chelsea,Brentford,12.0,2025-12-22,0.5651002426054865,1.0,0.46183909696688896,1.0
2026-01-17,Premier League,Man United,Man City,7.0,2025-12-22,0.509497193556202,0.0,0.4051206091038722,0.0
2026-01-17,Premier League,Leeds,Fulham,10.0,2025-12-22,0.37267348155203917,1.0,0.27503536355981933,0.0
2026-01-18,Premier League,Wolves,Newcastle,11.0,2025-12-22,0.5579687990347799,1.0,0.45354891012795,1.0
2026-01-18,Premier League,Aston Villa,Everton,10.0,2025-12-22,0.5790921378413096,1.0,0.4761046392944126,0.0
2026-01-19,Premier League,Brighton,Bournemouth,17.0,2025-12-22,0.5458282177710327,1.0,0.44101000963406417,1.0
2026-01-24,Premier League,West Ham,Sunderland,6.0,2026-01-24,0.38047959772565465,0.0,0.2814741209538776,0.0
2026-01-24,Premier League,Burnley,Tottenham,4.0,2026-01-24,0.62348126019409,0.0,0.5215471017169352,0.0
2026-01-24,Premier League,Fulham,Brighton,12.0,2026-01-24,0.49660946705524384,1.0,0.391012649479866,1.0
2026-01-24,Premier League,Man City,Wolves,10.0,2026-01-24,0.5359859083081541,1.0,0.4339442372169177,0.0
2026-01-24,Premier League,Bournemouth,Liverpool,14.0,2026-01-24,0.5998554135102678,1.0,0.4963716678013045,1.0
2026-01-25,Premier League,Newcastle,Aston Villa,11.0,2026-01-24,0.6374472101872064,1.0,0.5363281211023606,1.0
2026-01-25,Premier League,Arsenal,Man United,11.0,2026-01-24,0.5122982438758857,1.0,0.4084719915759721,1.0
2026-01-25,Premier League,Crystal Palace,Chelsea,9.0,2026-01-24,0.46951685089369244,0.0,0.36490536132431994,0.0
2026-01-25,Premier League,Brentford,Nott'm Forest,11.0,2026-01-24,0.5701683257592115,1.0,0.4653664195459233,1.0
2026-01-26,Premier League,Everton,Leeds,8.0,2026-01-24,0.4032233873503412,0.0,0.30238726329874627,0.0
2026-01-31,Premier League,Brighton,Everton,7.0,2026-01-24,0.5186935887858308,0.0,0.4138965292305994,0.0
2026-01-31,Premier League,Leeds,Arsenal,16.0,2026-01-24,0.29351446048327257,1.0,0.2054520878353276,1.0
2026-01-31,Premier League,Wolves,Bournemouth,11.0,2026-01-24,0.5640459371986826,1.0,0.4591337779315471,1.0
2026-01-31,Premier League,Chelsea,West Ham,12.0,2026-01-24,0.5931332029770491,1.0,0.490424458727492,1.0
2026-01-31,Premier League,Liverpool,Newcastle,18.0,2026-01-24,0.6378870490927648,1.0,0.5377019989739792,1.0
2026-02-01,Premier League,Aston Villa,Brentford,13.0,2026-01-24,0.590599422516507,1.0,0.4871145685214674,1.0
2026-02-01,Premier League,Man United,Fulham,10.0,2026-01-24,0.5738948030652737,1.0,0.4690947077727015,0.0
2026-02-01,Premier League,Nott'm Forest,Crystal Palace,12.0,2026-01-24,0.47724546839929727,1.0,0.3721300476858058,1.0
2026-02-01,Premier League,Tottenham,Man City,7.0,2026-01-24,0.5532530622880636,0.0,0.4484206419876419,0.0
2026-02-02,Premier League,Sunderland,Burnley,3.0,2026-01-24,0.35435263264873995,0.0,0.2582279027961769,0.0
2026-02-06,Premier League,Leeds,Nott'm Forest,15.0,2026-01-24,0.44417966638084744,1.0,0.3413399015905038,1.0
2026-02-07,Premier League,Newcastle,Brentford,12.0,2026-01-24,0.6735805310541041,1.0,0.5763997204780368,1.0
2026-02-07,Premier League,Wolves,Chelsea,7.0,2026-01-24,0.48528380368317636,0.0,0.38071996304334166,0.0
2026-02-07,Premier League,Fulham,Everton,12.0,2026-01-24,0.5496317535563073,1.0,0.44469270317782433,1.0
2026-02-07,Premier League,Man United,Tottenham,7.0,2026-01-24,0.657996738614868,0.0,0.5586754967504838,0.0
2026-02-07,Premier League,Bournemouth,Aston Villa,15.0,2026-01-24,0.6250841574205215,1.0,0.5229914679877131,1.0
2026-02-07,Premier League,Arsenal,Sunderland,7.0,2026-01-24,0.35124025697597283,0.0,0.2576432714769721,0.0
2026-02-07,Premier League,Burnley,West Ham,7.0,2026-01-24,0.5425016091844361,0.0,0.4368423650912597,0.0
2026-02-08,Premier League,Brighton,Crystal Palace,7.0,2026-01-24,0.4542090338616062,0.0,0.3505315993855848,0.0
2026-02-08,Premier League,Liverpool,Man City,9.0,2026-01-24,0.4102891179262009,0.0,0.30863920895894564,0.0
2026-02-10,Premier League,Tottenham,Newcastle,14.0,2026-01-24,0.7175987021962649,1.0,0.6254587817030304,1.0
2026-02-10,Premier League,Chelsea,Leeds,5.0,2026-01-24,0.4000091863623797,0.0,0.29941281761952865,0.0
2026-02-10,Premier League,Everton,Bournemouth,9.0,2026-01-24,0.61258064022342,0.0,0.5097648584939142,0.0
2026-02-10,Premier League,West Ham,Man United,8.0,2026-01-24,0.5884098739168991,0.0,0.4841246993580143,0.0
2026-02-11,Premier League,Sunderland,Liverpool,14.0,2026-01-24,0.37006643659550714,1.0,0.27292522069943254,1.0
2026-02-11,Premier League,Nott'm Forest,Wolves,10.0,2026-01-24,0.4832372786633038,1.0,0.37822608148187653,0.0
2026-02-11,Premier League,Aston Villa,Brighton,12.0,2026-01-24,0.5029548582187561,1.0,0.39740703088793566,1.0
2026-02-11,Premier League,Crystal Palace,Burnley,10.0,2026-01-24,0.4783485837230909,1.0,0.3736859947065208,0.0
2026-02-11,Premier League,Man City,Fulham,8.0,2026-01-24,0.5263570031370162,0.0,0.42267254968270646,0.0
2026-02-12,Premier League,Brentford,Arsenal,10.0,2026-01-24,0.4707621524576709,1.0,0.36693319379070105,0.0
2026-02-18,Premier League,Wolves,Arsenal,4.0,2026-01-24,0.42034370432889656,0.0,0.3198730344818445,0.0
2026-02-21,Premier League,Aston Villa,Leeds,9.0,2026-01-24,0.41197821396613205,0.0,0.31027505748750944,0.0
2026-02-21,Premier League,Brentford,Brighton,10.0,2026-01-24,0.5182518245882485,1.0,0.4124742033654098,0.0
2026-02-21,Premier League,Chelsea,Burnley,14.0,2026-01-24,0.5913174287917461,1.0,0.48931941712317784,1.0
2026-02-21,Premier League,West Ham,Bournemouth,14.0,2026-01-24,0.6416816443290378,1.0,0.540917921945946,1.0
2026-02-21,Premier League,Man City,Newcastle,10.0,2026-01-24,0.5919960262521066,1.0,0.4894177664034102,0.0
2026-02-22,Premier League,Crystal Palace,Wolves,10.0,2026-01-24,0.42487824395201373,1.0,0.3226325307127142,0.0
2026-02-22,Premier League,Nott'm Forest,Liverpool,9.0,2026-01-24,0.5496168279480141,0.0,0.4451225461618627,0.0
2026-02-22,Premier League,Sunderland,Fulham,10.0,2026-01-24,0.3599621363657615,1.0,0.26293324948971575,0.0
2026-02-22,Premier League,Tottenham,Arsenal,7.0,2026-01-24,0.5140785597733444,0.0,0.4088011161942295,0.0
2026-02-23,Premier League,Everton,Man United,11.0,2026-02-23,0.538122076731152,1.0,0.43207108315387466,1.0
2026-02-27,Premier League,Wolves,Aston Villa,5.0,2026-02-23,0.49249185288197833,0.0,0.38708963448723305,0.0
2026-02-28,Premier League,Leeds,Man City,8.0,2026-02-23,0.3604986931555945,0.0,0.2636204881889743,0.0
2026-02-28,Premier League,Newcastle,Everton,9.0,2026-02-23,0.6665711910117963,0.0,0.5688602703851743,0.0
2026-02-28,Premier League,Bournemouth,Sunderland,10.0,2026-02-23,0.4634933211746533,1.0,0.3592783845537836,0.0
2026-02-28,Premier League,Burnley,Brentford,12.0,2026-02-23,0.5188959718835067,1.0,0.4127737119114803,1.0
2026-02-28,Premier League,Liverpool,West Ham,15.0,2026-02-23,0.6325701641971033,1.0,0.5327661387443385,1.0
2026-03-01,Premier League,Brighton,Nott'm Forest,8.0,2026-02-23,0.5334416695229509,0.0,0.4279254352540922,0.0
2026-03-01,Premier League,Fulham,Tottenham,13.0,2026-02-23,0.6161039077287507,1.0,0.5130760301041066,1.0
2026-03-01,Premier League,Man United,Crystal Palace,8.0,2026-02-23,0.5039995436296566,0.0,0.3981599373589227,0.0
2026-03-01,Premier League,Arsenal,Chelsea,15.0,2026-02-23,0.41127064694368803,1.0,0.30998189448508895,1.0
2026-03-03,Premier League,Bournemouth,Brentford,7.0,2026-02-23,0.6779683363059661,0.0,0.5807897062279797,0.0
2026-03-03,Premier League,Everton,Burnley,9.0,2026-02-23,0.48086719714450604,0.0,0.375596459882148,0.0
2026-03-03,Premier League,Leeds,Sunderland,11.0,2026-02-23,0.2773517103109551,1.0,0.19199675502529537,1.0
2026-03-03,Premier League,Wolves,Liverpool,13.0,2026-02-23,0.5139579404914388,1.0,0.4092638484182162,1.0
2026-03-04,Premier League,Newcastle,Man United,6.0,2026-02-23,0.6791777250271004,0.0,0.582187513301824,0.0
2026-03-04,Premier League,Man City,Nott'm Forest,7.0,2026-02-23,0.5597007760151015,0.0,0.45654465766387425,0.0
2026-03-04,Premier League,Fulham,West Ham,12.0,2026-02-23,0.5769050424581403,1.0,0.4722122533190203,1.0
2026-03-04,Premier League,Brighton,Arsenal,7.0,2026-02-23,0.3754157274340326,0.0,0.2768979418481903,0.0
2026-03-04,Premier League,Aston Villa,Chelsea,11.0,2026-02-23,0.5316791398308168,1.0,0.4255674260476622,1.0
2026-03-05,Premier League,Tottenham,Crystal Palace,9.0,2026-02-23,0.5546693545860606,0.0,0.4491881239403487,0.0
2026-03-14,Premier League,Burnley,Bournemouth,13.0,2026-02-23,0.5977864442756855,1.0,0.49388627547346164,1.0
2026-03-14,Premier League,Sunderland,Brighton,10.0,2026-02-23,0.3047326702449223,1.0,0.2146389281729223,0.0
2026-03-14,Premier League,Arsenal,Everton,11.0,2026-02-23,0.5138187540905003,1.0,0.41072496045290313,1.0
2026-03-14,Premier League,Chelsea,Newcastle,9.0,2026-02-23,0.632512146576951,0.0,0.5308561522748446,0.0
2026-03-14,Premier League,West Ham,Man City,16.0,2026-02-23,0.5008491117014985,1.0,0.3961475307116303,1.0
2026-03-15,Premier League,Crystal Palace,Leeds,11.0,2026-02-23,0.377777853764716,1.0,0.2786288906155888,1.0
2026-03-15,Premier League,Man United,Aston Villa,12.0,2026-02-23,0.5728243305625789,1.0,0.46756792648511014,1.0
2026-03-15,Premier League,Nott'm Forest,Fulham,9.0,2026-02-23,0.5676018631133731,0.0,0.4621630564404471,0.0
2026-03-15,Premier League,Liverpool,Tottenham,7.0,2026-02-23,0.646967498300476,0.0,0.5474856700365871,0.0
2026-03-16,Premier League,Brentford,Wolves,6.0,2026-02-23,0.5063120050413676,0.0,0.40069785125455765,0.0
2026-03-20,Premier League,Bournemouth,Man United,14.0,2026-02-23,0.6615678435919283,1.0,0.5624394792944177,1.0
2026-03-21,Premier League,Brighton,Liverpool,12.0,2026-02-23,0.4953954603319097,1.0,0.3896596738874243,1.0
2026-03-21,Premier League,Fulham,Burnley,12.0,2026-02-23,0.5367309992460713,1.0,0.4316414976335912,1.0
2026-03-21,Premier League,Everton,Chelsea,12.0,2026-02-23,0.5159847964701839,1.0,0.41036383952818567,1.0
2026-03-21,Premier League,Leeds,Brentford,8.0,2026-02-23,0.4793725667383651,0.0,0.37422295188846816,0.0
2026-03-22,Premier League,Newcastle,Sunderland,14.0,2026-02-23,0.4906227151747112,1.0,0.3860471304374493,1.0
2026-03-22,Premier League,Aston Villa,West Ham,12.0,2026-02-23,0.6017121389379424,1.0,0.4987024961471549,1.0
2026-03-22,Premier League,Tottenham,Nott'm Forest,16.0,2026-02-23,0.6365414180415173,1.0,0.5353329290330665,1.0
2026-04-10,Premier League,West Ham,Wolves,7.0,2026-04-10,0.49156732296496,0.0,0.38566040422809883,0.0
2026-04-11,Premier League,Arsenal,Bournemouth,11.0,2026-04-10,0.5742101676200865,1.0,0.4701108528022332,1.0
2026-04-11,Premier League,Brentford,Everton,5.0,2026-04-10,0.5394353552051236,0.0,0.4331850211185516,0.0
2026-04-11,Premier League,Burnley,Brighton,10.0,2026-04-10,0.46797463181384996,1.0,0.3627750030388399,0.0
2026-04-11,Premier League,Liverpool,Fulham,15.0,2026-04-10,0.6125292574176765,1.0,0.5102545547229328,1.0
2026-04-12,Premier League,Chelsea,Man City,16.0,2026-04-10,0.42183592862805486,1.0,0.3187541056102712,1.0
2026-04-12,Premier League,Sunderland,Tottenham,8.0,2026-04-10,0.447462749258753,0.0,0.3429509772716707,0.0
2026-04-12,Premier League,Nott'm Forest,Aston Villa,10.0,2026-04-10,0.5686250861202107,1.0,0.4629355527259555,0.0
2026-04-12,Premier League,Crystal Palace,Newcastle,6.0,2026-04-10,0.5744271581663564,0.0,0.4688762161365129,0.0
2026-04-13,Premier League,Man United,Leeds,15.0,2026-04-10,0.4597614270468453,1.0,0.3545682711472476,1.0
2026-04-18,Premier League,Brentford,Fulham,12.0,2026-04-10,0.5669052825799937,1.0,0.4610472142177157,1.0
2026-04-18,Premier League,Leeds,Wolves,11.0,2026-04-10,0.40077346668966707,1.0,0.3002402705784828,1.0
2026-04-18,Premier League,Newcastle,Bournemouth,5.0,2026-04-10,0.7336974553566602,0.0,0.6434619564372598,0.0
2026-04-18,Premier League,Tottenham,Brighton,12.0,2026-04-10,0.562915486927412,1.0,0.4570186765605166,1.0
2026-04-18,Premier League,Chelsea,Man United,8.0,2026-04-10,0.5759988462375296,0.0,0.4714263260872948,0.0
2026-04-19,Premier League,Aston Villa,Sunderland,9.0,2026-04-10,0.4363604080583592,0.0,0.3334517614305166,0.0
2026-04-19,Premier League,Everton,Liverpool,7.0,2026-04-10,0.5630475646201086,0.0,0.4581504440339693,0.0
2026-04-19,Premier League,Nott'm Forest,Burnley,8.0,2026-04-10,0.5323292963398307,0.0,0.42632109493372483,0.0
2026-04-19,Premier League,Man City,Arsenal,13.0,2026-04-10,0.3250573750014951,1.0,0.23180121159388695,1.0
2026-04-20,Premier League,Crystal Palace,West Ham,10.0,2026-04-10,0.5136186915733124,1.0,0.40733164238550823,0.0
2026-04-21,Premier League,Brighton,Chelsea,11.0,2026-04-10,0.479640096387328,1.0,0.3737833394266347,1.0
2026-04-22,Premier League,Burnley,Man City,14.0,2026-04-10,0.49244467018368976,1.0,0.38843299551344235,1.0
2026-04-22,Premier League,Bournemouth,Leeds,13.0,2026-04-10,0.5453858707001453,1.0,0.4390959215355722,1.0
2026-04-24,Premier League,Sunderland,Nott'm Forest,9.0,2026-04-10,0.39009279830924093,0.0,0.2894755375784934,0.0
2026-04-25,Premier League,Fulham,Aston Villa,7.0,2026-04-10,0.5671726478449051,0.0,0.46132504489034604,0.0
2026-04-25,Premier League,Liverpool,Crystal Palace,13.0,2026-04-10,0.5504975969477656,1.0,0.4460573385542592,1.0
2026-04-25,Premier League,West Ham,Everton,7.0,2026-04-10,0.5545123239452988,0.0,0.4484375800267231,0.0
2026-04-25,Premier League,Wolves,Tottenham,10.0,2026-04-10,0.5255901679553782,1.0,0.41930356903174393,0.0
2026-04-25,Premier League,Arsenal,Newcastle,9.0,2026-04-10,0.5547872889900388,0.0,0.44967657536593325,0.0
2026-04-27,Premier League,Man United,Brentford,15.0,2026-04-10,0.577334681777271,1.0,0.47212441391303606,1.0
2026-05-01,Premier League,Leeds,Burnley,5.0,2026-04-10,0.4570369914062973,0.0,0.3531586892797021,0.0
2026-05-02,Premier League,Brentford,West Ham,8.0,2026-04-10,0.587956457611648,0.0,0.4830530539301353,0.0
2026-05-02,Premier League,Newcastle,Brighton,12.0,2026-04-10,0.5984955642129526,1.0,0.49417837076436905,1.0
2026-05-02,Premier League,Wolves,Sunderland,9.0,2026-04-10,0.2986818266493214,0.0,0.20912366838547758,0.0
2026-05-02,Premier League,Arsenal,Fulham,7.0,2026-04-10,0.5059655616624796,0.0,0.4013358171163534,0.0
2026-05-03,Premier League,Aston Villa,Tottenham,10.0,2026-04-10,0.6262395760599513,1.0,0.5236689865334788,0.0
2026-05-03,Premier League,Man United,Liverpool,5.0,2026-04-10,0.5724488532823552,0.0,0.46721963018000895,0.0
2026-05-03,Premier League,Bournemouth,Crystal Palace,8.0,2026-04-10,0.5862596485872935,0.0,0.4814831134205031,0.0
2026-05-04,Premier League,Chelsea,Nott'm Forest,11.0,2026-04-10,0.5958546097302215,1.0,0.4926968033385708,1.0
2026-05-04,Premier League,Everton,Man City,14.0,2026-04-10,0.47920651199467734,1.0,0.3748304082549361,1.0
2026-05-09,Premier League,Liverpool,Chelsea,7.0,2026-04-10,0.5362103949934529,0.0,0.4300256029358848,0.0
2026-05-09,Premier League,Brighton,Wolves,8.0,2026-04-10,0.4483378324868748,0.0,0.34473675294007244,0.0
2026-05-09,Premier League,Fulham,Bournemouth,13.0,2026-04-10,0.6514176396781234,1.0,0.5507234773708504,1.0
2026-05-09,Premier League,Sunderland,Man United,15.0,2026-04-10,0.3933796597239962,1.0,0.29249635573735916,1.0
2026-05-09,Premier League,Man City,Brentford,12.0,2026-04-10,0.5577381825926995,1.0,0.4542167045098987,1.0
2026-05-10,Premier League,Nott'm Forest,Newcastle,3.0,2026-05-10,0.6270641922702754,0.0,0.5247943949420075,0.0
2026-05-10,Premier League,Burnley,Aston Villa,10.0,2026-05-10,0.5193432953855143,1.0,0.4136520631510375,0.0
2026-05-10,Premier League,Crystal Palace,Everton,15.0,2026-05-10,0.44592810537239225,1.0,0.34195721505137133,1.0
2026-05-10,Premier League,West Ham,Arsenal,7.0,2026-05-10,0.4822682763171758,0.0,0.3778546523202954,0.0
2026-05-11,Premier League,Tottenham,Leeds,16.0,2026-05-10,0.5366228938243949,1.0,0.43079178552805536,1.0
2026-05-13,Premier League,Man City,Crystal Palace,13.0,2026-05-10,0.5101972392249535,1.0,0.4067023675307983,1.0
2026-05-15,Premier League,Aston Villa,Liverpool,13.0,2026-05-10,0.5442592324458221,1.0,0.4383436490571587,1.0
2026-05-17,Premier League,Man United,Nott'm Forest,13.0,2026-05-10,0.5883489302054543,1.0,0.48403918508277033,1.0
2026-05-17,Premier League,Brentford,Crystal Palace,13.0,2026-05-10,0.48185115981134996,1.0,0.3762793097657477,1.0
2026-05-17,Premier League,Everton,Sunderland,5.0,2026-05-10,0.3783785281496278,0.0,0.2793504098987077,0.0
2026-05-17,Premier League,Leeds,Brighton,15.0,2026-05-10,0.4230468695313645,1.0,0.3201826493517495,1.0
2026-05-17,Premier League,Wolves,Fulham,9.0,2026-05-10,0.47108191831255564,0.0,0.36592561161418213,0.0
2026-05-17,Premier League,Newcastle,West Ham,10.0,2026-05-10,0.6606513959147627,1.0,0.5619663397337279,0.0
2026-05-18,Premier League,Arsenal,Burnley,6.0,2026-05-10,0.5324791710694685,0.0,0.4298643156781173,0.0
2026-05-19,Premier League,Chelsea,Tottenham,7.0,2026-05-10,0.6162926963623746,0.0,0.5138346827617125,0.0
2026-05-19,Premier League,Bournemouth,Man City,13.0,2026-05-10,0.5817332059473167,1.0,0.4774580333018403,1.0
2026-05-24,Premier League,Nott'm Forest,Bournemouth,9.0,2026-05-10,0.6339308265047945,0.0,0.5321258623395968,0.0
2026-05-24,Premier League,Man City,Aston Villa,13.0,2026-05-10,0.5323143408216922,1.0,0.4276661819917721,1.0
2026-05-24,Premier League,Sunderland,Chelsea,14.0,2026-05-10,0.42389554834310234,1.0,0.32182055037428686,1.0
2026-05-24,Premier League,Liverpool,Brentford,16.0,2026-05-10,0.622205421536415,1.0,0.5213911736493821,1.0
2026-05-24,Premier League,Tottenham,Everton,8.0,2026-05-10,0.6005761144721311,0.0,0.49728974903851614,0.0
2026-05-24,Premier League,Crystal Palace,Arsenal,7.0,2026-05-10,0.3883201669937639,0.0,0.28907290669070457,0.0
2026-05-24,Premier League,Burnley,Wolves,14.0,2026-05-10,0.4085702462689821,1.0,0.30678547225274355,1.0
2026-05-24,Premier League,Brighton,Man United,3.0,2026-05-10,0.538656676622793,0.0,0.4328342378196868,0.0
2026-05-24,Premier League,Fulham,Newcastle,12.0,2026-05-10,0.6349167302631763,1.0,0.5331756862135277,1.0
2026-05-24,Premier League,West Ham,Leeds,10.0,2026-05-10,0.4776156322694715,1.0,0.3721148580121185,0.0
