Date,liga,HomeTeam,AwayTeam,FTR,prob_casa_modelo,prob_empate_modelo,prob_fora_modelo,prob_casa_odds,prob_empate_odds,prob_fora_odds,data_corte_modelo
2023-05-25,Premier League,Man United,Chelsea,H,0.4108701800199644,0.2580109155578365,0.3311189044221991,0.6287563579257206,0.22199825849313598,0.14924538358114348,2023-05-25
2023-05-28,Premier League,Arsenal,Wolves,H,0.6607106770365717,0.19976274130321828,0.13952658166020995,0.7491562840355752,0.15269427445311087,0.09814944151131386,2023-05-25
2023-05-28,Premier League,Aston Villa,Brighton,H,0.35151878699208317,0.25315630385688404,0.3953249091510328,0.5160315977672281,0.23836348987773676,0.2456049123550351,2023-05-25
2023-05-28,Premier League,Brentford,Man City,H,0.18367227767735042,0.2137703594183024,0.6025573629043471,0.2870978538258796,0.27140944651299,0.44149269966113036,2023-05-25
2023-05-28,Premier League,Chelsea,Newcastle,D,0.4859508784913315,0.25041648362381835,0.26363263788485003,0.35268189534502786,0.25481728564195727,0.39250081901301487,2023-05-25
2023-05-28,Premier League,Crystal Palace,Nott'm Forest,D,0.5229868831505108,0.25439826673876426,0.2226148501107249,0.599385997865422,0.23174351230118942,0.16887048983338848,2023-05-25
2023-05-28,Premier League,Everton,Bournemouth,H,0.500023312817819,0.2382218176011109,0.26175486958107014,0.5889078938119451,0.2280981278849083,0.1829939783031468,2023-05-25
2023-05-28,Premier League,Leeds,Tottenham,A,0.2815317568927204,0.21942599806680713,0.49904224504047257,0.34717293371334007,0.24609726946768407,0.40672979681897575,2023-05-25
2023-05-28,Premier League,Leicester,West Ham,H,0.4313613912370879,0.2400173571574355,0.3286212516054765,0.4613563482876916,0.24275857727856093,0.2958850744337475,2023-05-25
2023-05-28,Premier League,Man United,Fulham,H,0.6292792726304086,0.2003949856361619,0.17032574173342954,0.6512952925166666,0.19065422118857234,0.15805048629476112,2023-05-25
2023-05-28,Premier League,Southampton,Liverpool,D,0.16429915463833028,0.19199177328278705,0.6437090720788828,0.1678965999761149,0.19892471906821005,0.6331786809556751,2023-05-25
2023-08-11,Premier League,Burnley,Man City,A,0.10448392783348126,0.17633594731031776,0.719180124856201,0.10112400721856306,0.1674376849298755,0.7314383078515613,2023-08-11
2023-08-12,Premier League,Newcastle,Aston Villa,H,0.5057982705298364,0.241493573437769,0.2527081560323947,0.5822143957737178,0.23288575830948713,0.1848998459167951,2023-08-11
2023-08-12,Premier League,Everton,Fulham,A,0.4524689175707529,0.24562182900520035,0.30190925342404673,0.40914488867644094,0.29453502528213676,0.2963200860414224,2023-08-11
2023-08-12,Premier League,Sheffield United,Crystal Palace,A,0.29793553767192815,0.3020237567023756,0.4000407056256963,0.24569262577532736,0.30368218962292015,0.45062518460175255,2023-08-11
2023-08-12,Premier League,Bournemouth,West Ham,D,0.31995055627610247,0.24808245106376775,0.4319669926601297,0.3559331591511437,0.2718933854626792,0.3721734553861769,2023-08-11
2023-08-12,Premier League,Arsenal,Nott'm Forest,H,0.731360428619178,0.15992488400364954,0.1087146873771722,0.8175779253960143,0.12161471640265711,0.06080735820132856,2023-08-11
2023-08-13,Premier League,Brentford,Tottenham,D,0.4223273383069708,0.2433414990355039,0.3343311626575254,0.3737161988930278,0.2765922149999246,0.3496915861070475,2023-08-11
2023-08-13,Premier League,Chelsea,Liverpool,D,0.3479612188962686,0.24208872939077083,0.40995005171296073,0.3044803944938787,0.25125502990368914,0.44426457560243215,2023-08-11
2023-08-14,Premier League,Man United,Wolves,H,0.6417539508713679,0.2082125281526989,0.1500335209759334,0.7661304332719503,0.15444216670720268,0.07942740002084708,2023-08-11
2023-08-18,Premier League,Nott'm Forest,Sheffield United,H,0.4451316637999701,0.275527089178883,0.27934124702114677,0.5035900260685212,0.27833750728573536,0.2180724666457435,2023-08-11
2023-08-19,Premier League,Fulham,Brentford,A,0.30943612541549714,0.24689607128485727,0.4436678032996456,0.34072238532604304,0.30368734344277754,0.35559027123117953,2023-08-11
2023-08-19,Premier League,Liverpool,Bournemouth,H,0.7935473215910681,0.12712595622722606,0.07932672218170607,0.807909604519774,0.11751412429378531,0.07457627118644068,2023-08-11
2023-08-19,Premier League,Wolves,Brighton,A,0.2601724167726016,0.2560399639521207,0.4837876192752777,0.23684623117431683,0.23122042995877487,0.5319333388669083,2023-08-11
2023-08-19,Premier League,Tottenham,Man United,H,0.43367702992635176,0.23397526040824076,0.3323477096654075,0.31849437447886775,0.25265574409563923,0.42884988142549296,2023-08-11
2023-08-19,Premier League,Man City,Newcastle,H,0.7175943380653567,0.16834576570576046,0.11405989622888295,0.5222213577730406,0.25431092162385055,0.2234677206031089,2023-08-11
2023-08-20,Premier League,Aston Villa,Everton,H,0.5079568601828673,0.24432863006317024,0.24771450975396245,0.5278958080960257,0.24913450126980807,0.22296969063416613,2023-08-11
2023-08-20,Premier League,West Ham,Chelsea,H,0.332487526136717,0.2563696291182281,0.41114284474505497,0.30101178906831855,0.268024195745763,0.43096401518591854,2023-08-11
2023-08-21,Premier League,Crystal Palace,Arsenal,A,0.27466972131977435,0.25492976702786624,0.4704005116523595,0.21671252485089462,0.2768763419483101,0.5064111332007952,2023-08-11
2023-08-26,Premier League,Bournemouth,Tottenham,A,0.2438825286894561,0.22707591677634592,0.5290415545341979,0.28150633468025354,0.25111233453482773,0.46738133078491867,2023-08-11
2023-08-26,Premier League,Arsenal,Fulham,D,0.6800925424946994,0.17789551654154334,0.14201194096375733,0.7518302704317944,0.1541909457642313,0.0939787838039743,2023-08-11
2023-08-26,Premier League,Brentford,Crystal Palace,D,0.5155062471762901,0.25667899697690444,0.2278147558468055,0.45292343510238636,0.2903010741309064,0.25677549076670725,2023-08-11
2023-08-26,Premier League,Everton,Wolves,A,0.4638711379775562,0.26689107016636343,0.2692377918560804,0.3991845700186556,0.2893497622916291,0.31146566768971534,2023-08-11
2023-08-26,Premier League,Man United,Nott'm Forest,H,0.6962248539423515,0.1762167377190053,0.12755840833864346,0.7029681674792085,0.18303699455119013,0.11399483796960136,2023-08-11
2023-08-26,Premier League,Brighton,West Ham,A,0.5381756675542338,0.22464245746148281,0.23718187498428336,0.648075412411626,0.19638648860958366,0.15553809897879026,2023-08-11
2023-08-27,Premier League,Burnley,Aston Villa,A,0.3317199708398306,0.27403906521959004,0.39424096394057906,0.30167303385588196,0.27150573047029375,0.42682123567382424,2023-08-11
2023-08-27,Premier League,Sheffield United,Man City,A,0.07979294973199735,0.15964018362409207,0.7605668666439105,0.060622610595303106,0.13107591480065534,0.8083014746040414,2023-08-11
2023-08-27,Premier League,Newcastle,Liverpool,A,0.31294001323097975,0.22917884220373813,0.457881144565282,0.4366370271399941,0.24887199511287195,0.314490977747134,2023-08-11
2023-09-02,Premier League,Brighton,Newcastle,H,0.46292912513360296,0.23788989086007659,0.2991809840063202,0.3701680718820283,0.25251775446215885,0.3773141736558127,2023-08-11
2023-09-02,Premier League,Man City,Fulham,H,0.8357737812627202,0.10915530590152157,0.055070912835758275,0.8130540342160238,0.12647507198915928,0.06047089379481677,2023-08-11
2023-09-02,Premier League,Chelsea,Nott'm Forest,A,0.6758729070181769,0.19331499421670012,0.1308120987651229,0.6904641911761108,0.1943222573968695,0.11521355142701968,2023-08-11
2023-09-02,Premier League,Burnley,Tottenham,A,0.2665832748895002,0.24773870271914905,0.4856780223913509,0.26332980256054817,0.25777138984159204,0.4788988075978597,2023-08-11
2023-09-02,Premier League,Sheffield United,Everton,D,0.3332247094595524,0.27890545990159055,0.38786983063885705,0.30472079004171654,0.2860098643374006,0.4092693456208829,2023-08-11
2023-09-02,Premier League,Brentford,Bournemouth,D,0.6323941615642642,0.20468963058717932,0.16291620784855662,0.5566406082642362,0.24292295871880634,0.20043643301695746,2023-08-11
2023-09-03,Premier League,Crystal Palace,Wolves,H,0.4721022027383778,0.28648051138912584,0.2414172858724964,0.5141869337148307,0.2706247019551741,0.21518836432999522,2023-08-11
2023-09-03,Premier League,Liverpool,Aston Villa,H,0.664726994860952,0.18497954802751648,0.15029345711153147,0.5945287952140272,0.21005835376941004,0.19541285101656275,2023-08-11
2023-09-03,Premier League,Arsenal,Man United,H,0.49318237740950427,0.22538819869977952,0.2814294238907161,0.5521720289057285,0.23138637401763856,0.21644159707663296,2023-08-11
2023-09-16,Premier League,Wolves,Liverpool,A,0.17035700443617816,0.20221285040793488,0.6274301451558867,0.21252772730819391,0.218245962123661,0.5692263105681451,2023-09-16
2023-09-16,Premier League,Aston Villa,Crystal Palace,H,0.45487176866271034,0.26462716573311407,0.2805010656041754,0.493515764425937,0.2669839381320642,0.2395002974419988,2023-09-16
2023-09-16,Premier League,Fulham,Luton,H,0.6185831966835181,0.17568393499260376,0.20573286832387824,0.5747312767862346,0.25426593135307235,0.17100279186069303,2023-09-16
2023-09-16,Premier League,Man United,Brighton,A,0.4776046332720934,0.22384075734230302,0.2985546093856034,0.47232829338081667,0.2506973249482796,0.27697438167090377,2023-09-16
2023-09-16,Premier League,Tottenham,Sheffield United,H,0.7352973101321499,0.1610053499357689,0.10369733993208109,0.7438704741838795,0.15325382193962656,0.10287570387649399,2023-09-16
2023-09-16,Premier League,West Ham,Man City,A,0.15562532085371333,0.19352397717587147,0.6508507019704152,0.17715286606495184,0.22617889178990364,0.5966682421451446,2023-09-16
2023-09-16,Premier League,Newcastle,Brentford,H,0.4545001100228207,0.24068532004521911,0.30481456993196016,0.5869266001539695,0.23364464178791108,0.17942875805811956,2023-09-16
2023-09-17,Premier League,Everton,Arsenal,A,0.2419851269290565,0.22014629764598204,0.5378685754249616,0.1621025677501956,0.2261896294188776,0.6117078028309269,2023-09-16
2023-09-17,Premier League,Bournemouth,Chelsea,D,0.22814972425077962,0.23351566649810124,0.5383346092511193,0.22397501626224295,0.2448492621103613,0.5311757216273958,2023-09-16
2023-09-18,Premier League,Nott'm Forest,Burnley,D,0.4323057364486792,0.2597574638756427,0.30793679967567816,0.456697661134207,0.2784424486687188,0.264859890197074,2023-09-16
2023-09-23,Premier League,Crystal Palace,Fulham,D,0.4880881118671401,0.25261473779130456,0.2592971503415555,0.4654548095579003,0.2883348377792303,0.2462103526628692,2023-09-16
2023-09-23,Premier League,Luton,Wolves,D,0.3537708316218966,0.22125591068431563,0.42497325769378796,0.29833537157752626,0.2956314256115668,0.40603320281090705,2023-09-16
2023-09-23,Premier League,Man City,Nott'm Forest,H,0.8550303129243788,0.09885329853348933,0.046116388542132125,0.8314991440449987,0.11445341159207628,0.05404744436292491,2023-09-16
2023-09-23,Premier League,Brentford,Everton,A,0.5918683082556679,0.21211263765043245,0.19601905409389936,0.5011049991127745,0.27681437628042777,0.22208062460679773,2023-09-16
2023-09-23,Premier League,Burnley,Man United,A,0.23501462942607723,0.23012457152534585,0.5348607990485766,0.22519196692262256,0.2432073242764324,0.5316007088009451,2023-09-16
2023-09-24,Premier League,Arsenal,Tottenham,D,0.5090274985782461,0.21859440553981888,0.2723780958819352,0.5886679664846397,0.22125333592247282,0.19007869759288756,2023-09-16
2023-09-24,Premier League,Brighton,Bournemouth,H,0.6644511577680282,0.18237904466786534,0.1531697975641063,0.6396061545978441,0.1956139547261012,0.16477989067605472,2023-09-16
2023-09-24,Premier League,Chelsea,Aston Villa,A,0.5337402447456715,0.23700020315398124,0.22925955210034743,0.512332155814094,0.24899603501397444,0.23867180917193162,2023-09-16
2023-09-24,Premier League,Liverpool,West Ham,H,0.6720983811725041,0.1757063878454113,0.15219523098208457,0.6997370304493633,0.17245292062493173,0.127810048925705,2023-09-16
2023-09-24,Premier League,Sheffield United,Newcastle,A,0.1872000845428863,0.22366804036754825,0.5891318750895653,0.16047152173558743,0.22115095820052483,0.6183775200638878,2023-09-16
2023-09-30,Premier League,West Ham,Sheffield United,H,0.6439558320349423,0.20382594847932164,0.1522182194857364,0.6577192266649927,0.20322013684012302,0.13906063649488418,2023-09-16
2023-09-30,Premier League,Wolves,Man City,H,0.10221122645870576,0.17248538046302422,0.7253033930782701,0.11295345549172588,0.18738521228974175,0.6996613322185323,2023-09-16
2023-09-30,Premier League,Newcastle,Burnley,H,0.6387707978153719,0.20418292473279617,0.15704627745183156,0.7016850916329409,0.184794928712492,0.11351997965456721,2023-09-16
2023-09-30,Premier League,Tottenham,Liverpool,H,0.3366400513966586,0.22165338865080458,0.4417065599525367,0.3305663677483638,0.24400908941026359,0.4254245428413726,2023-09-16
2023-09-30,Premier League,Everton,Luton,A,0.6293641267173183,0.1748968796172997,0.19573899366538197,0.5820996749222386,0.24735533260054407,0.17054499247721722,2023-09-16
2023-09-30,Premier League,Aston Villa,Brighton,H,0.3746687925463415,0.23981398769796328,0.3855172197556951,0.3931658068452875,0.2596771509402563,0.3471570422144561,2023-09-16
2023-09-30,Premier League,Man United,Crystal Palace,A,0.5551244076558132,0.23304700534049014,0.21182858700369644,0.6147578517039365,0.22226942922018758,0.1629727190758758,2023-09-16
2023-09-30,Premier League,Bournemouth,Arsenal,A,0.20099753923818112,0.20588121516937746,0.5931212455924412,0.16073641114044068,0.21083607175564298,0.6284275171039164,2023-09-16
2023-10-01,Premier League,Nott'm Forest,Brentford,D,0.2596725288076825,0.23780159853004465,0.5025258726622729,0.3734858758141223,0.2992455641079512,0.3272685600779266,2023-09-16
2023-10-02,Premier League,Fulham,Chelsea,A,0.25869044147102194,0.23845546035127033,0.502854098177708,0.2782274571767157,0.2806190972097533,0.44115344561353115,2023-09-16
2023-10-03,Premier League,Luton,Burnley,A,0.3759546104897761,0.21776667637211172,0.40627871313811215,0.331916785138123,0.30408525346505055,0.3639979613968264,2023-09-16
2023-10-07,Premier League,Luton,Tottenham,A,0.164003611277127,0.15508061166330675,0.6809157770595663,0.14265246668895362,0.18835665504560864,0.6689908782654377,2023-09-16
2023-10-07,Premier League,Burnley,Chelsea,A,0.22817501491523065,0.24751333389928362,0.5243116511854858,0.1867565564222936,0.23860788535526456,0.5746355582224419,2023-09-16
2023-10-07,Premier League,Everton,Bournemouth,H,0.4964863347950918,0.2346226957793854,0.2688909694255229,0.507021101812394,0.25887585357087844,0.23410304461672737,2023-09-16
2023-10-07,Premier League,Fulham,Sheffield United,H,0.5569522158536927,0.23066895969496895,0.2123788244513381,0.6391050583657588,0.2130350194552529,0.1478599221789883,2023-09-16
2023-10-07,Premier League,Man United,Brentford,H,0.4789097467937996,0.23090146459293573,0.2901887886132646,0.5960408635802705,0.22437565996208797,0.17958347645764158,2023-09-16
2023-10-07,Premier League,Crystal Palace,Nott'm Forest,D,0.5137898273355297,0.2550027460599404,0.23120742660452984,0.41791044776119407,0.31343283582089554,0.26865671641791045,2023-09-16
2023-10-08,Premier League,Arsenal,Man City,H,0.2541642679604223,0.22625304350043357,0.5195826885391445,0.32713620120323883,0.2895010630117158,0.38336273578504554,2023-09-16
2023-10-08,Premier League,Wolves,Aston Villa,D,0.324200467022618,0.26478799623295396,0.4110115367444281,0.2642509942554131,0.26568714096332297,0.4700618647812637,2023-09-16
2023-10-08,Premier League,Brighton,Liverpool,D,0.3219857720408156,0.22071100024074777,0.45730322771843673,0.30026207668473,0.23361679474754646,0.46612112856772364,2023-09-16
2023-10-08,Premier League,West Ham,Newcastle,D,0.3680528901612674,0.24392816845590173,0.3880189413828308,0.27348796803057945,0.26248979237251324,0.4640222395969073,2023-09-16
2023-10-21,Premier League,Liverpool,Everton,H,0.7337709412221428,0.15029185001773074,0.11593720876012661,0.6926480599046971,0.17631041524846836,0.13104152484683457,2023-10-21
2023-10-21,Premier League,Bournemouth,Wolves,A,0.3950273305014875,0.2601865042187763,0.3447861652797364,0.42311687354967037,0.2824855427455892,0.29439758370474056,2023-10-21
2023-10-21,Premier League,Brentford,Burnley,H,0.6212323771977352,0.21179863743898217,0.16696898536328275,0.5592839272432213,0.24952667523159108,0.19118939752518765,2023-10-21
2023-10-21,Premier League,Man City,Brighton,H,0.7133901403033649,0.16390289146618553,0.12270696823044948,0.7068504495597493,0.1689484378561088,0.124201112584142,2023-10-21
2023-10-21,Premier League,Newcastle,Crystal Palace,H,0.5577055130568603,0.2378708691478949,0.20442361779524482,0.6568879203273468,0.21652430335957085,0.12658777631308246,2023-10-21
2023-10-21,Premier League,Nott'm Forest,Luton,D,0.5133445851563311,0.21929241604865504,0.26736299879501363,0.5528764413119417,0.2665924758106896,0.18053108287736871,2023-10-21
2023-10-21,Premier League,Chelsea,Arsenal,D,0.3974586744839099,0.24741200222906046,0.3551293232870295,0.29205149785548107,0.2844106156441459,0.423537886500373,2023-10-21
2023-10-21,Premier League,Sheffield United,Man United,A,0.134264212774783,0.17956110292006094,0.6861746843051557,0.12430032812198417,0.17313259988419222,0.7025670719938236,2023-10-21
2023-10-22,Premier League,Aston Villa,West Ham,H,0.4708893517363408,0.2330582825944503,0.2960523656692089,0.5436121668473664,0.2420561638449716,0.21433166930766206,2023-10-21
2023-10-23,Premier League,Tottenham,Fulham,H,0.6418822192157918,0.1897576542274333,0.16836012655677474,0.6369448064527491,0.2051178190271565,0.15793737452009438,2023-10-21
2023-10-27,Premier League,Crystal Palace,Tottenham,A,0.30871487698696964,0.2574860547376554,0.4337990682753749,0.21186453560668017,0.25203625274768704,0.5360992116456327,2023-10-21
2023-10-28,Premier League,Wolves,Newcastle,D,0.2427138560265269,0.2428037655049781,0.5144823784684946,0.23665649738574268,0.25937552113477397,0.5039679814794832,2023-10-21
2023-10-28,Premier League,Bournemouth,Burnley,H,0.4245721750342491,0.2550395854876665,0.3203882394780844,0.4565377748794646,0.26641793438171496,0.2770442907388204,2023-10-21
2023-10-28,Premier League,Arsenal,Sheffield United,H,0.8415688783154096,0.10475641719969722,0.05367470448489315,0.8526916419122519,0.1014254268800889,0.04588293120765927,2023-10-21
2023-10-28,Premier League,Chelsea,Brentford,A,0.4849490599361957,0.24475012111692052,0.27030081894688374,0.5875267145910239,0.23936273557412088,0.17311054983485527,2023-10-21
2023-10-29,Premier League,West Ham,Everton,A,0.5029936551039119,0.22718224553650465,0.26982409935958346,0.46800095039762957,0.26309242616947826,0.2689066234328922,2023-10-21
2023-10-29,Premier League,Aston Villa,Luton,H,0.6796608773683738,0.1679547324537248,0.15238439017790123,0.7216126728559371,0.16529247549178733,0.11309485165227552,2023-10-21
2023-10-29,Premier League,Brighton,Fulham,D,0.6276028759980237,0.19246491265531862,0.1799322113466579,0.5918390602177493,0.22467964323081221,0.18348129655143836,2023-10-21
2023-10-29,Premier League,Liverpool,Nott'm Forest,H,0.7731878364389476,0.1374496360040848,0.08936252755696768,0.7887131723124028,0.13163202055008635,0.07965480713751087,2023-10-21
2023-10-29,Premier League,Man United,Man City,A,0.2137204720699156,0.21607154618416688,0.5702079817459176,0.1729928284065069,0.2252929858317299,0.601714185761763,2023-10-21
2023-11-04,Premier League,Fulham,Man United,A,0.27290350380364037,0.2278245893235112,0.49927190687284845,0.32080891215132934,0.27076629632828075,0.40842479152038985,2023-10-21
2023-11-04,Premier League,Brentford,West Ham,H,0.5093492391809122,0.2273484495087964,0.26330231131029136,0.4505766151134422,0.2623303203894974,0.28709306449706057,2023-10-21
2023-11-04,Premier League,Burnley,Crystal Palace,A,0.32424458797178,0.2864788770382619,0.389276534989958,0.2756471021200192,0.30312594096064416,0.4212269569193367,2023-10-21
2023-11-04,Premier League,Everton,Brighton,D,0.3112048937016714,0.22807137261951516,0.4607237336788133,0.34031150561045054,0.27650309830849107,0.38318539608105845,2023-10-21
2023-11-04,Premier League,Man City,Bournemouth,H,0.8700643961826917,0.08863146076467997,0.04130414305262843,0.8825905480005386,0.08365423454961628,0.03375521744984516,2023-10-21
2023-11-04,Premier League,Sheffield United,Wolves,H,0.27109025616346644,0.26288745538829394,0.46602228844823956,0.2230590355215614,0.25806032035074256,0.5188806441276962,2023-10-21
2023-11-04,Premier League,Newcastle,Arsenal,H,0.39778829067902133,0.23578152764761337,0.3664301816733653,0.34251853808415844,0.30116181057554486,0.35631965134029664,2023-10-21
2023-11-05,Premier League,Luton,Liverpool,D,0.10853820020502293,0.12975937739741558,0.7617024223975614,0.06461379887908264,0.11402435096308701,0.8213618501578303,2023-10-21
2023-11-05,Premier League,Nott'm Forest,Aston Villa,H,0.3002171662152605,0.2503019945436968,0.44948083924104293,0.24710390038015984,0.25488670039213335,0.4980093992277068,2023-10-21
2023-11-06,Premier League,Tottenham,Chelsea,A,0.425092394099577,0.2440179429173909,0.330889662983032,0.4099511428090077,0.26618745437187624,0.32386140281911613,2023-10-21
2023-11-11,Premier League,Wolves,Tottenham,H,0.24937394689354575,0.23796151177417613,0.5126645413322782,0.3105957337750853,0.26855376981105444,0.4208504964138602,2023-10-21
2023-11-11,Premier League,Arsenal,Burnley,H,0.7183929037174337,0.16874198281855587,0.11286511346401056,0.8126061460569746,0.129105649373538,0.05828820456948763,2023-10-21
2023-11-11,Premier League,Crystal Palace,Everton,A,0.4443353089847106,0.26373313933868076,0.29193155167660834,0.35917859365276916,0.31197884256378344,0.3288425637834474,2023-10-21
2023-11-11,Premier League,Man United,Luton,H,0.7547990861245247,0.13647975285475955,0.10872116102071545,0.7472007974219272,0.15698518382317367,0.09581401875489921,2023-10-21
2023-11-11,Premier League,Bournemouth,Newcastle,H,0.21432168773299656,0.21374798009911017,0.5719303321678931,0.24894636723555,0.2582156468666609,0.4928379858977892,2023-10-21
2023-11-12,Premier League,Aston Villa,Fulham,H,0.5546912492689156,0.22105300450397922,0.22425574622710517,0.5909015475252043,0.22963946396714102,0.17945898850765463,2023-10-21
2023-11-12,Premier League,Brighton,Sheffield United,D,0.7949745461401659,0.1280082572509475,0.07701719660888665,0.759101713795405,0.15474465112683217,0.08615363507776269,2023-10-21
2023-11-12,Premier League,Liverpool,Brentford,H,0.613976706821973,0.19361263331332965,0.19241065986469744,0.6938425071716207,0.17629392196738095,0.1298635708609985,2023-10-21
2023-11-12,Premier League,West Ham,Nott'm Forest,H,0.5566227950167317,0.22476090217438371,0.2186163028088843,0.5359948181328857,0.25264339083867793,0.2113617910284364,2023-10-21
2023-11-12,Premier League,Chelsea,Man City,D,0.23144087721866008,0.23934782915425268,0.529211293627087,0.2029520295202952,0.24354243542435422,0.5535055350553506,2023-10-21
2023-11-25,Premier League,Nott'm Forest,Brighton,A,0.2651655919595649,0.2333048751807024,0.5015295328597323,0.2632176298117847,0.26756833443677286,0.4692140357514423,2023-11-25
2023-11-25,Premier League,Sheffield United,Bournemouth,A,0.31335209592016067,0.24794292354037653,0.43870498053946283,0.27227348358795944,0.2777189532597186,0.4500075631523218,2023-11-25
2023-11-25,Premier League,Brentford,Arsenal,A,0.36204921218359337,0.2371389169037585,0.400811870912648,0.1681449330062276,0.2408001509718815,0.591054916021891,2023-11-25
2023-11-25,Premier League,Luton,Crystal Palace,H,0.2940740016569669,0.236828850477674,0.46909714786535917,0.23617016933931134,0.2845090928882932,0.4793207377723955,2023-11-25
2023-11-25,Premier League,Burnley,West Ham,A,0.3014224480213491,0.2467652167649064,0.4518123352137445,0.2797112525918151,0.28378867609898445,0.4365000713092004,2023-11-25
2023-11-25,Premier League,Newcastle,Chelsea,H,0.4312135913090888,0.24149255606563577,0.3272938526252755,0.37391237978934505,0.2738513204090978,0.352236299801557,2023-11-25
2023-11-25,Premier League,Man City,Liverpool,D,0.585637462153141,0.2020761352116581,0.21228640263520082,0.5703273696231443,0.2193566806242863,0.21031594975256945,2023-11-25
2023-11-26,Premier League,Tottenham,Aston Villa,A,0.4970511886226823,0.22496196101340124,0.27798685036391635,0.3601992302467738,0.2628480869368349,0.37695268281639116,2023-11-25
2023-11-26,Premier League,Everton,Man United,A,0.32124001515917805,0.23721047134556017,0.4415495134952618,0.3634570076809623,0.2823376175608635,0.3542053747581742,2023-11-25
2023-11-27,Premier League,Fulham,Wolves,H,0.43399201247634767,0.26005396299176775,0.30595402453188464,0.4003011670222111,0.2947672229890827,0.3049316099887063,2023-11-25
2023-12-02,Premier League,Arsenal,Wolves,H,0.6858191697491713,0.18368574563857545,0.1304950846122532,0.777511961722488,0.14832535885167464,0.07416267942583732,2023-11-25
2023-12-02,Premier League,Brentford,Luton,H,0.7510886260718225,0.1407598037883622,0.1081515701398152,0.6293230136181053,0.21877143137062804,0.15190555501126682,2023-11-25
2023-12-02,Premier League,Burnley,Sheffield United,H,0.5280049904201406,0.24714512866891172,0.22484988091094782,0.5580503416220061,0.25485763633130987,0.1870920220466841,2023-11-25
2023-12-02,Premier League,Nott'm Forest,Everton,A,0.37803054509521256,0.2538136132500406,0.36815584165474674,0.3384242875768299,0.3084373253864779,0.35313838703669215,2023-11-25
2023-12-02,Premier League,Newcastle,Man United,H,0.48357588702903903,0.22802893405720498,0.288395178913756,0.4861909577753494,0.2572438930028304,0.2565651492218202,2023-11-25
2023-12-03,Premier League,West Ham,Crystal Palace,D,0.4665527281081289,0.25151372244228676,0.2819335494495842,0.5006762879016691,0.27131620070649104,0.2280075113918399,2023-11-25
2023-12-03,Premier League,Man City,Tottenham,D,0.7119958509356253,0.16280716517010285,0.12519698389427167,0.7835389683563425,0.12680959619451332,0.0896514354491443,2023-11-25
2023-12-03,Premier League,Liverpool,Fulham,H,0.7605391718401188,0.1413728180694531,0.09808801009042806,0.7819434033776648,0.13661795257876816,0.08143864404356713,2023-11-25
2023-12-03,Premier League,Chelsea,Brighton,H,0.4910817422756292,0.23072486819047663,0.2781933895338941,0.6058918182943434,0.21784874365639312,0.17625943804926353,2023-11-25
2023-12-03,Premier League,Bournemouth,Aston Villa,D,0.2835777524291606,0.23247325010809555,0.4839489974627439,0.31166462852116456,0.24432001029799832,0.44401536118083723,2023-11-25
2023-12-05,Premier League,Wolves,Burnley,H,0.4749585267269573,0.2640422952070225,0.26099917806602013,0.49840472136350866,0.26627101552297033,0.235324263113521,2023-11-25
2023-12-05,Premier League,Luton,Arsenal,A,0.13343200533777294,0.155111419548741,0.711456575113486,0.06228745301592984,0.13316627886164312,0.8045462681224271,2023-11-25
2023-12-06,Premier League,Brighton,Brentford,H,0.4536512395353155,0.23196878666418277,0.3143799738005016,0.5511498343932558,0.23659114842247078,0.21225901718427354,2023-11-25
2023-12-06,Premier League,Crystal Palace,Bournemouth,A,0.5135769652248383,0.24558714620110786,0.2408358885740536,0.41227819763510976,0.28366663160899674,0.30405517075589344,2023-11-25
2023-12-06,Premier League,Fulham,Nott'm Forest,H,0.45550484843319045,0.25030999536436505,0.29418515620244473,0.4720948594700171,0.281073818065964,0.2468313224640191,2023-11-25
2023-12-06,Premier League,Sheffield United,Liverpool,A,0.08295024284193282,0.13233528242558837,0.784714474732479,0.06891102713844038,0.11350051528684299,0.8175884575747165,2023-11-25
2023-12-06,Premier League,Aston Villa,Man City,H,0.18348044476452036,0.20360223977353517,0.6129173154619444,0.18852276226783762,0.22291837016427912,0.5885588675678833,2023-11-25
2023-12-06,Premier League,Man United,Chelsea,H,0.4008588761680787,0.24118396964609193,0.35795715418582946,0.3400391149578777,0.26939386946801386,0.3905670155741084,2023-11-25
2023-12-07,Premier League,Everton,Newcastle,H,0.2920950218775172,0.23556505517000023,0.47233992295248256,0.29667973330652997,0.2820607319551937,0.4212595347382763,2023-11-25
2023-12-07,Premier League,Tottenham,West Ham,A,0.5523667876453401,0.21002409652365808,0.23760911583100172,0.5812730851149874,0.22061955730500657,0.1981073575800059,2023-11-25
2023-12-09,Premier League,Wolves,Nott'm Forest,D,0.44077446083371785,0.26381040245053067,0.2954151367157515,0.4887502814084992,0.2912015149709322,0.22004820362056865,2023-11-25
2023-12-09,Premier League,Aston Villa,Arsenal,H,0.3269482073201451,0.23595424806513823,0.43709754461471667,0.26666075406178896,0.2515017447869586,0.48183750115125235,2023-11-25
2023-12-09,Premier League,Sheffield United,Brentford,H,0.1590431445304516,0.20028586018488337,0.6406709952846653,0.20615704523440673,0.24833751484758457,0.5455054399180088,2023-11-25
2023-12-09,Premier League,Brighton,Burnley,D,0.6685349251038396,0.1888134789171973,0.14265159597896296,0.6294279397075164,0.2139777101875442,0.15659435010493947,2023-11-25
2023-12-09,Premier League,Crystal Palace,Liverpool,A,0.2125692720676286,0.22283719886727593,0.5645935290650956,0.14602319801159902,0.20660729080364543,0.6473695111847556,2023-11-25
2023-12-09,Premier League,Man United,Bournemouth,A,0.6649694677906653,0.1815784456682592,0.1534520865410755,0.5806728021128784,0.216456156144756,0.20287104174236545,2023-11-25
2023-12-10,Premier League,Everton,Chelsea,H,0.28023606161387543,0.23978054683658373,0.4799833915495407,0.38101811906816224,0.2816220880069025,0.3373597929249353,2023-11-25
2023-12-10,Premier League,Fulham,West Ham,H,0.36300391592047815,0.24157452085949924,0.3954215632200227,0.4443334455387489,0.27030284603607224,0.28536370842517883,2023-11-25
2023-12-10,Premier League,Luton,Man City,A,0.05462917933799878,0.09288089423725947,0.8524899264247416,0.060202506475497755,0.12349232097538002,0.8163051725491222,2023-11-25
2023-12-10,Premier League,Tottenham,Newcastle,H,0.4255041008385668,0.23096398875903124,0.34353191040240183,0.47189720667298635,0.24302706143658795,0.28507573189042573,2023-11-25
2023-12-15,Premier League,Nott'm Forest,Tottenham,A,0.26198243215672423,0.2301176364870107,0.5078999313562652,0.1891698691247212,0.2320604122436914,0.5787697186315874,2023-11-25
2023-12-16,Premier League,Chelsea,Sheffield United,H,0.788630359086604,0.13672346288859402,0.07464617802480197,0.8190142306893926,0.12020358112108002,0.06078218818952725,2023-11-25
2023-12-16,Premier League,Man City,Crystal Palace,D,0.7727120574349133,0.14799527428434642,0.07929266828074048,0.824019473395502,0.1279398656061437,0.04804066099835436,2023-11-25
2023-12-16,Premier League,Newcastle,Fulham,H,0.6451625438245189,0.19374470372813793,0.16109275244734336,0.5068295395059842,0.25407642711527145,0.23909403337874438,2023-11-25
2023-12-16,Premier League,Burnley,Everton,A,0.3367331478903944,0.2587018102998447,0.40456504180976105,0.29672754554882935,0.2726236272829581,0.43064882716821257,2023-11-25
2023-12-17,Premier League,Liverpool,Man United,D,0.6094166107516703,0.19235552354332708,0.19822786570500256,0.7275354998035584,0.15862659258012013,0.1138379076163215,2023-11-25
2023-12-17,Premier League,West Ham,Wolves,H,0.523983825158423,0.23541937005970756,0.24059680478186954,0.5106376120172781,0.26581135968022696,0.22355102830249501,2023-11-25
2023-12-17,Premier League,Arsenal,Brighton,H,0.5408446867451902,0.21484373556199482,0.2443115776928152,0.659294857826571,0.1985990657797253,0.14210607639370373,2023-11-25
2023-12-17,Premier League,Brentford,Aston Villa,A,0.48262902157258797,0.2336153877965101,0.2837555906309019,0.30613499692575313,0.281361066538698,0.4125039365355488,2023-11-25
2023-12-21,Premier League,Crystal Palace,Brighton,D,0.32147260549811735,0.25607572464049555,0.4224516698613871,0.30160455155660676,0.28907498561656964,0.40932046282682344,2023-11-25
2023-12-22,Premier League,Aston Villa,Sheffield United,D,0.7271535287001065,0.16544172903902557,0.10740474226086798,0.790686792714417,0.13214217631665598,0.07717103096892709,2023-11-25
2023-12-23,Premier League,West Ham,Man United,H,0.3651592327818497,0.23290867157219186,0.4019320956459584,0.4631098749433716,0.25000790164038056,0.2868822234162479,2023-11-25
2023-12-23,Premier League,Fulham,Burnley,A,0.49152965526763304,0.2496063677023387,0.25886397703002817,0.5677139761646803,0.24702058504875407,0.18526543878656554,2023-11-25
2023-12-23,Premier League,Luton,Newcastle,H,0.16900503640453138,0.17588755080037236,0.6551074127950963,0.18258534307065216,0.23576554008152176,0.5816491168478262,2023-11-25
2023-12-23,Premier League,Nott'm Forest,Bournemouth,A,0.45811268620018575,0.24387739346413012,0.29800992033568396,0.3312530004800768,0.28228516562650025,0.3864618338934229,2023-11-25
2023-12-23,Premier League,Tottenham,Everton,H,0.5895049811735842,0.2059382538319936,0.20455676499442238,0.5703162092868674,0.2259994302535372,0.2036843604595955,2023-11-25
2023-12-23,Premier League,Liverpool,Arsenal,D,0.5174793328919741,0.21367162455129568,0.2688490425567303,0.38632045598480047,0.265991133628879,0.3476884103863204,2023-11-25
2023-12-24,Premier League,Wolves,Chelsea,H,0.2431743463665278,0.24628574690158203,0.5105399067318901,0.29126917915049516,0.26653124886648044,0.4421995719830244,2023-11-25
2023-12-26,Premier League,Burnley,Liverpool,A,0.1514243026606655,0.18755535608905677,0.6610203412502778,0.12379629262096613,0.17200015877426267,0.7042035486047712,2023-12-26
2023-12-26,Premier League,Newcastle,Nott'm Forest,A,0.6832205078159674,0.17939102120340464,0.13738847098062792,0.6921928150667883,0.1881689206006803,0.11963826433253132,2023-12-26
2023-12-26,Premier League,Bournemouth,Fulham,H,0.4451759655124024,0.2301455290049518,0.32467850548264554,0.5060895487261958,0.2491517778344349,0.24475867343936927,2023-12-26
2023-12-26,Premier League,Sheffield United,Luton,A,0.35341254575917946,0.2393765591677942,0.40721089507302627,0.3954643801586666,0.2956967705745653,0.3088388492667682,2023-12-26
2023-12-26,Premier League,Man United,Aston Villa,H,0.4759850572530517,0.23201146099585865,0.29200348175108964,0.41460525296064893,0.25844094017440983,0.32695380686494124,2023-12-26
2023-12-27,Premier League,Chelsea,Crystal Palace,H,0.5720332914362796,0.2308038695942787,0.19716283896944195,0.5362339859801789,0.2581339134638627,0.20563210055595843,2023-12-26
2023-12-27,Premier League,Brentford,Wolves,A,0.599860962273143,0.21844799081781258,0.18169104690904445,0.432151028483636,0.2868259038608204,0.2810230676555437,2023-12-26
2023-12-27,Premier League,Everton,Man City,A,0.15584055639036917,0.1895603309581605,0.6545991126514702,0.17670342247632773,0.24480323013093264,0.5784933473927396,2023-12-26
2023-12-28,Premier League,Arsenal,West Ham,A,0.6450694420661752,0.18832103789174728,0.1666095200420776,0.7512264089581772,0.15912677628178137,0.0896468147600415,2023-12-26
2023-12-28,Premier League,Brighton,Tottenham,H,0.4553230811748659,0.22108191605691516,0.32359500276821873,0.3924982265310948,0.24831520454008038,0.3591865689288247,2023-12-26
2023-12-30,Premier League,Luton,Chelsea,A,0.19110887812254954,0.19024812161200716,0.6186430002654432,0.17485024177833383,0.21096061779777234,0.6141891404238939,2023-12-26
2023-12-30,Premier League,Aston Villa,Burnley,H,0.6244754554686711,0.2090429969734838,0.166481547557845,0.6927032579209355,0.18428520635255077,0.12301153572651373,2023-12-26
2023-12-30,Premier League,Crystal Palace,Brentford,H,0.3411122924130776,0.2648217263200817,0.39406598126684067,0.4524494652187677,0.29748206428756896,0.2500684704936634,2023-12-26
2023-12-30,Premier League,Man City,Sheffield United,H,0.9206384399335107,0.05817977633751437,0.02118178372897509,0.9040358744394619,0.06909417040358744,0.026869955156950672,2023-12-26
2023-12-30,Premier League,Wolves,Everton,H,0.37331756681905953,0.2588180084816056,0.36786442469933495,0.3273753527751646,0.30009407337723426,0.37253057384760113,2023-12-26
2023-12-30,Premier League,Nott'm Forest,Man United,H,0.26810524086233134,0.2341389212563596,0.497755837881309,0.2939353085037957,0.26582674075070045,0.4402379507455039,2023-12-26
2023-12-31,Premier League,Fulham,Arsenal,H,0.23102947230381832,0.215717364018719,0.5532531636774627,0.16779282616641478,0.22982050598148757,0.6023866678520978,2023-12-26
2023-12-31,Premier League,Tottenham,Bournemouth,H,0.6402179061406456,0.18263545393810807,0.17714663992124632,0.5415326087937951,0.21118591933352795,0.24728147187267685,2023-12-26
2024-01-01,Premier League,Liverpool,Newcastle,H,0.5835738801660767,0.19979835363013732,0.21662776620378585,0.7041411629686305,0.17047628156082628,0.12538255547054322,2023-12-26
2024-01-02,Premier League,West Ham,Brighton,D,0.3824983873909066,0.23151633635245245,0.38598527625664086,0.3049469457459064,0.2665152758710798,0.4285377783830138,2023-12-26
2024-01-12,Premier League,Burnley,Luton,D,0.4952965851783905,0.2280270296788412,0.2766763851427683,0.4476681264020986,0.28124395260996393,0.2710879209879375,2023-12-26
2024-01-13,Premier League,Newcastle,Man City,A,0.24902285151712206,0.21963518005495508,0.5313419684279227,0.19033508092090268,0.2284020971050832,0.5812628219740141,2023-12-26
2024-01-13,Premier League,Chelsea,Fulham,H,0.6309236834627175,0.1956036077937261,0.1734727087435564,0.5822402816565855,0.23429910129313192,0.18346061705028258,2023-12-26
2024-01-14,Premier League,Everton,Aston Villa,D,0.3786399124480909,0.24542431588177718,0.375935771670132,0.38162845418480673,0.26957134575381086,0.34880020006138246,2023-12-26
2024-01-14,Premier League,Man United,Tottenham,D,0.44878590549181946,0.22369007618506787,0.3275240183231126,0.4879614007445301,0.24155303171184456,0.27048556754362535,2023-12-26
2024-01-20,Premier League,Arsenal,Crystal Palace,H,0.640180056250251,0.2054996283681441,0.15432031538160476,0.7651698820243229,0.1580106910846976,0.07681942689097947,2023-12-26
2024-01-20,Premier League,Brentford,Nott'm Forest,H,0.638512263034712,0.20080156805808444,0.16068616890720352,0.5460893197487,0.2518235723193487,0.20208710793195134,2023-12-26
2024-01-21,Premier League,Sheffield United,West Ham,D,0.2047008351389876,0.2232977764596113,0.5720013884014011,0.34506903695473534,0.290476025138016,0.3644549379072486,2023-12-26
2024-01-21,Premier League,Bournemouth,Liverpool,A,0.1894066735112367,0.18857551111156473,0.6220178153771988,0.21586814567830648,0.21732017356403502,0.5668116807576585,2023-12-26
2024-01-22,Premier League,Brighton,Wolves,D,0.6142882112087946,0.20730040002222672,0.1784113887689787,0.5823389338973807,0.22882494579026486,0.1888361203123545,2023-12-26
2024-01-30,Premier League,Aston Villa,Newcastle,A,0.4311650166146911,0.23497795138163619,0.3338570320036727,0.5224631921577533,0.23818174936603462,0.23935505847621216,2024-01-30
2024-01-30,Premier League,Nott'm Forest,Arsenal,A,0.20031896315287223,0.21636455534513338,0.5833164815019942,0.10762993220400706,0.18887587324516414,0.7034941945508288,2024-01-30
2024-01-30,Premier League,Fulham,Everton,D,0.41814128612475177,0.24734312760576,0.3345155862694881,0.43580684019170995,0.29720160661391837,0.2669915531943717,2024-01-30
2024-01-30,Premier League,Luton,Brighton,H,0.2186823951650348,0.19465934972149043,0.586658255113475,0.22627248640356992,0.24328545530609397,0.530442058290336,2024-01-30
2024-01-30,Premier League,Crystal Palace,Sheffield United,H,0.6114174773499303,0.22546793913571922,0.16311458351435046,0.6019840145665507,0.24169433003794183,0.15632165539550752,2024-01-30
2024-01-31,Premier League,Tottenham,Brentford,H,0.4890820430992522,0.2241939721422295,0.2867239847585182,0.599518776840374,0.2129869338775013,0.18749428928212472,2024-01-30
2024-01-31,Premier League,Liverpool,Chelsea,H,0.5913767538208011,0.20432471050518397,0.20429853567401496,0.5842262606347641,0.21744744229903776,0.19832629706619803,2024-01-30
2024-01-31,Premier League,Man City,Burnley,H,0.8514016641962364,0.10276659883097425,0.04583173697278939,0.8735282947208508,0.08431447018609951,0.04215723509304976,2024-01-30
2024-02-01,Premier League,West Ham,Bournemouth,D,0.5306151962754775,0.2204554573303537,0.24892934639416864,0.3879650662308163,0.2750825752088556,0.33695235856032824,2024-01-30
2024-02-01,Premier League,Wolves,Man United,A,0.31694284570907255,0.25372745010021786,0.42932970419070954,0.3232564145411457,0.2812143953089158,0.3955291901499384,2024-01-30
2024-02-03,Premier League,Everton,Tottenham,D,0.3458053455700042,0.2351810788835589,0.41901357554643676,0.3136245273858738,0.2599561590631574,0.42641931355096885,2024-01-30
2024-02-03,Premier League,Brighton,Crystal Palace,H,0.5631723731505822,0.22934669165728733,0.2074809351921303,0.559223637951497,0.25472490315068186,0.18605145889782118,2024-01-30
2024-02-03,Premier League,Burnley,Fulham,D,0.37091909854810423,0.2602724469318216,0.36880845452007416,0.327631888495937,0.29666667952223563,0.37570143198182737,2024-01-30
2024-02-03,Premier League,Newcastle,Luton,D,0.7580322932094044,0.13501663865667973,0.10695106813391604,0.6295273466019109,0.2067104720185379,0.16376218137955115,2024-01-30
2024-02-03,Premier League,Sheffield United,Aston Villa,A,0.19820223550944938,0.22405068289756108,0.5777470815929893,0.18160747856094359,0.2259534907676856,0.5924390306713707,2024-01-30
2024-02-04,Premier League,Bournemouth,Nott'm Forest,D,0.4890804402305434,0.23604580750038034,0.27487375226907634,0.5843852180063794,0.22198614688571847,0.19362863510790215,2024-01-30
2024-02-04,Premier League,Chelsea,Wolves,A,0.6203370362586934,0.21264034935289677,0.1670226143884099,0.6295535036681003,0.20939792562610676,0.1610485707057931,2024-01-30
2024-02-04,Premier League,Man United,West Ham,H,0.5310178691971538,0.22203173124079048,0.2469503995620557,0.6233341159248159,0.21185211783065644,0.16481376624452762,2024-01-30
2024-02-04,Premier League,Arsenal,Liverpool,H,0.4155348417881814,0.23134722114535555,0.35311793706646305,0.4421817918761529,0.2594133179006764,0.2984048902231707,2024-01-30
2024-02-05,Premier League,Brentford,Man City,A,0.21250956564319654,0.21791055745539806,0.5695798769014053,0.12413177217701925,0.1793014487001389,0.6965667791228418,2024-01-30
2024-02-10,Premier League,Nott'm Forest,Newcastle,A,0.27768289023415804,0.2307173110622988,0.49159979870354303,0.29299508954775166,0.25666060614737085,0.4503443043048775,2024-01-30
2024-02-10,Premier League,Wolves,Brentford,A,0.32036749940331205,0.2565214668334867,0.4231110337632011,0.4285745923241033,0.2748204306711058,0.296604977004791,2024-01-30
2024-02-10,Premier League,Tottenham,Brighton,H,0.47125733639199147,0.22217991625471104,0.3065627473532974,0.5638567932153224,0.2090158802436109,0.22712732654106663,2024-01-30
2024-02-10,Premier League,Fulham,Bournemouth,H,0.4608614497538572,0.2352965051029328,0.30384204514321006,0.3688937769223719,0.2782513060214462,0.3528549170561819,2024-01-30
2024-02-10,Premier League,Liverpool,Burnley,H,0.8024670044845147,0.1266399969235128,0.07089299859197233,0.8330482652445336,0.10424336436716926,0.06270837038829714,2024-01-30
2024-02-10,Premier League,Man City,Everton,H,0.7908129784382626,0.1330918908177868,0.07609513074395052,0.7798813158420581,0.14117559586046016,0.07894308829748178,2024-01-30
2024-02-10,Premier League,Luton,Sheffield United,A,0.5286306753006634,0.21846037458646658,0.25290895011286985,0.5645043445027709,0.23974011667771997,0.19575553881950924,2024-01-30
2024-02-11,Premier League,West Ham,Arsenal,A,0.27889702922719406,0.22981847821880444,0.4912844925540016,0.15559686267398107,0.2210182708437231,0.6233848664822959,2024-01-30
2024-02-11,Premier League,Aston Villa,Man United,A,0.44610573591354463,0.24075886944423744,0.31313539464221785,0.4463803523209464,0.24761047533324762,0.30600917234580605,2024-01-30
2024-02-12,Premier League,Crystal Palace,Chelsea,A,0.3048360473732106,0.2618501419764149,0.43331381065037455,0.19255243931180765,0.24322413386754652,0.5642234268206457,2024-01-30
2024-02-17,Premier League,Nott'm Forest,West Ham,H,0.3558050734527279,0.24694562461539116,0.397249301931881,0.4248660902807104,0.27484275331718266,0.30029115640210696,2024-01-30
2024-02-17,Premier League,Newcastle,Bournemouth,D,0.6314342224728234,0.18907522480728958,0.17949055271988718,0.48612956585405537,0.2467662770832768,0.26710415706266777,2024-01-30
2024-02-17,Premier League,Tottenham,Wolves,A,0.6120279072267037,0.20629031304838338,0.1816817797249128,0.6410425508140547,0.19320843347888672,0.16574901570705863,2024-01-30
2024-02-17,Premier League,Burnley,Arsenal,A,0.17455834160828934,0.21354653914916424,0.6118951192425466,0.09348093480934809,0.15867158671586717,0.7478474784747847,2024-01-30
2024-02-17,Premier League,Brentford,Liverpool,A,0.2935112759017243,0.226781139007931,0.4797075850903446,0.1995380937588633,0.21747410218662627,0.5829878040545102,2024-01-30
2024-02-17,Premier League,Fulham,Aston Villa,A,0.3348384608217065,0.2461582534141862,0.41900328576410717,0.3136245273858738,0.2599561590631574,0.42641931355096885,2024-01-30
2024-02-17,Premier League,Man City,Chelsea,D,0.6728595642462899,0.18487264783452598,0.14226778791918407,0.7417301900242106,0.14722220438359335,0.11104760559219612,2024-01-30
2024-02-18,Premier League,Luton,Man United,A,0.232592521305786,0.2018460362661074,0.5655614424281067,0.22437190037604227,0.234127200392392,0.5415008992315657,2024-01-30
2024-02-18,Premier League,Sheffield United,Brighton,A,0.17979764340740623,0.2068384958913656,0.6133638607012281,0.19765997777632524,0.2246552062226289,0.5776848160010458,2024-01-30
2024-02-19,Premier League,Everton,Crystal Palace,D,0.4443040757964809,0.2634175757761491,0.29227834842737,0.5302183697182781,0.27802281277491375,0.19175881750680812,2024-01-30
2024-02-20,Premier League,Man City,Brentford,H,0.7202465288552067,0.16473467109308543,0.11501880005170774,0.8213618501578303,0.11402435096308701,0.06461379887908264,2024-01-30
2024-02-21,Premier League,Liverpool,Luton,H,0.8729511209697959,0.08016715534940722,0.04688172368079698,0.7693704927836822,0.1387753414111981,0.09185416580511965,2024-01-30
2024-02-24,Premier League,Aston Villa,Nott'm Forest,H,0.6051645644823844,0.21313525146707624,0.18170018405053914,0.6035737872425265,0.21546647393801946,0.18095973881945396,2024-01-30
2024-02-24,Premier League,Brighton,Everton,D,0.5735232122245608,0.21469251598409472,0.21178427179134449,0.5192251396861357,0.24395754050579746,0.23681731980806683,2024-01-30
2024-02-24,Premier League,Crystal Palace,Burnley,H,0.5202142237732061,0.25898280893708353,0.2208029672897106,0.49049881235154397,0.2743467933491686,0.2351543942992874,2024-01-30
2024-02-24,Premier League,Man United,Fulham,A,0.5920338956535145,0.2095556761553802,0.19841042819110527,0.5874717743845632,0.22754188444472517,0.18498634117071167,2024-01-30
2024-02-24,Premier League,Bournemouth,Man City,A,0.12800410965130463,0.17041035458303858,0.7015855357656567,0.14381765294931095,0.18668637642458633,0.6694959706261028,2024-01-30
2024-02-24,Premier League,Arsenal,Newcastle,H,0.5704932548351331,0.20789180873225313,0.22161493643261368,0.7130758295272375,0.16865793533165965,0.11826623514110282,2024-01-30
2024-02-25,Premier League,Wolves,Sheffield United,H,0.5873898758957196,0.23015285903692018,0.18245726506736049,0.6511484844376363,0.20864757888431784,0.14020393667804595,2024-01-30
2024-02-26,Premier League,West Ham,Brentford,H,0.39431067741113995,0.24069853594931917,0.36499078663954077,0.41770796144234207,0.270349875044627,0.31194216351303106,2024-01-30
2024-03-02,Premier League,Luton,Aston Villa,A,0.275533749982025,0.20624562147407854,0.5182206285438964,0.21332961517010599,0.2156999442275516,0.5709704406023425,2024-03-02
2024-03-02,Premier League,Tottenham,Crystal Palace,H,0.5671573746451755,0.22417281618777282,0.20866980916705166,0.6301878500607632,0.2109759324116468,0.15883621752759003,2024-03-02
2024-03-02,Premier League,Nott'm Forest,Liverpool,A,0.1702877038588477,0.194891404165529,0.6348208919756233,0.1791855698006759,0.21494322231078863,0.6058712078885354,2024-03-02
2024-03-02,Premier League,Fulham,Brighton,H,0.31201281967929745,0.23646061399452611,0.45152656632617655,0.37119356102206486,0.2827113749644797,0.3460950640134555,2024-03-02
2024-03-02,Premier League,Everton,West Ham,A,0.4501303170093116,0.24457198558126678,0.3052976974094217,0.44816379238824217,0.2731784914276645,0.27865771618409324,2024-03-02
2024-03-02,Premier League,Brentford,Chelsea,D,0.39868554689697727,0.241600786226211,0.3597136668768117,0.29691965703397905,0.26040012702445214,0.4426802159415687,2024-03-02
2024-03-02,Premier League,Newcastle,Wolves,H,0.5961213646920134,0.2106353795823182,0.19324325572566828,0.5611877401217285,0.2268352314043435,0.211977028473928,2024-03-02
2024-03-03,Premier League,Burnley,Bournemouth,A,0.3508225479513409,0.2584426292648434,0.3907348227838159,0.2557840616966581,0.2557840616966581,0.48843187660668386,2024-03-02
2024-03-03,Premier League,Man City,Man United,H,0.7065296801525477,0.17089837254308965,0.12257194730436262,0.7766561640811576,0.1337574504806438,0.08958638543819863,2024-03-02
2024-03-04,Premier League,Sheffield United,Arsenal,A,0.09849788302981392,0.1580526292372986,0.7434494877328872,0.05528352073509853,0.12483375649860959,0.8198827227662918,2024-03-02
2024-03-09,Premier League,Man United,Everton,H,0.5416906366604463,0.22624861956495093,0.23206074377460256,0.4980886685110213,0.25969863732526505,0.24221269416371358,2024-03-02
2024-03-09,Premier League,Bournemouth,Sheffield United,D,0.630911417722705,0.20276922201392442,0.16631936026337046,0.7199966683665789,0.16663135330072812,0.11337197833269282,2024-03-02
2024-03-09,Premier League,Crystal Palace,Luton,D,0.5501351909855772,0.21630091183949174,0.233563897174931,0.5059044832270875,0.25833420420106595,0.23576131257184657,2024-03-02
2024-03-09,Premier League,Wolves,Fulham,H,0.44051966965432615,0.25360634909228136,0.30587398125339266,0.3802282532203286,0.2829605605360585,0.33681118624361284,2024-03-02
2024-03-09,Premier League,Arsenal,Brentford,H,0.6298342498619784,0.1981350862491119,0.17203066388890953,0.7958533997224717,0.12945881968818873,0.07468778058933966,2024-03-02
2024-03-10,Premier League,Liverpool,Man City,D,0.362343173096702,0.2382975276930271,0.3993592992102708,0.2792026356395179,0.2491346594937237,0.47166270486675843,2024-03-02
2024-03-10,Premier League,West Ham,Burnley,D,0.5706387339117749,0.22784558584945042,0.2015156802387745,0.5839171344983,0.23757412825175928,0.17850873724994068,2024-03-02
2024-03-10,Premier League,Brighton,Nott'm Forest,H,0.6209426424485325,0.20382191158099264,0.1752354459704749,0.5956473988587286,0.2211629294167945,0.18318967172447695,2024-03-02
2024-03-10,Premier League,Aston Villa,Tottenham,A,0.43890716321983114,0.2289052020399137,0.3321876347402555,0.38178600113038047,0.25221614064312703,0.3659978582264925,2024-03-02
2024-03-11,Premier League,Chelsea,Newcastle,H,0.48645008391549655,0.2254550422147781,0.2880948738697254,0.5256573016709764,0.2256301642903263,0.24871253403869728,2024-03-02
2024-03-13,Premier League,Bournemouth,Luton,H,0.5591250833467032,0.19831623122257777,0.24255868543071904,0.6322006748236256,0.19780511911659454,0.16999420605977983,2024-03-02
2024-03-16,Premier League,Burnley,Brentford,H,0.262129003157164,0.2466453873771667,0.49122560946566945,0.3061877745645599,0.26676085564802754,0.4270513697874126,2024-03-02
2024-03-16,Premier League,Luton,Nott'm Forest,D,0.4201947700981437,0.22398067057773466,0.3558245593241217,0.36446700507614216,0.27106598984771574,0.36446700507614216,2024-03-02
2024-03-16,Premier League,Fulham,Tottenham,H,0.31705789281559377,0.229469264180613,0.4534728430037931,0.28205348697222465,0.24327113251354374,0.47467538051423175,2024-03-02
2024-03-17,Premier League,West Ham,Aston Villa,D,0.37777954400536645,0.24109244641828095,0.3811280095763525,0.3924012580648798,0.2637276747969924,0.3438710671381279,2024-03-02
2024-03-30,Premier League,Brentford,Man United,D,0.43114158687972143,0.23650113729903868,0.3323572758212399,0.28730625480927774,0.23989364625700782,0.4728000989337144,2024-03-02
2024-03-30,Premier League,Tottenham,Luton,H,0.7198571790815811,0.1459689774874092,0.13417384343100974,0.8088520757469302,0.1149980848433509,0.0761498394097189,2024-03-02
2024-03-30,Premier League,Sheffield United,Fulham,D,0.28103362310338786,0.24497890408990397,0.4739874728067081,0.19826838368440114,0.23475360683213595,0.5669780094834629,2024-03-02
2024-03-30,Premier League,Aston Villa,Wolves,H,0.5626809625004103,0.22737453309296538,0.2099445044066244,0.6342487318523701,0.22004547839776104,0.1457057897498688,2024-03-02
2024-03-30,Premier League,Chelsea,Burnley,D,0.6832870223093515,0.18841615397053435,0.12829682372011447,0.7695300065730457,0.14443130753998604,0.08603868588696843,2024-03-02
2024-03-30,Premier League,Bournemouth,Everton,H,0.4100424180817998,0.24788291313493946,0.3420746687832607,0.44331601668251996,0.25840345357430305,0.298280529743177,2024-03-02
2024-03-30,Premier League,Newcastle,West Ham,H,0.5668741470555253,0.20856048722921708,0.2245653657152576,0.523917031629402,0.23132374904878134,0.24475921932181663,2024-03-02
2024-03-30,Premier League,Nott'm Forest,Crystal Palace,D,0.3902583070728748,0.27336444562942924,0.33637724729769614,0.43145452191124506,0.2855213747942063,0.28302410329454847,2024-03-02
2024-03-31,Premier League,Liverpool,Brighton,H,0.6294587853583435,0.18932595427224083,0.18121526036941557,0.7491119250519961,0.14641733080561745,0.1044707441423865,2024-03-02
2024-03-31,Premier League,Man City,Arsenal,D,0.557160027341408,0.2250545962298785,0.21778537642871346,0.4667698356267515,0.27098582123886406,0.26224434313438455,2024-03-02
2024-04-02,Premier League,Newcastle,Everton,D,0.5741421898762822,0.2130504226943035,0.21280738742941435,0.48013767388498496,0.2578517137530475,0.26201061236196754,2024-04-02
2024-04-02,Premier League,Nott'm Forest,Fulham,H,0.4141205123972918,0.2580000551990167,0.3278794324036914,0.3549332065459119,0.27945890400453977,0.36560788944954825,2024-04-02
2024-04-02,Premier League,Bournemouth,Crystal Palace,H,0.4359097125890602,0.25985118840589516,0.3042390990050447,0.5148315447248037,0.25013666311822075,0.2350317921569756,2024-04-02
2024-04-02,Premier League,Burnley,Wolves,D,0.37349008050173166,0.2727667098646289,0.35374320963363975,0.4110320284697509,0.27402135231316727,0.31494661921708184,2024-04-02
2024-04-02,Premier League,West Ham,Tottenham,D,0.35296350601837834,0.23215197979217223,0.41488451418944955,0.2810352429479296,0.22891837864537926,0.4900463784066912,2024-04-02
2024-04-03,Premier League,Arsenal,Luton,H,0.8365495424963971,0.10132986692840083,0.06212059057520194,0.8579509742300441,0.0923318667504714,0.0497171590194846,2024-04-02
2024-04-03,Premier League,Brentford,Brighton,D,0.43263845754807767,0.23941263358392317,0.32794890886799893,0.37842458613068675,0.26792043701263496,0.3536549768566781,2024-04-02
2024-04-03,Premier League,Man City,Aston Villa,H,0.7282343184268494,0.16585299012962307,0.10591269144352798,0.7993841781146377,0.12896731406916154,0.07164850781620084,2024-04-02
2024-04-04,Premier League,Liverpool,Sheffield United,H,0.8861754979295962,0.07822983950807444,0.03559466256232974,0.9161780916018339,0.05249452849178077,0.031327379906385296,2024-04-02
2024-04-04,Premier League,Chelsea,Man United,H,0.4980585235485311,0.22990534786876363,0.2720361285827051,0.5347636922026958,0.22069612694079513,0.24454018085650917,2024-04-02
2024-04-06,Premier League,Wolves,West Ham,A,0.39719757049101173,0.255984820616189,0.34681760889279917,0.33421860449073915,0.28437898803159384,0.3814024074776671,2024-04-02
2024-04-06,Premier League,Brighton,Arsenal,A,0.3006778124288607,0.24382482872034364,0.45549735885079584,0.14789264688661066,0.21058626893636953,0.6415210841770197,2024-04-02
2024-04-06,Premier League,Luton,Bournemouth,H,0.3872227706781041,0.2151479134775018,0.3976293158443941,0.25457222718121464,0.2389351124894938,0.5064926603292916,2024-04-02
2024-04-06,Premier League,Aston Villa,Brentford,D,0.4554340891176246,0.23820566981648233,0.3063602410658932,0.5876373820893878,0.2297634313856611,0.18259918652495102,2024-04-02
2024-04-06,Premier League,Everton,Burnley,H,0.5548211960253959,0.23662329663436357,0.20855550734024023,0.5505359697886614,0.2471794150071541,0.20228461520418456,2024-04-02
2024-04-06,Premier League,Fulham,Newcastle,A,0.3257803372952936,0.2311171081295828,0.44310255457512376,0.3936451366724185,0.2627847263732091,0.3435701369543724,2024-04-02
2024-04-06,Premier League,Crystal Palace,Man City,A,0.14548399669094017,0.21862222653129368,0.6358937767777662,0.11027525558372386,0.18138733628724676,0.7083374081290292,2024-04-02
2024-04-07,Premier League,Man United,Liverpool,D,0.2873513213709652,0.2265216490672353,0.4861270295617996,0.19395151212196954,0.19995001249687583,0.6060984753811548,2024-04-02
2024-04-07,Premier League,Sheffield United,Chelsea,D,0.15957647150981963,0.19680543770848785,0.6436180907816926,0.14465753424657532,0.1832876712328767,0.6720547945205478,2024-04-02
2024-04-07,Premier League,Tottenham,Nott'm Forest,H,0.6200534806439693,0.2058472829843144,0.17409923637171631,0.6830699449224235,0.17635624032542568,0.14057381475215092,2024-04-02
2024-04-13,Premier League,Newcastle,Tottenham,H,0.47368757927826516,0.21961996943511292,0.30669245128662187,0.36833906900923746,0.2380728128962145,0.39358811809454813,2024-04-02
2024-04-13,Premier League,Brentford,Sheffield United,H,0.7363566332847307,0.15887985568679092,0.10476351102847847,0.6516259817140536,0.19302638424531607,0.15534763404063037,2024-04-02
2024-04-13,Premier League,Burnley,Brighton,D,0.2545000423395119,0.24290660382790222,0.5025933538325861,0.2445265997321766,0.23910605934402493,0.5163673409237984,2024-04-02
2024-04-13,Premier League,Man City,Luton,H,0.8968261571905357,0.06917150375094562,0.034002339058518634,0.8916323731138546,0.07133058984910837,0.03703703703703704,2024-04-02
2024-04-13,Premier League,Nott'm Forest,Wolves,D,0.4265405184393897,0.271544373260174,0.30191510830043616,0.469180634124327,0.27591020245379455,0.2549091634218784,2024-04-02
2024-04-13,Premier League,Bournemouth,Man United,D,0.3413777371708403,0.2366612699439978,0.421960992885162,0.4083131006207929,0.23702077548231396,0.3546661238968931,2024-04-02
2024-04-14,Premier League,Arsenal,Aston Villa,A,0.6389782114444842,0.19976897258413215,0.1612528159713838,0.7782289249806651,0.13785769528228922,0.08391337973704563,2024-04-02
2024-04-14,Premier League,Liverpool,Crystal Palace,A,0.7198624407203208,0.17214811898616808,0.10798944029351108,0.8195358733958374,0.11377086242436331,0.06669326417979918,2024-04-02
2024-04-14,Premier League,West Ham,Fulham,A,0.4855191923964186,0.23347130710594682,0.2810095004976344,0.3988299707492688,0.264441611040276,0.3367284182104553,2024-04-02
2024-04-15,Premier League,Chelsea,Everton,H,0.5805050243574893,0.2182330312925137,0.20126194434999706,0.5812628219740141,0.2284020971050832,0.19033508092090268,2024-04-02
2024-04-20,Premier League,Luton,Brentford,A,0.28461277540581087,0.20769946948694368,0.5076877551072455,0.33308040185752874,0.2747442862779616,0.3921753118645097,2024-04-02
2024-04-20,Premier League,Sheffield United,Burnley,A,0.34906855710967355,0.26261522813627936,0.38831621475404715,0.3657001144601297,0.27401755055322397,0.3602823349866463,2024-04-02
2024-04-20,Premier League,Wolves,Arsenal,A,0.1880304038264962,0.22771566038376667,0.5842539357897373,0.08260571564800191,0.14706320588848829,0.7703310784635099,2024-04-02
2024-04-21,Premier League,Everton,Nott'm Forest,H,0.49403942534037953,0.2533315465338584,0.25262902812576193,0.4157106222162235,0.2947766230260494,0.2895127547577271,2024-04-02
2024-04-21,Premier League,Aston Villa,Bournemouth,H,0.5594361889435692,0.21727568848434367,0.22328812257208733,0.5211026550176027,0.23709536858465133,0.24180197639774617,2024-04-02
2024-04-21,Premier League,Crystal Palace,West Ham,H,0.41799919098538807,0.2636201342432357,0.3183806747713764,0.43632692328796185,0.27408705322032534,0.28958602349171275,2024-04-02
2024-04-21,Premier League,Fulham,Liverpool,A,0.19186422811505507,0.20130530951305614,0.6068304623718886,0.2082816761715844,0.21522439871063723,0.5764939251177783,2024-04-02
2024-04-23,Premier League,Arsenal,Chelsea,H,0.5826264124383054,0.21663139180984062,0.20074219575185395,0.6894880493839757,0.18342983955309541,0.12708211106292885,2024-04-02
2024-04-24,Premier League,Man United,Sheffield United,H,0.7546500978018438,0.1501762605350514,0.0951736416631048,0.7335729913056208,0.15370100770213008,0.11272600099224907,2024-04-02
2024-04-24,Premier League,Everton,Liverpool,H,0.21263744923127428,0.21611072830882094,0.5712518224599048,0.12667540484546108,0.1811339901061266,0.6921906050484122,2024-04-02
2024-04-24,Premier League,Wolves,Bournemouth,A,0.42593158784805407,0.2521712652635427,0.3218971468884033,0.3460605671998702,0.26496735526747556,0.3889720775326541,2024-04-02
2024-04-24,Premier League,Crystal Palace,Newcastle,H,0.32239502038718026,0.25428726287855674,0.42331771673426283,0.31495460742908454,0.2637424761398025,0.421302916431113,2024-04-02
2024-04-25,Premier League,Brighton,Man City,A,0.21623100002999393,0.22772479700651763,0.5560442029634883,0.12256027112377724,0.16550874220134024,0.7119309866748825,2024-04-02
2024-04-27,Premier League,West Ham,Liverpool,D,0.21132720472660443,0.2069838284641311,0.5816889668092644,0.18147847851376603,0.19614340607043396,0.6223781154158,2024-04-02
2024-04-27,Premier League,Fulham,Crystal Palace,D,0.4346621335848365,0.2639686261627949,0.30136924025236844,0.46087297632552665,0.2818672405932931,0.25725978308118025,2024-04-02
2024-04-27,Premier League,Man United,Burnley,D,0.6534771901022788,0.19726235370622588,0.14926045619149542,0.6469177188939106,0.18343602615139243,0.16964625495469687,2024-04-02
2024-04-27,Premier League,Newcastle,Sheffield United,H,0.7831445043141319,0.13327449453022702,0.08358100115564142,0.8010738176461215,0.12214594424083174,0.07678023811304678,2024-04-02
2024-04-27,Premier League,Wolves,Luton,H,0.532470638243372,0.21547907970220972,0.2520502820544183,0.5028480208975802,0.2520770598265791,0.24507491927584082,2024-04-02
2024-04-27,Premier League,Everton,Brentford,H,0.38388847337268267,0.24900180717499165,0.36710971945232573,0.3244888023369036,0.2829844206426485,0.3925267770204479,2024-04-02
2024-04-27,Premier League,Aston Villa,Chelsea,D,0.39693833524398164,0.24318403529554763,0.35987762946047086,0.476163580005376,0.23924885760074036,0.28458756239388355,2024-04-02
2024-04-28,Premier League,Tottenham,Arsenal,A,0.3150555989646219,0.23629873358940764,0.4486456674459707,0.22336014879151603,0.23078780219550943,0.5458520490129746,2024-04-02
2024-04-28,Premier League,Bournemouth,Brighton,H,0.3361562784636728,0.23810179708762433,0.4257419244487031,0.4952840075455879,0.23279536086075595,0.2719206315936561,2024-04-02
2024-04-28,Premier League,Nott'm Forest,Man City,A,0.12555656288731984,0.19572492186595306,0.6787185152467272,0.08848519715006418,0.15698986591140418,0.7545249369385317,2024-04-02
2024-05-02,Premier League,Chelsea,Tottenham,H,0.4988382906643131,0.21910257018538615,0.28205913915030095,0.3957541376688695,0.24097900462015323,0.3632668577109772,2024-05-02
2024-05-03,Premier League,Luton,Everton,D,0.34042793733038124,0.22857609652400843,0.43099596614561037,0.3503208644554322,0.2632140549151625,0.38646508062940527,2024-05-02
2024-05-04,Premier League,Arsenal,Bournemouth,H,0.7246332953641315,0.16363288546150573,0.1117338191743629,0.7978775670629852,0.13316301464085684,0.06895941829615801,2024-05-02
2024-05-04,Premier League,Brentford,Fulham,D,0.5516032532282524,0.22328216722352628,0.22511457954822164,0.4653643576238416,0.2559503966931128,0.2786852456830455,2024-05-02
2024-05-04,Premier League,Burnley,Newcastle,A,0.25373074880146573,0.2306457072619197,0.5156235439366145,0.28828480675812646,0.23076479780876158,0.480950395433112,2024-05-02
2024-05-04,Premier League,Sheffield United,Nott'm Forest,A,0.2999466583409433,0.25255713336305735,0.4474962082959993,0.19114568394980977,0.22740516966394234,0.5814491463862478,2024-05-02
2024-05-04,Premier League,Man City,Wolves,H,0.8093689908573795,0.12916621665842273,0.06146479248419774,0.8870636550308008,0.07227926078028747,0.0406570841889117,2024-05-02
2024-05-05,Premier League,Brighton,Aston Villa,H,0.4670988774804668,0.23616714441434788,0.29673397810518526,0.4041113357406059,0.25296319977528836,0.34292546448410577,2024-05-02
2024-05-05,Premier League,Chelsea,West Ham,H,0.613909248031442,0.19759179101222404,0.188498960956334,0.6472201843641351,0.18851073330994228,0.16426908232592263,2024-05-02
2024-05-05,Premier League,Liverpool,Tottenham,H,0.6469797318117565,0.18128117774903588,0.17173909043920774,0.6837359214862566,0.16456017093398037,0.15170390757976315,2024-05-02
2024-05-06,Premier League,Crystal Palace,Man United,H,0.36991629715938623,0.2558209232540699,0.3742627795865439,0.48809511752969886,0.2398294528108891,0.272075429659412,2024-05-02
2024-05-11,Premier League,West Ham,Luton,H,0.6022506209985624,0.18984412808636564,0.2079052509150719,0.515741787903156,0.22707132582153003,0.2571868862753139,2024-05-02
2024-05-11,Premier League,Wolves,Crystal Palace,A,0.37674358260436813,0.28223519882327996,0.34102121857235174,0.2938724605336571,0.2679663483103044,0.4381611911560383,2024-05-02
2024-05-11,Premier League,Tottenham,Burnley,H,0.6604922030788021,0.1884758741827451,0.1510319227384527,0.7363420620711247,0.1477194642133497,0.11593847371552565,2024-05-02
2024-05-11,Premier League,Nott'm Forest,Chelsea,A,0.2965662409240576,0.24574437382884667,0.4576893852470959,0.24015303240384123,0.24377342987726594,0.5160735377188929,2024-05-02
2024-05-11,Premier League,Everton,Sheffield United,H,0.6408579710348088,0.20049299519994962,0.15864903376524142,0.6716547852583853,0.19076585616806208,0.13757935857355258,2024-05-02
2024-05-11,Premier League,Bournemouth,Brentford,A,0.37252735032347906,0.24153754638124744,0.3859351032952733,0.4501835006497493,0.2506176189184172,0.29919888043183346,2024-05-02
2024-05-11,Premier League,Fulham,Man City,A,0.14203178294861152,0.1897792364475735,0.6681889806038152,0.08878396160693551,0.13077637588048607,0.7804396625125785,2024-05-02
2024-05-11,Premier League,Newcastle,Brighton,D,0.5087495998679972,0.22217056658515266,0.2690798335468501,0.6060827226282481,0.20035792483578452,0.19355935253596745,2024-05-02
2024-05-12,Premier League,Man United,Arsenal,A,0.27780376412670055,0.23251960648796674,0.48967662938533274,0.09880374393112769,0.13664347564943194,0.7645527804194404,2024-05-02
2024-05-13,Premier League,Aston Villa,Liverpool,D,0.26995091974463287,0.22309054744547724,0.50695853280989,0.2488679587031335,0.2119181307734106,0.5392139105234559,2024-05-02
2024-05-14,Premier League,Tottenham,Man City,A,0.21954494476429684,0.21451598183142034,0.5659390734042828,0.1465850353791338,0.15235609976413908,0.7010588648567271,2024-05-02
2024-05-15,Premier League,Brighton,Chelsea,A,0.40566720050998545,0.23780371297590241,0.356529086514112,0.30400733494647003,0.23052688905893462,0.4654657759945953,2024-05-02
2024-05-15,Premier League,Man United,Newcastle,H,0.4306336785389677,0.22517275856738006,0.3441935628936521,0.3564727954971857,0.24953095684803003,0.3939962476547842,2024-05-02
2024-05-19,Premier League,Sheffield United,Tottenham,A,0.19014851845741243,0.19736917818987712,0.6124823033527104,0.12156265152039898,0.15896654429590634,0.7194708041836947,2024-05-02
2024-05-19,Premier League,Man City,West Ham,H,0.8058521606161502,0.12441069112022711,0.06973714826362255,0.901128441916046,0.06423767040973813,0.034633887674215845,2024-05-02
2024-05-19,Premier League,Luton,Fulham,A,0.35913752328749593,0.22331799368039337,0.41754448303211067,0.31254493363235436,0.24361271769338896,0.44384234867425665,2024-05-02
2024-05-19,Premier League,Crystal Palace,Aston Villa,H,0.37787414675480235,0.26282473242383164,0.3593011208213661,0.5959665898765782,0.20935895290922898,0.19467445721419285,2024-05-02
2024-05-19,Premier League,Liverpool,Wolves,H,0.7587896342907717,0.15003647729161446,0.09117388841761366,0.850948500203776,0.08995058982509513,0.05910090997112888,2024-05-02
2024-05-19,Premier League,Burnley,Nott'm Forest,A,0.37754403515798607,0.26966111461649944,0.3527948502255147,0.33972755073672506,0.24826244092299143,0.4120100083402836,2024-05-02
2024-05-19,Premier League,Brighton,Man United,A,0.4592973930743872,0.23130493310333006,0.3093976738222825,0.36594778660612937,0.2415437003405221,0.3925085130533485,2024-05-02
2024-05-19,Premier League,Brentford,Newcastle,A,0.4235010241787649,0.23360964292753295,0.34288933289370216,0.32540505253039015,0.24023731038663373,0.43435763708297614,2024-05-02
2024-05-19,Premier League,Arsenal,Everton,H,0.7010480884383287,0.17983187276387122,0.11912003879780012,0.7913053919355194,0.13483136566499074,0.07386324239948994,2024-05-02
2024-05-19,Premier League,Chelsea,Bournemouth,H,0.6081905113743831,0.19987928016555853,0.19193020846005834,0.6924800860809031,0.17342971744423333,0.13409019647486364,2024-05-02
2024-08-16,Premier League,Man United,Fulham,H,0.5562358936969823,0.21738500934993632,0.22637909695308134,0.5873470450403541,0.22910700338453524,0.18354595157511064,2024-08-16
2024-08-17,Premier League,West Ham,Aston Villa,A,0.3906441854302078,0.23757454274990142,0.37178127181989074,0.3828837762792543,0.2770725902419675,0.34004363347877836,2024-08-16
2024-08-17,Premier League,Nott'm Forest,Bournemouth,D,0.43754259393803374,0.24704867423159962,0.31540873183036666,0.4338981305041974,0.27769480352268633,0.2884070659731163,2024-08-16
2024-08-17,Premier League,Newcastle,Southampton,H,0.6684475938875497,0.18468717688749103,0.14686522922495923,0.6832856239744854,0.18306897849882442,0.13364539752669,2024-08-16
2024-08-17,Premier League,Everton,Brighton,A,0.3695716991883046,0.2561057255801722,0.3743225752315232,0.30899926374808856,0.2854392025825451,0.40556153366936626,2024-08-16
2024-08-17,Premier League,Arsenal,Wolves,H,0.765451492631352,0.1523539284570026,0.08219457891164503,0.8414870179595014,0.10692928957496425,0.05158369246553446,2024-08-16
2024-08-18,Premier League,Brentford,Crystal Palace,H,0.48418223050402664,0.2523888907023217,0.2634288787936517,0.3334468243159589,0.3005138046304321,0.366039371053609,2024-08-16
2024-08-18,Premier League,Chelsea,Man City,A,0.23767777740211127,0.2250990059644933,0.5372232166333956,0.25338245694830513,0.2501422720768434,0.49647527097485156,2024-08-16
2024-08-19,Premier League,Leicester,Tottenham,D,0.38245345486852794,0.23664261665929961,0.38090392847217247,0.20898450179086028,0.22394644071815048,0.5670690574909892,2024-08-16
2024-08-24,Premier League,Aston Villa,Arsenal,A,0.2493543967214587,0.23405525005472488,0.5165903532238167,0.20048712873546176,0.24068380553638352,0.5588290657281548,2024-08-16
2024-08-24,Premier League,Tottenham,Everton,H,0.5681663603935626,0.21643538670906928,0.2153982528973681,0.7075641229986468,0.171265520937835,0.12117035606351827,2024-08-16
2024-08-24,Premier League,Southampton,Nott'm Forest,A,0.3949942707274112,0.26605629954897303,0.33894942972361564,0.41538792404136754,0.2734050460498266,0.3112070299088059,2024-08-16
2024-08-24,Premier League,Crystal Palace,West Ham,A,0.4847386511476404,0.24726342228939485,0.2679979265629648,0.49357326478149094,0.2532133676092545,0.2532133676092545,2024-08-16
2024-08-24,Premier League,Fulham,Leicester,H,0.4075009538179104,0.24994115256842117,0.3425578936136685,0.5168618759195215,0.2550394558343046,0.2280986682461738,2024-08-16
2024-08-24,Premier League,Brighton,Man United,H,0.47238169038758604,0.23240087689114622,0.2952174327212676,0.4016433853738701,0.25850451930977814,0.3398520953163517,2024-08-16
2024-08-25,Premier League,Bournemouth,Newcastle,D,0.3221114212688209,0.22508586649526652,0.4528027122359127,0.3703809991315184,0.2661480950043424,0.3634709058641392,2024-08-16
2024-08-25,Premier League,Wolves,Chelsea,A,0.25487257666477925,0.2363126157900499,0.5088148075451707,0.24886192192015288,0.24696703418979638,0.5041710438900507,2024-08-16
2024-08-25,Premier League,Liverpool,Brentford,H,0.671947607661662,0.17826160647878694,0.14979078585955122,0.7968004606020728,0.125431814443165,0.0777677249547623,2024-08-16
2024-08-31,Premier League,Arsenal,Brighton,D,0.6468526895336507,0.19871685812854498,0.15443045233780436,0.7079571698509343,0.17698929246273357,0.11505353768633216,2024-08-16
2024-08-31,Premier League,Brentford,Southampton,H,0.5894674018047327,0.22126072215784312,0.1892718760374242,0.5337475514201763,0.2484451518119491,0.21780729676787464,2024-08-16
2024-08-31,Premier League,Everton,Bournemouth,A,0.462469327451854,0.2451199952892553,0.2924106772588906,0.310178271157239,0.28230718012571904,0.40751454871704207,2024-08-16
2024-08-31,Premier League,Leicester,Aston Villa,A,0.4238937532205009,0.24430652817622475,0.33179971860327445,0.24244085316314445,0.2512113233034132,0.5063478235334423,2024-08-16
2024-08-31,Premier League,Nott'm Forest,Wolves,D,0.4856525627070457,0.2554447992804431,0.2589026380125111,0.4863802683290419,0.26290825315083344,0.2507114785201247,2024-08-16
2024-08-31,Premier League,West Ham,Man City,A,0.13479044855887137,0.18018154493013916,0.6850280065109896,0.1261406333870102,0.1850062623009483,0.6888531043120416,2024-08-16
2024-09-01,Premier League,Man United,Liverpool,A,0.2724651218471481,0.2163026345559877,0.5112322435968643,0.2770839443000597,0.23663373345333563,0.4862823222466048,2024-08-16
2024-09-01,Premier League,Newcastle,Tottenham,H,0.5072619111277402,0.2111255329393911,0.2816125559328688,0.38439163561661144,0.2500027861465365,0.3656055782368522,2024-08-16
2024-09-01,Premier League,Chelsea,Crystal Palace,D,0.5608658914738944,0.22797884089253478,0.2111552676335705,0.5784025586722567,0.22917837230410165,0.1924190690236418,2024-08-16
2024-09-14,Premier League,Southampton,Man United,A,0.3131493446117135,0.2462562588293525,0.440594396558934,0.23110113910942354,0.23558853986882983,0.5333103210217466,2024-08-16
2024-09-14,Premier League,Crystal Palace,Leicester,D,0.4401059854806592,0.26245691699529017,0.2974370975240507,0.580391969178492,0.2411081065990253,0.1784999242224828,2024-08-16
2024-09-14,Premier League,Fulham,West Ham,D,0.45189138915121674,0.23799346579815542,0.31011514505062787,0.4119830029394828,0.28512606655049244,0.3028909305100247,2024-08-16
2024-09-14,Premier League,Liverpool,Nott'm Forest,A,0.7491944281021461,0.15077883106274967,0.10002674083510454,0.7900155901832469,0.1355582306643546,0.07442617915239855,2024-08-16
2024-09-14,Premier League,Man City,Brentford,H,0.7455097640852723,0.15661844210796566,0.09787179380676217,0.7968249122271408,0.13391085330483896,0.06926423446802013,2024-08-16
2024-09-14,Premier League,Aston Villa,Everton,H,0.5098092977780019,0.23790204945249682,0.2522886527695014,0.578428036747193,0.24293977543382106,0.17863218781898604,2024-08-16
2024-09-14,Premier League,Bournemouth,Chelsea,A,0.3128918584159428,0.23030114334380056,0.45680699824025667,0.3069427748582718,0.25673050034319833,0.4363267247985299,2024-08-16
2024-09-15,Premier League,Tottenham,Arsenal,A,0.2949375424964658,0.23622698471557027,0.46883547278796406,0.35125578333862717,0.27879040683323697,0.36995380982813586,2024-09-15
2024-09-15,Premier League,Wolves,Newcastle,A,0.2689344798675799,0.23346542258372016,0.4976000975486999,0.26995814846282135,0.2605494194279241,0.46949243210925456,2024-09-15
2024-09-21,Premier League,Tottenham,Brentford,H,0.5002563069551619,0.22446951721358688,0.2752741758312511,0.6545546687981806,0.18994919800417792,0.15549613319764163,2024-09-15
2024-09-21,Premier League,Crystal Palace,Man United,D,0.39101696821182624,0.2545989837010972,0.3543840480870766,0.34743616595898624,0.2740341590662427,0.378529674974771,2024-09-15
2024-09-21,Premier League,Southampton,Ipswich,D,0.5748619421624578,0.26219320471508206,0.16294485312246013,0.40221184789013287,0.27969904364773607,0.31808910846213123,2024-09-15
2024-09-21,Premier League,Liverpool,Bournemouth,H,0.7435623227569373,0.14850418762469386,0.10793348961836866,0.7709770100120185,0.14068923540365302,0.08833375458432842,2024-09-15
2024-09-21,Premier League,Leicester,Everton,D,0.4689088884926018,0.24793625325304508,0.28315485825435305,0.461745195486637,0.2754729859437323,0.26278181856963084,2024-09-15
2024-09-21,Premier League,Fulham,Newcastle,H,0.3228170848371251,0.2339951859074946,0.4431877292553801,0.322679488285396,0.2729669620789624,0.4043535496356414,2024-09-15
2024-09-21,Premier League,Aston Villa,Wolves,H,0.5889599737812796,0.21802592942445384,0.19301409679426657,0.581287879801453,0.2305821280922628,0.18812999210628417,2024-09-15
2024-09-21,Premier League,West Ham,Chelsea,A,0.30289769990772936,0.22652964822918786,0.4705726518630826,0.2704722352193826,0.2464455138166455,0.4830822509639719,2024-09-15
2024-09-22,Premier League,Brighton,Nott'm Forest,D,0.5403882660588779,0.23666449774560636,0.22294723619551549,0.5276603405782255,0.25416100174448564,0.21817865767728878,2024-09-15
2024-09-22,Premier League,Man City,Arsenal,D,0.5367182639162172,0.23846653937756257,0.22481519670622013,0.5367194009969447,0.26542680759684967,0.19785379140620568,2024-09-15
2024-09-28,Premier League,Newcastle,Man City,D,0.2202105544806481,0.21508342153543547,0.5647060239839162,0.19771439318300615,0.22903085735147286,0.5732547494655209,2024-09-15
2024-09-28,Premier League,Arsenal,Leicester,H,0.7089460656890256,0.1754523196576774,0.11560161465329696,0.8031857451403888,0.14173866090712742,0.05507559395248379,2024-09-15
2024-09-28,Premier League,Brentford,West Ham,D,0.5539766009856836,0.217024028743274,0.22899937027104247,0.4299294604276693,0.2729327473501496,0.2971377922221812,2024-09-15
2024-09-28,Premier League,Chelsea,Brighton,H,0.5125373522910821,0.2268795223012387,0.26058312540767936,0.5355908245886276,0.23081414107271808,0.23359503433865442,2024-09-15
2024-09-28,Premier League,Everton,Crystal Palace,H,0.3953620393830137,0.2693475625355793,0.33529039808140715,0.3488977608054157,0.290574553028988,0.3605276861655962,2024-09-15
2024-09-28,Premier League,Nott'm Forest,Fulham,A,0.44365906686094064,0.2570770321166396,0.29926390102242006,0.3673849015656488,0.3080917687180282,0.32452332971632303,2024-09-15
2024-09-28,Premier League,Wolves,Liverpool,A,0.1565191035034758,0.19515484214382367,0.6483260543527007,0.11084094006451424,0.16244252056513683,0.726716539370349,2024-09-15
2024-09-29,Premier League,Man United,Tottenham,A,0.42770695917796286,0.22705430804935656,0.34523873277268063,0.45593290202333364,0.24847757128263945,0.2955895266940267,2024-09-15
2024-09-29,Premier League,Ipswich,Aston Villa,D,0.15328216519819515,0.2367553134849562,0.6099625213168486,0.2668615887804153,0.27057832400019827,0.4625600872193866,2024-09-15
2024-09-30,Premier League,Bournemouth,Southampton,H,0.5504202745207059,0.22707735026621775,0.22250237521307634,0.6505598535657596,0.20668106222025198,0.1427590842139885,2024-09-15
2024-10-05,Premier League,Crystal Palace,Liverpool,A,0.2207420044163598,0.22877494461063286,0.5504830509730073,0.18885460730016135,0.23675919061532424,0.5743862020845144,2024-09-15
2024-10-05,Premier League,Arsenal,Southampton,H,0.7799527277565256,0.14438044827859842,0.07566682396487612,0.8306971008498688,0.11780056686868555,0.05150233228144563,2024-09-15
2024-10-05,Premier League,Brentford,Wolves,H,0.5905760795499057,0.2206115812456949,0.18881233920439952,0.4607023974533041,0.2692748084837872,0.2700227940629088,2024-09-15
2024-10-05,Premier League,Leicester,Bournemouth,H,0.4544258041874565,0.2386000026891283,0.3069741931234152,0.2629633172971791,0.2553712005248196,0.4816654821780013,2024-09-15
2024-10-05,Premier League,Man City,Fulham,H,0.8024968218799916,0.12960185921742728,0.06790131890258125,0.7668303097633484,0.1481911334818741,0.08497855675477742,2024-09-15
2024-10-05,Premier League,West Ham,Ipswich,H,0.6713748136264536,0.2089933195603679,0.11963186681317867,0.5065666041275798,0.2532833020637899,0.24015009380863042,2024-09-15
2024-10-05,Premier League,Everton,Newcastle,D,0.315080301398044,0.23645802810166083,0.4484616705002953,0.26047874196367804,0.25633319169369917,0.48318806634262285,2024-09-15
2024-10-06,Premier League,Aston Villa,Man United,D,0.45400656418895863,0.230611238547725,0.31538219726331645,0.43607391255446754,0.2532408398428288,0.31068524760270366,2024-09-15
2024-10-06,Premier League,Chelsea,Nott'm Forest,D,0.6039170255005393,0.21148592543715555,0.18459704906230523,0.6397330974606473,0.20689240598727318,0.15337449655207946,2024-09-15
2024-10-06,Premier League,Brighton,Tottenham,H,0.4363872650634822,0.2342433589014206,0.32936937603509725,0.3308448652585579,0.24624908958485062,0.4229060451565914,2024-09-15
2024-10-19,Premier League,Southampton,Leicester,A,0.37378717395648803,0.25871019309701626,0.3675026329464956,0.4364712206931609,0.27809452061307105,0.28543425869376793,2024-10-19
2024-10-19,Premier League,Bournemouth,Arsenal,H,0.20335561508032818,0.22154541194658978,0.5750989729730822,0.18758097645757624,0.26139990519829354,0.5510191183441302,2024-10-19
2024-10-19,Premier League,Newcastle,Brighton,A,0.49767217630123384,0.22820742115214834,0.27412040254661807,0.5544300924457531,0.23780702494609512,0.20776288260815162,2024-10-19
2024-10-19,Premier League,Man United,Brentford,H,0.4514918844315281,0.23727738093470851,0.31123073463376355,0.5820329789716806,0.22040704645866357,0.19755997456965577,2024-10-19
2024-10-19,Premier League,Ipswich,Everton,A,0.2754770738338917,0.2492999293432293,0.4752229968228791,0.39860394813796457,0.28355499517686106,0.3178410566851744,2024-10-19
2024-10-19,Premier League,Fulham,Aston Villa,A,0.3985643484974981,0.2506713581806088,0.3507642933218931,0.39231413134464654,0.28119625599269465,0.32648961266265886,2024-10-19
2024-10-19,Premier League,Tottenham,West Ham,H,0.6190281727206709,0.19447462318752973,0.18649720409179918,0.66753221302239,0.17760031355641565,0.15486747342119447,2024-10-19
2024-10-20,Premier League,Wolves,Man City,A,0.10849565203072047,0.1782946160806,0.7132097318886795,0.11997707079392375,0.17754848571701537,0.702474443489061,2024-10-19
2024-10-20,Premier League,Liverpool,Chelsea,H,0.6006906825919506,0.20161132211622276,0.19769799529182638,0.5653131529903428,0.22098605071440672,0.21370079629525046,2024-10-19
2024-10-21,Premier League,Nott'm Forest,Crystal Palace,H,0.40510361364789227,0.2808868771569202,0.31400950919518744,0.40906213735626124,0.29502057179027324,0.2959172908534656,2024-10-19
2024-10-25,Premier League,Leicester,Nott'm Forest,A,0.4251464570763249,0.2608269906331017,0.31402655229057325,0.3173687685454311,0.2865653292454334,0.39606590220913557,2024-10-19
2024-10-26,Premier League,Aston Villa,Bournemouth,D,0.516973088413538,0.22953638918734307,0.25349052239911896,0.5419599659617461,0.2443597831414422,0.21368025089681178,2024-10-19
2024-10-26,Premier League,Brentford,Ipswich,H,0.7287076115462484,0.1621907234619298,0.1091016649918217,0.5788559294768677,0.23376874075027348,0.1873753297728589,2024-10-19
2024-10-26,Premier League,Brighton,Wolves,D,0.6076193794444051,0.21731501795112787,0.1750656026044668,0.6130602954628943,0.21964518522253357,0.1672945193145722,2024-10-19
2024-10-26,Premier League,Man City,Southampton,H,0.8446886003704601,0.10807506320853062,0.047236336421009065,0.8655293527345709,0.09232313095835423,0.04214751630707476,2024-10-19
2024-10-26,Premier League,Everton,Fulham,D,0.40772260208945743,0.26118827715351495,0.33108912075702734,0.35724216897031164,0.28813282080641206,0.35462501022327636,2024-10-19
2024-10-27,Premier League,Arsenal,Liverpool,D,0.4579358047817317,0.24316924429029066,0.29889495092797785,0.4285075250372462,0.2811306594897541,0.29036181547299966,2024-10-19
2024-10-27,Premier League,West Ham,Man United,H,0.38387012938434106,0.23738392008489312,0.3787459505307658,0.2866944112871138,0.2612618425439021,0.45204374616898413,2024-10-19
2024-10-27,Premier League,Chelsea,Newcastle,H,0.5032074034503118,0.2202254824723151,0.2765671140773731,0.533090151120375,0.2407503908285565,0.22615945805106824,2024-10-19
2024-10-27,Premier League,Crystal Palace,Tottenham,H,0.33370122021181603,0.25443062226404056,0.4118681575241434,0.25702959251770474,0.2447284281402831,0.4982419793420123,2024-10-19
2024-11-02,Premier League,Newcastle,Arsenal,H,0.2936391832664549,0.23760523023448532,0.4687555864990598,0.24106473256693736,0.2632766591449208,0.4956586082881417,2024-10-19
2024-11-02,Premier League,Bournemouth,Man City,H,0.15281434547128336,0.19641518166443814,0.6507704728642785,0.15875486381322956,0.21945525291828794,0.6217898832684825,2024-10-19
2024-11-02,Premier League,Ipswich,Leicester,D,0.28122755542539046,0.24108002886636956,0.4776924157082401,0.4114513981358189,0.2743009320905459,0.3142476697736351,2024-10-19
2024-11-02,Premier League,Liverpool,Brighton,H,0.6588787972279754,0.18822943708183304,0.1528917656901913,0.7110411482038408,0.1670148465556517,0.12194400524050739,2024-10-19
2024-11-02,Premier League,Nott'm Forest,West Ham,H,0.4461798242535509,0.25198338734571624,0.3018367884007328,0.4736030494672096,0.2806029628346184,0.245793987698172,2024-10-19
2024-11-02,Premier League,Southampton,Everton,H,0.3643157174182607,0.26793530472436905,0.3677489778573701,0.3580147717791031,0.29419944992119657,0.34778577829970025,2024-10-19
2024-11-02,Premier League,Wolves,Crystal Palace,D,0.3432624784502834,0.2793704422039232,0.37736707934579333,0.3983918295796654,0.29104073777676154,0.310567432643573,2024-10-19
2024-11-03,Premier League,Tottenham,Aston Villa,H,0.5326109669218021,0.21975521297481201,0.24763382010338575,0.48854560704408956,0.24064498960835104,0.27080940334755943,2024-10-19
2024-11-03,Premier League,Man United,Chelsea,D,0.37139327414839857,0.235203796051873,0.3934029297997283,0.3577307455073166,0.26658291172052084,0.3756863427721626,2024-10-19
2024-11-04,Premier League,Fulham,Brentford,H,0.3944311105761758,0.25054989905513625,0.35501899036868795,0.48104930268293855,0.2584360615477489,0.2605146357693126,2024-10-19
2024-11-09,Premier League,Brighton,Man City,H,0.2039856682469152,0.22511131344780977,0.570903018305275,0.23649669131957968,0.23364733359283768,0.5298559750875828,2024-10-19
2024-11-09,Premier League,Liverpool,Aston Villa,H,0.6789098295310253,0.17961465653780498,0.1414755139311697,0.662251655629139,0.19867549668874168,0.1390728476821192,2024-10-19
2024-11-09,Premier League,West Ham,Everton,D,0.46048518292041846,0.24626461346175094,0.2932502036178306,0.4481876778687135,0.2755148048088126,0.276297517322474,2024-10-19
2024-11-09,Premier League,Crystal Palace,Fulham,A,0.4339299242808994,0.2676290819007492,0.29844099381835154,0.2889018586693005,0.29503007991380087,0.41606806141689867,2024-10-19
2024-11-09,Premier League,Wolves,Southampton,H,0.45262632735834013,0.2626378654264224,0.28473580721523756,0.4984338487545369,0.25918560135235913,0.24238054989310395,2024-10-19
2024-11-09,Premier League,Brentford,Bournemouth,H,0.5218331917157594,0.2283178619407323,0.24984894634350838,0.36881601525262153,0.2758284080076263,0.35535557673975215,2024-10-19
2024-11-10,Premier League,Man United,Leicester,H,0.5506503027906748,0.2218121771452644,0.22753752006406072,0.7187060981739704,0.1726429239385872,0.10865097788744235,2024-10-19
2024-11-10,Premier League,Nott'm Forest,Newcastle,A,0.32539353768521995,0.24915342696540704,0.4254530353493732,0.346668108542341,0.29519314697090243,0.35813874448675664,2024-10-19
2024-11-10,Premier League,Tottenham,Ipswich,A,0.7945084087465077,0.12740420919346676,0.07808738206002545,0.7658733722496632,0.14360125729681186,0.09052537045352492,2024-10-19
2024-11-10,Premier League,Chelsea,Arsenal,D,0.32296677653947714,0.24442428092797752,0.4326089425325456,0.3240442192538001,0.2901888530631046,0.3857669276830954,2024-10-19
2024-11-23,Premier League,Fulham,Wolves,A,0.5448951144848467,0.23717768504075393,0.2179272004743992,0.6172636631765573,0.2187593569271321,0.16397697989631052,2024-11-23
2024-11-23,Premier League,Everton,Brentford,D,0.3664331037391511,0.2563775391652696,0.37718935709557916,0.40910937570532213,0.2847018462510721,0.30618877804360584,2024-11-23
2024-11-23,Premier League,Bournemouth,Brighton,A,0.3921893395110318,0.24358084893746418,0.36422981155150397,0.39119804400977987,0.27057864710676444,0.33822330888345553,2024-11-23
2024-11-23,Premier League,Man City,Tottenham,A,0.6865870108788588,0.17635834709359313,0.1370546420275481,0.6723446893787575,0.18336673346693386,0.1442885771543086,2024-11-23
2024-11-23,Premier League,Arsenal,Nott'm Forest,H,0.6831405543412544,0.19325297708218683,0.12360646857655865,0.6882823045027723,0.20218292694768936,0.10953476854953827,2024-11-23
2024-11-23,Premier League,Leicester,Chelsea,A,0.27884916121388426,0.2298832887693154,0.4912675500168003,0.13862463912158643,0.19215296511903068,0.6692223957593828,2024-11-23
2024-11-23,Premier League,Aston Villa,Crystal Palace,D,0.4982450685791586,0.24898583185051001,0.25276909957033133,0.5540072395531865,0.2524772576088741,0.19351550283793942,2024-11-23
2024-11-24,Premier League,Southampton,Liverpool,A,0.13235171197849732,0.1842000918846039,0.6834481961368987,0.09695314978014667,0.16294647021873387,0.7401003800011196,2024-11-23
2024-11-24,Premier League,Ipswich,Man United,D,0.24539215894505445,0.21308252692404261,0.5415253141309028,0.18855625822883165,0.23342902160540455,0.5780147201657637,2024-11-23
2024-11-25,Premier League,Newcastle,West Ham,A,0.6151095923981367,0.19709932417011433,0.1877910834317492,0.6475111492068223,0.20621374178561222,0.1462751090075653,2024-11-23
2024-11-29,Premier League,Brighton,Southampton,D,0.6412467903675392,0.2040034985703174,0.15474971106214355,0.6976893909873033,0.1695090421764927,0.13280156683620392,2024-11-23
2024-11-30,Premier League,Brentford,Leicester,H,0.5606441911992264,0.2180913066520434,0.22126450214873003,0.5963643759692879,0.22295273688760076,0.18068288714311143,2024-11-23
2024-11-30,Premier League,Crystal Palace,Newcastle,D,0.3381325465493285,0.25490743044585445,0.40696002300481726,0.29510810920300073,0.27588010208779107,0.4290117887092081,2024-11-23
2024-11-30,Premier League,Nott'm Forest,Ipswich,H,0.6231735009052665,0.20342342855934734,0.17340307053538637,0.5588425899607754,0.24431811721903246,0.19683929282019216,2024-11-23
2024-11-30,Premier League,Wolves,Bournemouth,A,0.346269570519127,0.2534317338101279,0.40029869567074494,0.35409956468185055,0.27982005829743933,0.3660803770207101,2024-11-23
2024-11-30,Premier League,West Ham,Arsenal,A,0.19403210936258924,0.21636704609526763,0.589600844542143,0.13222106399682246,0.19846679135719358,0.669312144645984,2024-11-23
2024-12-01,Premier League,Tottenham,Fulham,D,0.5586395100056831,0.21705956758747133,0.2243009224068456,0.49112025520051467,0.2395118485953249,0.2693678962041604,2024-11-23
2024-12-01,Premier League,Chelsea,Aston Villa,H,0.545191917230199,0.21848797881556326,0.23632010395423766,0.554597408936525,0.2384632593707417,0.2069393316927332,2024-11-23
2024-12-01,Premier League,Man United,Everton,H,0.5356941123708652,0.23450552843991895,0.22980035918921585,0.5991836453337798,0.23849570158248726,0.16232065308373297,2024-11-23
2024-12-01,Premier League,Liverpool,Man City,H,0.3926589097122422,0.24531018680185387,0.362030903485904,0.4716770740410348,0.25841882247992864,0.2699041034790366,2024-11-23
2024-12-03,Premier League,Leicester,West Ham,H,0.4389839049100338,0.23873823598832902,0.32227785910163714,0.32055389300548015,0.27842395278190274,0.40102215421261705,2024-11-23
2024-12-03,Premier League,Ipswich,Crystal Palace,A,0.2944514431330967,0.24610268002916713,0.459445876837736,0.2902991604147663,0.2868738015898133,0.42282703799542054,2024-11-23
2024-12-04,Premier League,Everton,Wolves,H,0.4897311362935389,0.25835328309037364,0.25191558061608726,0.4545325093270299,0.2894939196309059,0.2559735710420642,2024-11-23
2024-12-04,Premier League,Man City,Nott'm Forest,H,0.748431764890857,0.16059078224302678,0.09097745286611598,0.7388101812491066,0.16459886691094042,0.09659095183995306,2024-11-23
2024-12-04,Premier League,Newcastle,Liverpool,D,0.30430500582475284,0.22820472585993729,0.46749026831531,0.264,0.25976470588235295,0.4762352941176471,2024-11-23
2024-12-04,Premier League,Southampton,Chelsea,A,0.2185085997953455,0.22567808738564213,0.5558133128190121,0.10702148002991489,0.1631403065329963,0.7298382134370888,2024-11-23
2024-12-04,Premier League,Arsenal,Man United,H,0.6568553444233485,0.19350285179541735,0.14964180378123415,0.6555012718536762,0.1983930229741188,0.14610570517220495,2024-11-23
2024-12-04,Premier League,Aston Villa,Brentford,H,0.464204297294761,0.23561422125584558,0.30018148144939344,0.5783091513333873,0.22968306719623893,0.1920077814703737,2024-11-23
2024-12-05,Premier League,Fulham,Brighton,H,0.38735205391350064,0.25092867450732226,0.3617192715791771,0.37022427589315904,0.26777865434464104,0.3619970697621999,2024-11-23
2024-12-05,Premier League,Bournemouth,Tottenham,H,0.3662487104652852,0.23308050303978986,0.40067078649492505,0.43880871968068774,0.24427387166103776,0.3169174086582745,2024-11-23
2024-12-07,Premier League,Crystal Palace,Man City,D,0.1698989268828897,0.22360080680984643,0.6065002663072638,0.20722537624881965,0.2405660927244961,0.5522085310266843,2024-11-23
2024-12-07,Premier League,Man United,Nott'm Forest,A,0.5033845392485218,0.24155840253031347,0.25505705822116476,0.5741529150979909,0.24379859962703632,0.18204848527497272,2024-11-23
2024-12-07,Premier League,Aston Villa,Southampton,H,0.6241490448397811,0.20838088880483366,0.16747006635538542,0.729450282261462,0.16755939126213204,0.102990326476406,2024-11-23
2024-12-07,Premier League,Brentford,Newcastle,H,0.3992085517524459,0.23469550747465426,0.36609594077289975,0.3222039814239655,0.26017540745999346,0.4176206111160411,2024-11-23
2024-12-08,Premier League,Fulham,Arsenal,D,0.22658406594651861,0.2372299968793578,0.5361859371741236,0.1765791632485644,0.2312346185397867,0.5921862182116489,2024-11-23
2024-12-08,Premier League,Ipswich,Bournemouth,A,0.282182687987864,0.2222997326348975,0.49551757937723867,0.24774340315424678,0.2542288325561904,0.4980277642895628,2024-11-23
2024-12-08,Premier League,Leicester,Brighton,D,0.3300480830929586,0.2444570758686421,0.42549484103839935,0.19491041880634483,0.22731941116056148,0.5777701700330937,2024-11-23
2024-12-08,Premier League,Tottenham,Chelsea,A,0.4379545462563143,0.22824242521213237,0.33380302853155336,0.3314708682919818,0.23688040099890412,0.4316487307091141,2024-11-23
2024-12-09,Premier League,West Ham,Wolves,H,0.5097928816593604,0.23868138296535218,0.25152573537528744,0.5340122199592667,0.24358452138492873,0.2224032586558045,2024-11-23
2024-12-14,Premier League,Wolves,Ipswich,A,0.5332034705410565,0.22692636901440635,0.23987016044453727,0.4861800742259655,0.26640004067176193,0.24741988510227253,2024-11-23
2024-12-14,Premier League,Newcastle,Leicester,H,0.6297855090186488,0.19469380744400855,0.17552068353734276,0.7457010330013254,0.15293391614812557,0.10136505085054899,2024-11-23
2024-12-14,Premier League,Nott'm Forest,Aston Villa,H,0.39079292803758914,0.25752488531698386,0.3516821866454268,0.3566528006191351,0.2968482151494631,0.34649898423140174,2024-11-23
2024-12-14,Premier League,Arsenal,Everton,D,0.7110616743557497,0.18072886574201005,0.10820945990224036,0.7761194029850745,0.14925373134328357,0.07462686567164178,2024-11-23
2024-12-14,Premier League,Liverpool,Fulham,D,0.7103586590779851,0.16940688939228643,0.12023445152972842,0.7437509538001289,0.15651529044081017,0.09973375575906096,2024-11-23
2024-12-15,Premier League,Chelsea,Brentford,H,0.552820428383451,0.21558489946595485,0.23159467215059415,0.7301808066759388,0.15299026425591097,0.11682892906815022,2024-11-23
2024-12-15,Premier League,Southampton,Tottenham,A,0.23928254179610794,0.22866688346559888,0.532050574738293,0.24057195367618228,0.21646117880885887,0.5429668675149589,2024-11-23
2024-12-15,Premier League,Brighton,Crystal Palace,A,0.5165636979499212,0.2473529308608439,0.23608337118923484,0.505429979772589,0.2601677107676597,0.23440230945975138,2024-11-23
2024-12-15,Premier League,Man City,Man United,A,0.726942989139821,0.1625446526136393,0.11051235824653995,0.6354114713216958,0.19840399002493764,0.1661845386533666,2024-11-23
2024-12-16,Premier League,Bournemouth,West Ham,D,0.5074217566333986,0.22695460589910857,0.2656236374674929,0.5453431958319392,0.23503895607284547,0.21961784809521534,2024-11-23
2024-12-21,Premier League,Crystal Palace,Arsenal,A,0.21502902464814475,0.24911407201384786,0.5358569033380074,0.12784058683404542,0.21121488259537943,0.660944530570575,2024-11-23
2024-12-21,Premier League,West Ham,Brighton,D,0.34855282914189145,0.24231244403470437,0.40913472682340424,0.34362480797614386,0.26425494743817585,0.3921202445856803,2024-11-23
2024-12-21,Premier League,Ipswich,Newcastle,A,0.19962156573300086,0.1944285405422135,0.6059498937247858,0.21079856999988505,0.22869656179232808,0.5605048682077869,2024-11-23
2024-12-21,Premier League,Brentford,Nott'm Forest,A,0.49664417806164113,0.24376276207026995,0.25959305986808895,0.3844189209611607,0.2657322049267039,0.34984887411213544,2024-11-23
2024-12-21,Premier League,Aston Villa,Man City,H,0.20623072009442536,0.21907007823211294,0.5746992016734618,0.3029749153731987,0.26285121036431564,0.43417387426248566,2024-11-23
2024-12-22,Premier League,Everton,Chelsea,D,0.29072259580588317,0.2465993515712669,0.4626780526228498,0.19292076691691734,0.23516619032938096,0.5719130427537017,2024-11-23
2024-12-22,Premier League,Fulham,Southampton,D,0.575646426752069,0.22824703007516664,0.19610654317276438,0.5915292201181023,0.2394624312767257,0.16900834860517205,2024-11-23
2024-12-22,Premier League,Leicester,Wolves,A,0.4881075502796574,0.24581973615954894,0.26607271356079376,0.31902953411452345,0.27721939574054033,0.4037510701449363,2024-11-23
2024-12-22,Premier League,Man United,Bournemouth,A,0.504046030497167,0.22733397575545447,0.2686199937473785,0.5162383326940289,0.2554021224907301,0.228359544815241,2024-11-23
2024-12-22,Premier League,Tottenham,Liverpool,A,0.3020199635847452,0.22627729301149016,0.4717027434037645,0.19815242494226326,0.2133949191685912,0.5884526558891455,2024-11-23
2024-12-26,Premier League,Wolves,Man United,H,0.2989535461343401,0.25480374641397524,0.44624270745168476,0.21863186972957255,0.24207618493748184,0.5392919453329457,2024-12-26
2024-12-26,Premier League,Southampton,West Ham,A,0.32645885102704586,0.25111709842611196,0.42242405054684234,0.3115115851415962,0.2677454946671571,0.4207429201912468,2024-12-26
2024-12-26,Premier League,Nott'm Forest,Tottenham,H,0.3520158256331223,0.25147948459964176,0.39650468976723613,0.4500798722044728,0.24800319488817893,0.3019169329073482,2024-12-26
2024-12-26,Premier League,Liverpool,Leicester,H,0.8056655692878044,0.12277596193940922,0.07155846877278621,0.8854651201702664,0.07878832497841554,0.03574655485131816,2024-12-26
2024-12-26,Premier League,Chelsea,Fulham,A,0.5929203972818428,0.21420304748137647,0.19287655523678085,0.6629653105461261,0.19593711607233685,0.14109757338153703,2024-12-26
2024-12-26,Premier League,Bournemouth,Crystal Palace,D,0.46430134491745373,0.253297264339141,0.28240139074340503,0.4565087239137873,0.2656731098186795,0.27781816626753336,2024-12-26
2024-12-26,Premier League,Man City,Everton,D,0.7311712814377932,0.17116810229505403,0.09766061626715292,0.7151112395261485,0.17682750650101128,0.10806125397284022,2024-12-26
2024-12-26,Premier League,Newcastle,Aston Villa,H,0.5064118968677679,0.22823563115993223,0.26535247197229983,0.4999983393504203,0.25064516236170936,0.24935649828787024,2024-12-26
2024-12-27,Premier League,Brighton,Brentford,D,0.4697642810812512,0.24168559799163236,0.2885501209271164,0.596260218945315,0.2112835123654051,0.1924562686892799,2024-12-26
2024-12-27,Premier League,Arsenal,Ipswich,H,0.8647314608891646,0.09425991975045069,0.04100861936038455,0.8545202598449185,0.10439004255402788,0.04108969760105353,2024-12-26
2024-12-29,Premier League,West Ham,Liverpool,A,0.1711086073309479,0.19214055133056096,0.6367508413384909,0.12524061104967849,0.1764754064790924,0.698283982471229,2024-12-26
2024-12-29,Premier League,Tottenham,Wolves,D,0.6506718106097287,0.19329013331025285,0.15603805608001894,0.5789428001041576,0.2096172207273674,0.21143997916847496,2024-12-26
2024-12-29,Premier League,Fulham,Bournemouth,D,0.4127472567462463,0.25247639370569186,0.33477634954806185,0.4283807319264746,0.2778355032780278,0.29378376479549767,2024-12-26
2024-12-29,Premier League,Crystal Palace,Southampton,H,0.5858762794616372,0.23449499046982572,0.17962873006853702,0.6322042249320038,0.2173645986844867,0.15043117638350947,2024-12-26
2024-12-29,Premier League,Leicester,Man City,A,0.13864949302652507,0.18479502108014387,0.676555485893331,0.09374320932580177,0.14966789650926293,0.7565888941649355,2024-12-26
2024-12-29,Premier League,Everton,Nott'm Forest,A,0.3832220402487109,0.28726116664320356,0.3295167931080857,0.35892859230622337,0.3168392459771549,0.3242321617166218,2024-12-26
2024-12-30,Premier League,Aston Villa,Brighton,D,0.4455349432471378,0.24653120198332074,0.30793385476954166,0.5219762004742224,0.24958245061235315,0.22844134891342444,2024-12-26
2024-12-30,Premier League,Ipswich,Chelsea,H,0.14817820844817162,0.17900684452330815,0.6728149470285202,0.12783177117559577,0.18278974855601288,0.6893784802683914,2024-12-26
2024-12-30,Premier League,Man United,Newcastle,A,0.3949852258723175,0.23933677175067267,0.3656780023770098,0.35673956628949366,0.2685456179568133,0.374714815753693,2024-12-26
2025-01-01,Premier League,Brentford,Arsenal,A,0.22634811127629237,0.23482005417613314,0.5388318345475746,0.16182572614107885,0.2157676348547718,0.6224066390041494,2024-12-26
2025-01-04,Premier League,Southampton,Brentford,A,0.2610559075396225,0.24242640674244553,0.4965176857179319,0.28288076238590043,0.2666054308513692,0.45051380676273023,2024-12-26
2025-01-04,Premier League,Brighton,Arsenal,D,0.24319705189815136,0.24624811477055736,0.5105548333312911,0.19690610099761,0.2637899668256025,0.5393039321767874,2024-12-26
2025-01-04,Premier League,Man City,West Ham,H,0.766490676670377,0.14411355844222204,0.08939576488740114,0.77470859026512,0.13482497565387447,0.09046643408100567,2024-12-26
2025-01-04,Premier League,Bournemouth,Everton,H,0.505074390357046,0.2479731286103761,0.24695248103257775,0.5703662600163173,0.2442374413168109,0.18539629866687177,2024-12-26
2025-01-04,Premier League,Aston Villa,Leicester,H,0.5983953815806639,0.210854071825471,0.190750546593865,0.7160458721424445,0.16862943210384457,0.11532469575371102,2024-12-26
2025-01-04,Premier League,Tottenham,Newcastle,A,0.45205304201500557,0.2237869475042587,0.32416001048073556,0.2493561964053928,0.2073537667336955,0.5432900368609116,2024-12-26
2025-01-04,Premier League,Crystal Palace,Chelsea,D,0.3104451717517128,0.2522192698602362,0.4373355583880509,0.26710415706266777,0.2467662770832768,0.48612956585405537,2024-12-26
2025-01-05,Premier League,Fulham,Ipswich,D,0.6484577156145124,0.19888963037116017,0.15265265401432745,0.6108332446525487,0.2312440140470363,0.15792274130041503,2024-12-26
2025-01-05,Premier League,Liverpool,Man United,D,0.6858358849696896,0.176200659628658,0.13796345540165258,0.7121952317701884,0.17451991264999214,0.11328485557981945,2024-12-26
2025-01-06,Premier League,Wolves,Nott'm Forest,A,0.3332917140482745,0.2805492516718396,0.3861590342798857,0.24226019631676246,0.2744246856582535,0.48331511802498384,2024-12-26
2025-01-14,Premier League,Brentford,Man City,D,0.22138265841347696,0.22261327477089646,0.5560040668156269,0.1863602881730476,0.21404574118323427,0.5995939706437182,2024-12-26
2025-01-14,Premier League,Chelsea,Bournemouth,D,0.5770605706226383,0.20893281550398005,0.21400661387338188,0.6287190262746195,0.20171402092977378,0.16956695279560666,2024-12-26
2025-01-14,Premier League,West Ham,Fulham,H,0.4021258234210876,0.25295379134916457,0.3449203852297478,0.30244959173471087,0.29511748041993,0.4024329278453591,2024-12-26
2025-01-14,Premier League,Nott'm Forest,Liverpool,D,0.20377253399497575,0.22947324707719244,0.5667542189278318,0.17111274871039056,0.22682387619749447,0.6020633750921149,2024-12-26
2025-01-15,Premier League,Newcastle,Wolves,H,0.6512409680680256,0.19764558856408318,0.1511134433678911,0.7067736322621376,0.17931108818502378,0.11391527955283864,2024-12-26
2025-01-15,Premier League,Everton,Aston Villa,A,0.34506874804867343,0.26629242213182197,0.3886388298195046,0.27436170014360584,0.311177008150096,0.41446129170629814,2024-12-26
2025-01-15,Premier League,Leicester,Crystal Palace,A,0.34828550694499116,0.26360093930102885,0.3881135537539801,0.2388229675618089,0.2677712060541494,0.49340582638404173,2024-12-26
2025-01-15,Premier League,Arsenal,Tottenham,H,0.6360329275112754,0.1973000181371538,0.16666705435157064,0.7011459348878837,0.1808563346065943,0.11799773050552188,2024-12-26
2025-01-16,Premier League,Man United,Southampton,H,0.6522035740263536,0.1986632685225342,0.14913315745111233,0.752588072993192,0.15915387117397012,0.08825805583283797,2024-12-26
2025-01-16,Premier League,Ipswich,Brighton,A,0.2106229692481963,0.21977607457349663,0.5696009561783071,0.24687294272547727,0.2593811718235681,0.49374588545095455,2024-12-26
2025-01-18,Premier League,Newcastle,Bournemouth,A,0.5361561373145194,0.21971507062031131,0.24412879206516921,0.5848572260301163,0.22843835181411598,0.18670442215576785,2024-12-26
2025-01-18,Premier League,Brentford,Liverpool,A,0.22744769396833292,0.21604086702176425,0.5565114390099031,0.1535079133844477,0.19434101834471076,0.6521510682708415,2024-12-26
2025-01-18,Premier League,Leicester,Fulham,A,0.35484021589208503,0.25665040004149037,0.3885093840664248,0.20850823254781928,0.2558214462657942,0.5356703211863867,2024-12-26
2025-01-18,Premier League,West Ham,Crystal Palace,A,0.3942786831361267,0.26011481912733075,0.34560649773654256,0.3405259504897046,0.29334464409655275,0.3661294054137425,2024-12-26
2025-01-18,Premier League,Arsenal,Aston Villa,D,0.6548045253146615,0.19931082395374777,0.14588465073159082,0.6179337004995168,0.22302434707683713,0.15904195242364613,2024-12-26
2025-01-19,Premier League,Everton,Tottenham,H,0.3152255439975868,0.2489311377932526,0.43584331820916056,0.3805768286976272,0.27757170412134635,0.3418514671810265,2024-12-26
2025-01-19,Premier League,Man United,Brighton,A,0.43898950338412734,0.24655067983792903,0.31445981677794355,0.41696881798404645,0.2828136330674402,0.30021754894851344,2024-12-26
2025-01-19,Premier League,Nott'm Forest,Southampton,H,0.5794324190860307,0.2383021763282218,0.1822654045857471,0.7069893552623555,0.18807289644843245,0.10493774828921204,2024-12-26
2025-01-19,Premier League,Ipswich,Man City,A,0.08085116591773953,0.13615268303425526,0.7829961510480052,0.11428788108600031,0.17662672531472778,0.709085393599272,2024-12-26
2025-01-20,Premier League,Chelsea,Wolves,H,0.6880285104171444,0.18240284916973934,0.12956864041311614,0.6729246776747343,0.18457362587649853,0.14250169644876726,2024-12-26
2025-01-25,Premier League,Wolves,Arsenal,A,0.13641834153240792,0.20870748193170452,0.6548741765358878,0.16360867127182085,0.2337829929257584,0.6026083358024208,2025-01-25
2025-01-25,Premier League,Man City,Chelsea,H,0.5945349926061276,0.2065710601511813,0.19889394724269122,0.407665351478759,0.2504679151758956,0.3418667333453453,2025-01-25
2025-01-25,Premier League,Southampton,Newcastle,A,0.1765797256501739,0.20320521021239255,0.6202150641374337,0.1466943866943867,0.19268191268191268,0.6606237006237007,2025-01-25
2025-01-25,Premier League,Brighton,Everton,A,0.5237821010857749,0.25209117609436343,0.22412672281986162,0.5578558039898246,0.26305395635292544,0.17909023965724996,2025-01-25
2025-01-25,Premier League,Bournemouth,Nott'm Forest,H,0.4627675031703214,0.25537015789642536,0.28186233893325324,0.49306014540647713,0.2604097818902842,0.24653007270323857,2025-01-25
2025-01-25,Premier League,Liverpool,Ipswich,H,0.8778722902698585,0.08409790887154797,0.03802980085859373,0.8812949640287769,0.07913669064748201,0.039568345323741004,2025-01-25
2025-01-26,Premier League,Crystal Palace,Brentford,A,0.40389719836204996,0.2596462762822788,0.3364565253556714,0.49226118990108897,0.2551985642381961,0.25254024586071494,2025-01-25
2025-01-26,Premier League,Tottenham,Leicester,A,0.6413950956575124,0.18972692499022287,0.16887797935226465,0.6422073193265437,0.19202634696694673,0.16576633370650956,2025-01-25
2025-01-26,Premier League,Aston Villa,West Ham,D,0.5579816720394559,0.22055788364511686,0.22146044431542702,0.660919540229885,0.19827586206896547,0.14080459770114942,2025-01-25
2025-01-26,Premier League,Fulham,Man United,A,0.4109140743899748,0.25322628305812694,0.3358596425518982,0.40516413356686826,0.2739137804395729,0.320922085993559,2025-01-25
2025-02-01,Premier League,Nott'm Forest,Brighton,H,0.37941046804284867,0.27106839608409244,0.349521135873059,0.3629877660105521,0.2819731051908057,0.35503912879864225,2025-01-25
2025-02-01,Premier League,Bournemouth,Liverpool,A,0.22420794202775846,0.21556541786413488,0.5602266401081066,0.2081945786213559,0.22774336534636583,0.5640620560322782,2025-01-25
2025-02-01,Premier League,Everton,Leicester,H,0.4740858851588671,0.25925488251340423,0.26665923232772837,0.49517270269739555,0.2905803884092501,0.21424690889335435,2025-01-25
2025-02-01,Premier League,Ipswich,Southampton,A,0.4200853033259879,0.2532220202960322,0.32669267637797994,0.5085768608072989,0.2590351477711842,0.23238799142151698,2025-01-25
2025-02-01,Premier League,Newcastle,Fulham,A,0.5412503037209336,0.22846767693533024,0.23028201934373618,0.5482938351218857,0.25405237910097844,0.19765378577713594,2025-01-25
2025-02-01,Premier League,Wolves,Aston Villa,H,0.2848927276109167,0.25421919686459804,0.4608880755244852,0.2932410856838744,0.2797587369167997,0.42700017739932594,2025-01-25
2025-02-02,Premier League,Man United,Crystal Palace,A,0.45070519470082954,0.25856363079464106,0.29073117450452934,0.544852031354246,0.26000981657119515,0.19513815207455892,2025-01-25
2025-02-02,Premier League,Arsenal,Man City,H,0.4301353509596069,0.25771762113133834,0.31214702790905463,0.5089926601761946,0.23313572684329298,0.2578716129805124,2025-01-25
2025-02-02,Premier League,Brentford,Tottenham,A,0.41041479635606226,0.22902377178792563,0.3605614318560122,0.49280819062546893,0.2306014573710627,0.2765903520034683,2025-01-25
2025-02-03,Premier League,Chelsea,West Ham,H,0.6507046106873549,0.18670025582311045,0.16259513348953483,0.7499318491594729,0.14769650159018627,0.10237164925034076,2025-01-25
2025-02-12,Premier League,Everton,Liverpool,D,0.1605256006940214,0.21039007437840843,0.6290843249275702,0.12274154644336228,0.2085286487962499,0.6687298047603878,2025-01-25
2025-02-14,Premier League,Brighton,Chelsea,H,0.36977897035731244,0.24458466414920865,0.38563636549347874,0.3299869052815364,0.257529463116543,0.4124836316019206,2025-01-25
2025-02-15,Premier League,Leicester,Arsenal,A,0.13710734353871618,0.19762864409438086,0.6652640123669027,0.09550781783577536,0.1756167302596232,0.7288754519046015,2025-01-25
2025-02-15,Premier League,Aston Villa,Ipswich,D,0.6928097114646088,0.18026314808397664,0.12692714045141443,0.6743501501862967,0.19460204734835013,0.13104780246535322,2025-01-25
2025-02-15,Premier League,Fulham,Nott'm Forest,H,0.4200633629323902,0.27120615668350173,0.3087304803841081,0.4584621514794668,0.2737858482074563,0.26775200031307705,2025-01-25
2025-02-15,Premier League,Man City,Newcastle,H,0.6132377567414765,0.20243591700324498,0.1843263262552785,0.46538211568604965,0.23898000535229572,0.2956378789616546,2025-01-25
2025-02-15,Premier League,Southampton,Bournemouth,A,0.22364537143978963,0.2261592705447184,0.550195358015492,0.15373154313915946,0.20283577299363004,0.6434326838672106,2025-01-25
2025-02-15,Premier League,West Ham,Brentford,A,0.34632661688253513,0.23801923393632043,0.4156541491811444,0.4055128831655246,0.26232639342244174,0.33216072341203373,2025-01-25
2025-02-15,Premier League,Crystal Palace,Everton,A,0.46656718850085277,0.2762613453175304,0.2571714661816168,0.48617188144968215,0.2991826962767275,0.21464542227359035,2025-01-25
2025-02-16,Premier League,Tottenham,Man United,H,0.4992604949778761,0.22310938818733925,0.27763011683478456,0.43999812567358604,0.2493322712150321,0.3106696031113818,2025-01-25
2025-02-16,Premier League,Liverpool,Wolves,H,0.8006169491671504,0.13015846356692587,0.06922458726592359,0.7875814008117243,0.13644015816879168,0.07597844101948399,2025-01-25
2025-02-19,Premier League,Aston Villa,Liverpool,D,0.2289164199311227,0.22030044954567646,0.5507831305232006,0.24423749742745418,0.24000565960074086,0.5157568429718048,2025-01-25
2025-02-21,Premier League,Leicester,Brentford,A,0.3049414300376941,0.2394146837756667,0.4556438861866392,0.2598543998051447,0.25177602468166876,0.48836957551318655,2025-01-25
2025-02-22,Premier League,Everton,Man United,D,0.34844310436596077,0.26614527835187196,0.3854116172821673,0.36408532100451824,0.30860565304192494,0.32730902595355676,2025-01-25
2025-02-22,Premier League,Arsenal,West Ham,A,0.7486314778987185,0.15784978890841628,0.09351873319286504,0.7558665185307613,0.16753742421042647,0.07659605725881241,2025-01-25
2025-02-22,Premier League,Bournemouth,Wolves,A,0.5856537932131831,0.22281726769668667,0.1915289390901302,0.5850383007897478,0.23068018510949675,0.18428151410075547,2025-01-25
2025-02-22,Premier League,Fulham,Crystal Palace,A,0.419897872826585,0.27158753840931854,0.30851458876409626,0.46323138508553585,0.27873521738671214,0.2580333975277521,2025-01-25
2025-02-22,Premier League,Ipswich,Tottenham,A,0.18632343301924206,0.199705461444968,0.61397110553579,0.28434268833087145,0.2525849335302806,0.46307237813884783,2025-01-25
2025-02-22,Premier League,Southampton,Brighton,A,0.21450010641002834,0.23134877266507997,0.5541511209248918,0.16649853857892968,0.21522981816300668,0.6182716432580637,2025-01-25
2025-02-22,Premier League,Aston Villa,Chelsea,H,0.36488688756329923,0.23986990525933896,0.39524320717736167,0.36314736574385137,0.26959416625859334,0.3672584679975554,2025-01-25
2025-02-23,Premier League,Newcastle,Nott'm Forest,H,0.5301226706529124,0.23865228154459744,0.2312250478024901,0.5066758717711576,0.2507262045877893,0.242597923641053,2025-01-25
2025-02-23,Premier League,Man City,Liverpool,A,0.4343485493530424,0.2384400511526746,0.327211399494283,0.30273008187059985,0.25344844063585104,0.44382147749354917,2025-01-25
2025-02-25,Premier League,Wolves,Fulham,A,0.33269073025712526,0.26574806475444646,0.4015612049884281,0.4020314124997153,0.2939323317973749,0.3040362557029097,2025-02-25
2025-02-25,Premier League,Chelsea,Southampton,H,0.7766891134993802,0.13506581556725394,0.08824507093336588,0.8218410484699437,0.117548174205398,0.06061077732465834,2025-02-25
2025-02-25,Premier League,Brighton,Bournemouth,H,0.45477810631613513,0.23663608496163016,0.3085858087222345,0.48391605537814864,0.2481304263546119,0.2679535182672393,2025-02-25
2025-02-25,Premier League,Crystal Palace,Aston Villa,H,0.4066655034729347,0.25741697201127345,0.3359175245157917,0.4281269768457034,0.2737600668844357,0.29811295626986095,2025-02-25
2025-02-26,Premier League,Brentford,Everton,D,0.5072445403431809,0.2420734842047364,0.25068197545208276,0.47942293715116363,0.2644642832654516,0.25611277958338474,2025-02-25
2025-02-26,Premier League,Man United,Ipswich,H,0.6672807851262297,0.18735721310941728,0.14536200176435332,0.639037001131039,0.21489739861043788,0.1460656002585232,2025-02-25
2025-02-26,Premier League,Nott'm Forest,Arsenal,D,0.20995443272693415,0.23933968520729917,0.5507058820657668,0.22240714123609953,0.2817157122323928,0.49587714653150766,2025-02-25
2025-02-26,Premier League,Tottenham,Man City,A,0.2610661969812414,0.21652627749820202,0.5224075255205566,0.24475921932181663,0.23132374904878134,0.523917031629402,2025-02-25
2025-02-26,Premier League,Liverpool,Newcastle,H,0.6374296000371631,0.18660061013218746,0.17596978983064973,0.7073497077487656,0.1715166547992582,0.12113363745197611,2025-02-25
2025-02-27,Premier League,West Ham,Leicester,H,0.5085638756730682,0.23026610973862846,0.2611700145883034,0.5426242385617525,0.2562789939381364,0.20109676750011116,2025-02-25
2025-03-08,Premier League,Brentford,Aston Villa,A,0.45053727536516675,0.23528345518161545,0.3141792694532179,0.45193425557558364,0.24536834583017803,0.3026973985942383,2025-02-25
2025-03-08,Premier League,Nott'm Forest,Man City,H,0.21128426144421486,0.22280995340330773,0.5659057851524772,0.24839784416160182,0.25096526373949946,0.5006368920988985,2025-02-25
2025-03-08,Premier League,Brighton,Fulham,H,0.475976434348245,0.24646480385870367,0.2775587617930513,0.483396027301663,0.2736974689792514,0.24290650371908562,2025-02-25
2025-03-08,Premier League,Crystal Palace,Ipswich,H,0.6405705733897187,0.2074993311580516,0.15193009545222966,0.6178109907472688,0.23039507255895775,0.15179393669377342,2025-02-25
2025-03-08,Premier League,Liverpool,Southampton,H,0.8812690808520457,0.08082573955856809,0.03790517958938635,0.8777981651376147,0.08472660550458716,0.03747522935779817,2025-02-25
2025-03-08,Premier League,Wolves,Everton,D,0.36372182491841015,0.27529180101715534,0.3609863740644343,0.3378378378378379,0.32432432432432434,0.3378378378378379,2025-02-25
2025-03-09,Premier League,Tottenham,Bournemouth,D,0.4856140203543029,0.21980840464105098,0.2945775750046462,0.34032092055476165,0.25412998245081414,0.40554909699442426,2025-02-25
2025-03-09,Premier League,Chelsea,Leicester,H,0.6900473776622985,0.17228297153592959,0.13766965080177168,0.7834494650900901,0.141821509009009,0.0747290259009009,2025-02-25
2025-03-09,Premier League,Man United,Arsenal,D,0.21820613615089077,0.2325805402422071,0.5492133236069022,0.1925073989871092,0.261333969055081,0.5461586319578098,2025-02-25
2025-03-10,Premier League,West Ham,Newcastle,A,0.29341628032410993,0.22500070442879333,0.48158301524709657,0.2871948486405527,0.274250855462387,0.4385542958970602,2025-02-25
2025-03-15,Premier League,Bournemouth,Brentford,A,0.4396293483676601,0.23274250982642178,0.3276281418059181,0.5518748237947562,0.2232872850296025,0.22483789117564135,2025-02-25
2025-03-15,Premier League,Southampton,Wolves,A,0.3127355768263525,0.25479128538340745,0.4324731377902401,0.24538017839924522,0.2840114601297386,0.47060836147101626,2025-02-25
2025-03-15,Premier League,Man City,Brighton,D,0.6502288345570624,0.19222745588450627,0.15754370955843147,0.5307213318609119,0.243413543184328,0.2258651249547602,2025-02-25
2025-03-15,Premier League,Everton,West Ham,D,0.4517303510055319,0.25331878891077536,0.2949508600836927,0.4584422742626171,0.2936246590443348,0.24793306669304804,2025-02-25
2025-03-15,Premier League,Ipswich,Nott'm Forest,A,0.2390797418510071,0.2376578681136311,0.5232623900353619,0.24333711706690409,0.27120533438462213,0.48545754854847367,2025-02-25
2025-03-16,Premier League,Arsenal,Chelsea,H,0.5897594448023686,0.21441025032601546,0.19583030487161562,0.5606853296619244,0.2593544439345265,0.17996022640354903,2025-02-25
2025-03-16,Premier League,Fulham,Tottenham,H,0.3782297507356155,0.24006081342809127,0.3817094358362933,0.5250306016760302,0.2369040519757698,0.23806534634820004,2025-02-25
2025-03-16,Premier League,Leicester,Man United,A,0.301612829991422,0.2390501706308568,0.4593369993777211,0.2134234580791706,0.2547672693301094,0.5318092725907201,2025-02-25
2025-04-01,Premier League,Arsenal,Fulham,H,0.6605232821814672,0.20296821864815598,0.13650849917037688,0.6452249797626805,0.22657900452131335,0.12819601571600622,2025-04-01
2025-04-01,Premier League,Wolves,West Ham,H,0.3920444602688821,0.25428445529419424,0.3536710844369235,0.40694564752786844,0.29562312996705337,0.29743122250507814,2025-04-01
2025-04-01,Premier League,Nott'm Forest,Man United,H,0.4292043327253252,0.24808532864260568,0.32271033863206927,0.41392992285738933,0.28113737535111705,0.30493270179149373,2025-04-01
2025-04-02,Premier League,Southampton,Crystal Palace,D,0.2150331993563914,0.22872738905054743,0.5562394115930611,0.16965858600623504,0.23497508764059669,0.5953663263531682,2025-04-01
2025-04-02,Premier League,Newcastle,Brentford,H,0.5125350337451692,0.2190412348656233,0.26842373138920744,0.5685876657783706,0.22531445963245453,0.20609787458917483,2025-04-01
2025-04-02,Premier League,Liverpool,Everton,H,0.7224874398058829,0.16848725005616336,0.10902531013795395,0.647109125179908,0.22010514461901634,0.13278573020107554,2025-04-01
2025-04-02,Premier League,Brighton,Aston Villa,A,0.4728288934824302,0.23380460759197014,0.2933664989255996,0.40895224069009045,0.2780875236692615,0.312960235640648,2025-04-01
2025-04-02,Premier League,Bournemouth,Ipswich,A,0.6958157310806026,0.1711764346090703,0.13300783431032726,0.6918359002317024,0.17936486302303395,0.12879923674526372,2025-04-01
2025-04-02,Premier League,Man City,Leicester,H,0.8049970638369386,0.12493313593029208,0.07006980023276939,0.8071748878923767,0.1210762331838565,0.07174887892376682,2025-04-01
2025-04-03,Premier League,Chelsea,Tottenham,H,0.5144027958230863,0.21169620402664296,0.2739010001502709,0.5813293897630889,0.217672663879901,0.20099794635701002,2025-04-01
2025-04-05,Premier League,Everton,Arsenal,D,0.1880405135155275,0.24219815286897128,0.569761333615501,0.23208761056121616,0.304842347414262,0.4630700420245218,2025-04-01
2025-04-05,Premier League,Crystal Palace,Brighton,H,0.39980447284024223,0.25351589394703966,0.3466796332127183,0.3771368915568315,0.28618034712253687,0.3366827613206316,2025-04-01
2025-04-05,Premier League,Ipswich,Wolves,A,0.3312307784150407,0.2555233461033191,0.4132458754816401,0.3416332927041616,0.2977537872192234,0.360612920076615,2025-04-01
2025-04-05,Premier League,West Ham,Bournemouth,D,0.34702861323955236,0.2345167678809876,0.41845461887946006,0.32020444978953694,0.27420324714371613,0.4055923030667468,2025-04-01
2025-04-05,Premier League,Aston Villa,Nott'm Forest,H,0.45286323708418086,0.24521597562033356,0.3019207872954857,0.4523617604384975,0.2819066043312376,0.2657316352302649,2025-04-01
2025-04-06,Premier League,Brentford,Chelsea,D,0.3693960115583981,0.23133010342847385,0.3992738850131279,0.3310868554807563,0.26668365893518453,0.4022294855840593,2025-04-01
2025-04-06,Premier League,Fulham,Liverpool,H,0.20281344427698814,0.2154912846913127,0.5816952710316992,0.2262550469626237,0.27341807083652275,0.5003268822008535,2025-04-01
2025-04-06,Premier League,Tottenham,Southampton,H,0.7458157419468561,0.1466946278368872,0.10748963021625678,0.7057229849512286,0.17142561868496156,0.12285139636380982,2025-04-01
2025-04-06,Premier League,Man United,Man City,D,0.22511542792592304,0.21662842717900527,0.5582561448950718,0.2795412873207491,0.2594143146336552,0.4610443980455957,2025-04-01
2025-04-07,Premier League,Leicester,Newcastle,A,0.2262145551514849,0.21636220690237531,0.5574232379461397,0.13030990874137213,0.20016676703571595,0.6695233242229119,2025-04-01
2025-04-12,Premier League,Southampton,Aston Villa,A,0.2105540607044405,0.21295322071631476,0.5764927185792446,0.15589514760103035,0.20931611412810758,0.6347887382708621,2025-04-01
2025-04-12,Premier League,Nott'm Forest,Everton,A,0.4599737698321936,0.26291634820060666,0.2771098819671997,0.4887039357568546,0.2877280568509292,0.2235680073922163,2025-04-01
2025-04-12,Premier League,Arsenal,Brentford,D,0.6501528630319368,0.1987691723674218,0.15107796460064127,0.5994145327751746,0.22902159035277897,0.17156387687204647,2025-04-01
2025-04-12,Premier League,Man City,Crystal Palace,H,0.6566735311926258,0.19495304337290587,0.14837342543446838,0.5929631439520588,0.2235539209382475,0.18348293510969368,2025-04-01
2025-04-12,Premier League,Brighton,Leicester,D,0.6341426811457753,0.19966066587462297,0.1661966529796018,0.7491587824722639,0.16242266040154962,0.08841855712618668,2025-04-01
2025-04-13,Premier League,Chelsea,Ipswich,D,0.7661203624231201,0.14045074333821692,0.093428894238663,0.7994951386765532,0.13020041962296494,0.07030444170048179,2025-04-01
2025-04-13,Premier League,Liverpool,West Ham,H,0.7734612719245421,0.13700284759337975,0.08953588048207801,0.7528872694647508,0.15746661845014395,0.08964611208510521,2025-04-01
2025-04-13,Premier League,Wolves,Tottenham,H,0.2852472678603036,0.23377591722004804,0.4809768149196483,0.42453154896946327,0.267817423454565,0.3076510275759718,2025-04-01
2025-04-13,Premier League,Newcastle,Man United,H,0.5327673204579885,0.21687859185292077,0.25035408768909057,0.5989237940050778,0.22304748190533935,0.17802872408958276,2025-04-01
2025-04-14,Premier League,Bournemouth,Fulham,H,0.4719331593003128,0.23839287546100343,0.2896739652386838,0.43434135813571084,0.282007142673621,0.2836514991906683,2025-04-01
2025-04-16,Premier League,Newcastle,Crystal Palace,H,0.511295818548548,0.23183160913041181,0.25687257232104027,0.5741637831603229,0.24175317185697806,0.18408304498269892,2025-04-01
2025-04-19,Premier League,Brentford,Brighton,H,0.42237798474413407,0.2373617831092516,0.3402602321466142,0.36020894844424256,0.2657279127867363,0.37406313876902114,2025-04-01
2025-04-19,Premier League,Crystal Palace,Bournemouth,D,0.42368517462647953,0.24579680605332518,0.33051801932019526,0.37594637494147604,0.27505681104475227,0.3489968140137717,2025-04-01
2025-04-19,Premier League,Everton,Man City,A,0.19217578740858593,0.22392101401656975,0.5839031985748443,0.23545284172861874,0.2607024762303473,0.5038446820410339,2025-04-01
2025-04-19,Premier League,West Ham,Southampton,D,0.611483753994936,0.2036573849394419,0.18485886106562197,0.5903967361456182,0.22517456913460787,0.18442869471977405,2025-04-01
2025-04-19,Premier League,Aston Villa,Newcastle,H,0.3783420031474552,0.23247268930930462,0.3891853075432404,0.3788467799076965,0.2646737777437331,0.35647944234857043,2025-04-01
2025-04-20,Premier League,Leicester,Liverpool,A,0.11369954817167258,0.16136546114357278,0.7249349906847544,0.07179965906323565,0.13369591687636984,0.7945044240603946,2025-04-01
2025-04-20,Premier League,Man United,Wolves,A,0.5493671963086314,0.2297891338733571,0.22084366981801162,0.37433155080213903,0.27807486631016043,0.3475935828877006,2025-04-01
2025-04-20,Premier League,Fulham,Chelsea,A,0.3331955336687618,0.24238387374298193,0.4244205925882563,0.3090031904131974,0.2696288226597152,0.4213679869270874,2025-04-01
2025-04-20,Premier League,Ipswich,Arsenal,A,0.09246046249481615,0.15898172024569443,0.7485578172594892,0.10835438128124049,0.1853648706592869,0.7062807480594726,2025-04-01
2025-04-21,Premier League,Tottenham,Nott'm Forest,A,0.496354453340399,0.2286583073580271,0.274987239301574,0.4064429228869682,0.2747783140644292,0.31877876304860253,2025-04-01
2025-04-22,Premier League,Man City,Aston Villa,H,0.671946686907679,0.18119109812032266,0.14686221497199842,0.5120939743532574,0.240911204683429,0.24699482096331354,2025-04-01
2025-04-23,Premier League,Arsenal,Crystal Palace,D,0.6398171342758723,0.21274942783691242,0.14743343788721522,0.6932380428807037,0.20010995052226496,0.10665200659703132,2025-04-01
2025-04-26,Premier League,Chelsea,Everton,H,0.5789882521438404,0.22052584308783676,0.20048590476832265,0.674350171652771,0.196174595389897,0.12947523295733204,2025-04-01
2025-04-26,Premier League,Brighton,West Ham,H,0.5632063212377254,0.21690938122172043,0.2198842975405542,0.5408781387000733,0.24204296706828282,0.21707889423164378,2025-04-01
2025-04-26,Premier League,Newcastle,Ipswich,H,0.751646276828234,0.14674212585300866,0.10161159731875724,0.8302171122397722,0.11427694368476864,0.05550594407545905,2025-04-01
2025-04-26,Premier League,Southampton,Fulham,A,0.22928878878293382,0.23120846634410686,0.539502744872959,0.19012060135470016,0.23499091359656368,0.5748884850487362,2025-04-01
2025-04-26,Premier League,Wolves,Leicester,H,0.46245862199468396,0.25342443292943184,0.2841169450758845,0.6232153740270153,0.21658830263270712,0.16019632334027756,2025-04-01
2025-04-27,Premier League,Bournemouth,Man United,D,0.469045490514476,0.22914099361672052,0.30181351586880356,0.4911410775836005,0.24744512305738647,0.2614137993590131,2025-04-01
2025-04-27,Premier League,Liverpool,Tottenham,H,0.6801032219762868,0.16958140818361778,0.15031536984009553,0.8076134537596278,0.12190391754862305,0.07048262869174933,2025-04-01
2025-05-01,Premier League,Nott'm Forest,Brentford,A,0.38206050710464556,0.25084675587459004,0.3670927370207643,0.4200298467553398,0.2734266315443348,0.30654352170032556,2025-05-01
2025-05-02,Premier League,Man City,Wolves,H,0.7497300380739584,0.1552385708251712,0.09503139110087036,0.7278495777539308,0.17286427471655857,0.09928614752951055,2025-05-01
2025-05-03,Premier League,Arsenal,Bournemouth,A,0.6431162155699998,0.2007505649937488,0.1561332194362516,0.5764304013663535,0.2391118701964133,0.1844577284372331,2025-05-01
2025-05-03,Premier League,Leicester,Southampton,H,0.5045491433774808,0.2375325340223028,0.25791832260021613,0.39673176203118676,0.2692500878050991,0.334018150163714,2025-05-01
2025-05-03,Premier League,Aston Villa,Fulham,H,0.47965011217728176,0.24161159066616933,0.27873829715654885,0.5163670718006332,0.2568174854458176,0.22681544275354917,2025-05-01
2025-05-03,Premier League,Everton,Ipswich,D,0.6151790250151331,0.21756789562427487,0.1672530793605919,0.6161748546446648,0.22497547018421482,0.15884967517112047,2025-05-01
2025-05-04,Premier League,Brentford,Man United,H,0.465190122601451,0.23592058896065957,0.29888928843788937,0.5838237766941314,0.2219606524297965,0.19421557087607197,2025-05-01
2025-05-04,Premier League,Brighton,Newcastle,D,0.38208727729117586,0.22987109764315214,0.38804162506567175,0.3105954270091585,0.2592436497436443,0.4301609232471974,2025-05-01
2025-05-04,Premier League,West Ham,Tottenham,D,0.3299369380007168,0.22825412935014713,0.44180893264913623,0.5244545125615493,0.24563059449085217,0.22991489294759865,2025-05-01
2025-05-04,Premier League,Chelsea,Liverpool,H,0.2878536076712448,0.225710162553402,0.48643622977535295,0.41621657370869247,0.2536319746037345,0.330151451687573,2025-05-01
2025-05-05,Premier League,Crystal Palace,Nott'm Forest,D,0.4415550061178252,0.25950928565221737,0.29893570822995746,0.4441624365482234,0.2779187817258883,0.2779187817258883,2025-05-01
2025-05-10,Premier League,Fulham,Everton,A,0.44263078537097306,0.269664413486754,0.28770480114227287,0.546358641314446,0.2578812787004185,0.1957600799851355,2025-05-01
2025-05-10,Premier League,Ipswich,Brentford,A,0.19644595008832477,0.20651920263998233,0.5970348472716931,0.16556094662837906,0.1994256857114566,0.6350133676601645,2025-05-01
2025-05-10,Premier League,Southampton,Man City,D,0.07885889712510474,0.13351251920879975,0.7876285836660956,0.0645993078645586,0.12112370224604738,0.8142769898893941,2025-05-01
2025-05-10,Premier League,Wolves,Brighton,A,0.3099606328412617,0.2481454375940454,0.4418939295646931,0.3158861585154815,0.28699981363648464,0.39711402784803385,2025-05-01
2025-05-10,Premier League,Bournemouth,Aston Villa,A,0.4189126213740697,0.23606709426447783,0.34502028436145243,0.3715330575999026,0.27190408126026394,0.3565628611398333,2025-05-01
2025-05-11,Premier League,Liverpool,Arsenal,D,0.44955697629652436,0.24769269092134083,0.3027503327821349,0.43396226415094336,0.2641509433962264,0.3018867924528302,2025-05-01
2025-05-11,Premier League,Tottenham,Crystal Palace,A,0.48373985704011696,0.23068391472033986,0.2855762282395432,0.31038028231077686,0.2597567603296074,0.4298629573596158,2025-05-01
2025-05-11,Premier League,Newcastle,Chelsea,H,0.4462151761420613,0.22506573434986019,0.3287190895080783,0.4250524744795745,0.2609571492113205,0.313990376309105,2025-05-01
2025-05-11,Premier League,Man United,West Ham,A,0.5159093064625351,0.2310316268517722,0.25305906668569295,0.4786933596738965,0.2627610289514323,0.2585456113746713,2025-05-01
2025-05-11,Premier League,Nott'm Forest,Leicester,D,0.5791742814307796,0.22535333455320447,0.19547238401601583,0.692736817415574,0.18553066978952748,0.12173251279489856,2025-05-01
2025-05-16,Premier League,Aston Villa,Tottenham,H,0.44942463087026263,0.2246788414135302,0.3258965277162073,0.7724719101123596,0.13904494382022473,0.08848314606741574,2025-05-01
2025-05-16,Premier League,Chelsea,Man United,H,0.5338331267938806,0.22281324499666003,0.24335362820945908,0.6237450088859141,0.20703025826851618,0.16922473284556974,2025-05-01
2025-05-18,Premier League,Arsenal,Newcastle,H,0.5802059632127973,0.2156289813546645,0.2041650554325383,0.5001724252271371,0.2560249353405398,0.24380263943232305,2025-05-01
2025-05-18,Premier League,Everton,Southampton,H,0.6207370476634583,0.21772222120661427,0.16154073112992723,0.6770266257547264,0.19558546966247647,0.12738790458279717,2025-05-01
2025-05-18,Premier League,West Ham,Nott'm Forest,A,0.37853409771943947,0.25512208977187406,0.3663438125086867,0.31881371640407785,0.28266913809082483,0.3985171455050973,2025-05-01
2025-05-18,Premier League,Brentford,Fulham,A,0.47060147892851895,0.24231318785001715,0.2870853332214637,0.4700054690684121,0.2567048340294493,0.2732896969021385,2025-05-01
2025-05-18,Premier League,Leicester,Ipswich,H,0.4968456457956056,0.2363390503746672,0.2668153038297272,0.4288117678468892,0.25819700610409513,0.3129912260490156,2025-05-01
2025-05-19,Premier League,Brighton,Liverpool,H,0.23190548025931154,0.2147679297892176,0.553326589951471,0.4418224625606072,0.2436113828654977,0.31456615457389514,2025-05-01
2025-05-20,Premier League,Man City,Bournemouth,H,0.6655750709707052,0.18307274392354267,0.1513521851057522,0.723800443085897,0.1672228609888107,0.10897669592529236,2025-05-01
2025-05-20,Premier League,Crystal Palace,Wolves,H,0.5165232312829093,0.24615784807585886,0.23731892064123197,0.4023507204621963,0.2974433240226666,0.30020595551513723,2025-05-01
2025-05-25,Premier League,Wolves,Brentford,D,0.3100183027690679,0.24711682621000094,0.4428648710209312,0.3242498401569769,0.25464647132746876,0.4211036885155544,2025-05-01
2025-05-25,Premier League,Tottenham,Brighton,A,0.4597568504144416,0.22383098103210494,0.3164121685534535,0.2539268891740991,0.2395418683588177,0.5065312424670833,2025-05-01
2025-05-25,Premier League,Nott'm Forest,Chelsea,A,0.32232851469436785,0.2469748366275296,0.4306966486781026,0.27814755788881595,0.25155463891753377,0.47029780319365017,2025-05-01
2025-05-25,Premier League,Southampton,Arsenal,A,0.08483025574704951,0.15188554756002312,0.7632841966929275,0.08211813560190333,0.14728527990983578,0.7705965844882608,2025-05-01
2025-05-25,Premier League,Newcastle,Everton,A,0.5607345159523904,0.2257296585381527,0.21353582550945685,0.7516890862289656,0.15543813091649045,0.092872782854544,2025-05-01
2025-05-25,Premier League,Fulham,Man City,A,0.21822771075325856,0.22686931812801178,0.5549029711187295,0.15288586822551675,0.21143078494207135,0.6356833468324119,2025-05-01
2025-05-25,Premier League,Liverpool,Crystal Palace,D,0.6880796997852391,0.17944173996317006,0.13247856025159088,0.7033564928075156,0.1607006556414522,0.1359428515510324,2025-05-01
2025-05-25,Premier League,Ipswich,West Ham,A,0.27981737006641316,0.2352355874444943,0.4849470424890924,0.29634605739556374,0.26777274607643226,0.4358811965280041,2025-05-01
2025-05-25,Premier League,Bournemouth,Leicester,H,0.6362709605543327,0.19675928019704655,0.1669697592486205,0.7219928799469741,0.17062971060475227,0.10737740944827363,2025-05-01
2025-05-25,Premier League,Man United,Aston Villa,H,0.40254713437257,0.24196718111286017,0.3554856845145695,0.20112539928662615,0.22183625276007735,0.5770383479532964,2025-05-01
2025-08-15,Premier League,Liverpool,Bournemouth,H,0.666201879940852,0.17755934593934644,0.15623877411980155,0.7523015213895712,0.1481632003958087,0.09953527821462019,2025-08-15
2025-08-16,Premier League,Tottenham,Burnley,H,0.6237897342973885,0.19720716022298934,0.17900310547962203,0.6233386496544391,0.2315257841573631,0.14513556618819776,2025-08-15
2025-08-16,Premier League,Sunderland,West Ham,H,0.22581963372959302,0.24993220526513835,0.5242481610052686,0.27428089800414773,0.30052382343047046,0.4251952785653818,2025-08-15
2025-08-16,Premier League,Wolves,Man City,A,0.15896935900775963,0.20273522786483625,0.638295413127404,0.15587226503521526,0.20628201883383807,0.6378457161309466,2025-08-15
2025-08-16,Premier League,Aston Villa,Newcastle,D,0.3798785320444871,0.23317435137297338,0.3869471165825395,0.41756812961582124,0.26687549881782513,0.3155563715663535,2025-08-15
2025-08-16,Premier League,Brighton,Fulham,D,0.4842663745181892,0.23674770771478038,0.2789859177670306,0.5065243179122183,0.265717674970344,0.2277580071174377,2025-08-15
2025-08-17,Premier League,Chelsea,Crystal Palace,D,0.5184987175024265,0.23056817007761948,0.25093311241995386,0.5550739973039179,0.236921828117526,0.208004174578556,2025-08-15
2025-08-17,Premier League,Nott'm Forest,Brentford,H,0.3679832761942719,0.24817565328570546,0.3838410705200227,0.44592835760459304,0.28846404141780796,0.2656076009775991,2025-08-15
2025-08-17,Premier League,Man United,Arsenal,A,0.23516864131977255,0.23503409628996108,0.5297972623902663,0.25284191587383803,0.26170160564839295,0.48545647847776896,2025-08-15
2025-08-18,Premier League,Leeds,Everton,H,0.34654178798521895,0.25919068248553534,0.39426752952924565,0.4122020226342403,0.29478690103539607,0.2930110763303636,2025-08-15
2025-08-22,Premier League,West Ham,Chelsea,A,0.2722179598122514,0.22895333189236436,0.4988287082953841,0.18775206102913783,0.2344633225895272,0.5777846163813348,2025-08-15
2025-08-23,Premier League,Burnley,Sunderland,H,0.5388382306815912,0.2547449269141495,0.20641684240425923,0.4142655583956767,0.30517995681186216,0.28055448479246115,2025-08-15
2025-08-23,Premier League,Man City,Tottenham,A,0.6707746830983354,0.17544831519472204,0.15377700170694264,0.6430651271835668,0.19696315254506813,0.15997172027136503,2025-08-15
2025-08-23,Premier League,Bournemouth,Wolves,H,0.554536897045491,0.2266110993443171,0.21885200361019155,0.5373945002851547,0.25069176430828094,0.21191373540656427,2025-08-15
2025-08-23,Premier League,Brentford,Aston Villa,H,0.44078901390870034,0.2345796547330689,0.32463133135823075,0.295675725813932,0.2795325108988035,0.4247917632872647,2025-08-15
2025-08-23,Premier League,Arsenal,Leeds,H,0.753143440706523,0.15250716660745964,0.09434939268601737,0.7248552578430052,0.17501009829002293,0.10013464386697188,2025-08-15
2025-08-24,Premier League,Everton,Brighton,H,0.3587395818980315,0.2585981584562331,0.3826622596457353,0.3099136851215013,0.2896217176433078,0.40046459723519096,2025-08-15
2025-08-24,Premier League,Crystal Palace,Nott'm Forest,D,0.46516594024323604,0.25314053168501777,0.2816935280717461,0.39728479217045254,0.29949161255926426,0.3032235952702831,2025-08-15
2025-08-24,Premier League,Fulham,Man United,D,0.417075181039194,0.248653759725204,0.33427105923560185,0.27542690409907583,0.2785836594469162,0.44598943645400807,2025-08-15
2025-08-25,Premier League,Newcastle,Liverpool,A,0.3112704377732892,0.21896138580153907,0.4697681764251718,0.3275904303094635,0.2601453417163387,0.4122642279741978,2025-08-15
2025-08-30,Premier League,Chelsea,Fulham,H,0.5472558013992305,0.22445918801705694,0.22828501058371264,0.5797624589357203,0.24387992605104605,0.17635761501323366,2025-08-15
2025-08-30,Premier League,Man United,Burnley,H,0.5887882169349851,0.21831686869461825,0.19289491437039671,0.6899353341071133,0.1890233792074283,0.12104128668545845,2025-08-15
2025-08-30,Premier League,Sunderland,Brentford,H,0.15344622233146477,0.20974046800018734,0.6368133096683477,0.31563960672648145,0.2954923977864933,0.3888679954870252,2025-08-15
2025-08-30,Premier League,Tottenham,Bournemouth,A,0.44154864457934456,0.22404396578580613,0.33440738963484923,0.4932866238198424,0.26193386763479504,0.24477950854536262,2025-08-15
2025-08-30,Premier League,Wolves,Everton,A,0.352843649003205,0.27608390543716904,0.37107244555962576,0.3032618996667787,0.3042095931032374,0.3925285072299838,2025-08-15
2025-08-30,Premier League,Leeds,Newcastle,D,0.23646999869216928,0.21052016163758794,0.5530098396702429,0.3080369279354096,0.2741962513453224,0.417766820719268,2025-08-15
2025-08-31,Premier League,Brighton,Man City,H,0.25708111976872594,0.2247500563996146,0.5181688238316597,0.25775036299276055,0.2563902027658858,0.4858594342413536,2025-08-15
2025-08-31,Premier League,Nott'm Forest,West Ham,A,0.4732632826562826,0.24586861042830796,0.2808681069154093,0.5716291707783611,0.24151332465385753,0.18685750456778147,2025-08-15
2025-08-31,Premier League,Liverpool,Arsenal,H,0.4471907786202459,0.2395996887572141,0.3132095326225399,0.4053881055029464,0.27561797541276806,0.3189939190842857,2025-08-15
2025-08-31,Premier League,Aston Villa,Crystal Palace,A,0.4524991914762996,0.24440590277575164,0.3030949057479489,0.4788359697681195,0.2769336235411061,0.24423040669077445,2025-08-15
2025-09-13,Premier League,Brentford,Chelsea,D,0.3790427046253025,0.23413910060126875,0.38681819477342894,0.23094500066831733,0.25188560953720623,0.5171693897944766,2025-08-15
2025-09-13,Premier League,West Ham,Tottenham,A,0.35110008168640033,0.2282889833087578,0.42061093500484187,0.2827895212285456,0.27097380307136404,0.4462366757000903,2025-08-15
2025-09-13,Premier League,Newcastle,Wolves,H,0.6374885721657317,0.1966858406112463,0.16582558722302215,0.708431215158366,0.18664437783980026,0.10492440700183368,2025-08-15
2025-09-13,Premier League,Fulham,Leeds,H,0.5391071643972134,0.22667733484712269,0.234215500755664,0.46093995017284456,0.2877465369422195,0.25131351288493586,2025-08-15
2025-09-13,Premier League,Everton,Aston Villa,D,0.35669077376184155,0.26281411332739546,0.3804951129107628,0.3607143409833021,0.29875114130518887,0.34053451771150905,2025-08-15
2025-09-13,Premier League,Crystal Palace,Sunderland,D,0.7001180128948866,0.19025297752974554,0.10962900957536766,0.571960466286883,0.2619547935026646,0.16608474021045228,2025-08-15
2025-09-13,Premier League,Bournemouth,Brighton,H,0.4268607684853927,0.23431560654956815,0.3388236249650392,0.3940302575984735,0.2749307164599518,0.33103902594157464,2025-08-15
2025-09-13,Premier League,Arsenal,Nott'm Forest,H,0.6537268969246431,0.20359165344416216,0.14268144963119464,0.6966715511827507,0.18777475402972574,0.11555369478752353,2025-08-15
2025-09-14,Premier League,Burnley,Liverpool,A,0.11578905869831523,0.1612779287308003,0.7229330125708846,0.10194174757281553,0.16990291262135923,0.7281553398058253,2025-09-14
2025-09-14,Premier League,Man City,Man United,H,0.6572518614310758,0.18813644102452345,0.15461169754440052,0.5471161330148421,0.23911001368796805,0.21377385329718995,2025-09-14
2025-09-20,Premier League,Liverpool,Everton,H,0.6836885436137403,0.18409797372226455,0.13221348266399505,0.6301502666020358,0.22055259331071253,0.14929714008725156,2025-09-14
2025-09-20,Premier League,Brighton,Tottenham,D,0.4613422887290318,0.2241509564147298,0.31450675485623825,0.42641931355096885,0.2599561590631574,0.3136245273858738,2025-09-14
2025-09-20,Premier League,Burnley,Nott'm Forest,D,0.3064773771035325,0.25725571502725103,0.4362669078692166,0.2810820785355772,0.28858872158252136,0.4303291998819014,2025-09-14
2025-09-20,Premier League,West Ham,Crystal Palace,A,0.3274644018221917,0.24953039764305604,0.4230052005347523,0.2983306085104468,0.28604640698354605,0.4156229845060071,2025-09-14
2025-09-20,Premier League,Wolves,Leeds,A,0.4178117399966901,0.2632271633693601,0.31896109663395,0.34153769559585995,0.3070607042423346,0.3514016001618054,2025-09-14
2025-09-20,Premier League,Man United,Chelsea,H,0.33684536580534,0.23700281652172717,0.42615181767293264,0.35909157774433365,0.26372308284204454,0.37718533941362176,2025-09-14
2025-09-20,Premier League,Fulham,Brentford,H,0.3820076727142829,0.2483109650113528,0.3696813622743642,0.4444572744101123,0.293181153903056,0.2623615716868318,2025-09-14
2025-09-21,Premier League,Arsenal,Man City,D,0.43903502418910445,0.254097749245013,0.3068672265658824,0.47464075118020377,0.26657905203271715,0.25878019678707914,2025-09-14
2025-09-21,Premier League,Sunderland,Aston Villa,D,0.324192875743336,0.30222413527790365,0.37358298897876047,0.2692895088747452,0.29281178525235846,0.4378987058728963,2025-09-14
2025-09-21,Premier League,Bournemouth,Newcastle,D,0.37297107890518455,0.2389099962756615,0.388118924819154,0.3860254104276696,0.2819663867471674,0.3320082028251629,2025-09-14
2025-09-27,Premier League,Brentford,Man United,H,0.4682267286404104,0.23174438624990895,0.30002888510968084,0.2868213210554277,0.2545351514078272,0.45864352753674514,2025-09-14
2025-09-27,Premier League,Chelsea,Brighton,A,0.5209928002012735,0.22171142526787072,0.2572957745308558,0.5086493149170193,0.24847063721010404,0.24288004787287668,2025-09-14
2025-09-27,Premier League,Crystal Palace,Liverpool,H,0.24743989262601615,0.22508360206936567,0.527476505304618,0.22552175968660648,0.2613864061057703,0.5130918342076233,2025-09-14
2025-09-27,Premier League,Leeds,Bournemouth,D,0.2933584694103815,0.24491387799592426,0.4617276525936941,0.322874870179392,0.2883837861246201,0.388741343695988,2025-09-14
2025-09-27,Premier League,Man City,Burnley,H,0.7987088840086944,0.1295866955758199,0.07170442041548551,0.8057523291452697,0.12909249599123146,0.0651551748634989,2025-09-14
2025-09-27,Premier League,Nott'm Forest,Sunderland,A,0.4124336314088662,0.30798936813753564,0.27957700045359835,0.5441951486455943,0.2535778441332874,0.20222700722111853,2025-09-14
2025-09-27,Premier League,Tottenham,Wolves,D,0.5756219929102514,0.21633725568822276,0.20804075140152567,0.6112986502042421,0.22101873394112187,0.16768261585463587,2025-09-14
2025-09-28,Premier League,Aston Villa,Fulham,H,0.46666906697300725,0.2483992439387361,0.28493168908825667,0.4090176041478266,0.2995267378067161,0.2914556580454573,2025-09-14
2025-09-28,Premier League,Newcastle,Arsenal,A,0.30592084600695907,0.24937971022551003,0.444699443767531,0.25697988592014415,0.2891023716601621,0.4539177424196938,2025-09-14
2025-09-29,Premier League,Everton,West Ham,D,0.4737462559117037,0.2537441407343962,0.2725096033539001,0.575221238938053,0.24778761061946902,0.17699115044247785,2025-09-14
2025-10-03,Premier League,Bournemouth,Fulham,H,0.48472863584521125,0.24285717306181592,0.2724141910929729,0.48156757420005725,0.27401873236172275,0.24441369343821998,2025-09-14
2025-10-04,Premier League,Chelsea,Liverpool,H,0.3245985642812929,0.22732790925362173,0.44807352646508525,0.33533862336224396,0.25259272928584603,0.41206864735190996,2025-09-14
2025-10-04,Premier League,Man United,Sunderland,H,0.46389517257117474,0.2855682959974187,0.25053653143140653,0.6143882221649101,0.21872777977299518,0.16688399806209495,2025-09-14
2025-10-04,Premier League,Leeds,Tottenham,A,0.3076761840521227,0.2353357308596491,0.4569880850882278,0.3511012116208068,0.2818986539680101,0.367000134411183,2025-09-14
2025-10-04,Premier League,Arsenal,West Ham,H,0.7289066346372918,0.1671046477942789,0.10398871756842927,0.7926810446111058,0.14179924844949396,0.06551970693940035,2025-09-14
2025-10-05,Premier League,Aston Villa,Burnley,H,0.6188735265188151,0.20849175291475835,0.17263472056642648,0.585494917304004,0.2470758602433777,0.16742922245261815,2025-09-14
2025-10-05,Premier League,Everton,Crystal Palace,H,0.3664341667389956,0.2724568859663928,0.36110894729461174,0.3730008226510994,0.3014031415230246,0.3255960358258761,2025-09-14
2025-10-05,Premier League,Newcastle,Nott'm Forest,H,0.5756436979362244,0.21951581290532982,0.20484048915844585,0.6160357489689167,0.2203134683100682,0.1636507827210151,2025-09-14
2025-10-05,Premier League,Wolves,Brighton,D,0.29113131148844834,0.24595756818266248,0.4629111203288889,0.2545091003711363,0.26419151179829903,0.48129938783056464,2025-09-14
2025-10-05,Premier League,Brentford,Man City,A,0.259663867632988,0.22541606493796013,0.514920067429052,0.19221124529323258,0.22067076908380234,0.587117985622965,2025-09-14
2025-10-18,Premier League,Fulham,Arsenal,A,0.20610539302763392,0.24514708703709873,0.5487475199352673,0.1341421180223955,0.23434466401502826,0.6315132179625762,2025-10-18
2025-10-18,Premier League,Nott'm Forest,Chelsea,A,0.2849759551039304,0.24619610180126625,0.46882794309480336,0.3004526299360075,0.2781332917121898,0.4214140783518027,2025-10-18
2025-10-18,Premier League,Brighton,Newcastle,H,0.37464029293684015,0.2398331994447352,0.38552650761842466,0.3389920990817852,0.27797352124706387,0.383034379671151,2025-10-18
2025-10-18,Premier League,Burnley,Leeds,H,0.33450709816355617,0.2649753892216778,0.400517512614766,0.2724014336917563,0.3010752688172043,0.42652329749103945,2025-10-18
2025-10-18,Premier League,Crystal Palace,Bournemouth,D,0.4295250048558439,0.25073557802334046,0.3197394171208156,0.43432474792522363,0.28530423324120263,0.2803710188335738,2025-10-18
2025-10-18,Premier League,Man City,Everton,H,0.664271087354409,0.20159258764238583,0.13413632500320533,0.6712451334927543,0.2124380202702343,0.11631684623701156,2025-10-18
2025-10-18,Premier League,Sunderland,Wolves,H,0.43045626611186755,0.30582281938751793,0.26372091450061436,0.3671144145298647,0.32107366287265393,0.3118119225974812,2025-10-18
2025-10-19,Premier League,Liverpool,Man United,A,0.6698936724561798,0.1788013154945939,0.1513050120492263,0.5938841006382215,0.21704732826015719,0.1890685711016213,2025-10-18
2025-10-19,Premier League,Tottenham,Aston Villa,A,0.43590024019337703,0.23780694858605778,0.3262928112205651,0.41948090692124107,0.28290572792362767,0.29761336515513126,2025-10-18
2025-10-20,Premier League,West Ham,Brentford,A,0.31958417038223785,0.2399795787966315,0.44043625082113064,0.3701704118189215,0.2941233181521944,0.335706270028884,2025-10-18
2025-10-24,Premier League,Leeds,West Ham,H,0.43168508593191174,0.2522572784284233,0.3160576356396649,0.5359800216552711,0.2614889054436767,0.20253107290105232,2025-10-18
2025-10-25,Premier League,Chelsea,Sunderland,A,0.5553628301019048,0.25502747123391584,0.18960969866417948,0.6696918818350955,0.2066070699278486,0.12370104823705584,2025-10-18
2025-10-25,Premier League,Newcastle,Fulham,H,0.5579335828446952,0.22785428370261288,0.21421213345269216,0.6037607749475649,0.23423008377483842,0.16200914127759658,2025-10-18
2025-10-25,Premier League,Man United,Brighton,H,0.41085097185583397,0.23942888998232292,0.349720138161843,0.4786658003032272,0.24915168579885927,0.2721825138979135,2025-10-18
2025-10-25,Premier League,Brentford,Liverpool,H,0.2569027078783538,0.21740595545780145,0.5256913366638446,0.22755085114440507,0.24723718432229252,0.5252119645333024,2025-10-18
2025-10-26,Premier League,Arsenal,Crystal Palace,H,0.6197697826429122,0.2180982874014898,0.16213192995559775,0.6981073533974558,0.19407384424449267,0.10781880235805148,2025-10-18
2025-10-26,Premier League,Aston Villa,Man City,H,0.24390536239790864,0.23508635305422373,0.5210082845478677,0.22707132582153003,0.2571868862753139,0.515741787903156,2025-10-18
2025-10-26,Premier League,Bournemouth,Nott'm Forest,H,0.5193161216160055,0.24163069563669032,0.2390531827473043,0.4811950982936925,0.27458025382860424,0.2442246478777032,2025-10-18
2025-10-26,Premier League,Wolves,Burnley,A,0.4852291515197084,0.2616659048194698,0.25310494366082187,0.5024726102149407,0.28439065622135934,0.21313673356370008,2025-10-18
2025-10-26,Premier League,Everton,Tottenham,A,0.3864364264529391,0.25674046480455615,0.3568231087425048,0.42677508220030214,0.2870345685594952,0.2861903492402026,2025-10-18
2025-11-01,Premier League,Liverpool,Aston Villa,H,0.6511402104560848,0.18872088791201305,0.160138901631902,0.5785161583978151,0.22394173873463813,0.19754210286754664,2025-10-18
2025-11-01,Premier League,Tottenham,Chelsea,A,0.3602378872723908,0.23301691382345435,0.40674519890415467,0.3439457660206428,0.27731239824456383,0.3787418357347934,2025-10-18
2025-11-01,Premier League,Nott'm Forest,Man United,D,0.36415167803731635,0.2551588519868616,0.3806894699758221,0.27931246163290363,0.2578268876611418,0.46286065070595456,2025-10-18
2025-11-01,Premier League,Crystal Palace,Brentford,H,0.43945108317097203,0.24379405818161715,0.31675485864741093,0.4695476397456979,0.27534380007750553,0.2551085601767965,2025-10-18
2025-11-01,Premier League,Burnley,Arsenal,A,0.11141330376579471,0.18879581044094995,0.6997908857932554,0.0790454273710762,0.1591309261549297,0.7618236464739941,2025-10-18
2025-11-01,Premier League,Brighton,Leeds,H,0.5679402871740994,0.22202052267206684,0.21003919015383377,0.47851569225683366,0.26982968202260343,0.2516546257205628,2025-10-18
2025-11-01,Premier League,Fulham,Wolves,H,0.5064468351243867,0.2560355847109037,0.23751758016470947,0.5423835011570823,0.26028591610487334,0.19733058273804419,2025-10-18
2025-11-02,Premier League,West Ham,Newcastle,H,0.2518996221152732,0.22989494356967255,0.5182054343150544,0.18728077679869964,0.22944114124390452,0.5832780819573958,2025-10-18
2025-11-02,Premier League,Man City,Bournemouth,H,0.6308777665411694,0.20279686974243802,0.16632536371639256,0.6767805486052331,0.18089648308513706,0.1423229683096299,2025-10-18
2025-11-03,Premier League,Sunderland,Everton,D,0.35722932858676326,0.3191771570810444,0.3235935143321925,0.29330666909068875,0.3043056691815896,0.4023876617277218,2025-10-18
2025-11-08,Premier League,Tottenham,Man United,D,0.451656793010768,0.2312682262054512,0.3170749807837807,0.3249788592566654,0.2724753109645022,0.40254582977883246,2025-10-18
2025-11-08,Premier League,Everton,Fulham,H,0.40711359474744674,0.2764347780450395,0.31645162720751363,0.40899533502649016,0.30043484486513783,0.2905698201083721,2025-10-18
2025-11-08,Premier League,West Ham,Burnley,H,0.5223410492587646,0.2404110711431872,0.23724787959804836,0.5162397072278133,0.26517230863068003,0.21858798414150654,2025-10-18
2025-11-08,Premier League,Sunderland,Arsenal,D,0.17858696325023832,0.2749851432104665,0.5464278935392952,0.1216551724137931,0.2162758620689655,0.6620689655172414,2025-10-18
2025-11-08,Premier League,Chelsea,Wolves,H,0.638067456185281,0.2055306794976758,0.1564018643170431,0.7144500690289921,0.17993557294063506,0.10561435803037277,2025-10-18
2025-11-09,Premier League,Man City,Liverpool,H,0.45147216207266083,0.23392562403923764,0.31460221388810167,0.5031217007077593,0.24401402484326326,0.2528642744489775,2025-10-18
2025-11-09,Premier League,Nott'm Forest,Leeds,H,0.45435061985726255,0.2590756767263805,0.28657370341635685,0.43634211910466947,0.2948614926070948,0.26879638828823565,2025-10-18
2025-11-09,Premier League,Brentford,Newcastle,H,0.3639245365190332,0.23946872415289042,0.39660673932807644,0.3320643315514117,0.2771933024061642,0.3907423660424242,2025-10-18
2025-11-09,Premier League,Aston Villa,Bournemouth,H,0.4201392162534757,0.25009395255746436,0.3297668311890597,0.4102254731920669,0.28595128572505846,0.30382324108287456,2025-10-18
2025-11-09,Premier League,Crystal Palace,Brighton,D,0.4283294663273949,0.24497365792036568,0.3266968757522395,0.4006604854908814,0.28220434195444694,0.31713517255467166,2025-10-18
2025-11-22,Premier League,Burnley,Chelsea,A,0.17621548098315762,0.2033379759027569,0.6204465431140855,0.16758305678353191,0.22870158337517296,0.6037153598412951,2025-11-22
2025-11-22,Premier League,Bournemouth,West Ham,D,0.5659548756055133,0.21789353038356385,0.21615159401092285,0.575081837555199,0.2362194344970011,0.1886987279477997,2025-11-22
2025-11-22,Premier League,Brighton,Brentford,H,0.4346517782759914,0.23607078713196497,0.3292774345920437,0.44846728467284674,0.2804536045360454,0.2710791107911079,2025-11-22
2025-11-22,Premier League,Fulham,Sunderland,H,0.39458827222385945,0.28967764892143816,0.3157340788547024,0.46949987151260913,0.28753394497961565,0.24296618350777519,2025-11-22
2025-11-22,Premier League,Liverpool,Nott'm Forest,A,0.7041949712034589,0.17095827695953278,0.1248467518370083,0.6560230385614947,0.20561916134016997,0.13835780009833532,2025-11-22
2025-11-22,Premier League,Wolves,Crystal Palace,A,0.2741907331330378,0.2584308881214061,0.4673783787455562,0.21362426099473042,0.2546626058700339,0.5317131331352356,2025-11-22
2025-11-22,Premier League,Newcastle,Man City,H,0.30187892238465064,0.24102124968153193,0.45709982793381726,0.24049026937628856,0.253607920433177,0.5059018101905345,2025-11-22
2025-11-23,Premier League,Leeds,Aston Villa,A,0.3052899152785205,0.2553779793130056,0.4393321054084738,0.2945677066293906,0.28094607857716447,0.42448621479344495,2025-11-22
2025-11-23,Premier League,Arsenal,Tottenham,H,0.6636127111141056,0.19290659855635403,0.1434806903295403,0.657887635288376,0.21635230959147939,0.12576005512014468,2025-11-22
2025-11-24,Premier League,Man United,Everton,A,0.476762028792016,0.25245969701910526,0.2707782741888786,0.5110796061447631,0.25091763609174417,0.23800275776349264,2025-11-22
2025-11-29,Premier League,Man City,Leeds,H,0.7615498560343331,0.15108814847436536,0.08736199549130132,0.7980610073303382,0.12981792385906835,0.07212106881059352,2025-11-22
2025-11-29,Premier League,Tottenham,Fulham,A,0.48067181762878064,0.23825049250110333,0.281077689870116,0.40536620739666424,0.2828136330674402,0.31182015953589554,2025-11-22
2025-11-29,Premier League,Everton,Newcastle,A,0.31915828079372655,0.2599404497033609,0.42090126950291257,0.353884793000081,0.2896378514137568,0.35647735558616217,2025-11-22
2025-11-29,Premier League,Brentford,Burnley,H,0.6878753623887316,0.17866708196234696,0.13345755564892148,0.6483249962103986,0.21373351523419737,0.137941488555404,2025-11-22
2025-11-29,Premier League,Sunderland,Bournemouth,H,0.39085433774075595,0.27722342584137866,0.3319222364178654,0.2955583988301956,0.28349479071467737,0.42094681045512705,2025-11-22
2025-11-30,Premier League,Crystal Palace,Man United,A,0.46095760155712684,0.24309108057243786,0.2959513178704354,0.4651405874359778,0.2604787289641476,0.27438068359987455,2025-11-22
2025-11-30,Premier League,Aston Villa,Wolves,H,0.5787946080626193,0.23101494852592105,0.19019044341145974,0.6583765415824472,0.2081319389518704,0.1334915194656824,2025-11-22
2025-11-30,Premier League,Nott'm Forest,Brighton,A,0.3454084506513951,0.2528603819912237,0.4017311673573812,0.33020116209944966,0.2907741576696646,0.3790246802308858,2025-11-22
2025-11-30,Premier League,West Ham,Liverpool,A,0.17468110881695545,0.19027874742586648,0.6350401437571783,0.1885739098070839,0.20445381800136464,0.6069722721915514,2025-11-22
2025-11-30,Premier League,Chelsea,Arsenal,D,0.3132324456493767,0.2547212863921735,0.4320462679584497,0.3051361602092354,0.3070613094850034,0.3878025303057613,2025-11-22
2025-12-02,Premier League,Fulham,Man City,A,0.20751488093757053,0.23040766819955388,0.5620774508628753,0.1825090998366833,0.23478112357631586,0.5827097765870008,2025-11-22
2025-12-02,Premier League,Bournemouth,Everton,A,0.47809685880069525,0.2535353510312133,0.26836779016809154,0.4364712206931609,0.27809452061307105,0.28543425869376793,2025-11-22
2025-12-02,Premier League,Newcastle,Tottenham,D,0.533758896788774,0.21810054971914355,0.24814055349208244,0.5247110121241589,0.2495412268456797,0.22574776103016142,2025-11-22
2025-12-03,Premier League,Leeds,Chelsea,H,0.23374075791973384,0.2286824360421036,0.5375768060381624,0.23642715544950002,0.27527354359700995,0.48829930095349,2025-11-22
2025-12-03,Premier League,Wolves,Nott'm Forest,A,0.3510168185868309,0.2714463508397918,0.3775368305733774,0.3073141122913505,0.2934294385432474,0.39925644916540215,2025-11-22
2025-12-03,Premier League,Liverpool,Sunderland,D,0.6321827827180863,0.21216353911841096,0.1556536781635028,0.7100995264418536,0.17655125337493982,0.11334922018320667,2025-11-22
2025-12-03,Premier League,Brighton,Aston Villa,A,0.45512849445651227,0.24385290282889185,0.30101860271459596,0.42087768189906993,0.281805056575899,0.297317261525031,2025-11-22
2025-12-03,Premier League,Arsenal,Brentford,H,0.619436171993537,0.2114150198396958,0.16914880816676756,0.671990587780231,0.20810031105452315,0.11990910116524568,2025-11-22
2025-12-03,Premier League,Burnley,Crystal Palace,A,0.2304736682587798,0.2364389662319681,0.5330873655092521,0.19198129721628276,0.2571632761119968,0.5508554266717205,2025-11-22
2025-12-04,Premier League,Man United,West Ham,D,0.5647354673098435,0.21715789545811587,0.21810663723204068,0.6964794506092166,0.186174314682079,0.11734623470870437,2025-11-22
2025-12-06,Premier League,Aston Villa,Arsenal,H,0.23999492204793269,0.25213147307168005,0.5078736048803872,0.21725940624284515,0.2761772113256506,0.5065633824315043,2025-11-22
2025-12-06,Premier League,Bournemouth,Chelsea,D,0.35267094960558,0.2388836083185803,0.40844544207583977,0.2879967255456836,0.2528386837258209,0.45916459072849547,2025-11-22
2025-12-06,Premier League,Everton,Nott'm Forest,H,0.44052164117995735,0.27126446062434273,0.2882138981956998,0.45847091334230844,0.288414936583292,0.2531141500743995,2025-11-22
2025-12-06,Premier League,Man City,Sunderland,H,0.636547673520497,0.22125089691308683,0.14220142956641624,0.7619896575610962,0.1500351728841228,0.0879751695547811,2025-11-22
2025-12-06,Premier League,Newcastle,Burnley,H,0.7187235513091884,0.16687229249140034,0.11440415619941133,0.727226115193984,0.16821056229704326,0.10456332250897285,2025-11-22
2025-12-06,Premier League,Tottenham,Brentford,H,0.4081913091746954,0.2321727978385646,0.3596358929867399,0.39124433950427173,0.2840228587071827,0.3247328017885456,2025-11-22
2025-12-06,Premier League,Leeds,Liverpool,D,0.16681637011618028,0.19370873850722675,0.6394748913765931,0.21152471902812967,0.23803027350094197,0.5504450074709284,2025-11-22
2025-12-07,Premier League,Brighton,West Ham,D,0.587535514213984,0.21134692086912155,0.20111756491689445,0.5954558829173435,0.22312484808167127,0.18141926900098507,2025-11-22
2025-12-07,Premier League,Fulham,Crystal Palace,A,0.3673752820936337,0.2621056749353239,0.3705190429710424,0.38478596662945236,0.28632602810956304,0.32888800526098455,2025-11-22
2025-12-08,Premier League,Wolves,Man United,A,0.2936993974974989,0.2513645862251941,0.4549360162773069,0.18128310771041792,0.23092014910731803,0.5877967431822642,2025-11-22
2025-12-13,Premier League,Chelsea,Everton,H,0.5719656575718147,0.22865216700969146,0.19938217541849354,0.5532036296837564,0.24759753246715444,0.19919883784908923,2025-11-22
2025-12-13,Premier League,Liverpool,Brighton,H,0.6287044377793289,0.1908423228479607,0.1804532393727105,0.5377543515567542,0.23608727629320916,0.22615837215003678,2025-11-22
2025-12-13,Premier League,Burnley,Fulham,A,0.28284464854931884,0.25304805714241674,0.4641072943082646,0.23942944991396953,0.2769468850856741,0.48362366500035636,2025-11-22
2025-12-13,Premier League,Arsenal,Wolves,H,0.7531951931749552,0.16393487189068798,0.08286993493435701,0.8619378475454744,0.10198845735354826,0.03607369510097726,2025-11-22
2025-12-14,Premier League,Crystal Palace,Man City,A,0.25776253986001824,0.24249768581973027,0.4997397743202516,0.2307526006562047,0.2555192410407712,0.5137281583030241,2025-11-22
2025-12-14,Premier League,Nott'm Forest,Tottenham,H,0.37549339443647356,0.24744861518980146,0.3770579903737249,0.35403930341542444,0.2906292789231096,0.3553314176614661,2025-11-22
2025-12-14,Premier League,Sunderland,Newcastle,H,0.3316888799805111,0.27570684432393566,0.39260427569555323,0.2696550604951406,0.28380605492345695,0.44653888458140245,2025-11-22
2025-12-14,Premier League,West Ham,Aston Villa,A,0.32031844867064607,0.24862990769635032,0.43105164363300347,0.29064550164104397,0.27273457436904686,0.4366199239899091,2025-11-22
2025-12-14,Premier League,Brentford,Leeds,D,0.6077810181996346,0.20907786045638216,0.18314112134398325,0.43652118029817827,0.29232499461409533,0.27115382508772634,2025-11-22
2025-12-15,Premier League,Man United,Bournemouth,D,0.4424683589745371,0.23794914863293523,0.3195824923925277,0.5355908245886275,0.23359503433865436,0.23081414107271803,2025-11-22
2025-12-20,Premier League,Leeds,Crystal Palace,H,0.292998175286438,0.2541599336015169,0.45284189111204515,0.3320642664806581,0.3128451127936747,0.35509062072566727,2025-11-22
2025-12-20,Premier League,Tottenham,Liverpool,A,0.26111986972988943,0.21207490797985995,0.5268052222902506,0.2619235269405568,0.264058773084094,0.47401769997534926,2025-11-22
2025-12-20,Premier League,Wolves,Brentford,A,0.2649218675294362,0.2437945802538754,0.4912835522166885,0.2803270263275877,0.27952148889561185,0.44015148477680055,2025-11-22
2025-12-20,Premier League,Everton,Arsenal,A,0.20122751251063165,0.2542064497046795,0.5445660377846888,0.14606741573033707,0.23127340823970036,0.6226591760299625,2025-11-22
2025-12-20,Premier League,Brighton,Sunderland,D,0.4658441462755275,0.26733982827809016,0.26681602544638233,0.5199995060325772,0.2693110389369821,0.21068945503044076,2025-11-22
2025-12-20,Premier League,Bournemouth,Burnley,D,0.6525626529343529,0.19412335576430528,0.15331399130134177,0.6573399014778326,0.20267980295566504,0.13998029556650246,2025-11-22
2025-12-20,Premier League,Newcastle,Chelsea,D,0.42281481976839275,0.23689496022976056,0.34029022000184656,0.3392890328404173,0.27429845753577403,0.38641250962380863,2025-11-22
2025-12-20,Premier League,Man City,West Ham,H,0.7615500332863899,0.1478194764710599,0.09063049024255006,0.8135091827930482,0.11734253666954271,0.0691482805374091,2025-11-22
2025-12-21,Premier League,Aston Villa,Man United,H,0.4468855296566823,0.24436878505258283,0.3087456852907348,0.4792592894726108,0.2607170534731003,0.26002365705428887,2025-11-22
2025-12-22,Premier League,Fulham,Nott'm Forest,H,0.44918871497889173,0.2608107416300714,0.2900005433910369,0.36576990890957706,0.29043222617894776,0.3437978649114753,2025-12-22
2025-12-26,Premier League,Man United,Newcastle,H,0.384412111293444,0.2358213201452351,0.3797665685613209,0.3877025944998273,0.256068822361955,0.35622858313821776,2025-12-22
2025-12-27,Premier League,Chelsea,Aston Villa,A,0.515638931643179,0.23109118610479443,0.2532698822520265,0.5412191489555307,0.23400538082859906,0.2247754702158701,2025-12-22
2025-12-27,Premier League,West Ham,Fulham,A,0.36150821240846426,0.25405896727732025,0.3844328203142156,0.31804675118858955,0.2879358161648178,0.3940174326465927,2025-12-22
2025-12-27,Premier League,Liverpool,Wolves,H,0.7663684644117256,0.14635218797989757,0.08727934760837683,0.7711448585218018,0.14582920925147536,0.08302593222672285,2025-12-22
2025-12-27,Premier League,Brentford,Bournemouth,H,0.47168944052823986,0.2332670901801792,0.2950434692915808,0.41968358118113364,0.2712161304568886,0.3091002883619777,2025-12-22
2025-12-27,Premier League,Arsenal,Brighton,H,0.6413952652360541,0.20533237939478605,0.1532723553691599,0.7285912749848776,0.1715090965893606,0.0998996284257616,2025-12-22
2025-12-27,Premier League,Nott'm Forest,Man City,A,0.19719707503360046,0.2248020806139946,0.5780008443524048,0.17477947124459114,0.23374122058011582,0.5914793081752932,2025-12-22
2025-12-27,Premier League,Burnley,Everton,D,0.29351261430708336,0.2690969307938833,0.43739045489903333,0.26020816653322654,0.2994395516413131,0.4403522818254604,2025-12-22
2025-12-28,Premier League,Sunderland,Leeds,D,0.4169981135544782,0.282706230691285,0.300295655754237,0.3234775532347755,0.3091007730910077,0.36742167367421674,2025-12-22
2025-12-28,Premier League,Crystal Palace,Tottenham,A,0.4672946216434279,0.23918942276523691,0.29351595559133487,0.42526846494686227,0.2822796477473376,0.2924518873058002,2025-12-22
2025-12-30,Premier League,Arsenal,Aston Villa,H,0.6300928048725658,0.21418166764281169,0.15572552748462234,0.7066381156316915,0.17601713062098498,0.11734475374732332,2025-12-22
2025-12-30,Premier League,Man United,Wolves,D,0.6111231046581133,0.2128628167312629,0.17601407861062351,0.7028255004969475,0.17961096123810877,0.11756353826494392,2025-12-22
2025-12-30,Premier League,West Ham,Brighton,D,0.3140522381183637,0.2390803424550415,0.44686741942659464,0.2753138998295744,0.2662624839447664,0.45842361622565914,2025-12-22
2025-12-30,Premier League,Burnley,Newcastle,A,0.19506166270543346,0.21410788194497093,0.5908304553495954,0.1616738438494664,0.22046433252199962,0.617861823628534,2025-12-22
2025-12-30,Premier League,Chelsea,Bournemouth,D,0.5333115476609197,0.222762547161853,0.24392590517722745,0.6107758307278411,0.21580746019050387,0.1734167090816549,2025-12-22
2025-12-30,Premier League,Nott'm Forest,Everton,A,0.40939037806173817,0.2790039176554493,0.3116057042828128,0.5068293338280736,0.27882874525785134,0.21434192091407514,2025-12-22
2026-01-01,Premier League,Crystal Palace,Fulham,D,0.48601430719858324,0.24849060044317658,0.26549509235824015,0.4252088894154058,0.29417775128739554,0.28061335929719866,2025-12-22
2026-01-01,Premier League,Liverpool,Leeds,D,0.6952355865221034,0.16890028720941405,0.1358641262684827,0.6568500423774221,0.2090619489717386,0.13408800865083925,2025-12-22
2026-01-01,Premier League,Brentford,Tottenham,D,0.49033071031075653,0.2275675155568256,0.2821017741324177,0.3864618338934229,0.28228516562650025,0.3312530004800768,2025-12-22
2026-01-01,Premier League,Sunderland,Man City,D,0.20686445378366547,0.26049521509177503,0.5326403311245594,0.12557171077218773,0.198608318058052,0.6758199711697603,2025-12-22
2026-01-03,Premier League,Aston Villa,Nott'm Forest,H,0.5085291160590366,0.24609959994601605,0.24537128399494737,0.4954220423614122,0.27823129026600796,0.2263466673725799,2025-12-22
2026-01-03,Premier League,Brighton,Burnley,H,0.6604415103258475,0.19079307950400246,0.14876541017015005,0.6603854308287619,0.2110362137648435,0.1285783554063947,2025-12-22
2026-01-03,Premier League,Wolves,West Ham,H,0.3886503923643128,0.2625862368706546,0.34876337076503283,0.356300759758973,0.28608855121823423,0.35761068902279275,2025-12-22
2026-01-03,Premier League,Bournemouth,Arsenal,A,0.2359318492805404,0.24309698141555905,0.5209711693039005,0.15379262352122477,0.2129436325678497,0.6332637439109257,2025-12-22
2026-01-04,Premier League,Man City,Chelsea,D,0.580159966668558,0.21249153383755162,0.20734849949389048,0.6552478059645073,0.19203302036187542,0.15271917367361745,2025-12-22
2026-01-04,Premier League,Fulham,Liverpool,D,0.2413888491009879,0.22466072074322294,0.5339504301557889,0.2224884862835215,0.2661374536197982,0.5113740600966802,2025-12-22
2026-01-04,Premier League,Tottenham,Sunderland,D,0.45418285897126914,0.2736414921808198,0.2721756488479109,0.4860909514614821,0.28238231573340433,0.2315267328051135,2025-12-22
2026-01-04,Premier League,Everton,Brentford,A,0.354633909906789,0.2631221012403054,0.38224398885290567,0.3846694715002017,0.3003746181776266,0.31495591032217163,2025-12-22
2026-01-04,Premier League,Leeds,Man United,D,0.3813223569823209,0.23724418071005976,0.3814334623076193,0.3510880956784415,0.28603353677331855,0.3628783675482399,2025-12-22
2026-01-04,Premier League,Newcastle,Crystal Palace,H,0.5064819211881884,0.23457534014976658,0.2589427386620451,0.5720410789422201,0.24168735585308798,0.18627156520469207,2025-12-22
2026-01-06,Premier League,West Ham,Nott'm Forest,A,0.3800694547392375,0.25887159986651637,0.36105894539424643,0.3187770450293834,0.2777914249541769,0.40343153001643955,2025-12-22
2026-01-07,Premier League,Bournemouth,Tottenham,H,0.4650358978703161,0.23243821816093108,0.3025258839687529,0.4320165204834152,0.2670431788702429,0.3009403006463419,2025-12-22
2026-01-07,Premier League,Brentford,Sunderland,H,0.4865018527797058,0.2693269566855412,0.24417119053475306,0.467317594947992,0.3066311033097235,0.22605130174228455,2025-12-22
2026-01-07,Premier League,Crystal Palace,Aston Villa,D,0.4336804255427799,0.25176792286882244,0.3145516515883975,0.31615302869287987,0.2863974495217853,0.39744952178533466,2025-12-22
2026-01-07,Premier League,Everton,Wolves,D,0.5137949670823564,0.2640616256677306,0.22214340724991305,0.513399368397022,0.27566045632681013,0.21094017527616776,2025-12-22
2026-01-07,Premier League,Fulham,Chelsea,H,0.31813315199456105,0.2472100846064545,0.4346567633989844,0.26289123438224665,0.27170323106545047,0.4654055345523028,2025-12-22
2026-01-07,Premier League,Man City,Brighton,D,0.6531041254696472,0.18943520807794764,0.15746066645240478,0.6324017742986437,0.20897942001661446,0.1586188056847418,2025-12-22
2026-01-07,Premier League,Burnley,Man United,D,0.243440882324953,0.22789061665612487,0.5286685010189222,0.1942165922541792,0.2499221264666182,0.5558612812792026,2025-12-22
2026-01-07,Premier League,Newcastle,Leeds,H,0.5844671930740136,0.2100959259436689,0.20543688098231738,0.5866321856759639,0.23958987781320307,0.17377793651083312,2025-12-22
2026-01-08,Premier League,Arsenal,Liverpool,D,0.4908184162672544,0.24175635852392185,0.26742522520882367,0.6105433353041254,0.22062815980308167,0.16882850489279294,2025-12-22
2026-01-17,Premier League,Nott'm Forest,Arsenal,D,0.18939336907195725,0.24238139854437038,0.5682252323836722,,,,2025-12-22
2026-01-17,Premier League,Tottenham,West Ham,A,0.5617438326624061,0.21648882415437337,0.2217673431832205,,,,2025-12-22
2026-01-17,Premier League,Sunderland,Crystal Palace,H,0.3540855523455244,0.295527806810295,0.35038664084418075,,,,2025-12-22
2026-01-17,Premier League,Liverpool,Burnley,D,0.8117163433452409,0.11979160617983102,0.06849205047492817,,,,2025-12-22
2026-01-17,Premier League,Chelsea,Brentford,H,0.5109390783183416,0.2260214969780261,0.26303942470363234,,,,2025-12-22
2026-01-17,Premier League,Man United,Man City,H,0.2540294437123635,0.2238460305684877,0.5221245257191487,,,,2025-12-22
2026-01-17,Premier League,Leeds,Fulham,H,0.4261107783042708,0.2491736820909795,0.32471553960474975,,,,2025-12-22
2026-01-18,Premier League,Wolves,Newcastle,D,0.2240814792352201,0.23590872243725056,0.5400097983275295,,,,2025-12-22
2026-01-18,Premier League,Aston Villa,Everton,A,0.4908516319732796,0.25753405652127526,0.25161431150544533,,,,2025-12-22
2026-01-19,Premier League,Brighton,Bournemouth,D,0.4579733040223302,0.23527110381102156,0.30675559216664794,,,,2025-12-22
2026-01-24,Premier League,West Ham,Sunderland,H,0.38570729702932155,0.2879044989131385,0.32638820405753993,,,,2026-01-24
2026-01-24,Premier League,Burnley,Tottenham,D,0.24597286747165956,0.24646929752615085,0.5075578350021899,,,,2026-01-24
2026-01-24,Premier League,Fulham,Brighton,H,0.37596245707871045,0.2618920099678817,0.3621455329534077,,,,2026-01-24
2026-01-24,Premier League,Man City,Wolves,H,0.7475444920722222,0.16607365727329532,0.08638185065448233,,,,2026-01-24
2026-01-24,Premier League,Bournemouth,Liverpool,H,0.2763369963194869,0.23316275176588208,0.49050025191463126,,,,2026-01-24
2026-01-25,Premier League,Newcastle,Aston Villa,A,0.4997541459275449,0.24012768616860344,0.2601181679038515,,,,2026-01-24
2026-01-25,Premier League,Arsenal,Man United,A,0.6322797330542147,0.21460663526468163,0.15311363168110376,,,,2026-01-24
2026-01-25,Premier League,Crystal Palace,Chelsea,A,0.3520036819033268,0.2551291031943568,0.3928672149023165,,,,2026-01-24
2026-01-25,Premier League,Brentford,Nott'm Forest,A,0.5472840106217329,0.23782823147754062,0.21488775790072628,,,,2026-01-24
2026-01-26,Premier League,Everton,Leeds,D,0.3981318518365256,0.27525268877355047,0.3266154593899239,,,,2026-01-24
2026-01-31,Premier League,Brighton,Everton,D,0.4891145520028481,0.2599427915472144,0.25094265644993746,,,,2026-01-24
2026-01-31,Premier League,Leeds,Arsenal,A,0.19930519032545213,0.24123652804148168,0.5594582816330661,,,,2026-01-24
2026-01-31,Premier League,Wolves,Bournemouth,A,0.28190091405223117,0.26306530640952697,0.4550337795382422,,,,2026-01-24
2026-01-31,Premier League,Chelsea,West Ham,H,0.6557135110449872,0.19343894152769361,0.15084754742731915,,,,2026-01-24
2026-01-31,Premier League,Liverpool,Newcastle,H,0.5525836490438669,0.22199635505451454,0.22541999590161846,,,,2026-01-24
2026-02-01,Premier League,Aston Villa,Brentford,A,0.4183149530598987,0.24805489380272833,0.3336301531373729,,,,2026-01-24
2026-02-01,Premier League,Man United,Fulham,H,0.502193816693969,0.24752735567663234,0.25027882762939874,,,,2026-01-24
2026-02-01,Premier League,Nott'm Forest,Crystal Palace,D,0.35117511371842636,0.27633950110559513,0.3724853851759785,,,,2026-01-24
2026-02-01,Premier League,Tottenham,Man City,D,0.24138937262549198,0.23408017541061524,0.5245304519638928,,,,2026-01-24
2026-02-02,Premier League,Sunderland,Burnley,H,0.5150271316125207,0.2752836418255759,0.20968922656190353,,,,2026-01-24
2026-02-06,Premier League,Leeds,Nott'm Forest,H,0.47001006166728565,0.25966185388410995,0.2703280844486044,,,,2026-01-24
2026-02-07,Premier League,Newcastle,Brentford,A,0.4843826381494351,0.23579018406978233,0.2798271777807828,,,,2026-01-24
2026-02-07,Premier League,Wolves,Chelsea,A,0.22226954210832356,0.2481698213617498,0.5295606365299266,,,,2026-01-24
2026-02-07,Premier League,Fulham,Everton,A,0.42202279470117626,0.28544088149769775,0.2925363238011259,,,,2026-01-24
2026-02-07,Premier League,Man United,Tottenham,H,0.47917978387513893,0.23991013445541526,0.28091008166944575,,,,2026-01-24
2026-02-07,Premier League,Bournemouth,Aston Villa,D,0.430025969821095,0.2481953504438258,0.3217786797350794,,,,2026-01-24
2026-02-07,Premier League,Arsenal,Sunderland,H,0.6824987000517764,0.21447797262349894,0.10302332732472462,,,,2026-01-24
2026-02-07,Premier League,Burnley,West Ham,A,0.3410294218062818,0.2636436299802979,0.3953269482134202,,,,2026-01-24
2026-02-08,Premier League,Brighton,Crystal Palace,A,0.44733390126808886,0.2519786642885125,0.30068743444339857,,,,2026-01-24
2026-02-08,Premier League,Liverpool,Man City,A,0.4211806022509003,0.24584782262331092,0.3329715751257888,,,,2026-01-24
2026-02-10,Premier League,Tottenham,Newcastle,A,0.35157503678243285,0.2480432631733228,0.4003817000442444,,,,2026-01-24
2026-02-10,Premier League,Chelsea,Leeds,D,0.5642108818551149,0.22207181374954604,0.21371730439533884,,,,2026-01-24
2026-02-10,Premier League,Everton,Bournemouth,A,0.36309384019342705,0.27177496984618993,0.3651311899603831,,,,2026-01-24
2026-02-10,Premier League,West Ham,Man United,D,0.29608319903423935,0.24473721521067157,0.4591795857550888,,,,2026-01-24
2026-02-11,Premier League,Sunderland,Liverpool,A,0.19671300678038683,0.250210659153145,0.5530763340664682,,,,2026-01-24
2026-02-11,Premier League,Nott'm Forest,Wolves,D,0.4770492017175358,0.27845244194869695,0.24449835633376746,,,,2026-01-24
2026-02-11,Premier League,Aston Villa,Brighton,H,0.4454526354161881,0.24815973844181366,0.30638762614199816,,,,2026-01-24
2026-02-11,Premier League,Crystal Palace,Burnley,A,0.6347516890063719,0.21457355270325776,0.15067475829037041,,,,2026-01-24
2026-02-11,Premier League,Man City,Fulham,H,0.6702110385400278,0.19714867717997483,0.13264028427999724,,,,2026-01-24
2026-02-12,Premier League,Brentford,Arsenal,D,0.2526186923722057,0.2528966685223513,0.49448463910544294,,,,2026-01-24
2026-02-18,Premier League,Wolves,Arsenal,D,0.1325509807310989,0.2270082752980438,0.6404407439708575,,,,2026-01-24
2026-02-21,Premier League,Aston Villa,Leeds,D,0.4879379121432689,0.24443853820468264,0.2676235496520484,,,,2026-01-24
2026-02-21,Premier League,Brentford,Brighton,A,0.47454094646205885,0.23703073568740737,0.2884283178505335,,,,2026-01-24
2026-02-21,Premier League,Chelsea,Burnley,D,0.7284416378524488,0.16854564795506888,0.10301271419248223,,,,2026-01-24
2026-02-21,Premier League,West Ham,Bournemouth,D,0.3111490300448936,0.2450430188377283,0.44380795111737803,,,,2026-01-24
2026-02-21,Premier League,Man City,Newcastle,H,0.567115442700293,0.22281337887597363,0.2100711784237334,,,,2026-01-24
2026-02-22,Premier League,Crystal Palace,Wolves,H,0.5586895032087535,0.2488125478719609,0.1924979489192853,,,,2026-01-24
2026-02-22,Premier League,Nott'm Forest,Liverpool,A,0.20690531256433198,0.23483097263285224,0.5582637148028158,,,,2026-01-24
2026-02-22,Premier League,Sunderland,Fulham,A,0.36372673555433527,0.3014906658122673,0.33478259863339743,,,,2026-01-24
2026-02-22,Premier League,Tottenham,Arsenal,A,0.21387275294153416,0.24536512011510006,0.5407621269433656,,,,2026-01-24
2026-02-23,Premier League,Everton,Man United,A,0.3442421148540279,0.27479605714095323,0.380961828005019,,,,2026-02-23
2026-02-27,Premier League,Wolves,Aston Villa,H,0.26176069689738796,0.2735735436090349,0.4646657594935771,,,,2026-02-23
2026-02-28,Premier League,Leeds,Man City,A,0.21756344705176164,0.22748193590343724,0.5549546170448012,,,,2026-02-23
2026-02-28,Premier League,Newcastle,Everton,A,0.5437285229224524,0.2458375942529654,0.21043388282458245,,,,2026-02-23
2026-02-28,Premier League,Bournemouth,Sunderland,D,0.5385677803881265,0.25337600093887874,0.2080562186729949,,,,2026-02-23
2026-02-28,Premier League,Burnley,Brentford,A,0.20782779011676802,0.23130746198374413,0.5608647478994877,,,,2026-02-23
2026-02-28,Premier League,Liverpool,West Ham,H,0.7324996033604219,0.1615891315590153,0.10591126508056266,,,,2026-02-23
2026-03-01,Premier League,Brighton,Nott'm Forest,H,0.5084005482173848,0.25310155472439405,0.23849789705822108,,,,2026-02-23
2026-03-01,Premier League,Fulham,Tottenham,H,0.4129141682791177,0.25802481161196794,0.3290610201089144,,,,2026-02-23
2026-03-01,Premier League,Man United,Crystal Palace,H,0.4637755772885693,0.2518918343740119,0.28433258833741887,,,,2026-02-23
2026-03-01,Premier League,Arsenal,Chelsea,H,0.5838609437351158,0.22906206423609762,0.18707699202878658,,,,2026-02-23
2026-03-03,Premier League,Bournemouth,Brentford,D,0.41965817382933224,0.24305547938776367,0.33728634678290387,,,,2026-02-23
2026-03-03,Premier League,Everton,Burnley,H,0.5652082799612665,0.2508316266793788,0.18396009335935493,,,,2026-02-23
2026-03-03,Premier League,Leeds,Sunderland,A,0.49296735366302447,0.2655797306920284,0.24145291564494706,,,,2026-02-23
2026-03-03,Premier League,Wolves,Liverpool,H,0.15278624726316625,0.2140493745095771,0.6331643782272566,,,,2026-02-23
2026-03-04,Premier League,Newcastle,Man United,H,0.4824788078774055,0.23928683954886773,0.27823435257372703,,,,2026-02-23
2026-03-04,Premier League,Man City,Nott'm Forest,D,0.6922402353968427,0.19108307437300345,0.11667669023015387,,,,2026-02-23
2026-03-04,Premier League,Fulham,West Ham,A,0.4950095872662833,0.250744050921133,0.25424636181258375,,,,2026-02-23
2026-03-04,Premier League,Brighton,Arsenal,A,0.22088155468565032,0.25273048135520515,0.5263879639591444,,,,2026-02-23
2026-03-04,Premier League,Aston Villa,Chelsea,A,0.3672809602947547,0.2534467621899707,0.3792722775152745,,,,2026-02-23
2026-03-05,Premier League,Tottenham,Crystal Palace,A,0.4121980889149835,0.2558421614424108,0.3319597496426058,,,,2026-02-23
2026-03-14,Premier League,Burnley,Bournemouth,D,0.22474257811599443,0.23751470832699764,0.537742713557008,,,,2026-02-23
2026-03-14,Premier League,Sunderland,Brighton,A,0.30358096484920194,0.28376778019911064,0.41265125495168753,,,,2026-02-23
2026-03-14,Premier League,Arsenal,Everton,H,0.6752552750490758,0.21244558258330237,0.11229914236762188,,,,2026-02-23
2026-03-14,Premier League,Chelsea,Newcastle,A,0.46751567082349615,0.23596739059938762,0.2965169385771164,,,,2026-02-23
2026-03-14,Premier League,West Ham,Man City,D,0.16562459470281238,0.2097121586489471,0.6246632466482406,,,,2026-02-23
2026-03-15,Premier League,Crystal Palace,Leeds,D,0.46794183846858656,0.24913884228415442,0.28291931924725894,,,,2026-02-23
2026-03-15,Premier League,Man United,Aston Villa,H,0.44078816912400226,0.25563852416838545,0.30357330670761234,,,,2026-02-23
2026-03-15,Premier League,Nott'm Forest,Fulham,D,0.38971965104436457,0.2779080902702172,0.3323722586854182,,,,2026-02-23
2026-03-15,Premier League,Liverpool,Tottenham,D,0.6568955352792101,0.18999247642387004,0.15311198829691972,,,,2026-02-23
2026-03-16,Premier League,Brentford,Wolves,D,0.6140913045768926,0.22213621476890882,0.1637724806541986,,,,2026-02-23
2026-03-20,Premier League,Bournemouth,Man United,D,0.4233219763104835,0.2458320757739345,0.330845947915582,,,,2026-02-23
2026-03-21,Premier League,Brighton,Liverpool,H,0.2768994257018292,0.2395367119655337,0.48356386233263704,,,,2026-02-23
2026-03-21,Premier League,Fulham,Burnley,H,0.5925409887273034,0.2318586596232262,0.17560035164947055,,,,2026-02-23
2026-03-21,Premier League,Everton,Chelsea,H,0.2934702633209679,0.26321531746837473,0.4433144192106574,,,,2026-02-23
2026-03-21,Premier League,Leeds,Brentford,D,0.3713607720518305,0.2451839510234198,0.3834552769247498,,,,2026-02-23
2026-03-22,Premier League,Newcastle,Sunderland,A,0.5921508927343215,0.23676113837626342,0.17108796888941508,,,,2026-02-23
2026-03-22,Premier League,Aston Villa,West Ham,H,0.5605970521879882,0.23360439692305204,0.20579855088895996,,,,2026-02-23
2026-03-22,Premier League,Tottenham,Nott'm Forest,A,0.47844074694912864,0.2551935910696227,0.26636566198124845,,,,2026-02-23
2026-04-10,Premier League,West Ham,Wolves,H,0.4604905833890673,0.2681556498086837,0.27135376680224904,,,,2026-04-10
2026-04-11,Premier League,Arsenal,Bournemouth,A,0.6475967144540394,0.20961030640787143,0.14279297913808917,,,,2026-04-10
2026-04-11,Premier League,Brentford,Everton,D,0.49535317396185463,0.2581429916475805,0.24650383439056497,,,,2026-04-10
2026-04-11,Premier League,Burnley,Brighton,A,0.21338308747034146,0.23870918829169097,0.5479077242379675,,,,2026-04-10
2026-04-11,Premier League,Liverpool,Fulham,H,0.6427213873216117,0.20225165152526586,0.15502696115312262,,,,2026-04-10
2026-04-12,Premier League,Chelsea,Man City,A,0.32586894658375126,0.24654910653331033,0.4275819468829385,,,,2026-04-10
2026-04-12,Premier League,Sunderland,Tottenham,H,0.3611116367560217,0.2849550847187357,0.35393327852524276,,,,2026-04-10
2026-04-12,Premier League,Nott'm Forest,Aston Villa,D,0.3472822857878366,0.2759134898039354,0.37680422440822803,,,,2026-04-10
2026-04-12,Premier League,Crystal Palace,Newcastle,H,0.3720720446777433,0.2568340340091658,0.37109392131309094,,,,2026-04-10
2026-04-13,Premier League,Man United,Leeds,A,0.5111232693272141,0.24201823757990867,0.2468584930928772,,,,2026-04-10
2026-04-18,Premier League,Brentford,Fulham,D,0.5048391271931351,0.2444286608628053,0.2507322119440596,,,,2026-04-10
2026-04-18,Premier League,Leeds,Wolves,H,0.5235289778922027,0.2566089671050067,0.2198620550027908,,,,2026-04-10
2026-04-18,Premier League,Newcastle,Bournemouth,A,0.4862448622597263,0.23564476415775318,0.2781103735825206,,,,2026-04-10
2026-04-18,Premier League,Tottenham,Brighton,D,0.3782549383776241,0.2544475708518499,0.367297490770526,,,,2026-04-10
2026-04-18,Premier League,Chelsea,Man United,A,0.49819332568375957,0.2339932800180843,0.267813394298156,,,,2026-04-10
2026-04-19,Premier League,Aston Villa,Sunderland,H,0.49515899562551047,0.27622518448456956,0.22861581988991986,,,,2026-04-10
2026-04-19,Premier League,Everton,Liverpool,A,0.23894708350479787,0.2524556917299027,0.5085972247652994,,,,2026-04-10
2026-04-19,Premier League,Nott'm Forest,Burnley,H,0.5638827409006058,0.24346187772902877,0.19265538137036534,,,,2026-04-10
2026-04-19,Premier League,Man City,Arsenal,H,0.3806938981382397,0.2777931956942968,0.34151290616746344,,,,2026-04-10
2026-04-20,Premier League,Crystal Palace,West Ham,D,0.5288955126317935,0.24355551531646988,0.2275489720517366,,,,2026-04-10
2026-04-21,Premier League,Brighton,Chelsea,H,0.36710338263699266,0.24933736829755573,0.3835592490654516,,,,2026-04-10
2026-04-22,Premier League,Burnley,Man City,A,0.10423377437203987,0.17359647340374376,0.7221697522242162,,,,2026-04-10
2026-04-22,Premier League,Bournemouth,Leeds,D,0.4879009474932139,0.2438132377565967,0.26828581475018953,,,,2026-04-10
2026-04-24,Premier League,Sunderland,Nott'm Forest,A,0.3811307432028896,0.30412528629434016,0.31474397050277014,,,,2026-04-10
2026-04-25,Premier League,Fulham,Aston Villa,H,0.37541886251017537,0.26954894250607986,0.3550321949837448,,,,2026-04-10
2026-04-25,Premier League,Liverpool,Crystal Palace,H,0.6078769007899744,0.2135497499107687,0.17857334929925683,,,,2026-04-10
2026-04-25,Premier League,West Ham,Everton,H,0.3593652007606127,0.27995045673858676,0.3606843425008005,,,,2026-04-10
2026-04-25,Premier League,Wolves,Tottenham,A,0.3124716858899279,0.26872128721478217,0.41880702689529,,,,2026-04-10
2026-04-25,Premier League,Arsenal,Newcastle,H,0.6083658145320194,0.22365288182051096,0.16798130364746952,,,,2026-04-10
2026-04-27,Premier League,Man United,Brentford,H,0.4452917699884346,0.24479662785444592,0.3099116021571193,,,,2026-04-10
2026-05-01,Premier League,Leeds,Burnley,H,0.6057007664109031,0.22193033807527413,0.17236889551382284,,,,2026-04-10
2026-05-02,Premier League,Brentford,West Ham,H,0.5798695599470559,0.2203344544471554,0.19979598560578857,,,,2026-04-10
2026-05-02,Premier League,Newcastle,Brighton,H,0.4691786504438828,0.24483689887515617,0.28598445068096123,,,,2026-04-10
2026-05-02,Premier League,Wolves,Sunderland,D,0.3441075277091362,0.31049538820532924,0.34539708408553454,,,,2026-04-10
2026-05-02,Premier League,Arsenal,Fulham,H,0.6780412961573837,0.20449556051899923,0.11746314332361701,,,,2026-04-10
2026-05-03,Premier League,Aston Villa,Tottenham,A,0.47372271618249084,0.24871728689033024,0.277559996927179,,,,2026-04-10
2026-05-03,Premier League,Man United,Liverpool,H,0.31417901180487495,0.2420469041723291,0.44377408402279606,,,,2026-04-10
2026-05-03,Premier League,Bournemouth,Crystal Palace,H,0.4496898213358765,0.25273643127043716,0.29757374739368625,,,,2026-04-10
2026-05-04,Premier League,Chelsea,Nott'm Forest,A,0.5917633867344633,0.22354021654614786,0.18469639671938887,,,,2026-04-10
2026-05-04,Premier League,Everton,Man City,D,0.2088458984168331,0.25367537946954394,0.5374787221136231,,,,2026-04-10
2026-05-09,Premier League,Liverpool,Chelsea,D,0.5227889744255245,0.22400222688945287,0.2532087986850225,,,,2026-04-10
2026-05-09,Premier League,Brighton,Wolves,H,0.5851833384722497,0.23710961861270988,0.17770704291504053,,,,2026-04-10
2026-05-09,Premier League,Fulham,Bournemouth,A,0.3769406653382226,0.25902133072044364,0.36403800394133357,,,,2026-04-10
2026-05-09,Premier League,Sunderland,Man United,D,0.3001508391255092,0.2835824631369943,0.41626669773749647,,,,2026-04-10
2026-05-09,Premier League,Man City,Brentford,H,0.6149908848990867,0.2097462232217731,0.17526289187914015,,,,2026-04-10
2026-05-10,Premier League,Nott'm Forest,Newcastle,D,0.3377530823946194,0.2589936501877701,0.4032532674176104,,,,2026-05-10
2026-05-10,Premier League,Burnley,Aston Villa,D,0.21948413617578083,0.24473515380024238,0.5357807100239771,,,,2026-05-10
2026-05-10,Premier League,Crystal Palace,Everton,D,0.4535286665536781,0.27457528760985717,0.27189604583646476,,,,2026-05-10
2026-05-10,Premier League,West Ham,Arsenal,A,0.15382413439003356,0.2207411032766884,0.6254347623332782,,,,2026-05-10
2026-05-11,Premier League,Tottenham,Leeds,D,0.4175603984540365,0.2524956123380311,0.3299439892079323,,,,2026-05-10
2026-05-13,Premier League,Man City,Crystal Palace,H,0.650093254062558,0.20305413279857829,0.1468526131388637,,,,2026-05-10
2026-05-15,Premier League,Aston Villa,Liverpool,H,0.3005272514553778,0.24625463698779956,0.4532181115568226,,,,2026-05-10
2026-05-17,Premier League,Man United,Nott'm Forest,H,0.5162975199544484,0.24877915409661425,0.2349233259489373,,,,2026-05-10
2026-05-17,Premier League,Brentford,Crystal Palace,D,0.4685532969537494,0.24869990221627297,0.2827468008299777,,,,2026-05-10
2026-05-17,Premier League,Everton,Sunderland,A,0.4618319090702028,0.2910171086541034,0.24715098227569376,,,,2026-05-10
2026-05-17,Premier League,Leeds,Brighton,H,0.3958459980917141,0.25764407574901105,0.3465099261592748,,,,2026-05-10
2026-05-17,Premier League,Wolves,Fulham,D,0.30902357930439495,0.28335470940154217,0.4076217112940628,,,,2026-05-10
2026-05-17,Premier League,Newcastle,West Ham,H,0.5970171684874145,0.21336676144977115,0.18961607006281433,,,,2026-05-10
2026-05-18,Premier League,Arsenal,Burnley,H,0.8300432187342666,0.12188193995417307,0.0480748413115602,,,,2026-05-10
2026-05-19,Premier League,Chelsea,Tottenham,H,0.5570197252207094,0.22243362702196715,0.2205466477573233,,,,2026-05-10
2026-05-19,Premier League,Bournemouth,Man City,D,0.2632330626936237,0.23639115828238283,0.5003757790239935,,,,2026-05-10
2026-05-24,Premier League,Nott'm Forest,Bournemouth,D,0.3575640114137699,0.2617837452236994,0.3806522433625306,,,,2026-05-10
2026-05-24,Premier League,Man City,Aston Villa,A,0.6419850442744081,0.20426423646988887,0.1537507192557033,,,,2026-05-10
2026-05-24,Premier League,Sunderland,Chelsea,H,0.26075699570757027,0.2635560287357022,0.47568697555672734,,,,2026-05-10
2026-05-24,Premier League,Liverpool,Brentford,D,0.5824927670339212,0.21147463813180742,0.20603259483427128,,,,2026-05-10
2026-05-24,Premier League,Tottenham,Everton,H,0.43658014134607814,0.2683317536700272,0.29508810498389465,,,,2026-05-10
2026-05-24,Premier League,Crystal Palace,Arsenal,A,0.215174359904132,0.2567363533715006,0.5280892867243673,,,,2026-05-10
2026-05-24,Premier League,Burnley,Wolves,D,0.36205022813142296,0.28394536147294613,0.3540044103956308,,,,2026-05-10
2026-05-24,Premier League,Brighton,Man United,A,0.42936302900867024,0.2540922381074827,0.31654473288384705,,,,2026-05-10
2026-05-24,Premier League,Fulham,Newcastle,H,0.34066277025275915,0.25669460807113936,0.4026426216761013,,,,2026-05-10
2026-05-24,Premier League,West Ham,Leeds,H,0.34804671363284356,0.25720809835289243,0.39474518801426395,,,,2026-05-10
