Date,liga,HomeTeam,AwayTeam,total_real,data_corte_modelo,prob_over_9.5,over_real_9.5,prob_over_10.5,over_real_10.5
2023-05-04,Championship,Huddersfield,Sheffield United,12.0,2023-05-04,0.5303037506967304,1.0,0.4213828532411179,1.0
2023-05-08,Championship,Preston,Sunderland,9.0,2023-05-04,0.4587831431933679,0.0,0.3513055814470694,0.0
2023-05-08,Championship,Wigan,Rotherham,5.0,2023-05-04,0.5043412945252721,0.0,0.3959291498221346,0.0
2023-05-08,Championship,Watford,Stoke,12.0,2023-05-04,0.5764731327844801,1.0,0.46833955268139255,1.0
2023-05-08,Championship,Swansea,West Brom,9.0,2023-05-04,0.5114606307717734,0.0,0.402485631116725,0.0
2023-05-08,Championship,Norwich,Blackpool,14.0,2023-05-04,0.5851807587867033,1.0,0.478529438247433,1.0
2023-05-08,Championship,QPR,Bristol City,10.0,2023-05-04,0.5835629016175592,1.0,0.47596960355173173,0.0
2023-05-08,Championship,Middlesbrough,Coventry,13.0,2023-05-04,0.5720497058592645,1.0,0.464345145427208,1.0
2023-05-08,Championship,Luton,Hull,13.0,2023-05-04,0.5513310928480668,1.0,0.44278779830869064,1.0
2023-05-08,Championship,Huddersfield,Reading,10.0,2023-05-04,0.4324023416443459,1.0,0.3263787524336285,0.0
2023-05-08,Championship,Burnley,Cardiff,8.0,2023-05-04,0.492117238030308,0.0,0.38468751170846494,0.0
2023-05-08,Championship,Birmingham,Sheffield United,8.0,2023-05-04,0.5226686984380822,0.0,0.41380445207270483,0.0
2023-05-08,Championship,Millwall,Blackburn,9.0,2023-05-04,0.4421014131879223,0.0,0.3354794839970697,0.0
2023-08-05,Championship,Watford,QPR,10.0,2023-08-04,0.5936965036676788,1.0,0.48606170074186894,0.0
2023-08-05,Championship,Swansea,Birmingham,10.0,2023-08-04,0.4448898513065718,1.0,0.338058717106104,0.0
2023-08-05,Championship,Stoke,Rotherham,12.0,2023-08-04,0.5966975569591724,1.0,0.489927164174962,1.0
2023-08-05,Championship,Middlesbrough,Millwall,18.0,2023-08-04,0.5406029375725636,1.0,0.43184173752908606,1.0
2023-08-05,Championship,Bristol City,Preston,6.0,2023-08-04,0.5048449070860314,0.0,0.3955666273416717,0.0
2023-08-05,Championship,Blackburn,West Brom,11.0,2023-08-04,0.526646700465571,1.0,0.41723232865930576,1.0
2023-08-05,Championship,Norwich,Hull,13.0,2023-08-04,0.6019626832956088,1.0,0.49540981925508126,1.0
2023-08-06,Championship,Leeds,Cardiff,10.0,2023-08-04,0.651317786996228,1.0,0.5488835130951546,0.0
2023-08-06,Championship,Sunderland,Ipswich,15.0,2023-08-04,0.5188420469161341,1.0,0.4095130369768276,1.0
2023-08-12,Championship,West Brom,Swansea,12.0,2023-08-04,0.5332269967222103,1.0,0.42437850787072895,1.0
2023-08-12,Championship,Rotherham,Blackburn,14.0,2023-08-04,0.4945531391343872,1.0,0.3854881472268089,1.0
2023-08-12,Championship,Preston,Sunderland,17.0,2023-08-04,0.45573078295012515,1.0,0.3480157495885954,1.0
2023-08-12,Championship,Millwall,Bristol City,6.0,2023-08-04,0.5116455682292823,0.0,0.4026398029946387,0.0
2023-08-12,Championship,Hull,Sheffield Weds,10.0,2023-08-04,0.5102001117425756,1.0,0.4008487118392517,0.0
2023-08-12,Championship,Coventry,Middlesbrough,14.0,2023-08-04,0.5556594280005183,1.0,0.4465551146911587,1.0
2023-08-12,Championship,Ipswich,Stoke,10.0,2023-08-04,0.5718384473994959,1.0,0.4631424791833384,0.0
2023-08-12,Championship,Cardiff,QPR,20.0,2023-08-04,0.5158096135031097,1.0,0.4064120612976432,1.0
2023-08-12,Championship,Birmingham,Leeds,11.0,2023-08-04,0.6183882350795304,1.0,0.5126215863695625,1.0
2023-08-18,Championship,Leeds,West Brom,7.0,2023-08-04,0.6794423164848257,0.0,0.5788475761419193,0.0
2023-08-19,Championship,Swansea,Coventry,11.0,2023-08-04,0.46369172415281606,1.0,0.3556453252876415,1.0
2023-08-19,Championship,Sunderland,Rotherham,5.0,2023-08-04,0.5157791372729524,0.0,0.4067204238617262,0.0
2023-08-19,Championship,QPR,Ipswich,9.0,2023-08-04,0.5859138716688927,0.0,0.47796398057389217,0.0
2023-08-19,Championship,Middlesbrough,Huddersfield,15.0,2023-08-04,0.5847184619745014,1.0,0.47749926131018183,1.0
2023-08-19,Championship,Stoke,Watford,9.0,2023-08-04,0.586253871424949,0.0,0.47821947812167087,0.0
2023-08-19,Championship,Bristol City,Birmingham,12.0,2023-08-04,0.5052340810791724,1.0,0.39598161321661235,1.0
2023-08-19,Championship,Blackburn,Hull,10.0,2023-08-04,0.4856217375689465,1.0,0.3769365439957835,0.0
2023-08-19,Championship,Sheffield Weds,Preston,4.0,2023-08-04,0.48875404041425274,0.0,0.37998309203507663,0.0
2023-08-20,Championship,Norwich,Millwall,9.0,2023-08-04,0.5511328085298899,0.0,0.4424678954848383,0.0
2023-08-25,Championship,Hull,Bristol City,9.0,2023-08-04,0.5424694066332337,0.0,0.4333135453107782,0.0
2023-08-26,Championship,Millwall,Stoke,13.0,2023-08-04,0.5021412409305849,1.0,0.3928841155887135,1.0
2023-08-26,Championship,West Brom,Middlesbrough,6.0,2023-08-04,0.6039776511408113,0.0,0.4967795841556751,0.0
2023-08-26,Championship,Preston,Swansea,10.0,2023-08-04,0.42870985698399566,1.0,0.32250258271347426,0.0
2023-08-26,Championship,Ipswich,Leeds,12.0,2023-08-04,0.672470513305032,1.0,0.5713362397172058,1.0
2023-08-26,Championship,Coventry,Sunderland,11.0,2023-08-04,0.4957628093048033,1.0,0.3868514627758267,1.0
2023-08-26,Championship,Cardiff,Sheffield Weds,15.0,2023-08-04,0.47918535929839784,1.0,0.3705067497827039,1.0
2023-08-26,Championship,Huddersfield,Norwich,8.0,2023-08-04,0.5603634902051055,0.0,0.45150256522598475,0.0
2023-08-27,Championship,Watford,Blackburn,12.0,2023-08-04,0.5215896899887084,1.0,0.41226247624006274,1.0
2023-09-02,Championship,Stoke,Preston,9.0,2023-08-04,0.5318510931000713,0.0,0.422879265869332,0.0
2023-09-02,Championship,Rotherham,Norwich,8.0,2023-08-04,0.6023602367503875,0.0,0.49548346329728615,0.0
2023-09-02,Championship,Middlesbrough,QPR,12.0,2023-08-04,0.6175732625736551,1.0,0.511830215530008,1.0
2023-09-02,Championship,West Brom,Huddersfield,13.0,2023-08-04,0.5926226872549787,1.0,0.4857737340653293,1.0
2023-09-02,Championship,Ipswich,Cardiff,9.0,2023-08-04,0.5113133101458949,0.0,0.4019599390466865,0.0
2023-09-02,Championship,Swansea,Bristol City,12.0,2023-08-04,0.4997693714595543,1.0,0.39096007214731454,1.0
2023-09-02,Championship,Birmingham,Millwall,4.0,2023-08-04,0.4409038100967286,0.0,0.33393195200665876,0.0
2023-09-02,Championship,Leeds,Sheffield Weds,8.0,2023-08-04,0.6699524823308894,0.0,0.5691626982073972,0.0
2023-09-02,Championship,Coventry,Watford,15.0,2023-08-04,0.554440023361848,1.0,0.44531209974980607,1.0
2023-09-15,Championship,Southampton,Leicester,12.0,2023-09-15,0.7492524126762532,1.0,0.65965776881884,1.0
2023-09-15,Championship,Hull,Coventry,12.0,2023-09-15,0.5361085321448489,1.0,0.42657773288241385,1.0
2023-09-16,Championship,Blackburn,Middlesbrough,14.0,2023-09-15,0.555261463366008,1.0,0.44604107959951433,1.0
2023-09-16,Championship,Watford,Birmingham,9.0,2023-09-15,0.5487470885375746,0.0,0.43990316461809215,0.0
2023-09-16,Championship,Sheffield Weds,Ipswich,8.0,2023-09-15,0.5502577745406888,0.0,0.4408964700693688,0.0
2023-09-16,Championship,QPR,Sunderland,8.0,2023-09-15,0.5581185660674245,0.0,0.44894174495239814,0.0
2023-09-16,Championship,Cardiff,Swansea,4.0,2023-09-15,0.4649753642917247,0.0,0.3566940112130155,0.0
2023-09-16,Championship,Norwich,Stoke,8.0,2023-09-15,0.6043825396074608,0.0,0.497262019590302,0.0
2023-09-16,Championship,Huddersfield,Rotherham,7.0,2023-09-15,0.5186701419352663,0.0,0.4096956046072876,0.0
2023-09-16,Championship,Bristol City,West Brom,14.0,2023-09-15,0.5784921200739924,1.0,0.4700792655221025,1.0
2023-09-16,Championship,Preston,Plymouth,18.0,2023-09-15,0.8881879127173824,1.0,0.8325936074811515,1.0
2023-09-17,Championship,Millwall,Leeds,17.0,2023-09-15,0.5253095566761121,1.0,0.41587140729790334,1.0
2023-09-19,Championship,Bristol City,Plymouth,8.0,2023-09-15,0.9125597045702925,0.0,0.8657768021427851,0.0
2023-09-19,Championship,Cardiff,Coventry,8.0,2023-09-15,0.5293209912885567,0.0,0.4197486505626333,0.0
2023-09-19,Championship,Preston,Birmingham,7.0,2023-09-15,0.4509722456837587,0.0,0.3434549752412998,0.0
2023-09-19,Championship,QPR,Swansea,10.0,2023-09-15,0.5125075843361028,1.0,0.4030465846999108,0.0
2023-09-19,Championship,Southampton,Ipswich,12.0,2023-09-15,0.6960371341441156,1.0,0.5987453094281207,1.0
2023-09-19,Championship,Sheffield Weds,Middlesbrough,7.0,2023-09-15,0.5502827220443545,0.0,0.44105822476128076,0.0
2023-09-20,Championship,Norwich,Leicester,11.0,2023-09-15,0.7146256143940523,1.0,0.6184912164976716,1.0
2023-09-20,Championship,Watford,West Brom,5.0,2023-09-15,0.5965928743366924,0.0,0.4887960993294477,0.0
2023-09-20,Championship,Millwall,Rotherham,7.0,2023-09-15,0.4967436367498872,0.0,0.38814146099212726,0.0
2023-09-20,Championship,Huddersfield,Stoke,13.0,2023-09-15,0.5241655659070161,1.0,0.41459349081192837,1.0
2023-09-20,Championship,Blackburn,Sunderland,12.0,2023-09-15,0.5019775196272813,1.0,0.392655038123064,1.0
2023-09-20,Championship,Hull,Leeds,11.0,2023-09-15,0.5696895702055307,1.0,0.46100222166456,1.0
2023-09-22,Championship,Birmingham,QPR,13.0,2023-09-15,0.52196744653698,1.0,0.4123981922507866,1.0
2023-09-23,Championship,Swansea,Sheffield Weds,7.0,2023-09-15,0.4530559222839027,0.0,0.3455032759625181,0.0
2023-09-23,Championship,West Brom,Millwall,14.0,2023-09-15,0.5397412108644142,1.0,0.4308190239236012,1.0
2023-09-23,Championship,Rotherham,Preston,12.0,2023-09-15,0.4696970830991218,1.0,0.36121781260706803,1.0
2023-09-23,Championship,Plymouth,Norwich,9.0,2023-09-15,0.9313709490399931,0.0,0.8922637168015616,0.0
2023-09-23,Championship,Leicester,Bristol City,9.0,2023-09-15,0.6876965115158316,0.0,0.5881947754855821,0.0
2023-09-23,Championship,Leeds,Watford,9.0,2023-09-15,0.6271826274616353,0.0,0.521869776032869,0.0
2023-09-23,Championship,Ipswich,Blackburn,15.0,2023-09-15,0.5644682248672434,1.0,0.4555475400522796,1.0
2023-09-23,Championship,Middlesbrough,Southampton,12.0,2023-09-15,0.6189272120219798,1.0,0.5126010544397763,1.0
2023-09-24,Championship,Stoke,Hull,17.0,2023-09-15,0.5571646109110154,1.0,0.4483588874696193,1.0
2023-09-24,Championship,Sunderland,Cardiff,8.0,2023-09-15,0.5238715213667888,0.0,0.41458696951722357,0.0
2023-09-25,Championship,Coventry,Huddersfield,14.0,2023-09-15,0.5309547689773092,1.0,0.4216093312253508,1.0
2023-09-29,Championship,Sheffield Weds,Sunderland,7.0,2023-09-15,0.4909391628432167,0.0,0.38179423216576025,0.0
2023-09-30,Championship,Norwich,Birmingham,8.0,2023-09-15,0.5865653882184793,0.0,0.4793792535874783,0.0
2023-09-30,Championship,Watford,Middlesbrough,12.0,2023-09-15,0.6124088288702587,1.0,0.5055112264856472,1.0
2023-09-30,Championship,QPR,Coventry,9.0,2023-09-15,0.5758132629957418,0.0,0.46714020202258777,0.0
2023-09-30,Championship,Preston,West Brom,8.0,2023-09-15,0.5254984264972455,0.0,0.4160991676696186,0.0
2023-09-30,Championship,Millwall,Swansea,6.0,2023-09-15,0.4333761262640423,0.0,0.326830443966395,0.0
2023-09-30,Championship,Huddersfield,Ipswich,11.0,2023-09-15,0.5630647871948625,1.0,0.4539955125666847,1.0
2023-09-30,Championship,Cardiff,Rotherham,11.0,2023-09-15,0.519937763254191,1.0,0.4108101708762899,1.0
2023-09-30,Championship,Southampton,Leeds,11.0,2023-09-15,0.6319095633920966,1.0,0.52705184510613,1.0
2023-09-30,Championship,Hull,Plymouth,16.0,2023-09-15,0.9098855334972119,1.0,0.8621770475957756,1.0
2023-09-30,Championship,Bristol City,Stoke,14.0,2023-09-15,0.5564058038468738,1.0,0.4472075914683945,1.0
2023-10-01,Championship,Blackburn,Leicester,11.0,2023-09-15,0.6349182050109586,1.0,0.529621366526017,1.0
2023-10-03,Championship,Birmingham,Huddersfield,8.0,2023-09-15,0.4684395019829053,0.0,0.3600139472733005,0.0
2023-10-03,Championship,Ipswich,Hull,11.0,2023-09-15,0.5858685436918452,1.0,0.47778445706347367,1.0
2023-10-03,Championship,Middlesbrough,Cardiff,10.0,2023-09-15,0.6068549482135434,1.0,0.5005719853237107,0.0
2023-10-03,Championship,Plymouth,Millwall,9.0,2023-09-15,0.8768103376046917,0.0,0.817205966925731,0.0
2023-10-03,Championship,Stoke,Southampton,14.0,2023-09-15,0.5982812717227294,1.0,0.4909822898788918,1.0
2023-10-03,Championship,West Brom,Sheffield Weds,14.0,2023-09-15,0.5636160541490026,1.0,0.4553354031459852,1.0
2023-10-04,Championship,Rotherham,Bristol City,8.0,2023-09-15,0.5226134321051811,0.0,0.41304182526834954,0.0
2023-10-04,Championship,Swansea,Norwich,15.0,2023-09-15,0.5275561700550133,1.0,0.4180162344176263,1.0
2023-10-04,Championship,Sunderland,Watford,7.0,2023-09-15,0.5608279104584883,0.0,0.4517191714489164,0.0
2023-10-04,Championship,Leeds,QPR,8.0,2023-09-15,0.6398742039858092,0.0,0.5358932270662017,0.0
2023-10-04,Championship,Coventry,Blackburn,15.0,2023-09-15,0.5242697368439065,1.0,0.414840451965006,1.0
2023-10-04,Championship,Leicester,Preston,8.0,2023-09-15,0.6380324306499071,0.0,0.5335037450431702,0.0
2023-10-06,Championship,Birmingham,West Brom,14.0,2023-09-15,0.5363316765163725,1.0,0.42702151776930375,1.0
2023-10-07,Championship,Plymouth,Swansea,19.0,2023-09-15,0.8778234741963986,1.0,0.8185592815007183,1.0
2023-10-07,Championship,Southampton,Rotherham,16.0,2023-09-15,0.71103907509907,1.0,0.6170954003962607,1.0
2023-10-07,Championship,Sheffield Weds,Huddersfield,9.0,2023-09-15,0.4723135296392325,0.0,0.3637841701417969,0.0
2023-10-07,Championship,QPR,Blackburn,17.0,2023-09-15,0.5350242240398244,1.0,0.42553183145063156,1.0
2023-10-07,Championship,Millwall,Hull,6.0,2023-09-15,0.47605806736563727,0.0,0.36748004017632635,0.0
2023-10-07,Championship,Leeds,Bristol City,14.0,2023-09-15,0.6339362916204124,1.0,0.5298316567446887,1.0
2023-10-07,Championship,Ipswich,Preston,7.0,2023-09-15,0.555335840557435,0.0,0.4464273705662006,0.0
2023-10-07,Championship,Coventry,Norwich,8.0,2023-09-15,0.591056821161051,0.0,0.482999621548834,0.0
2023-10-07,Championship,Cardiff,Watford,3.0,2023-09-15,0.546877688360084,0.0,0.4374610006748338,0.0
2023-10-07,Championship,Sunderland,Middlesbrough,12.0,2023-09-15,0.5783044912926837,1.0,0.4697319302973212,1.0
2023-10-07,Championship,Leicester,Stoke,8.0,2023-09-15,0.6793277529845155,0.0,0.578378433725554,0.0
2023-10-21,Championship,Hull,Southampton,16.0,2023-10-21,0.6954751283734791,1.0,0.597214163939172,1.0
2023-10-21,Championship,Preston,Millwall,7.0,2023-10-21,0.4199966726564904,0.0,0.31436618057275767,0.0
2023-10-21,Championship,Blackburn,Cardiff,10.0,2023-10-21,0.5123991163398466,1.0,0.4032270904964531,0.0
2023-10-21,Championship,Bristol City,Coventry,17.0,2023-10-21,0.5623710381475479,1.0,0.4533429265807254,1.0
2023-10-21,Championship,Huddersfield,QPR,11.0,2023-10-21,0.5496693242748568,1.0,0.44045731485101947,1.0
2023-10-21,Championship,Middlesbrough,Birmingham,12.0,2023-10-21,0.6027503802464673,1.0,0.496632396149773,1.0
2023-10-21,Championship,Norwich,Leeds,14.0,2023-10-21,0.6133479670951643,1.0,0.5065882894875205,1.0
2023-10-21,Championship,Stoke,Sunderland,8.0,2023-10-21,0.5528963938325773,0.0,0.44387604319086016,0.0
2023-10-21,Championship,Swansea,Leicester,6.0,2023-10-21,0.4924187523850082,0.0,0.3833311291454371,0.0
2023-10-21,Championship,Watford,Sheffield Weds,9.0,2023-10-21,0.46333915137929543,0.0,0.3555446963133152,0.0
2023-10-21,Championship,West Brom,Plymouth,15.0,2023-10-21,0.9028186169423458,1.0,0.8525926454457533,1.0
2023-10-24,Championship,Leicester,Sunderland,10.0,2023-10-21,0.5237012557822963,1.0,0.4142961330288009,0.0
2023-10-24,Championship,West Brom,QPR,8.0,2023-10-21,0.6416203871867588,0.0,0.5377122656376744,0.0
2023-10-24,Championship,Norwich,Middlesbrough,11.0,2023-10-21,0.6116666470743504,1.0,0.504855947309946,1.0
2023-10-24,Championship,Millwall,Blackburn,14.0,2023-10-21,0.49067459213214293,1.0,0.3817274944578076,1.0
2023-10-24,Championship,Huddersfield,Cardiff,15.0,2023-10-21,0.478151570631758,1.0,0.36958976306478913,1.0
2023-10-24,Championship,Swansea,Watford,10.0,2023-10-21,0.4682078135940039,1.0,0.35986032426448405,0.0
2023-10-25,Championship,Birmingham,Hull,11.0,2023-10-21,0.49631166827452455,1.0,0.3871146085544861,1.0
2023-10-25,Championship,Bristol City,Ipswich,7.0,2023-10-21,0.5822139658779935,0.0,0.47384312446404464,0.0
2023-10-25,Championship,Plymouth,Sheffield Weds,8.0,2023-10-21,0.8089714812854488,0.0,0.7304232044841423,0.0
2023-10-25,Championship,Preston,Southampton,9.0,2023-10-21,0.6585368160665801,0.0,0.5564977322416694,0.0
2023-10-25,Championship,Rotherham,Coventry,22.0,2023-10-21,0.5478159791403019,1.0,0.43867866460802885,1.0
2023-10-25,Championship,Stoke,Leeds,8.0,2023-10-21,0.6254367013336115,0.0,0.5195615837982506,0.0
2023-10-28,Championship,Watford,Millwall,9.0,2023-10-21,0.47113364973376964,0.0,0.36289723790230155,0.0
2023-10-28,Championship,Sunderland,Norwich,8.0,2023-10-21,0.533728245560323,0.0,0.4242506135532432,0.0
2023-10-28,Championship,QPR,Leicester,9.0,2023-10-21,0.5743417225749513,0.0,0.4656833591299208,0.0
2023-10-28,Championship,Middlesbrough,Stoke,12.0,2023-10-21,0.6323759628554549,1.0,0.527279717509122,1.0
2023-10-28,Championship,Ipswich,Plymouth,14.0,2023-10-21,0.8923166421623424,1.0,0.8381279168280118,1.0
2023-10-28,Championship,Southampton,Birmingham,8.0,2023-10-21,0.7387195029046936,0.0,0.6483721110059556,0.0
2023-10-28,Championship,Cardiff,Bristol City,7.0,2023-10-21,0.4982204854520074,0.0,0.38907041884521576,0.0
2023-10-28,Championship,Blackburn,Swansea,11.0,2023-10-21,0.49774780688216297,1.0,0.38864014015908777,1.0
2023-10-28,Championship,Leeds,Huddersfield,6.0,2023-10-21,0.6398083289226252,0.0,0.5364796852786273,0.0
2023-10-28,Championship,Hull,Preston,9.0,2023-10-21,0.4940324018117009,0.0,0.38515340707817364,0.0
2023-10-29,Championship,Sheffield Weds,Rotherham,7.0,2023-10-21,0.47300873534950755,0.0,0.36513144922347895,0.0
2023-10-30,Championship,Coventry,West Brom,10.0,2023-10-21,0.6021264180243838,1.0,0.4946998692291392,0.0
2023-11-03,Championship,Leicester,Leeds,13.0,2023-10-21,0.607033954568027,1.0,0.5000693355985344,1.0
2023-11-04,Championship,Birmingham,Ipswich,15.0,2023-10-21,0.5379890235991245,1.0,0.4285701920031794,1.0
2023-11-04,Championship,Bristol City,Sheffield Weds,15.0,2023-10-21,0.4669080318629916,1.0,0.35864957792931995,1.0
2023-11-04,Championship,Huddersfield,Watford,4.0,2023-10-21,0.5025671302275342,0.0,0.3932542019313139,0.0
2023-11-04,Championship,Millwall,Southampton,17.0,2023-10-21,0.6307647287886066,1.0,0.5258066612811247,1.0
2023-11-04,Championship,Plymouth,Middlesbrough,14.0,2023-10-21,0.89071751692869,1.0,0.8358289323602781,1.0
2023-11-04,Championship,Preston,Coventry,14.0,2023-10-21,0.502780806648226,1.0,0.39347326789770526,1.0
2023-11-04,Championship,Rotherham,QPR,12.0,2023-10-21,0.5476239966975512,1.0,0.4383256307270178,1.0
2023-11-04,Championship,Stoke,Cardiff,8.0,2023-10-21,0.5505357950573985,0.0,0.4418691786122363,0.0
2023-11-04,Championship,Swansea,Sunderland,10.0,2023-10-21,0.4581356199286114,1.0,0.3502452519005287,0.0
2023-11-04,Championship,West Brom,Hull,3.0,2023-10-21,0.6115925066615477,0.0,0.5054067376272976,0.0
2023-11-05,Championship,Norwich,Blackburn,10.0,2023-10-21,0.5952104800322042,1.0,0.48802191672457157,0.0
2023-11-07,Championship,Rotherham,Ipswich,14.0,2023-10-21,0.5684693334294635,1.0,0.45982498580281206,1.0
2023-11-10,Championship,Blackburn,Preston,9.0,2023-10-21,0.504887434765766,0.0,0.39586677977453316,0.0
2023-11-11,Championship,QPR,Bristol City,7.0,2023-10-21,0.5757086848785758,0.0,0.46724800842993924,0.0
2023-11-11,Championship,Middlesbrough,Leicester,7.0,2023-10-21,0.6182422864407822,0.0,0.5123320314880166,0.0
2023-11-11,Championship,Southampton,West Brom,13.0,2023-10-21,0.7384911159010032,1.0,0.6466364183106592,1.0
2023-11-11,Championship,Sheffield Weds,Millwall,12.0,2023-10-21,0.40324560875600196,1.0,0.29896670328452923,1.0
2023-11-11,Championship,Watford,Rotherham,9.0,2023-10-21,0.5580889151836376,0.0,0.45016366588571743,0.0
2023-11-11,Championship,Leeds,Plymouth,13.0,2023-10-21,0.9208245052633943,1.0,0.8777177991786463,1.0
2023-11-11,Championship,Hull,Huddersfield,10.0,2023-10-21,0.5251880537847193,1.0,0.41583656817975023,0.0
2023-11-11,Championship,Coventry,Stoke,8.0,2023-10-21,0.5923065543021107,0.0,0.48441070762580907,0.0
2023-11-11,Championship,Cardiff,Norwich,11.0,2023-10-21,0.519265821344191,1.0,0.4099114209199277,1.0
2023-11-11,Championship,Sunderland,Birmingham,15.0,2023-10-21,0.4936273689162981,1.0,0.3850244360536333,1.0
2023-11-11,Championship,Ipswich,Swansea,8.0,2023-10-21,0.536089192280626,0.0,0.4268906044035906,0.0
2023-11-24,Championship,Rotherham,Leeds,7.0,2023-11-24,0.6280533473419654,0.0,0.523755773364512,0.0
2023-11-25,Championship,West Brom,Ipswich,9.0,2023-11-24,0.6234296964474432,0.0,0.5181530767301065,0.0
2023-11-25,Championship,Swansea,Hull,3.0,2023-11-24,0.4752285689803685,0.0,0.3670648139695362,0.0
2023-11-25,Championship,Stoke,Blackburn,8.0,2023-11-24,0.585312824903016,0.0,0.47787510420244966,0.0
2023-11-25,Championship,Preston,Cardiff,19.0,2023-11-24,0.43816804116869046,1.0,0.33176037261418256,1.0
2023-11-25,Championship,Plymouth,Sunderland,18.0,2023-11-24,0.8030477135538129,1.0,0.7235533646553547,1.0
2023-11-25,Championship,Leicester,Watford,8.0,2023-11-24,0.4675996591343981,0.0,0.359856129569498,0.0
2023-11-25,Championship,Millwall,Coventry,7.0,2023-11-24,0.54611232731912,0.0,0.4371854865312675,0.0
2023-11-25,Championship,Huddersfield,Southampton,9.0,2023-11-24,0.7126846407958816,0.0,0.6168182234183847,0.0
2023-11-25,Championship,Bristol City,Middlesbrough,11.0,2023-11-24,0.5981234963260077,1.0,0.4911835596797413,1.0
2023-11-25,Championship,Birmingham,Sheffield Weds,12.0,2023-11-24,0.4398368133390401,1.0,0.3332823613044421,1.0
2023-11-25,Championship,Norwich,QPR,11.0,2023-11-24,0.613683299680347,1.0,0.508141120068067,1.0
2023-11-28,Championship,Watford,Norwich,12.0,2023-11-24,0.5290776960686603,1.0,0.4200093936181777,1.0
2023-11-28,Championship,QPR,Stoke,20.0,2023-11-24,0.5726631757505888,1.0,0.4643758010161303,1.0
2023-11-28,Championship,Middlesbrough,Preston,10.0,2023-11-24,0.5763381870054519,1.0,0.46941076415919425,0.0
2023-11-28,Championship,Coventry,Plymouth,13.0,2023-11-24,0.8716222202752614,1.0,0.8110655982723294,1.0
2023-11-28,Championship,Cardiff,West Brom,9.0,2023-11-24,0.5237971312260921,0.0,0.4148797736669467,0.0
2023-11-28,Championship,Hull,Rotherham,12.0,2023-11-24,0.5770705301499637,1.0,0.46985807813180763,1.0
2023-11-29,Championship,Blackburn,Birmingham,17.0,2023-11-24,0.5407516669857988,1.0,0.43213109060733157,1.0
2023-11-29,Championship,Leeds,Swansea,11.0,2023-11-24,0.5689140892037089,1.0,0.4615955365633753,1.0
2023-11-29,Championship,Sheffield Weds,Leicester,9.0,2023-11-24,0.42462350620371414,0.0,0.31904021340871336,0.0
2023-11-29,Championship,Southampton,Bristol City,9.0,2023-11-24,0.7813657206573126,0.0,0.698278460763427,0.0
2023-11-29,Championship,Sunderland,Huddersfield,14.0,2023-11-24,0.50854738345702,1.0,0.40008554797588547,1.0
2023-11-29,Championship,Ipswich,Millwall,6.0,2023-11-24,0.5541533776284094,0.0,0.4456522933958456,0.0
2023-12-01,Championship,Preston,QPR,10.0,2023-11-24,0.49750615225631023,1.0,0.3887191483965403,0.0
2023-12-02,Championship,Swansea,Huddersfield,20.0,2023-11-24,0.458201542485388,1.0,0.35085493028777365,1.0
2023-12-02,Championship,Southampton,Cardiff,10.0,2023-11-24,0.7381032543605037,1.0,0.6470134950950798,0.0
2023-12-02,Championship,Sheffield Weds,Blackburn,10.0,2023-11-24,0.4899328614986159,1.0,0.38142886101505025,0.0
2023-12-02,Championship,Plymouth,Stoke,15.0,2023-11-24,0.8315871936871907,1.0,0.759102382998456,1.0
2023-12-02,Championship,Millwall,Sunderland,8.0,2023-11-24,0.4692023096535116,0.0,0.36121613961610194,0.0
2023-12-02,Championship,West Brom,Leicester,10.0,2023-11-24,0.5245003830066657,1.0,0.41563592062848453,0.0
2023-12-02,Championship,Ipswich,Coventry,7.0,2023-11-24,0.6412372307847932,0.0,0.5370410204124665,0.0
2023-12-02,Championship,Hull,Watford,10.0,2023-11-24,0.4988394678161617,1.0,0.39000874346724257,0.0
2023-12-02,Championship,Birmingham,Rotherham,10.0,2023-11-24,0.5290738658558934,1.0,0.4203721960018656,0.0
2023-12-02,Championship,Leeds,Middlesbrough,9.0,2023-11-24,0.6303713318785967,0.0,0.5254119974224133,0.0
2023-12-03,Championship,Bristol City,Norwich,12.0,2023-11-24,0.5759240445494915,1.0,0.4679105673831213,1.0
2023-12-08,Championship,Coventry,Birmingham,13.0,2023-11-24,0.5970808579683996,1.0,0.4906442095222292,1.0
2023-12-09,Championship,Blackburn,Leeds,16.0,2023-11-24,0.6034785585733186,1.0,0.4967498356349929,1.0
2023-12-09,Championship,Watford,Southampton,10.0,2023-11-24,0.6948906362966497,1.0,0.5963150669456002,0.0
2023-12-09,Championship,Rotherham,Swansea,17.0,2023-11-24,0.4853518695982581,1.0,0.3768993000650522,1.0
2023-12-09,Championship,QPR,Hull,8.0,2023-11-24,0.5527121088191845,0.0,0.44392904370862535,0.0
2023-12-09,Championship,Norwich,Preston,11.0,2023-11-24,0.5485906623958333,1.0,0.44072507260425225,1.0
2023-12-09,Championship,Stoke,Sheffield Weds,9.0,2023-11-24,0.4967468433604186,0.0,0.3882341074345839,0.0
2023-12-09,Championship,Leicester,Plymouth,13.0,2023-11-24,0.8162884524506198,1.0,0.7406100554858306,1.0
2023-12-09,Championship,Huddersfield,Bristol City,11.0,2023-11-24,0.5214789041523267,1.0,0.41253481960803123,1.0
2023-12-09,Championship,Cardiff,Millwall,6.0,2023-11-24,0.4512791776999505,0.0,0.3441078372541069,0.0
2023-12-09,Championship,Sunderland,West Brom,11.0,2023-11-24,0.5355187654586849,1.0,0.4264750326002433,1.0
2023-12-09,Championship,Middlesbrough,Ipswich,8.0,2023-11-24,0.6467846780148763,0.0,0.543427594089274,0.0
2023-12-12,Championship,Blackburn,Bristol City,7.0,2023-11-24,0.5705465753146138,0.0,0.46244683818424864,0.0
2023-12-12,Championship,Huddersfield,Preston,8.0,2023-11-24,0.4563952256861024,0.0,0.34909425409259853,0.0
2023-12-12,Championship,Rotherham,West Brom,3.0,2023-11-24,0.5951956898673664,0.0,0.4885827250450697,0.0
2023-12-12,Championship,Stoke,Swansea,9.0,2023-11-24,0.5116260897610299,0.0,0.40300781529645946,0.0
2023-12-12,Championship,Watford,Ipswich,10.0,2023-11-24,0.557219960339863,1.0,0.44860859171983025,0.0
2023-12-12,Championship,Sunderland,Leeds,9.0,2023-11-24,0.5573286205510852,0.0,0.44863186729877924,0.0
2023-12-13,Championship,Middlesbrough,Hull,10.0,2023-11-24,0.6074155757754657,1.0,0.5014624556350568,0.0
2023-12-13,Championship,QPR,Plymouth,7.0,2023-11-24,0.8385274707844307,0.0,0.7680349380988077,0.0
2023-12-13,Championship,Norwich,Sheffield Weds,10.0,2023-11-24,0.5172515747950762,1.0,0.40874273957502866,0.0
2023-12-13,Championship,Coventry,Southampton,12.0,2023-11-24,0.7690821281571896,1.0,0.6823599481886925,1.0
2023-12-13,Championship,Cardiff,Birmingham,7.0,2023-11-24,0.4759436825279291,0.0,0.3679254062823141,0.0
2023-12-13,Championship,Leicester,Millwall,12.0,2023-11-24,0.46898362840878527,1.0,0.3614464596589141,1.0
2023-12-16,Championship,Sheffield Weds,QPR,11.0,2023-11-24,0.4950414080625718,1.0,0.386475566659548,1.0
2023-12-16,Championship,Swansea,Middlesbrough,8.0,2023-11-24,0.5264522846098577,0.0,0.4174881165886786,0.0
2023-12-16,Championship,Southampton,Blackburn,16.0,2023-11-24,0.7749234168386268,1.0,0.6902286342320908,1.0
2023-12-16,Championship,Preston,Watford,15.0,2023-11-24,0.44578691198474296,1.0,0.33892654202087663,1.0
2023-12-16,Championship,Plymouth,Rotherham,16.0,2023-11-24,0.8301641602830109,1.0,0.7574869906016597,1.0
2023-12-16,Championship,Leeds,Coventry,7.0,2023-11-24,0.653897814668488,0.0,0.5512879282153772,0.0
2023-12-16,Championship,Hull,Cardiff,11.0,2023-11-24,0.5012553705258218,1.0,0.39263290047730326,1.0
2023-12-16,Championship,Bristol City,Sunderland,16.0,2023-11-24,0.520984031734924,1.0,0.41193786615987116,1.0
2023-12-16,Championship,Ipswich,Norwich,9.0,2023-11-24,0.6115807308415485,0.0,0.5051480225855964,0.0
2023-12-16,Championship,Millwall,Huddersfield,6.0,2023-11-24,0.4756403906446346,0.0,0.36765276044002115,0.0
2023-12-17,Championship,West Brom,Stoke,22.0,2023-11-24,0.589852401435015,1.0,0.4825806733246722,1.0
2023-12-18,Championship,Birmingham,Leicester,5.0,2023-11-24,0.47199192314176813,0.0,0.3640602316157435,0.0
2023-12-22,Championship,Swansea,Preston,7.0,2023-11-24,0.4298520464741376,0.0,0.3241467521068645,0.0
2023-12-22,Championship,Bristol City,Hull,13.0,2023-11-24,0.5390652769261235,1.0,0.4300536242675193,1.0
2023-12-23,Championship,Sheffield Weds,Cardiff,13.0,2023-11-24,0.43765819638784714,1.0,0.3314836431860785,1.0
2023-12-23,Championship,Sunderland,Coventry,14.0,2023-11-24,0.5699684201823658,1.0,0.46166955897064915,1.0
2023-12-23,Championship,Stoke,Millwall,8.0,2023-11-24,0.5231563973358152,0.0,0.4143993313010564,0.0
2023-12-23,Championship,Plymouth,Birmingham,10.0,2023-11-24,0.7996918029684786,1.0,0.7194378862092186,0.0
2023-12-23,Championship,QPR,Southampton,12.0,2023-11-24,0.7492722231571709,1.0,0.6591132489340651,1.0
2023-12-23,Championship,Middlesbrough,West Brom,12.0,2023-11-24,0.6080865017289429,1.0,0.50156962743425,1.0
2023-12-23,Championship,Leeds,Ipswich,5.0,2023-11-24,0.6524873323024493,0.0,0.5498028484915477,0.0
2023-12-23,Championship,Norwich,Huddersfield,14.0,2023-11-24,0.5742364774263495,1.0,0.4669018677545602,1.0
2023-12-23,Championship,Leicester,Rotherham,10.0,2023-11-24,0.5715248253253916,1.0,0.46481856385440934,0.0
2023-12-23,Championship,Blackburn,Watford,12.0,2023-11-24,0.5192843134564935,1.0,0.41021679956465606,1.0
2023-12-26,Championship,Preston,Leeds,11.0,2023-12-26,0.5146188716153146,1.0,0.4067865476833056,1.0
2023-12-26,Championship,Ipswich,Leicester,13.0,2023-12-26,0.41692208857249424,1.0,0.3127179701878872,1.0
2023-12-26,Championship,Birmingham,Stoke,8.0,2023-12-26,0.5535509239133096,0.0,0.4457836269123566,0.0
2023-12-26,Championship,West Brom,Norwich,16.0,2023-12-26,0.6069764641011706,1.0,0.501408305279035,1.0
2023-12-26,Championship,Southampton,Swansea,4.0,2023-12-26,0.6836388608930577,0.0,0.5858623862299107,0.0
2023-12-26,Championship,Rotherham,Middlesbrough,11.0,2023-12-26,0.6021609801357343,1.0,0.4969714229515558,1.0
2023-12-26,Championship,Watford,Bristol City,12.0,2023-12-26,0.551705347504044,1.0,0.4443640034675438,1.0
2023-12-26,Championship,Huddersfield,Blackburn,10.0,2023-12-26,0.5520661109784509,1.0,0.44418811106434347,0.0
2023-12-26,Championship,Coventry,Sheffield Weds,14.0,2023-12-26,0.5382692510488082,1.0,0.43032852625707346,1.0
2023-12-26,Championship,Cardiff,Plymouth,10.0,2023-12-26,0.7868183972533086,1.0,0.7047262193086263,0.0
2023-12-26,Championship,Millwall,QPR,10.0,2023-12-26,0.4895954370074863,1.0,0.38194593781887903,0.0
2023-12-26,Championship,Hull,Sunderland,10.0,2023-12-26,0.5367485766715762,1.0,0.4286591196635538,0.0
2023-12-29,Championship,Millwall,Norwich,8.0,2023-12-26,0.5027387363232416,0.0,0.3947958718719068,0.0
2023-12-29,Championship,West Brom,Leeds,19.0,2023-12-26,0.5752750442416754,1.0,0.468108294455598,1.0
2023-12-29,Championship,Watford,Stoke,9.0,2023-12-26,0.5576518572695163,0.0,0.44995436354943236,0.0
2023-12-29,Championship,Rotherham,Sunderland,12.0,2023-12-26,0.5686958172887452,1.0,0.4617583050707235,1.0
2023-12-29,Championship,Ipswich,QPR,14.0,2023-12-26,0.5242094455989651,1.0,0.4163830059266539,1.0
2023-12-29,Championship,Preston,Sheffield Weds,3.0,2023-12-26,0.452562830205337,0.0,0.3461915336555912,0.0
2023-12-29,Championship,Huddersfield,Middlesbrough,9.0,2023-12-26,0.5672004711082923,0.0,0.46004441435279847,0.0
2023-12-29,Championship,Coventry,Swansea,16.0,2023-12-26,0.5365618885273777,1.0,0.4287278006135288,1.0
2023-12-29,Championship,Cardiff,Leicester,7.0,2023-12-26,0.43311022789228093,0.0,0.3279325178393525,0.0
2023-12-29,Championship,Birmingham,Bristol City,7.0,2023-12-26,0.5264727626646957,0.0,0.4183742970735288,0.0
2023-12-29,Championship,Southampton,Plymouth,12.0,2023-12-26,0.9272397171190307,1.0,0.8874962083936805,1.0
2023-12-29,Championship,Hull,Blackburn,8.0,2023-12-26,0.5648166364955359,0.0,0.4574539401987791,0.0
2024-01-01,Championship,Sheffield Weds,Hull,14.0,2023-12-26,0.4886437934524354,1.0,0.3811165903673444,1.0
2024-01-01,Championship,Swansea,West Brom,8.0,2023-12-26,0.5155788463933958,0.0,0.4074843744998908,0.0
2024-01-01,Championship,Stoke,Ipswich,13.0,2023-12-26,0.5365027976674581,1.0,0.4285876866977898,1.0
2024-01-01,Championship,QPR,Cardiff,7.0,2023-12-26,0.5308568059613487,0.0,0.4229347602770813,0.0
2024-01-01,Championship,Plymouth,Watford,14.0,2023-12-26,0.7926747099760163,1.0,0.7116863129900725,1.0
2024-01-01,Championship,Norwich,Southampton,13.0,2023-12-26,0.7128793463045044,1.0,0.6176674823481176,1.0
2024-01-01,Championship,Middlesbrough,Coventry,21.0,2023-12-26,0.6260151576397579,1.0,0.5219668314931831,1.0
2024-01-01,Championship,Leeds,Birmingham,9.0,2023-12-26,0.5823473217133306,0.0,0.4768647064944886,0.0
2024-01-01,Championship,Bristol City,Millwall,11.0,2023-12-26,0.48027705219616895,1.0,0.37283607301952226,1.0
2024-01-01,Championship,Blackburn,Rotherham,10.0,2023-12-26,0.6055665763334797,1.0,0.5006769430892434,0.0
2024-01-01,Championship,Sunderland,Preston,5.0,2023-12-26,0.5437924239598286,0.0,0.4366513184144947,0.0
2024-01-01,Championship,Leicester,Huddersfield,7.0,2023-12-26,0.5052925782725687,0.0,0.39862065241487527,0.0
2024-01-12,Championship,Hull,Norwich,11.0,2023-12-26,0.5604934190412398,1.0,0.4528049775722324,1.0
2024-01-13,Championship,Rotherham,Stoke,9.0,2023-12-26,0.5911909355697216,0.0,0.48502836615919764,0.0
2024-01-13,Championship,Ipswich,Sunderland,4.0,2023-12-26,0.5031418420198078,0.0,0.3951749909294022,0.0
2024-01-13,Championship,West Brom,Blackburn,9.0,2023-12-26,0.6280071805355172,0.0,0.5244550801708346,0.0
2024-01-13,Championship,Southampton,Sheffield Weds,17.0,2023-12-26,0.6789491122360433,1.0,0.5803798202031616,1.0
2024-01-13,Championship,Preston,Bristol City,14.0,2023-12-26,0.5121204268421716,1.0,0.4041075807487169,1.0
2024-01-13,Championship,Millwall,Middlesbrough,9.0,2023-12-26,0.5022049737066138,0.0,0.39432574361737266,0.0
2024-01-13,Championship,Huddersfield,Plymouth,8.0,2023-12-26,0.7970895710120276,0.0,0.7171045997315099,0.0
2024-01-13,Championship,Cardiff,Leeds,9.0,2023-12-26,0.517082927448403,0.0,0.4091506632994296,0.0
2024-01-13,Championship,Birmingham,Swansea,10.0,2023-12-26,0.4611496544937442,1.0,0.354371946492122,0.0
2024-01-13,Championship,Coventry,Leicester,8.0,2023-12-26,0.5019591744252674,0.0,0.39398481256959295,0.0
2024-01-14,Championship,QPR,Watford,12.0,2023-12-26,0.537434781619992,1.0,0.42935670187523034,1.0
2024-01-19,Championship,Sunderland,Hull,13.0,2023-12-26,0.5514656402216511,1.0,0.44394342623338773,1.0
2024-01-20,Championship,Stoke,Birmingham,15.0,2023-12-26,0.5857072884440476,1.0,0.4797445409010996,1.0
2024-01-20,Championship,Sheffield Weds,Coventry,13.0,2023-12-26,0.536238831308192,1.0,0.42822940559233275,1.0
2024-01-20,Championship,QPR,Millwall,5.0,2023-12-26,0.4918457501109791,0.0,0.38419874790603087,0.0
2024-01-20,Championship,Plymouth,Cardiff,10.0,2023-12-26,0.7818950525740588,1.0,0.698641894565665,0.0
2024-01-20,Championship,Middlesbrough,Rotherham,15.0,2023-12-26,0.6622740117174137,1.0,0.5630380538565539,1.0
2024-01-20,Championship,Bristol City,Watford,15.0,2023-12-26,0.5297595524123018,1.0,0.42162956837287174,1.0
2024-01-20,Championship,Blackburn,Huddersfield,10.0,2023-12-26,0.5691030715324013,1.0,0.46208148177743147,0.0
2024-01-20,Championship,Swansea,Southampton,11.0,2023-12-26,0.6431009866647297,1.0,0.5402364864862239,1.0
2024-01-20,Championship,Norwich,West Brom,8.0,2023-12-26,0.6026806793528924,0.0,0.4967564738965177,0.0
2024-01-21,Championship,Leeds,Preston,12.0,2023-12-26,0.5599857244636783,1.0,0.453617937271117,1.0
2024-01-22,Championship,Leicester,Ipswich,16.0,2023-12-26,0.4346507063804265,1.0,0.3296631745865395,1.0
2024-01-24,Championship,Leeds,Norwich,6.0,2023-12-26,0.5891908383439896,0.0,0.482753724596235,0.0
2024-01-27,Championship,Millwall,Preston,11.0,2024-01-27,0.41860426243282395,1.0,0.31461442319448035,1.0
2024-01-27,Championship,Sunderland,Stoke,9.0,2024-01-27,0.5764435979006649,0.0,0.4695773818798099,0.0
2024-01-28,Championship,QPR,Huddersfield,14.0,2024-01-27,0.5429145080661238,1.0,0.4354263098991987,1.0
2024-01-30,Championship,Coventry,Bristol City,6.0,2024-01-27,0.6555457897468715,0.0,0.5542511028943605,0.0
2024-01-30,Championship,Leicester,Swansea,5.0,2024-01-27,0.4403920828421358,0.0,0.33500814525808353,0.0
2024-01-31,Championship,Sheffield Weds,Watford,10.0,2024-01-27,0.5225529321774168,1.0,0.4146581910447919,0.0
2024-02-02,Championship,Bristol City,Leeds,6.0,2024-01-27,0.5905862713936199,0.0,0.4842735056462912,0.0
2024-02-03,Championship,West Brom,Birmingham,12.0,2024-01-27,0.6108184237966793,1.0,0.5070439503512394,1.0
2024-02-03,Championship,Watford,Cardiff,12.0,2024-01-27,0.4950733427208777,1.0,0.38766401968862957,1.0
2024-02-03,Championship,Swansea,Plymouth,10.0,2024-01-27,0.7339090667387075,1.0,0.6422957974285705,0.0
2024-02-03,Championship,Stoke,Leicester,9.0,2024-01-27,0.5345111710869282,0.0,0.4267585896421254,0.0
2024-02-03,Championship,Rotherham,Southampton,13.0,2024-01-27,0.7255253303324354,1.0,0.6342473210235294,1.0
2024-02-03,Championship,Norwich,Coventry,7.0,2024-01-27,0.6416642446466039,0.0,0.5386584632584902,0.0
2024-02-03,Championship,Hull,Millwall,8.0,2024-01-27,0.45912704979656993,0.0,0.3527289405098839,0.0
2024-02-03,Championship,Huddersfield,Sheffield Weds,15.0,2024-01-27,0.4907653856388774,1.0,0.3831354503942002,1.0
2024-02-03,Championship,Blackburn,QPR,14.0,2024-01-27,0.5809536117990043,1.0,0.4741481496327102,1.0
2024-02-03,Championship,Preston,Ipswich,9.0,2024-01-27,0.48728053932761106,0.0,0.3797281454809534,0.0
2024-02-04,Championship,Middlesbrough,Sunderland,7.0,2024-01-27,0.5847240357847802,0.0,0.47821783418531594,0.0
2024-02-09,Championship,Sheffield Weds,Birmingham,8.0,2024-01-27,0.5212241678578025,0.0,0.4139618772000514,0.0
2024-02-10,Championship,Southampton,Huddersfield,12.0,2024-01-27,0.7277647311922928,1.0,0.6373144393669169,1.0
2024-02-10,Championship,Watford,Leicester,9.0,2024-01-27,0.4868479561496182,0.0,0.37938843191761923,0.0
2024-02-10,Championship,Sunderland,Plymouth,10.0,2024-01-27,0.7934925671608426,1.0,0.7135492496207492,0.0
2024-02-10,Championship,QPR,Norwich,9.0,2024-01-27,0.5869205411375651,0.0,0.48026407845224695,0.0
2024-02-10,Championship,Middlesbrough,Bristol City,8.0,2024-01-27,0.6559033703684197,0.0,0.5551859218390398,0.0
2024-02-10,Championship,Leeds,Rotherham,8.0,2024-01-27,0.6612130761108334,0.0,0.5622649679573483,0.0
2024-02-10,Championship,Hull,Swansea,6.0,2024-01-27,0.4813280500258435,0.0,0.37405685398076594,0.0
2024-02-10,Championship,Cardiff,Preston,4.0,2024-01-27,0.4451605482368121,0.0,0.3394792364279073,0.0
2024-02-10,Championship,Blackburn,Stoke,13.0,2024-01-27,0.5971158038606507,1.0,0.49094620805669353,1.0
2024-02-10,Championship,Ipswich,West Brom,12.0,2024-01-27,0.570773015008699,1.0,0.46349523982350804,1.0
2024-02-11,Championship,Coventry,Millwall,11.0,2024-01-27,0.5434531309376692,1.0,0.43600125899994424,1.0
2024-02-13,Championship,West Brom,Cardiff,8.0,2024-01-27,0.5637533264796285,0.0,0.4573267946554014,0.0
2024-02-13,Championship,Swansea,Leeds,7.0,2024-01-27,0.5022362845187593,0.0,0.39442024952575444,0.0
2024-02-13,Championship,Rotherham,Hull,13.0,2024-01-27,0.537587281575483,1.0,0.42983139532279585,1.0
2024-02-13,Championship,Bristol City,Southampton,11.0,2024-01-27,0.7023780625976493,1.0,0.6067095297560772,1.0
2024-02-13,Championship,Leicester,Sheffield Weds,11.0,2024-01-27,0.4733870418495473,1.0,0.36635437684413286,1.0
2024-02-13,Championship,Birmingham,Blackburn,10.0,2024-01-27,0.5277558799231209,1.0,0.41972450788186466,0.0
2024-02-13,Championship,Norwich,Watford,8.0,2024-01-27,0.5751212618915644,0.0,0.46823300753345143,0.0
2024-02-14,Championship,Huddersfield,Sunderland,16.0,2024-01-27,0.5062954604090134,1.0,0.39854545453660306,1.0
2024-02-14,Championship,Plymouth,Coventry,10.0,2024-01-27,0.8214906037280876,1.0,0.7472916650838131,0.0
2024-02-14,Championship,Preston,Middlesbrough,9.0,2024-01-27,0.5434342348526673,0.0,0.4357529738171838,0.0
2024-02-14,Championship,Stoke,QPR,12.0,2024-01-27,0.6125429419025723,1.0,0.5077209448608485,1.0
2024-02-14,Championship,Millwall,Ipswich,14.0,2024-01-27,0.45409588728360484,1.0,0.34774203967777817,1.0
2024-02-16,Championship,West Brom,Southampton,15.0,2024-01-27,0.676824722012562,1.0,0.5771799916055224,1.0
2024-02-17,Championship,Preston,Blackburn,10.0,2024-01-27,0.5107667338858944,1.0,0.40281827748617455,0.0
2024-02-17,Championship,Swansea,Ipswich,15.0,2024-01-27,0.47908212010065954,1.0,0.37175423871533037,1.0
2024-02-17,Championship,Stoke,Coventry,9.0,2024-01-27,0.6498771779147836,0.0,0.547619815791355,0.0
2024-02-17,Championship,Rotherham,Watford,13.0,2024-01-27,0.544168009544213,1.0,0.4366068729708554,1.0
2024-02-17,Championship,Norwich,Cardiff,8.0,2024-01-27,0.5367973455640099,0.0,0.4293401545855392,0.0
2024-02-17,Championship,Plymouth,Leeds,4.0,2024-01-27,0.7913451392283375,0.0,0.7103405718686121,0.0
2024-02-17,Championship,Leicester,Middlesbrough,16.0,2024-01-27,0.5318994314860177,1.0,0.42388913137205286,1.0
2024-02-17,Championship,Huddersfield,Hull,14.0,2024-01-27,0.502469611045694,1.0,0.3945953354944215,1.0
2024-02-17,Championship,Bristol City,QPR,6.0,2024-01-27,0.583803730258217,0.0,0.47704495514015816,0.0
2024-02-17,Championship,Birmingham,Sunderland,10.0,2024-01-27,0.5073450786433766,1.0,0.3996272898331644,0.0
2024-02-17,Championship,Millwall,Sheffield Weds,10.0,2024-01-27,0.43922214220117617,1.0,0.3336652933589627,0.0
2024-02-20,Championship,Cardiff,Blackburn,5.0,2024-01-27,0.5089005613792318,0.0,0.40103142193854135,0.0
2024-02-20,Championship,Ipswich,Rotherham,8.0,2024-01-27,0.6045886285091887,0.0,0.5005228514633158,0.0
2024-02-20,Championship,Plymouth,West Brom,9.0,2024-01-27,0.8038095458998961,0.0,0.7255847271326055,0.0
2024-02-20,Championship,Southampton,Hull,6.0,2024-01-27,0.7133158915286697,0.0,0.6200301343744771,0.0
2024-02-23,Championship,Coventry,Preston,12.0,2024-01-27,0.5855630345968549,1.0,0.4795340083745644,1.0
2024-02-23,Championship,Leeds,Leicester,7.0,2024-01-27,0.5283226044107516,0.0,0.42085212251116316,0.0
2024-02-24,Championship,Southampton,Millwall,14.0,2024-01-27,0.6545673405385705,1.0,0.5546835446205778,1.0
2024-02-24,Championship,Watford,Huddersfield,8.0,2024-01-27,0.5310408501269319,0.0,0.42367030415797924,0.0
2024-02-24,Championship,Sunderland,Swansea,15.0,2024-01-27,0.4970608514117415,1.0,0.38986585701076076,1.0
2024-02-24,Championship,Sheffield Weds,Bristol City,10.0,2024-01-27,0.5662815801045914,1.0,0.4593487656043067,0.0
2024-02-24,Championship,QPR,Rotherham,9.0,2024-01-27,0.5999846951368522,0.0,0.4951249675255385,0.0
2024-02-24,Championship,Middlesbrough,Plymouth,12.0,2024-01-27,0.8385058908334169,1.0,0.7695199264767125,1.0
2024-02-24,Championship,Ipswich,Birmingham,12.0,2024-01-27,0.5420983919824227,1.0,0.43507497715984134,1.0
2024-02-24,Championship,Cardiff,Stoke,8.0,2024-01-27,0.5231705879326913,0.0,0.41514040859469326,0.0
2024-02-24,Championship,Blackburn,Norwich,12.0,2024-01-27,0.5896880586309912,1.0,0.483155141719958,1.0
2024-02-24,Championship,Hull,West Brom,11.0,2024-01-27,0.570158466039703,1.0,0.46291916508811587,1.0
2024-03-01,Championship,West Brom,Coventry,8.0,2024-03-01,0.6438200707058693,0.0,0.5418078707980045,0.0
2024-03-02,Championship,Swansea,Blackburn,12.0,2024-03-01,0.5192162278271525,1.0,0.4121116970552938,1.0
2024-03-02,Championship,Stoke,Middlesbrough,9.0,2024-03-01,0.616870220295629,0.0,0.5124984447511707,0.0
2024-03-02,Championship,Rotherham,Sheffield Weds,12.0,2024-03-01,0.5469635372497305,1.0,0.44002344574068725,1.0
2024-03-02,Championship,Preston,Hull,16.0,2024-03-01,0.4758768236852564,1.0,0.36921349606242093,1.0
2024-03-02,Championship,Plymouth,Ipswich,12.0,2024-03-01,0.7395387917902015,1.0,0.6491288548220789,1.0
2024-03-02,Championship,Millwall,Watford,7.0,2024-03-01,0.4696536045524346,0.0,0.3632052944667987,0.0
2024-03-02,Championship,Leicester,QPR,9.0,2024-03-01,0.516621000620054,0.0,0.4095215834148301,0.0
2024-03-02,Championship,Birmingham,Southampton,22.0,2024-03-01,0.667916740287724,1.0,0.5690169746028648,1.0
2024-03-02,Championship,Huddersfield,Leeds,16.0,2024-03-01,0.5052003016372956,1.0,0.3979817774345352,1.0
2024-03-02,Championship,Bristol City,Cardiff,11.0,2024-03-01,0.47013806120465623,1.0,0.3637833507062806,1.0
2024-03-02,Championship,Norwich,Sunderland,7.0,2024-03-01,0.559921492648096,0.0,0.4530202162162241,0.0
2024-03-05,Championship,Sheffield Weds,Plymouth,10.0,2024-03-01,0.7271781958082357,1.0,0.6353382736408444,0.0
2024-03-05,Championship,Ipswich,Bristol City,9.0,2024-03-01,0.5904892791013696,0.0,0.48494319812272263,0.0
2024-03-05,Championship,Sunderland,Leicester,11.0,2024-03-01,0.4989616856683274,1.0,0.3920021640420073,1.0
2024-03-05,Championship,Leeds,Stoke,10.0,2024-03-01,0.541762984528115,1.0,0.43463571935590084,0.0
2024-03-05,Championship,Hull,Birmingham,12.0,2024-03-01,0.5223769187593211,1.0,0.4153558799730171,1.0
2024-03-05,Championship,Coventry,Rotherham,9.0,2024-03-01,0.6560960432640244,0.0,0.5565632126051551,0.0
2024-03-05,Championship,Blackburn,Millwall,6.0,2024-03-01,0.49806429869163493,0.0,0.3909278644579239,0.0
2024-03-06,Championship,Cardiff,Huddersfield,6.0,2024-03-01,0.4714058392809799,0.0,0.3650513720285338,0.0
2024-03-06,Championship,Middlesbrough,Norwich,4.0,2024-03-01,0.6068829925769738,0.0,0.5021314906527503,0.0
2024-03-06,Championship,Watford,Swansea,12.0,2024-03-01,0.48733724607918755,1.0,0.38050585745909743,1.0
2024-03-06,Championship,QPR,West Brom,23.0,2024-03-01,0.6011425839596454,1.0,0.4958416175595766,1.0
2024-03-08,Championship,Sheffield Weds,Leeds,13.0,2024-03-01,0.49973394618758427,1.0,0.3924857394072121,1.0
2024-03-09,Championship,Watford,Coventry,9.0,2024-03-01,0.591893176638111,0.0,0.4861481354027912,0.0
2024-03-09,Championship,Southampton,Sunderland,8.0,2024-03-01,0.6887502399532801,0.0,0.5921066039287315,0.0
2024-03-09,Championship,QPR,Middlesbrough,13.0,2024-03-01,0.6032510926639081,1.0,0.49808064272177727,1.0
2024-03-09,Championship,Preston,Stoke,6.0,2024-03-01,0.5224103481379836,0.0,0.4150314466901067,0.0
2024-03-09,Championship,Blackburn,Plymouth,6.0,2024-03-01,0.7380256158921694,0.0,0.6476369441359098,0.0
2024-03-09,Championship,Millwall,Birmingham,8.0,2024-03-01,0.45973140798151,0.0,0.35396520065619186,0.0
2024-03-09,Championship,Hull,Leicester,4.0,2024-03-01,0.4754239617146358,0.0,0.3687895772588391,0.0
2024-03-09,Championship,Cardiff,Ipswich,6.0,2024-03-01,0.5010455475206533,0.0,0.39378333748406735,0.0
2024-03-09,Championship,Norwich,Rotherham,7.0,2024-03-01,0.6308402928129585,0.0,0.529379695250008,0.0
2024-03-10,Championship,Huddersfield,West Brom,10.0,2024-03-01,0.5880313911934745,1.0,0.48219463781289124,0.0
2024-03-10,Championship,Bristol City,Swansea,9.0,2024-03-01,0.48410333102893416,0.0,0.37719808778525854,0.0
2024-03-12,Championship,Birmingham,Middlesbrough,7.0,2024-03-01,0.569303090134556,0.0,0.46284184252538313,0.0
2024-03-16,Championship,Sunderland,QPR,12.0,2024-03-01,0.5837041310966951,1.0,0.4781023885857084,1.0
2024-03-16,Championship,Stoke,Norwich,13.0,2024-03-01,0.5911890957618081,1.0,0.485437171189899,1.0
2024-03-16,Championship,West Brom,Bristol City,10.0,2024-03-01,0.6184989928728084,1.0,0.5151326774631505,0.0
2024-03-16,Championship,Rotherham,Huddersfield,7.0,2024-03-01,0.5382713512161073,0.0,0.4309627463223895,0.0
2024-03-16,Championship,Middlesbrough,Blackburn,13.0,2024-03-01,0.6426768534500468,1.0,0.5411776056675157,1.0
2024-03-16,Championship,Ipswich,Sheffield Weds,14.0,2024-03-01,0.5804061611201088,1.0,0.47420584399527377,1.0
2024-03-16,Championship,Swansea,Cardiff,15.0,2024-03-01,0.42214379021573084,1.0,0.31852799143542393,1.0
2024-03-16,Championship,Plymouth,Preston,11.0,2024-03-01,0.6597363982718686,1.0,0.5589177626593635,1.0
2024-03-16,Championship,Birmingham,Watford,13.0,2024-03-01,0.5153886292414198,1.0,0.40799264989751205,1.0
2024-03-17,Championship,Leeds,Millwall,15.0,2024-03-01,0.4609432653035452,1.0,0.35552598463442964,1.0
2024-03-29,Championship,Watford,Leeds,13.0,2024-03-01,0.4987118467614707,1.0,0.39148691211673464,1.0
2024-03-29,Championship,Blackburn,Ipswich,11.0,2024-03-01,0.6002261940073398,1.0,0.4948494366022877,1.0
2024-03-29,Championship,Southampton,Middlesbrough,13.0,2024-03-01,0.7164065765412012,1.0,0.623197871317299,1.0
2024-03-29,Championship,Sheffield Weds,Swansea,7.0,2024-03-01,0.48606201011878303,0.0,0.379199268885785,0.0
2024-03-29,Championship,Preston,Rotherham,4.0,2024-03-01,0.51174490401512,0.0,0.4050911715299537,0.0
2024-03-29,Championship,QPR,Birmingham,8.0,2024-03-01,0.5494006328662944,0.0,0.44256442146813896,0.0
2024-03-29,Championship,Hull,Stoke,13.0,2024-03-01,0.5631382068398468,1.0,0.456241503925421,1.0
2024-03-29,Championship,Huddersfield,Coventry,14.0,2024-03-01,0.5926688782872078,1.0,0.48691696946031904,1.0
2024-03-29,Championship,Cardiff,Sunderland,11.0,2024-03-01,0.46902979534454287,1.0,0.36265209257653946,1.0
2024-03-29,Championship,Millwall,West Brom,10.0,2024-03-01,0.5154156665828654,1.0,0.40806172998454343,0.0
2024-03-29,Championship,Bristol City,Leicester,11.0,2024-03-01,0.4865023919074294,1.0,0.3795292277801,1.0
2024-03-29,Championship,Norwich,Plymouth,16.0,2024-03-01,0.7539578953464658,1.0,0.6668984310802072,1.0
2024-04-01,Championship,Swansea,QPR,11.0,2024-04-01,0.534334620111202,1.0,0.4272458071676887,1.0
2024-04-01,Championship,Leeds,Hull,7.0,2024-04-01,0.5695768307450545,0.0,0.4636406268403915,0.0
2024-04-01,Championship,Ipswich,Southampton,7.0,2024-04-01,0.7106331097330011,0.0,0.6165319756390828,0.0
2024-04-01,Championship,West Brom,Watford,10.0,2024-04-01,0.6103374700667096,1.0,0.5059387425932365,0.0
2024-04-01,Championship,Sunderland,Blackburn,6.0,2024-04-01,0.5807962435199634,0.0,0.4753317275099346,0.0
2024-04-01,Championship,Stoke,Huddersfield,13.0,2024-04-01,0.6011417292699135,1.0,0.49665041059826287,1.0
2024-04-01,Championship,Plymouth,Bristol City,15.0,2024-04-01,0.6877752836907245,1.0,0.5901365101725367,1.0
2024-04-01,Championship,Middlesbrough,Sheffield Weds,16.0,2024-04-01,0.5981817401202404,1.0,0.4933188171589687,1.0
2024-04-01,Championship,Coventry,Cardiff,9.0,2024-04-01,0.5347990885108648,0.0,0.4281090923000566,0.0
2024-04-01,Championship,Birmingham,Preston,0.0,2024-04-01,0.4670081027571752,0.0,0.3608861340660763,0.0
2024-04-01,Championship,Leicester,Norwich,11.0,2024-04-01,0.46826953745092387,1.0,0.3621025664335835,1.0
2024-04-01,Championship,Rotherham,Millwall,13.0,2024-04-01,0.43955991757279866,1.0,0.33476312101657646,1.0
2024-04-05,Championship,Rotherham,Plymouth,13.0,2024-04-01,0.6593988509612569,1.0,0.5586572755267386,1.0
2024-04-06,Championship,Coventry,Leeds,11.0,2024-04-01,0.596280770711719,1.0,0.4908474694978005,1.0
2024-04-06,Championship,Stoke,West Brom,12.0,2024-04-01,0.6291001312999712,1.0,0.5258333849866353,1.0
2024-04-06,Championship,QPR,Sheffield Weds,7.0,2024-04-01,0.5839963469992133,0.0,0.478062985872792,0.0
2024-04-06,Championship,Middlesbrough,Swansea,10.0,2024-04-01,0.5472728092847493,1.0,0.4406945145923899,0.0
2024-04-06,Championship,Leicester,Birmingham,10.0,2024-04-01,0.49412818926821084,1.0,0.38816853653127414,0.0
2024-04-06,Championship,Blackburn,Southampton,6.0,2024-04-01,0.7082936397677811,0.0,0.6141248044022884,0.0
2024-04-06,Championship,Cardiff,Hull,11.0,2024-04-01,0.46286413996693637,1.0,0.35683122465358363,1.0
2024-04-06,Championship,Sunderland,Bristol City,8.0,2024-04-01,0.5651221775109893,0.0,0.45909923943030634,0.0
2024-04-06,Championship,Norwich,Ipswich,10.0,2024-04-01,0.5851249077765772,1.0,0.47963896619193824,0.0
2024-04-06,Championship,Huddersfield,Millwall,13.0,2024-04-01,0.4727246863104154,1.0,0.3664070117123071,1.0
2024-04-06,Championship,Watford,Preston,12.0,2024-04-01,0.51468607476937,1.0,0.4081544513136035,1.0
2024-04-09,Championship,Southampton,Coventry,14.0,2024-04-01,0.7611859721588394,1.0,0.6760428183211005,1.0
2024-04-09,Championship,Leeds,Sunderland,15.0,2024-04-01,0.5560187177944949,1.0,0.44932386637863553,1.0
2024-04-09,Championship,Preston,Huddersfield,10.0,2024-04-01,0.48487941687148933,1.0,0.3781377794591644,0.0
2024-04-09,Championship,Plymouth,QPR,14.0,2024-04-01,0.7200298394641341,1.0,0.6267301969695402,1.0
2024-04-09,Championship,Millwall,Leicester,12.0,2024-04-01,0.39445930198561985,1.0,0.2928187906515738,1.0
2024-04-09,Championship,Sheffield Weds,Norwich,13.0,2024-04-01,0.543335277811124,1.0,0.43619198584002894,1.0
2024-04-10,Championship,Birmingham,Cardiff,9.0,2024-04-01,0.45072387288781546,0.0,0.3452606678254796,0.0
2024-04-10,Championship,Bristol City,Blackburn,14.0,2024-04-01,0.5610007056703238,1.0,0.45433501842241614,1.0
2024-04-10,Championship,Hull,Middlesbrough,12.0,2024-04-01,0.5721433305924013,1.0,0.465683941040704,1.0
2024-04-10,Championship,Ipswich,Watford,7.0,2024-04-01,0.5763253653848683,0.0,0.47004398635517086,0.0
2024-04-10,Championship,Swansea,Stoke,8.0,2024-04-01,0.5239784660415304,0.0,0.416707541400126,0.0
2024-04-10,Championship,West Brom,Rotherham,9.0,2024-04-01,0.6499164055645776,0.0,0.5502919598711327,0.0
2024-04-12,Championship,Plymouth,Leicester,13.0,2024-04-01,0.6250150314401203,1.0,0.521525520442822,1.0
2024-04-13,Championship,West Brom,Sunderland,6.0,2024-04-01,0.5988433360862823,0.0,0.49366459265366114,0.0
2024-04-13,Championship,Swansea,Rotherham,12.0,2024-04-01,0.5257630868165303,1.0,0.4199961244602869,1.0
2024-04-13,Championship,Sheffield Weds,Stoke,9.0,2024-04-01,0.5771823830239023,0.0,0.4709252213747579,0.0
2024-04-13,Championship,Preston,Norwich,11.0,2024-04-01,0.48155553305878696,1.0,0.3749751707908227,1.0
2024-04-13,Championship,Millwall,Cardiff,10.0,2024-04-01,0.3986900196390963,1.0,0.29682873736934884,0.0
2024-04-13,Championship,Southampton,Watford,9.0,2024-04-01,0.7263187151863666,0.0,0.635389060905145,0.0
2024-04-13,Championship,Hull,QPR,8.0,2024-04-01,0.5770252107729495,0.0,0.47084372521941764,0.0
2024-04-13,Championship,Bristol City,Huddersfield,16.0,2024-04-01,0.5505591561222651,1.0,0.443692167556691,1.0
2024-04-13,Championship,Birmingham,Coventry,9.0,2024-04-01,0.573471867657639,0.0,0.46709561129310395,0.0
2024-04-13,Championship,Leeds,Blackburn,13.0,2024-04-01,0.5982886099883308,1.0,0.49383145817006974,1.0
2024-04-13,Championship,Ipswich,Middlesbrough,10.0,2024-04-01,0.6037395544115505,1.0,0.4987076370229748,0.0
2024-04-16,Championship,Southampton,Preston,5.0,2024-04-01,0.7188172078853869,0.0,0.6278525983574291,0.0
2024-04-20,Championship,QPR,Preston,8.0,2024-04-01,0.5354954547800683,0.0,0.4287740520439635,0.0
2024-04-20,Championship,Watford,Hull,6.0,2024-04-01,0.5536253407996427,0.0,0.4469271653796204,0.0
2024-04-20,Championship,Sunderland,Millwall,15.0,2024-04-01,0.491519009625195,1.0,0.3852560539659393,1.0
2024-04-20,Championship,Stoke,Plymouth,10.0,2024-04-01,0.7525331456065977,1.0,0.6654500890871172,0.0
2024-04-20,Championship,Rotherham,Birmingham,13.0,2024-04-01,0.4941367285859767,1.0,0.3871485268421517,1.0
2024-04-20,Championship,Huddersfield,Swansea,11.0,2024-04-01,0.49629748781921296,1.0,0.38926111708234146,1.0
2024-04-20,Championship,Cardiff,Southampton,9.0,2024-04-01,0.6300491759917725,0.0,0.5277667442536852,0.0
2024-04-20,Championship,Leicester,West Brom,10.0,2024-04-01,0.5269361721145611,1.0,0.4197644354577633,0.0
2024-04-20,Championship,Norwich,Bristol City,13.0,2024-04-01,0.5660147212521067,1.0,0.46006977026218476,1.0
2024-04-21,Championship,Blackburn,Sheffield Weds,8.0,2024-04-01,0.5611723322692826,0.0,0.45438443558093045,0.0
2024-04-22,Championship,Middlesbrough,Leeds,15.0,2024-04-01,0.5878860763950786,1.0,0.48216955206233525,1.0
2024-04-23,Championship,Leicester,Southampton,5.0,2024-04-01,0.6018519464603178,0.0,0.49696222740959334,0.0
2024-04-24,Championship,Coventry,Hull,12.0,2024-04-01,0.5949121477309951,1.0,0.4896706169866547,1.0
2024-04-26,Championship,QPR,Leeds,15.0,2024-04-01,0.5842361136469489,1.0,0.47823564604276764,1.0
2024-04-27,Championship,Sheffield Weds,West Brom,18.0,2024-04-01,0.6011968762788561,1.0,0.4960355009673649,1.0
2024-04-27,Championship,Norwich,Swansea,18.0,2024-04-01,0.5055886786349598,1.0,0.39879925250347664,1.0
2024-04-27,Championship,Watford,Sunderland,6.0,2024-04-01,0.5463344546813204,0.0,0.4392697175033702,0.0
2024-04-27,Championship,Southampton,Stoke,15.0,2024-04-01,0.7388616786744145,1.0,0.6496859963825062,1.0
2024-04-27,Championship,Hull,Ipswich,14.0,2024-04-01,0.5709377494814094,1.0,0.46455327041342237,1.0
2024-04-27,Championship,Millwall,Plymouth,18.0,2024-04-01,0.6321385659155668,1.0,0.5294234302109642,1.0
2024-04-27,Championship,Cardiff,Middlesbrough,5.0,2024-04-01,0.5037720394511158,0.0,0.3967131786416281,0.0
2024-04-27,Championship,Bristol City,Rotherham,7.0,2024-04-01,0.553559429228397,0.0,0.44766511605945447,0.0
2024-04-27,Championship,Blackburn,Coventry,12.0,2024-04-01,0.6029702098573805,1.0,0.4978896852631547,1.0
2024-04-27,Championship,Huddersfield,Birmingham,14.0,2024-04-01,0.5393170272208235,1.0,0.43241217230667506,1.0
2024-04-29,Championship,Preston,Leicester,6.0,2024-04-01,0.41104531777634074,0.0,0.3081158604243773,0.0
2024-04-30,Championship,Coventry,Ipswich,13.0,2024-04-01,0.6258436446855442,1.0,0.5224924767638042,1.0
2024-05-04,Championship,West Brom,Preston,6.0,2024-05-04,0.5480665460440229,0.0,0.4423891056707501,0.0
2024-05-04,Championship,Swansea,Millwall,9.0,2024-05-04,0.4806021563734422,0.0,0.37472542593805674,0.0
2024-05-04,Championship,Sunderland,Sheffield Weds,11.0,2024-05-04,0.5596337602116098,1.0,0.45349940592182586,1.0
2024-05-04,Championship,Stoke,Bristol City,11.0,2024-05-04,0.6037182541236862,1.0,0.49962855758284636,1.0
2024-05-04,Championship,Rotherham,Cardiff,10.0,2024-05-04,0.4339746634612191,1.0,0.32984053830954657,0.0
2024-05-04,Championship,Plymouth,Hull,14.0,2024-05-04,0.7116055251863137,1.0,0.6174565253190594,1.0
2024-05-04,Championship,Middlesbrough,Watford,6.0,2024-05-04,0.5759550979003133,0.0,0.4703831760653079,0.0
2024-05-04,Championship,Leicester,Blackburn,11.0,2024-05-04,0.49911888534766685,1.0,0.39349639285746146,1.0
2024-05-04,Championship,Leeds,Southampton,7.0,2024-05-04,0.6307648394024125,0.0,0.5279494715505881,0.0
2024-05-04,Championship,Ipswich,Huddersfield,8.0,2024-05-04,0.5994123571257186,0.0,0.4948999934380931,0.0
2024-05-04,Championship,Coventry,QPR,15.0,2024-05-04,0.6324492617396147,1.0,0.5299239863300307,1.0
2024-05-04,Championship,Birmingham,Norwich,9.0,2024-05-04,0.5455253585772073,0.0,0.4389215549585005,0.0
2024-08-09,Championship,Blackburn,Derby,10.0,2024-08-09,0.46762288282705566,1.0,0.3615979444687348,0.0
2024-08-09,Championship,Preston,Sheffield United,9.0,2024-08-09,0.45901841810038957,0.0,0.35337200096181315,0.0
2024-08-10,Championship,Stoke,Coventry,16.0,2024-08-09,0.6383297092104713,1.0,0.536010722596347,1.0
2024-08-10,Championship,QPR,West Brom,15.0,2024-08-09,0.6263103927609834,1.0,0.5228305176727861,1.0
2024-08-10,Championship,Millwall,Watford,10.0,2024-08-09,0.47118722660616047,1.0,0.36490868378575664,0.0
2024-08-10,Championship,Cardiff,Sunderland,8.0,2024-08-09,0.44784629124291314,0.0,0.3426017842551036,0.0
2024-08-10,Championship,Hull,Bristol City,10.0,2024-08-09,0.5637864812342113,1.0,0.45748557257592753,0.0
2024-08-10,Championship,Middlesbrough,Swansea,15.0,2024-08-09,0.557150482276426,1.0,0.4507879314247078,1.0
2024-08-11,Championship,Sheffield Weds,Plymouth,16.0,2024-08-09,0.7635346984664282,1.0,0.6781697581727126,1.0
2024-08-12,Championship,Luton,Burnley,9.0,2024-08-09,0.4774492916811179,0.0,0.37105164100520877,0.0
2024-08-17,Championship,Swansea,Preston,8.0,2024-08-09,0.4362229580155205,0.0,0.33219346587611087,0.0
2024-08-17,Championship,Derby,Middlesbrough,11.0,2024-08-09,0.490418751157084,1.0,0.3836162492386861,1.0
2024-08-17,Championship,West Brom,Leeds,9.0,2024-08-09,0.6096769006887731,0.0,0.5050908906410506,0.0
2024-08-17,Championship,Bristol City,Millwall,9.0,2024-08-09,0.5183044377040078,0.0,0.4112931508527971,0.0
2024-08-17,Championship,Burnley,Cardiff,7.0,2024-08-09,0.4480428772921651,0.0,0.3442879737085946,0.0
2024-08-17,Championship,Norwich,Blackburn,11.0,2024-08-09,0.5933829150039308,1.0,0.488454688247925,1.0
2024-08-17,Championship,Plymouth,Hull,9.0,2024-08-09,0.7201982105784657,0.0,0.6270183748795319,0.0
2024-08-17,Championship,Sheffield United,QPR,13.0,2024-08-09,0.6078888351155636,1.0,0.5037731051516917,1.0
2024-08-17,Championship,Watford,Stoke,6.0,2024-08-09,0.5474568003323915,0.0,0.4405281318046129,0.0
2024-08-18,Championship,Sunderland,Sheffield Weds,13.0,2024-08-09,0.5640894420142316,1.0,0.45779335267899884,1.0
2024-08-23,Championship,Sheffield Weds,Leeds,5.0,2024-08-09,0.5845119445763476,0.0,0.4786451910794957,0.0
2024-08-24,Championship,Watford,Derby,6.0,2024-08-09,0.4441607613443082,0.0,0.3394710146593429,0.0
2024-08-24,Championship,Sunderland,Burnley,4.0,2024-08-09,0.4511688043118157,0.0,0.3457409932195523,0.0
2024-08-24,Championship,Preston,Luton,15.0,2024-08-09,0.4573761366564845,1.0,0.35165615697560276,1.0
2024-08-24,Championship,Norwich,Sheffield United,6.0,2024-08-09,0.5729994166562905,0.0,0.46670423999975524,0.0
2024-08-24,Championship,Stoke,West Brom,7.0,2024-08-09,0.6221617711221953,0.0,0.5184502222326489,0.0
2024-08-24,Championship,QPR,Plymouth,12.0,2024-08-09,0.7710677782988046,1.0,0.6870036112594946,1.0
2024-08-24,Championship,Hull,Millwall,12.0,2024-08-09,0.5110867643592145,1.0,0.4043417341368433,1.0
2024-08-24,Championship,Bristol City,Coventry,10.0,2024-08-09,0.6132192657577828,1.0,0.5088551951873392,0.0
2024-08-25,Championship,Swansea,Cardiff,7.0,2024-08-09,0.4413730858591821,0.0,0.33687849260210173,0.0
2024-08-30,Championship,Luton,QPR,9.0,2024-08-09,0.5976245689193626,0.0,0.4925578493002297,0.0
2024-08-31,Championship,West Brom,Swansea,13.0,2024-08-09,0.568674515560294,1.0,0.46256319286082637,1.0
2024-08-31,Championship,Millwall,Sheffield Weds,12.0,2024-08-09,0.5207208836963372,1.0,0.4135278069231714,1.0
2024-08-31,Championship,Plymouth,Stoke,14.0,2024-08-09,0.7512591103757985,1.0,0.6631515908542602,1.0
2024-08-31,Championship,Derby,Bristol City,15.0,2024-08-09,0.4729433221234349,1.0,0.3667320256810731,1.0
2024-08-31,Championship,Coventry,Norwich,9.0,2024-08-09,0.6242594631573011,0.0,0.5206807527166927,0.0
2024-08-31,Championship,Cardiff,Middlesbrough,10.0,2024-08-09,0.49564832555939237,1.0,0.38877794610115485,0.0
2024-08-31,Championship,Burnley,Blackburn,9.0,2024-08-09,0.5288296087905924,0.0,0.4230553197994785,0.0
2024-08-31,Championship,Leeds,Hull,15.0,2024-08-09,0.5882443876842286,1.0,0.4832878118551301,1.0
2024-09-01,Championship,Sheffield United,Watford,13.0,2024-08-09,0.5356733631917228,1.0,0.42889911757458116,1.0
2024-09-13,Championship,Hull,Sheffield United,19.0,2024-09-13,0.5543695510350333,1.0,0.4475878806445646,1.0
2024-09-14,Championship,Watford,Coventry,16.0,2024-09-13,0.5746525258364267,1.0,0.46857282388015303,1.0
2024-09-14,Championship,Swansea,Norwich,9.0,2024-09-13,0.5264303338723023,0.0,0.4193944793739276,0.0
2024-09-14,Championship,Sheffield Weds,QPR,15.0,2024-09-13,0.615428350662075,1.0,0.5114885367906153,1.0
2024-09-14,Championship,Plymouth,Sunderland,8.0,2024-09-13,0.7060730487583609,0.0,0.6110923475024452,0.0
2024-09-14,Championship,Middlesbrough,Preston,11.0,2024-09-13,0.5498794876057144,1.0,0.44435982646202404,1.0
2024-09-14,Championship,Derby,Cardiff,13.0,2024-09-13,0.3935611832672204,1.0,0.2922747120871077,1.0
2024-09-14,Championship,Oxford,Stoke,10.0,2024-09-13,0.6178076856584107,1.0,0.5157257342145596,0.0
2024-09-14,Championship,Millwall,Luton,10.0,2024-09-13,0.5232444356028563,1.0,0.41612581776484514,0.0
2024-09-14,Championship,Leeds,Burnley,12.0,2024-09-13,0.4204029055937999,1.0,0.3169454133679836,1.0
2024-09-14,Championship,Blackburn,Bristol City,12.0,2024-09-13,0.5697470269584701,1.0,0.4634095524797472,1.0
2024-09-15,Championship,Portsmouth,West Brom,14.0,2024-09-13,0.6601748311988763,1.0,0.5617514374769949,1.0
2024-09-20,Championship,Stoke,Hull,7.0,2024-09-13,0.5839845622519403,0.0,0.47845425854939866,0.0
2024-09-21,Championship,Coventry,Swansea,9.0,2024-09-13,0.5823200110290495,0.0,0.4765590476406676,0.0
2024-09-21,Championship,Sheffield United,Derby,13.0,2024-09-13,0.5159806756875173,1.0,0.40964435849534087,1.0
2024-09-21,Championship,Luton,Sheffield Weds,13.0,2024-09-13,0.5876497666313044,1.0,0.4820584068767004,1.0
2024-09-21,Championship,West Brom,Plymouth,7.0,2024-09-13,0.79679551090817,0.0,0.718574919820509,0.0
2024-09-21,Championship,Cardiff,Leeds,4.0,2024-09-13,0.4647841151299822,0.0,0.35900755887715163,0.0
2024-09-21,Championship,Bristol City,Oxford,6.0,2024-09-13,0.6603826817371634,0.0,0.5628125837448161,0.0
2024-09-21,Championship,Norwich,Watford,8.0,2024-09-13,0.5232284735053382,0.0,0.4162834999592267,0.0
2024-09-21,Championship,Burnley,Portsmouth,6.0,2024-09-13,0.6350238665512494,0.0,0.5369585541124765,0.0
2024-09-21,Championship,Sunderland,Middlesbrough,8.0,2024-09-13,0.571636677364732,0.0,0.4653612443429959,0.0
2024-09-21,Championship,QPR,Millwall,15.0,2024-09-13,0.5628024357063796,1.0,0.45664204515783774,1.0
2024-09-22,Championship,Preston,Blackburn,8.0,2024-09-13,0.45597801896449963,0.0,0.3504178027111214,0.0
2024-09-27,Championship,Plymouth,Luton,18.0,2024-09-13,0.7366577412151982,1.0,0.6461531830075024,1.0
2024-09-28,Championship,Portsmouth,Sheffield United,24.0,2024-09-13,0.6321486748096387,1.0,0.5315190459912397,1.0
2024-09-28,Championship,Oxford,Burnley,8.0,2024-09-13,0.5201896733723386,0.0,0.4161357344609711,0.0
2024-09-28,Championship,Millwall,Preston,11.0,2024-09-13,0.4246712556421423,1.0,0.3211704453578274,1.0
2024-09-28,Championship,Middlesbrough,Stoke,9.0,2024-09-13,0.6289728567879919,0.0,0.5261050519991345,0.0
2024-09-28,Championship,Watford,Sunderland,10.0,2024-09-13,0.48823467327961667,1.0,0.38158451639490043,0.0
2024-09-28,Championship,Hull,Cardiff,12.0,2024-09-13,0.46532209354687704,1.0,0.35961565988568794,1.0
2024-09-28,Championship,Sheffield Weds,West Brom,9.0,2024-09-13,0.6183110187240528,0.0,0.5144192935921609,0.0
2024-09-28,Championship,Derby,Norwich,14.0,2024-09-13,0.48705899532857233,1.0,0.3803844060339025,1.0
2024-09-28,Championship,Blackburn,QPR,10.0,2024-09-13,0.5915655676826627,1.0,0.48607133841274036,0.0
2024-09-28,Championship,Leeds,Coventry,10.0,2024-09-13,0.6376395397639066,1.0,0.5358008922217227,0.0
2024-09-29,Championship,Swansea,Bristol City,11.0,2024-09-13,0.5415154510596503,1.0,0.43477908453264563,1.0
2024-10-01,Championship,Burnley,Plymouth,8.0,2024-09-13,0.6758122186299036,0.0,0.578921697672488,0.0
2024-10-01,Championship,Cardiff,Millwall,11.0,2024-09-13,0.42027267525205214,1.0,0.3168682901829688,1.0
2024-10-01,Championship,Coventry,Blackburn,6.0,2024-09-13,0.6323526067696378,0.0,0.5299152782878092,0.0
2024-10-01,Championship,Luton,Oxford,11.0,2024-09-13,0.6833421370140387,1.0,0.5886163181687016,1.0
2024-10-01,Championship,Norwich,Leeds,15.0,2024-09-13,0.5593092461351666,1.0,0.4526475494488339,1.0
2024-10-01,Championship,QPR,Hull,11.0,2024-09-13,0.5945834225116394,1.0,0.4894467049665044,1.0
2024-10-01,Championship,Sunderland,Derby,9.0,2024-09-13,0.47757470048045086,0.0,0.37167809868898904,0.0
2024-10-01,Championship,West Brom,Middlesbrough,9.0,2024-09-13,0.640857799133651,0.0,0.5386624950191187,0.0
2024-10-02,Championship,Bristol City,Sheffield Weds,11.0,2024-09-13,0.5853436412042003,1.0,0.47957502601193414,1.0
2024-10-02,Championship,Stoke,Portsmouth,8.0,2024-09-13,0.7081551358187099,0.0,0.6165844011842193,0.0
2024-10-02,Championship,Preston,Watford,12.0,2024-09-13,0.4131917366709253,1.0,0.3102051712812795,1.0
2024-10-02,Championship,Sheffield United,Swansea,10.0,2024-09-13,0.5380328444447249,1.0,0.43140922901194634,0.0
2024-10-04,Championship,Sunderland,Leeds,9.0,2024-09-13,0.5286826911315495,0.0,0.42157399611572655,0.0
2024-10-05,Championship,Swansea,Stoke,14.0,2024-09-13,0.5426851691151924,1.0,0.43576655580761964,1.0
2024-10-05,Championship,Burnley,Preston,5.0,2024-09-13,0.39892595938903713,0.0,0.29875419244125695,0.0
2024-10-05,Championship,Norwich,Hull,11.0,2024-09-13,0.5666893606411821,1.0,0.46051048564402824,1.0
2024-10-05,Championship,Portsmouth,Oxford,15.0,2024-09-13,0.49853438793149446,1.0,0.3917549728023255,1.0
2024-10-05,Championship,Coventry,Sheffield Weds,12.0,2024-09-13,0.6325271364906631,1.0,0.5296796913938878,1.0
2024-10-05,Championship,Derby,QPR,15.0,2024-09-13,0.5186123195481764,1.0,0.4115132162928842,1.0
2024-10-05,Championship,Plymouth,Blackburn,10.0,2024-09-13,0.7259454959280243,1.0,0.6336945538547908,0.0
2024-10-05,Championship,Sheffield United,Luton,11.0,2024-09-13,0.583443890760337,1.0,0.4779656369051284,1.0
2024-10-05,Championship,Watford,Middlesbrough,12.0,2024-09-13,0.5543077175721632,1.0,0.44752576378200826,1.0
2024-10-05,Championship,West Brom,Millwall,7.0,2024-09-13,0.5822990053723162,0.0,0.4770939430089872,0.0
2024-10-06,Championship,Bristol City,Cardiff,10.0,2024-09-13,0.4782235547029005,1.0,0.372013838077564,0.0
2024-10-18,Championship,Leeds,Sheffield United,10.0,2024-10-18,0.6593211440239299,1.0,0.5542307354392338,0.0
2024-10-19,Championship,QPR,Portsmouth,8.0,2024-10-18,0.8116055341641478,0.0,0.7315871684360137,0.0
2024-10-19,Championship,Millwall,Derby,14.0,2024-10-18,0.5252238586173966,1.0,0.41338046020334834,1.0
2024-10-19,Championship,Stoke,Norwich,15.0,2024-10-18,0.5951893752824386,1.0,0.4850140956086602,1.0
2024-10-19,Championship,Sheffield Weds,Burnley,13.0,2024-10-18,0.3975613366488573,1.0,0.291687569018923,1.0
2024-10-19,Championship,Middlesbrough,Bristol City,7.0,2024-10-18,0.6301007642258822,0.0,0.5225696792359734,0.0
2024-10-19,Championship,Cardiff,Plymouth,10.0,2024-10-18,0.6443882295834482,1.0,0.5379156184401481,0.0
2024-10-19,Championship,Preston,Coventry,18.0,2024-10-18,0.5152667557238569,1.0,0.40345101813386297,1.0
2024-10-19,Championship,Oxford,West Brom,13.0,2024-10-18,0.5582260307049776,1.0,0.44766975376109736,1.0
2024-10-19,Championship,Luton,Watford,15.0,2024-10-18,0.5722508213770424,1.0,0.4612421603119208,1.0
2024-10-19,Championship,Blackburn,Swansea,11.0,2024-10-18,0.5163589136941895,1.0,0.40451421713282376,1.0
2024-10-20,Championship,Hull,Sunderland,8.0,2024-10-18,0.5250241512908114,0.0,0.41316043983571665,0.0
2024-10-22,Championship,Cardiff,Portsmouth,17.0,2024-10-18,0.6814715401061676,1.0,0.5783239264331473,1.0
2024-10-22,Championship,Leeds,Watford,14.0,2024-10-18,0.5671979667312056,1.0,0.45647774355046616,1.0
2024-10-22,Championship,Oxford,Derby,7.0,2024-10-18,0.503086630221018,0.0,0.39190161811411883,0.0
2024-10-22,Championship,Preston,Norwich,7.0,2024-10-18,0.47350504578328756,0.0,0.3626888695489981,0.0
2024-10-22,Championship,Sheffield Weds,Swansea,15.0,2024-10-18,0.5709726191956729,1.0,0.4599613749808608,1.0
2024-10-22,Championship,Stoke,Bristol City,19.0,2024-10-18,0.5925134784993721,1.0,0.4823340320821729,1.0
2024-10-22,Championship,QPR,Coventry,10.0,2024-10-18,0.6739332533921709,1.0,0.5699352999734032,0.0
2024-10-23,Championship,Millwall,Plymouth,8.0,2024-10-18,0.7023151648867005,0.0,0.6022470335331509,0.0
2024-10-23,Championship,Luton,Sunderland,13.0,2024-10-18,0.5457595609039657,1.0,0.43404515331271953,1.0
2024-10-23,Championship,Middlesbrough,Sheffield United,14.0,2024-10-18,0.68134892235529,1.0,0.5784669608078388,1.0
2024-10-23,Championship,Blackburn,West Brom,8.0,2024-10-18,0.5742933353989117,0.0,0.46316743051965925,0.0
2024-10-23,Championship,Hull,Burnley,12.0,2024-10-18,0.3766415215616,1.0,0.2728502112011092,1.0
2024-10-25,Championship,Portsmouth,Sheffield Weds,14.0,2024-10-18,0.7905956177823356,1.0,0.7056211532540453,1.0
2024-10-26,Championship,West Brom,Cardiff,13.0,2024-10-18,0.5139308884111964,1.0,0.40260871047847563,1.0
2024-10-26,Championship,Swansea,Millwall,16.0,2024-10-18,0.5040025631649507,1.0,0.3925504596457178,1.0
2024-10-26,Championship,Sunderland,Oxford,10.0,2024-10-18,0.566966622257138,1.0,0.45790462113241226,0.0
2024-10-26,Championship,Plymouth,Preston,3.0,2024-10-18,0.6129345869235774,0.0,0.5036460961406383,0.0
2024-10-26,Championship,Sheffield United,Stoke,8.0,2024-10-18,0.6537559954348316,0.0,0.5477824833215981,0.0
2024-10-26,Championship,Burnley,QPR,17.0,2024-10-18,0.4523587716698402,1.0,0.343085441152033,1.0
2024-10-26,Championship,Watford,Blackburn,9.0,2024-10-18,0.5402980105962053,0.0,0.4287772084119293,0.0
2024-10-26,Championship,Coventry,Luton,16.0,2024-10-18,0.6492011628216477,1.0,0.5427419876260785,1.0
2024-10-26,Championship,Bristol City,Leeds,13.0,2024-10-18,0.5734175630197773,1.0,0.4623297432254225,1.0
2024-10-26,Championship,Derby,Hull,8.0,2024-10-18,0.5679828760013128,0.0,0.45665841283030617,0.0
2024-10-27,Championship,Norwich,Middlesbrough,5.0,2024-10-18,0.6100162233363288,0.0,0.5005408424265926,0.0
2024-11-01,Championship,Luton,West Brom,9.0,2024-10-18,0.6156139777066986,0.0,0.5065630042997962,0.0
2024-11-02,Championship,Middlesbrough,Coventry,14.0,2024-10-18,0.6669021904404898,1.0,0.5624614116545953,1.0
2024-11-02,Championship,QPR,Sunderland,12.0,2024-10-18,0.5698649298712558,1.0,0.45859060320450357,1.0
2024-11-02,Championship,Preston,Bristol City,5.0,2024-10-18,0.4635885334455825,0.0,0.3531709774921286,0.0
2024-11-02,Championship,Leeds,Plymouth,9.0,2024-10-18,0.7914016783226883,0.0,0.7080516180033524,0.0
2024-11-02,Championship,Sheffield Weds,Watford,8.0,2024-10-18,0.5761546740600794,0.0,0.46527212944394375,0.0
2024-11-02,Championship,Cardiff,Norwich,8.0,2024-10-18,0.4810467967909971,0.0,0.3699377776209004,0.0
2024-11-02,Championship,Stoke,Derby,13.0,2024-10-18,0.5838728829217396,1.0,0.47337109214376566,1.0
2024-11-02,Championship,Oxford,Swansea,9.0,2024-10-18,0.4810040829950844,0.0,0.3705325753814568,0.0
2024-11-02,Championship,Blackburn,Sheffield United,13.0,2024-10-18,0.6260025744061978,1.0,0.517591425567062,1.0
2024-11-02,Championship,Hull,Portsmouth,8.0,2024-10-18,0.779705795694297,0.0,0.6925447136978315,0.0
2024-11-03,Championship,Millwall,Burnley,5.0,2024-10-18,0.34119926151895263,0.0,0.24172762456099744,0.0
2024-11-05,Championship,Bristol City,Sheffield United,7.0,2024-10-18,0.6438012306813161,0.0,0.536809330052593,0.0
2024-11-05,Championship,Oxford,Hull,8.0,2024-10-18,0.5327817670923289,0.0,0.4216761641686653,0.0
2024-11-05,Championship,QPR,Middlesbrough,13.0,2024-10-18,0.6489017406530044,1.0,0.5423623373409854,1.0
2024-11-05,Championship,Sheffield Weds,Norwich,7.0,2024-10-18,0.6172854780089692,0.0,0.5084198719128277,0.0
2024-11-05,Championship,Plymouth,Portsmouth,11.0,2024-10-18,0.8742536125009401,1.0,0.8119762132221809,1.0
2024-11-05,Championship,Swansea,Watford,14.0,2024-10-18,0.5027102438983273,1.0,0.3911110737989102,1.0
2024-11-06,Championship,Blackburn,Stoke,13.0,2024-10-18,0.5629672847079217,1.0,0.45149475670333017,1.0
2024-11-06,Championship,Coventry,Derby,15.0,2024-10-18,0.6291007334354342,1.0,0.52120554903654,1.0
2024-11-06,Championship,Millwall,Leeds,14.0,2024-10-18,0.5353639185522944,1.0,0.42364940089882114,1.0
2024-11-06,Championship,Luton,Cardiff,12.0,2024-10-18,0.5167333280000965,1.0,0.4053337434357638,1.0
2024-11-06,Championship,Preston,Sunderland,8.0,2024-10-18,0.41257715826349795,0.0,0.30546075354395674,0.0
2024-11-07,Championship,West Brom,Burnley,10.0,2024-10-18,0.38847972015323495,1.0,0.28347217471588143,0.0
2024-11-08,Championship,Watford,Oxford,15.0,2024-10-18,0.5634648065120941,1.0,0.4539473258462033,1.0
2024-11-09,Championship,Sunderland,Coventry,9.0,2024-10-18,0.5794165284020395,0.0,0.4686177067390934,0.0
2024-11-09,Championship,Portsmouth,Preston,16.0,2024-10-18,0.690715989417962,1.0,0.5890523089590625,1.0
2024-11-09,Championship,Leeds,QPR,8.0,2024-10-18,0.6530607718980997,0.0,0.5476138745353148,0.0
2024-11-09,Championship,Norwich,Bristol City,6.0,2024-10-18,0.5961529397375455,0.0,0.4861361264306319,0.0
2024-11-09,Championship,Stoke,Millwall,11.0,2024-10-18,0.5571329009474548,1.0,0.44589391084112856,1.0
2024-11-09,Championship,Middlesbrough,Luton,2.0,2024-10-18,0.6355511515894385,0.0,0.5281517677399995,0.0
2024-11-09,Championship,Cardiff,Blackburn,13.0,2024-10-18,0.4600170105150921,1.0,0.34987671516786045,1.0
2024-11-09,Championship,Derby,Plymouth,11.0,2024-10-18,0.7341308012782037,1.0,0.6388878469867556,1.0
2024-11-10,Championship,Sheffield United,Sheffield Weds,11.0,2024-10-18,0.6710095238686826,1.0,0.5667452925058024,1.0
2024-11-10,Championship,Hull,West Brom,7.0,2024-10-18,0.595404882890497,0.0,0.4851649704631303,0.0
2024-11-10,Championship,Burnley,Swansea,6.0,2024-10-18,0.3650112819052237,0.0,0.2630076356669339,0.0
2024-11-22,Championship,Plymouth,Watford,10.0,2024-11-22,0.6561785998949803,1.0,0.5504459987120734,0.0
2024-11-23,Championship,West Brom,Norwich,13.0,2024-11-22,0.5796988793777772,1.0,0.4689503664101454,1.0
2024-11-23,Championship,QPR,Stoke,14.0,2024-11-22,0.6547446806894451,1.0,0.5487775479608329,1.0
2024-11-23,Championship,Preston,Derby,10.0,2024-11-22,0.46151958176091434,1.0,0.35121197713985153,0.0
2024-11-23,Championship,Oxford,Middlesbrough,15.0,2024-11-22,0.569430374239312,1.0,0.460053106504941,1.0
2024-11-23,Championship,Sheffield Weds,Cardiff,8.0,2024-11-22,0.5462211267792074,0.0,0.43489978971352383,0.0
2024-11-23,Championship,Luton,Hull,14.0,2024-11-22,0.5974350759334388,1.0,0.4875192413285965,1.0
2024-11-23,Championship,Coventry,Sheffield United,14.0,2024-11-22,0.7035468288918442,1.0,0.6032702633713294,1.0
2024-11-23,Championship,Bristol City,Burnley,11.0,2024-11-22,0.3976906682666154,1.0,0.29194601047904406,1.0
2024-11-23,Championship,Millwall,Sunderland,12.0,2024-11-22,0.486675394138663,1.0,0.3753900458916546,1.0
2024-11-24,Championship,Swansea,Leeds,3.0,2024-11-22,0.5460263003529334,0.0,0.4343294473253009,0.0
2024-11-26,Championship,Watford,Bristol City,9.0,2024-11-22,0.5612289435529693,0.0,0.449881186442113,0.0
2024-11-26,Championship,Sunderland,West Brom,15.0,2024-11-22,0.5360570548003036,1.0,0.42424785258430603,1.0
2024-11-26,Championship,Sheffield United,Oxford,14.0,2024-11-22,0.6858453159075799,1.0,0.5860568208444021,1.0
2024-11-26,Championship,Stoke,Preston,18.0,2024-11-22,0.5164542566281934,1.0,0.40515903798864855,1.0
2024-11-26,Championship,Hull,Sheffield Weds,10.0,2024-11-22,0.591295545256464,1.0,0.4808578985983323,0.0
2024-11-26,Championship,Burnley,Coventry,8.0,2024-11-22,0.5109281808328274,0.0,0.39982854545309493,0.0
2024-11-26,Championship,Norwich,Plymouth,12.0,2024-11-22,0.7010167241366545,1.0,0.6014363922644215,1.0
2024-11-27,Championship,Cardiff,QPR,18.0,2024-11-22,0.5438187512693001,1.0,0.43208038798605686,1.0
2024-11-27,Championship,Leeds,Luton,10.0,2024-11-22,0.6200912732178991,1.0,0.5118522057151423,0.0
2024-11-27,Championship,Middlesbrough,Blackburn,8.0,2024-11-22,0.6196804550583458,0.0,0.5117877882685063,0.0
2024-11-27,Championship,Derby,Swansea,8.0,2024-11-22,0.5578577019297174,0.0,0.44630029409162014,0.0
2024-11-29,Championship,Sheffield United,Sunderland,16.0,2024-11-22,0.5805822118736881,1.0,0.4698117113602612,1.0
2024-11-30,Championship,Swansea,Portsmouth,10.0,2024-11-22,0.7470319761759844,1.0,0.6535845118156428,0.0
2024-11-30,Championship,Stoke,Burnley,10.0,2024-11-22,0.43324030022043,1.0,0.3246019410614896,0.0
2024-11-30,Championship,Preston,West Brom,11.0,2024-11-22,0.47207287975313506,1.0,0.3613406719519959,1.0
2024-11-30,Championship,Norwich,Luton,11.0,2024-11-22,0.5853817504827767,1.0,0.4746993381995778,1.0
2024-11-30,Championship,Coventry,Cardiff,6.0,2024-11-22,0.585749006201135,0.0,0.4754275766823976,0.0
2024-11-30,Championship,Blackburn,Leeds,12.0,2024-11-22,0.5724413724020416,1.0,0.46161931062130906,1.0
2024-11-30,Championship,Watford,QPR,12.0,2024-11-22,0.6209882050059615,1.0,0.5123953472175126,1.0
2024-11-30,Championship,Oxford,Millwall,13.0,2024-11-22,0.46113049610811424,1.0,0.35151133226983927,1.0
2024-11-30,Championship,Middlesbrough,Hull,13.0,2024-11-22,0.5858575157828726,1.0,0.4755797341641302,1.0
2024-11-30,Championship,Bristol City,Plymouth,7.0,2024-11-22,0.6935647075979142,0.0,0.592748772760855,0.0
2024-12-01,Championship,Derby,Sheffield Weds,12.0,2024-11-22,0.6102457599903442,1.0,0.5007847449045137,1.0
2024-12-06,Championship,Burnley,Middlesbrough,14.0,2024-11-22,0.42604376187882126,1.0,0.31820311198419143,1.0
2024-12-07,Championship,QPR,Norwich,12.0,2024-11-22,0.6070488800697853,1.0,0.4974287818658807,1.0
2024-12-07,Championship,Portsmouth,Bristol City,13.0,2024-11-22,0.7550671245349455,1.0,0.6630202439974673,1.0
2024-12-07,Championship,Millwall,Coventry,15.0,2024-11-22,0.6174398623051327,1.0,0.5084358324072437,1.0
2024-12-07,Championship,Luton,Swansea,13.0,2024-11-22,0.5933538275867644,1.0,0.48328001369772594,1.0
2024-12-07,Championship,Sunderland,Stoke,13.0,2024-11-22,0.5584135236330757,1.0,0.44700295902262427,1.0
2024-12-07,Championship,Sheffield Weds,Preston,9.0,2024-11-22,0.530685153661674,0.0,0.4195858523069326,0.0
2024-12-07,Championship,Leeds,Derby,12.0,2024-11-22,0.631101233583273,1.0,0.5242675514582255,1.0
2024-12-07,Championship,Hull,Blackburn,11.0,2024-11-22,0.5713859375213929,1.0,0.46062124090866585,1.0
2024-12-08,Championship,West Brom,Sheffield United,11.0,2024-11-22,0.6467794762666688,1.0,0.5401715084775692,1.0
2024-12-10,Championship,Sunderland,Bristol City,12.0,2024-11-22,0.5230678691173263,1.0,0.41145684581857045,1.0
2024-12-10,Championship,Sheffield Weds,Blackburn,11.0,2024-11-22,0.6309007704904285,1.0,0.5235563689338135,1.0
2024-12-10,Championship,Portsmouth,Norwich,11.0,2024-11-22,0.7455712803378377,1.0,0.6517485780022122,1.0
2024-12-10,Championship,Leeds,Middlesbrough,11.0,2024-11-22,0.5894823370541732,1.0,0.4793205443127712,1.0
2024-12-10,Championship,Luton,Stoke,14.0,2024-11-22,0.6428800697025663,1.0,0.5360447748859944,1.0
2024-12-10,Championship,Burnley,Derby,8.0,2024-11-22,0.46973576006978296,0.0,0.3602242230101343,0.0
2024-12-10,Championship,Plymouth,Swansea,9.0,2024-11-22,0.6454266158948639,0.0,0.5387120322261397,0.0
2024-12-11,Championship,Cardiff,Preston,9.0,2024-11-22,0.39132342480801097,0.0,0.2863149385386157,0.0
2024-12-11,Championship,Hull,Watford,8.0,2024-11-22,0.5547708157822034,0.0,0.4432700543267378,0.0
2024-12-11,Championship,Millwall,Sheffield United,10.0,2024-11-22,0.5962429480299074,1.0,0.4860179540202769,0.0
2024-12-11,Championship,QPR,Oxford,4.0,2024-11-22,0.6436386662052715,0.0,0.5390180538639824,0.0
2024-12-11,Championship,West Brom,Coventry,18.0,2024-11-22,0.6680320367464465,1.0,0.563507396240919,1.0
2024-12-13,Championship,Derby,Portsmouth,8.0,2024-11-22,0.7651216938155528,0.0,0.6749228001310019,0.0
2024-12-14,Championship,Swansea,Sunderland,6.0,2024-11-22,0.49889546946002683,0.0,0.3873480119505059,0.0
2024-12-14,Championship,Stoke,Cardiff,8.0,2024-11-22,0.5354925560862533,0.0,0.4238885384494139,0.0
2024-12-14,Championship,Sheffield United,Plymouth,5.0,2024-11-22,0.7694462170757663,0.0,0.6811962463478766,0.0
2024-12-14,Championship,Oxford,Sheffield Weds,18.0,2024-11-22,0.5742728646221283,1.0,0.4647204966475166,1.0
2024-12-14,Championship,Blackburn,Luton,8.0,2024-11-22,0.5920722363335619,0.0,0.4816726451247014,0.0
2024-12-14,Championship,Preston,Leeds,10.0,2024-11-22,0.46956768175800034,1.0,0.3593253446502318,0.0
2024-12-14,Championship,Middlesbrough,Millwall,7.0,2024-11-22,0.5934408616897133,0.0,0.4839489193089177,0.0
2024-12-14,Championship,Coventry,Hull,12.0,2024-11-22,0.6421723400049136,1.0,0.5352240769232466,1.0
2024-12-14,Championship,Bristol City,QPR,13.0,2024-11-22,0.6187829953779319,1.0,0.509988085534357,1.0
2024-12-15,Championship,Watford,West Brom,9.0,2024-11-22,0.5776341433828615,0.0,0.46662781347218946,0.0
2024-12-15,Championship,Norwich,Burnley,11.0,2024-11-22,0.38581802925308445,1.0,0.28112427025305486,1.0
2024-12-20,Championship,Luton,Derby,11.0,2024-11-22,0.629132540507413,1.0,0.5214313012866788,1.0
2024-12-21,Championship,Sunderland,Norwich,6.0,2024-11-22,0.5084516010820258,0.0,0.39683159788460687,0.0
2024-12-21,Championship,QPR,Preston,6.0,2024-11-22,0.5255282226584769,0.0,0.4140091275026342,0.0
2024-12-21,Championship,Plymouth,Middlesbrough,9.0,2024-11-22,0.690823656329539,0.0,0.5893046136340612,0.0
2024-12-21,Championship,Millwall,Blackburn,10.0,2024-11-22,0.5390975721631965,1.0,0.4273888786250833,0.0
2024-12-21,Championship,Leeds,Oxford,5.0,2024-11-22,0.7098559885108696,0.0,0.614114960125861,0.0
2024-12-21,Championship,Burnley,Watford,10.0,2024-11-22,0.4393129946222374,1.0,0.3310996715052368,0.0
2024-12-21,Championship,Sheffield Weds,Stoke,12.0,2024-11-22,0.6476583509600189,1.0,0.5412408910013404,1.0
2024-12-21,Championship,Portsmouth,Coventry,12.0,2024-11-22,0.8174937597735512,1.0,0.73885752649292,1.0
2024-12-21,Championship,Hull,Swansea,8.0,2024-11-22,0.5427497956979219,0.0,0.431064655721275,0.0
2024-12-21,Championship,Cardiff,Sheffield United,9.0,2024-11-22,0.5445143894192275,0.0,0.43270464534232456,0.0
2024-12-22,Championship,West Brom,Bristol City,7.0,2024-12-22,0.6137024747440384,0.0,0.5047382402162658,0.0
2024-12-26,Championship,Swansea,QPR,6.0,2024-12-22,0.5928685965332273,0.0,0.4828107292276923,0.0
2024-12-26,Championship,Stoke,Leeds,8.0,2024-12-22,0.5903641588573932,0.0,0.4800356674024585,0.0
2024-12-26,Championship,Derby,West Brom,8.0,2024-12-22,0.5938680533478949,0.0,0.48352155486296344,0.0
2024-12-26,Championship,Watford,Portsmouth,16.0,2024-12-22,0.7043197703018944,1.0,0.6041914604585363,1.0
2024-12-26,Championship,Preston,Hull,4.0,2024-12-22,0.45069251871136234,0.0,0.3409229032459825,0.0
2024-12-26,Championship,Sheffield United,Burnley,11.0,2024-12-22,0.4853915093875587,1.0,0.3742113348534439,1.0
2024-12-26,Championship,Norwich,Millwall,6.0,2024-12-22,0.5523182509343706,0.0,0.4409737873626644,0.0
2024-12-26,Championship,Blackburn,Sunderland,9.0,2024-12-22,0.5176107114106904,0.0,0.4057794766793632,0.0
2024-12-26,Championship,Bristol City,Luton,9.0,2024-12-22,0.6047328915455912,0.0,0.4949812424323129,0.0
2024-12-26,Championship,Oxford,Cardiff,3.0,2024-12-22,0.4528949137409204,0.0,0.3434826530176026,0.0
2024-12-26,Championship,Middlesbrough,Sheffield Weds,10.0,2024-12-22,0.6394095514435528,1.0,0.532231888086431,0.0
2024-12-26,Championship,Coventry,Plymouth,8.0,2024-12-22,0.763166728374537,0.0,0.673783928350967,0.0
2024-12-29,Championship,Norwich,QPR,8.0,2024-12-22,0.6298167729682587,0.0,0.5220763246550086,0.0
2024-12-29,Championship,Preston,Sheffield Weds,9.0,2024-12-22,0.5110568666206832,0.0,0.3993085344399834,0.0
2024-12-29,Championship,Sheffield United,West Brom,4.0,2024-12-22,0.6667576033674953,0.0,0.5620014195384337,0.0
2024-12-29,Championship,Bristol City,Portsmouth,14.0,2024-12-22,0.716013034978813,1.0,0.6175586729715578,1.0
2024-12-29,Championship,Coventry,Millwall,10.0,2024-12-22,0.6554597774693304,1.0,0.5500105499977488,0.0
2024-12-29,Championship,Oxford,Plymouth,15.0,2024-12-22,0.562937618106583,1.0,0.45147970926258046,1.0
2024-12-29,Championship,Stoke,Sunderland,16.0,2024-12-22,0.5913353944389562,1.0,0.4808969491404816,1.0
2024-12-29,Championship,Swansea,Luton,9.0,2024-12-22,0.5634693212160141,0.0,0.45205133190976277,0.0
2024-12-29,Championship,Watford,Cardiff,6.0,2024-12-22,0.4747594240012333,0.0,0.36407406095734557,0.0
2024-12-29,Championship,Derby,Leeds,11.0,2024-12-22,0.529612333487063,1.0,0.41805144839237657,1.0
2024-12-29,Championship,Middlesbrough,Burnley,5.0,2024-12-22,0.43760878091860284,0.0,0.3286159625871803,0.0
2024-12-29,Championship,Blackburn,Hull,11.0,2024-12-22,0.5399746551440264,1.0,0.4281186780031754,1.0
2025-01-01,Championship,West Brom,Preston,8.0,2024-12-22,0.539606009494354,0.0,0.4285039660581089,0.0
2025-01-01,Championship,Hull,Middlesbrough,10.0,2024-12-22,0.5730461480590855,1.0,0.46186857238208484,0.0
2025-01-01,Championship,QPR,Watford,8.0,2024-12-22,0.6077046939614044,0.0,0.4981356554477581,0.0
2025-01-01,Championship,Sheffield Weds,Derby,15.0,2024-12-22,0.6312374551274172,1.0,0.5237914868245255,1.0
2025-01-01,Championship,Sunderland,Sheffield United,14.0,2024-12-22,0.6082813593075719,1.0,0.4990035320376979,1.0
2025-01-01,Championship,Portsmouth,Swansea,12.0,2024-12-22,0.6746311710494562,1.0,0.5707693717995183,1.0
2025-01-01,Championship,Plymouth,Bristol City,7.0,2024-12-22,0.617559859137363,0.0,0.5086742236360705,0.0
2025-01-01,Championship,Leeds,Blackburn,11.0,2024-12-22,0.616728620179103,1.0,0.5096316068700316,1.0
2025-01-01,Championship,Cardiff,Coventry,15.0,2024-12-22,0.5676466619551638,1.0,0.45630328063376485,1.0
2025-01-01,Championship,Burnley,Stoke,8.0,2024-12-22,0.5307307128236144,0.0,0.4198064007770557,0.0
2025-01-01,Championship,Millwall,Oxford,7.0,2024-12-22,0.5892178087414671,0.0,0.4804259817261077,0.0
2025-01-01,Championship,Luton,Norwich,14.0,2024-12-22,0.6075232836275035,1.0,0.4981351727569842,1.0
2025-01-04,Championship,Blackburn,Burnley,10.0,2024-12-22,0.42561494246023224,1.0,0.31779544913470253,0.0
2025-01-04,Championship,Stoke,Plymouth,9.0,2024-12-22,0.7223595649870984,0.0,0.6256926691789688,0.0
2025-01-04,Championship,Swansea,West Brom,11.0,2024-12-22,0.560643211074688,1.0,0.44916968822478304,1.0
2025-01-04,Championship,Bristol City,Derby,13.0,2024-12-22,0.5649886374320965,1.0,0.45385768253387404,1.0
2025-01-04,Championship,Hull,Leeds,12.0,2024-12-22,0.5205057661820126,1.0,0.4087857486601885,1.0
2025-01-04,Championship,Middlesbrough,Cardiff,8.0,2024-12-22,0.5295891069751576,0.0,0.41827823370236233,0.0
2025-01-04,Championship,Norwich,Coventry,10.0,2024-12-22,0.6419286691930287,1.0,0.5348316671189564,0.0
2025-01-04,Championship,Preston,Oxford,6.0,2024-12-22,0.4791650143809622,0.0,0.3694007306431641,0.0
2025-01-04,Championship,Sheffield Weds,Millwall,6.0,2024-12-22,0.6212729296977126,0.0,0.5130746456726363,0.0
2025-01-04,Championship,Watford,Sheffield United,4.0,2024-12-22,0.6159356527460876,0.0,0.5069401276321589,0.0
2025-01-05,Championship,Sunderland,Portsmouth,10.0,2024-12-22,0.6981057561490654,1.0,0.5973461857876409,0.0
2025-01-06,Championship,QPR,Luton,7.0,2024-12-22,0.6629699473037713,0.0,0.557772791342396,0.0
2025-01-14,Championship,Cardiff,Watford,10.0,2024-12-22,0.46819507138658684,1.0,0.3576499288987196,0.0
2025-01-14,Championship,Plymouth,Oxford,9.0,2024-12-22,0.5987595034756965,0.0,0.4893736482184799,0.0
2025-01-15,Championship,Blackburn,Portsmouth,11.0,2024-12-22,0.6995332044270904,1.0,0.5986219594075353,1.0
2025-01-17,Championship,Burnley,Sunderland,9.0,2024-12-22,0.42078989146251344,0.0,0.3135592157091582,0.0
2025-01-18,Championship,Cardiff,Swansea,9.0,2024-12-22,0.4375618839338051,0.0,0.32862091290846596,0.0
2025-01-18,Championship,Millwall,Hull,4.0,2024-12-22,0.5379099260053913,0.0,0.4260799746673051,0.0
2025-01-18,Championship,Plymouth,QPR,14.0,2024-12-22,0.6724700399867309,1.0,0.5683013661890272,1.0
2025-01-18,Championship,Coventry,Bristol City,8.0,2024-12-22,0.6606519754858456,0.0,0.5555306232406861,0.0
2025-01-18,Championship,Derby,Watford,12.0,2024-12-22,0.5404316640550428,1.0,0.4286278214119719,1.0
2025-01-18,Championship,Luton,Preston,4.0,2024-12-22,0.5457590316156798,0.0,0.4347707441818066,0.0
2025-01-18,Championship,Oxford,Blackburn,7.0,2024-12-22,0.5070600842240743,0.0,0.3955432213406708,0.0
2025-01-18,Championship,Portsmouth,Middlesbrough,12.0,2024-12-22,0.7284635984581678,1.0,0.631759319455852,1.0
2025-01-18,Championship,Sheffield United,Norwich,13.0,2024-12-22,0.6201551729944516,1.0,0.5114244312313343,1.0
2025-01-18,Championship,West Brom,Stoke,12.0,2024-12-22,0.6744153517096793,1.0,0.5707198414279873,1.0
2025-01-19,Championship,Leeds,Sheffield Weds,15.0,2024-12-22,0.6121721469770706,1.0,0.5036461946449662,1.0
2025-01-21,Championship,Watford,Preston,6.0,2025-01-21,0.44100004728442455,0.0,0.33327482403177344,0.0
2025-01-21,Championship,Swansea,Sheffield United,3.0,2025-01-21,0.5714368395733657,0.0,0.4613829609947575,0.0
2025-01-21,Championship,Millwall,Cardiff,6.0,2025-01-21,0.43453225848493965,0.0,0.3267622986264662,0.0
2025-01-21,Championship,Oxford,Luton,11.0,2025-01-21,0.5329931626670159,1.0,0.42278346940494116,1.0
2025-01-21,Championship,Middlesbrough,West Brom,10.0,2025-01-21,0.601644061208541,1.0,0.49291966006566273,0.0
2025-01-21,Championship,Hull,QPR,7.0,2025-01-21,0.6031149610202632,0.0,0.49461298385805375,0.0
2025-01-21,Championship,Derby,Sunderland,12.0,2025-01-21,0.5636234895448655,1.0,0.4532059281060748,1.0
2025-01-21,Championship,Blackburn,Coventry,8.0,2025-01-21,0.6369079500204516,0.0,0.5303936824111334,0.0
2025-01-22,Championship,Leeds,Norwich,13.0,2025-01-21,0.5783959188495812,1.0,0.46966483626344663,1.0
2025-01-22,Championship,Portsmouth,Stoke,8.0,2025-01-21,0.7825154210277994,0.0,0.6968548434021826,0.0
2025-01-22,Championship,Sheffield Weds,Bristol City,11.0,2025-01-21,0.6217228483668484,1.0,0.5144125072122033,1.0
2025-01-22,Championship,Plymouth,Burnley,6.0,2025-01-21,0.5034576616642311,0.0,0.3935604777288178,0.0
2025-01-24,Championship,Sheffield United,Hull,12.0,2025-01-21,0.603645401466051,1.0,0.49505859543388986,1.0
2025-01-25,Championship,West Brom,Portsmouth,12.0,2025-01-21,0.7627610940788766,1.0,0.6734666699631627,1.0
2025-01-25,Championship,Sunderland,Plymouth,9.0,2025-01-21,0.6647412341939171,0.0,0.5622716336048302,0.0
2025-01-25,Championship,QPR,Sheffield Weds,18.0,2025-01-21,0.6621315148714975,1.0,0.5579173801045505,1.0
2025-01-25,Championship,Preston,Middlesbrough,10.0,2025-01-21,0.4498889818645396,1.0,0.34116228437312174,0.0
2025-01-25,Championship,Coventry,Watford,8.0,2025-01-21,0.6333355517092243,0.0,0.5267413970718465,0.0
2025-01-25,Championship,Norwich,Swansea,15.0,2025-01-21,0.5098520828092621,1.0,0.39922977192455167,1.0
2025-01-25,Championship,Bristol City,Blackburn,8.0,2025-01-21,0.5615300423853066,0.0,0.4515267800906607,0.0
2025-01-25,Championship,Stoke,Oxford,10.0,2025-01-21,0.6119384264887099,1.0,0.5051320924074656,0.0
2025-01-25,Championship,Luton,Millwall,12.0,2025-01-21,0.5673754805065422,1.0,0.45757249741517414,1.0
2025-01-25,Championship,Cardiff,Derby,15.0,2025-01-21,0.496888206483084,1.0,0.38644587580549633,1.0
2025-01-27,Championship,Burnley,Leeds,6.0,2025-01-21,0.3872877487951945,0.0,0.2832486109500244,0.0
2025-01-28,Championship,Portsmouth,Millwall,10.0,2025-01-21,0.6949605335946163,1.0,0.5946654189154079,0.0
2025-01-31,Championship,Blackburn,Preston,11.0,2025-01-21,0.4342459576252101,1.0,0.32656665322836104,1.0
2025-02-01,Championship,Oxford,Bristol City,8.0,2025-01-21,0.4849658992150208,0.0,0.37515109997905216,0.0
2025-02-01,Championship,Plymouth,West Brom,7.0,2025-01-21,0.6416990783412804,0.0,0.5358965656828247,0.0
2025-02-01,Championship,Watford,Norwich,10.0,2025-01-21,0.5320653552416902,1.0,0.4212865664431558,0.0
2025-02-01,Championship,Derby,Sheffield United,4.0,2025-01-21,0.6323857299302248,0.0,0.5255397543041974,0.0
2025-02-01,Championship,Hull,Stoke,12.0,2025-01-21,0.6141452521944769,1.0,0.5061922750252499,1.0
2025-02-01,Championship,Leeds,Cardiff,15.0,2025-01-21,0.5291814810045954,1.0,0.4199995609356547,1.0
2025-02-01,Championship,Millwall,QPR,13.0,2025-01-21,0.5711131387639244,1.0,0.46107526407491367,1.0
2025-02-01,Championship,Portsmouth,Burnley,6.0,2025-01-21,0.5965845621438163,0.0,0.48752820810845665,0.0
2025-02-01,Championship,Sheffield Weds,Luton,14.0,2025-01-21,0.6509313264091051,1.0,0.5458214995916998,1.0
2025-02-01,Championship,Swansea,Coventry,10.0,2025-01-21,0.6033326162435866,1.0,0.49461294003172257,0.0
2025-02-03,Championship,Middlesbrough,Sunderland,6.0,2025-01-21,0.5651750953782807,0.0,0.4549750887560839,0.0
2025-02-04,Championship,Burnley,Oxford,15.0,2025-01-21,0.5044582702347077,1.0,0.39670167887229285,1.0
2025-02-04,Championship,QPR,Blackburn,13.0,2025-01-21,0.606314777835231,1.0,0.4978805935782507,1.0
2025-02-05,Championship,Coventry,Leeds,11.0,2025-01-21,0.6208372461321847,1.0,0.5132533395086479,1.0
2025-02-08,Championship,Sunderland,Watford,10.0,2025-01-21,0.5346728324968194,1.0,0.4240767071569478,0.0
2025-02-08,Championship,West Brom,Sheffield Weds,14.0,2025-01-21,0.6422232230512169,1.0,0.5362544893287358,1.0
2025-02-08,Championship,Norwich,Derby,6.0,2025-01-21,0.5857958585519283,0.0,0.4764911485137774,0.0
2025-02-08,Championship,Sheffield United,Portsmouth,10.0,2025-01-21,0.7808609944528204,1.0,0.6950053283535272,0.0
2025-02-09,Championship,Bristol City,Swansea,14.0,2025-01-21,0.5062463602401753,1.0,0.3956219637897709,1.0
2025-02-11,Championship,Norwich,Preston,11.0,2025-01-21,0.4566452623754726,1.0,0.3481375114111919,1.0
2025-02-11,Championship,Watford,Leeds,14.0,2025-01-21,0.5151973570685793,1.0,0.404565723531719,1.0
2025-02-11,Championship,Derby,Oxford,7.0,2025-01-21,0.5667817282006186,0.0,0.45789728403402463,0.0
2025-02-11,Championship,Coventry,QPR,19.0,2025-01-21,0.7106333655003328,1.0,0.612763040445454,1.0
2025-02-11,Championship,Portsmouth,Cardiff,14.0,2025-01-21,0.652055190230844,1.0,0.5470050747109115,1.0
2025-02-12,Championship,Bristol City,Stoke,3.0,2025-01-21,0.6225937186273226,0.0,0.5152476805903622,0.0
2025-02-12,Championship,Burnley,Hull,12.0,2025-01-21,0.4422141101784239,1.0,0.33466300414162714,1.0
2025-02-12,Championship,Plymouth,Millwall,8.0,2025-01-21,0.5652598653636729,0.0,0.4549176247941866,0.0
2025-02-12,Championship,Sunderland,Luton,7.0,2025-01-21,0.5778679574219008,0.0,0.46805604592195593,0.0
2025-02-12,Championship,Swansea,Sheffield Weds,8.0,2025-01-21,0.5713199369712024,0.0,0.46115586798384955,0.0
2025-02-12,Championship,Sheffield United,Middlesbrough,14.0,2025-01-21,0.6258243337096798,1.0,0.5184841184901254,1.0
2025-02-12,Championship,West Brom,Blackburn,12.0,2025-01-21,0.6068311300567503,1.0,0.49896312580343594,1.0
2025-02-14,Championship,QPR,Derby,5.0,2025-01-21,0.6289811119312364,0.0,0.5219280954009482,0.0
2025-02-15,Championship,Millwall,West Brom,7.0,2025-01-21,0.5379808073256005,0.0,0.4271318357521104,0.0
2025-02-15,Championship,Middlesbrough,Watford,13.0,2025-01-21,0.5657598918918756,1.0,0.45573090523399423,1.0
2025-02-15,Championship,Luton,Sheffield United,8.0,2025-01-21,0.6480036180476023,0.0,0.5426652321560551,0.0
2025-02-15,Championship,Hull,Norwich,8.0,2025-01-21,0.5348122997368402,0.0,0.42400603028222866,0.0
2025-02-15,Championship,Sheffield Weds,Coventry,11.0,2025-01-21,0.7086644668121044,1.0,0.6102572365612129,1.0
2025-02-15,Championship,Preston,Burnley,8.0,2025-01-21,0.316118545513112,0.0,0.2210574077707921,0.0
2025-02-15,Championship,Oxford,Portsmouth,9.0,2025-01-21,0.6600074419410482,0.0,0.5558470403237148,0.0
2025-02-15,Championship,Cardiff,Bristol City,9.0,2025-01-21,0.46218566192711863,0.0,0.3528191956638869,0.0
2025-02-15,Championship,Blackburn,Plymouth,9.0,2025-01-21,0.6260892085581479,0.0,0.5193563823237267,0.0
2025-02-15,Championship,Stoke,Swansea,7.0,2025-01-21,0.5771141998802363,0.0,0.467153571325339,0.0
2025-02-17,Championship,Leeds,Sunderland,10.0,2025-01-21,0.5619876098008745,1.0,0.45254059111844125,0.0
2025-02-18,Championship,Preston,Millwall,11.0,2025-01-21,0.39423328198096874,1.0,0.28955868648464533,1.0
2025-02-19,Championship,Luton,Plymouth,12.0,2025-01-21,0.6995798816995585,1.0,0.6010971476221274,1.0
2025-02-21,Championship,Bristol City,Middlesbrough,5.0,2025-02-21,0.559516443464257,0.0,0.4493921155917986,0.0
2025-02-21,Championship,Burnley,Sheffield Weds,13.0,2025-02-21,0.5056295134182379,1.0,0.3958083846163227,1.0
2025-02-22,Championship,West Brom,Oxford,15.0,2025-02-21,0.6076721398327657,1.0,0.5015838986916749,1.0
2025-02-22,Championship,Swansea,Blackburn,12.0,2025-02-21,0.5215271078335676,1.0,0.41156203751879855,1.0
2025-02-22,Championship,Portsmouth,QPR,6.0,2025-02-21,0.7527952954044951,0.0,0.6618299627754652,0.0
2025-02-22,Championship,Norwich,Stoke,8.0,2025-02-21,0.6148708326876212,0.0,0.5075527564976209,0.0
2025-02-22,Championship,Sunderland,Hull,8.0,2025-02-21,0.5343190172629216,0.0,0.42425110909099045,0.0
2025-02-22,Championship,Plymouth,Cardiff,6.0,2025-02-21,0.5012090050795786,0.0,0.3909313321517272,0.0
2025-02-22,Championship,Derby,Millwall,8.0,2025-02-21,0.5106438379343653,0.0,0.400513159957093,0.0
2025-02-22,Championship,Coventry,Preston,13.0,2025-02-21,0.5586844695327353,1.0,0.4492015235978613,1.0
2025-02-23,Championship,Watford,Luton,10.0,2025-02-21,0.5698465994314152,1.0,0.46003878654941066,0.0
2025-02-24,Championship,Sheffield United,Leeds,8.0,2025-02-21,0.5645053228776695,0.0,0.4546883458925134,0.0
2025-02-25,Championship,Stoke,Middlesbrough,6.0,2025-02-21,0.6178203017283749,0.0,0.5102606766000903,0.0
2025-02-25,Championship,Cardiff,Hull,8.0,2025-02-21,0.4692531908943225,0.0,0.3599184291445745,0.0
2025-02-28,Championship,Sheffield Weds,Sunderland,14.0,2025-02-21,0.6144536286455017,1.0,0.5068730086102551,1.0
2025-03-01,Championship,Middlesbrough,Derby,8.0,2025-02-21,0.5827415687803531,0.0,0.47373822307783897,0.0
2025-03-01,Championship,QPR,Sheffield United,8.0,2025-02-21,0.6394270497446432,0.0,0.5334949821199162,0.0
2025-03-01,Championship,Stoke,Watford,9.0,2025-02-21,0.582104055924975,0.0,0.47269066186767256,0.0
2025-03-01,Championship,Oxford,Coventry,14.0,2025-02-21,0.5856612632297851,1.0,0.47666516393569464,1.0
2025-03-01,Championship,Leeds,West Brom,13.0,2025-02-21,0.6085024680304537,1.0,0.5015598531882055,1.0
2025-03-01,Championship,Blackburn,Norwich,7.0,2025-02-21,0.5432199717056923,0.0,0.43277374814378156,0.0
2025-03-01,Championship,Luton,Portsmouth,9.0,2025-02-21,0.7220470327237022,0.0,0.6259853085563466,0.0
2025-03-04,Championship,Cardiff,Burnley,11.0,2025-02-21,0.3469954581193934,1.0,0.24792473253652475,1.0
2025-03-04,Championship,Hull,Plymouth,11.0,2025-02-21,0.6158369429585768,1.0,0.509396467728213,1.0
2025-03-04,Championship,Millwall,Bristol City,10.0,2025-02-21,0.4914533509650149,1.0,0.38138423564358875,0.0
2025-03-04,Championship,Preston,Swansea,7.0,2025-02-21,0.38813216889168856,0.0,0.2843029762473379,0.0
2025-03-07,Championship,Norwich,Oxford,13.0,2025-02-21,0.5642340614539119,1.0,0.45586182564787653,1.0
2025-03-08,Championship,West Brom,QPR,7.0,2025-02-21,0.6626804493023778,0.0,0.5594874879949792,0.0
2025-03-08,Championship,Swansea,Middlesbrough,11.0,2025-02-21,0.528121586430764,1.0,0.4176372037520504,1.0
2025-03-08,Championship,Sunderland,Cardiff,7.0,2025-02-21,0.4919791943289827,0.0,0.3825775831180805,0.0
2025-03-08,Championship,Sheffield United,Preston,11.0,2025-02-21,0.4977326180591978,1.0,0.3883110677546051,1.0
2025-03-08,Championship,Plymouth,Sheffield Weds,4.0,2025-02-21,0.6677466743631805,0.0,0.564932385248166,0.0
2025-03-08,Championship,Bristol City,Hull,15.0,2025-02-21,0.5307118834449626,1.0,0.4203896686140052,1.0
2025-03-08,Championship,Burnley,Luton,10.0,2025-02-21,0.4663463297338949,1.0,0.35781072740718217,0.0
2025-03-08,Championship,Watford,Millwall,15.0,2025-02-21,0.5102759470368425,1.0,0.40022675038887084,1.0
2025-03-08,Championship,Coventry,Stoke,12.0,2025-02-21,0.6999136360005621,1.0,0.6008489423823886,1.0
2025-03-08,Championship,Derby,Blackburn,6.0,2025-02-21,0.5530969074967783,0.0,0.4432455236483014,0.0
2025-03-09,Championship,Portsmouth,Leeds,13.0,2025-02-21,0.6807452551777302,1.0,0.5792561060015237,1.0
2025-03-11,Championship,Sunderland,Preston,9.0,2025-02-21,0.45695678079382235,0.0,0.34903121551295585,0.0
2025-03-11,Championship,Sheffield United,Bristol City,9.0,2025-02-21,0.5715869362447255,0.0,0.4620591527206229,0.0
2025-03-11,Championship,Norwich,Sheffield Weds,12.0,2025-02-21,0.631320874304493,1.0,0.5247721507554446,1.0
2025-03-11,Championship,Cardiff,Luton,7.0,2025-02-21,0.5113312557405877,0.0,0.40087568328051437,0.0
2025-03-11,Championship,Derby,Coventry,12.0,2025-02-21,0.6343917208100287,1.0,0.528118618409952,1.0
2025-03-11,Championship,Burnley,West Brom,8.0,2025-02-21,0.4458072907893478,0.0,0.3380826269088829,0.0
2025-03-11,Championship,Middlesbrough,QPR,8.0,2025-02-21,0.6614365495768283,0.0,0.5580178395767247,0.0
2025-03-12,Championship,Hull,Oxford,10.0,2025-02-21,0.5342543571398224,1.0,0.42509705612997584,0.0
2025-03-12,Championship,Leeds,Millwall,7.0,2025-02-21,0.6045987488889086,0.0,0.498494843695092,0.0
2025-03-12,Championship,Portsmouth,Plymouth,7.0,2025-02-21,0.7580133178302427,0.0,0.6689587837867086,0.0
2025-03-12,Championship,Watford,Swansea,7.0,2025-02-21,0.4939775341193244,0.0,0.3839532394260163,0.0
2025-03-12,Championship,Stoke,Blackburn,7.0,2025-02-21,0.6001645000232578,0.0,0.4918368564609775,0.0
2025-03-14,Championship,Bristol City,Norwich,8.0,2025-02-21,0.5395672671545473,0.0,0.42918653029432374,0.0
2025-03-15,Championship,Preston,Portsmouth,11.0,2025-02-21,0.5710672961362185,1.0,0.46122232852893635,1.0
2025-03-15,Championship,Plymouth,Derby,10.0,2025-02-21,0.565725227236785,1.0,0.4558691603879078,0.0
2025-03-15,Championship,Oxford,Watford,9.0,2025-02-21,0.47732397880438004,0.0,0.36789562929241404,0.0
2025-03-15,Championship,Luton,Middlesbrough,12.0,2025-02-21,0.6091222040183094,1.0,0.5011278865125756,1.0
2025-03-15,Championship,Millwall,Stoke,12.0,2025-02-21,0.5568525223360755,1.0,0.44676423940529425,1.0
2025-03-15,Championship,Blackburn,Cardiff,4.0,2025-02-21,0.47816978294097057,0.0,0.3685665989365908,0.0
2025-03-15,Championship,QPR,Leeds,9.0,2025-02-21,0.621658907088473,0.0,0.5149023899531824,0.0
2025-03-15,Championship,Swansea,Burnley,8.0,2025-02-21,0.3575547024910279,0.0,0.25703442668595095,0.0
2025-03-15,Championship,Coventry,Sunderland,7.0,2025-02-21,0.6204469128013674,0.0,0.513124034012058,0.0
2025-03-15,Championship,West Brom,Hull,11.0,2025-02-21,0.5815594691104456,1.0,0.47262455926579294,1.0
2025-03-16,Championship,Sheffield Weds,Sheffield United,9.0,2025-02-21,0.6625040143683433,0.0,0.5589379921328818,0.0
2025-03-28,Championship,Sheffield United,Coventry,10.0,2025-03-28,0.6620900965291279,1.0,0.5580336442592199,0.0
2025-03-29,Championship,Sunderland,Millwall,7.0,2025-03-28,0.516983561530542,0.0,0.40685679734412245,0.0
2025-03-29,Championship,Stoke,QPR,5.0,2025-03-28,0.6307788819312877,0.0,0.5239153378784153,0.0
2025-03-29,Championship,Norwich,West Brom,9.0,2025-03-28,0.574011400974275,0.0,0.4639930900752331,0.0
2025-03-29,Championship,Middlesbrough,Oxford,16.0,2025-03-28,0.620940320654275,1.0,0.5153171381260482,1.0
2025-03-29,Championship,Portsmouth,Blackburn,7.0,2025-03-28,0.6568263479427616,0.0,0.5527140793314,0.0
2025-03-29,Championship,Cardiff,Sheffield Weds,10.0,2025-03-28,0.5439118474717854,1.0,0.43315107939428377,0.0
2025-03-29,Championship,Burnley,Bristol City,9.0,2025-03-28,0.4402162722485592,0.0,0.3327034981668295,0.0
2025-03-29,Championship,Watford,Plymouth,19.0,2025-03-28,0.595238785455446,1.0,0.4874474104765293,1.0
2025-03-29,Championship,Hull,Luton,14.0,2025-03-28,0.5699819613110892,1.0,0.45978392044854405,1.0
2025-03-29,Championship,Leeds,Swansea,9.0,2025-03-28,0.5684495165456842,0.0,0.4599362548846789,0.0
2025-04-02,Championship,Derby,Preston,7.0,2025-03-28,0.434480418049361,0.0,0.32698879424353183,0.0
2025-04-04,Championship,Blackburn,Middlesbrough,7.0,2025-03-28,0.5359574088391958,0.0,0.42512038026283067,0.0
2025-04-05,Championship,Plymouth,Norwich,7.0,2025-03-28,0.5449446316003003,0.0,0.434486809835326,0.0
2025-04-05,Championship,Swansea,Derby,7.0,2025-03-28,0.49488245215984933,0.0,0.38472410202379925,0.0
2025-04-05,Championship,Sheffield Weds,Hull,8.0,2025-03-28,0.6508281004955782,0.0,0.54614556552145,0.0
2025-04-05,Championship,QPR,Cardiff,11.0,2025-03-28,0.5197164072433514,1.0,0.4091219265801936,1.0
2025-04-05,Championship,Oxford,Sheffield United,12.0,2025-03-28,0.5381335030765245,1.0,0.4278110990657038,1.0
2025-04-05,Championship,Preston,Stoke,10.0,2025-03-28,0.47575728244268073,1.0,0.36585831353813575,0.0
2025-04-05,Championship,Bristol City,Watford,4.0,2025-03-28,0.5332331391447752,0.0,0.42260662975376007,0.0
2025-04-05,Championship,West Brom,Sunderland,12.0,2025-03-28,0.5535857547924118,1.0,0.4431469258397976,1.0
2025-04-05,Championship,Luton,Leeds,5.0,2025-03-28,0.5603361627864494,0.0,0.45010067247091773,0.0
2025-04-05,Championship,Coventry,Burnley,6.0,2025-03-28,0.5164485515128572,0.0,0.40562648638389687,0.0
2025-04-05,Championship,Millwall,Portsmouth,15.0,2025-03-28,0.6159557679125139,1.0,0.5079373595088977,1.0
2025-04-08,Championship,Middlesbrough,Leeds,8.0,2025-03-28,0.5443886542022339,0.0,0.433855443306711,0.0
2025-04-08,Championship,Watford,Hull,10.0,2025-03-28,0.547422511098015,1.0,0.43699773080543164,0.0
2025-04-08,Championship,Sheffield United,Millwall,15.0,2025-03-28,0.5493175083316615,1.0,0.4391648712137578,1.0
2025-04-08,Championship,Preston,Cardiff,10.0,2025-03-28,0.3621145241779225,1.0,0.2608147724815366,0.0
2025-04-08,Championship,Stoke,Luton,10.0,2025-03-28,0.6080670572475368,1.0,0.49956532390916486,0.0
2025-04-08,Championship,Derby,Burnley,12.0,2025-03-28,0.4002879833380566,1.0,0.2951554606374774,1.0
2025-04-08,Championship,Bristol City,West Brom,9.0,2025-03-28,0.5617127328018978,0.0,0.4513241280281346,0.0
2025-04-08,Championship,Blackburn,Sheffield Weds,12.0,2025-03-28,0.6061194533601235,1.0,0.4975120403951007,1.0
2025-04-08,Championship,Norwich,Sunderland,8.0,2025-03-28,0.5181062165396827,0.0,0.40734513383739834,0.0
2025-04-09,Championship,Oxford,QPR,14.0,2025-03-28,0.5584556908086331,1.0,0.4481793941323916,1.0
2025-04-09,Championship,Swansea,Plymouth,4.0,2025-03-28,0.5638177965992293,0.0,0.45488865811328516,0.0
2025-04-09,Championship,Coventry,Portsmouth,9.0,2025-03-28,0.7454666154199027,0.0,0.6527697515172862,0.0
2025-04-11,Championship,Burnley,Norwich,10.0,2025-03-28,0.4497868950926555,1.0,0.3416951793263441,0.0
2025-04-12,Championship,QPR,Bristol City,9.0,2025-03-28,0.5789967097001674,0.0,0.4691364467464372,0.0
2025-04-12,Championship,West Brom,Watford,9.0,2025-03-28,0.5844850889446234,0.0,0.47521369370699684,0.0
2025-04-12,Championship,Sunderland,Swansea,5.0,2025-03-28,0.49092816313579507,0.0,0.38087864106157515,0.0
2025-04-12,Championship,Sheffield Weds,Oxford,9.0,2025-03-28,0.6976616780801026,0.0,0.5997354960533011,0.0
2025-04-12,Championship,Portsmouth,Derby,9.0,2025-03-28,0.6483200934614118,0.0,0.543281112570079,0.0
2025-04-12,Championship,Millwall,Middlesbrough,6.0,2025-03-28,0.5225414198658211,0.0,0.41168518060769527,0.0
2025-04-12,Championship,Luton,Blackburn,11.0,2025-03-28,0.5814193715225566,1.0,0.4722376591028996,1.0
2025-04-12,Championship,Cardiff,Stoke,6.0,2025-03-28,0.5036392796493213,0.0,0.3931015814384264,0.0
2025-04-12,Championship,Plymouth,Sheffield United,12.0,2025-03-28,0.5606833843391663,1.0,0.45052676942993297,1.0
2025-04-12,Championship,Leeds,Preston,11.0,2025-03-28,0.5645630141868389,1.0,0.4568884675154663,1.0
2025-04-14,Championship,Hull,Coventry,14.0,2025-03-28,0.6411056815418916,1.0,0.5349768283749468,1.0
2025-04-18,Championship,Oxford,Leeds,7.0,2025-03-28,0.5973796680669643,0.0,0.4905344810780403,0.0
2025-04-18,Championship,Sheffield United,Cardiff,8.0,2025-03-28,0.49975400080097676,0.0,0.38966388215067543,0.0
2025-04-18,Championship,Watford,Burnley,5.0,2025-03-28,0.4108087795756867,0.0,0.3047101556222855,0.0
2025-04-18,Championship,Swansea,Hull,11.0,2025-03-28,0.5139068192329725,1.0,0.40342104199877443,1.0
2025-04-18,Championship,Stoke,Sheffield Weds,6.0,2025-03-28,0.660307589423838,0.0,0.5559290483935461,0.0
2025-04-18,Championship,Preston,QPR,8.0,2025-03-28,0.48506731593941155,0.0,0.37484247184454567,0.0
2025-04-18,Championship,Norwich,Portsmouth,11.0,2025-03-28,0.652918552567174,1.0,0.5479583000917975,1.0
2025-04-18,Championship,Middlesbrough,Plymouth,13.0,2025-03-28,0.6318693765922639,1.0,0.5266888324304789,1.0
2025-04-18,Championship,Coventry,West Brom,10.0,2025-03-28,0.6735410797546629,1.0,0.5706263704221521,0.0
2025-04-18,Championship,Bristol City,Sunderland,7.0,2025-03-28,0.5056946831155535,0.0,0.3950551136566314,0.0
2025-04-18,Championship,Blackburn,Millwall,14.0,2025-03-28,0.49570998144366396,1.0,0.38532635964358036,1.0
2025-04-18,Championship,Derby,Luton,13.0,2025-03-28,0.5494799540741107,1.0,0.43880018548626104,1.0
2025-04-21,Championship,Burnley,Sheffield United,7.0,2025-03-28,0.46375634329830395,0.0,0.35496764516380874,0.0
2025-04-21,Championship,West Brom,Derby,7.0,2025-03-28,0.5808809483088693,0.0,0.4716976697758972,0.0
2025-04-21,Championship,Sunderland,Blackburn,12.0,2025-03-28,0.5331183313542627,1.0,0.4230268444624187,1.0
2025-04-21,Championship,Sheffield Weds,Middlesbrough,11.0,2025-03-28,0.6486328101737474,1.0,0.5433903638786332,1.0
2025-04-21,Championship,QPR,Swansea,8.0,2025-03-28,0.5511060957734462,0.0,0.44051424662606015,0.0
2025-04-21,Championship,Portsmouth,Watford,9.0,2025-03-28,0.6535932226665554,0.0,0.5488422937025974,0.0
2025-04-21,Championship,Millwall,Norwich,9.0,2025-03-28,0.508458604254863,0.0,0.3977233674304681,0.0
2025-04-21,Championship,Luton,Bristol City,7.0,2025-03-28,0.5684650887495551,0.0,0.4584225767269565,0.0
2025-04-21,Championship,Leeds,Stoke,6.0,2025-03-28,0.6691117018835239,0.0,0.5677660094709652,0.0
2025-04-21,Championship,Hull,Preston,15.0,2025-03-28,0.4556757289244384,1.0,0.3470014144068587,1.0
2025-04-21,Championship,Cardiff,Oxford,4.0,2025-03-28,0.48357453226682684,0.0,0.37462818195632197,0.0
2025-04-21,Championship,Plymouth,Coventry,7.0,2025-03-28,0.6465784512771935,0.0,0.5412303824265615,0.0
2025-04-25,Championship,Stoke,Sheffield United,11.0,2025-03-28,0.5939737388613412,1.0,0.48472134692345586,1.0
2025-04-26,Championship,Hull,Derby,8.0,2025-03-28,0.5268318031571234,0.0,0.4161444597284765,0.0
2025-04-26,Championship,Sheffield Weds,Portsmouth,9.0,2025-03-28,0.7344237464455344,0.0,0.6399688009118342,0.0
2025-04-26,Championship,Preston,Plymouth,11.0,2025-03-28,0.46080406917240924,1.0,0.3521450360093067,1.0
2025-04-26,Championship,Oxford,Sunderland,9.0,2025-03-28,0.5055260829162734,0.0,0.3954836115413153,0.0
2025-04-26,Championship,Millwall,Swansea,11.0,2025-03-28,0.46840238405072976,1.0,0.35877488962822884,1.0
2025-04-26,Championship,Blackburn,Watford,10.0,2025-03-28,0.5163153538949551,1.0,0.4055110301752924,0.0
2025-04-26,Championship,Cardiff,West Brom,14.0,2025-03-28,0.49025240946064413,1.0,0.379874739133728,1.0
2025-04-26,Championship,QPR,Burnley,8.0,2025-03-28,0.466272902743497,0.0,0.3567876567945781,0.0
2025-04-26,Championship,Luton,Coventry,20.0,2025-03-28,0.6765915238454643,1.0,0.5741047267186365,1.0
2025-04-26,Championship,Middlesbrough,Norwich,13.0,2025-03-28,0.5642621257344268,1.0,0.45408983343103504,1.0
2025-04-28,Championship,Leeds,Bristol City,12.0,2025-04-28,0.543539431977515,1.0,0.43390552848966985,1.0
2025-05-03,Championship,Sunderland,QPR,12.0,2025-04-28,0.573942761843066,1.0,0.4640930222028571,1.0
2025-05-03,Championship,Swansea,Oxford,9.0,2025-04-28,0.5355488804581165,0.0,0.4260348162835166,0.0
2025-05-03,Championship,Sheffield United,Blackburn,12.0,2025-04-28,0.5873548002672254,1.0,0.4781581979342217,1.0
2025-05-03,Championship,West Brom,Luton,10.0,2025-04-28,0.6248049009036376,1.0,0.5171775295497906,0.0
2025-05-03,Championship,Watford,Sheffield Weds,10.0,2025-04-28,0.6032326493421024,1.0,0.4941393039403438,0.0
2025-05-03,Championship,Portsmouth,Hull,10.0,2025-04-28,0.6527916172571304,1.0,0.5475830269952816,0.0
2025-05-03,Championship,Bristol City,Preston,10.0,2025-04-28,0.4571018646472978,1.0,0.34831485757882513,0.0
2025-05-03,Championship,Norwich,Cardiff,15.0,2025-04-28,0.47434741674929465,1.0,0.36447768489764965,1.0
2025-05-03,Championship,Derby,Stoke,9.0,2025-04-28,0.5313723031842235,0.0,0.42029853817580953,0.0
2025-05-03,Championship,Coventry,Middlesbrough,10.0,2025-04-28,0.6601414081634019,1.0,0.5553689347760747,0.0
2025-05-03,Championship,Burnley,Millwall,11.0,2025-04-28,0.4490482807225323,1.0,0.3411705799586507,1.0
2025-05-03,Championship,Plymouth,Leeds,8.0,2025-04-28,0.5864625179021302,0.0,0.478474169744826,0.0
2025-08-08,Championship,Birmingham,Ipswich,5.0,2025-08-08,0.5455062569822788,0.0,0.433989975534768,0.0
2025-08-09,Championship,Sheffield United,Bristol City,17.0,2025-08-08,0.5541619409860685,1.0,0.44310480208364433,1.0
2025-08-09,Championship,West Brom,Blackburn,10.0,2025-08-08,0.5958396148101899,1.0,0.48664185123523634,0.0
2025-08-09,Championship,Stoke,Derby,10.0,2025-08-08,0.5246584847043092,1.0,0.4131676808311792,0.0
2025-08-09,Championship,QPR,Preston,9.0,2025-08-08,0.5126971736991771,0.0,0.4015490462244812,0.0
2025-08-09,Championship,Oxford,Portsmouth,12.0,2025-08-08,0.5977353732777635,1.0,0.4882160968480628,1.0
2025-08-09,Championship,Norwich,Millwall,11.0,2025-08-08,0.5555863623782547,1.0,0.44469974499828474,1.0
2025-08-09,Championship,Middlesbrough,Swansea,9.0,2025-08-08,0.5145496439420945,0.0,0.4033665164914158,0.0
2025-08-09,Championship,Coventry,Hull,10.0,2025-08-08,0.6672775639733883,1.0,0.563088731256333,0.0
2025-08-09,Championship,Charlton,Watford,5.0,2025-08-08,0.542496765014267,0.0,0.4309681398896585,0.0
2025-08-10,Championship,Leicester,Sheffield Weds,16.0,2025-08-08,0.5602724401653205,1.0,0.4495587332505147,1.0
2025-08-16,Championship,Watford,QPR,6.0,2025-08-08,0.5920430819143158,0.0,0.48234354610860586,0.0
2025-08-16,Championship,Swansea,Sheffield United,12.0,2025-08-08,0.5076050825680949,1.0,0.3961471353612233,1.0
2025-08-16,Championship,Sheffield Weds,Stoke,13.0,2025-08-08,0.6418367633874192,1.0,0.5353918755529974,1.0
2025-08-16,Championship,Preston,Leicester,10.0,2025-08-08,0.3859870152482792,1.0,0.28163804014790667,0.0
2025-08-16,Championship,Millwall,Middlesbrough,16.0,2025-08-08,0.5382466090990311,1.0,0.42665352960442143,1.0
2025-08-16,Championship,Derby,Coventry,11.0,2025-08-08,0.6115764357344362,1.0,0.5025486453649787,1.0
2025-08-16,Championship,Blackburn,Birmingham,8.0,2025-08-08,0.5284450895563811,0.0,0.41718929604894894,0.0
2025-08-16,Championship,Portsmouth,Norwich,9.0,2025-08-08,0.6367073061217444,0.0,0.5295677683888583,0.0
2025-08-16,Championship,Bristol City,Charlton,10.0,2025-08-08,0.571132218104244,1.0,0.461032530289888,0.0
2025-08-17,Championship,Ipswich,Southampton,9.0,2025-08-08,0.640644006993061,0.0,0.5339418528191426,0.0
2025-08-17,Championship,Hull,Oxford,14.0,2025-08-08,0.5889741481864209,1.0,0.48013543351683485,1.0
2025-08-22,Championship,Derby,Bristol City,9.0,2025-08-08,0.48004930101090915,0.0,0.36928417316380924,0.0
2025-08-23,Championship,Preston,Ipswich,9.0,2025-08-08,0.4716981738756582,0.0,0.3611890674279675,0.0
2025-08-23,Championship,Southampton,Stoke,10.0,2025-08-08,0.7152859158062876,1.0,0.6186692279949825,0.0
2025-08-23,Championship,Sheffield United,Millwall,15.0,2025-08-08,0.5882455780963562,1.0,0.4786883787281513,1.0
2025-08-23,Championship,Norwich,Middlesbrough,8.0,2025-08-08,0.5647220178983333,0.0,0.4536237494509729,0.0
2025-08-23,Championship,West Brom,Portsmouth,5.0,2025-08-08,0.6645813533388775,0.0,0.5601551367250381,0.0
2025-08-23,Championship,Birmingham,Oxford,5.0,2025-08-08,0.5186705785746718,0.0,0.40779612873836507,0.0
2025-08-23,Championship,Swansea,Watford,9.0,2025-08-08,0.47132751301312187,0.0,0.36092112144205707,0.0
2025-08-23,Championship,Hull,Blackburn,3.0,2025-08-08,0.557151013435945,0.0,0.44615508384526914,0.0
2025-08-23,Championship,Coventry,QPR,13.0,2025-08-08,0.6990626003475221,1.0,0.5987164607096621,1.0
2025-08-23,Championship,Charlton,Leicester,17.0,2025-08-08,0.4929859668944153,1.0,0.3820698386889979,1.0
2025-08-29,Championship,Leicester,Birmingham,8.0,2025-08-08,0.5348581552358493,0.0,0.4248677233050554,0.0
2025-08-30,Championship,Watford,Southampton,9.0,2025-08-08,0.6006501369003497,0.0,0.49113136407812547,0.0
2025-08-30,Championship,Sheffield Weds,Swansea,9.0,2025-08-08,0.5637363457532315,0.0,0.4528435457723809,0.0
2025-08-30,Championship,Portsmouth,Preston,10.0,2025-08-08,0.5667599463578189,1.0,0.4563861607994345,0.0
2025-08-30,Championship,Oxford,Coventry,5.0,2025-08-08,0.617769188677029,0.0,0.5094004422837813,0.0
2025-08-30,Championship,Ipswich,Derby,9.0,2025-08-08,0.5426468144348707,0.0,0.43136940150694086,0.0
2025-08-30,Championship,Bristol City,Hull,13.0,2025-08-08,0.541001149090302,1.0,0.42974657371491953,1.0
2025-08-30,Championship,Blackburn,Norwich,12.0,2025-08-08,0.5357340915325117,1.0,0.4241303213291565,1.0
2025-08-30,Championship,Stoke,West Brom,10.0,2025-08-08,0.5818286720680067,1.0,0.47123953305052907,0.0
2025-08-30,Championship,QPR,Charlton,3.0,2025-08-08,0.622746067331032,0.0,0.5148840391578994,0.0
2025-08-30,Championship,Middlesbrough,Sheffield United,14.0,2025-08-08,0.5872664687076079,1.0,0.47705126772855755,1.0
2025-09-12,Championship,Ipswich,Sheffield United,8.0,2025-09-12,0.5797842909034883,0.0,0.46948546780764294,0.0
2025-09-13,Championship,Wrexham,QPR,21.0,2025-09-12,0.457196874440929,1.0,0.34768581099031115,1.0
2025-09-13,Championship,West Brom,Derby,11.0,2025-09-12,0.548464492923791,1.0,0.4378236938363389,1.0
2025-09-13,Championship,Watford,Blackburn,12.0,2025-09-12,0.511334255320668,1.0,0.4006740927809788,1.0
2025-09-13,Championship,Swansea,Hull,7.0,2025-09-12,0.5040884893903176,0.0,0.3932495913634514,0.0
2025-09-13,Championship,Stoke,Birmingham,8.0,2025-09-12,0.5185158414514115,0.0,0.40768082043116227,0.0
2025-09-13,Championship,Sheffield Weds,Bristol City,5.0,2025-09-12,0.6232309310719366,0.0,0.5154120918662388,0.0
2025-09-13,Championship,Coventry,Norwich,13.0,2025-09-12,0.647109779375605,1.0,0.5412169488494595,1.0
2025-09-13,Championship,Preston,Middlesbrough,7.0,2025-09-12,0.4759761891600444,0.0,0.3656582104305534,0.0
2025-09-13,Championship,Oxford,Leicester,8.0,2025-09-12,0.5198302641251827,0.0,0.4091561370211882,0.0
2025-09-13,Championship,Charlton,Millwall,7.0,2025-09-12,0.49973417607326776,0.0,0.39049598741404584,0.0
2025-09-14,Championship,Southampton,Portsmouth,12.0,2025-09-12,0.7049397978539367,1.0,0.6066495843172826,1.0
2025-09-19,Championship,Middlesbrough,West Brom,5.0,2025-09-12,0.5949590822063843,0.0,0.4854844848506116,0.0
2025-09-20,Championship,Sheffield United,Charlton,7.0,2025-09-12,0.46177298693681923,0.0,0.35199789537155984,0.0
2025-09-20,Championship,Portsmouth,Sheffield Weds,16.0,2025-09-12,0.6903241254196647,1.0,0.589022797551014,1.0
2025-09-20,Championship,Norwich,Wrexham,5.0,2025-09-12,0.5061504784182531,0.0,0.39636480670790936,0.0
2025-09-20,Championship,Hull,Southampton,7.0,2025-09-12,0.609794311185404,0.0,0.5012954311256909,0.0
2025-09-20,Championship,QPR,Stoke,9.0,2025-09-12,0.586330894571186,0.0,0.4763829048298096,0.0
2025-09-20,Championship,Leicester,Coventry,13.0,2025-09-12,0.6569069487479972,1.0,0.5520224682193084,1.0
2025-09-20,Championship,Birmingham,Swansea,9.0,2025-09-12,0.4240252823893582,0.0,0.31649172773042766,0.0
2025-09-20,Championship,Derby,Preston,7.0,2025-09-12,0.4329811661255335,0.0,0.32521499274637333,0.0
2025-09-21,Championship,Bristol City,Oxford,13.0,2025-09-12,0.5618417854257975,1.0,0.4527125397106866,1.0
2025-09-22,Championship,Millwall,Watford,11.0,2025-09-12,0.5061857299315994,1.0,0.395046718753083,1.0
2025-09-26,Championship,West Brom,Leicester,6.0,2025-09-12,0.5779310732147027,0.0,0.46764947058975026,0.0
2025-09-27,Championship,Sheffield Weds,QPR,9.0,2025-09-12,0.6680919530901518,0.0,0.5644171490718692,0.0
2025-09-27,Championship,Watford,Hull,12.0,2025-09-12,0.5334728368388186,1.0,0.42250996775706945,1.0
2025-09-27,Championship,Stoke,Norwich,14.0,2025-09-12,0.5619800198287584,1.0,0.4511515173162262,1.0
2025-09-27,Championship,Southampton,Middlesbrough,9.0,2025-09-12,0.6590713780450671,0.0,0.5551768719023328,0.0
2025-09-27,Championship,Preston,Bristol City,11.0,2025-09-12,0.4395349761178863,1.0,0.3309601559357819,1.0
2025-09-27,Championship,Ipswich,Portsmouth,9.0,2025-09-12,0.5870197595729824,0.0,0.4771798096687646,0.0
2025-09-27,Championship,Oxford,Sheffield United,8.0,2025-09-12,0.5784374911867624,0.0,0.46885427734099716,0.0
2025-09-27,Championship,Charlton,Blackburn,6.0,2025-09-12,0.48377949930686215,0.0,0.3750255074965278,0.0
2025-09-27,Championship,Wrexham,Derby,7.0,2025-09-12,0.39456090223307067,0.0,0.2895208095256715,0.0
2025-09-27,Championship,Swansea,Millwall,10.0,2025-09-12,0.5006071593198304,1.0,0.3899765798070231,0.0
2025-09-27,Championship,Coventry,Birmingham,7.0,2025-09-12,0.6125198192728533,0.0,0.5045567603111724,0.0
2025-09-30,Championship,Derby,Charlton,7.0,2025-09-12,0.3807172411201714,0.0,0.27723979651271036,0.0
2025-09-30,Championship,Middlesbrough,Stoke,13.0,2025-09-12,0.603805941774073,1.0,0.49513012844969156,1.0
2025-09-30,Championship,Leicester,Wrexham,8.0,2025-09-12,0.5349009676811456,0.0,0.4253842441881975,0.0
2025-09-30,Championship,Sheffield United,Southampton,9.0,2025-09-12,0.6428373337473878,0.0,0.5363975112990024,0.0
2025-09-30,Championship,Bristol City,Ipswich,9.0,2025-09-12,0.5115207662543487,0.0,0.40039531615391605,0.0
2025-09-30,Championship,Blackburn,Swansea,10.0,2025-09-12,0.45734224006515684,1.0,0.3477851511182954,0.0
2025-09-30,Championship,Birmingham,Sheffield Weds,14.0,2025-09-12,0.5686915202775048,1.0,0.4579835550638355,1.0
2025-09-30,Championship,Hull,Preston,8.0,2025-09-12,0.48266710870032487,0.0,0.37252692229237855,0.0
2025-10-01,Championship,Millwall,Coventry,6.0,2025-09-12,0.6319852062954485,0.0,0.5246427238520082,0.0
2025-10-01,Championship,Norwich,West Brom,7.0,2025-09-12,0.5699708771971287,0.0,0.4593714497013153,0.0
2025-10-01,Championship,Portsmouth,Watford,6.0,2025-09-12,0.5753550152171313,0.0,0.4650344249097959,0.0
2025-10-01,Championship,QPR,Oxford,10.0,2025-09-12,0.5743617184065776,1.0,0.46518081398654637,0.0
2025-10-03,Championship,Wrexham,Birmingham,10.0,2025-09-12,0.3739085500850677,1.0,0.2708906907979002,0.0
2025-10-04,Championship,Portsmouth,Middlesbrough,10.0,2025-09-12,0.6266983226679704,1.0,0.5190226184332636,0.0
2025-10-04,Championship,Watford,Oxford,12.0,2025-09-12,0.5439450496598626,1.0,0.434558809113217,1.0
2025-10-04,Championship,Swansea,Leicester,7.0,2025-09-12,0.4930935935352815,0.0,0.3822417700581156,0.0
2025-10-04,Championship,Preston,Charlton,7.0,2025-09-12,0.34825020274564783,0.0,0.24873440811903752,0.0
2025-10-04,Championship,Derby,Southampton,8.0,2025-09-12,0.5644605244627666,0.0,0.4540491816965066,0.0
2025-10-04,Championship,Sheffield Weds,Coventry,21.0,2025-09-12,0.7183673463017114,1.0,0.6208424850431967,1.0
2025-10-04,Championship,Bristol City,QPR,5.0,2025-09-12,0.5741134691834783,0.0,0.46393814843099734,0.0
2025-10-04,Championship,Hull,Sheffield United,13.0,2025-09-12,0.6103340955028357,1.0,0.5014981443329477,1.0
2025-10-04,Championship,Blackburn,Stoke,13.0,2025-09-12,0.5323500251397436,1.0,0.4210991687920583,1.0
2025-10-04,Championship,Millwall,West Brom,9.0,2025-09-12,0.5600608732838379,0.0,0.4491239226907875,0.0
2025-10-05,Championship,Ipswich,Norwich,16.0,2025-09-12,0.5347374471263843,1.0,0.42368861472733066,1.0
2025-10-17,Championship,Middlesbrough,Ipswich,14.0,2025-10-17,0.5553940490435606,1.0,0.4442581199337394,1.0
2025-10-18,Championship,West Brom,Preston,12.0,2025-10-17,0.4933255329771263,1.0,0.38312604114611404,1.0
2025-10-18,Championship,Stoke,Wrexham,10.0,2025-10-17,0.5664691643294496,1.0,0.4560160474564299,0.0
2025-10-18,Championship,Sheffield United,Watford,10.0,2025-10-17,0.59284638193081,1.0,0.48329776114458084,0.0
2025-10-18,Championship,Norwich,Bristol City,12.0,2025-10-17,0.5365620675989528,1.0,0.42503800121895824,1.0
2025-10-18,Championship,Coventry,Blackburn,9.0,2025-10-17,0.6480233006719661,0.0,0.5421271785085561,0.0
2025-10-18,Championship,Southampton,Swansea,8.0,2025-10-17,0.5586275079397872,0.0,0.449032315007301,0.0
2025-10-18,Championship,Birmingham,Hull,16.0,2025-10-17,0.4918774556152456,1.0,0.38077801737652645,1.0
2025-10-18,Championship,QPR,Millwall,11.0,2025-10-17,0.5704951570428187,1.0,0.4596824085542717,1.0
2025-10-18,Championship,Oxford,Derby,16.0,2025-10-17,0.4274376565059081,1.0,0.31947749189688635,1.0
2025-10-18,Championship,Leicester,Portsmouth,18.0,2025-10-17,0.5872562908054534,1.0,0.4773400099895444,1.0
2025-10-18,Championship,Charlton,Sheffield Weds,6.0,2025-10-17,0.3977641798716742,0.0,0.2922786908624338,0.0
2025-10-21,Championship,Preston,Birmingham,12.0,2025-10-17,0.389272164937218,1.0,0.2844392724576215,1.0
2025-10-21,Championship,Portsmouth,Coventry,11.0,2025-10-17,0.6983139705990535,1.0,0.5976545431086545,1.0
2025-10-21,Championship,Bristol City,Southampton,5.0,2025-10-17,0.5243889248002763,0.0,0.4130150876481914,0.0
2025-10-21,Championship,Millwall,Stoke,5.0,2025-10-17,0.5584113474395649,0.0,0.4471319507053789,0.0
2025-10-21,Championship,Blackburn,Sheffield United,10.0,2025-10-17,0.5741864551596608,1.0,0.4633536442485876,0.0
2025-10-21,Championship,Hull,Leicester,8.0,2025-10-17,0.5149276304704272,0.0,0.4033463391314302,0.0
2025-10-21,Championship,Derby,Norwich,18.0,2025-10-17,0.4977118399665127,1.0,0.3864399316675563,1.0
2025-10-21,Championship,Ipswich,Charlton,19.0,2025-10-17,0.29587029014986743,1.0,0.2033435671452987,1.0
2025-10-22,Championship,Swansea,QPR,9.0,2025-10-17,0.5188733541827393,0.0,0.4075485591110932,0.0
2025-10-22,Championship,Watford,West Brom,9.0,2025-10-17,0.5146955242694277,0.0,0.4031454173396741,0.0
2025-10-22,Championship,Wrexham,Oxford,9.0,2025-10-17,0.4865358610774386,0.0,0.3762934710713589,0.0
2025-10-22,Championship,Sheffield Weds,Middlesbrough,11.0,2025-10-17,0.6556114486871931,1.0,0.5499881860743158,1.0
2025-10-24,Championship,Preston,Sheffield United,6.0,2025-10-17,0.4976108931156121,0.0,0.3864669764303276,0.0
2025-10-25,Championship,Millwall,Leicester,14.0,2025-10-17,0.5014799598275849,1.0,0.3901078759781143,1.0
2025-10-25,Championship,Middlesbrough,Wrexham,8.0,2025-10-17,0.5770087943486927,0.0,0.46731782526606974,0.0
2025-10-25,Championship,Hull,Charlton,8.0,2025-10-17,0.30123708844002084,0.0,0.20771680884432023,0.0
2025-10-25,Championship,Derby,QPR,7.0,2025-10-17,0.5202763569603566,0.0,0.4087790962737955,0.0
2025-10-25,Championship,Ipswich,West Brom,9.0,2025-10-17,0.530185615763317,0.0,0.41862299972669015,0.0
2025-10-25,Championship,Blackburn,Southampton,11.0,2025-10-17,0.5467711237668158,1.0,0.43584996804033427,1.0
2025-10-25,Championship,Portsmouth,Stoke,8.0,2025-10-17,0.6308795802103364,0.0,0.5233296511022111,0.0
2025-10-25,Championship,Sheffield Weds,Oxford,11.0,2025-10-17,0.6700879798826058,1.0,0.567600459391289,1.0
2025-10-25,Championship,Coventry,Watford,12.0,2025-10-17,0.6267892276920505,1.0,0.5188837469745565,1.0
2025-10-25,Championship,Bristol City,Birmingham,6.0,2025-10-17,0.4852076312221591,0.0,0.3746485646760559,0.0
2025-10-25,Championship,Swansea,Norwich,5.0,2025-10-17,0.49389745347247915,0.0,0.3828286561504441,0.0
2025-10-31,Championship,Wrexham,Coventry,9.0,2025-10-17,0.6085413434423207,0.0,0.49925359005166575,0.0
2025-11-01,Championship,Leicester,Blackburn,11.0,2025-10-17,0.5421793930438926,1.0,0.4315163178689958,1.0
2025-11-01,Championship,Watford,Middlesbrough,8.0,2025-10-17,0.5320603184726421,0.0,0.42045449863966294,0.0
2025-11-01,Championship,Southampton,Preston,10.0,2025-10-17,0.5844311554212083,1.0,0.4765323938911898,0.0
2025-11-01,Championship,Sheffield United,Derby,13.0,2025-10-17,0.5805850301404818,1.0,0.4709120019162841,1.0
2025-11-01,Championship,QPR,Ipswich,5.0,2025-10-17,0.5607823073456619,0.0,0.44952141731278356,0.0
2025-11-01,Championship,Stoke,Bristol City,14.0,2025-10-17,0.5511034165748694,1.0,0.4397597296020423,1.0
2025-11-01,Championship,Charlton,Swansea,11.0,2025-10-17,0.25413711135041706,1.0,0.1691852204674726,1.0
2025-11-01,Championship,Birmingham,Portsmouth,14.0,2025-10-17,0.5372441090892746,1.0,0.4256289119839666,1.0
2025-11-01,Championship,West Brom,Sheffield Weds,11.0,2025-10-17,0.6546147884462874,1.0,0.5492223196744082,1.0
2025-11-01,Championship,Norwich,Hull,10.0,2025-10-17,0.5692957934996089,1.0,0.4585049819631263,0.0
2025-11-01,Championship,Oxford,Millwall,13.0,2025-10-17,0.4739394294283425,1.0,0.3634516915835885,1.0
2025-11-04,Championship,Coventry,Sheffield United,19.0,2025-10-17,0.6841393835541891,1.0,0.5815494394638084,1.0
2025-11-04,Championship,Birmingham,Millwall,5.0,2025-10-17,0.4799349639095548,0.0,0.3692373171681563,0.0
2025-11-04,Championship,Bristol City,Blackburn,9.0,2025-10-17,0.5264755562942919,0.0,0.41525468272883787,0.0
2025-11-04,Championship,Charlton,West Brom,7.0,2025-10-17,0.2951946223319135,0.0,0.20268824482478703,0.0
2025-11-04,Championship,Derby,Hull,11.0,2025-10-17,0.4937890671241571,1.0,0.38266146610745666,1.0
2025-11-04,Championship,Ipswich,Watford,7.0,2025-10-17,0.5195275778913677,0.0,0.40814837082559263,0.0
2025-11-04,Championship,Leicester,Middlesbrough,9.0,2025-10-17,0.5362598027202735,0.0,0.4249075987257779,0.0
2025-11-04,Championship,Oxford,Stoke,17.0,2025-10-17,0.5176356546949249,1.0,0.40632630568176514,1.0
2025-11-05,Championship,Sheffield Weds,Norwich,13.0,2025-10-17,0.6629487355015139,1.0,0.5582319586675463,1.0
2025-11-05,Championship,Portsmouth,Wrexham,13.0,2025-10-17,0.6024054865612538,1.0,0.4935690442477204,1.0
2025-11-05,Championship,Preston,Swansea,10.0,2025-10-17,0.37857166684754956,1.0,0.27477766100518053,0.0
2025-11-05,Championship,QPR,Southampton,13.0,2025-10-17,0.5882215485414218,1.0,0.4784171931874334,1.0
2025-11-07,Championship,Watford,Bristol City,10.0,2025-10-17,0.5044910046345774,1.0,0.39319156429277285,0.0
2025-11-08,Championship,Wrexham,Charlton,10.0,2025-10-17,0.2698336543782468,1.0,0.18172707574769548,0.0
2025-11-08,Championship,West Brom,Oxford,16.0,2025-10-17,0.5966637435089545,1.0,0.4889279124504024,1.0
2025-11-08,Championship,Swansea,Ipswich,9.0,2025-10-17,0.4664214860450408,0.0,0.35616891948168566,0.0
2025-11-08,Championship,Stoke,Coventry,9.0,2025-10-17,0.6688525523094602,0.0,0.5646287776713226,0.0
2025-11-08,Championship,Sheffield United,QPR,19.0,2025-10-17,0.6612563919649046,1.0,0.5570535594243026,1.0
2025-11-08,Championship,Southampton,Sheffield Weds,9.0,2025-10-17,0.7109873362227318,0.0,0.6134071482836998,0.0
2025-11-08,Championship,Middlesbrough,Birmingham,8.0,2025-10-17,0.5332961513647445,0.0,0.42238718604294423,0.0
2025-11-08,Championship,Millwall,Preston,16.0,2025-10-17,0.4515538865990719,1.0,0.3423143855515695,1.0
2025-11-08,Championship,Hull,Portsmouth,10.0,2025-10-17,0.6011266486252203,1.0,0.491444624617039,0.0
2025-11-08,Championship,Blackburn,Derby,16.0,2025-10-17,0.47570884931441443,1.0,0.36517202833180995,1.0
2025-11-08,Championship,Norwich,Leicester,9.0,2025-10-17,0.5211711327188314,0.0,0.4095351672031987,0.0
2025-11-21,Championship,Preston,Blackburn,10.0,2025-11-21,0.44615193248361407,1.0,0.3377505235538929,0.0
2025-11-22,Championship,QPR,Hull,14.0,2025-11-21,0.5848356958605657,1.0,0.4755153761767362,1.0
2025-11-22,Championship,Portsmouth,Millwall,7.0,2025-11-21,0.6274511525909473,0.0,0.5208340945845057,0.0
2025-11-22,Championship,Oxford,Middlesbrough,9.0,2025-11-21,0.5699788782967612,0.0,0.4606001710196557,0.0
2025-11-22,Championship,Ipswich,Wrexham,7.0,2025-11-21,0.5417068386733512,0.0,0.4321517780347021,0.0
2025-11-22,Championship,Leicester,Stoke,10.0,2025-11-21,0.6011493495253221,1.0,0.49330718323205436,0.0
2025-11-22,Championship,Birmingham,Norwich,11.0,2025-11-21,0.514904827895575,1.0,0.4043209448330997,1.0
2025-11-22,Championship,Coventry,West Brom,9.0,2025-11-21,0.6378916339801605,0.0,0.5316752008500294,0.0
2025-11-22,Championship,Charlton,Southampton,7.0,2025-11-21,0.38993493173276556,0.0,0.2865052624096791,0.0
2025-11-22,Championship,Bristol City,Swansea,11.0,2025-11-21,0.44525243530312,1.0,0.3370858398955581,1.0
2025-11-22,Championship,Derby,Watford,12.0,2025-11-21,0.4944008404938934,1.0,0.3840820914337342,1.0
2025-11-23,Championship,Sheffield Weds,Sheffield United,11.0,2025-11-21,0.6877672933393106,1.0,0.5865987023860557,1.0
2025-11-25,Championship,Southampton,Leicester,14.0,2025-11-21,0.5394609196689139,1.0,0.4292752939734047,1.0
2025-11-25,Championship,Swansea,Derby,6.0,2025-11-21,0.4784002424892554,0.0,0.36901372876989863,0.0
2025-11-25,Championship,Stoke,Charlton,5.0,2025-11-21,0.4268468951119969,0.0,0.32035375016983025,0.0
2025-11-25,Championship,Watford,Preston,8.0,2025-11-21,0.4564421473515934,0.0,0.3482103954320458,0.0
2025-11-25,Championship,Middlesbrough,Coventry,11.0,2025-11-21,0.6604743763940177,1.0,0.556642916711665,1.0
2025-11-25,Championship,Hull,Ipswich,9.0,2025-11-21,0.5481660524047991,0.0,0.43762302485928295,0.0
2025-11-25,Championship,Norwich,Oxford,12.0,2025-11-21,0.6372494794692579,1.0,0.5326474107660222,1.0
2025-11-26,Championship,Blackburn,QPR,10.0,2025-11-21,0.5685426167496674,1.0,0.4586191490849385,0.0
2025-11-26,Championship,Millwall,Sheffield Weds,14.0,2025-11-21,0.6245449272436517,1.0,0.5172932260806513,1.0
2025-11-26,Championship,Sheffield United,Portsmouth,9.0,2025-11-21,0.7023296091042565,0.0,0.6036977317728146,0.0
2025-11-26,Championship,Wrexham,Bristol City,6.0,2025-11-21,0.4581730228033213,0.0,0.34914052849126376,0.0
2025-11-26,Championship,West Brom,Birmingham,6.0,2025-11-21,0.5228290165515594,0.0,0.41281580306816507,0.0
2025-11-28,Championship,Oxford,Ipswich,9.0,2025-11-21,0.567195952695348,0.0,0.45776476155761037,0.0
2025-11-29,Championship,Norwich,QPR,15.0,2025-11-21,0.6021469183363597,1.0,0.49375706149694204,1.0
2025-11-29,Championship,West Brom,Swansea,8.0,2025-11-21,0.48319737133365825,0.0,0.3735874585133262,0.0
2025-11-29,Championship,Sheffield Weds,Preston,6.0,2025-11-21,0.5837385330523082,0.0,0.47503063330748835,0.0
2025-11-29,Championship,Wrexham,Blackburn,14.0,2025-11-21,0.4799837204924395,1.0,0.37007981138993684,1.0
2025-11-29,Championship,Millwall,Southampton,15.0,2025-11-21,0.5313698536257979,1.0,0.42097362648910674,1.0
2025-11-29,Championship,Stoke,Hull,15.0,2025-11-21,0.5804255390803993,1.0,0.47096240378368004,1.0
2025-11-29,Championship,Coventry,Charlton,9.0,2025-11-21,0.514165869653788,0.0,0.4045013746278438,0.0
2025-11-29,Championship,Leicester,Sheffield United,13.0,2025-11-21,0.6039639013673223,1.0,0.49552282525781083,1.0
2025-11-29,Championship,Middlesbrough,Derby,17.0,2025-11-21,0.5745545132738465,1.0,0.46548846361254637,1.0
2025-11-29,Championship,Portsmouth,Bristol City,8.0,2025-11-21,0.5893748712947763,0.0,0.48020956864137276,0.0
2025-12-01,Championship,Birmingham,Watford,12.0,2025-11-21,0.4592073034340955,1.0,0.35016369191278124,1.0
2025-12-02,Championship,Blackburn,Ipswich,12.0,2025-11-21,0.5327105010073199,1.0,0.4220201273983414,1.0
2025-12-05,Championship,Hull,Middlesbrough,7.0,2025-11-21,0.552476761963252,0.0,0.4420047868431612,0.0
2025-12-06,Championship,Derby,Leicester,9.0,2025-11-21,0.5301654255327933,0.0,0.41958193723838977,0.0
2025-12-06,Championship,Watford,Norwich,11.0,2025-11-21,0.5340302150953454,1.0,0.4235454852122145,1.0
2025-12-06,Championship,Bristol City,Millwall,9.0,2025-11-21,0.5277197328819971,0.0,0.4174859641263478,0.0
2025-12-06,Championship,Ipswich,Coventry,7.0,2025-11-21,0.6574468790850163,0.0,0.553341214590914,0.0
2025-12-06,Championship,Preston,Wrexham,18.0,2025-11-21,0.4091607368738816,1.0,0.30342868051419297,1.0
2025-12-06,Championship,QPR,West Brom,7.0,2025-11-21,0.567204535519306,0.0,0.45707792467885344,0.0
2025-12-06,Championship,Sheffield United,Stoke,16.0,2025-11-21,0.6686207199706123,1.0,0.5661975542853274,1.0
2025-12-06,Championship,Southampton,Birmingham,15.0,2025-11-21,0.5514976561664505,1.0,0.4425391036588984,1.0
2025-12-06,Championship,Swansea,Oxford,12.0,2025-11-21,0.5499017482877987,1.0,0.44117059537700665,1.0
2025-12-09,Championship,QPR,Birmingham,9.0,2025-11-21,0.52996631297316,0.0,0.41944645674094194,0.0
2025-12-09,Championship,Watford,Sheffield Weds,11.0,2025-11-21,0.6000216278251995,1.0,0.49136297881519997,1.0
2025-12-09,Championship,Swansea,Portsmouth,11.0,2025-11-21,0.5447558984539955,1.0,0.4343129525048606,1.0
2025-12-09,Championship,Southampton,West Brom,11.0,2025-11-21,0.5540155558566829,1.0,0.44428989844309424,1.0
2025-12-09,Championship,Preston,Coventry,12.0,2025-11-21,0.5547215296740414,1.0,0.4442993056069149,1.0
2025-12-09,Championship,Charlton,Middlesbrough,10.0,2025-11-21,0.38217215946693,1.0,0.2789500690165685,0.0
2025-12-09,Championship,Blackburn,Oxford,12.0,2025-11-21,0.5955553900797194,1.0,0.48797835614044527,1.0
2025-12-09,Championship,Sheffield United,Norwich,8.0,2025-11-21,0.657943811168651,0.0,0.5542870510982498,0.0
2025-12-10,Championship,Bristol City,Leicester,13.0,2025-11-21,0.5056029022160271,1.0,0.3950639753127263,1.0
2025-12-10,Championship,Derby,Millwall,18.0,2025-11-21,0.5297389466499051,1.0,0.4191514645962493,1.0
2025-12-10,Championship,Ipswich,Stoke,7.0,2025-11-21,0.5915686092016909,0.0,0.48293345248311087,0.0
2025-12-10,Championship,Hull,Wrexham,10.0,2025-11-21,0.5139719540486393,1.0,0.40373645707597206,0.0
2025-12-12,Championship,West Brom,Sheffield United,12.0,2025-11-21,0.6016377836986678,1.0,0.4929712524349505,1.0
2025-12-13,Championship,Portsmouth,Blackburn,13.0,2025-11-21,0.6196099590506108,1.0,0.5123495392280378,1.0
2025-12-13,Championship,Millwall,Hull,6.0,2025-11-21,0.5479913782138806,0.0,0.43757161263846417,0.0
2025-12-13,Championship,Middlesbrough,QPR,13.0,2025-11-21,0.6029655371057835,1.0,0.49493571384505974,1.0
2025-12-13,Championship,Leicester,Ipswich,11.0,2025-11-21,0.5537041005655433,1.0,0.4436146227785207,1.0
2025-12-13,Championship,Norwich,Southampton,11.0,2025-11-21,0.5473935691285208,1.0,0.43695897096926894,1.0
2025-12-13,Championship,Birmingham,Charlton,13.0,2025-11-21,0.35555585783249827,1.0,0.25566854638844494,1.0
2025-12-13,Championship,Stoke,Swansea,13.0,2025-11-21,0.49216300369821847,1.0,0.3819656599682638,1.0
2025-12-13,Championship,Oxford,Preston,18.0,2025-11-21,0.44794600530949186,1.0,0.33945353015101204,1.0
2025-12-13,Championship,Coventry,Bristol City,9.0,2025-11-21,0.6160309198317863,0.0,0.5083205304954913,0.0
2025-12-13,Championship,Wrexham,Watford,8.0,2025-11-21,0.45279990916483426,0.0,0.3440317994834168,0.0
2025-12-15,Championship,Sheffield Weds,Derby,6.0,2025-11-21,0.6440644297782673,0.0,0.5389133629714231,0.0
2025-12-19,Championship,Swansea,Wrexham,12.0,2025-11-21,0.44607305933862285,1.0,0.3383004608809516,1.0
2025-12-20,Championship,Watford,Stoke,12.0,2025-11-21,0.5419036450170617,1.0,0.4315682961755419,1.0
2025-12-20,Championship,Sheffield United,Birmingham,12.0,2025-11-21,0.605669268921491,1.0,0.498252822716749,1.0
2025-12-20,Championship,QPR,Leicester,5.0,2025-11-21,0.566827756440576,0.0,0.4567277907481802,0.0
2025-12-20,Championship,Ipswich,Sheffield Weds,8.0,2025-11-21,0.6448250285921138,0.0,0.539506337126713,0.0
2025-12-20,Championship,Hull,West Brom,11.0,2025-11-21,0.5445886383012734,1.0,0.43399778581509946,1.0
2025-12-20,Championship,Blackburn,Millwall,9.0,2025-11-21,0.5374285692061945,0.0,0.42699360214537874,0.0
2025-12-20,Championship,Charlton,Oxford,11.0,2025-11-21,0.3914920477315455,1.0,0.2877612212084111,1.0
2025-12-20,Championship,Bristol City,Middlesbrough,16.0,2025-11-21,0.5183146875124824,1.0,0.40769666038433716,1.0
2025-12-20,Championship,Southampton,Coventry,9.0,2025-11-21,0.6740696041637243,0.0,0.5724179341721518,0.0
2025-12-20,Championship,Preston,Norwich,7.0,2025-11-21,0.4738810231989801,0.0,0.36417408484649844,0.0
2025-12-20,Championship,Derby,Portsmouth,10.0,2025-11-21,0.6020148007551481,1.0,0.4933385431329624,0.0
2025-12-26,Championship,Wrexham,Sheffield United,12.0,2025-12-26,0.6164934183335693,1.0,0.5085436839528246,1.0
2025-12-26,Championship,West Brom,Bristol City,13.0,2025-12-26,0.5104103377961569,1.0,0.3995635959705924,1.0
2025-12-26,Championship,Sheffield Weds,Hull,8.0,2025-12-26,0.6283797619920904,0.0,0.5210668695799143,0.0
2025-12-26,Championship,Portsmouth,QPR,12.0,2025-12-26,0.6321429914420524,1.0,0.5250995520480863,1.0
2025-12-26,Championship,Norwich,Charlton,11.0,2025-12-26,0.44960184426637373,1.0,0.34166352871066186,1.0
2025-12-26,Championship,Stoke,Preston,12.0,2025-12-26,0.5327817941545103,1.0,0.4220700442927371,1.0
2025-12-26,Championship,Oxford,Southampton,12.0,2025-12-26,0.6456034874900247,1.0,0.5405873529342193,1.0
2025-12-26,Championship,Leicester,Watford,11.0,2025-12-26,0.5355427468167305,1.0,0.4245019430866797,1.0
2025-12-26,Championship,Coventry,Swansea,11.0,2025-12-26,0.5642055324992781,1.0,0.4535906828641864,1.0
2025-12-26,Championship,Millwall,Ipswich,6.0,2025-12-26,0.4954448387512081,0.0,0.3845211635709908,0.0
2025-12-26,Championship,Birmingham,Derby,13.0,2025-12-26,0.5233763756412335,1.0,0.412242148880951,1.0
2025-12-26,Championship,Middlesbrough,Blackburn,8.0,2025-12-26,0.594375931463967,0.0,0.4853201647981319,0.0
2025-12-29,Championship,Wrexham,Preston,6.0,2025-12-26,0.4635955916167128,0.0,0.353801529282224,0.0
2025-12-29,Championship,West Brom,QPR,13.0,2025-12-26,0.5798032002618321,1.0,0.4701322438207253,1.0
2025-12-29,Championship,Stoke,Sheffield United,8.0,2025-12-26,0.6369022550779386,0.0,0.5299857931617648,0.0
2025-12-29,Championship,Sheffield Weds,Blackburn,9.0,2025-12-26,0.6253831460699267,0.0,0.517785508513831,0.0
2025-12-29,Championship,Portsmouth,Charlton,16.0,2025-12-26,0.48057910396646264,1.0,0.37127838338917896,1.0
2025-12-29,Championship,Birmingham,Southampton,7.0,2025-12-26,0.5454317410271612,0.0,0.43432302077072804,0.0
2025-12-29,Championship,Norwich,Watford,11.0,2025-12-26,0.5407359817052031,1.0,0.4296712691747574,1.0
2025-12-29,Championship,Middlesbrough,Hull,12.0,2025-12-26,0.5993900578757806,1.0,0.49068804326025883,1.0
2025-12-29,Championship,Leicester,Derby,7.0,2025-12-26,0.5739348339046773,0.0,0.46379447578449495,0.0
2025-12-29,Championship,Coventry,Ipswich,9.0,2025-12-26,0.581764114441728,0.0,0.4716186269022831,0.0
2025-12-29,Championship,Oxford,Swansea,6.0,2025-12-26,0.5069750699641655,0.0,0.39619935452802135,0.0
2025-12-29,Championship,Millwall,Bristol City,9.0,2025-12-26,0.5133298095969246,0.0,0.40212481320256227,0.0
2026-01-01,Championship,Southampton,Millwall,12.0,2025-12-26,0.6256886072566022,1.0,0.5189975256671016,1.0
2026-01-01,Championship,Watford,Birmingham,8.0,2025-12-26,0.498491746718241,0.0,0.3877711499426807,0.0
2026-01-01,Championship,QPR,Norwich,10.0,2025-12-26,0.5888608698098099,1.0,0.4789696821237996,0.0
2026-01-01,Championship,Sheffield United,Leicester,10.0,2025-12-26,0.6487958690574456,1.0,0.5435477402220377,0.0
2026-01-01,Championship,Preston,Sheffield Weds,11.0,2025-12-26,0.542930936653759,1.0,0.4317141795601155,1.0
2026-01-01,Championship,Swansea,West Brom,9.0,2025-12-26,0.4541359208216268,0.0,0.3447566024114009,0.0
2026-01-01,Championship,Hull,Stoke,12.0,2025-12-26,0.5795702448570722,1.0,0.4693126180499633,1.0
2026-01-01,Championship,Blackburn,Wrexham,12.0,2025-12-26,0.5689784617088081,1.0,0.45901791470071046,1.0
2026-01-01,Championship,Bristol City,Portsmouth,2.0,2025-12-26,0.576395002810608,0.0,0.466182745871628,0.0
2026-01-01,Championship,Ipswich,Oxford,11.0,2025-12-26,0.6214095662409201,1.0,0.5153510672776072,1.0
2026-01-01,Championship,Charlton,Coventry,12.0,2025-12-26,0.4535881475323953,1.0,0.34441089390940555,1.0
2026-01-01,Championship,Derby,Middlesbrough,13.0,2025-12-26,0.5619213651644602,1.0,0.4510456859170444,1.0
2026-01-04,Championship,Birmingham,Coventry,8.0,2025-12-26,0.5981258274387992,0.0,0.4886530862695623,0.0
2026-01-04,Championship,QPR,Sheffield Weds,7.0,2025-12-26,0.6387580347631155,0.0,0.532037453123102,0.0
2026-01-04,Championship,Blackburn,Charlton,7.0,2025-12-26,0.4216427574661374,0.0,0.315276341975182,0.0
2026-01-04,Championship,Bristol City,Preston,9.0,2025-12-26,0.48138249035569763,0.0,0.37158260440801744,0.0
2026-01-04,Championship,Derby,Wrexham,14.0,2025-12-26,0.5635814162609923,1.0,0.45339471010873067,1.0
2026-01-04,Championship,Middlesbrough,Southampton,16.0,2025-12-26,0.5891363960842043,1.0,0.4792302498434209,1.0
2026-01-04,Championship,Millwall,Swansea,15.0,2025-12-26,0.47486293512580097,1.0,0.3645972213472489,1.0
2026-01-04,Championship,Norwich,Stoke,6.0,2025-12-26,0.6023319710169879,0.0,0.49324866102890486,0.0
2026-01-05,Championship,Leicester,West Brom,8.0,2025-12-26,0.5368726805358325,0.0,0.4256422810291398,0.0
2026-01-16,Championship,West Brom,Middlesbrough,5.0,2025-12-26,0.5481664491383572,0.0,0.4371503598682754,0.0
2026-01-17,Championship,Swansea,Birmingham,10.0,2025-12-26,0.4588433964770168,1.0,0.3494970163748809,0.0
2026-01-17,Championship,Wrexham,Norwich,8.0,2025-12-26,0.5514418331797853,0.0,0.4403793911558819,0.0
2026-01-17,Championship,Stoke,QPR,8.0,2025-12-26,0.6088421049886097,0.0,0.5001739059792651,0.0
2026-01-17,Championship,Sheffield Weds,Portsmouth,13.0,2025-12-26,0.6697688574727833,1.0,0.5660608044112035,1.0
2026-01-17,Championship,Southampton,Hull,10.0,2025-12-26,0.6274797331701929,1.0,0.5209122587447725,0.0
2026-01-17,Championship,Preston,Derby,15.0,2025-12-26,0.47498351612836387,1.0,0.36468141369378726,1.0
2026-01-17,Championship,Charlton,Sheffield United,16.0,2025-12-26,0.4652748953356472,1.0,0.35610758244316026,1.0
2026-01-17,Championship,Watford,Millwall,8.0,2025-12-26,0.5281758410177284,0.0,0.4171818332679032,0.0
2026-01-17,Championship,Ipswich,Blackburn,13.0,2025-12-26,0.5171768085591348,1.0,0.4063127303930938,1.0
2026-01-17,Championship,Coventry,Leicester,8.0,2025-12-26,0.6413655590725676,0.0,0.5349300075063437,0.0
2026-01-17,Championship,Oxford,Bristol City,11.0,2025-12-26,0.5516606209051831,1.0,0.441041198996686,1.0
2026-01-20,Championship,Wrexham,Leicester,4.0,2025-12-26,0.5446741748679028,0.0,0.43354490422399267,0.0
2026-01-20,Championship,West Brom,Norwich,12.0,2025-12-26,0.5646870011499194,1.0,0.45431648908939426,1.0
2026-01-20,Championship,Swansea,Blackburn,7.0,2025-12-26,0.4870216615495738,0.0,0.37655072086349217,0.0
2026-01-20,Championship,Preston,Hull,12.0,2025-12-26,0.4766436673462005,1.0,0.3662853373665159,1.0
2026-01-20,Championship,Sheffield Weds,Birmingham,14.0,2025-12-26,0.5974377972814754,1.0,0.488171632385812,1.0
2026-01-20,Championship,Ipswich,Bristol City,11.0,2025-12-26,0.4743297070597091,1.0,0.36423517776218023,1.0
2026-01-20,Championship,Coventry,Millwall,7.0,2025-12-26,0.6424551099392678,0.0,0.5363578892695252,0.0
2026-01-20,Championship,Charlton,Derby,4.0,2025-12-26,0.3692379683492802,0.0,0.26678721417423035,0.0
2026-01-20,Championship,Oxford,QPR,8.0,2025-12-26,0.5935175032175676,0.0,0.48400582994823393,0.0
2026-01-21,Championship,Southampton,Sheffield United,13.0,2025-12-26,0.639116893271372,1.0,0.5325081824886349,1.0
2026-01-21,Championship,Watford,Portsmouth,15.0,2025-12-26,0.5733842075395204,1.0,0.46299015146604516,1.0
2026-01-21,Championship,Stoke,Middlesbrough,9.0,2025-12-26,0.5913351537694063,0.0,0.48149724405750666,0.0
2026-01-23,Championship,Derby,West Brom,7.0,2025-12-26,0.5249575559297767,0.0,0.41366200686341453,0.0
2026-01-24,Championship,Sheffield United,Ipswich,9.0,2025-12-26,0.5872997952309693,0.0,0.4778815403435601,0.0
2026-01-24,Championship,QPR,Wrexham,10.0,2025-12-26,0.5868328288261775,1.0,0.4774589157822944,0.0
2026-01-24,Championship,Leicester,Oxford,16.0,2025-12-26,0.6691668921767294,1.0,0.5671202420725329,1.0
2026-01-24,Championship,Hull,Swansea,13.0,2025-12-26,0.47714427617520233,1.0,0.36679712623994054,1.0
2026-01-24,Championship,Bristol City,Sheffield Weds,16.0,2025-12-26,0.5934338820150286,1.0,0.48393853706177076,1.0
2026-01-24,Championship,Birmingham,Stoke,12.0,2025-12-26,0.549465125567834,1.0,0.4384200656385635,1.0
2026-01-24,Championship,Millwall,Charlton,9.0,2025-12-26,0.4128289927885216,0.0,0.30702142157468804,0.0
2026-01-24,Championship,Middlesbrough,Preston,11.0,2025-12-26,0.5516349353442282,1.0,0.4417192595439864,1.0
2026-01-24,Championship,Blackburn,Watford,15.0,2025-12-26,0.5199567756468673,1.0,0.40877147343151293,1.0
2026-01-25,Championship,Portsmouth,Southampton,6.0,2026-01-25,0.6501422055084412,0.0,0.5440873633524657,0.0
2026-01-26,Championship,Norwich,Coventry,11.0,2026-01-25,0.6309574717063866,1.0,0.5233662162143073,1.0
2026-01-30,Championship,Bristol City,Derby,5.0,2026-01-25,0.5382207225190249,0.0,0.4271182045468274,0.0
2026-01-31,Championship,Watford,Swansea,13.0,2026-01-25,0.46953460361559884,1.0,0.35935428279636,1.0
2026-01-31,Championship,QPR,Coventry,10.0,2026-01-25,0.6288602191261403,1.0,0.521074132752422,0.0
2026-01-31,Championship,Portsmouth,West Brom,6.0,2026-01-25,0.578592844008474,0.0,0.46796962121991753,0.0
2026-01-31,Championship,Oxford,Birmingham,8.0,2026-01-25,0.5439908118738658,0.0,0.43287546270704824,0.0
2026-01-31,Championship,Millwall,Sheffield United,14.0,2026-01-25,0.6110648929916402,1.0,0.5020738965430516,1.0
2026-01-31,Championship,Blackburn,Hull,12.0,2026-01-25,0.5690174257030396,1.0,0.45831456652403096,1.0
2026-01-31,Championship,Ipswich,Preston,12.0,2026-01-25,0.49266586665936896,1.0,0.38278276857126675,1.0
2026-01-31,Championship,Stoke,Southampton,9.0,2026-01-25,0.6077814518186553,0.0,0.498547867707169,0.0
2026-01-31,Championship,Sheffield Weds,Wrexham,11.0,2026-01-25,0.6088531226001856,1.0,0.5002112177976145,1.0
2026-01-31,Championship,Leicester,Charlton,8.0,2026-01-25,0.43899158715073844,0.0,0.33066207144278226,0.0
2026-01-31,Championship,Middlesbrough,Norwich,8.0,2026-01-25,0.6054174281855619,0.0,0.49669870679909917,0.0
2026-02-03,Championship,Hull,Watford,12.0,2026-01-25,0.5381048634564396,1.0,0.4266454307207492,1.0
2026-02-03,Championship,Blackburn,Sheffield Weds,10.0,2026-01-25,0.628399714833367,1.0,0.5206852619407054,0.0
2026-02-03,Championship,Sheffield United,Oxford,12.0,2026-01-25,0.7687969773950983,1.0,0.6819888160816685,1.0
2026-02-06,Championship,Charlton,QPR,12.0,2026-01-25,0.45354586988683715,1.0,0.3440296814343792,1.0
2026-02-07,Championship,Derby,Ipswich,10.0,2026-01-25,0.49035800125038387,1.0,0.3793191893983423,0.0
2026-02-07,Championship,Norwich,Blackburn,9.0,2026-01-25,0.572066986403538,0.0,0.46141987925113587,0.0
2026-02-07,Championship,Southampton,Watford,12.0,2026-01-25,0.6082059309673974,1.0,0.49975334549674066,1.0
2026-02-07,Championship,Birmingham,Leicester,11.0,2026-01-25,0.5015492558457864,1.0,0.39035052298366635,1.0
2026-02-07,Championship,Coventry,Oxford,10.0,2026-01-25,0.7171456671534654,1.0,0.6208296450809977,0.0
2026-02-07,Championship,Hull,Bristol City,6.0,2026-01-25,0.5240933796217063,0.0,0.41257249300907695,0.0
2026-02-07,Championship,Preston,Portsmouth,16.0,2026-01-25,0.5471466916484494,1.0,0.43573538936627776,1.0
2026-02-07,Championship,West Brom,Stoke,4.0,2026-01-25,0.5617664444944519,0.0,0.45116132551919597,0.0
2026-02-07,Championship,Wrexham,Millwall,9.0,2026-01-25,0.5037329402398696,0.0,0.39240634644868067,0.0
2026-02-08,Championship,Swansea,Sheffield Weds,10.0,2026-01-25,0.5623548644831474,1.0,0.45144971169882236,0.0
2026-02-09,Championship,Sheffield United,Middlesbrough,16.0,2026-01-25,0.642398686510351,1.0,0.5359094059779691,1.0
2026-02-10,Championship,Leicester,Southampton,12.0,2026-01-25,0.5667744145682537,1.0,0.4557700493576883,1.0
2026-02-10,Championship,Oxford,Norwich,6.0,2026-01-25,0.5829295088227474,0.0,0.4727953838339953,0.0
2026-02-10,Championship,Birmingham,West Brom,14.0,2026-01-25,0.4884708777980862,1.0,0.37747777168063396,1.0
2026-02-11,Championship,Charlton,Stoke,11.0,2026-01-25,0.45724067252711365,1.0,0.3474739824362519,1.0
2026-02-14,Championship,Derby,Swansea,8.0,2026-01-25,0.4847440896014938,0.0,0.3739176909434381,0.0
2026-02-14,Championship,Portsmouth,Sheffield United,15.0,2026-01-25,0.6764780184633691,1.0,0.5731146615633914,1.0
2026-02-14,Championship,Preston,Watford,16.0,2026-01-25,0.4663418193797592,1.0,0.35614145787001733,1.0
2026-02-14,Championship,QPR,Blackburn,9.0,2026-01-25,0.568746483290942,0.0,0.4579379903705787,0.0
2026-02-14,Championship,Sheffield Weds,Millwall,14.0,2026-01-25,0.6197826499951989,1.0,0.5115015424185919,1.0
2026-02-16,Championship,Coventry,Middlesbrough,5.0,2026-01-25,0.6293248719677376,0.0,0.5215367284465359,0.0
2026-02-17,Championship,Charlton,Portsmouth,5.0,2026-01-25,0.5011662072921251,0.0,0.389903956073616,0.0
2026-02-17,Championship,Bristol City,Wrexham,5.0,2026-01-25,0.5191335041885872,0.0,0.4083685310353372,0.0
2026-02-20,Championship,Blackburn,Preston,8.0,2026-01-25,0.5170323430136848,0.0,0.40609803905136127,0.0
2026-02-21,Championship,Watford,Derby,4.0,2026-01-25,0.5458928295050616,0.0,0.4347741026667601,0.0
2026-02-21,Championship,Southampton,Charlton,11.0,2026-01-25,0.540290231820183,1.0,0.4299486941926287,1.0
2026-02-21,Championship,Norwich,Birmingham,11.0,2026-01-25,0.5385333992729938,1.0,0.4271725214176504,1.0
2026-02-21,Championship,Millwall,Portsmouth,10.0,2026-01-25,0.6047772902041461,1.0,0.49544935010059676,0.0
2026-02-21,Championship,Wrexham,Ipswich,7.0,2026-01-25,0.45785176609645667,0.0,0.3481431489854158,0.0
2026-02-21,Championship,West Brom,Coventry,5.0,2026-01-25,0.6094332543577489,0.0,0.5007965007326352,0.0
2026-02-21,Championship,Swansea,Bristol City,8.0,2026-01-25,0.4536765994248213,0.0,0.34416817184843906,0.0
2026-02-21,Championship,Stoke,Leicester,11.0,2026-01-25,0.5508818964030298,1.0,0.43967797427588007,1.0
2026-02-21,Championship,Hull,QPR,12.0,2026-01-25,0.5715761336027562,1.0,0.46082725304195754,1.0
2026-02-21,Championship,Middlesbrough,Oxford,14.0,2026-01-25,0.708347648485585,1.0,0.6114197340162455,1.0
2026-02-22,Championship,Sheffield United,Sheffield Weds,8.0,2026-01-25,0.7243773932168126,0.0,0.6282184044707654,0.0
2026-02-24,Championship,Blackburn,Bristol City,10.0,2026-02-24,0.4923272160672638,1.0,0.38165522061539914,0.0
2026-02-24,Championship,Hull,Derby,10.0,2026-02-24,0.5448387206949362,1.0,0.4339435929161039,0.0
2026-02-24,Championship,Middlesbrough,Leicester,13.0,2026-02-24,0.5811763056448472,1.0,0.47170010661248957,1.0
2026-02-24,Championship,Swansea,Preston,12.0,2026-02-24,0.47996542541302406,1.0,0.37037360955284465,1.0
2026-02-24,Championship,Watford,Ipswich,7.0,2026-02-24,0.48581779776604456,0.0,0.37528246132267856,0.0
2026-02-24,Championship,West Brom,Charlton,7.0,2026-02-24,0.440513415358297,0.0,0.3329809422102338,0.0
2026-02-24,Championship,Wrexham,Portsmouth,18.0,2026-02-24,0.5376941940411838,1.0,0.42657652593767775,1.0
2026-02-24,Championship,Southampton,QPR,8.0,2026-02-24,0.6450236921615277,0.0,0.5398847946736404,0.0
2026-02-25,Championship,Stoke,Oxford,15.0,2026-02-24,0.653062921540446,1.0,0.549633392568568,1.0
2026-02-25,Championship,Sheffield United,Coventry,10.0,2026-02-24,0.6994696039348245,1.0,0.5997833240931892,0.0
2026-02-25,Championship,Millwall,Birmingham,12.0,2026-02-24,0.5356889287988886,1.0,0.42462398689067987,1.0
2026-02-25,Championship,Norwich,Sheffield Weds,7.0,2026-02-24,0.6321818103493578,0.0,0.525284738503138,0.0
2026-02-27,Championship,Bristol City,Watford,6.0,2026-02-24,0.5006324187895166,0.0,0.3899880520242151,0.0
2026-02-28,Championship,Preston,Millwall,8.0,2026-02-24,0.5064482641868625,0.0,0.39545164812679956,0.0
2026-02-28,Championship,Derby,Blackburn,5.0,2026-02-24,0.5292200521900802,0.0,0.4181676110929749,0.0
2026-02-28,Championship,Leicester,Norwich,13.0,2026-02-24,0.5442656440278867,1.0,0.4333636646504689,1.0
2026-02-28,Championship,Portsmouth,Hull,13.0,2026-02-24,0.6301177128621512,1.0,0.5232577602433129,1.0
2026-02-28,Championship,Charlton,Wrexham,6.0,2026-02-24,0.3827208736493766,0.0,0.2790386777394041,0.0
2026-02-28,Championship,Coventry,Stoke,8.0,2026-02-24,0.6139436543761524,0.0,0.5057107607027105,0.0
2026-02-28,Championship,Ipswich,Swansea,4.0,2026-02-24,0.4523430755492815,0.0,0.34367666428279986,0.0
2026-02-28,Championship,Oxford,West Brom,11.0,2026-02-24,0.5407882665909497,1.0,0.43065126258246145,1.0
2026-02-28,Championship,QPR,Sheffield United,11.0,2026-02-24,0.6514593562514045,1.0,0.5459436804540333,1.0
2026-02-28,Championship,Sheffield Weds,Southampton,13.0,2026-02-24,0.6536604149776097,1.0,0.5484020925143351,1.0
2026-03-02,Championship,Birmingham,Middlesbrough,8.0,2026-02-24,0.5469466577205816,0.0,0.4359369793029116,0.0
2026-03-03,Championship,Ipswich,Hull,10.0,2026-02-24,0.5410850893138102,1.0,0.43079990876675645,0.0
2026-03-06,Championship,Preston,Oxford,14.0,2026-02-24,0.540743204458309,1.0,0.43051414067286636,1.0
2026-03-07,Championship,Sheffield United,West Brom,12.0,2026-02-24,0.5993965077104362,1.0,0.49032870793289945,1.0
2026-03-07,Championship,Ipswich,Leicester,12.0,2026-02-24,0.5082098130734507,1.0,0.3977801352835911,1.0
2026-03-07,Championship,Swansea,Stoke,18.0,2026-02-24,0.49844569091587176,1.0,0.3877094612906089,1.0
2026-03-07,Championship,Derby,Sheffield Weds,8.0,2026-02-24,0.6054024652127773,0.0,0.49659400206911214,0.0
2026-03-07,Championship,Hull,Millwall,7.0,2026-02-24,0.5629458397973618,0.0,0.45233447541641547,0.0
2026-03-07,Championship,Bristol City,Coventry,14.0,2026-02-24,0.5469565746654438,1.0,0.4360890314982843,1.0
2026-03-07,Championship,Charlton,Birmingham,6.0,2026-02-24,0.4188232594587858,0.0,0.3118173814511131,0.0
2026-03-07,Championship,Blackburn,Portsmouth,9.0,2026-02-24,0.5974555351797027,0.0,0.48810888955684145,0.0
2026-03-08,Championship,QPR,Middlesbrough,11.0,2026-02-24,0.5791984095700848,1.0,0.4690065395298966,1.0
2026-03-10,Championship,Leicester,Bristol City,14.0,2026-02-24,0.48374773928725395,1.0,0.3733291740506531,1.0
2026-03-10,Championship,Millwall,Derby,8.0,2026-02-24,0.5401055042929981,0.0,0.42924292342053905,0.0
2026-03-10,Championship,Portsmouth,Swansea,6.0,2026-02-24,0.54591118919605,0.0,0.43513499543147577,0.0
2026-03-10,Championship,Sheffield Weds,Watford,10.0,2026-02-24,0.6151731518858031,1.0,0.5068608632510894,0.0
2026-03-10,Championship,Wrexham,Hull,12.0,2026-02-24,0.5007371356687983,1.0,0.3899303942347591,1.0
2026-03-10,Championship,Stoke,Ipswich,14.0,2026-02-24,0.5022283112078987,1.0,0.3913156562790161,1.0
2026-03-11,Championship,Coventry,Preston,9.0,2026-02-24,0.6009952123411709,0.0,0.49278912956722853,0.0
2026-03-11,Championship,West Brom,Southampton,8.0,2026-02-24,0.5376623411813776,0.0,0.42660602056190344,0.0
2026-03-11,Championship,Oxford,Blackburn,10.0,2026-02-24,0.5518951657248009,1.0,0.4412769367205727,0.0
2026-03-11,Championship,Birmingham,QPR,11.0,2026-02-24,0.5638647642709315,1.0,0.45351264590907897,1.0
2026-03-11,Championship,Middlesbrough,Charlton,13.0,2026-02-24,0.5022330674624298,1.0,0.39233473912233263,1.0
2026-03-11,Championship,Norwich,Sheffield United,15.0,2026-02-24,0.6369652011871952,1.0,0.5301779682831511,1.0
2026-03-13,Championship,Wrexham,Swansea,10.0,2026-02-24,0.42273000679668105,1.0,0.3154453774425951,0.0
2026-03-14,Championship,Norwich,Preston,8.0,2026-02-24,0.5436714871863506,0.0,0.43333842602575123,0.0
2026-03-14,Championship,West Brom,Hull,12.0,2026-02-24,0.5519806816545315,1.0,0.4418733023151395,1.0
2026-03-14,Championship,Stoke,Watford,13.0,2026-02-24,0.5627222184889681,1.0,0.4522217985223262,1.0
2026-03-14,Championship,Sheffield Weds,Ipswich,8.0,2026-02-24,0.5622348307823671,0.0,0.45151893985351066,0.0
2026-03-14,Championship,Millwall,Blackburn,16.0,2026-02-24,0.5530671252679702,1.0,0.4423074358014185,1.0
2026-03-14,Championship,Coventry,Southampton,12.0,2026-02-24,0.6269138969795665,1.0,0.5193481478279224,1.0
2026-03-14,Championship,Birmingham,Sheffield United,7.0,2026-02-24,0.619363315814076,0.0,0.5112680605283182,0.0
2026-03-14,Championship,Oxford,Charlton,9.0,2026-02-24,0.4327017281097314,0.0,0.32482610516350696,0.0
2026-03-14,Championship,Middlesbrough,Bristol City,13.0,2026-02-24,0.5291475810146316,1.0,0.41841558837366283,1.0
2026-03-14,Championship,Leicester,QPR,9.0,2026-02-24,0.5617354073330447,0.0,0.45121488158387263,0.0
2026-03-16,Championship,Portsmouth,Derby,14.0,2026-02-24,0.6004620844021574,1.0,0.4916804750370927,1.0
2026-03-17,Championship,Watford,Wrexham,9.0,2026-02-24,0.5030238389378611,0.0,0.39252366919623827,0.0
2026-03-18,Championship,Southampton,Norwich,11.0,2026-02-24,0.6248317990336388,1.0,0.5179687145751095,1.0
2026-03-20,Championship,Preston,Stoke,16.0,2026-02-24,0.5171256797236314,1.0,0.40603515791310935,1.0
2026-03-21,Championship,QPR,Portsmouth,10.0,2026-02-24,0.6163935270409868,1.0,0.5081338194391422,0.0
2026-03-21,Championship,Watford,Leicester,11.0,2026-02-24,0.5393158246933992,1.0,0.42841462943159664,1.0
2026-03-21,Championship,Southampton,Oxford,10.0,2026-02-24,0.733116017093203,1.0,0.640611221533315,0.0
2026-03-21,Championship,Sheffield United,Wrexham,13.0,2026-02-24,0.6300967097154156,1.0,0.5238901511691358,1.0
2026-03-21,Championship,Hull,Sheffield Weds,8.0,2026-02-24,0.6338734882606778,0.0,0.5269815942662558,0.0
2026-03-21,Championship,Swansea,Coventry,9.0,2026-02-24,0.5321506076033984,0.0,0.4210842836107082,0.0
2026-03-21,Championship,Bristol City,West Brom,9.0,2026-02-24,0.4481093315062524,0.0,0.33919734395953155,0.0
2026-03-21,Championship,Ipswich,Millwall,17.0,2026-02-24,0.5244583343583203,1.0,0.41395487140165343,1.0
2026-03-21,Championship,Derby,Birmingham,8.0,2026-02-24,0.5129762701236581,0.0,0.40192652541987833,0.0
2026-03-21,Championship,Blackburn,Middlesbrough,14.0,2026-02-24,0.5592903507632602,1.0,0.4484976171285882,1.0
2026-03-21,Championship,Charlton,Norwich,14.0,2026-02-24,0.4373102103684495,1.0,0.3290358477870471,1.0
2026-04-03,Championship,Coventry,Derby,8.0,2026-04-03,0.5752987771308345,0.0,0.4650131162257128,0.0
2026-04-03,Championship,West Brom,Wrexham,10.0,2026-04-03,0.5269857405476247,1.0,0.41652332974733247,0.0
2026-04-03,Championship,Stoke,Sheffield Weds,9.0,2026-04-03,0.6536661295593175,0.0,0.5481150137412419,0.0
2026-04-03,Championship,Sheffield United,Swansea,6.0,2026-04-03,0.6024507265456027,0.0,0.49340584524336073,0.0
2026-04-03,Championship,QPR,Watford,5.0,2026-04-03,0.544121173046549,0.0,0.4326282671639881,0.0
2026-04-03,Championship,Oxford,Hull,6.0,2026-04-03,0.5690889959652868,0.0,0.45817722327363525,0.0
2026-04-03,Championship,Norwich,Portsmouth,11.0,2026-04-03,0.6148143373665308,1.0,0.5059196885510947,1.0
2026-04-03,Championship,Leicester,Preston,9.0,2026-04-03,0.5518040134541764,0.0,0.44086895041449753,0.0
2026-04-03,Championship,Charlton,Bristol City,10.0,2026-04-03,0.3832488623861657,1.0,0.2789903716519479,0.0
2026-04-03,Championship,Birmingham,Blackburn,19.0,2026-04-03,0.5318612014921877,1.0,0.4206467379698695,1.0
2026-04-03,Championship,Middlesbrough,Millwall,23.0,2026-04-03,0.6220053330826655,1.0,0.5143191758189071,1.0
2026-04-06,Championship,Hull,Coventry,6.0,2026-04-03,0.5927732753799967,0.0,0.4826480881988333,0.0
2026-04-06,Championship,Swansea,Middlesbrough,12.0,2026-04-03,0.5077539369938283,1.0,0.39626444137106,1.0
2026-04-06,Championship,Watford,Charlton,20.0,2026-04-03,0.44246761317694294,1.0,0.33396065236600686,1.0
2026-04-06,Championship,Preston,QPR,8.0,2026-04-03,0.5209361343459006,0.0,0.40931758955579794,0.0
2026-04-06,Championship,Ipswich,Birmingham,10.0,2026-04-03,0.4789888270280504,1.0,0.3686241064158502,0.0
2026-04-06,Championship,Sheffield Weds,Leicester,11.0,2026-04-03,0.6212595376221648,1.0,0.5129644657987367,1.0
2026-04-06,Championship,Bristol City,Sheffield United,5.0,2026-04-03,0.5957428639007386,0.0,0.4858050390359566,0.0
2026-04-06,Championship,Blackburn,West Brom,6.0,2026-04-03,0.4955446056093146,0.0,0.3842930576733219,0.0
2026-04-06,Championship,Millwall,Norwich,7.0,2026-04-03,0.5754041233894839,0.0,0.46469305104781067,0.0
2026-04-06,Championship,Portsmouth,Oxford,11.0,2026-04-03,0.7358291432765766,1.0,0.6427119880879031,1.0
2026-04-06,Championship,Derby,Stoke,8.0,2026-04-03,0.5523066250445743,0.0,0.4409325000259864,0.0
2026-04-07,Championship,Wrexham,Southampton,7.0,2026-04-03,0.5477239305884252,0.0,0.4363511708073244,0.0
2026-04-10,Championship,West Brom,Millwall,12.0,2026-04-03,0.5431796876856841,1.0,0.432316875590457,1.0
2026-04-11,Championship,Stoke,Blackburn,7.0,2026-04-03,0.6004833602995684,0.0,0.4909892891990016,0.0
2026-04-11,Championship,Southampton,Derby,8.0,2026-04-03,0.5845571374957582,0.0,0.475071060936258,0.0
2026-04-11,Championship,Sheffield United,Hull,19.0,2026-04-03,0.6836601365944093,1.0,0.58185064499349,1.0
2026-04-11,Championship,Oxford,Watford,15.0,2026-04-03,0.5603339973216129,1.0,0.44939946832713573,1.0
2026-04-11,Championship,Middlesbrough,Portsmouth,16.0,2026-04-03,0.64219367074284,1.0,0.5355863744227676,1.0
2026-04-11,Championship,Charlton,Preston,11.0,2026-04-03,0.407011551504538,1.0,0.3007812444136204,1.0
2026-04-11,Championship,QPR,Bristol City,9.0,2026-04-03,0.5102248754224066,0.0,0.3987096047580574,0.0
2026-04-11,Championship,Norwich,Ipswich,14.0,2026-04-03,0.5029462090036888,1.0,0.3915300087794775,1.0
2026-04-11,Championship,Coventry,Sheffield Weds,9.0,2026-04-03,0.6621265477158138,0.0,0.5576129098311201,0.0
2026-04-11,Championship,Leicester,Swansea,14.0,2026-04-03,0.49833241812228946,1.0,0.38707573654554844,1.0
2026-04-12,Championship,Birmingham,Wrexham,9.0,2026-04-03,0.516758432438832,0.0,0.4058757898176982,0.0
2026-04-14,Championship,Portsmouth,Ipswich,10.0,2026-04-03,0.5556625803763914,1.0,0.4444002279782402,0.0
2026-04-14,Championship,Southampton,Blackburn,11.0,2026-04-03,0.6157916595260163,1.0,0.507819569247299,1.0
2026-04-17,Championship,Blackburn,Coventry,6.0,2026-04-03,0.5876344040711444,0.0,0.47729302706431814,0.0
2026-04-18,Championship,Sheffield Weds,Charlton,9.0,2026-04-03,0.4960193473503633,0.0,0.3850977190296088,0.0
2026-04-18,Championship,Watford,Sheffield United,13.0,2026-04-03,0.6250182286468324,1.0,0.5168143679135115,1.0
2026-04-18,Championship,Wrexham,Stoke,8.0,2026-04-03,0.5583358533084997,0.0,0.44703400913456526,0.0
2026-04-18,Championship,Swansea,Southampton,16.0,2026-04-03,0.5070317511558968,1.0,0.39555383476804035,1.0
2026-04-18,Championship,Preston,West Brom,14.0,2026-04-03,0.4733072246797805,1.0,0.3629603584538329,1.0
2026-04-18,Championship,Millwall,QPR,16.0,2026-04-03,0.5800047842578548,1.0,0.4695990455866553,1.0
2026-04-18,Championship,Bristol City,Norwich,12.0,2026-04-03,0.5260165652826586,1.0,0.4146566618811779,1.0
2026-04-18,Championship,Portsmouth,Leicester,12.0,2026-04-03,0.6554880422550603,1.0,0.5505982523149427,1.0
2026-04-18,Championship,Derby,Oxford,10.0,2026-04-03,0.5849043201302311,1.0,0.47570919071605,0.0
2026-04-18,Championship,Hull,Birmingham,8.0,2026-04-03,0.5165967598404875,0.0,0.4050056954288451,0.0
2026-04-19,Championship,Ipswich,Middlesbrough,9.0,2026-04-03,0.5261710703894703,0.0,0.41467361039702805,0.0
2026-04-21,Championship,West Brom,Watford,7.0,2026-04-03,0.5126898541706135,0.0,0.4017312366547412,0.0
2026-04-21,Championship,Stoke,Millwall,12.0,2026-04-03,0.6096397578117494,1.0,0.5005971220400003,1.0
2026-04-21,Championship,QPR,Swansea,9.0,2026-04-03,0.49342030596088615,0.0,0.382289032997005,0.0
2026-04-21,Championship,Southampton,Bristol City,10.0,2026-04-03,0.551364208537582,1.0,0.4403961454014487,0.0
2026-04-21,Championship,Norwich,Derby,7.0,2026-04-03,0.5358770976505977,0.0,0.42461885006689537,0.0
2026-04-21,Championship,Leicester,Hull,17.0,2026-04-03,0.5756795531207314,1.0,0.46504903972464817,1.0
2026-04-21,Championship,Coventry,Portsmouth,4.0,2026-04-03,0.6460630455012841,0.0,0.5395903659558727,0.0
2026-04-21,Championship,Oxford,Wrexham,14.0,2026-04-03,0.5289058984624833,1.0,0.41732139374361804,1.0
2026-04-22,Championship,Birmingham,Preston,6.0,2026-04-03,0.5290573554645359,0.0,0.4184106138251158,0.0
2026-04-22,Championship,Charlton,Ipswich,5.0,2026-04-03,0.38064946818374207,0.0,0.2767611515609212,0.0
2026-04-22,Championship,Middlesbrough,Sheffield Weds,10.0,2026-04-03,0.6697647910118746,1.0,0.566458090186002,0.0
2026-04-22,Championship,Sheffield United,Blackburn,6.0,2026-04-03,0.6705398359398134,0.0,0.5670962385152984,0.0
2026-04-24,Championship,Leicester,Millwall,14.0,2026-04-03,0.5763536196554884,1.0,0.46562672590838594,1.0
2026-04-25,Championship,Stoke,Portsmouth,9.0,2026-04-03,0.6453752524686658,0.0,0.5387892272864586,0.0
2026-04-25,Championship,Sheffield United,Preston,15.0,2026-04-03,0.6732274697889242,1.0,0.5707299063078607,1.0
2026-04-25,Championship,QPR,Derby,16.0,2026-04-03,0.5251224078014661,1.0,0.41367844308659185,1.0
2026-04-25,Championship,Oxford,Sheffield Weds,8.0,2026-04-03,0.6174567650605479,0.0,0.5088909268959249,0.0
2026-04-25,Championship,West Brom,Ipswich,8.0,2026-04-03,0.44957827156261904,0.0,0.3402663569997187,0.0
2026-04-25,Championship,Birmingham,Bristol City,11.0,2026-04-03,0.47365063356217507,1.0,0.363212394651033,1.0
2026-04-25,Championship,Middlesbrough,Watford,9.0,2026-04-03,0.5921015909605576,0.0,0.48259179041171807,0.0
2026-04-25,Championship,Charlton,Hull,16.0,2026-04-03,0.43466885595450294,1.0,0.32616507657854765,1.0
2026-04-25,Championship,Norwich,Swansea,7.0,2026-04-03,0.501782235472968,0.0,0.3905894523966947,0.0
2026-04-26,Championship,Coventry,Wrexham,9.0,2026-04-03,0.5940091112265138,0.0,0.484697828003139,0.0
2026-04-28,Championship,Southampton,Ipswich,14.0,2026-04-03,0.5277468218223862,1.0,0.4162946060504115,1.0
2026-05-02,Championship,Swansea,Charlton,14.0,2026-04-03,0.38851369997282903,1.0,0.2841641462347227,1.0
2026-05-02,Championship,Sheffield Weds,West Brom,7.0,2026-04-03,0.5491338810017599,0.0,0.43767735556156984,0.0
2026-05-02,Championship,Preston,Southampton,15.0,2026-04-03,0.5520110830948382,1.0,0.44084993717744053,1.0
2026-05-02,Championship,Portsmouth,Birmingham,12.0,2026-04-03,0.5854890322665245,1.0,0.47538410411381615,1.0
2026-05-02,Championship,Millwall,Oxford,15.0,2026-04-03,0.6511729986155842,1.0,0.5466554897904292,1.0
2026-05-02,Championship,Derby,Sheffield United,10.0,2026-04-03,0.5999847434950206,1.0,0.4902332328867875,0.0
2026-05-02,Championship,Hull,Norwich,8.0,2026-04-03,0.5644854430318046,0.0,0.4533537929513928,0.0
2026-05-02,Championship,Bristol City,Stoke,17.0,2026-04-03,0.5596844741898832,1.0,0.4487224735108958,1.0
2026-05-02,Championship,Blackburn,Leicester,20.0,2026-04-03,0.5708943554263747,1.0,0.4601306521372927,1.0
2026-05-02,Championship,Watford,Coventry,6.0,2026-04-03,0.5770192486339265,0.0,0.4663121718517728,0.0
2026-05-02,Championship,Ipswich,QPR,6.0,2026-04-03,0.5458762778239077,0.0,0.4352205684345443,0.0
2026-05-02,Championship,Wrexham,Middlesbrough,9.0,2026-04-03,0.5482478194830962,0.0,0.43687760951600896,0.0
