Date,liga,HomeTeam,AwayTeam,FTR,prob_casa_modelo,prob_empate_modelo,prob_fora_modelo,prob_casa_odds,prob_empate_odds,prob_fora_odds,data_corte_modelo
2023-05-25,La Liga,Mallorca,Valencia,H,0.42074044421715695,0.2800890632927293,0.2991704924901138,0.31867567765765703,0.3294054984542111,0.35191882388813206,2023-05-25
2023-05-25,La Liga,Osasuna,Ath Bilbao,H,0.3108517780898967,0.2933957872885816,0.3957524346215217,0.3027955565917826,0.29637262054286595,0.4008318228653515,2023-05-25
2023-05-27,La Liga,Sevilla,Real Madrid,A,0.30994884550822566,0.24338782927670802,0.4466633252150664,0.3036393543744217,0.27310578801274804,0.42325485761283027,2023-05-25
2023-05-28,La Liga,Vallecano,Villarreal,H,0.3293566460497729,0.24623324699687243,0.4244101069533547,0.31580078824793983,0.25102113937656756,0.4331780723754927,2023-05-25
2023-05-28,La Liga,Valencia,Espanol,D,0.5097772486639581,0.23959967946041288,0.2506230718756287,0.45883804041873555,0.2784401783737626,0.2627217812075018,2023-05-25
2023-05-28,La Liga,Girona,Betis,A,0.46083545303375284,0.24345869304120987,0.29570585392503734,0.4889743555620617,0.27015157765859765,0.24087406677934078,2023-05-25
2023-05-28,La Liga,Getafe,Osasuna,H,0.43319592408809643,0.3074253765368555,0.2593786993750482,0.39442981931315063,0.3338518607155677,0.27171831997128154,2023-05-25
2023-05-28,La Liga,Cadiz,Celta,H,0.3624302455599394,0.2713182958628112,0.3662514585772493,0.3736102995374985,0.3252023205276566,0.301187379934845,2023-05-25
2023-05-28,La Liga,Barcelona,Mallorca,H,0.7337157515729852,0.17134488791416663,0.09493936051284803,0.7632943512797882,0.15870476610767875,0.0780008826125331,2023-05-25
2023-05-28,La Liga,Ath Madrid,Sociedad,H,0.4789515421269225,0.2596629107480428,0.2613855471250347,0.4180300206887445,0.31759423649729285,0.2643757428139627,2023-05-25
2023-05-28,La Liga,Ath Bilbao,Elche,A,0.68922933580663,0.19361119975519375,0.1171594644381762,0.6818264846537503,0.19638815582318975,0.1217853595230598,2023-05-25
2023-05-28,La Liga,Almeria,Valladolid,D,0.5012898085102869,0.228409256902633,0.2703009345870803,0.42351669919398416,0.2835720507646677,0.2929112500413483,2023-05-25
2023-06-04,La Liga,Valladolid,Getafe,D,0.35664582224203323,0.29317108542375164,0.3501830923342152,0.485845733688122,0.29179923945232555,0.22235502685955238,2023-05-25
2023-06-04,La Liga,Espanol,Almeria,D,0.5491284056809381,0.21540813429449776,0.23546346002456406,0.39979847074862196,0.25671270227016774,0.3434888269812104,2023-05-25
2023-06-04,La Liga,Elche,Cadiz,D,0.42388180090224786,0.25466701026864147,0.32145118882911056,0.3874166458481465,0.3038799315871399,0.3087034225647135,2023-05-25
2023-06-04,La Liga,Celta,Barcelona,H,0.23209372561457078,0.24480781522613687,0.5230984591592922,0.33954678224462576,0.272206498615105,0.3882467191402693,2023-05-25
2023-06-04,La Liga,Betis,Valencia,D,0.5282858901470265,0.23934874061786202,0.23236536923511153,0.3099140994345394,0.3129036245094707,0.3771822760559898,2023-05-25
2023-06-04,La Liga,Mallorca,Vallecano,H,0.434772718786201,0.28465440331414543,0.28057287789965357,0.30694275274056027,0.30694275274056027,0.3861144945188794,2023-05-25
2023-06-04,La Liga,Sociedad,Sevilla,H,0.5523484326881984,0.2428035700978326,0.20484799721396876,0.6174483618191979,0.22284917886348066,0.15970245931732135,2023-05-25
2023-06-04,La Liga,Real Madrid,Ath Bilbao,D,0.5841190292977355,0.22489004875881885,0.1909909219434457,0.5778112121410349,0.22162621835546545,0.2005625695034997,2023-05-25
2023-06-04,La Liga,Osasuna,Girona,H,0.38502879428622777,0.2674205540627273,0.34755065165104476,0.4657767679636467,0.2638139417463473,0.270409290290006,2023-05-25
2023-06-04,La Liga,Villarreal,Ath Madrid,D,0.4104353566395725,0.24167991657221907,0.3478847267882085,0.3538706479617892,0.2551593619513953,0.3909699900868155,2023-05-25
2023-08-11,La Liga,Sevilla,Valencia,A,0.5189734878857711,0.24715257275145774,0.2338739393627711,0.5039625497703883,0.28256859727010214,0.21346885295950946,2023-08-11
2023-08-11,La Liga,Almeria,Vallecano,A,0.41786160382740617,0.25141881909431363,0.33071957707827987,0.36803807395958466,0.3012250082253832,0.33073691781503217,2023-08-11
2023-08-12,La Liga,Las Palmas,Mallorca,D,0.3698031041343938,0.2754637989624259,0.35473309690318056,0.3708917323735302,0.33418231176318075,0.29492595586328907,2023-08-11
2023-08-12,La Liga,Ath Bilbao,Real Madrid,A,0.36392365099933344,0.26005175229207195,0.37602459670859434,0.2842062525375559,0.2793341453511977,0.43645960211124646,2023-08-11
2023-08-12,La Liga,Sociedad,Girona,D,0.6111494501599498,0.21603308602980564,0.17281746381024438,0.5289127605140711,0.27180239081973107,0.1992848486661979,2023-08-11
2023-08-13,La Liga,Getafe,Barcelona,D,0.2096082322880867,0.2623311952387438,0.5280605724731696,0.1305578837196696,0.2410796565714691,0.6283624597088614,2023-08-11
2023-08-13,La Liga,Celta,Osasuna,A,0.47708132352929855,0.2782701797402609,0.2446484967304404,0.45287375624501447,0.303791091145724,0.24333515260926156,2023-08-11
2023-08-13,La Liga,Villarreal,Betis,A,0.5534115532678372,0.21841432651083978,0.22817412022132297,0.5579816174903754,0.23816288551418466,0.20385549699543987,2023-08-11
2023-08-14,La Liga,Cadiz,Alaves,H,0.47115179242377664,0.2582625495358676,0.2705856580403557,0.4196267679935607,0.3303143139949312,0.25005891801150804,2023-08-11
2023-08-14,La Liga,Ath Madrid,Granada,H,0.7203990811076987,0.17330482961585134,0.10629608927645012,0.7425030563079799,0.1648608480955006,0.09263609559651939,2023-08-11
2023-08-18,La Liga,Mallorca,Villarreal,A,0.3056387515332708,0.2550525220323111,0.43930872643441804,0.3467391304347826,0.3065217391304348,0.3467391304347826,2023-08-11
2023-08-18,La Liga,Valencia,Las Palmas,H,0.6168526576290803,0.2130232392358351,0.1701241031350848,0.5987442498664988,0.24707674108415006,0.15417900904935117,2023-08-11
2023-08-19,La Liga,Sociedad,Celta,D,0.6042534076317851,0.23516136461056525,0.16058522775764966,0.5774535198871876,0.2695846543119743,0.1529618258008381,2023-08-11
2023-08-19,La Liga,Almeria,Real Madrid,A,0.19085928155380005,0.1948614968913735,0.6142792215548264,0.14120500325615862,0.18512946037591788,0.6736655363679235,2023-08-11
2023-08-19,La Liga,Osasuna,Ath Bilbao,A,0.30674277692815255,0.29205845020701426,0.40119877286483335,0.3309083053992231,0.32541148969491707,0.34368020490585977,2023-08-11
2023-08-20,La Liga,Girona,Getafe,H,0.4871871058734621,0.2702384956773402,0.2425743984491975,0.49360452925141546,0.30446634514573284,0.20192912560285178,2023-08-11
2023-08-20,La Liga,Barcelona,Cadiz,H,0.815819372279874,0.12061477329334304,0.06356585442678306,0.7677182510073124,0.15305775257424267,0.07922399641844502,2023-08-11
2023-08-20,La Liga,Betis,Ath Madrid,D,0.3454838491912347,0.2605538349856248,0.39396231582314045,0.25321240128289135,0.27688381556712766,0.469903783149981,2023-08-11
2023-08-21,La Liga,Alaves,Sevilla,H,0.3137192908003853,0.2721447103478118,0.4141359988518026,0.2877810597383808,0.3176803906202905,0.39453854964132856,2023-08-11
2023-08-21,La Liga,Granada,Vallecano,A,0.4087909038685,0.267426796757981,0.32378229937351893,0.3326319197151182,0.31045645840077696,0.3569116218841049,2023-08-11
2023-08-25,La Liga,Celta,Real Madrid,A,0.26068864723317925,0.24621984963948548,0.49309150312733513,0.22129684711481262,0.26234384295062463,0.5163593099345629,2023-08-11
2023-08-25,La Liga,Las Palmas,Sociedad,D,0.19338954127787805,0.23322420865364107,0.5733862500684807,0.20618850434980815,0.29261482353835055,0.5011966721118415,2023-08-11
2023-08-26,La Liga,Cadiz,Almeria,D,0.4816608252895948,0.23467718132164433,0.2836619933887609,0.454486582893056,0.27998457112322933,0.26552884598371473,2023-08-11
2023-08-26,La Liga,Granada,Mallorca,H,0.4233201613444789,0.2752539916304817,0.3014258470250395,0.34953454414453083,0.3263096574904092,0.3241557983650599,2023-08-11
2023-08-26,La Liga,Sevilla,Girona,A,0.5070965643124683,0.24014948384672913,0.25275395184080246,0.4938710250488541,0.27162906377686974,0.23449991117427604,2023-08-11
2023-08-27,La Liga,Villarreal,Barcelona,A,0.32611714787289914,0.23301703715097613,0.44086581497612487,0.2738225629791895,0.2606790799561884,0.4654983570646221,2023-08-11
2023-08-27,La Liga,Valencia,Osasuna,A,0.49243708783556067,0.2632569965728811,0.2443059155915583,0.5496259351620948,0.2748129675810474,0.17556109725685784,2023-08-11
2023-08-27,La Liga,Ath Bilbao,Betis,H,0.5159062069834941,0.2546072108705969,0.2294865821459091,0.48823198384587374,0.2846833725048826,0.22708464364924358,2023-08-11
2023-08-28,La Liga,Getafe,Alaves,H,0.49806336335947216,0.2861956829017947,0.21574095373873317,0.3733089771136382,0.3609112620065433,0.2657797608798185,2023-08-11
2023-08-28,La Liga,Vallecano,Ath Madrid,A,0.26965297439813174,0.2624166659822021,0.4679303596196663,0.24123472209831387,0.28905343920064236,0.46971183870104377,2023-08-11
2023-09-01,La Liga,Cadiz,Villarreal,H,0.2790073022287086,0.23092496644638696,0.4900677313249043,0.2987950233484636,0.26695620938510267,0.43424876726643374,2023-08-11
2023-09-01,La Liga,Almeria,Celta,A,0.3851419421463123,0.2582614470134055,0.35659661084028227,0.33154388953099334,0.28936522902852974,0.37909088144047687,2023-08-11
2023-09-02,La Liga,Betis,Vallecano,H,0.5453126162018324,0.2411003713546837,0.21358701244348383,0.46785943456762163,0.2918884233571132,0.24025214207526513,2023-08-11
2023-09-02,La Liga,Alaves,Valencia,H,0.36498748318390933,0.27183595501274593,0.3631765618033446,0.2938442034089308,0.3283561064938723,0.3777996900971967,2023-08-11
2023-09-02,La Liga,Real Madrid,Getafe,H,0.6777134546303156,0.20067374969586538,0.1216127956738188,0.7079392069927416,0.19753089889614175,0.09452989411111658,2023-08-11
2023-09-02,La Liga,Sociedad,Granada,H,0.6997846600123045,0.18654639385622995,0.11366894613146555,0.6625172737825438,0.2145155049472113,0.12296722127024487,2023-08-11
2023-09-03,La Liga,Girona,Las Palmas,H,0.655180373562482,0.19222340672637714,0.15259621971114065,0.5598108376150748,0.25104919006449233,0.18913997232043303,2023-08-11
2023-09-03,La Liga,Mallorca,Ath Bilbao,D,0.2954943159371308,0.2931268272978233,0.41137885676504593,0.30259137630197414,0.32463445669483326,0.37277416700319255,2023-08-11
2023-09-03,La Liga,Osasuna,Barcelona,A,0.19425047085402322,0.23510638335054043,0.5706431457954363,0.1436160070854664,0.208197080935462,0.6481869119790715,2023-08-11
2023-09-15,La Liga,Vallecano,Alaves,H,0.5202269941899007,0.2534139647179003,0.22635904109219868,0.4792856929197452,0.2990039185187401,0.2217103885615148,2023-09-15
2023-09-16,La Liga,Ath Bilbao,Cadiz,H,0.6400115870645811,0.21651986622169359,0.14346854671372528,0.6052260999377006,0.24299601518695713,0.15177788487534236,2023-09-15
2023-09-16,La Liga,Valencia,Ath Madrid,H,0.28930585282648946,0.2595578170952846,0.4511363300782261,0.2769089949472394,0.3035679354545823,0.4195230695981782,2023-09-15
2023-09-16,La Liga,Celta,Mallorca,A,0.486035905754012,0.27630258758273685,0.23766150666325103,0.459802365470278,0.31190415237315033,0.22829348215657155,2023-09-15
2023-09-16,La Liga,Barcelona,Betis,H,0.6998010743980404,0.17734646152897526,0.12285246407298431,0.7363703409542179,0.16066261984455665,0.1029670392012254,2023-09-15
2023-09-17,La Liga,Sevilla,Las Palmas,H,0.572601318678483,0.23586641486456775,0.1915322664569496,0.6090310442144873,0.2348071495766698,0.15616180620884287,2023-09-15
2023-09-17,La Liga,Real Madrid,Sociedad,H,0.5446932853689375,0.23132551502358012,0.2239811996074825,0.5559264783418999,0.2580560575857626,0.18601746407233746,2023-09-15
2023-09-17,La Liga,Getafe,Osasuna,H,0.44325007099461405,0.3016445319742116,0.25510539703117446,0.36365347025142186,0.33160265592417787,0.3047438738244002,2023-09-15
2023-09-17,La Liga,Villarreal,Almeria,H,0.7116975232764042,0.1582698142525247,0.13003266247107126,0.6352252920080942,0.19515957766513733,0.16961513032676862,2023-09-15
2023-09-18,La Liga,Granada,Girona,A,0.3399926750342794,0.24409688475096616,0.41591044021475454,0.3247317045857519,0.2730286119561769,0.40223968345807126,2023-09-15
2023-09-22,La Liga,Alaves,Ath Bilbao,A,0.2649753891360499,0.27706620438009016,0.45795840648386005,0.23049120512202675,0.3159960070221335,0.45351278785583965,2023-09-15
2023-09-23,La Liga,Girona,Mallorca,H,0.5372804752018352,0.2442764876804875,0.218443037117677,0.5119913104657048,0.2876186479380871,0.20039004159620824,2023-09-15
2023-09-23,La Liga,Osasuna,Sevilla,D,0.36771793671082154,0.28082975615352845,0.35145230713565,0.39950077440115483,0.30209163496383623,0.298407590635009,2023-09-15
2023-09-23,La Liga,Barcelona,Celta,H,0.7270593072000593,0.17050947512896006,0.10243121767098072,0.7760635680415138,0.14443723718350185,0.07949919477498435,2023-09-15
2023-09-23,La Liga,Almeria,Valencia,D,0.38883491325169606,0.2433381929490377,0.3678268937992662,0.3599051080460469,0.28540579996654447,0.35468909198740867,2023-09-15
2023-09-24,La Liga,Sociedad,Getafe,H,0.5793230083545539,0.25739057529155795,0.16328641635388833,0.5703251418050438,0.2843311931447886,0.14534366505016766,2023-09-15
2023-09-24,La Liga,Vallecano,Villarreal,D,0.3471139718705035,0.24751368455310516,0.4053723435763916,0.3707114740969636,0.27724597496203507,0.3520425509410014,2023-09-15
2023-09-24,La Liga,Betis,Cadiz,D,0.5881728380329553,0.22479313688059274,0.18703402508645176,0.540091683038638,0.26709452084697666,0.1928137961143855,2023-09-15
2023-09-24,La Liga,Las Palmas,Granada,H,0.5050523344216252,0.24508727966075075,0.24986038591762436,0.5004008311110384,0.2616036516532238,0.23799551723573778,2023-09-15
2023-09-24,La Liga,Ath Madrid,Real Madrid,H,0.43656944578254236,0.24423682715302159,0.3191937270644361,0.34104884800347257,0.2895888147248421,0.36936233727168544,2023-09-15
2023-09-26,La Liga,Sevilla,Almeria,H,0.6225327945515671,0.2023125729022547,0.1751546325461782,0.5679087351668411,0.24461560129352605,0.18747566353963288,2023-09-15
2023-09-26,La Liga,Mallorca,Barcelona,D,0.18403378925117866,0.23054118218114156,0.5854250285676796,0.12979351032448377,0.22123893805309733,0.6489675516224188,2023-09-15
2023-09-27,La Liga,Valencia,Sociedad,A,0.31541885933376707,0.271093116252496,0.41348802441373667,0.38060028251276445,0.3238883198866903,0.2955113976005452,2023-09-15
2023-09-27,La Liga,Cadiz,Vallecano,D,0.40372030759221933,0.2655573867853289,0.33072230562245175,0.359548656605984,0.31446056140459056,0.32599078198942555,2023-09-15
2023-09-27,La Liga,Villarreal,Girona,A,0.5772758236082206,0.20775932584245294,0.2149648505493265,0.4508899143045485,0.26301911667765326,0.2860909690177983,2023-09-15
2023-09-27,La Liga,Real Madrid,Las Palmas,H,0.763440869434844,0.14713342227907392,0.08942570828608239,0.8203343483935118,0.120999316388043,0.05866633521844509,2023-09-15
2023-09-27,La Liga,Ath Bilbao,Getafe,D,0.5449899375317712,0.2753565331711982,0.1796535292970307,0.6350103697708533,0.23930193737670094,0.12568769285244574,2023-09-15
2023-09-28,La Liga,Celta,Alaves,D,0.5295123359514796,0.2566675916776968,0.21382007237082346,0.6131386861313868,0.24433346139070303,0.14252785247791008,2023-09-15
2023-09-28,La Liga,Granada,Betis,D,0.318445700355386,0.25277818332791585,0.4287761163166979,0.351197194300734,0.2831908011846959,0.36561200451457004,2023-09-15
2023-09-28,La Liga,Osasuna,Ath Madrid,A,0.2558780156410509,0.2664861018281962,0.47763588253075284,0.23232594984007413,0.2810609910421586,0.48661305911776725,2023-09-15
2023-09-29,La Liga,Barcelona,Sevilla,H,0.6922875740900619,0.1824208377947626,0.12529158811517546,0.7192360871068095,0.16915831316972002,0.11160559972347046,2023-09-15
2023-09-30,La Liga,Getafe,Villarreal,D,0.337933137958781,0.273173083357137,0.3888937786840819,0.34915475653566813,0.3102362327179981,0.34060901074633365,2023-09-15
2023-09-30,La Liga,Vallecano,Mallorca,D,0.4766943236818228,0.27195875321653623,0.2513469231016412,0.48126522614129863,0.2996835610634467,0.21905121279525475,2023-09-15
2023-09-30,La Liga,Girona,Real Madrid,A,0.2846445863349024,0.22754472912749105,0.48781068453760645,0.23951299108823898,0.24069285803941262,0.5197941508723485,2023-09-15
2023-09-30,La Liga,Sociedad,Ath Bilbao,H,0.46900083642412194,0.276950422962032,0.2540487406138463,0.4214548708395065,0.31139340775403024,0.2671517214064631,2023-09-15
2023-10-01,La Liga,Ath Madrid,Cadiz,H,0.7161607891601037,0.17570747938404102,0.10813173145585511,0.724523939099618,0.18283654960329346,0.09263951129708856,2023-09-15
2023-10-01,La Liga,Betis,Valencia,H,0.5096126777684844,0.24740060209349274,0.24298672013802292,0.4718284534161704,0.28641785881861365,0.24175368776521602,2023-09-15
2023-10-01,La Liga,Almeria,Granada,D,0.5095725854510083,0.22383021739198478,0.266597197157007,0.49332246099382465,0.26187090422728493,0.2448066347788904,2023-09-15
2023-10-01,La Liga,Alaves,Osasuna,A,0.40129335223655777,0.28276203166810204,0.31594461609534014,0.3791129428668658,0.32513328543880216,0.2957537716943321,2023-09-15
2023-10-02,La Liga,Las Palmas,Celta,H,0.38719641528706444,0.27829600260726584,0.3345075821056697,0.32387191245038727,0.31653500828484454,0.35959307926476813,2023-09-15
2023-10-06,La Liga,Ath Bilbao,Almeria,H,0.6791234931190822,0.18825836574445126,0.13261814113646653,0.728071302612333,0.16979754760570312,0.10213114978196382,2023-09-15
2023-10-07,La Liga,Cadiz,Girona,A,0.36751126364629394,0.2516171784456096,0.3808715579080963,0.28446546448944826,0.28114808297936716,0.4343864525311844,2023-09-15
2023-10-07,La Liga,Real Madrid,Osasuna,H,0.7239970812294567,0.16972436446626274,0.10627855430428053,0.7660410283505964,0.1513020382589825,0.0826569333904212,2023-09-15
2023-10-07,La Liga,Mallorca,Valencia,D,0.4001402064503091,0.2799084899556699,0.3199513035940212,0.38112212973321447,0.3264946244714537,0.2923832457953317,2023-09-15
2023-10-07,La Liga,Sevilla,Vallecano,D,0.5232999629081231,0.2498285269783347,0.2268715101135421,0.5329359787351786,0.25732792640775115,0.2097360948570703,2023-09-15
2023-10-08,La Liga,Villarreal,Las Palmas,A,0.6595669684938036,0.19101102054212843,0.14942201096406793,0.5897424735546946,0.23618327217603058,0.17407425426927478,2023-09-15
2023-10-08,La Liga,Ath Madrid,Sociedad,H,0.48658132571522966,0.26040391360434617,0.25301476068042406,0.48433362753751097,0.2906001765225066,0.22506619593998234,2023-09-15
2023-10-08,La Liga,Alaves,Betis,D,0.3319806538113872,0.2685972013731484,0.3994221448154643,0.3801358474411067,0.3005997316688136,0.3192644208900798,2023-09-15
2023-10-08,La Liga,Celta,Getafe,D,0.4414163319196081,0.2992830496687385,0.2593006184116533,0.47942908473899587,0.2972751771633895,0.22329573809761452,2023-09-15
2023-10-08,La Liga,Granada,Barcelona,D,0.14385851655580228,0.18549575049178937,0.6706457329524084,0.1423216653081603,0.18729421465409146,0.6703841200377482,2023-09-15
2023-10-20,La Liga,Osasuna,Granada,H,0.5134918626599563,0.24978396339348222,0.23672417394656153,0.5771981566337893,0.2507621811596668,0.17203966220654388,2023-10-20
2023-10-21,La Liga,Celta,Ath Madrid,A,0.2921077532075379,0.268545297011104,0.43934694978135813,0.2853625743009671,0.275716515451357,0.438920910247676,2023-10-20
2023-10-21,La Liga,Sevilla,Real Madrid,D,0.30026841035725443,0.24229861463610847,0.457432975006637,0.20321699441776814,0.23618440029183704,0.5605986052903948,2023-10-20
2023-10-21,La Liga,Sociedad,Mallorca,H,0.6318609009287598,0.22219516397291925,0.1459439350983207,0.5758791764507073,0.27109632540437195,0.15302449814492064,2023-10-20
2023-10-21,La Liga,Getafe,Betis,D,0.38274280854867926,0.2948157304114066,0.32244146103991417,0.39257020125686104,0.3103173971839949,0.2971124015591441,2023-10-20
2023-10-22,La Liga,Las Palmas,Vallecano,A,0.39206587324263836,0.28759280291619205,0.3203413238411695,0.3677221654749745,0.3217568947906027,0.3105209397344229,2023-10-20
2023-10-22,La Liga,Girona,Almeria,H,0.6534880115987514,0.17718598306640054,0.16932600533484823,0.6995563979834825,0.18243590866736217,0.1180076933491554,2023-10-20
2023-10-22,La Liga,Villarreal,Alaves,D,0.6377642815468625,0.19976294600326885,0.16247277244986894,0.46771083591969725,0.2909272759143355,0.24136188816596724,2023-10-20
2023-10-22,La Liga,Barcelona,Ath Bilbao,H,0.5983275095764637,0.22440723663541146,0.1772652537881248,0.5249291286604005,0.2576169338544446,0.2174539374851548,2023-10-20
2023-10-23,La Liga,Valencia,Cadiz,H,0.5563448914376261,0.24090634220690546,0.20274876635546826,0.5765228350858306,0.2639123604752576,0.1595648044389119,2023-10-20
2023-10-27,La Liga,Girona,Celta,H,0.5158925976948816,0.236531206292017,0.24757619601310135,0.5547151485542964,0.2356192985364123,0.2096655529092913,2023-10-20
2023-10-28,La Liga,Almeria,Las Palmas,A,0.4543707323642093,0.24799928374296049,0.2976299838928304,0.4209748892171344,0.2946824224519941,0.28434268833087145,2023-10-20
2023-10-28,La Liga,Barcelona,Real Madrid,A,0.53817791180781,0.2174161683649965,0.24440591982719362,0.3772281273990444,0.278867784724795,0.3439040878761606,2023-10-20
2023-10-28,La Liga,Mallorca,Getafe,D,0.398644908349898,0.30688435308592155,0.29447073856418043,0.41935788548303893,0.3301026598565813,0.2505394546603797,2023-10-20
2023-10-28,La Liga,Cadiz,Sevilla,D,0.32318868106407916,0.26777875430020054,0.4090325646357201,0.25047097873867413,0.27989593612631203,0.4696330851350139,2023-10-20
2023-10-29,La Liga,Ath Bilbao,Valencia,D,0.5819291215400964,0.24106928638056985,0.17700159207933372,0.5887076466802831,0.2446769816177499,0.1666153717019669,2023-10-20
2023-10-29,La Liga,Ath Madrid,Alaves,H,0.706631123246153,0.1814166735706323,0.11195220318321479,0.6692921120547235,0.21235745349657528,0.11835043444870111,2023-10-20
2023-10-29,La Liga,Vallecano,Sociedad,D,0.322511816890026,0.27711527743779585,0.4003729056721782,0.28849084790776985,0.3085756537747664,0.40293349831746367,2023-10-20
2023-10-29,La Liga,Betis,Osasuna,H,0.5432067972137035,0.2499607898076487,0.20683241297864796,0.48871767937133465,0.2802732512821199,0.2310090693465454,2023-10-20
2023-10-30,La Liga,Granada,Villarreal,A,0.2983215640612243,0.23372421705366034,0.4679542188851153,0.32547055104323724,0.2673508097855163,0.4071786391712466,2023-10-20
2023-11-03,La Liga,Las Palmas,Ath Madrid,H,0.23436865797772252,0.2632356525390341,0.5023956894832433,0.17423626820108493,0.26253486482331495,0.5632288669756002,2023-10-20
2023-11-04,La Liga,Osasuna,Girona,A,0.38628777733151143,0.25744441776556787,0.356267804902921,0.32559587164600057,0.2941183251424597,0.38028580321153976,2023-10-20
2023-11-04,La Liga,Betis,Mallorca,H,0.555164128303446,0.24518827589074718,0.19964759580580665,0.5110625771531668,0.2814547526350774,0.2074826702117558,2023-10-20
2023-11-04,La Liga,Celta,Sevilla,D,0.41754811932794156,0.27280835698453193,0.3096435236875265,0.4037609657003862,0.2853559904216806,0.31088304387793314,2023-10-20
2023-11-04,La Liga,Sociedad,Barcelona,A,0.34290917424993,0.2580914408790476,0.3989993848710224,0.28752161372476215,0.2953869466230079,0.41709143965223006,2023-10-20
2023-11-05,La Liga,Alaves,Almeria,H,0.5162308504042132,0.22649668922610489,0.25727246036968215,0.5481838712027391,0.2573701464267502,0.19444598237051064,2023-10-20
2023-11-05,La Liga,Valencia,Granada,H,0.5621977360933491,0.2302988718810209,0.20750339202563015,0.5820384269704627,0.2342178730218488,0.18374370000768858,2023-10-20
2023-11-05,La Liga,Villarreal,Ath Bilbao,A,0.425945557973147,0.25847574189453437,0.3155787001323186,0.25454894840770237,0.24679618855772154,0.49865486303457596,2023-10-20
2023-11-05,La Liga,Real Madrid,Vallecano,D,0.7130411367960597,0.17167889229292368,0.11527997091101673,0.7903780068728522,0.13974799541809851,0.06987399770904926,2023-10-20
2023-11-06,La Liga,Getafe,Cadiz,H,0.5153053022690127,0.27339113297389855,0.21130356475708845,0.46671764794242754,0.3131524863613708,0.22012986569620166,2023-10-20
2023-11-10,La Liga,Ath Bilbao,Celta,H,0.5687948591098105,0.24812153978696674,0.18308360110322275,0.5673588123181864,0.24014444778814326,0.1924967398936704,2023-10-20
2023-11-11,La Liga,Real Madrid,Valencia,H,0.7151342119495502,0.1690006264080854,0.11586516164236443,0.7360826609024343,0.16781159108656535,0.09610574801100034,2023-10-20
2023-11-11,La Liga,Osasuna,Las Palmas,D,0.46371700650317926,0.28297484506387127,0.2533081484329495,0.4933337274957873,0.2892462628472325,0.21742000965698013,2023-10-20
2023-11-11,La Liga,Almeria,Sociedad,A,0.26025802419674277,0.2315908306916903,0.5081511451115668,0.2212291909242534,0.25499575164427096,0.5237750574314755,2023-10-20
2023-11-11,La Liga,Vallecano,Girona,A,0.42474666822846985,0.250519141762343,0.324734190009187,0.3257612446273988,0.27829317755312066,0.39594557781948064,2023-10-20
2023-11-11,La Liga,Granada,Getafe,D,0.3794634429843377,0.28440814802438263,0.3361284089912798,0.3904528763769889,0.3047735618115055,0.3047735618115055,2023-10-20
2023-11-12,La Liga,Barcelona,Alaves,H,0.7918367490192196,0.1345814000156162,0.07358185096516434,0.7719602298640883,0.14822585058834262,0.0798139195475691,2023-10-20
2023-11-12,La Liga,Sevilla,Betis,D,0.4620725311998673,0.2593303491867125,0.2785971196134204,0.434335129421092,0.2811880606656781,0.2844768099132299,2023-10-20
2023-11-12,La Liga,Ath Madrid,Villarreal,H,0.5812495922282666,0.2181748200516881,0.20057558772004525,0.7240974152316556,0.16700353466616502,0.10889905010217941,2023-10-20
2023-11-24,La Liga,Alaves,Granada,H,0.5325153741740308,0.2340631769240248,0.23342144890194455,0.5576061532800115,0.26436912989297556,0.17802471682701285,2023-11-24
2023-11-25,La Liga,Vallecano,Barcelona,D,0.20570101400227905,0.23356459392663476,0.5607343920710862,0.19407447675998915,0.22832291383528136,0.5776026094047296,2023-11-24
2023-11-25,La Liga,Valencia,Celta,D,0.46237226591304764,0.2645121205493646,0.2731156135375878,0.42348194951202867,0.29337604936074274,0.2831420011272285,2023-11-24
2023-11-25,La Liga,Getafe,Almeria,H,0.5537266089218545,0.24276960364699868,0.2035037874311469,0.5448183041722745,0.2635262449528936,0.19165545087483177,2023-11-24
2023-11-25,La Liga,Ath Madrid,Mallorca,H,0.6937210936842022,0.1929245084715003,0.11335439784429746,0.7118766562274149,0.18983377499397736,0.09828956877860755,2023-11-24
2023-11-26,La Liga,Cadiz,Real Madrid,A,0.1801995139886165,0.20893712151820445,0.6108633644931791,0.14024759062865438,0.2058953990080245,0.653857010363321,2023-11-24
2023-11-26,La Liga,Villarreal,Osasuna,H,0.5824485438289878,0.22352975980955764,0.19402169636145458,0.4423138382869926,0.2812400127836369,0.2764461489293704,2023-11-24
2023-11-26,La Liga,Sociedad,Sevilla,H,0.5643764111942101,0.23830615000743097,0.1973174387983591,0.5951282387489578,0.2455845643445066,0.1592871969065355,2023-11-24
2023-11-26,La Liga,Betis,Las Palmas,H,0.576431212099339,0.25063422947457764,0.17293455842608327,0.5650346528454532,0.2598555087952351,0.17510983835931163,2023-11-24
2023-11-27,La Liga,Girona,Ath Bilbao,D,0.3991743201927046,0.2491383898422767,0.3516872899650186,0.42802595706533164,0.2654696509667494,0.3065043919679189,2023-11-24
2023-11-29,La Liga,Mallorca,Cadiz,D,0.49434677650722975,0.26444142937253656,0.2412117941202337,0.5195700319022271,0.291770558455605,0.1886594096421679,2023-11-24
2023-12-01,La Liga,Las Palmas,Getafe,H,0.35298279860300635,0.3290535995148582,0.31796360188213585,0.4041268318997812,0.32682740432163515,0.26904576377858364,2023-11-24
2023-12-02,La Liga,Girona,Valencia,H,0.5281644482724683,0.23007806747733317,0.24175748425019827,0.5813387659455438,0.2415014276440443,0.17715980641041204,2023-11-24
2023-12-02,La Liga,Ath Bilbao,Vallecano,H,0.6027368877498012,0.2310034573678987,0.16625965488230032,0.6558386437273586,0.20348871964706305,0.14067263662557836,2023-11-24
2023-12-02,La Liga,Real Madrid,Granada,H,0.8063697064764302,0.12067318105374256,0.07295711246982728,0.8111078162884404,0.12454429695267666,0.06434788675888294,2023-11-24
2023-12-02,La Liga,Osasuna,Sociedad,D,0.28811344079170276,0.2788270099442842,0.433059549264013,0.2430912550768269,0.30673975404016013,0.45016899088301277,2023-11-24
2023-12-03,La Liga,Mallorca,Alaves,D,0.4329040427241488,0.2726097952920344,0.2944861619838167,0.3537481244763148,0.33545080769305713,0.310801067830628,2023-11-24
2023-12-03,La Liga,Almeria,Betis,D,0.303454490964151,0.23890686866907115,0.4576386403667778,0.27416379128230406,0.25603126540384485,0.46980494331385114,2023-11-24
2023-12-03,La Liga,Sevilla,Villarreal,D,0.4378056688547403,0.2427917981998599,0.31940253294539955,0.5115539263972096,0.24606391396321475,0.24238215963957566,2023-11-24
2023-12-03,La Liga,Barcelona,Ath Madrid,H,0.5337477077146405,0.236848786517961,0.2294035057673984,0.4983585661602398,0.24790796020726213,0.25373347363249804,2023-11-24
2023-12-04,La Liga,Celta,Cadiz,D,0.5591936486116414,0.24065156756057648,0.200154783827782,0.6267300618367544,0.22696999902966575,0.14629993913357975,2023-11-24
2023-12-08,La Liga,Getafe,Valencia,H,0.4137914238378122,0.29725187259511215,0.28895670356707553,0.36427830666868644,0.33082417646441925,0.3048975168668943,2023-11-24
2023-12-09,La Liga,Mallorca,Sevilla,H,0.3718991206557393,0.2769532939641669,0.35114758538009383,0.3733106347496786,0.31737483931487337,0.309314525935448,2023-11-24
2023-12-09,La Liga,Villarreal,Sociedad,A,0.40334431604773197,0.24951829413073653,0.34713738982153153,0.27633468215637647,0.2795109428708175,0.444154374972806,2023-11-24
2023-12-09,La Liga,Alaves,Las Palmas,A,0.48619645883358087,0.2785859842990725,0.23521755686734663,0.48141994569842367,0.2986586700166146,0.2199213842849617,2023-11-24
2023-12-09,La Liga,Betis,Real Madrid,D,0.3150668342387064,0.24232135817474956,0.442611807586544,0.2042784295606772,0.23158055857117346,0.5641410118681494,2023-11-24
2023-12-10,La Liga,Ath Madrid,Almeria,H,0.7892313848956888,0.13281194560431503,0.07795666949999615,0.8033561061612569,0.1220287756194314,0.07461511821931179,2023-11-24
2023-12-10,La Liga,Cadiz,Osasuna,D,0.3921514686026256,0.28129826414671344,0.3265502672506607,0.34309690231888007,0.3173925741321236,0.33951052354899625,2023-11-24
2023-12-10,La Liga,Barcelona,Girona,A,0.7089658299599522,0.1648709977452266,0.12616317229482124,0.6641199611163796,0.18123647537007745,0.15464356351354297,2023-11-24
2023-12-11,La Liga,Vallecano,Celta,D,0.42672042700438245,0.27078633687070147,0.30249323612491624,0.35415688116486616,0.30530765617660877,0.3405354626585252,2023-11-24
2023-12-11,La Liga,Granada,Ath Bilbao,D,0.2570288621176831,0.24700572794954295,0.495965409932774,0.23306203795517244,0.26337905102251197,0.5035589110223156,2023-11-24
2023-12-15,La Liga,Osasuna,Vallecano,H,0.43234349793409943,0.27995819930341587,0.28769830276248465,0.42535457268878296,0.3063087960557588,0.2683366312554581,2023-11-24
2023-12-16,La Liga,Sevilla,Getafe,A,0.47720467092666463,0.28144537454574586,0.2413499545275895,0.5333718851235328,0.2813729944709652,0.18525512040550188,2023-11-24
2023-12-16,La Liga,Celta,Granada,H,0.5682528885535223,0.2265755835232345,0.20517152792324345,0.566604933005677,0.2536372867643214,0.17975778023000147,2023-11-24
2023-12-16,La Liga,Ath Bilbao,Ath Madrid,H,0.3893081510946087,0.27260769241939437,0.3380841564859969,0.3702853975317386,0.291572034583375,0.3381425678848863,2023-11-24
2023-12-16,La Liga,Valencia,Barcelona,D,0.23246411417786197,0.24170469432663494,0.5258311914955028,0.16073718969171572,0.21290627757411468,0.6263565327341696,2023-11-24
2023-12-17,La Liga,Real Madrid,Villarreal,H,0.6648204492223189,0.1771202369826568,0.15805931379502416,0.7892499482558232,0.13208298173828592,0.07866707000589088,2023-11-24
2023-12-17,La Liga,Las Palmas,Cadiz,D,0.4483080671924463,0.2893765209791892,0.26231541182836465,0.4835601589786824,0.2945320968324701,0.22190774418884737,2023-11-24
2023-12-17,La Liga,Almeria,Mallorca,D,0.4126291531817126,0.2536174262276867,0.3337534205906006,0.40554194156456175,0.3139679547596607,0.2804901036757776,2023-11-24
2023-12-17,La Liga,Sociedad,Betis,D,0.5353601038615681,0.24578656822978284,0.2188533279086491,0.6096866911670074,0.23191431553960334,0.1583989932933892,2023-11-24
2023-12-18,La Liga,Girona,Alaves,H,0.5793954959077349,0.21426120038892862,0.20634330370333637,0.5970352374279854,0.2347565739401302,0.16820818863188458,2023-11-24
2023-12-19,La Liga,Granada,Sevilla,A,0.3475501077007892,0.2530825739634423,0.39936731833576866,0.3117443569007208,0.3068272534795738,0.3814283896197055,2023-11-24
2023-12-19,La Liga,Vallecano,Valencia,A,0.41884771213000277,0.2734331148791024,0.30771917299089524,0.4269501666997858,0.3070808769954295,0.26596895630478457,2023-11-24
2023-12-19,La Liga,Ath Madrid,Getafe,D,0.6309969995145602,0.23116920016464415,0.13783380032079565,0.6547280354430977,0.2134355710255032,0.13183639353139928,2023-11-24
2023-12-20,La Liga,Ath Bilbao,Las Palmas,H,0.6286319299719528,0.23531766324226602,0.13605040678578123,0.7009929479468856,0.1863911884714262,0.11261586358168825,2023-11-24
2023-12-20,La Liga,Villarreal,Celta,H,0.5482876463438512,0.22576758592682056,0.22594476772932842,0.3971828093566629,0.2878987819301255,0.31491840871321175,2023-11-24
2023-12-20,La Liga,Barcelona,Almeria,H,0.8497859412010602,0.09817039851078257,0.05204366028815728,0.8426966292134832,0.10674157303370785,0.05056179775280898,2023-11-24
2023-12-21,La Liga,Cadiz,Sociedad,D,0.24250871901871135,0.25792838079522146,0.49956290018606736,0.15488082261370803,0.2705021609437185,0.5746170164425736,2023-11-24
2023-12-21,La Liga,Alaves,Real Madrid,A,0.23032814481473324,0.2257679351749672,0.5439039200102997,0.16032141921333812,0.23446522325631047,0.6052133575303514,2023-11-24
2023-12-21,La Liga,Betis,Girona,D,0.4862868846301376,0.23380679973611,0.27990631563375246,0.36434149933423116,0.27402586006264706,0.3616326406031216,2023-11-24
2023-12-21,La Liga,Mallorca,Osasuna,H,0.4288890069819092,0.285548853009329,0.2855621400087619,0.4303201979274983,0.3330560436014199,0.23662375847108177,2023-11-24
2023-12-23,La Liga,Ath Madrid,Sevilla,H,0.6293093232889693,0.21356150033873603,0.15712917637229476,0.610572274991824,0.22735595251451995,0.16207177249365612,2023-11-24
2024-01-02,La Liga,Sociedad,Alaves,D,0.617780716065844,0.22986677545534687,0.15235250847880924,0.6333916176548509,0.2504106395379643,0.11619774280718488,2024-01-02
2024-01-02,La Liga,Valencia,Villarreal,H,0.4057697190010712,0.25441027643582165,0.3398200045631072,0.4368501914072907,0.28401630520065835,0.27913350339205106,2024-01-02
2024-01-02,La Liga,Getafe,Vallecano,A,0.4533005943826109,0.2976380233109371,0.249061382306452,0.40228041024465705,0.3272789778261616,0.2704406119291812,2024-01-02
2024-01-03,La Liga,Real Madrid,Mallorca,H,0.7287767096746338,0.17369766964301223,0.0975256206823543,0.7884436230631133,0.14250388446474047,0.06905249247214632,2024-01-02
2024-01-03,La Liga,Girona,Ath Madrid,H,0.36866752035784855,0.24236418555890696,0.38896829408324457,0.3615035790578271,0.26308885807442944,0.3754075628677435,2024-01-02
2024-01-03,La Liga,Granada,Cadiz,H,0.4715904368144877,0.262331202753978,0.26607836043153416,0.4328706225892916,0.31216631436727754,0.2549630630434309,2024-01-02
2024-01-03,La Liga,Celta,Betis,H,0.4059264290159454,0.27403086721831293,0.3200427037657417,0.44055705659419375,0.2941483670915916,0.26529457631421477,2024-01-02
2024-01-04,La Liga,Sevilla,Ath Bilbao,A,0.32989433338224505,0.28159124127230756,0.38851442534544756,0.3150555696173405,0.29862629144711106,0.3863181389355484,2024-01-02
2024-01-04,La Liga,Las Palmas,Barcelona,A,0.1342815456357641,0.20938072469336455,0.6563377296708711,0.1523894137359213,0.2067676874408334,0.6408428988232453,2024-01-02
2024-01-04,La Liga,Osasuna,Almeria,H,0.5313602864567546,0.23610184712921659,0.23253786641402885,0.558824520418707,0.25454310615930636,0.18663237342198663,2024-01-02
2024-01-12,La Liga,Sevilla,Alaves,A,0.5125079041346446,0.2622389671360035,0.22525312872935163,0.4694331921209685,0.30084418194749374,0.22972262593153775,2024-01-02
2024-01-13,La Liga,Las Palmas,Villarreal,H,0.2755164111724515,0.2574034406830652,0.4670801481444833,0.3629299890899,0.2781429261116327,0.3589270847984672,2024-01-02
2024-01-13,La Liga,Mallorca,Celta,D,0.39148192232355183,0.29201315892661667,0.3165049187498314,0.40397199845849346,0.330024581791515,0.2660034197499916,2024-01-02
2024-01-13,La Liga,Ath Bilbao,Sociedad,H,0.469269572677453,0.2735410934752175,0.2571893338473296,0.4528996494890438,0.31467702919043955,0.23242332132051652,2024-01-02
2024-01-13,La Liga,Betis,Granada,H,0.6213852040903034,0.21656543641825468,0.16204935949144222,0.5517654651055591,0.2555545312067853,0.19268000368765556,2024-01-02
2024-01-14,La Liga,Almeria,Girona,D,0.3278831711370979,0.2212770288927955,0.45083979997010654,0.2531052959164344,0.2584905149784862,0.4884041891050794,2024-01-02
2024-01-14,La Liga,Cadiz,Valencia,A,0.3555012526244042,0.28653857124996795,0.3579601761256278,0.3087985969014908,0.3413037123648056,0.34989769073370364,2024-01-02
2024-01-19,La Liga,Alaves,Cadiz,H,0.510626122135495,0.26450692421535665,0.22486695364914827,0.5774127093127674,0.27172362791189053,0.15086366277534202,2024-01-02
2024-01-20,La Liga,Vallecano,Las Palmas,A,0.5372972363595141,0.27118416608450613,0.19151859755597964,0.5623785292277367,0.2614300189923532,0.1761914517799102,2024-01-02
2024-01-20,La Liga,Villarreal,Mallorca,D,0.5850496619196232,0.22591336544048005,0.18903697263989666,0.4584910546723949,0.28504429205439213,0.25646465327321305,2024-01-02
2024-01-20,La Liga,Valencia,Ath Bilbao,H,0.3065908784167397,0.2860570469761084,0.4073520746071518,0.27376987707124373,0.30182703838599845,0.4244030845427577,2024-01-02
2024-01-20,La Liga,Celta,Sociedad,A,0.3352652805745262,0.2817052317315918,0.3830294876938822,0.3861508810572687,0.32764317180616737,0.2862059471365639,2024-01-02
2024-01-21,La Liga,Girona,Sevilla,H,0.5248301684724384,0.23188441322444536,0.24328541830311623,0.530442058290336,0.24328545530609397,0.22627248640356992,2024-01-02
2024-01-21,La Liga,Betis,Barcelona,A,0.2721552902954143,0.24703198865158632,0.48081272105299944,0.23677569276130037,0.23562629619449793,0.5275980110442018,2024-01-02
2024-01-21,La Liga,Real Madrid,Almeria,H,0.8205611758913011,0.11290491462091662,0.06653390948778234,0.8583485641560529,0.09948039769193227,0.04217103815201477,2024-01-02
2024-01-21,La Liga,Osasuna,Getafe,H,0.39905599448901485,0.30478269809197023,0.2961613074190151,0.3922151334703025,0.3346545507425789,0.2731303157871187,2024-01-02
2024-01-22,La Liga,Granada,Ath Madrid,A,0.22351964261179336,0.24074158631532913,0.5357387710728776,0.1837341259119157,0.24344771683328828,0.572818157254796,2024-01-02
2024-01-26,La Liga,Almeria,Alaves,A,0.42225940841667114,0.2527341780240495,0.3250064135592794,0.33889040721508606,0.31374692538945065,0.34736266739546323,2024-01-02
2024-01-27,La Liga,Sociedad,Vallecano,D,0.5994314881994842,0.23865848318426844,0.16191002861624754,0.5333949631943407,0.2941754039435455,0.1724296328621137,2024-01-02
2024-01-27,La Liga,Las Palmas,Real Madrid,A,0.15644896185076884,0.22267901546862578,0.6208720226806054,0.1421688904808812,0.19921196382197548,0.6586191456971434,2024-01-02
2024-01-27,La Liga,Barcelona,Villarreal,A,0.7159264507269002,0.16129510171980785,0.12277844755329186,0.7122422596516029,0.16063838691976454,0.12711935342863256,2024-01-02
2024-01-27,La Liga,Mallorca,Betis,A,0.3473640295600123,0.28744577871559385,0.36519019172439365,0.4283040858270003,0.30963384548639833,0.26206206868660126,2024-01-02
2024-01-28,La Liga,Celta,Girona,A,0.42089682000655426,0.24870987587881596,0.3303933041146299,0.3514115474672098,0.2741999961927243,0.3743884563400658,2024-01-02
2024-01-28,La Liga,Cadiz,Ath Bilbao,D,0.2282063463895418,0.2650729559707496,0.5067206976397086,0.18922012098751978,0.2888985775791596,0.5218813014333206,2024-01-02
2024-01-28,La Liga,Sevilla,Osasuna,D,0.5080268518070654,0.2644192668642611,0.22755388132867363,0.4570428395369496,0.30139357529836,0.24156358516469045,2024-01-02
2024-01-28,La Liga,Ath Madrid,Valencia,H,0.6287896947943015,0.22031757033933033,0.15089273486636842,0.6065001470406876,0.24019807803591586,0.15330177492339656,2024-01-02
2024-01-29,La Liga,Getafe,Granada,H,0.5315455551873822,0.26444484720455724,0.2040095976080605,0.5198353707230173,0.2825849253639659,0.1975797039130168,2024-01-02
2024-01-31,La Liga,Ath Madrid,Vallecano,H,0.6479949430804263,0.2134706317325144,0.13853442518705922,0.5922360599083997,0.25359455306782647,0.15416938702377386,2024-01-02
2024-01-31,La Liga,Barcelona,Osasuna,H,0.7607244667540627,0.15540521978197436,0.08387031346396281,0.7226376441186555,0.16782226050589227,0.10954009537545231,2024-01-02
2024-02-01,La Liga,Getafe,Real Madrid,A,0.24305127501487178,0.26126592046167346,0.49568280452345487,0.14654263654235164,0.25462263882161884,0.5988347246360295,2024-02-01
2024-02-02,La Liga,Ath Bilbao,Mallorca,H,0.6153249591833337,0.2387753090246486,0.14589973179201746,0.6344364800976056,0.24889431142290683,0.11666920847948754,2024-02-01
2024-02-03,La Liga,Valencia,Almeria,H,0.5698676432125573,0.22515818713905011,0.2049741696483925,0.559223637951497,0.25472490315068186,0.18605145889782118,2024-02-01
2024-02-03,La Liga,Granada,Las Palmas,D,0.5269879869705955,0.2565618870859386,0.21645012594346583,0.4399848542218856,0.2928814842862552,0.2671336614918591,2024-02-01
2024-02-03,La Liga,Alaves,Barcelona,A,0.21279018952449963,0.23000086219157798,0.5572089482839224,0.2261203501806229,0.2700881960490774,0.5037914537702999,2024-02-01
2024-02-03,La Liga,Girona,Sociedad,D,0.4055909218889027,0.25175823834440714,0.34265083976669025,0.471963427239492,0.2793806494578602,0.24865592330264794,2024-02-01
2024-02-04,La Liga,Villarreal,Cadiz,D,0.6708660053566553,0.1879380153238991,0.14119597931944572,0.6010927606467278,0.23319502280511606,0.16571221654815613,2024-02-01
2024-02-04,La Liga,Osasuna,Celta,A,0.42546574346345356,0.2790967890637845,0.2954374674727624,0.44622806643043167,0.31178755923664775,0.2419843743329207,2024-02-01
2024-02-04,La Liga,Betis,Getafe,D,0.5092828272679795,0.2687721923801729,0.22194498035184765,0.46077197435352113,0.30382152058935297,0.2354065050571258,2024-02-01
2024-02-04,La Liga,Real Madrid,Ath Madrid,D,0.5299635205530017,0.23262229084258154,0.2374141886044166,0.5643193762421302,0.23388658485215996,0.20179403890570977,2024-02-01
2024-02-05,La Liga,Vallecano,Sevilla,A,0.43749722445596073,0.2770246248721885,0.28547815067185073,0.4526153944485674,0.2985040178111718,0.2488805877402609,2024-02-01
2024-02-09,La Liga,Cadiz,Betis,A,0.30425675227263893,0.2686125704176268,0.42713067730973425,0.31856748798286755,0.32172162152725237,0.35971089048988,2024-02-01
2024-02-10,La Liga,Las Palmas,Valencia,H,0.3123436149349894,0.2945294584499393,0.3931269266150714,0.37430469715698395,0.3243974042027194,0.3012978986402967,2024-02-01
2024-02-10,La Liga,Real Madrid,Girona,H,0.6823864208610403,0.1719770470438153,0.14563653209514424,0.6760093338782491,0.17640389551932412,0.1475867706024269,2024-02-01
2024-02-10,La Liga,Sociedad,Osasuna,A,0.5966553100647382,0.24020223991280734,0.16314245002245456,0.5514751989709784,0.29147037543210863,0.15705442559691293,2024-02-01
2024-02-10,La Liga,Alaves,Villarreal,D,0.38269047803660705,0.2490136957389191,0.3682958262244737,0.43796645886381597,0.27939239617174466,0.28264114496443943,2024-02-01
2024-02-11,La Liga,Getafe,Celta,H,0.4271557515166762,0.29251603684210586,0.28032821164121813,0.4386016514459119,0.3161349565616638,0.2452633919924243,2024-02-01
2024-02-11,La Liga,Mallorca,Vallecano,H,0.41286509089687273,0.296026620088699,0.2911082890144284,0.38746028687889816,0.34609441995232537,0.26644529316877646,2024-02-01
2024-02-11,La Liga,Sevilla,Ath Madrid,H,0.3050935560580371,0.26301663109336687,0.4318898128485959,0.257194942745446,0.2685626750214878,0.47424238223306625,2024-02-01
2024-02-11,La Liga,Barcelona,Granada,D,0.8049216136065834,0.12535116491561465,0.06972722147780228,0.8118977259954728,0.11987075607129188,0.06823151793323536,2024-02-01
2024-02-12,La Liga,Almeria,Ath Bilbao,D,0.2403614317406231,0.23973571545207017,0.519902852807307,0.20583043201098422,0.26616976413475213,0.5279998038542638,2024-02-01
2024-02-16,La Liga,Villarreal,Getafe,D,0.549206266700409,0.239607826335954,0.2111859069636369,0.46763395983305783,0.2701885101257668,0.2621775300411753,2024-02-01
2024-02-17,La Liga,Ath Madrid,Las Palmas,H,0.7510673940554882,0.1670586496654832,0.08187395627902865,0.6563609199996193,0.21829531721335654,0.12534376278702408,2024-02-01
2024-02-17,La Liga,Osasuna,Cadiz,H,0.5339351718851031,0.25727920202148846,0.2087856260934085,0.5368916797488227,0.28414442700156983,0.17896389324960754,2024-02-01
2024-02-17,La Liga,Celta,Barcelona,A,0.2322433389465446,0.23691682981030676,0.5308398312431488,0.24484182964083098,0.25659423746359084,0.49856393289557815,2024-02-01
2024-02-17,La Liga,Valencia,Sevilla,D,0.4468732601529179,0.27200944400459887,0.2811172958424832,0.4212374401936075,0.30695851320101997,0.27180404660537244,2024-02-01
2024-02-18,La Liga,Betis,Alaves,D,0.5395659386453954,0.24594902719553088,0.21448503415907366,0.39684378608476273,0.3146496038536145,0.28850661006162276,2024-02-01
2024-02-18,La Liga,Mallorca,Sociedad,A,0.29942593522585037,0.29472412560797917,0.40584993916617057,0.250096942525085,0.34621961082654124,0.40368344664837374,2024-02-01
2024-02-18,La Liga,Granada,Almeria,D,0.506463407440141,0.2292416068809099,0.26429498567894916,0.42495817924874724,0.28454802060807927,0.29049380014317344,2024-02-01
2024-02-18,La Liga,Vallecano,Real Madrid,D,0.25149397662648715,0.25242472372112384,0.49608129965238923,0.18026421409232526,0.24694357899892516,0.5727922069087495,2024-02-01
2024-02-19,La Liga,Ath Bilbao,Girona,H,0.5789284801016082,0.22144238113877895,0.19962913875961277,0.5190802163306986,0.2652131159941001,0.2157066676752014,2024-02-01
2024-02-23,La Liga,Sociedad,Villarreal,A,0.541223680310805,0.23240701238648254,0.22636930730271257,0.5869794309355607,0.23913976815893218,0.17388080090550723,2024-02-01
2024-02-24,La Liga,Barcelona,Getafe,H,0.7176237553630219,0.18026361493761495,0.10211262969936312,0.6832364712023664,0.19173829824256133,0.1250252305550722,2024-02-01
2024-02-24,La Liga,Alaves,Mallorca,D,0.4523778335581109,0.2823673265639314,0.2652548398779576,0.5104227018897697,0.31054843998471426,0.1790288581255162,2024-02-01
2024-02-24,La Liga,Almeria,Ath Madrid,D,0.22330369672122558,0.22046805785848075,0.5562282454202936,0.17981072555205047,0.24605678233438485,0.5741324921135647,2024-02-01
2024-02-25,La Liga,Cadiz,Celta,D,0.3482093271483018,0.2796418790531354,0.37214879379856297,0.2853768013229388,0.32223009685802034,0.3923931018190409,2024-02-01
2024-02-25,La Liga,Betis,Ath Bilbao,H,0.3570777129320583,0.27780687010662497,0.36511541696131683,0.24142430178385652,0.29305419764727164,0.46552150056887176,2024-02-01
2024-02-25,La Liga,Las Palmas,Osasuna,D,0.3368218040055732,0.29654013387229416,0.36663806212213257,0.39398182949025656,0.31290518290705266,0.2931129876026909,2024-02-01
2024-02-25,La Liga,Real Madrid,Sevilla,H,0.6956966544758358,0.18084393862265236,0.12345940690151191,0.747485445873157,0.1562813979216163,0.09623315620522681,2024-02-01
2024-02-26,La Liga,Girona,Vallecano,H,0.5450609776543546,0.23157125736366155,0.22336776498198374,0.5837248835907886,0.2374959085197816,0.1787792078894297,2024-02-01
2024-03-01,La Liga,Celta,Almeria,H,0.5715575736234215,0.22218235064318304,0.20626007573339541,0.5316067760078133,0.25268581820631125,0.21570740578587547,2024-02-01
2024-03-02,La Liga,Valencia,Real Madrid,D,0.24450671813313044,0.25677501590488644,0.49871826596198304,0.1696899596580811,0.24205151352723783,0.588258526814681,2024-03-02
2024-03-02,La Liga,Getafe,Las Palmas,D,0.5162713406988639,0.28984530016337234,0.1938833591377639,0.46944287505684246,0.298081825572903,0.23247529937025452,2024-03-02
2024-03-02,La Liga,Vallecano,Cadiz,D,0.5455749592216372,0.26159386369335724,0.1928311770850056,0.551257123888004,0.276413828502247,0.17232904760974901,2024-03-02
2024-03-02,La Liga,Sevilla,Sociedad,H,0.34325232865308186,0.28901741613608517,0.36773025521083286,0.3434626748079575,0.34104392357691554,0.31549340161512707,2024-03-02
2024-03-03,La Liga,Villarreal,Granada,H,0.6381389812943863,0.19910368637352532,0.16275733233208867,0.5450255603617774,0.2449862367282737,0.20998820290994885,2024-03-02
2024-03-03,La Liga,Ath Madrid,Betis,H,0.5934815198543893,0.22898998568013287,0.1775284944654781,0.6331507436792141,0.22269439950096495,0.14415485681982104,2024-03-02
2024-03-03,La Liga,Mallorca,Girona,H,0.37150079172418854,0.26577469389019187,0.36272451438561937,0.25973969787648266,0.29259833435483296,0.44766196776868444,2024-03-02
2024-03-03,La Liga,Ath Bilbao,Barcelona,D,0.3610823793855489,0.2715452094526623,0.36737241116178865,0.2959520926731895,0.27439815875301327,0.4296497485737971,2024-03-02
2024-03-04,La Liga,Osasuna,Alaves,H,0.44148200674865096,0.28509288992733567,0.27342510332401365,0.3953954487951348,0.3168315322592937,0.2877730189455715,2024-03-02
2024-03-08,La Liga,Barcelona,Mallorca,H,0.7422736732931822,0.16985917937771502,0.08786714732910265,0.6673073038195442,0.20719391660349873,0.12549877957695707,2024-03-02
2024-03-09,La Liga,Valencia,Getafe,H,0.44526257220136606,0.29805339491015476,0.25668403288847913,0.5165620146371828,0.2988112576978165,0.18462672766500068,2024-03-02
2024-03-09,La Liga,Cadiz,Ath Madrid,H,0.20773222175750575,0.2511016358973237,0.5411661423451706,0.19518213275730115,0.2628875880227064,0.5419302792199925,2024-03-02
2024-03-09,La Liga,Granada,Sociedad,A,0.26709839884239245,0.27533210469533725,0.45756949646227035,0.20495791792807214,0.2906119731815948,0.504430108890333,2024-03-02
2024-03-09,La Liga,Girona,Osasuna,H,0.5817948851019952,0.2237046612416381,0.1945004536563668,0.6334308212460755,0.21584613730656912,0.15072304144735543,2024-03-02
2024-03-10,La Liga,Betis,Villarreal,A,0.47146150935796394,0.2428572082492213,0.28568128239281454,0.45036714713081316,0.26896926842534674,0.2806635844438401,2024-03-02
2024-03-10,La Liga,Real Madrid,Celta,H,0.7074569430846285,0.181809945386769,0.11073311152860246,0.7450538225061918,0.16035926643345189,0.09458691106035638,2024-03-02
2024-03-10,La Liga,Alaves,Vallecano,H,0.4226055774451986,0.2887375638859651,0.28865685866883634,0.46049267227938884,0.31142292900945845,0.22808439871115269,2024-03-02
2024-03-10,La Liga,Las Palmas,Ath Bilbao,A,0.2178667061282368,0.2907086071892094,0.49142468668255396,0.20077384873762444,0.27786180212112493,0.5213643491412506,2024-03-02
2024-03-11,La Liga,Almeria,Sevilla,D,0.36374538530189937,0.2586308248287563,0.3776237898693443,0.2773443041566179,0.2821676833593417,0.44048801248404024,2024-03-02
2024-03-15,La Liga,Sociedad,Cadiz,H,0.670808261324747,0.21291742397152685,0.11627431470372618,0.6716685598134752,0.22598194535780472,0.10234949482872004,2024-03-02
2024-03-16,La Liga,Mallorca,Granada,H,0.48639621448599274,0.27553685386728133,0.23806693164672588,0.5220053994310667,0.28982986356471163,0.1881647370042217,2024-03-02
2024-03-16,La Liga,Osasuna,Real Madrid,A,0.21969768887835026,0.24791953919519769,0.5323827719264521,0.13285246766851455,0.21715123078553164,0.6499963015459538,2024-03-02
2024-03-16,La Liga,Getafe,Girona,H,0.3916019235546733,0.2661375227906916,0.34226055365463515,0.2605091158044123,0.28329416966485643,0.45619671453073135,2024-03-02
2024-03-16,La Liga,Ath Bilbao,Alaves,H,0.6196298978012545,0.23498643655713702,0.14538366564160818,0.6028780024251795,0.25746248909934727,0.13965950847547323,2024-03-02
2024-03-17,La Liga,Ath Madrid,Barcelona,A,0.39553027643850563,0.25502800837156475,0.3494417151899293,0.4299213969995863,0.2730420014370632,0.29703660156335054,2024-03-02
2024-03-17,La Liga,Sevilla,Celta,A,0.47619268923924196,0.2704803782119518,0.2533269325488063,0.48384335544618023,0.27241600684784933,0.24374063770597043,2024-03-02
2024-03-17,La Liga,Las Palmas,Almeria,A,0.43570192053493545,0.27382914628145294,0.29046893318361167,0.5506317040602211,0.24534475927746552,0.20402353666231346,2024-03-02
2024-03-17,La Liga,Villarreal,Valencia,H,0.5475982466235609,0.2365075968525233,0.21589415652391586,0.4325517220915828,0.2833087302588145,0.2841395476496028,2024-03-02
2024-03-17,La Liga,Vallecano,Betis,H,0.39808716933140315,0.2841542912542888,0.3177585394143078,0.37552682196223525,0.31173540669300936,0.3127377713447554,2024-03-02
2024-03-29,La Liga,Cadiz,Granada,H,0.4271886901337516,0.2754520769149434,0.2973592329513053,0.521688500727802,0.2887918486171761,0.18951965065502183,2024-03-02
2024-03-30,La Liga,Getafe,Sevilla,A,0.4148822324959261,0.2933316353025175,0.2917861322015566,0.35929820195358675,0.3245660424314067,0.3161357556150065,2024-03-02
2024-03-30,La Liga,Almeria,Osasuna,A,0.41192179515070987,0.26524047837898346,0.32283772647030656,0.3849404312265377,0.2978285293587585,0.3172310394147037,2024-03-02
2024-03-30,La Liga,Valencia,Mallorca,D,0.4652749550740026,0.29307581905091906,0.24164922587507834,0.4481199420495245,0.32199346829386366,0.22988658965661182,2024-03-02
2024-03-30,La Liga,Barcelona,Las Palmas,H,0.8015639162771508,0.13858982650197443,0.059846257220874555,0.7649848640999712,0.1445098843727082,0.09050525152732053,2024-03-02
2024-03-31,La Liga,Celta,Vallecano,D,0.4468512431876773,0.28464152302880896,0.26850723378351365,0.506658767162103,0.27325416655933643,0.22008706627856056,2024-03-02
2024-03-31,La Liga,Girona,Betis,H,0.4943644541082907,0.23639202388218924,0.2692435220095202,0.5610099934212588,0.23846370727734092,0.20052629930140034,2024-03-02
2024-03-31,La Liga,Alaves,Sociedad,A,0.30170778019068495,0.2915482427816954,0.40674397702761966,0.23547079456428138,0.32328663544138964,0.44124256999432904,2024-03-02
2024-03-31,La Liga,Real Madrid,Ath Bilbao,H,0.5453478564756823,0.2460789843963446,0.20857315912797303,0.6141876904384027,0.22620432421740708,0.1596079853441902,2024-03-02
2024-04-01,La Liga,Villarreal,Ath Madrid,A,0.3795261349289594,0.24177660782517707,0.37869725724586334,0.2901930568969821,0.26860844935919004,0.44119849374382797,2024-04-01
2024-04-04,La Liga,Granada,Valencia,A,0.37898147860818393,0.27723956022608937,0.34377896116572654,0.3090507726269316,0.30708854549914155,0.38386068187392697,2024-04-01
2024-04-12,La Liga,Betis,Celta,H,0.5096935866996027,0.25495608108094675,0.23535033221945048,0.5166222835810026,0.2660958611321328,0.21728185528686464,2024-04-01
2024-04-13,La Liga,Mallorca,Real Madrid,A,0.21787365755395188,0.2524228089282854,0.5297035335177626,0.1863689006913817,0.27222423696493964,0.5414068623436787,2024-04-01
2024-04-13,La Liga,Cadiz,Barcelona,A,0.15780592494043091,0.21369995423541677,0.6284941208241522,0.2586246028143441,0.28268270540172497,0.45869269178393096,2024-04-01
2024-04-13,La Liga,Ath Madrid,Girona,H,0.6019380811381564,0.20551276998466708,0.19254914887717658,0.5114671490406356,0.24917630337877122,0.23935654758059305,2024-04-01
2024-04-13,La Liga,Vallecano,Getafe,D,0.44101052721052536,0.2958417045345803,0.2631477682548943,0.38154612507831326,0.32539886921394606,0.2930550057077406,2024-04-01
2024-04-14,La Liga,Sociedad,Almeria,D,0.7009903877868796,0.18236173286379867,0.11664787934932176,0.7496716641393794,0.17279666017397044,0.07753167568665022,2024-04-01
2024-04-14,La Liga,Ath Bilbao,Villarreal,D,0.558643560217136,0.23143161062327405,0.20992482915959015,0.5989050764636684,0.22721925617591168,0.17387566736041987,2024-04-01
2024-04-14,La Liga,Granada,Alaves,H,0.4122728800194281,0.27203444841361485,0.31569267156695713,0.358958571211454,0.31999267367863177,0.3210487551099143,2024-04-01
2024-04-14,La Liga,Las Palmas,Sevilla,A,0.32685999479603123,0.29029933632622723,0.38284066887774154,0.34500370929966095,0.30121066880032316,0.35378562190001595,2024-04-01
2024-04-15,La Liga,Osasuna,Valencia,A,0.41044917341614207,0.2880827175064035,0.3014681090774544,0.3987504928274649,0.32004973766414946,0.28119976950838566,2024-04-01
2024-04-19,La Liga,Ath Bilbao,Granada,D,0.6871099103737953,0.19783516426567835,0.11505492536052624,0.7566446458749424,0.16141752445332103,0.08193782967173657,2024-04-01
2024-04-20,La Liga,Celta,Las Palmas,H,0.5463766784737127,0.26415238812314196,0.1894709334031453,0.5741076650647807,0.24688090431538917,0.17901143061983016,2024-04-01
2024-04-20,La Liga,Vallecano,Osasuna,H,0.4767854644992469,0.28207650987186367,0.2411380256288895,0.45607119621752695,0.316427246887079,0.22750155689539403,2024-04-01
2024-04-20,La Liga,Valencia,Betis,A,0.4147032212384832,0.27667272997570336,0.30862404878581345,0.3474856727742352,0.31108241181693436,0.34143191540883033,2024-04-01
2024-04-20,La Liga,Girona,Cadiz,H,0.6630492627225565,0.19284151268427216,0.14410922459317166,0.692552225249773,0.19391462306993643,0.11353315168029066,2024-04-01
2024-04-21,La Liga,Getafe,Sociedad,D,0.31716049408362845,0.2970278862294758,0.3858116196868957,0.24906499545132926,0.31618315980996664,0.43475184473870415,2024-04-01
2024-04-21,La Liga,Almeria,Villarreal,A,0.31342806608527884,0.22716760821492504,0.4594043256997961,0.2727923450404155,0.23919722865612789,0.48801042630345676,2024-04-01
2024-04-21,La Liga,Alaves,Ath Madrid,H,0.26760364004445786,0.2618443147790123,0.4705520451765298,0.1799608780699848,0.2811562703760052,0.53888285155401,2024-04-01
2024-04-21,La Liga,Real Madrid,Barcelona,H,0.46386362359614636,0.23867449703761473,0.2974618793662388,0.5628178329641531,0.22128973886999653,0.2158924281658503,2024-04-01
2024-04-22,La Liga,Sevilla,Mallorca,H,0.5005023996217021,0.26918021374534823,0.2303173866329498,0.4582245248502283,0.30937451996257453,0.23240095518719717,2024-04-01
2024-04-26,La Liga,Sociedad,Real Madrid,A,0.35904133910878877,0.26548613259040715,0.3754725283008043,0.41061411528346814,0.30316369259246717,0.2862221921240646,2024-04-01
2024-04-27,La Liga,Ath Madrid,Ath Bilbao,H,0.4813833404960119,0.26553837838925903,0.2530782811147289,0.49309681086957247,0.27833831444500223,0.22856487468542536,2024-04-01
2024-04-27,La Liga,Alaves,Celta,H,0.4266485701509547,0.2766379910992076,0.29671343874983774,0.3651155172144829,0.3132926696098466,0.32159181317567037,2024-04-01
2024-04-27,La Liga,Las Palmas,Girona,A,0.2848195997172149,0.26050717024205766,0.45467323004072746,0.18442458351852545,0.23705306222990957,0.578522354251565,2024-04-01
2024-04-27,La Liga,Almeria,Getafe,A,0.3824185206294664,0.2699043790618021,0.3476771003087313,0.3755563798219585,0.30021327893175076,0.32423034124629085,2024-04-01
2024-04-28,La Liga,Cadiz,Mallorca,D,0.3827779950848389,0.29930868780109104,0.3179133171140702,0.34018175866315414,0.34997116179015136,0.3098470795466945,2024-04-01
2024-04-28,La Liga,Granada,Osasuna,H,0.41746526178731647,0.27492388433729104,0.30761085387539255,0.4070373358872458,0.3118010361443966,0.2811616279683577,2024-04-01
2024-04-28,La Liga,Villarreal,Vallecano,H,0.5589445803104655,0.23269452837917934,0.20836089131035543,0.5423979429745515,0.25617211554734753,0.20142994147810106,2024-04-01
2024-04-28,La Liga,Betis,Sevilla,D,0.4924052036064516,0.25316180757586515,0.254432988817683,0.49100087136804776,0.276974850515309,0.23202427811664308,2024-04-01
2024-04-29,La Liga,Barcelona,Valencia,H,0.7308334991296053,0.17075876355206132,0.09840773731833344,0.7279283528392326,0.16521240772631046,0.10685923943445688,2024-04-01
2024-05-03,La Liga,Getafe,Ath Bilbao,A,0.2978981978693964,0.3010471917025728,0.40105461042803087,0.24715896815451754,0.3113252387330942,0.44151579311238814,2024-05-03
2024-05-04,La Liga,Sociedad,Las Palmas,H,0.6889432090065547,0.2070992157892666,0.10395757520417856,0.7187036071760832,0.1906188349091773,0.09067755791473948,2024-05-03
2024-05-04,La Liga,Real Madrid,Cadiz,H,0.7934752432220763,0.1384561439004035,0.06806861287752003,0.7108396847018602,0.192195222901497,0.0969650923966429,2024-05-03
2024-05-04,La Liga,Girona,Barcelona,H,0.3058296834003623,0.22453292958387497,0.4696373870157628,0.33214601129421767,0.2501768157048992,0.41767717300088325,2024-05-03
2024-05-04,La Liga,Mallorca,Ath Madrid,A,0.26764512879061525,0.28033459107292275,0.45202028013646184,0.24951076320939342,0.31800391389432486,0.43248532289628183,2024-05-03
2024-05-05,La Liga,Vallecano,Almeria,A,0.5345255357468842,0.24407668535742982,0.2213977788956859,0.5817778347669305,0.24472770379364578,0.17349446143942387,2024-05-03
2024-05-05,La Liga,Sevilla,Granada,H,0.5736270655130478,0.23195694987195406,0.19441598461499834,0.5637604228624015,0.2461086109957691,0.1901309661418295,2024-05-03
2024-05-05,La Liga,Osasuna,Betis,A,0.3809213860417058,0.27775318945234373,0.34132542450595066,0.284325637910085,0.3001215066828676,0.41555285540704745,2024-05-03
2024-05-05,La Liga,Celta,Villarreal,H,0.3998232159441181,0.24712468844848606,0.3530520956073958,0.34262481103516923,0.26659026392873436,0.3907849250360965,2024-05-03
2024-05-05,La Liga,Valencia,Alaves,A,0.46512194906288273,0.27691708178458063,0.25796096915253675,0.4360587078051237,0.31267232103068354,0.25126897116419267,2024-05-03
2024-05-10,La Liga,Alaves,Girona,D,0.37795502019022376,0.24892869591507114,0.373116283894705,0.3049469457459064,0.2665152758710798,0.4285377783830138,2024-05-03
2024-05-11,La Liga,Mallorca,Las Palmas,H,0.5326632433420098,0.27984027477331497,0.18749648188467552,0.5908883784512662,0.27452037979038996,0.13459124175834397,2024-05-03
2024-05-11,La Liga,Villarreal,Sevilla,H,0.5472525641618116,0.2225614794172805,0.23018595642090814,0.48179684515037396,0.2508323781452978,0.26737077670432835,2024-05-03
2024-05-11,La Liga,Granada,Real Madrid,A,0.18056437439329948,0.2170865342260933,0.6023490913806073,0.16798067379538945,0.21070619299986895,0.6213131332047417,2024-05-03
2024-05-11,La Liga,Ath Bilbao,Osasuna,D,0.6191680497380064,0.23615350875136798,0.1446784415106255,0.6855448999055848,0.21151385314373622,0.10294124695067886,2024-05-03
2024-05-12,La Liga,Cadiz,Getafe,H,0.3736711406136361,0.2971692990367609,0.32915956034960286,0.45661544524633085,0.30204686284928095,0.24133769190438825,2024-05-03
2024-05-12,La Liga,Ath Madrid,Celta,H,0.6484827490374547,0.2068867605162195,0.14463049044632542,0.6972768760665105,0.19041549267828087,0.11230763125520851,2024-05-03
2024-05-12,La Liga,Valencia,Vallecano,D,0.4447355227554768,0.2904956288414067,0.26476884840311643,0.4265521869426927,0.31271350039528595,0.2607343126620213,2024-05-03
2024-05-12,La Liga,Betis,Almeria,H,0.6175561082995296,0.20585581696311425,0.1765880747373564,0.7066381156316915,0.17601713062098498,0.11734475374732332,2024-05-03
2024-05-13,La Liga,Barcelona,Sociedad,H,0.6004066736679324,0.22423461178741919,0.17535871454464846,0.5608028569726642,0.244380086287836,0.19481705673949976,2024-05-03
2024-05-14,La Liga,Girona,Villarreal,A,0.5094197878432689,0.21168214500475385,0.27889806715197724,0.563713349844212,0.21642566110090275,0.21986098905488535,2024-05-03
2024-05-14,La Liga,Real Madrid,Alaves,H,0.7412047562409453,0.16472708010734827,0.09406816365170625,0.8020563126773725,0.12953803165717995,0.06840565566544754,2024-05-03
2024-05-14,La Liga,Osasuna,Mallorca,D,0.4364177402377918,0.2958037545604894,0.26777850520171886,0.3517419936711321,0.3359742491272538,0.31228375720161405,2024-05-03
2024-05-15,La Liga,Sevilla,Cadiz,A,0.57798280107218,0.23797471876549736,0.18404248016232294,0.4440334232744364,0.2843371920967882,0.2716293846287753,2024-05-03
2024-05-15,La Liga,Vallecano,Granada,H,0.5119630538540413,0.26617764371087066,0.22185930243508822,0.6245106458916562,0.22992672235916084,0.14556263174918302,2024-05-03
2024-05-15,La Liga,Celta,Ath Bilbao,H,0.3131504375770357,0.2842368753567942,0.40261268706617004,0.4234713901703928,0.30061240660243926,0.2759162032271681,2024-05-03
2024-05-15,La Liga,Getafe,Ath Madrid,A,0.2841059818320361,0.27790988767019265,0.4379841304977714,0.19019624794674506,0.25866689720757324,0.5511368548456816,2024-05-03
2024-05-16,La Liga,Las Palmas,Betis,D,0.2803967286723968,0.2813125026843643,0.43829076864323874,0.30049261083743845,0.30049261083743845,0.3990147783251232,2024-05-03
2024-05-16,La Liga,Almeria,Barcelona,A,0.17249252917053562,0.19316513708411429,0.6343423337453499,0.13553713489395428,0.17716462787783785,0.6872982372282079,2024-05-03
2024-05-16,La Liga,Sociedad,Valencia,H,0.5783210007370901,0.24861634030643612,0.17306265895647358,0.6591807608392526,0.2258731278400236,0.11494611132072377,2024-05-03
2024-05-18,La Liga,Alaves,Getafe,H,0.43635328364326254,0.28833879659012857,0.27530791976660907,0.48810545902805846,0.2865279833232556,0.22536655764868596,2024-05-03
2024-05-19,La Liga,Mallorca,Almeria,D,0.5097508990596313,0.25306044224399116,0.23718865869637748,0.6983045673807159,0.2052100102873562,0.09648542233192792,2024-05-03
2024-05-19,La Liga,Villarreal,Real Madrid,D,0.3099027794324757,0.23168934730361837,0.4584078732639059,0.32207690806168265,0.24562430867330343,0.432298783265014,2024-05-03
2024-05-19,La Liga,Valencia,Girona,A,0.391231792562779,0.2509159421707295,0.35785226526649144,0.24393002814577242,0.25820252979259956,0.4978674420616279,2024-05-03
2024-05-19,La Liga,Granada,Celta,A,0.3950039833553919,0.26896631475769367,0.33602970188691456,0.24142430178385652,0.29305419764727164,0.46552150056887176,2024-05-03
2024-05-19,La Liga,Cadiz,Las Palmas,D,0.492399980654673,0.2814262243296763,0.22617379501565055,0.5037779084753063,0.2834668697834813,0.21275522174121247,2024-05-03
2024-05-19,La Liga,Betis,Sociedad,A,0.3817159966766079,0.2786213051801368,0.3396626981432553,0.28045074942010284,0.3190701968812318,0.4004790536986653,2024-05-03
2024-05-19,La Liga,Barcelona,Vallecano,H,0.7225744045190177,0.17757583675504612,0.09984975872593625,0.7432524566838103,0.15944359631830915,0.09730394699788052,2024-05-03
2024-05-19,La Liga,Ath Madrid,Osasuna,A,0.6670445528431674,0.2047513361882102,0.12820411096862241,0.7399275954688777,0.16828214410837322,0.09179026042274903,2024-05-03
2024-05-19,La Liga,Ath Bilbao,Sevilla,H,0.5789205382353123,0.24168258757007424,0.17939687419461345,0.620674583273905,0.22465251737988212,0.15467289934621276,2024-05-03
2024-05-24,La Liga,Girona,Granada,H,0.6573472051601514,0.18803720284041253,0.15461559199943603,0.7907618618799612,0.1272730173474344,0.0819651207726043,2024-05-03
2024-05-25,La Liga,Osasuna,Villarreal,D,0.3612653963762641,0.25654791439896174,0.3821866892247741,0.377199289223995,0.25277251070075507,0.3700282000752499,2024-05-03
2024-05-25,La Liga,Sociedad,Ath Madrid,A,0.4124059575550025,0.2755703702188192,0.3120236722261785,0.3618338573109341,0.29054718691534703,0.3476189557737188,2024-05-03
2024-05-25,La Liga,Almeria,Cadiz,H,0.4916840129180854,0.24721194707657246,0.2611040400053419,0.4379072127819794,0.25924106996693186,0.3028517172510886,2024-05-03
2024-05-25,La Liga,Vallecano,Ath Bilbao,A,0.2986768010105318,0.3026033452111241,0.398719853778344,0.29580746223988424,0.300372392212722,0.40382014554739387,2024-05-03
2024-05-25,La Liga,Real Madrid,Betis,D,0.6901892562657221,0.18348829059802207,0.12632245313625579,0.8011652093335042,0.11957689691544841,0.0792578937510474,2024-05-03
2024-05-26,La Liga,Las Palmas,Alaves,D,0.3346848988409111,0.29777145634809576,0.3675436448109932,0.4093628634407474,0.2783667471397082,0.31227038941954444,2024-05-03
2024-05-26,La Liga,Sevilla,Barcelona,A,0.25529293337003284,0.23890707508400166,0.5057999915459654,0.20507497754128945,0.22095777762421395,0.5739672448344966,2024-05-03
2024-05-26,La Liga,Getafe,Mallorca,A,0.4503363754028881,0.29964797439681123,0.2500156502003006,0.4037609657003862,0.31088304387793314,0.2853559904216806,2024-05-03
2024-05-26,La Liga,Celta,Valencia,D,0.464893592329451,0.2705410890210466,0.2645653186495025,0.5087681175871542,0.2570759535956256,0.23415592881722033,2024-05-03
2024-08-15,La Liga,Ath Bilbao,Getafe,D,0.5779325876256295,0.25002523250770137,0.1720421798666694,0.6030649276556632,0.2617074214354765,0.13522765090886044,2024-08-15
2024-08-15,La Liga,Betis,Girona,D,0.4598972442027179,0.22782184592139748,0.31228090987588475,0.41369865072536194,0.2834378510800584,0.3028634981945796,2024-08-15
2024-08-16,La Liga,Celta,Alaves,H,0.48550008936826167,0.25625499479211433,0.25824491583962395,0.4524494652187677,0.29748206428756896,0.2500684704936634,2024-08-15
2024-08-16,La Liga,Las Palmas,Sevilla,D,0.32089127454600463,0.27535044649522683,0.4037582789587685,0.36767119056352443,0.29979343230564304,0.33253537713083264,2024-08-15
2024-08-17,La Liga,Osasuna,Leganes,D,0.3999748235365152,0.3117540177009765,0.28827115876250836,0.5166875083467893,0.29615015722315974,0.18716233443005084,2024-08-15
2024-08-17,La Liga,Valencia,Barcelona,A,0.2452740215982684,0.24100647062108407,0.5137195077806478,0.2279323555589954,0.2610193103982044,0.5110483340428003,2024-08-15
2024-08-18,La Liga,Sociedad,Vallecano,A,0.5401952565685904,0.2651036764338647,0.19470106699754494,0.5411609917655332,0.2882970759703287,0.17054193226413814,2024-08-15
2024-08-18,La Liga,Mallorca,Real Madrid,D,0.22931034541542225,0.25833678800183796,0.5123528665827402,0.10343472451465849,0.20576907961958657,0.6907961958657549,2024-08-15
2024-08-19,La Liga,Valladolid,Espanol,H,0.4039076405990303,0.2638530674160249,0.33223929198494484,0.41744637761207765,0.32859799318788546,0.2539556292000368,2024-08-15
2024-08-19,La Liga,Villarreal,Ath Madrid,D,0.36861693550547736,0.24163705854271808,0.3897460059518045,0.27657742962899207,0.2727037961607989,0.4507187742102092,2024-08-15
2024-08-23,La Liga,Sevilla,Villarreal,A,0.4514983386306071,0.232812927266024,0.31568873410336873,0.4396613050917329,0.26767258519358944,0.29266610971467766,2024-08-15
2024-08-23,La Liga,Celta,Valencia,H,0.4778332434748566,0.26038907712266945,0.261777679402474,0.44645903590557434,0.28541955961118826,0.2681214044832375,2024-08-15
2024-08-24,La Liga,Getafe,Vallecano,D,0.425172407737065,0.2932726517263671,0.28155494053656804,0.3553065718811575,0.3514584862651161,0.2932349418537264,2024-08-15
2024-08-24,La Liga,Espanol,Sociedad,A,0.3081320687205598,0.27152017887952107,0.42034775239991884,0.24932830646559195,0.31266250650025995,0.43800918703414793,2024-08-15
2024-08-24,La Liga,Osasuna,Mallorca,H,0.4276497897372519,0.2985522288885018,0.27379798137424627,0.40070248324048724,0.3202983665376264,0.27899915022188654,2024-08-15
2024-08-24,La Liga,Barcelona,Ath Bilbao,H,0.5902433048514979,0.22434907252352235,0.18540762262497973,0.6056894508099566,0.22125642038719878,0.17305412880284474,2024-08-15
2024-08-25,La Liga,Real Madrid,Valladolid,H,0.8221253743630552,0.11901048832613832,0.058864137310806565,0.8513215338303204,0.1004665164147583,0.048211949754921275,2024-08-15
2024-08-25,La Liga,Leganes,Las Palmas,H,0.5328383621391424,0.2863899432878458,0.18077169457301187,0.4040437445976925,0.3224322597617348,0.2735239956405728,2024-08-15
2024-08-25,La Liga,Alaves,Betis,D,0.4144512965551321,0.26604183151133987,0.3195068719335282,0.38774178032775625,0.32768749785275014,0.28457072181949356,2024-08-15
2024-08-25,La Liga,Ath Madrid,Girona,H,0.6113847940708774,0.19692165611275816,0.19169354981636444,0.647002772002772,0.21006583506583507,0.14293139293139293,2024-08-15
2024-08-26,La Liga,Villarreal,Celta,H,0.5548584507171256,0.2190606113869432,0.22608093789593126,0.5769425523921531,0.23188121722938212,0.1911762303784649,2024-08-15
2024-08-27,La Liga,Mallorca,Sevilla,D,0.40888811053692503,0.28265067756071965,0.30846121190235537,0.41056976337305334,0.30407823099816766,0.285352005628779,2024-08-15
2024-08-27,La Liga,Vallecano,Barcelona,A,0.25368110365352475,0.2533340146444855,0.4929848817019898,0.18328472450618774,0.2430015520395321,0.57371372345428,2024-08-15
2024-08-28,La Liga,Ath Bilbao,Valencia,H,0.5797443048206644,0.24340497689724172,0.17685071828209403,0.5540049148444819,0.26062059166071055,0.1853744934948075,2024-08-15
2024-08-28,La Liga,Valladolid,Leganes,D,0.33230557096269775,0.30651972375485265,0.36117470528244966,0.43895693401817465,0.32161201106282106,0.23943105491900435,2024-08-15
2024-08-28,La Liga,Ath Madrid,Espanol,D,0.7117610193290231,0.17626794787203684,0.11197103279894025,0.762100545135622,0.16920763851787415,0.0686918163465039,2024-08-15
2024-08-28,La Liga,Sociedad,Alaves,A,0.5709201853165837,0.24510495425425624,0.18397486042915995,0.5914321860991192,0.25865300938734814,0.14991480451353253,2024-08-15
2024-08-29,La Liga,Las Palmas,Real Madrid,D,0.15956465286389143,0.21869467568233805,0.6217406714537707,0.0975129686177845,0.17370589750193152,0.7287811338802841,2024-08-15
2024-08-29,La Liga,Girona,Osasuna,H,0.6201933701108517,0.2014131578077131,0.1783934720814351,0.5782055826672388,0.24224074286308261,0.1795536744696786,2024-08-15
2024-08-31,La Liga,Barcelona,Valladolid,H,0.8256181070398514,0.11650295644919588,0.05787893651095278,0.8107818317618847,0.12433381182946429,0.06488435640865116,2024-08-15
2024-08-31,La Liga,Ath Bilbao,Ath Madrid,A,0.4092760213069413,0.2749162055742037,0.31580777311885516,0.34532474478524755,0.3005604260167895,0.35411482919796294,2024-08-15
2024-08-31,La Liga,Espanol,Vallecano,H,0.39995581050867735,0.2764003513712753,0.3236438381200473,0.3367439096386248,0.33558272374331927,0.3276733666180558,2024-08-15
2024-08-31,La Liga,Leganes,Mallorca,A,0.43641980097517286,0.32144656666052046,0.2421336323643065,0.34176050679491804,0.3529048711469263,0.30533462205815565,2024-08-15
2024-08-31,La Liga,Valencia,Villarreal,D,0.41284841008793555,0.24733967850748204,0.3398119114045822,0.36433756277162205,0.30590606685541843,0.3297563703729596,2024-08-15
2024-09-01,La Liga,Alaves,Las Palmas,H,0.5640283911197365,0.25078993063587174,0.18518167824439188,0.5590539087697742,0.26724005529104594,0.17370603593917988,2024-08-15
2024-09-01,La Liga,Osasuna,Celta,H,0.41871276911655037,0.273179039377673,0.3081081915057769,0.3905684442759143,0.29470164431728085,0.31472991140680484,2024-08-15
2024-09-01,La Liga,Sevilla,Girona,A,0.4388651256356286,0.2253983319877613,0.33573654237661,0.32620645693501815,0.26705913232592143,0.4067344107390603,2024-08-15
2024-09-01,La Liga,Getafe,Sociedad,D,0.33703879559966493,0.2950252137004128,0.3679359906999223,0.3049135422016778,0.3549905838041431,0.3400958739941791,2024-08-15
2024-09-01,La Liga,Real Madrid,Betis,H,0.6836308745748403,0.18380580309256167,0.1325633223325982,0.7634190216445192,0.1561538907909244,0.08042708756455638,2024-08-15
2024-09-13,La Liga,Betis,Leganes,H,0.4843380905027847,0.2836822839365407,0.23197962556067456,0.5749201215962745,0.26904339952137635,0.15603647888234912,2024-08-15
2024-09-14,La Liga,Espanol,Alaves,H,0.40298974359855355,0.2653772590072521,0.3316329973941944,0.3234953861494895,0.3224242093741601,0.35408040447635036,2024-09-14
2024-09-14,La Liga,Sevilla,Getafe,H,0.47779466930016623,0.271827289509744,0.2503780411900899,0.42327701895325115,0.31711307608875494,0.259609904957994,2024-09-14
2024-09-14,La Liga,Mallorca,Villarreal,A,0.3879150795379543,0.2712780412475189,0.34080687921452674,0.4028101097439309,0.3017958097771866,0.29539408047888266,2024-09-14
2024-09-14,La Liga,Sociedad,Real Madrid,A,0.3205638380141349,0.26721108752629624,0.4122250744595689,0.19319843308019027,0.2577687316693255,0.5490328352504843,2024-09-14
2024-09-15,La Liga,Ath Madrid,Valencia,H,0.6601809535773698,0.2089612667662005,0.1308577796564296,0.6958931646240271,0.19862248435880853,0.1054843510171644,2024-09-14
2024-09-15,La Liga,Las Palmas,Ath Bilbao,A,0.22700750481860207,0.2796134400955646,0.4933790550858335,0.2502190292623095,0.28628000700893647,0.4635009637287542,2024-09-14
2024-09-15,La Liga,Celta,Valladolid,H,0.6098990419879154,0.22486002896731955,0.1652409290447651,0.5886151362570626,0.2409962716685244,0.17038859207441284,2024-09-14
2024-09-15,La Liga,Girona,Barcelona,A,0.3305429217918588,0.22135979323532515,0.4480972849728161,0.22025514189013276,0.22910700338453524,0.550637854725332,2024-09-14
2024-09-16,La Liga,Vallecano,Osasuna,H,0.48820479056552657,0.2835645207838612,0.22823068865061233,0.45062563408860323,0.31197159283057146,0.23740277308082516,2024-09-14
2024-09-17,La Liga,Mallorca,Sociedad,H,0.3432810988987862,0.3142687379213069,0.34245016317990684,0.316446282912319,0.36503915781645796,0.3185145592712231,2024-09-14
2024-09-18,La Liga,Betis,Getafe,H,0.5067515261839789,0.27047638859026724,0.22277208522575412,0.5035744906582121,0.30952190030902843,0.18690360903275946,2024-09-14
2024-09-19,La Liga,Leganes,Ath Bilbao,A,0.22925168697692144,0.3055161338265623,0.4652321791965164,0.2315989847715736,0.32423857868020306,0.4441624365482234,2024-09-14
2024-09-20,La Liga,Alaves,Sevilla,H,0.4591747832428016,0.2603481804722217,0.2804770362849766,0.4443770774011238,0.2940138367095048,0.26160908588937126,2024-09-14
2024-09-21,La Liga,Valladolid,Sociedad,D,0.25168215063302524,0.27964175123293655,0.4686760981340382,0.24057979301275087,0.317628223454743,0.44179198353250615,2024-09-14
2024-09-21,La Liga,Osasuna,Las Palmas,H,0.5340765963601971,0.26630516613463595,0.19961823750516697,0.5253367543296985,0.2669980756895446,0.20766516998075693,2024-09-14
2024-09-21,La Liga,Valencia,Girona,H,0.37135895328797075,0.24568104892193943,0.3829599977900898,0.3831202321660881,0.3079510726904632,0.3089286951434488,2024-09-14
2024-09-21,La Liga,Real Madrid,Espanol,H,0.7822292219694925,0.13842092628058944,0.07934985174991822,0.8554874762373168,0.09914880493827363,0.04536371882440957,2024-09-14
2024-09-22,La Liga,Vallecano,Ath Madrid,D,0.2789562970135251,0.2843758088926305,0.4366678940938444,0.16455294863665187,0.2742549143944198,0.5611921369689284,2024-09-14
2024-09-22,La Liga,Villarreal,Barcelona,A,0.29395858789221546,0.22176029826406923,0.4842811138437152,0.2505612095792614,0.23365587495704618,0.5157829154636924,2024-09-14
2024-09-22,La Liga,Getafe,Leganes,D,0.5300348207647761,0.2912582359419048,0.17870694329331907,0.4713894210639836,0.34434830049354836,0.184262278442468,2024-09-14
2024-09-22,La Liga,Ath Bilbao,Celta,H,0.568802299150121,0.2429877137311429,0.18820998711873588,0.532008830022075,0.2660044150110375,0.20198675496688742,2024-09-14
2024-09-23,La Liga,Betis,Mallorca,A,0.5042234535087665,0.27832174318455466,0.21745480330667893,0.5168284194862248,0.30651022985302917,0.17666135066074592,2024-09-14
2024-09-24,La Liga,Sevilla,Valladolid,H,0.6205818946885133,0.22097433165332175,0.15844377365816498,0.6019840145665507,0.24169433003794183,0.15632165539550752,2024-09-14
2024-09-24,La Liga,Valencia,Osasuna,D,0.4861006737378304,0.27436775897728216,0.23953156728488767,0.4861702931523321,0.30290983997030035,0.2109198668773675,2024-09-14
2024-09-24,La Liga,Real Madrid,Alaves,H,0.7092314428303277,0.17761657608812495,0.1131519810815474,0.8347360009127376,0.11939503835496616,0.045868960732296335,2024-09-14
2024-09-25,La Liga,Girona,Vallecano,D,0.5792210161367896,0.22316964544612375,0.1976093384170866,0.56973293768546,0.2522255192878338,0.17804154302670622,2024-09-14
2024-09-25,La Liga,Barcelona,Getafe,H,0.7190613976846068,0.1787158758395146,0.10222272647587863,0.7579316326552042,0.16115489863765142,0.0809134687071444,2024-09-14
2024-09-26,La Liga,Espanol,Villarreal,A,0.3611558389803963,0.23782139225349855,0.4010227687661051,0.2679580765188741,0.2732269151021104,0.45881500837901545,2024-09-14
2024-09-26,La Liga,Las Palmas,Betis,D,0.2776547821785799,0.27620752167043044,0.4461376961509895,0.2637913524492751,0.28969943170768603,0.446509215843039,2024-09-14
2024-09-26,La Liga,Celta,Ath Madrid,A,0.28679876549354394,0.25987062059193566,0.45333061391452023,0.23008735486301843,0.2719800105103467,0.49793263462663484,2024-09-14
2024-09-27,La Liga,Valladolid,Mallorca,A,0.32696590924439445,0.3095642635354245,0.36346982722018095,0.28846900827240873,0.3317885863064906,0.3797424054211006,2024-09-14
2024-09-28,La Liga,Sociedad,Valencia,H,0.5441901098102085,0.2588964821742574,0.19691340801553406,0.521492241465009,0.2930439785875881,0.18546377994740282,2024-09-14
2024-09-28,La Liga,Osasuna,Barcelona,H,0.19775117810093326,0.232249178652984,0.5699996432460827,0.21721969676348096,0.24335138960720795,0.539428913629311,2024-09-14
2024-09-28,La Liga,Getafe,Alaves,H,0.431390566883972,0.2889280022512549,0.27968143086477315,0.3771853394136218,0.35909157774433376,0.2637230828420446,2024-09-14
2024-09-28,La Liga,Vallecano,Leganes,D,0.5426857330137135,0.28471440569865714,0.17259986128762922,0.5113382593186553,0.31039702642346484,0.17826471425787982,2024-09-14
2024-09-29,La Liga,Celta,Girona,D,0.3948292918015399,0.2340738241002069,0.3710968840982532,0.37431394072447854,0.28540065861690445,0.3402854006586169,2024-09-14
2024-09-29,La Liga,Ath Bilbao,Sevilla,D,0.5579670613666677,0.24641999362507788,0.19561294500825419,0.5589958614993246,0.25503259463629663,0.18597154386437875,2024-09-14
2024-09-29,La Liga,Betis,Espanol,H,0.5872913235268707,0.22613766172128646,0.186571014751843,0.6447198033088776,0.23014820401806263,0.12513199267305977,2024-09-14
2024-09-29,La Liga,Ath Madrid,Real Madrid,D,0.43080551414716584,0.25601910230322483,0.31317538354960944,0.34243910031909097,0.3039147015331932,0.35364619814771575,2024-09-14
2024-09-30,La Liga,Villarreal,Las Palmas,H,0.6921781436914112,0.1828051507288527,0.12501670557973601,0.6442078208187995,0.2023131999265651,0.1534789792546356,2024-09-14
2024-10-04,La Liga,Leganes,Valencia,D,0.3256012381866581,0.31275906105895346,0.3616397007543886,0.32476635514018687,0.3504672897196262,0.32476635514018687,2024-09-14
2024-10-05,La Liga,Espanol,Mallorca,H,0.4073323614585913,0.2895751604808177,0.303092478060591,0.25689298622697565,0.3322950231400128,0.4108119906330116,2024-09-14
2024-10-05,La Liga,Getafe,Osasuna,D,0.475626807414653,0.2887736142549128,0.23559957833043407,0.4404764027314707,0.31916486886444273,0.2403587284040865,2024-09-14
2024-10-05,La Liga,Las Palmas,Celta,A,0.31974085292460425,0.2751041713137155,0.40515497576168025,0.2551190086899651,0.27303466941257504,0.4718463218974598,2024-09-14
2024-10-05,La Liga,Valladolid,Vallecano,A,0.31742619183327936,0.29668244375167685,0.385891364415044,0.27708797152657016,0.329910762085147,0.39300126638828276,2024-09-14
2024-10-05,La Liga,Real Madrid,Villarreal,H,0.69485757364728,0.1689677236161412,0.13617470273657892,0.7590132827324478,0.1469431202850928,0.0940435969824594,2024-09-14
2024-10-06,La Liga,Sociedad,Ath Madrid,D,0.3531372307557786,0.2849053036081711,0.36195746563605025,0.3372564414507208,0.3133990726021168,0.34934448594716244,2024-09-14
2024-10-06,La Liga,Sevilla,Betis,H,0.43382728563953593,0.26083345542503317,0.305339258935431,0.35126286067168727,0.3012378093066792,0.34749933002163347,2024-09-14
2024-10-06,La Liga,Alaves,Barcelona,A,0.24113575656349695,0.23879991287637364,0.5200643305601296,0.19860460831036997,0.23345589774944928,0.5679394939401807,2024-09-14
2024-10-06,La Liga,Girona,Ath Bilbao,H,0.4613304249891626,0.24639604596795164,0.2922735290428858,0.4020041753653445,0.29302713987473905,0.3049686847599165,2024-09-14
2024-10-18,La Liga,Alaves,Valladolid,A,0.6080668243204658,0.2323246701094269,0.15960850557010714,0.5990439561772807,0.24568385038156826,0.15527219344115117,2024-10-18
2024-10-19,La Liga,Ath Bilbao,Espanol,H,0.676275330578398,0.2009796214549056,0.12274504796669634,0.686880727110184,0.21008716382328835,0.1030321090665276,2024-10-18
2024-10-19,La Liga,Osasuna,Betis,A,0.36033826056973417,0.28603636152209067,0.3536253779081753,0.3991333581234396,0.3101545840194881,0.2907120578570724,2024-10-18
2024-10-19,La Liga,Girona,Sociedad,A,0.4887181647606612,0.2438914205040386,0.26739041473530006,0.34739299610894936,0.3039688715953307,0.3486381322957198,2024-10-18
2024-10-19,La Liga,Celta,Real Madrid,A,0.25457448575636704,0.24790732506438995,0.49751818917924295,0.1631195173409335,0.21472591331383947,0.6221545693452271,2024-10-18
2024-10-20,La Liga,Mallorca,Vallecano,H,0.4199936023344653,0.31455714165931414,0.2654492560062202,0.4723866343616498,0.30794824898259443,0.2196651166557559,2024-10-18
2024-10-20,La Liga,Ath Madrid,Leganes,H,0.7070890980272222,0.20517660195537502,0.08773430001740286,0.6875330333603612,0.21074382109524117,0.10172314554439763,2024-10-18
2024-10-20,La Liga,Villarreal,Getafe,D,0.5664200264887578,0.23384547655138097,0.19973449695986106,0.5217963617755226,0.2780920438115966,0.20011159441288084,2024-10-18
2024-10-20,La Liga,Barcelona,Sevilla,H,0.7268485375498599,0.16506939414967936,0.10808206830046081,0.7479929227423295,0.15740797232261097,0.09459910493505935,2024-10-18
2024-10-21,La Liga,Valencia,Las Palmas,A,0.574997825515515,0.2490574920120323,0.17594468247245268,0.5039369323576519,0.28690214733046254,0.20916092031188557,2024-10-18
2024-10-25,La Liga,Espanol,Sevilla,A,0.3509785504898793,0.2621758983622983,0.38684555114782254,0.3150219943888331,0.3032454712341103,0.38173253437705656,2024-10-18
2024-10-26,La Liga,Real Madrid,Barcelona,A,0.4805502385636737,0.23524517411275372,0.28420458732357257,0.48800561355647665,0.2404320339961178,0.27156235244740573,2024-10-18
2024-10-26,La Liga,Las Palmas,Girona,H,0.23878955573507005,0.23288802151368349,0.5283224227512465,0.36471908040324563,0.3016812146545365,0.33359970494221786,2024-10-18
2024-10-26,La Liga,Vallecano,Alaves,H,0.45212262009010196,0.28628099451945815,0.2615963853904399,0.4655241104781234,0.31385335190299285,0.22062253761888384,2024-10-18
2024-10-26,La Liga,Valladolid,Villarreal,A,0.24939989427532594,0.23759768481222898,0.513002420912445,0.24241767617603044,0.27153488309102847,0.48604744073294104,2024-10-18
2024-10-27,La Liga,Leganes,Celta,H,0.32110290549371473,0.3112065292755559,0.3676905652307291,0.2511025979461095,0.2990052474004443,0.4498921546534462,2024-10-18
2024-10-27,La Liga,Getafe,Valencia,D,0.46252812496357903,0.29088919731808655,0.24658267771833453,0.45460498778034314,0.3366279148269669,0.20876709739268978,2024-10-18
2024-10-27,La Liga,Betis,Ath Madrid,H,0.3339364833820588,0.27624958067227345,0.3898139359456678,0.2685450990937302,0.29893093599424403,0.4325239649120257,2024-10-18
2024-10-27,La Liga,Sociedad,Osasuna,A,0.571954697227058,0.25596866101934085,0.17207664175360116,0.5914487204127797,0.254586850781354,0.15396442880586647,2024-10-18
2024-10-28,La Liga,Mallorca,Ath Bilbao,D,0.33118846392301726,0.31379209125787255,0.35501944481911013,0.383047511948271,0.32175991003654764,0.29519257801518134,2024-10-18
2024-11-01,La Liga,Alaves,Mallorca,H,0.445877834308527,0.29475973668217825,0.25936242900929496,0.40737560177698473,0.3322961393334449,0.2603282588895704,2024-10-18
2024-11-02,La Liga,Osasuna,Valladolid,H,0.5533065732524733,0.2589686400716226,0.1877247866759042,0.5644991821835158,0.26456092462006736,0.17093989319641675,2024-10-18
2024-11-02,La Liga,Girona,Leganes,H,0.67339805329014,0.20399538380686777,0.12260656290299247,0.5637098421092231,0.27083266157202895,0.16545749631874807,2024-10-18
2024-11-03,La Liga,Sevilla,Sociedad,A,0.3942364666345089,0.28021820711750367,0.3255453262479874,0.28296661951058,0.3080396111127833,0.4089937693766367,2024-10-18
2024-11-03,La Liga,Ath Bilbao,Betis,D,0.5135286627784148,0.26302824738673786,0.22344308983484737,0.5027817092021418,0.2756729257841289,0.22154536501372915,2024-10-18
2024-11-03,La Liga,Ath Madrid,Las Palmas,H,0.7769133227605772,0.15398820927355514,0.06909846796586767,0.7215567081193028,0.17741027318896618,0.10103301869173101,2024-10-18
2024-11-03,La Liga,Barcelona,Espanol,H,0.8366941535572405,0.10828688497979622,0.055018961462963166,0.8326983781430283,0.11363883748775444,0.05366278436921737,2024-10-18
2024-11-04,La Liga,Celta,Getafe,H,0.4662831550436857,0.2803988969857142,0.2533179479705999,0.45115121344119474,0.3248288736776602,0.22401991288114503,2024-10-18
2024-11-08,La Liga,Vallecano,Las Palmas,A,0.5928689418859868,0.24893579927150858,0.15819525884250443,0.5133464429871193,0.28452339508670244,0.20213016192617822,2024-10-18
2024-11-09,La Liga,Real Madrid,Osasuna,H,0.7398688888512769,0.17012905653593324,0.09000205461278989,0.769914124962985,0.1492448919159017,0.08084098312111342,2024-10-18
2024-11-09,La Liga,Villarreal,Alaves,H,0.5795738043307731,0.21871881382016609,0.2017073818490607,0.6140554170181601,0.23434965190548146,0.1515949310763583,2024-10-18
2024-11-09,La Liga,Leganes,Sevilla,H,0.3130618147500543,0.30843755233813824,0.3785006329118074,0.30512383008523597,0.3233704378644195,0.3715057320503445,2024-10-18
2024-11-10,La Liga,Betis,Celta,D,0.5164609398517569,0.25175016375672365,0.23178889639151942,0.4296481864720618,0.3004901426859819,0.26986167084195617,2024-10-18
2024-11-10,La Liga,Mallorca,Ath Madrid,A,0.27207785623165515,0.2993533533366701,0.4285687904316749,0.2725055859902231,0.3320289904385995,0.3954654235711775,2024-10-18
2024-11-10,La Liga,Getafe,Girona,A,0.3737347898537947,0.2626606856793712,0.36360452446683417,0.37393086655673535,0.3375764767526083,0.2884926566906564,2024-10-18
2024-11-10,La Liga,Valladolid,Ath Bilbao,D,0.2232409538481365,0.27160099470351545,0.5051580514483479,0.20738775785141728,0.2897237930580993,0.5028884490904834,2024-10-18
2024-11-10,La Liga,Sociedad,Barcelona,H,0.313677783174736,0.26121198700433623,0.425110229820928,0.23863462121928858,0.2568942624207645,0.5044711163599469,2024-10-18
2024-11-22,La Liga,Getafe,Valladolid,H,0.6009450416175232,0.24059025475659818,0.15846470362587856,0.5807164196533705,0.2770846916631796,0.14219888868344993,2024-11-22
2024-11-23,La Liga,Celta,Barcelona,D,0.25643096665460546,0.2332644780076057,0.5103045553377887,0.21921838812579209,0.22584592079006016,0.5549356910841479,2024-11-22
2024-11-23,La Liga,Las Palmas,Mallorca,A,0.3178228244108548,0.30069982572499876,0.3814773498641466,0.339012211477929,0.3243216823138854,0.33666610620818554,2024-11-22
2024-11-23,La Liga,Girona,Espanol,H,0.6898381954620302,0.17593230356364928,0.13422950097432035,0.5416308962229361,0.2656217271887824,0.19274737658828145,2024-11-22
2024-11-23,La Liga,Ath Madrid,Alaves,H,0.6782057877412124,0.19847103240606015,0.12332317985272712,0.6637697414837999,0.21975143368851424,0.11647882482768603,2024-11-22
2024-11-23,La Liga,Valencia,Betis,H,0.3815420857193571,0.26763493301598607,0.350822981264657,0.3786357974943219,0.32009671038171295,0.30126749212396514,2024-11-22
2024-11-24,La Liga,Osasuna,Villarreal,D,0.3620432959331089,0.25029485790939554,0.38766184615749555,0.3660145086832271,0.2923719498790943,0.3416135414376786,2024-11-22
2024-11-24,La Liga,Sevilla,Vallecano,H,0.46690235562100185,0.26903625516900886,0.2640613892099892,0.4763461067080643,0.2944685023286216,0.22918539096331397,2024-11-22
2024-11-24,La Liga,Leganes,Real Madrid,A,0.15126340733776797,0.23075685578209656,0.6179797368801354,0.09569410727921113,0.18695451074625802,0.7173513819745307,2024-11-22
2024-11-24,La Liga,Ath Bilbao,Sociedad,H,0.4668421003818446,0.2801450688406663,0.253012830777489,0.4004522087359528,0.3343982361609503,0.26514955510309685,2024-11-22
2024-11-29,La Liga,Mallorca,Valencia,H,0.47887362056911426,0.2862566347074847,0.234869744723401,0.44152391480013575,0.3416739835379142,0.21680210166195005,2024-11-22
2024-11-30,La Liga,Barcelona,Las Palmas,A,0.8537592614371662,0.10033030524855513,0.04591043331427894,0.8561073562542854,0.10183171711235182,0.042060926633362715,2024-11-22
2024-11-30,La Liga,Alaves,Leganes,D,0.56572352384857,0.26143363450937174,0.17284284164205818,0.5246405418703619,0.30714715267726883,0.1682123054523691,2024-11-22
2024-11-30,La Liga,Espanol,Celta,H,0.3689381982665743,0.26371678781949404,0.36734501391393176,0.25418306101427174,0.31505537983322357,0.4307615591525048,2024-11-22
2024-11-30,La Liga,Valladolid,Ath Madrid,A,0.1721065352702403,0.23098213752587105,0.5969113272038886,0.12175403718491216,0.2115376488508102,0.6667083139642777,2024-11-22
2024-12-01,La Liga,Sociedad,Betis,H,0.5172632319946024,0.25401076182366733,0.22872600618173045,0.5777499668263338,0.2574588711586846,0.1647911620149815,2024-11-22
2024-12-01,La Liga,Vallecano,Ath Bilbao,A,0.3480555389715282,0.2923848702462223,0.35955959078224964,0.2855210876993817,0.32346408938700727,0.3910148229136111,2024-11-22
2024-12-01,La Liga,Villarreal,Girona,D,0.5102140723996369,0.21102897650201097,0.27875695109835225,0.5364930870250181,0.24771747130491903,0.21578944167006278,2024-11-22
2024-12-01,La Liga,Real Madrid,Getafe,H,0.691339375646776,0.19297798100286204,0.11568264335036177,0.7261067023496006,0.19054887616331467,0.0833444214870846,2024-11-22
2024-12-02,La Liga,Sevilla,Osasuna,D,0.5164175667517585,0.2546779305627508,0.22890450268549062,0.49283378846288173,0.27979324589967636,0.22737296563744194,2024-11-22
2024-12-03,La Liga,Mallorca,Barcelona,A,0.24253739989791054,0.25734209970237193,0.5001205003997178,0.16743057427878136,0.2341601509840928,0.598409274737126,2024-11-22
2024-12-04,La Liga,Ath Bilbao,Real Madrid,H,0.36378640506734194,0.2658122208009381,0.37040137413172,0.2876633592595731,0.2802023499416015,0.4321342907988253,2024-11-22
2024-12-06,La Liga,Celta,Mallorca,H,0.46599444903281795,0.28149598387902575,0.2525095670881563,0.5108537001956461,0.29502189373000837,0.19412440607434553,2024-11-22
2024-12-07,La Liga,Las Palmas,Valladolid,H,0.4732821041200898,0.26667331142485934,0.26004458445505074,0.5887920370530192,0.2549408820229568,0.15626708092402403,2024-11-22
2024-12-07,La Liga,Betis,Barcelona,D,0.2943259929674029,0.2357563827511971,0.4699176242813999,0.16194661314423645,0.2009213167225174,0.6371320701332461,2024-11-22
2024-12-07,La Liga,Valencia,Vallecano,A,0.41786083592731965,0.2849108846250244,0.29722827944765573,0.44198541731417085,0.3167322208766045,0.24128236180922477,2024-11-22
2024-12-07,La Liga,Girona,Real Madrid,A,0.3438432254888334,0.23227228270196115,0.4238844918092053,0.2270934044562983,0.24178103758033753,0.5311255579633642,2024-11-22
2024-12-08,La Liga,Ath Madrid,Sevilla,H,0.6596381375378658,0.20344690682732178,0.13691495563481249,0.7027957780147843,0.1975271229450921,0.09967709904012356,2024-11-22
2024-12-08,La Liga,Leganes,Sociedad,A,0.23052931115121142,0.2990179215762503,0.4704527672725381,0.15537975458620099,0.31225354527419236,0.5323667001396066,2024-11-22
2024-12-08,La Liga,Ath Bilbao,Villarreal,H,0.5310384894834848,0.2325782358630504,0.23638327465346487,0.5195796029583495,0.2736940443752433,0.20672635266640715,2024-11-22
2024-12-08,La Liga,Osasuna,Alaves,D,0.442548801361427,0.27394334502925,0.28350785360932335,0.4300355268351877,0.3155455489115338,0.25441892425327856,2024-11-22
2024-12-09,La Liga,Getafe,Espanol,H,0.550675416381697,0.25319746750820327,0.19612711611009975,0.5250925907781545,0.31539652368168375,0.15951088554016188,2024-11-22
2024-12-13,La Liga,Valladolid,Valencia,H,0.352896505095589,0.2784214355485326,0.3686820593558786,0.29032429518378755,0.30778050280559754,0.401895202010615,2024-11-22
2024-12-14,La Liga,Vallecano,Real Madrid,D,0.25981496615158933,0.2571458477013578,0.4830391861470529,0.14874907938491755,0.22554511571852615,0.6257058048965565,2024-11-22
2024-12-14,La Liga,Sevilla,Celta,H,0.4683688966980665,0.25577489182116825,0.2758562114807653,0.377217708506052,0.29945282706018905,0.32332946443375893,2024-11-22
2024-12-14,La Liga,Espanol,Osasuna,D,0.4181230168477982,0.2713202900172928,0.310556693134909,0.350239948976814,0.3081224867580831,0.3416375642651027,2024-11-22
2024-12-14,La Liga,Mallorca,Girona,H,0.3879222138455355,0.26854858195429954,0.34352920420016503,0.34889148191365227,0.32555425904317387,0.32555425904317387,2024-11-22
2024-12-15,La Liga,Ath Madrid,Getafe,H,0.6344851468170682,0.2269999501684463,0.1385149030144853,0.7362885048835462,0.19534184823441023,0.06836964688204358,2024-11-22
2024-12-15,La Liga,Alaves,Ath Bilbao,D,0.3314101894900214,0.28067781418752114,0.3879119963224576,0.23933932968120725,0.325789656121242,0.4348710141975507,2024-11-22
2024-12-15,La Liga,Sociedad,Las Palmas,D,0.6935029311887457,0.19798380904637486,0.10851325976487934,0.7221401491554384,0.19199757933894596,0.08586227150561558,2024-11-22
2024-12-15,La Liga,Villarreal,Betis,A,0.5293641271921377,0.22042419799838872,0.2502116748094737,0.5024248078780706,0.2627858751232185,0.23478931699871092,2024-11-22
2024-12-15,La Liga,Barcelona,Leganes,A,0.8261443686352415,0.1228628755705869,0.05099275579417161,0.8714480439958834,0.08636672578887773,0.04218523021523902,2024-11-22
2024-12-18,La Liga,Espanol,Valencia,D,0.41467432312699287,0.2694739497370091,0.3158517271359981,0.3730326195994327,0.33806081151198586,0.2889065688885814,2024-11-22
2024-12-18,La Liga,Villarreal,Vallecano,D,0.5660809838704156,0.22594288522240139,0.20797613090718273,0.550561797752809,0.2516853932584269,0.19775280898876402,2024-11-22
2024-12-20,La Liga,Girona,Valladolid,H,0.7400138277322186,0.1575612574917871,0.10242491477599419,0.7072135661878322,0.1930044991389104,0.09978193467325747,2024-11-22
2024-12-21,La Liga,Barcelona,Ath Madrid,A,0.5477274962246809,0.2286149199457985,0.22365758382952056,0.47426971315296085,0.2678382677585591,0.25789201908848003,2024-11-22
2024-12-21,La Liga,Osasuna,Ath Bilbao,A,0.310745069010958,0.2855445827718947,0.40371034821714746,0.21171775875517643,0.3165421865427556,0.4717400547020678,2024-11-22
2024-12-21,La Liga,Getafe,Mallorca,A,0.4341405727990435,0.30848799418412903,0.2573714330168273,0.4019669551534225,0.3712824547600314,0.22675059008654602,2024-11-22
2024-12-21,La Liga,Celta,Sociedad,H,0.3776744087155243,0.2794101809008941,0.3429154103835816,0.35248698150475855,0.32537259831208476,0.3221404201831568,2024-11-22
2024-12-22,La Liga,Valencia,Alaves,D,0.4592126355401685,0.2656954487360288,0.27509191572380276,0.4588869293949848,0.3083603251666936,0.23275274543832158,2024-12-22
2024-12-22,La Liga,Real Madrid,Sevilla,H,0.7260447646216155,0.16611826735632126,0.10783696802206327,0.7719900439396525,0.1448930262649498,0.08311692979539757,2024-12-22
2024-12-22,La Liga,Las Palmas,Espanol,H,0.42425305999294166,0.2677909589123465,0.30795598109471173,0.45675364118816403,0.2943214952337106,0.2489248635781254,2024-12-22
2024-12-22,La Liga,Leganes,Villarreal,A,0.24303187360202086,0.25129266709719367,0.5056754593007854,0.22238470846301672,0.2714584290456377,0.5061568624913454,2024-12-22
2024-12-22,La Liga,Betis,Vallecano,D,0.5195485255049104,0.25146402026449577,0.228987454230594,0.5535852496517087,0.265354913056191,0.18105983729210023,2024-12-22
2025-01-03,La Liga,Valencia,Real Madrid,A,0.2239066083121351,0.23728729630805437,0.5388060953798106,0.12961582426320759,0.19800208737140298,0.6723820883653893,2024-12-22
2025-01-10,La Liga,Vallecano,Celta,H,0.4450281144657595,0.27075092219244096,0.2842209633417995,0.3342489737953038,0.30683423146508965,0.3589167947396067,2024-12-22
2025-01-11,La Liga,Espanol,Leganes,D,0.5078834259279351,0.2730380017333245,0.21907857233874056,0.45159941459335146,0.3236462471252352,0.2247543382814133,2024-12-22
2025-01-11,La Liga,Alaves,Girona,A,0.3687468337587039,0.24725100092397398,0.3840021653173223,0.2996733337153992,0.3091867728809674,0.3911398934036334,2024-12-22
2025-01-11,La Liga,Valladolid,Betis,H,0.25470653436693447,0.25456602297978687,0.4907274426532788,0.19046672474173165,0.26686271873154704,0.5426705565267214,2024-12-22
2025-01-11,La Liga,Sevilla,Valencia,D,0.4972305264896241,0.25634627234598384,0.24642320116439229,0.45416070513839574,0.30467207178563227,0.24116722307597194,2024-12-22
2025-01-12,La Liga,Ath Madrid,Osasuna,H,0.6930345171920069,0.19264781557088345,0.11431766723710966,0.7279498899610631,0.18198747249026578,0.09006263754867107,2024-12-22
2025-01-12,La Liga,Las Palmas,Getafe,A,0.3446470948987413,0.2943428612958015,0.3610100438054575,0.37882127601355975,0.34770381405530304,0.2734749099311372,2024-12-22
2025-01-13,La Liga,Sociedad,Villarreal,H,0.49762176610653125,0.24122930993456587,0.26114892395890277,0.4832834880625375,0.2832069419841691,0.2335095699532933,2024-12-22
2025-01-17,La Liga,Espanol,Valladolid,H,0.5365999591273646,0.2480407860155427,0.2153592548570928,0.5331239409844195,0.28205975947431505,0.18481629954126547,2024-12-22
2025-01-18,La Liga,Girona,Sevilla,A,0.5823620946980105,0.21439469775356385,0.20324320754842548,0.5058978907433543,0.2728438062436068,0.22125830301303878,2024-12-22
2025-01-18,La Liga,Leganes,Ath Madrid,H,0.1677463973578733,0.25231182641602073,0.5799417762261059,0.1322574147741578,0.23498162042398915,0.6327609648018531,2024-12-22
2025-01-18,La Liga,Betis,Alaves,A,0.5673977192313614,0.23003814469407102,0.20256413607456758,0.52197334320622,0.27660125879303965,0.20142539800074047,2024-12-22
2025-01-18,La Liga,Getafe,Barcelona,D,0.22535302573278385,0.2381006947514581,0.536546279515758,0.13343960731238633,0.21198502168225924,0.6545753710053546,2024-12-22
2025-01-19,La Liga,Celta,Ath Bilbao,A,0.3678198997137178,0.2762528704018242,0.3559272298844581,0.27869427345644465,0.30206304793881733,0.4192426786047379,2024-12-22
2025-01-19,La Liga,Real Madrid,Las Palmas,H,0.8288918130137238,0.11619189419435975,0.05491629279191635,0.8377336290135233,0.10985104599379154,0.05241532499268508,2024-12-22
2025-01-19,La Liga,Osasuna,Vallecano,D,0.401201948581543,0.2867061689803198,0.31209188243813735,0.4171972736212008,0.30664657651022015,0.27615614986857895,2024-12-22
2025-01-19,La Liga,Valencia,Sociedad,H,0.33415022022787516,0.28774958325053984,0.37810019652158516,0.30034891835310534,0.33789253314724355,0.3617585484996511,2024-12-22
2025-01-20,La Liga,Villarreal,Mallorca,H,0.5736643577946663,0.2261368738123579,0.20019876839297593,0.5582771823638583,0.2618335033188985,0.17988931431724323,2024-12-22
2025-01-24,La Liga,Las Palmas,Osasuna,D,0.36067112995743716,0.2760876442902954,0.36324122575226747,0.38733187519460005,0.3000626564007549,0.31260546840464504,2025-01-24
2025-01-25,La Liga,Valladolid,Real Madrid,A,0.13536854014792019,0.1873660095654468,0.6772654502866331,0.07227472691749673,0.14210486748337223,0.785620405599131,2025-01-24
2025-01-25,La Liga,Sevilla,Espanol,D,0.59043514629425,0.22284625717276288,0.1867185965329872,0.5432756789782233,0.267160292684346,0.18956402833743075,2025-01-24
2025-01-25,La Liga,Mallorca,Betis,A,0.3913455087944006,0.2767523495725839,0.3319021416330155,0.45882836025184776,0.3220914316999727,0.21908020804817957,2025-01-24
2025-01-25,La Liga,Ath Madrid,Villarreal,D,0.6033240331179025,0.20299973109204691,0.19367623579005047,0.4758826454500248,0.2789656887120835,0.24515166583789158,2025-01-24
2025-01-26,La Liga,Vallecano,Girona,H,0.3986503326228856,0.25374825502321574,0.3476014123538986,0.3849404312265377,0.3172310394147037,0.2978285293587585,2025-01-24
2025-01-26,La Liga,Sociedad,Getafe,A,0.5479208300073437,0.26408868767252847,0.1879904823201278,0.49499393389786894,0.32666266344775186,0.17834340265437923,2025-01-24
2025-01-26,La Liga,Ath Bilbao,Leganes,D,0.7162492860697598,0.18818369860229894,0.09556701532794147,0.7078440944477274,0.20415713881966033,0.08799876673261221,2025-01-24
2025-01-26,La Liga,Barcelona,Valencia,H,0.7630505796544218,0.14468730260083465,0.09226211774474355,0.7819263005441517,0.14397744755528544,0.0740962519005629,2025-01-24
2025-01-27,La Liga,Alaves,Celta,D,0.4291809417342078,0.2592637000306912,0.3115553582351009,0.419171477888221,0.3106957919171478,0.2701327301946313,2025-01-24
2025-01-31,La Liga,Leganes,Vallecano,A,0.3008984327138253,0.2880394246934061,0.4110621425927687,0.2828325789105933,0.32004739192514503,0.39712002916426153,2025-01-24
2025-02-01,La Liga,Espanol,Real Madrid,H,0.15818046843588981,0.19426340483901905,0.6475561267250911,0.09347440553028749,0.16232551967088515,0.7442000747988273,2025-01-24
2025-02-01,La Liga,Getafe,Sevilla,D,0.41535851768451304,0.2765981886706961,0.30804329364479094,0.3485838779956427,0.3376906318082789,0.3137254901960785,2025-01-24
2025-02-01,La Liga,Villarreal,Valladolid,H,0.7390710868973308,0.15578984387097178,0.1051390692316972,0.8064834260165228,0.13095806647088326,0.06255850751259387,2025-01-24
2025-02-01,La Liga,Ath Madrid,Mallorca,H,0.6501654145641736,0.21587340919881395,0.13396117623701223,0.6510116467450173,0.2304055471852912,0.11858280606969143,2025-01-24
2025-02-02,La Liga,Osasuna,Sociedad,H,0.319737118026632,0.29005621657757824,0.39020666539578985,0.2950148738308632,0.3171169653556511,0.3878681608134856,2025-01-24
2025-02-02,La Liga,Betis,Ath Bilbao,D,0.38295204354767753,0.2693032273346604,0.34774472911766213,0.30328532494041716,0.29772045659288654,0.39899421846669636,2025-01-24
2025-02-02,La Liga,Barcelona,Alaves,H,0.7515781008794757,0.1488979928884314,0.0995239062320928,0.8354108099506711,0.11075160451917467,0.05383758553015435,2025-01-24
2025-02-02,La Liga,Valencia,Celta,H,0.4100152988065631,0.2637239876574943,0.32626071353594255,0.425049495094732,0.30900423611648764,0.26594626878878036,2025-01-24
2025-02-03,La Liga,Girona,Las Palmas,H,0.7112854894293013,0.1686619620064178,0.12005254856428091,0.6474219971032756,0.21203777197705534,0.14054023091966908,2025-01-24
2025-02-07,La Liga,Vallecano,Valladolid,H,0.5913104274166973,0.23790208937691804,0.1707874832063847,0.6775329816389178,0.21772408174014662,0.10474293662093541,2025-01-24
2025-02-08,La Liga,Celta,Betis,H,0.44781931815554277,0.24948487260868743,0.30269580923576966,0.4459844409740298,0.28764676962230323,0.2663687894036671,2025-01-24
2025-02-08,La Liga,Ath Bilbao,Girona,H,0.5395923819054899,0.23289309105389705,0.22751452704061298,0.5490361663808628,0.2633588115160237,0.1876050221031134,2025-01-24
2025-02-08,La Liga,Las Palmas,Villarreal,A,0.23963375853780214,0.21997897366867922,0.5403872677935188,0.17188237104533563,0.2323290422024274,0.595788586752237,2025-01-24
2025-02-08,La Liga,Real Madrid,Ath Madrid,D,0.5272021473573105,0.2303178466987212,0.24248000594396824,0.49164063442691086,0.2561706463592851,0.25218871921380404,2025-01-24
2025-02-09,La Liga,Alaves,Getafe,A,0.4686578273111718,0.2733262095274619,0.25801596316136627,0.4125451557530351,0.34748427097477863,0.23997057327218624,2025-01-24
2025-02-09,La Liga,Valencia,Leganes,H,0.5815978037317042,0.2422867062512921,0.17611549001700363,0.5454652479565866,0.28389711735752166,0.17063763468589174,2025-01-24
2025-02-09,La Liga,Sociedad,Espanol,H,0.6467966024446501,0.21384284033114384,0.13936055722420607,0.5951008611509245,0.2628765321615195,0.14202260668755592,2025-01-24
2025-02-09,La Liga,Sevilla,Barcelona,A,0.24622063327920304,0.21952848218727516,0.5342508845335215,0.14937641838018456,0.194578500896032,0.6560450807237835,2025-01-24
2025-02-10,La Liga,Mallorca,Osasuna,D,0.4727594541562296,0.28206893388488585,0.2451716119588844,0.42252937826784703,0.3155251850701455,0.26194543666200754,2025-01-24
2025-02-14,La Liga,Girona,Getafe,A,0.5720988909509123,0.22822875762113043,0.19967235142795747,0.500094736443215,0.30508924172950846,0.19481602182727645,2025-01-24
2025-02-15,La Liga,Villarreal,Valencia,D,0.6174827984271479,0.20168475710366027,0.180832444469192,0.5614102372485598,0.24588347099747043,0.1927062917539699,2025-01-24
2025-02-15,La Liga,Ath Madrid,Celta,D,0.6432485171443455,0.20456943015926377,0.15218205269639068,0.693717384534568,0.1986102941407761,0.10767232132465579,2025-01-24
2025-02-15,La Liga,Leganes,Alaves,D,0.309293857644671,0.27855603292815406,0.412150109427175,0.24706053975200581,0.33336250911743254,0.41957695113056165,2025-01-24
2025-02-15,La Liga,Osasuna,Real Madrid,D,0.20276637800863936,0.22660056374774395,0.5706330582436168,0.14409089003479647,0.19720789837756258,0.6587012115876411,2025-01-24
2025-02-16,La Liga,Espanol,Ath Bilbao,D,0.24065291081737497,0.2581586251179251,0.5011884640647002,0.1757077439591801,0.2784137031788727,0.5458785528619472,2025-01-24
2025-02-16,La Liga,Valladolid,Sevilla,A,0.31091752690103763,0.26535803151329324,0.42372444158566896,0.22632439830423604,0.2870781453416563,0.4865974563541075,2025-01-24
2025-02-16,La Liga,Mallorca,Las Palmas,H,0.5773546264301913,0.24475143123648915,0.17789394233331954,0.5259668508287293,0.2861878453038674,0.18784530386740333,2025-01-24
2025-02-16,La Liga,Betis,Sociedad,H,0.4212436350789555,0.2703425118318582,0.30841385308918606,0.4018497847233296,0.30872269175570083,0.28942752352096957,2025-01-24
2025-02-17,La Liga,Barcelona,Vallecano,H,0.7334288645214959,0.1608729274339782,0.10569820804452588,0.7967287343121976,0.12922811910425724,0.07404314658354524,2025-01-24
2025-02-21,La Liga,Celta,Osasuna,H,0.5367577711493559,0.2460504897164189,0.2171917391342253,0.5642276781771616,0.25538726485913626,0.18038505696370222,2025-01-24
2025-02-22,La Liga,Las Palmas,Barcelona,A,0.13046568126953434,0.17133377691886878,0.698200541811597,0.0851005254381273,0.1380140326589686,0.7768854419029041,2025-01-24
2025-02-22,La Liga,Alaves,Espanol,A,0.5666806550256057,0.23350728329473247,0.19981206167966162,0.5154841285447839,0.30863380944719543,0.17588206200802065,2025-01-24
2025-02-22,La Liga,Vallecano,Villarreal,A,0.37605899692607697,0.24769131912582099,0.37624968394810226,0.34509834228525055,0.2931257003748213,0.3617759573399281,2025-01-24
2025-02-22,La Liga,Valencia,Ath Madrid,A,0.2541531309487592,0.25655354537785907,0.4892933236733817,0.23497149856970848,0.30399437627456033,0.4610341251557313,2025-01-24
2025-02-23,La Liga,Sociedad,Leganes,H,0.6749140556712779,0.20443461467550503,0.12065132965321711,0.5914321860991192,0.25865300938734814,0.14991480451353253,2025-02-23
2025-02-23,La Liga,Getafe,Betis,A,0.37683185411068987,0.2757473767353766,0.34742076915393383,0.3191858014766714,0.33802663003605826,0.3427875684872704,2025-02-23
2025-02-23,La Liga,Ath Bilbao,Valladolid,H,0.7453384597886034,0.16908633899174372,0.08557520121965294,0.8177357804833728,0.12865709612938397,0.05360712338724332,2025-02-23
2025-02-23,La Liga,Real Madrid,Girona,H,0.7197377726944525,0.15562849443209265,0.12463373287345489,0.7522338122182841,0.1502120561059912,0.0975541316757248,2025-02-23
2025-02-24,La Liga,Sevilla,Mallorca,D,0.4697519390690062,0.27270502815763686,0.25754303277335705,0.4914026732621165,0.29044098300268373,0.21815634373519968,2025-02-23
2025-02-28,La Liga,Valladolid,Las Palmas,D,0.4281928971187467,0.26834468181050714,0.30346242107074606,0.31816596526308444,0.3130507568183403,0.3687832779185751,2025-02-23
2025-03-01,La Liga,Girona,Celta,D,0.5044132701849857,0.22810636461722558,0.2674803651977888,0.44645903590557434,0.28541955961118826,0.2681214044832375,2025-02-23
2025-03-01,La Liga,Vallecano,Sevilla,D,0.4643149225953889,0.2633848351472019,0.27230024225740934,0.36585024927392173,0.322238961281004,0.3119107894450743,2025-02-23
2025-03-01,La Liga,Betis,Real Madrid,H,0.29050979649497727,0.23435786092535843,0.4751323425796643,0.2531052959164344,0.2584905149784862,0.4884041891050794,2025-02-23
2025-03-01,La Liga,Ath Madrid,Ath Bilbao,H,0.5059534397777861,0.2556219350157074,0.2384246252065068,0.4463152395676699,0.2966445701053999,0.2570401903269303,2025-02-23
2025-03-02,La Liga,Leganes,Getafe,H,0.3226031062661622,0.2880486074798491,0.3893482862539887,0.30831654810278375,0.3568792278405849,0.33480422405663124,2025-02-23
2025-03-02,La Liga,Barcelona,Sociedad,H,0.6543342235447401,0.19493067607114414,0.15073510038411567,0.7650309478703946,0.15497411484191273,0.0799949372876927,2025-02-23
2025-03-02,La Liga,Mallorca,Alaves,D,0.43291100085528395,0.2865429866573174,0.28054601248739863,0.3788976149479045,0.34047792671892124,0.28062445833317423,2025-02-23
2025-03-02,La Liga,Osasuna,Valencia,D,0.43626293930455573,0.2685914155823939,0.29514564511305025,0.43573327110777293,0.3065252979717141,0.25774143092051294,2025-02-23
2025-03-08,La Liga,Alaves,Villarreal,H,0.3710869770461891,0.24573084459698571,0.3831821783568253,0.3119062307217767,0.307958050586058,0.3801357186921654,2025-02-23
2025-03-08,La Liga,Valencia,Valladolid,H,0.6088580575586737,0.2266207784799261,0.16452116396140032,0.6834881857114059,0.20782724276449602,0.10868457152409815,2025-02-23
2025-03-08,La Liga,Celta,Leganes,H,0.6528516780321469,0.2052698322474501,0.141878489720403,0.616759274187139,0.23850050750586416,0.14474021830699674,2025-02-23
2025-03-09,La Liga,Getafe,Ath Madrid,H,0.26397071593434024,0.2711590404911826,0.46487024357447737,0.19162268721650247,0.301375619523168,0.5070016932603295,2025-02-23
2025-03-09,La Liga,Real Madrid,Vallecano,H,0.7111088176409733,0.17371255994794207,0.11517862241108462,0.7447676413403987,0.1635469482673173,0.09168541039228395,2025-02-23
2025-03-09,La Liga,Ath Bilbao,Mallorca,D,0.5835795198545841,0.24904623555947267,0.16737424458594316,0.5579659129979206,0.2734818841172907,0.16855220288478853,2025-02-23
2025-03-09,La Liga,Betis,Las Palmas,H,0.6789787811177157,0.18940939436275916,0.13161182451952527,0.7235830232718149,0.1819139308037959,0.0945030459243891,2025-02-23
2025-03-09,La Liga,Sociedad,Sevilla,A,0.5251265804142113,0.254029131534892,0.22084428805089668,0.38734437604580835,0.31981394206413777,0.2928416818900539,2025-02-23
2025-03-10,La Liga,Espanol,Girona,D,0.3270234236253702,0.24163518122752292,0.4313413951471069,0.2696288226597152,0.3090031904131974,0.4213679869270874,2025-02-23
2025-03-14,La Liga,Las Palmas,Alaves,D,0.32505512517904356,0.27076137537708733,0.404183499443869,0.33571891267530884,0.32025817327578804,0.34402291404890306,2025-02-23
2025-03-15,La Liga,Valladolid,Celta,A,0.26702251180689285,0.2589357310921079,0.4740417571009992,0.20162049568103182,0.2524183868006684,0.5459611175182997,2025-02-23
2025-03-15,La Liga,Mallorca,Espanol,H,0.5271594437817552,0.26155993804071265,0.21128061817753233,0.521664719784847,0.2913802939338785,0.18695498628127463,2025-02-23
2025-03-15,La Liga,Villarreal,Real Madrid,A,0.3334203238396076,0.22174718433166848,0.44483249182872403,0.30384930384930386,0.2620802620802621,0.43407043407043405,2025-02-23
2025-03-15,La Liga,Girona,Valencia,D,0.5575680757800526,0.22101315560262913,0.22141876861731818,0.4959368993172931,0.27151852588321074,0.2325445747994963,2025-02-23
2025-03-16,La Liga,Vallecano,Sociedad,D,0.3858488753554435,0.2854537054747866,0.3286974191697698,0.3980731400131654,0.33471201738131207,0.26721484260552264,2025-02-23
2025-03-16,La Liga,Osasuna,Getafe,A,0.4265278834613941,0.2835332055579177,0.2899389109806882,0.3970270647163689,0.3342667726993484,0.26870616258428287,2025-02-23
2025-03-16,La Liga,Ath Madrid,Barcelona,A,0.4205428142571243,0.23744317281474306,0.3420140129281327,0.3127764442897191,0.25870604833537936,0.4285175073749015,2025-02-23
2025-03-16,La Liga,Leganes,Betis,A,0.2602973343106108,0.2519549227403545,0.48774774294903467,0.24006854650257048,0.2902321233837046,0.4696993301137249,2025-02-23
2025-03-16,La Liga,Sevilla,Ath Bilbao,A,0.33192024509762647,0.27283248367932766,0.39524727122304576,0.3674535393772184,0.3224343971356387,0.31011206348714293,2025-02-23
2025-03-27,La Liga,Barcelona,Osasuna,H,0.7873078457482761,0.1328892390965153,0.07980291515520878,0.8171448654866126,0.12441689564828423,0.0584382388651032,2025-03-27
2025-03-29,La Liga,Real Madrid,Leganes,H,0.8386899440833568,0.10912091712009905,0.0521891387965441,0.8024051837750769,0.1295943769219505,0.06800043930297262,2025-03-27
2025-03-29,La Liga,Alaves,Vallecano,A,0.4226530385740353,0.2727483232569696,0.3045986381689952,0.45673461161573686,0.31382087830371597,0.22944451008054703,2025-03-27
2025-03-29,La Liga,Sociedad,Valladolid,H,0.6905328847996136,0.19638959791761706,0.11307751728276925,0.7034229133917643,0.19891877468865463,0.09765831191958095,2025-03-27
2025-03-29,La Liga,Espanol,Ath Madrid,D,0.1995345283423396,0.23350109123730647,0.5669643804203538,0.16548826777995965,0.2606885078469257,0.5738232243731146,2025-03-27
2025-03-30,La Liga,Getafe,Villarreal,A,0.3357769849783161,0.2533768953370861,0.4108461196845977,0.29080525500562393,0.3082903810977342,0.400904363896642,2025-03-27
2025-03-30,La Liga,Barcelona,Girona,H,0.7436719957714225,0.14398469380608478,0.11234331042249282,0.7448783209775318,0.15179984740300412,0.10332183161946408,2025-03-27
2025-03-30,La Liga,Ath Bilbao,Osasuna,D,0.6423379912552024,0.21349813584590657,0.1441638728988912,0.6438212280913271,0.22406771279280532,0.13211105911586743,2025-03-27
2025-03-30,La Liga,Valencia,Mallorca,H,0.43588695880245043,0.27926353423947325,0.2848495069580763,0.4837973165082132,0.30106272637198406,0.21513995711980274,2025-03-27
2025-03-30,La Liga,Betis,Sevilla,H,0.552343450677789,0.22953610805260402,0.21812044126960692,0.5449687460282615,0.27096211394701264,0.18406914002472588,2025-03-27
2025-03-31,La Liga,Celta,Las Palmas,D,0.6565948165189753,0.20113423275929987,0.1422709507217246,0.6024972059829705,0.23716882680503243,0.1603339672119971,2025-03-27
2025-04-04,La Liga,Vallecano,Espanol,A,0.5908586518011265,0.2341465669866731,0.17499478121220044,0.5783312501905314,0.26546352467762097,0.1562052251318477,2025-03-27
2025-04-05,La Liga,Girona,Alaves,A,0.538795817325788,0.2274929708556457,0.23371121181856613,0.4648308000796482,0.2935034356998383,0.24166576422051364,2025-03-27
2025-04-05,La Liga,Real Madrid,Valencia,A,0.7314928770966376,0.16238532585949356,0.10612179704386913,0.7567645782086528,0.1513529156417306,0.09188250614961656,2025-03-27
2025-04-05,La Liga,Mallorca,Celta,A,0.41719373083110284,0.2771392791621392,0.30566699000675807,0.3322838252821443,0.3071266902450103,0.36058948447284545,2025-03-27
2025-04-05,La Liga,Barcelona,Betis,D,0.6963691155132437,0.16802121854539395,0.13560966594136237,0.7018298819574927,0.17047995359605764,0.12769016444644954,2025-03-27
2025-04-06,La Liga,Villarreal,Ath Bilbao,D,0.4351620049329018,0.24231338056421553,0.32252461450288283,0.4160942760942761,0.2915151515151515,0.29239057239057237,2025-03-27
2025-04-06,La Liga,Valladolid,Getafe,A,0.3069936961367741,0.2820421832304363,0.4109641206327896,0.20845055470035567,0.31538298211157706,0.4761664631880673,2025-03-27
2025-04-06,La Liga,Las Palmas,Sociedad,A,0.25627828149430654,0.2678929835071841,0.4758287349985094,0.2929940146843764,0.29656711242442974,0.41043887289119385,2025-03-27
2025-04-06,La Liga,Sevilla,Ath Madrid,A,0.294196807399827,0.25408134005459176,0.45172185254558145,0.2654593218224645,0.3007991076997586,0.43374157047777684,2025-03-27
2025-04-07,La Liga,Leganes,Osasuna,D,0.3473512832205106,0.2764947061925237,0.3761540105869657,0.35247687082796586,0.32645508841784754,0.32106804075418666,2025-03-27
2025-04-11,La Liga,Valencia,Sevilla,H,0.45051066812018087,0.26007747410137066,0.2894118577784484,0.4008970743144517,0.3183594413673587,0.2807434843181895,2025-03-27
2025-04-12,La Liga,Sociedad,Mallorca,A,0.4998468837494903,0.2772573518718782,0.22289576437863165,0.47143557281367066,0.3153208421442257,0.2132435850421038,2025-03-27
2025-04-12,La Liga,Getafe,Las Palmas,A,0.5696527163161954,0.24505148543266234,0.18529579825114229,0.5664456244108002,0.26683802141665797,0.1667163541725419,2025-03-27
2025-04-12,La Liga,Celta,Espanol,A,0.6169610885805575,0.21846261705587755,0.16457629436356497,0.5848351178166481,0.25281934780615517,0.16234553437719662,2025-03-27
2025-04-12,La Liga,Leganes,Barcelona,A,0.12139211567722548,0.17193390630061164,0.7066739780221631,0.09082957147817831,0.14649037595108635,0.7626800525707353,2025-03-27
2025-04-13,La Liga,Osasuna,Girona,H,0.39032562593640385,0.24770820011988612,0.3619661739437098,0.37461874058916644,0.31118489633604884,0.3141963630747848,2025-03-27
2025-04-13,La Liga,Alaves,Real Madrid,A,0.2366564689713791,0.23140624237807525,0.5319372886505458,0.18579360692671787,0.2514245953475844,0.5627817977256977,2025-03-27
2025-04-13,La Liga,Betis,Villarreal,A,0.4581155120304666,0.22737544403838308,0.31450904393115037,0.4419779323997788,0.2786107310256485,0.2794113365745728,2025-03-27
2025-04-13,La Liga,Ath Bilbao,Vallecano,H,0.5766595202603536,0.24081783566037032,0.182522644079276,0.5256563508683303,0.29558183863416754,0.17876181049750206,2025-03-27
2025-04-14,La Liga,Ath Madrid,Valladolid,H,0.809151354861767,0.12814345898143586,0.06270518615679697,0.8624151114680259,0.10076639723468514,0.036818491297288806,2025-03-27
2025-04-18,La Liga,Espanol,Getafe,H,0.3649597712221109,0.2866056501653561,0.34843457861253313,0.33821484845676153,0.36481601631291133,0.2969691352303272,2025-03-27
2025-04-19,La Liga,Las Palmas,Ath Madrid,H,0.1746057553898048,0.21802643373955238,0.6073678108706428,0.16613068377695564,0.24940956124869432,0.58445975497435,2025-03-27
2025-04-19,La Liga,Mallorca,Leganes,D,0.588472203404581,0.24412912971181827,0.16739866688360083,0.5270517272893438,0.3068908791811369,0.1660573935295193,2025-03-27
2025-04-19,La Liga,Vallecano,Valencia,D,0.48871291531922567,0.26199322679441917,0.2492938578863553,0.39598861273807395,0.3132257194005344,0.2907856678613916,2025-03-27
2025-04-19,La Liga,Barcelona,Celta,H,0.7252977628407484,0.15966889987907598,0.1150333372801757,0.769920366220018,0.13709408230413428,0.09298555147584758,2025-03-27
2025-04-20,La Liga,Valladolid,Osasuna,A,0.32153689528214036,0.2686539628973076,0.4098091418205522,0.18976342994862685,0.2592757024164393,0.5509608676349337,2025-03-27
2025-04-20,La Liga,Villarreal,Sociedad,D,0.5167842222832076,0.23626744387263737,0.24694833384415524,0.5853155679124934,0.23640482791599485,0.1782796041715117,2025-03-27
2025-04-20,La Liga,Sevilla,Alaves,D,0.474870394291043,0.2563077396369366,0.2688218660720205,0.44849573354876515,0.32879585871649336,0.2227084077347415,2025-03-27
2025-04-20,La Liga,Real Madrid,Ath Bilbao,H,0.5648487358552602,0.2255884400382709,0.20956282410646898,0.6719859016022375,0.20720764417713536,0.12080645422062698,2025-03-27
2025-04-21,La Liga,Girona,Betis,A,0.4538557671267489,0.23279432737178007,0.31334990550147085,0.3729975976919452,0.28300108429534215,0.34400131801271266,2025-03-27
2025-04-22,La Liga,Valencia,Espanol,D,0.5632724450079953,0.23941624323953287,0.197311311752472,0.47196051429584285,0.3019374718787069,0.2261020138254503,2025-03-27
2025-04-22,La Liga,Barcelona,Mallorca,H,0.7342114041931894,0.16341087556246167,0.10237772024434888,0.7470933578911017,0.16461379072176818,0.08829285138713021,2025-03-27
2025-04-23,La Liga,Getafe,Real Madrid,A,0.223029250991068,0.24096676689512633,0.5360039821138057,0.1574319081630623,0.25123848556592326,0.5913296062710145,2025-03-27
2025-04-23,La Liga,Ath Bilbao,Las Palmas,H,0.7483699355790291,0.16342615101469973,0.08820391340627132,0.6981996840883284,0.1919353713230863,0.10986494458858531,2025-03-27
2025-04-23,La Liga,Celta,Villarreal,H,0.4101665264957165,0.23720519444499136,0.3526282790592923,0.4037927948928107,0.2718269932099648,0.3243802118972246,2025-03-27
2025-04-23,La Liga,Alaves,Sociedad,H,0.37555794076042237,0.28271320478544054,0.34172885445413687,0.4075908762930922,0.3225636405100962,0.26984548319681173,2025-03-27
2025-04-24,La Liga,Betis,Valladolid,H,0.7310544094690634,0.1661492292284908,0.10279636130244596,0.8262550696618824,0.1176056486015088,0.05613928173660873,2025-03-27
2025-04-24,La Liga,Ath Madrid,Vallecano,H,0.618270595323062,0.21929742554682577,0.16243197913011234,0.6389584429920363,0.21977841661001707,0.14126314039794652,2025-03-27
2025-04-24,La Liga,Leganes,Girona,D,0.2792923226189229,0.24374410530436585,0.47696357207671125,0.29930924812403714,0.3068627938180191,0.3938279580579436,2025-03-27
2025-04-24,La Liga,Osasuna,Sevilla,H,0.42250596853294464,0.2638264336019225,0.31366759786513304,0.412310349448357,0.32327323079671844,0.2644164197549246,2025-03-27
2025-04-27,La Liga,Villarreal,Espanol,H,0.6795937780296573,0.1804937779075668,0.13991244406277584,0.6960221547582673,0.18247771847595023,0.12150012676578233,2025-04-27
2025-05-02,La Liga,Vallecano,Getafe,H,0.4559476125794502,0.2745292537918429,0.26952313362870667,0.3984512069695686,0.32845302196140114,0.27309577106903016,2025-04-27
2025-05-03,La Liga,Valladolid,Barcelona,A,0.09584317057717492,0.1432107754621433,0.7609460539606816,0.11886317134037447,0.16086149188064008,0.7202753367789855,2025-04-27
2025-05-03,La Liga,Alaves,Ath Madrid,D,0.283388436669148,0.2576106242479458,0.45900093908290635,0.23885387262673521,0.30474459610997257,0.4564015312632922,2025-04-27
2025-05-03,La Liga,Villarreal,Osasuna,H,0.6337804275348313,0.1945004116818949,0.1717191607832738,0.6764460707364865,0.19660932543763732,0.12694460382587608,2025-04-27
2025-05-03,La Liga,Las Palmas,Valencia,A,0.3316759070700881,0.2647451571669976,0.40357893576291437,0.3647439027225594,0.3062472390783753,0.3290088581990654,2025-04-27
2025-05-04,La Liga,Sevilla,Leganes,D,0.5872365843640068,0.23070993103358126,0.18205348460241175,0.5818628996005932,0.25688628014281506,0.16125082025659176,2025-04-27
2025-05-04,La Liga,Espanol,Betis,A,0.29791833817647845,0.2594279554589035,0.44265370636461804,0.28312085361089084,0.31225225977021087,0.40462688661889823,2025-04-27
2025-05-04,La Liga,Real Madrid,Celta,H,0.6750446560639858,0.18212959549863852,0.14282574843737575,0.7145834122684045,0.16777175766301672,0.1176448300685788,2025-04-27
2025-05-04,La Liga,Sociedad,Ath Bilbao,D,0.378336255219368,0.2829658478392012,0.33869789694143065,0.3760281119567886,0.3358320034372698,0.28813988460594153,2025-04-27
2025-05-05,La Liga,Girona,Mallorca,H,0.5040722015267138,0.24944321433659464,0.24648458413669158,0.47486860233709244,0.29499413175486044,0.23013726590804712,2025-04-27
2025-05-09,La Liga,Las Palmas,Vallecano,A,0.32842075606240995,0.2641145701425079,0.4074646737950822,0.3636223006002104,0.3026421632324732,0.3337355361673164,2025-04-27
2025-05-10,La Liga,Valencia,Getafe,H,0.4520652431086161,0.27555361545814716,0.2723811414332366,0.4811163565676201,0.3085254096084421,0.21035823382393778,2025-04-27
2025-05-10,La Liga,Celta,Sevilla,H,0.505862594839898,0.24828848476205304,0.24584892039804906,0.510945789377401,0.2689188365144216,0.2201353741081773,2025-04-27
2025-05-10,La Liga,Girona,Villarreal,A,0.4265705666252541,0.22150272834518184,0.35192670502956397,0.310103052924294,0.2719898285425372,0.4179071185331688,2025-04-27
2025-05-10,La Liga,Mallorca,Valladolid,H,0.6234296858624068,0.2241932270286565,0.1523770871089369,0.7127945449837443,0.18429668843686167,0.1029087665793941,2025-04-27
2025-05-10,La Liga,Ath Madrid,Sociedad,H,0.56990777588995,0.23748521283063462,0.19260701127941543,0.5308691206850542,0.2759916167197868,0.1931392625951589,2025-04-27
2025-05-11,La Liga,Leganes,Espanol,H,0.4179188673046324,0.27333841573960604,0.30874271695576144,0.41589760862243186,0.30037049511620073,0.28373189626136747,2025-04-27
2025-05-11,La Liga,Barcelona,Real Madrid,H,0.5398302187714391,0.2067044354290933,0.2534653457994676,0.5206755969714618,0.21898660454280724,0.2603377984857309,2025-04-27
2025-05-11,La Liga,Ath Bilbao,Alaves,H,0.5952254850076429,0.23171213535917837,0.1730623796331786,0.46686255305256286,0.3379040156709109,0.19523343127652626,2025-04-27
2025-05-11,La Liga,Betis,Osasuna,D,0.5905936373113645,0.2224186559709547,0.18698770671768097,0.585582562325163,0.24095043088192497,0.17346700679291185,2025-04-27
2025-05-13,La Liga,Sevilla,Las Palmas,H,0.6115695909746104,0.21759434689846885,0.17083606212692054,0.5643138659978503,0.2508061626657112,0.18487997133643855,2025-04-27
2025-05-13,La Liga,Sociedad,Celta,A,0.4677092784928464,0.26594530691496054,0.26634541459219313,0.42461456118701774,0.28599039562302075,0.2893950431899615,2025-04-27
2025-05-13,La Liga,Valladolid,Girona,A,0.25520961445979357,0.23002671849850512,0.5147636670417013,0.19224444861520015,0.24331690864831096,0.5644386427364888,2025-04-27
2025-05-14,La Liga,Alaves,Valencia,H,0.45373274102341,0.26608502405920437,0.2801822349173858,0.4132754364786219,0.342469505053963,0.244255058467415,2025-04-27
2025-05-14,La Liga,Villarreal,Leganes,H,0.7159819798102,0.16514660473862353,0.11887141545117619,0.739622127974091,0.16339038577505216,0.09698748625085678,2025-04-27
2025-05-14,La Liga,Real Madrid,Mallorca,H,0.7023971477329519,0.18074795910800961,0.11685489315903837,0.6716586423777493,0.19325389509057977,0.13508746253167106,2025-04-27
2025-05-15,La Liga,Vallecano,Betis,D,0.3789749698056408,0.261044813221742,0.3599802169726172,0.2956616938552848,0.2886430186302335,0.4156952875144817,2025-04-27
2025-05-15,La Liga,Osasuna,Ath Madrid,H,0.256940631502446,0.2486379785430534,0.4944213899545008,0.26801603105386534,0.28364378796662715,0.4483401809795075,2025-04-27
2025-05-15,La Liga,Espanol,Barcelona,A,0.15471380918767835,0.19206983675205608,0.6532163540602656,0.12324470021454742,0.16537964045883713,0.7113756593266155,2025-04-27
2025-05-15,La Liga,Getafe,Ath Bilbao,A,0.30839509641212426,0.28371219507773177,0.407892708510144,0.2912487241080268,0.3844943630517034,0.3242569128402698,2025-04-27
2025-05-18,La Liga,Valladolid,Alaves,A,0.28998569619973547,0.26044800196035206,0.44956630183991236,0.17714542291070326,0.2625806813717237,0.5602738957175731,2025-04-27
2025-05-18,La Liga,Sociedad,Girona,H,0.49671707673500715,0.2457716766932336,0.2575112465717591,0.5646788787368048,0.2503215648008516,0.18499955646234362,2025-04-27
2025-05-18,La Liga,Sevilla,Real Madrid,A,0.2532227108393258,0.2298758442397846,0.5169014449208896,0.3068656738247328,0.26079468794219923,0.432339638233068,2025-04-27
2025-05-18,La Liga,Osasuna,Espanol,H,0.503839701889666,0.25610250695811776,0.24005779115221615,0.4763109215145909,0.2849484691758843,0.23874060930952468,2025-04-27
2025-05-18,La Liga,Valencia,Ath Bilbao,A,0.3180063438267126,0.27208622090534146,0.40990743526794593,0.3830307316248251,0.3221516749427337,0.2948175934324411,2025-04-27
2025-05-18,La Liga,Las Palmas,Leganes,A,0.4436163635794952,0.26220733965819965,0.29417629676230533,0.28618239553188374,0.2787167678223564,0.43510083664575994,2025-04-27
2025-05-18,La Liga,Celta,Vallecano,A,0.5129169238287165,0.24881015819848423,0.2382729179727993,0.50328853302831,0.2759508149842722,0.22076065198741773,2025-04-27
2025-05-18,La Liga,Barcelona,Villarreal,A,0.7006656198347181,0.1574717283972966,0.1418626517679851,0.5641507317087204,0.21202148378503557,0.22382778450624408,2025-04-27
2025-05-18,La Liga,Mallorca,Getafe,A,0.43915803761684863,0.29264344143205523,0.2681985209510963,0.3806764750492947,0.345578644016381,0.27374488093432425,2025-04-27
2025-05-18,La Liga,Ath Madrid,Betis,H,0.5746325873058895,0.22259723840243908,0.2027701742916713,0.6229154136366122,0.22035103067417572,0.1567335556892121,2025-04-27
2025-05-23,La Liga,Betis,Valencia,D,0.5554307690318162,0.23404426332288492,0.21052496764529902,0.5006170654155515,0.24712394577765134,0.2522589888067973,2025-04-27
2025-05-24,La Liga,Real Madrid,Sociedad,H,0.6418054539883433,0.20193363701214453,0.1562609089995122,0.6983942495779629,0.17241217610332535,0.12919357431871162,2025-04-27
2025-05-24,La Liga,Espanol,Las Palmas,H,0.5088230210018213,0.25157117535561985,0.2396058036425587,0.7028739039535682,0.1830124504633819,0.11411364558304989,2025-04-27
2025-05-24,La Liga,Leganes,Valladolid,H,0.5234897867695656,0.24613429856743638,0.230375914662998,0.7225555649454914,0.169863939829291,0.10758049522521762,2025-04-27
2025-05-24,La Liga,Alaves,Osasuna,D,0.4873653957722943,0.25856406188950604,0.25407054233819965,0.2914556580454573,0.2995267378067161,0.4090176041478266,2025-04-27
2025-05-24,La Liga,Getafe,Celta,A,0.39039709253050564,0.27780930543756255,0.33179360203193187,0.19614711033274956,0.2521891418563923,0.5516637478108581,2025-04-27
2025-05-24,La Liga,Vallecano,Mallorca,D,0.44609942707703315,0.2797231364139351,0.2741774365090319,0.644114636642784,0.2226202661207779,0.13326509723643806,2025-04-27
2025-05-25,La Liga,Girona,Ath Madrid,A,0.3285400514884985,0.2406588717791729,0.4308010767323287,0.2918816063002519,0.27225931343973075,0.4358590802600174,2025-04-27
2025-05-25,La Liga,Villarreal,Sevilla,H,0.5859677895830802,0.20822063944037755,0.2058115709765425,0.5445808862786973,0.23758675920982378,0.21783235451147887,2025-04-27
2025-05-25,La Liga,Ath Bilbao,Barcelona,A,0.34410756541721954,0.24466759598231794,0.4112248386004625,0.2910322082660866,0.2460879938249947,0.46287979790891864,2025-04-27
2025-08-15,La Liga,Girona,Vallecano,A,0.4958085317391907,0.23592371985950875,0.26826774840130063,0.4248941845066086,0.293074603168715,0.28203121232467643,2025-08-15
2025-08-16,La Liga,Mallorca,Barcelona,A,0.20046726330470271,0.2166501509658687,0.5828825857294285,0.12024358575433872,0.18251662922409986,0.6972397850215613,2025-08-15
2025-08-16,La Liga,Alaves,Levante,H,0.4892402111119678,0.23936629629532247,0.27139349259270956,0.443517170736967,0.30933203946304383,0.24715078979998922,2025-08-15
2025-08-16,La Liga,Valencia,Sociedad,D,0.3793337085630294,0.2739525350688658,0.3467137563681047,0.38477765589401736,0.3202261412539026,0.29499620285207995,2025-08-15
2025-08-17,La Liga,Celta,Getafe,A,0.5185698736036848,0.24996362633464875,0.23146650006166644,0.6022904247584228,0.25996986162494923,0.13773971361662796,2025-08-15
2025-08-17,La Liga,Ath Bilbao,Sevilla,H,0.5668188458876544,0.23651974992939842,0.1966614041829472,0.5813268297116543,0.263093714259746,0.15557945602859974,2025-08-15
2025-08-17,La Liga,Espanol,Ath Madrid,H,0.21501784643246077,0.2371499253779862,0.547832228189553,0.16708497854965665,0.2491241325419045,0.583790888908439,2025-08-15
2025-08-18,La Liga,Elche,Betis,D,0.27358916419900103,0.242268025178425,0.48414281062257397,0.2916358476610261,0.3025042643440457,0.40585988799492806,2025-08-15
2025-08-19,La Liga,Real Madrid,Osasuna,H,0.7437333924741268,0.1505499308706644,0.10571667665520863,0.7924994848547291,0.13208324747578815,0.0754172676694828,2025-08-15
2025-08-22,La Liga,Betis,Alaves,H,0.5241652059804109,0.24023351635631204,0.23560127766327696,0.4932096142507518,0.28746240830591163,0.21932797744333665,2025-08-15
2025-08-23,La Liga,Mallorca,Celta,D,0.3800621586434733,0.27004685939481,0.34989098196171675,0.2988498733945514,0.3083071478690625,0.39284297873638613,2025-08-15
2025-08-23,La Liga,Ath Madrid,Elche,D,0.7923927963752143,0.1342079490533893,0.07339925457139618,0.7635471106429136,0.16242961985201013,0.07402326950507637,2025-08-15
2025-08-23,La Liga,Levante,Barcelona,A,0.203681311756298,0.18984497406626935,0.6064737141774323,0.08740440728913351,0.13021955673252503,0.7823760359783415,2025-08-15
2025-08-24,La Liga,Sociedad,Espanol,D,0.583440704138455,0.2373302689840202,0.1792290268775249,0.5448058154015466,0.27012656028266097,0.1850676243157925,2025-08-15
2025-08-24,La Liga,Villarreal,Girona,H,0.5884415175009355,0.19484091668490927,0.21671756581415516,0.6297005762376549,0.21312942580351396,0.15716999795883121,2025-08-15
2025-08-24,La Liga,Osasuna,Valencia,H,0.44181939758356686,0.25956052171616134,0.29862008070027196,0.392147551279891,0.3058257632623049,0.3020266854578042,2025-08-15
2025-08-25,La Liga,Sevilla,Getafe,A,0.48357630485997094,0.26408292771776104,0.25234076742226774,0.45873219056099734,0.30971727515583264,0.2315505342831701,2025-08-15
2025-08-25,La Liga,Ath Bilbao,Vallecano,H,0.5820762667504028,0.23309940037325302,0.1848243328763442,0.5678861166386039,0.26174804836981475,0.17036583499158117,2025-08-15
2025-08-27,La Liga,Celta,Betis,D,0.4548447213238284,0.2429048552016557,0.3022504234745158,0.40522133938706023,0.2860385925085131,0.3087400681044268,2025-08-15
2025-08-29,La Liga,Elche,Levante,H,0.35025617369468054,0.24215857943909963,0.40758524686621983,0.4341446270099288,0.30014937175995077,0.26570600123012034,2025-08-15
2025-08-29,La Liga,Valencia,Getafe,H,0.4613956553479307,0.2698491580678747,0.2687551865841945,0.40907427735089646,0.32345407976582513,0.26747164288327846,2025-08-15
2025-08-30,La Liga,Alaves,Ath Madrid,D,0.2718863814050443,0.2527096769106923,0.4754039416842636,0.16962816895270677,0.26952031289152295,0.5608515181557703,2025-08-15
2025-08-30,La Liga,Girona,Sevilla,A,0.4783410774730938,0.23731231840408742,0.2843466041228189,0.3834738358137302,0.3053365338454153,0.3111896303408545,2025-08-15
2025-08-30,La Liga,Real Madrid,Mallorca,H,0.7330623129961598,0.1613252568038104,0.10561243020002976,0.8086414730999236,0.12813360226217166,0.06322492463790468,2025-08-15
2025-08-31,La Liga,Celta,Villarreal,D,0.42437008428053735,0.2294052620782355,0.346224653641227,0.3296353777471211,0.2860071659864727,0.38435745626640605,2025-08-15
2025-08-31,La Liga,Betis,Ath Bilbao,A,0.3902506720378491,0.2600764371998208,0.3496728907623303,0.3078848560700876,0.29662077596996245,0.39549436795994997,2025-08-15
2025-08-31,La Liga,Espanol,Osasuna,H,0.4033881396085151,0.2669007760436379,0.3297110843478468,0.40722102886826006,0.3022541177003545,0.2905248534313855,2025-08-15
2025-08-31,La Liga,Vallecano,Barcelona,D,0.22205698867209073,0.21362455446332165,0.5643184568645877,0.14246213975316577,0.17933781466134088,0.6782000455854934,2025-08-15
2025-09-12,La Liga,Sevilla,Elche,D,0.6185023163615891,0.21349427696472756,0.1680034066736833,0.5030554153661195,0.28724761883331673,0.20969696580056382,2025-08-15
2025-09-13,La Liga,Ath Madrid,Villarreal,H,0.5964933495062439,0.2005226502843693,0.20298400020938695,0.5421283513225995,0.25140148934389983,0.20647015933350069,2025-08-15
2025-09-13,La Liga,Ath Bilbao,Alaves,A,0.5780607492204641,0.23649711716172025,0.18544213361781564,0.6008514320078535,0.2525772338205337,0.14657133417161278,2025-08-15
2025-09-13,La Liga,Sociedad,Real Madrid,A,0.3105241943246596,0.24134007891281803,0.4481357267625222,0.1727078891257996,0.2302771855010661,0.5970149253731344,2025-08-15
2025-09-14,La Liga,Celta,Girona,D,0.5182815578735566,0.22641152092762631,0.25530692119881687,0.5468871418475695,0.2595148099383909,0.19359804821403961,2025-09-14
2025-09-14,La Liga,Levante,Betis,D,0.4037795101621281,0.2336651660312774,0.36255532380659466,0.27645421454571406,0.26881735779030763,0.45472842766397825,2025-09-14
2025-09-14,La Liga,Osasuna,Vallecano,H,0.4268701197593858,0.2616412516262004,0.31148862861441373,0.3659093379715186,0.31601261006631154,0.3180780519621698,2025-09-14
2025-09-14,La Liga,Barcelona,Valencia,H,0.7490186318320224,0.14785021457983438,0.10313115358814312,0.7455881172805732,0.16030144521532325,0.09411043750410367,2025-09-14
2025-09-15,La Liga,Espanol,Mallorca,H,0.41794802563332434,0.28047887594907345,0.3015730984176023,0.42652329749103945,0.3010752688172043,0.2724014336917563,2025-09-14
2025-09-19,La Liga,Betis,Sociedad,H,0.45652285623758476,0.25362623379723365,0.28985090996518165,0.5046327248771293,0.254292730812757,0.24107454431011371,2025-09-14
2025-09-20,La Liga,Girona,Levante,A,0.5072497852425821,0.21392859943851547,0.2788216153189024,0.5427677910668672,0.24784549643104398,0.20938671250208887,2025-09-14
2025-09-20,La Liga,Real Madrid,Espanol,H,0.7696487718740439,0.1398765345541497,0.09047469357180649,0.7947131216777865,0.1375683658412191,0.06771851248099447,2025-09-14
2025-09-20,La Liga,Alaves,Sevilla,A,0.450725329967823,0.2638680635255111,0.2854066065066657,0.38483664241582843,0.319225149282638,0.29593820830153367,2025-09-14
2025-09-20,La Liga,Villarreal,Osasuna,H,0.6159008863562077,0.2006692609726598,0.18342985267113265,0.5763271200492072,0.24890220094670126,0.1747706790040917,2025-09-14
2025-09-20,La Liga,Valencia,Ath Bilbao,H,0.3183716574272855,0.2721248675993592,0.4095034749733553,0.2699690815668305,0.30562537535867607,0.42440554307449346,2025-09-14
2025-09-21,La Liga,Barcelona,Getafe,H,0.7447383073441609,0.15441609576556609,0.1008455968902733,0.7617173129276728,0.15963382630662448,0.0786488607657028,2025-09-14
2025-09-21,La Liga,Elche,Oviedo,H,0.5034916605474337,0.31846596305577995,0.17804237639678636,0.4839030888352344,0.296538173341104,0.21955873782366167,2025-09-14
2025-09-21,La Liga,Mallorca,Ath Madrid,D,0.24438684535306548,0.2616377917682153,0.4939753628787194,0.19043853426521382,0.2639229686827691,0.5456384970520171,2025-09-14
2025-09-21,La Liga,Vallecano,Celta,D,0.4323269541585196,0.2559994951319016,0.3116735507095787,0.4364506113014889,0.28626025388303533,0.27728913481547585,2025-09-14
2025-09-23,La Liga,Ath Bilbao,Girona,D,0.611858284911454,0.20972912948189068,0.17841258560665546,0.6629743464333816,0.215577404408182,0.1214482491584363,2025-09-14
2025-09-23,La Liga,Espanol,Valencia,D,0.3963544243434944,0.26796410879202853,0.33568146686447725,0.41948090692124107,0.29761336515513126,0.28290572792362767,2025-09-14
2025-09-23,La Liga,Levante,Real Madrid,A,0.24072899335291228,0.1986333845803468,0.5606376220667408,0.11204906255475731,0.1608957420711407,0.7270551953741019,2025-09-14
2025-09-23,La Liga,Sevilla,Villarreal,A,0.36615365830678653,0.23816299630494395,0.39568334538826944,0.302234573928719,0.28539452435497803,0.4123709017163031,2025-09-14
2025-09-24,La Liga,Getafe,Alaves,D,0.42414440111243085,0.2813932312572373,0.2944623676303317,0.4054595247209871,0.3462999499396331,0.24824052533937985,2025-09-14
2025-09-24,La Liga,Ath Madrid,Vallecano,H,0.6479772015016515,0.20205326572471846,0.14996953277362987,0.650063147358943,0.22164624475167619,0.1282906078893808,2025-09-14
2025-09-24,La Liga,Sociedad,Mallorca,H,0.5340142805464752,0.2582734060358055,0.2077123134177194,0.5436538596614455,0.2688066306103814,0.18753950972817304,2025-09-14
2025-09-25,La Liga,Osasuna,Elche,D,0.5446092326668527,0.24664586894999224,0.20874489838315508,0.4904630197393312,0.30158906182729056,0.20794791843337812,2025-09-14
2025-09-25,La Liga,Oviedo,Barcelona,A,0.0896077083237469,0.18967843208202026,0.7207138595942327,0.07623848927303814,0.13513058070586254,0.7886309300210994,2025-09-14
2025-09-26,La Liga,Girona,Espanol,D,0.5375562562296112,0.22710163837999522,0.2353421053903936,0.3755424823994599,0.29474394830745493,0.32971356929308515,2025-09-14
2025-09-27,La Liga,Villarreal,Ath Bilbao,H,0.4400200125434606,0.24237824188015947,0.31760174557638005,0.46200968283766425,0.2904851299278728,0.24750518723446302,2025-09-14
2025-09-27,La Liga,Mallorca,Alaves,H,0.403519409900385,0.2860889447168866,0.31039164538272845,0.37860522952575043,0.33436956696947717,0.28702520350477245,2025-09-14
2025-09-27,La Liga,Getafe,Levante,D,0.462051396710192,0.2473886135378462,0.29055998975196184,0.4528413617105272,0.3061663294583753,0.2409923088310974,2025-09-14
2025-09-27,La Liga,Ath Madrid,Real Madrid,H,0.45237919558312434,0.23053255912356233,0.3170882452933133,0.3152137415402524,0.27206996127356975,0.4127162971861779,2025-09-14
2025-09-28,La Liga,Vallecano,Sevilla,A,0.4659344782085303,0.2547488375309463,0.27931668426052364,0.4782455431854973,0.28554072137251746,0.23621373544198523,2025-09-14
2025-09-28,La Liga,Elche,Celta,H,0.30722643686875767,0.2651579631166557,0.42761560001458665,0.33140399814039984,0.30639237563923755,0.3622036262203627,2025-09-14
2025-09-28,La Liga,Barcelona,Sociedad,H,0.6821838744313762,0.17644508640529347,0.1413710391633303,0.746268656716418,0.16044776119402987,0.09328358208955224,2025-09-14
2025-09-28,La Liga,Betis,Osasuna,H,0.5440620235699846,0.23379587611429536,0.22214210031572015,0.5093159167814314,0.2740263101556434,0.21665777306292516,2025-09-14
2025-09-30,La Liga,Valencia,Oviedo,A,0.6071843141382607,0.26861171956134816,0.12420396630039077,0.5470104448676671,0.2766309964045059,0.17635855872782707,2025-09-14
2025-10-03,La Liga,Osasuna,Getafe,H,0.44059241977287167,0.274077952885461,0.2853296273416673,0.44204861233247733,0.32966337190896616,0.2282880157585564,2025-09-14
2025-10-04,La Liga,Oviedo,Levante,A,0.22857642017263177,0.2932712332380069,0.4781523465893612,0.3938279580579436,0.29930924812403714,0.3068627938180191,2025-09-14
2025-10-04,La Liga,Girona,Valencia,H,0.47552789870973333,0.2385161477389561,0.28595595355131076,0.4160899071448346,0.29064190528922773,0.2932681875659377,2025-09-14
2025-10-04,La Liga,Ath Bilbao,Mallorca,H,0.6004037140258011,0.23871504936468363,0.16088123660951534,0.5897900500256036,0.2600149682908575,0.15019498168353881,2025-09-14
2025-10-04,La Liga,Real Madrid,Villarreal,H,0.6363827015344503,0.17770257132971745,0.18591472713583218,0.6893227577791337,0.17937766931055524,0.1312995729103112,2025-09-14
2025-10-05,La Liga,Sociedad,Vallecano,A,0.5069942753003119,0.25089082041683264,0.24211490428285554,0.45014256282292364,0.2834717013695379,0.2663857358075384,2025-09-14
2025-10-05,La Liga,Celta,Ath Madrid,D,0.31022810643258275,0.25301268609326344,0.43675920747415364,0.2039629094242499,0.24946232768042872,0.5465747628953214,2025-09-14
2025-10-05,La Liga,Espanol,Betis,A,0.3427008790971724,0.25765981896903073,0.39963930193379676,0.36449071728014004,0.2829041323075505,0.3526051504123094,2025-09-14
2025-10-05,La Liga,Alaves,Elche,H,0.558897351667922,0.24638861030911785,0.19471403802296022,0.4069122136830548,0.319907957467928,0.27317982884901715,2025-09-14
2025-10-05,La Liga,Sevilla,Barcelona,H,0.23011431306126487,0.21231116764336344,0.5575745192953715,0.16359599579324582,0.19183578078136562,0.6445682234253886,2025-09-14
2025-10-17,La Liga,Oviedo,Espanol,A,0.34323326893709794,0.29267709188750635,0.3640896391753955,0.3276622558286075,0.3119092627599244,0.3604284814114682,2025-10-17
2025-10-18,La Liga,Sevilla,Mallorca,A,0.4951916232214225,0.2639289968260664,0.24087937995251105,0.5195911835804864,0.27840559120215175,0.2020032252173617,2025-10-17
2025-10-18,La Liga,Barcelona,Girona,H,0.8036887090936794,0.1157320762059505,0.0805792147003703,0.7960235155888687,0.12825412168608938,0.07572236272504175,2025-10-17
2025-10-18,La Liga,Villarreal,Betis,D,0.5319333507013763,0.21607556334288175,0.25199108595574204,0.4654712679213201,0.2665301232754956,0.26799860880318427,2025-10-17
2025-10-18,La Liga,Ath Madrid,Osasuna,H,0.6888632399004366,0.1868742941520099,0.12426246594755364,0.7178968408405801,0.1874585561189136,0.09464460304050618,2025-10-17
2025-10-19,La Liga,Elche,Ath Bilbao,D,0.269020179899323,0.2610331748145254,0.4699466452861515,0.24271264173771137,0.2883571086913705,0.4689302495709181,2025-10-17
2025-10-19,La Liga,Celta,Sociedad,D,0.4336666604892103,0.26108429862257704,0.30524904088821253,0.4463447060013584,0.2780089883094175,0.27564630568922416,2025-10-17
2025-10-19,La Liga,Levante,Vallecano,A,0.5230824663341329,0.21794872485064007,0.25896880881522694,0.3401050815075037,0.28863517303010694,0.37125974546238943,2025-10-17
2025-10-19,La Liga,Getafe,Real Madrid,A,0.2320299805620254,0.23380406722025887,0.5341659522177157,0.13084617994340367,0.2104418867798724,0.6587119332767238,2025-10-17
2025-10-20,La Liga,Alaves,Valencia,D,0.46674176817905016,0.2651396439617619,0.26811858785918785,0.4360898963324078,0.30107754452670876,0.26283255914088355,2025-10-17
2025-10-24,La Liga,Sociedad,Sevilla,H,0.5165447680522942,0.25042591644207707,0.233029315505629,0.49119527198166685,0.2686648172717404,0.2401399107465927,2025-10-17
2025-10-25,La Liga,Valencia,Villarreal,A,0.364916696221666,0.23777196596580047,0.3973113378125336,0.25384110446891484,0.2809859624612555,0.4651729330698297,2025-10-17
2025-10-25,La Liga,Ath Bilbao,Getafe,A,0.5852809867109957,0.24747162973465917,0.16724738355434493,0.5860106480631541,0.26858821369561225,0.14540113824123369,2025-10-17
2025-10-25,La Liga,Espanol,Elche,H,0.5012491887354372,0.24599839281069535,0.2527524184538674,0.4789228550488215,0.29550559141310256,0.225571553538076,2025-10-17
2025-10-25,La Liga,Girona,Oviedo,D,0.5695183271273513,0.2383264758423774,0.19215519703027115,0.550344124394596,0.25898547030333924,0.19067040530206472,2025-10-17
2025-10-26,La Liga,Mallorca,Levante,D,0.3879419540699801,0.24642503415368436,0.3656330117763357,0.4907914385266302,0.28581383773021407,0.22339472374315583,2025-10-17
2025-10-26,La Liga,Real Madrid,Barcelona,H,0.476058245331604,0.206601109553876,0.31734064511452004,0.5194482497992348,0.21730832821578727,0.2632434219849781,2025-10-17
2025-10-26,La Liga,Osasuna,Celta,A,0.4057465324492116,0.2619465440136356,0.3323069235371528,0.4051954449855051,0.29922125168160374,0.2955833033328912,2025-10-17
2025-10-26,La Liga,Vallecano,Alaves,H,0.4498871239565378,0.2657974116788536,0.28431546436460875,0.43640375387122476,0.31596765296520496,0.24762859316357028,2025-10-17
2025-10-27,La Liga,Betis,Ath Madrid,A,0.336677343806602,0.2509316276360443,0.4123910285573536,0.2829365208611537,0.27263351029758226,0.44442996884126423,2025-10-17
2025-10-31,La Liga,Getafe,Girona,H,0.4609437043533642,0.25630613687862563,0.28275015876801024,0.43954833379234365,0.3180941889286698,0.2423574772789865,2025-10-17
2025-11-01,La Liga,Sociedad,Ath Bilbao,H,0.37890803821392666,0.2790968321487115,0.3419951296373618,0.3604633072483159,0.32659427166793725,0.3129424210837469,2025-10-17
2025-11-01,La Liga,Real Madrid,Valencia,H,0.7290491684959692,0.15745200503397175,0.1134988264700593,0.8246016284914331,0.11940394868007137,0.055994422828495455,2025-10-17
2025-11-01,La Liga,Villarreal,Vallecano,H,0.5975036450625706,0.2034158130985191,0.19908054183891033,0.5537525354969574,0.24847870182555784,0.19776876267748478,2025-10-17
2025-11-01,La Liga,Ath Madrid,Sevilla,H,0.6717078131517467,0.19209614175331022,0.13619604509494312,0.7204753291407898,0.17747002592806221,0.10205464493114783,2025-10-17
2025-11-02,La Liga,Betis,Mallorca,H,0.5702178173543058,0.23819189324351434,0.19159028940217962,0.6182569068641413,0.21771575049843356,0.16402734263742524,2025-10-17
2025-11-02,La Liga,Barcelona,Elche,H,0.8202654308786897,0.11217508067237822,0.0675594884489321,0.8078620861280306,0.12356759415068848,0.06857031972128078,2025-10-17
2025-11-02,La Liga,Levante,Celta,A,0.49480737821569004,0.2205148911909103,0.2846777305933997,0.30896878704069536,0.2821019359936784,0.40892927696562625,2025-10-17
2025-11-02,La Liga,Alaves,Espanol,H,0.4982706564541175,0.2570491465149426,0.24468019703093993,0.38941525504832997,0.3110345487606469,0.2995501961910231,2025-10-17
2025-11-03,La Liga,Oviedo,Osasuna,D,0.331774035502787,0.29806399410204965,0.3701619703951633,0.30098876645076433,0.30381053613624026,0.3952006974129954,2025-10-17
2025-11-07,La Liga,Elche,Sociedad,D,0.33445827888899626,0.26572842994235996,0.39981329116864345,0.30876108272922914,0.3068130632798334,0.38442585399093754,2025-10-17
2025-11-08,La Liga,Girona,Alaves,H,0.4335243104939141,0.251510387544091,0.314965301961995,0.4460534484501104,0.29113668192252723,0.26280986962736236,2025-10-17
2025-11-08,La Liga,Sevilla,Osasuna,H,0.48159211847528083,0.25645635059149713,0.2619515309332221,0.4162303664921467,0.306282722513089,0.2774869109947644,2025-10-17
2025-11-08,La Liga,Ath Madrid,Levante,H,0.6801352234302706,0.17157133634552188,0.14829344022420765,0.7869656572030951,0.13560707652369716,0.07742726627320773,2025-10-17
2025-11-08,La Liga,Espanol,Villarreal,A,0.33475759110637593,0.23433972085339883,0.4309026880402249,0.33914220908127707,0.28212699711978706,0.3787307937989359,2025-10-17
2025-11-09,La Liga,Celta,Barcelona,A,0.25735892852616965,0.21582517233446333,0.5268158991393672,0.2282309477686684,0.22504632989282652,0.5467227223385052,2025-10-17
2025-11-09,La Liga,Mallorca,Getafe,H,0.41060936802867487,0.2975041997747132,0.2918864321966119,0.36878279421092086,0.34402352534163644,0.2871936804474428,2025-10-17
2025-11-09,La Liga,Valencia,Betis,D,0.39204931495203227,0.258139178222185,0.3498115068257829,0.2764318692513891,0.2772194244344415,0.4463487063141695,2025-10-17
2025-11-09,La Liga,Ath Bilbao,Oviedo,H,0.6756789078423061,0.21455492066300855,0.10976617149468539,0.6004632310364795,0.2641381972592164,0.13539857170430422,2025-10-17
2025-11-09,La Liga,Vallecano,Real Madrid,D,0.2577577988583297,0.22186357199291784,0.5203786291487524,0.15630250250470665,0.20717612216362616,0.6365213753316672,2025-10-17
2025-11-21,La Liga,Valencia,Levante,H,0.4682288158393413,0.22657278578499662,0.30519839837566204,0.46735048483829383,0.2761616501317191,0.25648786502998716,2025-11-21
2025-11-22,La Liga,Alaves,Celta,A,0.45511034078079865,0.2601983318443793,0.2846913273748222,0.35166196086067575,0.32255087138545424,0.3257871677538701,2025-11-21
2025-11-22,La Liga,Barcelona,Ath Bilbao,H,0.6077246342384203,0.20572998196394163,0.18654538379763827,0.6772009029345373,0.18445662689455014,0.1383424701709126,2025-11-21
2025-11-22,La Liga,Osasuna,Sociedad,A,0.3603503533659994,0.2744006284730757,0.3652490181609248,0.35929820195358675,0.3245660424314067,0.3161357556150065,2025-11-21
2025-11-22,La Liga,Villarreal,Mallorca,H,0.6400130858817958,0.19979493179069,0.16019198232751428,0.6853390174233468,0.19249562043165716,0.12216536214499606,2025-11-21
2025-11-23,La Liga,Getafe,Ath Madrid,A,0.2408374383932169,0.26340684035412815,0.49575572125265494,0.1955028613060508,0.28974226451046453,0.5147548741834848,2025-11-21
2025-11-23,La Liga,Oviedo,Vallecano,D,0.2674079053446842,0.25784104230029026,0.4747510523550254,0.27023709922932615,0.30119305177262357,0.42856984899805023,2025-11-21
2025-11-23,La Liga,Betis,Girona,D,0.5917047360579334,0.20715869837554982,0.20113656556651668,0.6314375520511513,0.21373881739784545,0.15482363055100343,2025-11-21
2025-11-23,La Liga,Elche,Real Madrid,D,0.18358128817408773,0.20350064019741906,0.612918071628493,0.13658248992826963,0.1736759359339688,0.6897415741377617,2025-11-21
2025-11-24,La Liga,Espanol,Sevilla,H,0.45079448884866585,0.25427249482200703,0.29493301632932706,0.5248351853872169,0.2589186914576937,0.21624612315508937,2025-11-21
2025-11-28,La Liga,Getafe,Elche,H,0.47862310855660556,0.2767443180597489,0.24463257338364555,0.42325425433816755,0.32777265487467516,0.24897309078715738,2025-11-21
2025-11-29,La Liga,Ath Madrid,Oviedo,H,0.8227849204251647,0.12039450895257839,0.05682057062225687,0.770999140292606,0.15469485158358864,0.07430600812380549,2025-11-21
2025-11-29,La Liga,Levante,Ath Bilbao,A,0.3441681357057061,0.23836574510163722,0.41746611919265675,0.24646337956434516,0.27984602751686455,0.4736905929187903,2025-11-21
2025-11-29,La Liga,Barcelona,Alaves,H,0.7184517965035926,0.1639762060912599,0.11757199740514711,0.7688983173404554,0.14474742419812792,0.08635425846141681,2025-11-21
2025-11-29,La Liga,Mallorca,Osasuna,D,0.419228511018384,0.27771447643337605,0.30305701254824,0.38957159371411354,0.3214287076849121,0.2889996986009744,2025-11-21
2025-11-30,La Liga,Girona,Real Madrid,D,0.21899414233426623,0.19583997659647076,0.5851658810692629,0.1368479368955223,0.16800420974388988,0.6951478533605879,2025-11-21
2025-11-30,La Liga,Celta,Espanol,A,0.5134683586926697,0.23794795411700004,0.24858368719033008,0.5065397415060754,0.2724247349276372,0.22103552356628742,2025-11-21
2025-11-30,La Liga,Sevilla,Betis,A,0.3722436956898017,0.2585613977535135,0.36919490655668497,0.3503370405219886,0.2915978960033318,0.3580650634746795,2025-11-21
2025-11-30,La Liga,Sociedad,Villarreal,A,0.4294914058363869,0.24297821167459938,0.3275303824890137,0.33570063242893317,0.28549320646448856,0.3788061611065783,2025-11-21
2025-12-01,La Liga,Vallecano,Valencia,D,0.4901681605883652,0.2520730498760338,0.25775878953560105,0.4606802778097862,0.3028147620494233,0.23650496014079048,2025-11-21
2025-12-02,La Liga,Barcelona,Ath Madrid,H,0.5385511193396676,0.21248227123362992,0.2489666094267026,0.5710647802165264,0.21494420458038518,0.21399101520308858,2025-11-21
2025-12-03,La Liga,Ath Bilbao,Real Madrid,A,0.35931537118349427,0.24844786832642826,0.3922367604900773,0.2235911936982428,0.2629771763280146,0.5134316299737428,2025-11-21
2025-12-05,La Liga,Oviedo,Mallorca,D,0.31702751020671077,0.28106997287959606,0.40190251691369294,0.370020814034163,0.3190671281671635,0.31091205779867365,2025-11-21
2025-12-06,La Liga,Villarreal,Getafe,H,0.6115715874609712,0.21487178292096765,0.17355662961806104,0.5892387991732932,0.2556485795355029,0.15511262129120398,2025-11-21
2025-12-06,La Liga,Alaves,Sociedad,H,0.3948571606297783,0.2788630929660709,0.32627974640415075,0.35127792783650014,0.32219862917453823,0.3265234429889616,2025-11-21
2025-12-06,La Liga,Betis,Barcelona,A,0.3015388465511587,0.2230449047846303,0.4754162486642111,0.25750443656450817,0.23557583491059628,0.5069197285248958,2025-11-21
2025-12-06,La Liga,Ath Bilbao,Ath Madrid,H,0.37749460828317577,0.26913735613300127,0.3533680355838229,0.3255995697876407,0.3042320980203268,0.3701683321920326,2025-11-21
2025-12-07,La Liga,Real Madrid,Celta,A,0.7169747147272766,0.16031537108830587,0.12270991418441766,0.7578408643541402,0.1539740168846507,0.08818511876120905,2025-11-21
2025-12-07,La Liga,Elche,Girona,H,0.41847825684281725,0.2467808000392182,0.33474094311796465,0.4525315438542608,0.2887070680375848,0.25876138810815447,2025-11-21
2025-12-07,La Liga,Valencia,Sevilla,D,0.45320204415685544,0.2601121240508689,0.28668583179227536,0.4832571911152715,0.2815498417802016,0.23519296710452678,2025-11-21
2025-12-07,La Liga,Espanol,Vallecano,H,0.4224605057896855,0.25563165014988976,0.32190784406042483,0.3955750895626595,0.3031510032162437,0.30127390722109676,2025-11-21
2025-12-08,La Liga,Osasuna,Levante,H,0.46146943791671985,0.2286567178798449,0.30987384420343517,0.5687203791469194,0.24170616113744073,0.18957345971563982,2025-11-21
2025-12-12,La Liga,Sociedad,Girona,A,0.574278280323193,0.22012400624393616,0.20559771343287112,0.5280148907277874,0.26328807902775236,0.20869703024446026,2025-11-21
2025-12-13,La Liga,Ath Madrid,Valencia,H,0.6842191486502378,0.1880107327486699,0.12777011860109247,0.7253662701411071,0.17414027784976038,0.10049345200913255,2025-11-21
2025-12-13,La Liga,Mallorca,Elche,H,0.4699991870440358,0.27063093033410457,0.2593698826218598,0.37118862247588325,0.32202456651881267,0.30678681100530414,2025-11-21
2025-12-13,La Liga,Barcelona,Osasuna,H,0.7634519938185957,0.14188413999161767,0.09466386618978648,0.8043504006948009,0.11843196083849829,0.07721763846670089,2025-11-21
2025-12-13,La Liga,Getafe,Espanol,A,0.43873842227144716,0.2751241712723411,0.28613740645621166,0.3580147717791031,0.34778577829970025,0.29419944992119657,2025-11-21
2025-12-14,La Liga,Sevilla,Oviedo,H,0.6259137408225276,0.21684037610682333,0.1572458830706491,0.45232593010743205,0.3087303967399933,0.23894367315257464,2025-11-21
2025-12-14,La Liga,Celta,Ath Bilbao,H,0.3521787612852951,0.2688228326496102,0.3789984060650947,0.32003463822086914,0.3128312862351904,0.36713407554394045,2025-11-21
2025-12-14,La Liga,Alaves,Real Madrid,A,0.2598949643729569,0.23388804567175622,0.5062169899552869,0.1680733591614069,0.23375251164923824,0.598174129189355,2025-11-21
2025-12-15,La Liga,Vallecano,Betis,D,0.40223713846499215,0.25587098846746764,0.34189187306754004,,,,2025-11-21
2025-12-19,La Liga,Valencia,Mallorca,D,0.4764545236919671,0.2672375902820502,0.25630788602598276,0.46031267737889187,0.301633462506044,0.23805386011506416,2025-11-21
2025-12-20,La Liga,Real Madrid,Sevilla,H,0.7404277189016583,0.15309956541982225,0.10647271567851953,0.7939555916674379,0.1360745419146742,0.06996986641788783,2025-11-21
2025-12-20,La Liga,Osasuna,Alaves,H,0.4084250802803073,0.2753587898045117,0.31621612991518105,0.4356794495525449,0.31959380674413657,0.24472674370331868,2025-11-21
2025-12-20,La Liga,Oviedo,Celta,D,0.2644833465066011,0.2522890805957314,0.4832275728976675,0.27047386892612224,0.2986828000411166,0.43084333103276107,2025-11-21
2025-12-20,La Liga,Levante,Sociedad,D,0.401720151089381,0.23500846950053716,0.3632713794100819,0.30620102368981295,0.28808261992118495,0.40571635638900216,2025-11-21
2025-12-21,La Liga,Betis,Getafe,H,0.5418691303038962,0.25416759551708523,0.2039632741790187,0.5487016507761734,0.28150780344168896,0.1697905457821376,2025-12-21
2025-12-21,La Liga,Elche,Vallecano,H,0.3417160833530172,0.265059976129188,0.3932239405177945,0.38028580321153976,0.32559587164600057,0.2941183251424597,2025-12-21
2025-12-21,La Liga,Girona,Ath Madrid,A,0.2589253138677064,0.22627174830063868,0.5148029378316549,0.19447057823577857,0.2563710275415967,0.5491583942226248,2025-12-21
2025-12-21,La Liga,Villarreal,Barcelona,A,0.3512512084239657,0.21011431371449937,0.438634477861535,0.23097069559299666,0.21601946753005713,0.5530098368769463,2025-12-21
2025-12-22,La Liga,Ath Bilbao,Espanol,A,0.5916073339666427,0.23125744358515513,0.1771352224482022,0.5170251423017758,0.28338404301088577,0.19959081468733847,2025-12-21
2026-01-02,La Liga,Vallecano,Getafe,D,0.4861520015758694,0.27554604386617276,0.2383019545579578,0.45278973574118214,0.3391978856597706,0.20801237859904737,2025-12-21
2026-01-03,La Liga,Celta,Valencia,H,0.49279742432441676,0.25095734763705546,0.25624522803852795,0.47140190263627413,0.2951635013467248,0.2334345960170011,2025-12-21
2026-01-03,La Liga,Osasuna,Ath Bilbao,D,0.3203588466866282,0.2770775084800668,0.402563644833305,0.3141486438230682,0.32247046220248726,0.3633808939744445,2025-12-21
2026-01-03,La Liga,Elche,Villarreal,A,0.2587538294320445,0.22832752143458765,0.5129186491333677,0.3003769552699534,0.2764833338280253,0.42313971090202135,2025-12-21
2026-01-03,La Liga,Espanol,Barcelona,A,0.21697432252936244,0.20524303938704916,0.5777826380835883,0.16237928382189554,0.2030595675583283,0.6345611486197761,2025-12-21
2026-01-04,La Liga,Mallorca,Girona,A,0.4330312740350714,0.25391313779411884,0.31305558817080975,0.432339638233068,0.3068656738247328,0.26079468794219923,2025-12-21
2026-01-04,La Liga,Sociedad,Ath Madrid,D,0.33630290440779526,0.26251392064482426,0.4011831749473806,0.2285127275859539,0.25490264888196956,0.5165846235320767,2025-12-21
2026-01-04,La Liga,Alaves,Oviedo,D,0.6252484423442378,0.2280606403243778,0.14669091733138437,0.5027264167224262,0.32021847665817904,0.1770551066193946,2025-12-21
2026-01-04,La Liga,Real Madrid,Betis,H,0.6779913678385857,0.17307292554100878,0.1489357066204056,0.6428504149616435,0.21334156628397397,0.14380801875438246,2025-12-21
2026-01-04,La Liga,Sevilla,Levante,A,0.5102692643603022,0.2215859888676601,0.26814474677203776,0.5424558029917073,0.26602627050826194,0.19151792650003077,2025-12-21
2026-01-09,La Liga,Getafe,Sociedad,A,0.34241593434073814,0.29890623008760914,0.35867783557165256,0.2673508097855163,0.32547055104323724,0.4071786391712466,2025-12-21
2026-01-10,La Liga,Oviedo,Betis,D,0.22975801671923837,0.251629836550796,0.5186121467299655,0.24904261372562023,0.2783838412047881,0.4725735450695916,2025-12-21
2026-01-10,La Liga,Villarreal,Alaves,H,0.5824087426616632,0.2158702437371929,0.20172101360114403,0.6496334269361439,0.2256302578402924,0.12473631522356372,2025-12-21
2026-01-10,La Liga,Girona,Osasuna,H,0.4614524362501988,0.24469942148574003,0.2938481422640611,0.3729432565121344,0.30999423550849386,0.3170625079793716,2025-12-21
2026-01-10,La Liga,Valencia,Elche,D,0.5465885450203759,0.2421399204648938,0.21127153451473024,0.4762139511954646,0.2891298989401035,0.23465614986443184,2025-12-21
2026-01-11,La Liga,Vallecano,Mallorca,H,0.519375284711941,0.2549923619084703,0.22563235337958865,0.5036953904287659,0.29911757031615943,0.19718703925507466,2025-12-21
2026-01-11,La Liga,Levante,Espanol,D,0.46807968769262487,0.2279148388374911,0.304005473469884,0.30221439260480004,0.2939970828360895,0.40378852455911046,2025-12-21
2026-01-12,La Liga,Sevilla,Celta,A,0.42423989141043084,0.25803986756026387,0.31772024102930535,0.36615134255492265,0.30919446704637915,0.3246541903986981,2025-12-21
2026-01-16,La Liga,Espanol,Girona,A,0.477862737381343,0.23801542289546374,0.2841218397231935,,,,2025-12-21
2026-01-17,La Liga,Osasuna,Oviedo,H,0.6019360379705982,0.23550291084823166,0.1625610511811701,,,,2025-12-21
2026-01-17,La Liga,Betis,Villarreal,H,0.4317204741845918,0.2320819817481731,0.3361975440672352,,,,2025-12-21
2026-01-17,La Liga,Real Madrid,Levante,H,0.8113894342967483,0.10881284309830841,0.07979772260494311,,,,2025-12-21
2026-01-17,La Liga,Mallorca,Ath Bilbao,H,0.285903157117311,0.28040274839256973,0.4336940944901192,,,,2025-12-21
2026-01-18,La Liga,Sociedad,Barcelona,H,0.29522006242838844,0.23029397016448236,0.47448596740712906,,,,2025-12-21
2026-01-18,La Liga,Celta,Vallecano,H,0.4674474719817894,0.2526942239588118,0.2798583040593988,,,,2025-12-21
2026-01-18,La Liga,Getafe,Valencia,A,0.41114569314408633,0.2919254869008011,0.2969288199551127,,,,2025-12-21
2026-01-18,La Liga,Ath Madrid,Alaves,H,0.6395155569992299,0.20839939813187563,0.15208504486889465,,,,2025-12-21
2026-01-19,La Liga,Elche,Sevilla,D,0.3708929977946964,0.2655547815570509,0.3635522206482527,,,,2025-12-21
2026-01-23,La Liga,Levante,Elche,H,0.5491799487209329,0.2137739347445703,0.2370461165344967,,,,2026-01-23
2026-01-24,La Liga,Vallecano,Osasuna,A,0.47299679645613246,0.2601727005088157,0.2668305030350518,,,,2026-01-23
2026-01-24,La Liga,Valencia,Espanol,H,0.46610310938702143,0.2602945156431813,0.27360237496979734,,,,2026-01-23
2026-01-24,La Liga,Sevilla,Ath Bilbao,H,0.31996306250449846,0.27046654181636404,0.40957039567913733,,,,2026-01-23
2026-01-24,La Liga,Villarreal,Real Madrid,A,0.34819226571125345,0.21639888457384562,0.43540884971490085,,,,2026-01-23
2026-01-25,La Liga,Ath Madrid,Mallorca,H,0.6873816429669894,0.19062659693666742,0.12199176009634312,,,,2026-01-23
2026-01-25,La Liga,Barcelona,Oviedo,H,0.8664753534042193,0.08689825127160168,0.04662639532417909,,,,2026-01-23
2026-01-25,La Liga,Sociedad,Celta,H,0.48476258758792584,0.25476183371876476,0.2604755786933094,,,,2026-01-23
2026-01-25,La Liga,Alaves,Betis,H,0.38765566269493285,0.2626080610311726,0.3497362762738945,,,,2026-01-23
2026-01-26,La Liga,Girona,Getafe,D,0.4706123544946714,0.26600312602947,0.26338451947585845,,,,2026-01-23
2026-01-30,La Liga,Espanol,Alaves,A,0.4227095536914925,0.26911290242739905,0.3081775438811086,,,,2026-01-23
2026-01-31,La Liga,Elche,Barcelona,A,0.15036666735947238,0.1698934843107836,0.679739848329744,,,,2026-01-23
2026-01-31,La Liga,Levante,Ath Madrid,D,0.24912846157587912,0.21741322463625035,0.5334583137878708,,,,2026-01-23
2026-01-31,La Liga,Oviedo,Girona,H,0.3466253269952467,0.2469147749687323,0.406459898036021,,,,2026-01-23
2026-01-31,La Liga,Osasuna,Villarreal,D,0.33556277139348534,0.24588989002367204,0.4185473385828423,,,,2026-01-23
2026-02-01,La Liga,Real Madrid,Vallecano,H,0.7257415603247888,0.15874028607150106,0.11551815360371011,,,,2026-01-23
2026-02-01,La Liga,Betis,Valencia,H,0.54042158051052,0.23683293366557376,0.22274548582390627,,,,2026-01-23
2026-02-01,La Liga,Getafe,Celta,D,0.36269427706170115,0.2901218387340458,0.3471838842042531,,,,2026-01-23
2026-02-01,La Liga,Ath Bilbao,Sociedad,D,0.49572926782217,0.2619003324208416,0.2423703997569883,,,,2026-01-23
2026-02-02,La Liga,Mallorca,Sevilla,H,0.41696097398732135,0.2714668407381664,0.3115721852745121,,,,2026-01-23
2026-02-06,La Liga,Celta,Osasuna,A,0.5016711440632559,0.2520191862272909,0.24630966970945317,,,,2026-01-23
2026-02-07,La Liga,Sociedad,Elche,H,0.6165587838371023,0.2167063569238423,0.1667348592390553,,,,2026-01-23
2026-02-07,La Liga,Barcelona,Mallorca,H,0.7865385578526483,0.1311480798067909,0.08231336234056087,,,,2026-01-23
2026-02-08,La Liga,Valencia,Real Madrid,A,0.23076944486948014,0.2206465948224253,0.5485839603080945,,,,2026-01-23
2026-02-08,La Liga,Ath Madrid,Betis,A,0.58793725826465,0.21663282896561292,0.19542991276973715,,,,2026-01-23
2026-02-08,La Liga,Alaves,Getafe,A,0.47162862390379034,0.2880903284350328,0.24028104766117678,,,,2026-01-23
2026-02-08,La Liga,Ath Bilbao,Levante,H,0.6346622667851843,0.19791697702597813,0.16742075618883767,,,,2026-01-23
2026-02-08,La Liga,Sevilla,Girona,D,0.4682328672610338,0.24251491340161618,0.2892522193373498,,,,2026-01-23
2026-02-09,La Liga,Villarreal,Espanol,H,0.619581958937606,0.20075634406660567,0.17966169699578835,,,,2026-01-23
2026-02-13,La Liga,Elche,Osasuna,D,0.37637362276922637,0.2650175141371247,0.358608863093649,,,,2026-01-23
2026-02-14,La Liga,Espanol,Celta,D,0.4029581983439423,0.2601589168561057,0.3368828847999519,,,,2026-01-23
2026-02-14,La Liga,Getafe,Villarreal,H,0.3014285215167985,0.2638794519876166,0.4346920264955848,,,,2026-01-23
2026-02-14,La Liga,Sevilla,Alaves,D,0.42445617519671264,0.2692383365247609,0.30630548827852633,,,,2026-01-23
2026-02-14,La Liga,Real Madrid,Sociedad,H,0.6599061539917787,0.18791050109183055,0.152183344916391,,,,2026-01-23
2026-02-15,La Liga,Mallorca,Betis,A,0.3345830887970872,0.263378588676469,0.4020383225264436,,,,2026-01-23
2026-02-15,La Liga,Levante,Valencia,A,0.44169686840140276,0.2391744736208339,0.3191286579777635,,,,2026-01-23
2026-02-15,La Liga,Vallecano,Ath Madrid,H,0.28436962274988836,0.25084072865683027,0.46478964859328126,,,,2026-01-23
2026-02-15,La Liga,Oviedo,Ath Bilbao,A,0.22324305732238908,0.24808753812247347,0.5286694045551374,,,,2026-01-23
2026-02-16,La Liga,Girona,Barcelona,H,0.20568649410411108,0.1867221812139046,0.6075913246819843,,,,2026-01-23
2026-02-18,La Liga,Levante,Villarreal,A,0.3246518083387622,0.21479852263294388,0.4605496690282941,,,,2026-01-23
2026-02-20,La Liga,Ath Bilbao,Elche,H,0.6662949220352419,0.1984877511766522,0.13521732678810602,,,,2026-01-23
2026-02-21,La Liga,Ath Madrid,Espanol,H,0.6719547172072292,0.19259045236439093,0.1354548304283797,,,,2026-01-23
2026-02-21,La Liga,Sociedad,Oviedo,D,0.6519676331199792,0.20620124140369078,0.14183112547632995,,,,2026-01-23
2026-02-21,La Liga,Betis,Vallecano,D,0.5323034249334173,0.23498277968249373,0.23271379538408887,,,,2026-01-23
2026-02-21,La Liga,Osasuna,Real Madrid,H,0.22237914257461414,0.2200920461967989,0.557528811228587,,,,2026-01-23
2026-02-22,La Liga,Celta,Mallorca,H,0.5346363613161598,0.2475316589870594,0.21783197969678086,,,,2026-02-22
2026-02-22,La Liga,Villarreal,Valencia,H,0.5863252475847388,0.21676524875811512,0.19690950365714602,,,,2026-02-22
2026-02-22,La Liga,Getafe,Sevilla,A,0.42613921464649307,0.2906046451963162,0.2832561401571908,,,,2026-02-22
2026-02-22,La Liga,Barcelona,Levante,H,0.8192666144707953,0.10655720793906824,0.07417617759013669,,,,2026-02-22
2026-02-23,La Liga,Alaves,Girona,D,0.49011766347354935,0.244415989779653,0.26546634674679753,,,,2026-02-22
2026-02-27,La Liga,Levante,Alaves,H,0.41036940834886865,0.2502524382855523,0.33937815336557886,,,,2026-02-22
2026-02-28,La Liga,Oviedo,Ath Madrid,A,0.19021435407517578,0.22929027199059263,0.5804953739342315,,,,2026-02-22
2026-02-28,La Liga,Mallorca,Sociedad,A,0.3400645202582781,0.27804348158597403,0.3818919981557478,,,,2026-02-22
2026-02-28,La Liga,Vallecano,Ath Bilbao,D,0.34579134678749274,0.2720132520795008,0.3821954011330064,,,,2026-02-22
2026-02-28,La Liga,Barcelona,Villarreal,H,0.6731720879871135,0.16449396576825023,0.16233394624463646,,,,2026-02-22
2026-03-01,La Liga,Elche,Espanol,D,0.3702895621680824,0.2500856054559604,0.37962483237595707,,,,2026-02-22
2026-03-01,La Liga,Valencia,Osasuna,H,0.4520255254176757,0.2693523789030928,0.27862209567923135,,,,2026-02-22
2026-03-01,La Liga,Betis,Sevilla,D,0.5855559873675821,0.22224786713865485,0.19219614549376293,,,,2026-02-22
2026-03-01,La Liga,Girona,Celta,A,0.4133251857623504,0.24584124242543914,0.34083357181221036,,,,2026-02-22
2026-03-02,La Liga,Real Madrid,Getafe,A,0.7268379724758456,0.1721622121095155,0.10099981541463891,,,,2026-02-22
2026-03-04,La Liga,Vallecano,Oviedo,H,0.5876282704629902,0.22839878545635883,0.18397294408065107,,,,2026-02-22
2026-03-06,La Liga,Celta,Real Madrid,A,0.27308731104289724,0.2262936242180084,0.5006190647390945,,,,2026-02-22
2026-03-07,La Liga,Osasuna,Mallorca,D,0.47525889917358954,0.2694913372810852,0.25524976354532514,,,,2026-02-22
2026-03-07,La Liga,Levante,Girona,D,0.4529817805262906,0.22830798167660876,0.3187102377971005,,,,2026-02-22
2026-03-07,La Liga,Ath Madrid,Sociedad,H,0.5690628677717673,0.23380645373907993,0.19713067848915258,,,,2026-02-22
2026-03-07,La Liga,Ath Bilbao,Barcelona,A,0.33599481016578875,0.23369001978472112,0.4303151700494904,,,,2026-02-22
2026-03-08,La Liga,Valencia,Alaves,H,0.42846807930013364,0.2723878758209798,0.2991440448788867,,,,2026-02-22
2026-03-08,La Liga,Sevilla,Vallecano,D,0.4032631062475395,0.26437120618924215,0.33236568756321827,,,,2026-02-22
2026-03-08,La Liga,Villarreal,Elche,H,0.737452661708299,0.1517708466041138,0.11077649168758724,,,,2026-02-22
2026-03-08,La Liga,Getafe,Betis,H,0.32549185774050354,0.2850478085906803,0.38946033366881605,,,,2026-02-22
2026-03-09,La Liga,Espanol,Oviedo,D,0.5411597851937378,0.24074000317197577,0.2181002116342863,,,,2026-02-22
2026-03-13,La Liga,Alaves,Villarreal,D,0.368305807123129,0.25076694399655336,0.38092724888031754,,,,2026-02-22
2026-03-14,La Liga,Girona,Ath Bilbao,H,0.32834976409763184,0.2550241178060517,0.4166261180963165,,,,2026-02-22
2026-03-14,La Liga,Ath Madrid,Getafe,H,0.6399938443443859,0.22512752554975993,0.1348786301058543,,,,2026-02-22
2026-03-14,La Liga,Oviedo,Valencia,H,0.3372227700953719,0.2714904391063839,0.3912867907982441,,,,2026-02-22
2026-03-14,La Liga,Real Madrid,Elche,H,0.8529508513187465,0.0941235381895858,0.05292561049166739,,,,2026-02-22
2026-03-15,La Liga,Betis,Celta,D,0.5073797747309456,0.23943479451074112,0.2531854307583131,,,,2026-02-22
2026-03-15,La Liga,Mallorca,Espanol,H,0.4379112180238457,0.2680731843291329,0.29401559764702134,,,,2026-02-22
2026-03-15,La Liga,Barcelona,Sevilla,H,0.7922982719477276,0.1254972555891765,0.08220447246309606,,,,2026-02-22
2026-03-15,La Liga,Sociedad,Osasuna,H,0.521555216261509,0.25341843602254266,0.22502634771594837,,,,2026-02-22
2026-03-16,La Liga,Vallecano,Levante,D,0.5262817839063448,0.22885204104720472,0.2448661750464504,,,,2026-02-22
2026-03-20,La Liga,Villarreal,Sociedad,H,0.5145965368486664,0.23341588157624477,0.2519875815750888,,,,2026-02-22
2026-03-21,La Liga,Elche,Mallorca,H,0.37492654416882454,0.26118494145582505,0.36388851437535036,,,,2026-02-22
2026-03-21,La Liga,Espanol,Getafe,A,0.43926077352364906,0.2862235520205832,0.2745156744557676,,,,2026-02-22
2026-03-21,La Liga,Levante,Oviedo,H,0.5571708012382707,0.22299005645066333,0.21983914231106608,,,,2026-02-22
2026-03-21,La Liga,Osasuna,Girona,H,0.4642907979231787,0.24886198483674155,0.28684721724007983,,,,2026-02-22
2026-03-21,La Liga,Sevilla,Valencia,A,0.4155091092709315,0.26838931313624703,0.3161015775928215,,,,2026-02-22
2026-03-22,La Liga,Barcelona,Vallecano,H,0.7466953846503097,0.14598757447209304,0.10731704087759691,,,,2026-02-22
2026-03-22,La Liga,Celta,Alaves,A,0.4782028308215084,0.2571629723448314,0.2646341968336603,,,,2026-02-22
2026-03-22,La Liga,Ath Bilbao,Betis,H,0.4952242338457529,0.2504011190596546,0.25437464709459245,,,,2026-02-22
2026-03-22,La Liga,Real Madrid,Ath Madrid,H,0.540649031489474,0.21934526529587603,0.24000570321465,,,,2026-02-22
2026-04-03,La Liga,Vallecano,Elche,H,0.6035274110844401,0.21127141998978236,0.18520116892577745,,,,2026-04-03
2026-04-04,La Liga,Ath Madrid,Barcelona,A,0.40774837528722796,0.22210047816305542,0.37015114654971665,,,,2026-04-03
2026-04-04,La Liga,Betis,Espanol,D,0.601894664994468,0.2132622143417881,0.184843120663744,,,,2026-04-03
2026-04-04,La Liga,Sociedad,Levante,H,0.5801554817148852,0.21162280923275192,0.2082217090523629,,,,2026-04-03
2026-04-04,La Liga,Mallorca,Real Madrid,H,0.20182813932341093,0.21355774045241768,0.5846141202241713,,,,2026-04-03
2026-04-05,La Liga,Getafe,Ath Bilbao,H,0.2953226555751517,0.2978928432721987,0.4067845011526496,,,,2026-04-03
2026-04-05,La Liga,Valencia,Celta,A,0.4194297310438503,0.26154922991980606,0.3190210390363439,,,,2026-04-03
2026-04-05,La Liga,Oviedo,Sevilla,H,0.4012855753103173,0.2634175429738659,0.33529688171581706,,,,2026-04-03
2026-04-05,La Liga,Alaves,Osasuna,D,0.4658972726093358,0.2607246055113286,0.2733781218793355,,,,2026-04-03
2026-04-06,La Liga,Girona,Villarreal,H,0.3622370298268279,0.22647343002002593,0.41128954015314606,,,,2026-04-03
2026-04-10,La Liga,Real Madrid,Girona,D,0.7559863893176496,0.139572280594794,0.10444133008755645,,,,2026-04-03
2026-04-11,La Liga,Sociedad,Alaves,D,0.5103008679310154,0.24837907650847446,0.24132005556050995,,,,2026-04-03
2026-04-11,La Liga,Elche,Valencia,H,0.36137442844721096,0.2521840389671936,0.3864415325855954,,,,2026-04-03
2026-04-11,La Liga,Barcelona,Espanol,H,0.8071809505790427,0.11597443601703226,0.07684461340392489,,,,2026-04-03
2026-04-11,La Liga,Sevilla,Ath Madrid,H,0.25871912986103257,0.24775280790223517,0.49352806223673223,,,,2026-04-03
2026-04-12,La Liga,Ath Bilbao,Villarreal,A,0.48695515508924164,0.23902828588439712,0.27401655902636113,,,,2026-04-03
2026-04-12,La Liga,Mallorca,Vallecano,H,0.378555605019357,0.27003473589701116,0.3514096590836318,,,,2026-04-03
2026-04-12,La Liga,Osasuna,Betis,D,0.3757880331252716,0.2598563239783233,0.3643556428964052,,,,2026-04-03
2026-04-12,La Liga,Celta,Oviedo,A,0.6118486897670057,0.21515731444036296,0.17299399579263136,,,,2026-04-03
2026-04-13,La Liga,Levante,Getafe,H,0.4605148223162696,0.2589458653240805,0.28053931235964985,,,,2026-04-03
2026-04-21,La Liga,Ath Bilbao,Osasuna,H,0.57500551794172,0.23832421574561313,0.1866702663126671,,,,2026-04-03
2026-04-21,La Liga,Mallorca,Valencia,D,0.39456363185028503,0.2722244662853612,0.33321190186435373,,,,2026-04-03
2026-04-21,La Liga,Girona,Betis,A,0.38438006367395877,0.2398568389280102,0.37576309739803104,,,,2026-04-03
2026-04-21,La Liga,Real Madrid,Alaves,H,0.7181043719928165,0.16356952499279312,0.11832610301439064,,,,2026-04-03
2026-04-22,La Liga,Elche,Ath Madrid,H,0.21034431150682523,0.21627429254809824,0.5733813959450764,,,,2026-04-03
2026-04-22,La Liga,Sociedad,Getafe,A,0.5254224805151332,0.2658933742337217,0.2086841452511451,,,,2026-04-03
2026-04-22,La Liga,Barcelona,Celta,H,0.7234609685654549,0.15346229112657825,0.12307674030796677,,,,2026-04-03
2026-04-23,La Liga,Levante,Sevilla,H,0.4855490654867123,0.23417283823924223,0.28027809627404543,,,,2026-04-03
2026-04-23,La Liga,Vallecano,Espanol,H,0.5318459588637885,0.23841305418737802,0.22974098694883344,,,,2026-04-03
2026-04-23,La Liga,Oviedo,Villarreal,D,0.26663267333725793,0.2286416664245686,0.5047256602381736,,,,2026-04-03
2026-04-24,La Liga,Betis,Real Madrid,D,0.3250105086321264,0.2294216319710388,0.44556785939683485,,,,2026-04-03
2026-04-25,La Liga,Alaves,Mallorca,H,0.513747194154119,0.2531841622543217,0.23306864359155915,,,,2026-04-03
2026-04-25,La Liga,Getafe,Barcelona,A,0.20172889273679023,0.21979412660072528,0.5784769806624843,,,,2026-04-03
2026-04-25,La Liga,Valencia,Girona,H,0.4835454929052922,0.24011161783523172,0.27634288925947603,,,,2026-04-03
2026-04-25,La Liga,Ath Madrid,Ath Bilbao,H,0.5111887761222319,0.2481852695392848,0.24062595433848322,,,,2026-04-03
2026-04-26,La Liga,Vallecano,Sociedad,D,0.42571539891808813,0.26048272194868427,0.31380187913322777,,,,2026-04-03
2026-04-26,La Liga,Oviedo,Elche,A,0.4743041063519621,0.2404467396083964,0.2852491540396415,,,,2026-04-03
2026-04-26,La Liga,Osasuna,Sevilla,H,0.4911678976519102,0.2566098691413695,0.2522222332067202,,,,2026-04-03
2026-04-26,La Liga,Villarreal,Celta,H,0.5510099956712672,0.2184061749979779,0.23058382933075483,,,,2026-04-03
2026-04-27,La Liga,Espanol,Levante,D,0.47325824494692814,0.23049659310384546,0.2962451619492263,,,,2026-04-03
2026-05-01,La Liga,Girona,Mallorca,A,0.5201687728427093,0.2361178403675794,0.24371338678971122,,,,2026-04-03
2026-05-02,La Liga,Osasuna,Barcelona,A,0.22496608144831354,0.20707089042216043,0.5679630281295259,,,,2026-04-03
2026-05-02,La Liga,Alaves,Ath Bilbao,A,0.3422577584104019,0.27276074400301226,0.38498149758658584,,,,2026-04-03
2026-05-02,La Liga,Valencia,Ath Madrid,A,0.2982391270100801,0.255549175762827,0.44621169722709264,,,,2026-04-03
2026-05-02,La Liga,Villarreal,Levante,H,0.6626561942148864,0.17350949688694545,0.1638343088981684,,,,2026-04-03
2026-05-03,La Liga,Celta,Elche,H,0.6191090938130157,0.20312478125101022,0.17776612493597416,,,,2026-05-03
2026-05-03,La Liga,Getafe,Vallecano,A,0.3793438143685133,0.2834483609285326,0.3372078247029543,,,,2026-05-03
2026-05-03,La Liga,Betis,Oviedo,H,0.642782189924516,0.20023369768162577,0.1569841123938583,,,,2026-05-03
2026-05-03,La Liga,Espanol,Real Madrid,A,0.21129352048078284,0.2081850276031318,0.5805214519160854,,,,2026-05-03
2026-05-04,La Liga,Sevilla,Sociedad,H,0.35770713254057823,0.26351299434390063,0.3787798731155213,,,,2026-05-03
2026-05-08,La Liga,Levante,Osasuna,H,0.43610909818839044,0.24267047682726722,0.3212204249843422,,,,2026-05-03
2026-05-09,La Liga,Ath Madrid,Celta,A,0.5852303094881776,0.21759292516853954,0.19717676534328302,,,,2026-05-03
2026-05-09,La Liga,Sociedad,Betis,D,0.4507259735554859,0.24892973705519397,0.3003442893893204,,,,2026-05-03
2026-05-09,La Liga,Sevilla,Espanol,H,0.46824517727297554,0.25431651006098777,0.2774383126660367,,,,2026-05-03
2026-05-09,La Liga,Elche,Alaves,D,0.3678819468186744,0.2503727360915241,0.3817453170898014,,,,2026-05-03
2026-05-10,La Liga,Mallorca,Villarreal,D,0.3139096748579398,0.23942562624582223,0.44666469889623794,,,,2026-05-03
2026-05-10,La Liga,Ath Bilbao,Valencia,A,0.5560702430635474,0.2397386080821496,0.20419114885430303,,,,2026-05-03
2026-05-10,La Liga,Oviedo,Getafe,D,0.40711662926380876,0.2831743817524007,0.3097089889837906,,,,2026-05-03
2026-05-10,La Liga,Barcelona,Real Madrid,H,0.5452968214829264,0.19400712328390854,0.260696055233165,,,,2026-05-03
2026-05-11,La Liga,Vallecano,Girona,D,0.5086134725743031,0.2297971667114882,0.26158936071420835,,,,2026-05-03
2026-05-12,La Liga,Betis,Elche,H,0.6572846628184152,0.18851244818089782,0.15420288900068696,,,,2026-05-03
2026-05-12,La Liga,Osasuna,Ath Madrid,A,0.32629120688957364,0.255879490476283,0.4178293026341435,,,,2026-05-03
2026-05-12,La Liga,Celta,Levante,A,0.5601821475779222,0.21552384989354806,0.22429400252852946,,,,2026-05-03
2026-05-13,La Liga,Alaves,Barcelona,H,0.24106830059767856,0.2107961395686753,0.5481355598336463,,,,2026-05-03
2026-05-13,La Liga,Getafe,Mallorca,H,0.43727757794537087,0.2875120762076272,0.27521034584700205,,,,2026-05-03
2026-05-13,La Liga,Espanol,Ath Bilbao,H,0.31265346529658067,0.26246129184648037,0.4248852428569389,,,,2026-05-03
2026-05-13,La Liga,Villarreal,Sevilla,A,0.6406135180292791,0.19484129807724637,0.16454518389347456,,,,2026-05-03
2026-05-14,La Liga,Girona,Sociedad,D,0.40426266112157255,0.24405333129617834,0.3516840075822493,,,,2026-05-03
2026-05-14,La Liga,Real Madrid,Oviedo,H,0.802507090319839,0.12271746040042816,0.07477544927973293,,,,2026-05-03
2026-05-14,La Liga,Valencia,Vallecano,D,0.44764695997250536,0.25213298878299545,0.3002200512444991,,,,2026-05-03
2026-05-17,La Liga,Sociedad,Valencia,A,0.5248516258532475,0.24004419262963125,0.23510418151712112,,,,2026-05-03
2026-05-17,La Liga,Sevilla,Real Madrid,A,0.21775671292928206,0.21808033417816744,0.5641629528925505,,,,2026-05-03
2026-05-17,La Liga,Vallecano,Villarreal,H,0.389750145850211,0.2348441922036776,0.37540566194611147,,,,2026-05-03
2026-05-17,La Liga,Oviedo,Alaves,A,0.36254470883904144,0.2613619360872166,0.3760933550737419,,,,2026-05-03
2026-05-17,La Liga,Barcelona,Betis,H,0.6931621209630994,0.163601511250196,0.14323636778670473,,,,2026-05-03
2026-05-17,La Liga,Levante,Mallorca,H,0.5032948612889702,0.23294385604893605,0.2637612826620938,,,,2026-05-03
2026-05-17,La Liga,Elche,Getafe,H,0.41554791906026456,0.2707545508176081,0.31369753012212764,,,,2026-05-03
2026-05-17,La Liga,Ath Madrid,Girona,H,0.6546934204933869,0.18735715887749183,0.15794942062912146,,,,2026-05-03
2026-05-17,La Liga,Ath Bilbao,Celta,D,0.5165812340615504,0.24789436061822515,0.23552440532022437,,,,2026-05-03
2026-05-17,La Liga,Osasuna,Espanol,A,0.5244878964788999,0.2429746739135663,0.23253742960753368,,,,2026-05-03
2026-05-23,La Liga,Mallorca,Oviedo,H,0.49943373024719323,0.248444492926258,0.2521217768265487,,,,2026-05-03
2026-05-23,La Liga,Girona,Elche,D,0.57739886125698,0.20737631301404405,0.21522482572897575,,,,2026-05-03
2026-05-23,La Liga,Real Madrid,Ath Bilbao,H,0.6051355192340762,0.20817235532315312,0.18669212544277083,,,,2026-05-03
2026-05-23,La Liga,Getafe,Osasuna,H,0.38102775908718817,0.29405721165102167,0.32491502926179017,,,,2026-05-03
2026-05-23,La Liga,Valencia,Barcelona,H,0.23168443336385822,0.20557180563942287,0.562743760996719,,,,2026-05-03
2026-05-23,La Liga,Celta,Sevilla,H,0.5504993140865757,0.23712778013079824,0.21237290578262596,,,,2026-05-03
2026-05-23,La Liga,Betis,Levante,H,0.599903500795099,0.20317987209874866,0.19691662710615226,,,,2026-05-03
2026-05-23,La Liga,Alaves,Vallecano,A,0.4558528325744712,0.2536632030959297,0.2904839643295988,,,,2026-05-03
2026-05-23,La Liga,Espanol,Sociedad,D,0.3549447942482734,0.2551046619940065,0.3899505437577201,,,,2026-05-03
2026-05-24,La Liga,Villarreal,Ath Madrid,H,0.43815415995519436,0.22951333836126683,0.33233250168353873,,,,2026-05-03
