Date,liga,HomeTeam,AwayTeam,FTR,prob_casa_modelo,prob_empate_modelo,prob_fora_modelo,prob_casa_odds,prob_empate_odds,prob_fora_odds,prob_casa_prejogo,prob_empate_prejogo,prob_fora_prejogo,PSH,PSD,PSA,PSCH,PSCD,PSCA,data_corte_modelo
2023-05-04,Championship,Huddersfield,Sheffield United,H,0.23391544849216356,0.2659119344824147,0.5001726170254215,0.24384983825262682,0.31589638137272114,0.44025378037465207,0.31180561478047153,0.3168838821221731,0.37131050309735547,3.12,3.07,2.62,3.99,3.08,2.21,2023-05-04
2023-05-08,Championship,Preston,Sunderland,A,0.34852380043071524,0.2656413258937895,0.3858348736754952,0.28175719085384476,0.25314122615775114,0.4651015829884041,0.2456713795561154,0.24883724784936434,0.5054913725945201,3.93,3.88,1.91,3.45,3.84,2.09,2023-05-04
2023-05-08,Championship,Wigan,Rotherham,D,0.3680529891546929,0.29475095541477914,0.33719605543052805,0.34851572648074997,0.2731345159778911,0.3783497575413589,0.46285899643186873,0.26074805998452977,0.27639294358360156,2.09,3.71,3.5,2.79,3.56,2.57,2023-05-04
2023-05-08,Championship,Watford,Stoke,H,0.44042558086272116,0.28409477373229375,0.2754796454049854,0.37060894630002716,0.28252218225190473,0.3468688714480681,0.4070635629799027,0.2721379999697102,0.3207984370503869,2.38,3.56,3.02,2.63,3.45,2.81,2023-05-04
2023-05-08,Championship,Swansea,West Brom,H,0.39183441222814,0.266500561853271,0.3416650259185889,0.3224081189971265,0.26675959434830737,0.4108322866545662,0.30297768650210294,0.25367423095582897,0.44334808254206803,3.19,3.81,2.18,3.02,3.65,2.37,2023-05-04
2023-05-08,Championship,Norwich,Blackpool,A,0.5979414682418751,0.22297419713359945,0.1790843346245254,0.617209956870821,0.2040041331130924,0.17878591001608654,0.6305650227477871,0.208372458920975,0.16106251833123778,1.53,4.63,5.99,1.57,4.75,5.42,2023-05-04
2023-05-08,Championship,QPR,Bristol City,A,0.40188454072420426,0.25854443707745195,0.33957102219834356,0.3828837762792543,0.2770725902419675,0.34004363347877836,0.3964556037156416,0.2664880642055552,0.33705633207880326,2.44,3.63,2.87,2.54,3.51,2.86,2023-05-04
2023-05-08,Championship,Middlesbrough,Coventry,D,0.4853772651165162,0.25098423972683326,0.26363849515665067,0.4231974921630094,0.2773088979985531,0.2994936098384374,0.37386966966048013,0.26749238796150376,0.3586379423780161,2.59,3.62,2.7,2.3,3.51,3.25,2023-05-04
2023-05-08,Championship,Luton,Hull,D,0.5199350440945872,0.26683333411002524,0.21323162179538757,0.5222802012163076,0.261843982280952,0.21587581650274046,0.5852876911871814,0.23554260742898764,0.17916970138383104,1.65,4.1,5.39,1.86,3.71,4.5,2023-05-04
2023-05-08,Championship,Huddersfield,Reading,H,0.4831728669737383,0.252368365385795,0.2644587676404667,0.521747193783732,0.2601742038707082,0.21807860234555992,0.4735409832607297,0.26466400160325715,0.2617950151360132,2.04,3.65,3.69,1.86,3.73,4.45,2023-05-04
2023-05-08,Championship,Burnley,Cardiff,H,0.7182065603754778,0.18541625039027304,0.09637718923424915,0.7527979143890338,0.1586779917584728,0.08852409385249349,0.7340878124739315,0.17484636988015462,0.09106581764591386,1.31,5.5,10.56,1.29,6.12,10.97,2023-05-04
2023-05-08,Championship,Birmingham,Sheffield United,A,0.194827202059601,0.25524873560747574,0.5499240623329232,0.24163472974758818,0.25765825294039907,0.5007070173120126,0.24974645905054949,0.2669941426866372,0.4832593982628133,3.87,3.62,2.0,4.02,3.77,1.94,2023-05-04
2023-05-08,Championship,Millwall,Blackburn,A,0.4302788793638507,0.29540355905563853,0.2743175615805108,0.5111534364205701,0.25761048519869584,0.23123607838073407,0.5034361865301489,0.2537001254955081,0.24286368797434313,1.92,3.81,3.98,1.9,3.77,4.2,2023-05-04
2023-08-05,Championship,Watford,QPR,H,0.5538884549097697,0.2476695016731732,0.19844204341705732,0.5357651752636079,0.2579082359646623,0.20632658877172985,0.5160674747925261,0.26292868634415967,0.22100383886331415,1.88,3.69,4.39,1.81,3.76,4.7,2023-08-04
2023-08-05,Championship,Swansea,Birmingham,D,0.5545251993360308,0.2327019565895449,0.212772844074424,0.5042020350110119,0.2710612611619089,0.22473670382707917,0.511422479439537,0.26621992080414253,0.2223575997563204,1.9,3.65,4.37,1.93,3.59,4.33,2023-08-04
2023-08-05,Championship,Stoke,Rotherham,H,0.49442168581950974,0.27058302999918254,0.23499528418130772,0.5739568395648981,0.2487146304781225,0.17732852995697945,0.5882503650944121,0.242653275601445,0.16909635930414285,1.65,4.0,5.74,1.69,3.9,5.47,2023-08-04
2023-08-05,Championship,Middlesbrough,Millwall,A,0.4784877071639211,0.26051713542449,0.26099515741158896,0.45624379145704486,0.28666645303938215,0.25708975550357294,0.4746631396213938,0.27961478052409683,0.2457220798545094,2.05,3.48,3.96,2.13,3.39,3.78,2023-08-04
2023-08-05,Championship,Bristol City,Preston,D,0.436073806479676,0.26784185828104484,0.2960843352392789,0.45444807837872575,0.2827089789914166,0.2628429426298576,0.4566268532453809,0.28191744852540906,0.26145569822921,2.13,3.45,3.72,2.14,3.44,3.7,2023-08-04
2023-08-05,Championship,Blackburn,West Brom,H,0.3837514211739825,0.2822855216069442,0.3339630572190734,0.332517432649647,0.29703538953154446,0.37044717781880837,0.3329868759889547,0.30009928329868757,0.3669138407123577,2.92,3.24,2.65,2.93,3.28,2.63,2023-08-04
2023-08-05,Championship,Norwich,Hull,H,0.5342553986874535,0.253665532640992,0.21207906867155452,0.5374597235526755,0.25600055253430065,0.2065397239130239,0.5391460295956337,0.26158028390084653,0.19927368650351965,1.8,3.71,4.87,1.81,3.8,4.71,2023-08-04
2023-08-06,Championship,Leeds,Cardiff,D,0.6158888411836108,0.22700917023032965,0.15710198858605942,0.6495733530315906,0.2072514552499079,0.1431751917185015,0.6589219842537025,0.20349061278423167,0.13758740296206573,1.47,4.76,7.04,1.49,4.67,6.76,2023-08-04
2023-08-06,Championship,Sunderland,Ipswich,A,0.640196901681539,0.20805917702549706,0.15174392129296393,0.3212478221189745,0.27652866506264,0.4022235128183855,0.384744120496785,0.28970316215978154,0.32555271734343344,2.53,3.36,2.99,3.03,3.52,2.42,2023-08-04
2023-08-12,Championship,West Brom,Swansea,H,0.4637294706486251,0.25463176106149193,0.2816387682898829,0.4632545284043235,0.2694832436701051,0.26726222792557125,0.46320154005627123,0.2724714941507478,0.2643269657929809,2.1,3.57,3.68,2.1,3.61,3.64,2023-08-04
2023-08-12,Championship,Rotherham,Blackburn,D,0.33524718967671857,0.2836638533843048,0.3810889569389766,0.27918781725888325,0.27918781725888325,0.4416243654822335,0.31493910772314515,0.28622407143074075,0.39883682084611416,3.09,3.4,2.44,3.48,3.48,2.2,2023-08-04
2023-08-12,Championship,Preston,Sunderland,H,0.32210847645924345,0.2632860410314041,0.4146054825093525,0.3829699049022542,0.289507011443966,0.3275230836537797,0.34620753838994883,0.28529125597529503,0.36850120563475613,2.81,3.41,2.64,2.54,3.36,2.97,2023-08-04
2023-08-12,Championship,Millwall,Bristol City,A,0.4844971395993581,0.26564960358425765,0.24985325681638412,0.5036979723733018,0.2723073071934096,0.22399472043328855,0.5091681963095354,0.2657134576369433,0.2251183460535214,1.91,3.66,4.32,1.93,3.57,4.34,2023-08-04
2023-08-12,Championship,Hull,Sheffield Weds,H,0.43368694535193436,0.27521138041820936,0.29110167422985606,0.3942083601923935,0.29959835374621907,0.3061932860613874,0.41052096856126885,0.28448382909070385,0.30499520234802735,2.37,3.42,3.19,2.47,3.25,3.18,2023-08-04
2023-08-12,Championship,Coventry,Middlesbrough,H,0.38333409903264604,0.2631933141972054,0.35347258677014864,0.4038010492164868,0.28126026838489404,0.3149386823986192,0.3974458570968414,0.28224415938761205,0.32030998351554657,2.45,3.45,3.04,2.41,3.46,3.09,2023-08-04
2023-08-12,Championship,Ipswich,Stoke,H,0.28258826436226686,0.2808282772435925,0.43658345839414053,0.4629137037547292,0.2692849800235267,0.26780131622174413,0.449948132780083,0.26996887966804983,0.2800829875518672,2.16,3.6,3.47,2.1,3.61,3.63,2023-08-04
2023-08-12,Championship,Cardiff,QPR,A,0.4569325824419081,0.26689901492261586,0.27616840263547593,0.508425912753327,0.26678392674693807,0.22479016049973485,0.48604744073294104,0.27153488309102847,0.24241767617603044,2.0,3.58,4.01,1.91,3.64,4.32,2023-08-04
2023-08-12,Championship,Birmingham,Leeds,H,0.20583991608435143,0.24796539931839023,0.5461946845972582,0.2889018586693005,0.29503007991380087,0.41606806141689867,0.28395846501128663,0.271302934537246,0.4447386004514673,3.43,3.59,2.19,3.37,3.3,2.34,2023-08-04
2023-08-18,Championship,Leeds,West Brom,D,0.5232588928052324,0.25670341743404346,0.22003768976072377,0.46725797849945266,0.2714794958879502,0.2612625256125972,0.4503737780333525,0.27326049453709034,0.2763657274295573,2.16,3.56,3.52,2.08,3.58,3.72,2023-08-04
2023-08-19,Championship,Swansea,Coventry,D,0.412962919157577,0.2597290592501845,0.3273080215922386,0.42687944284874635,0.2772892107393566,0.2958313464118971,0.40069011030451585,0.2758291694164231,0.323480720279061,2.43,3.53,3.01,2.28,3.51,3.29,2023-08-04
2023-08-19,Championship,Sunderland,Rotherham,H,0.5733798006857432,0.23167996333491575,0.19494023597934082,0.6022250543665713,0.23590811132121164,0.16186683431221702,0.5850829834033193,0.23235352929414116,0.18256348730253946,1.66,4.18,5.32,1.61,4.11,5.99,2023-08-04
2023-08-19,Championship,QPR,Ipswich,A,0.48222450421840646,0.2620989893234973,0.25567650645809614,0.17993557542369684,0.24384216518375035,0.5762222593925529,0.21545407188748048,0.2676853620420212,0.5168605660704984,4.51,3.63,1.88,5.38,3.97,1.68,2023-08-04
2023-08-19,Championship,Middlesbrough,Huddersfield,D,0.5549121118368697,0.23299678180279043,0.21209110636033995,0.5430971097229278,0.2418268224885674,0.21507606778850463,0.5464458744830726,0.24256200912216191,0.21099211639476553,1.78,4.01,4.61,1.79,4.02,4.52,2023-08-04
2023-08-19,Championship,Stoke,Watford,H,0.3690070877881617,0.29159339538952217,0.339399516822316,0.419784145887607,0.28147376256047635,0.2987420915519166,0.43270441174851454,0.2758030953071268,0.29149249294435864,2.25,3.53,3.34,2.32,3.46,3.26,2023-08-04
2023-08-19,Championship,Bristol City,Birmingham,A,0.49054145882584926,0.2552164490144797,0.2542420921596711,0.4120958516466976,0.3001685832982118,0.2877355650550906,0.4247021147901723,0.29742135867568636,0.27787652653414124,2.29,3.27,3.5,2.36,3.24,3.38,2023-08-04
2023-08-19,Championship,Blackburn,Hull,A,0.4850819853093476,0.2687656480486843,0.24615236664196785,0.5159765817874021,0.25195739578190024,0.23206602243069763,0.5025986582673632,0.2572985173623371,0.24010282437029967,1.93,3.77,4.04,1.88,3.85,4.18,2023-08-04
2023-08-19,Championship,Sheffield Weds,Preston,A,0.3939196414165295,0.2799865733929908,0.32609378519047955,0.38127090301003347,0.3010033444816053,0.31772575250836116,0.3733481322187923,0.30075266206513823,0.3258992057160695,2.61,3.24,2.99,2.55,3.23,3.06,2023-08-04
2023-08-20,Championship,Norwich,Millwall,H,0.440596558411409,0.28074702758297587,0.2786564140056153,0.49066666666666664,0.26399999999999996,0.24533333333333332,0.45847563752276865,0.2730248178506376,0.26849954462659387,2.12,3.56,3.62,1.98,3.68,3.96,2023-08-04
2023-08-25,Championship,Hull,Bristol City,D,0.403142881536878,0.2703278863017642,0.3265292321613576,0.426541513250013,0.277861328631437,0.29559715811855,0.4037609657003862,0.2853559904216806,0.31088304387793314,2.41,3.41,3.13,2.28,3.5,3.29,2023-08-04
2023-08-26,Championship,Millwall,Stoke,H,0.4292298277640479,0.28932228266045024,0.281447889575502,0.36427830666868644,0.3048975168668943,0.33082417646441925,0.40035589218291945,0.2975121767597842,0.30213193105729635,2.43,3.27,3.22,2.67,3.19,2.94,2023-08-04
2023-08-26,Championship,West Brom,Middlesbrough,H,0.3943031310757497,0.2636256280008681,0.34207124092338204,0.40903661074506215,0.27894187208402516,0.31202151717091275,0.42313971090202135,0.2764833338280253,0.3003769552699534,2.3,3.52,3.24,2.38,3.49,3.12,2023-08-04
2023-08-26,Championship,Preston,Swansea,H,0.36706298386076575,0.26332109756526095,0.3696159185739733,0.39387544031721927,0.29127914298908136,0.3148454166936996,0.3662132304826131,0.2907842367414182,0.34300253277596865,2.66,3.35,2.84,2.47,3.34,3.09,2023-08-04
2023-08-26,Championship,Ipswich,Leeds,A,0.1769092359057926,0.23801597781141012,0.5850747862827974,0.4124546922796389,0.26522972037600756,0.32231558734435356,0.407153887103899,0.2887530534653764,0.30409305943072457,2.39,3.37,3.2,2.36,3.67,3.02,2023-08-04
2023-08-26,Championship,Coventry,Sunderland,D,0.4035553100907929,0.2622337661429329,0.33421092376627415,0.48103819764394773,0.26916818815533916,0.2497936142007132,0.4525735649595513,0.2748681256110269,0.27255830942942166,2.15,3.54,3.57,2.02,3.61,3.89,2023-08-04
2023-08-26,Championship,Cardiff,Sheffield Weds,H,0.44431876262844533,0.27388145160606653,0.28179978576548814,0.4325012960368847,0.28705838232536596,0.28044032163774946,0.45689122483042727,0.28290067118860757,0.2602081039809652,2.13,3.44,3.74,2.25,3.39,3.47,2023-08-04
2023-08-26,Championship,Huddersfield,Norwich,A,0.3373649826853157,0.27401493481539985,0.3886200824992846,0.26379618313434244,0.2659584469305255,0.47024536993513216,0.2883081214615834,0.2597856602474695,0.45190621829094707,3.37,3.74,2.15,3.69,3.66,2.07,2023-08-04
2023-08-27,Championship,Watford,Blackburn,A,0.4538611123420426,0.2789792002194741,0.26715968743848345,0.43639906043445803,0.26230994737704616,0.3012909921884958,0.45913576528533206,0.266676115727371,0.27418811898729695,2.12,3.65,3.55,2.23,3.71,3.23,2023-08-04
2023-09-02,Championship,Stoke,Preston,A,0.4667561706655001,0.2764894916219216,0.2567543377125783,0.48886703239376256,0.2869750426146276,0.22415792499161002,0.49555390885513156,0.27751018895887364,0.22693590218599483,1.96,3.5,4.28,1.99,3.39,4.34,2023-08-04
2023-09-02,Championship,Rotherham,Norwich,H,0.2965020599016142,0.27631407226864607,0.42718386782973977,0.21278093919897006,0.2499765789561165,0.5372424818449134,0.20000574729158882,0.24250696859105145,0.5574872841173596,4.85,4.0,1.74,4.57,3.89,1.81,2023-08-04
2023-09-02,Championship,Middlesbrough,QPR,A,0.6142426024521094,0.2105514570633949,0.17520594048449575,0.6257589523768111,0.21177431794411733,0.16246672967907158,0.607393630411352,0.21937467464066893,0.1732316949479792,1.6,4.43,5.61,1.55,4.58,5.97,2023-08-04
2023-09-02,Championship,West Brom,Huddersfield,A,0.4962192418609833,0.26460554864774805,0.2391752094912686,0.5516922163288833,0.24644119308092244,0.2018665905901943,0.5639181901434724,0.23773021741342465,0.19835159244310277,1.72,4.08,4.89,1.76,3.94,4.81,2023-08-04
2023-09-02,Championship,Ipswich,Cardiff,H,0.3292355767376264,0.28593551421586744,0.3848289090465061,0.6226908210566857,0.21780217059381837,0.15950700834949588,0.5815517099058174,0.23345946046699875,0.1849888296271838,1.67,4.16,5.25,1.56,4.46,6.09,2023-08-04
2023-09-02,Championship,Swansea,Bristol City,A,0.4986031744257268,0.2373013640052904,0.2640954615689827,0.4213241616509028,0.2837489251934651,0.29492691315563196,0.44829846231409126,0.26725485253340053,0.28444668515250815,2.17,3.64,3.42,2.31,3.43,3.3,2023-08-04
2023-09-02,Championship,Birmingham,Millwall,D,0.2985642565423698,0.28762757423035473,0.41380816922727554,0.39289159704560106,0.30544550491319455,0.3016628980412045,0.3955750895626595,0.3031510032162437,0.30127390722109676,2.46,3.21,3.23,2.48,3.19,3.23,2023-08-04
2023-09-02,Championship,Leeds,Sheffield Weds,D,0.6492381618905526,0.21004630799142007,0.14071553011802748,0.653891797556719,0.19630017452006981,0.14980802792321118,0.6685556455069289,0.191961521977237,0.13948283251583407,1.45,5.05,6.95,1.48,4.93,6.46,2023-08-04
2023-09-02,Championship,Coventry,Watford,D,0.39530965715455907,0.28851719572532436,0.31617314712011646,0.42291394076364935,0.27871119305340786,0.2983748661829428,0.4483779210024124,0.26877902999315884,0.28284304900442875,2.17,3.62,3.44,2.3,3.49,3.26,2023-08-04
2023-09-15,Championship,Southampton,Leicester,A,0.27795708921906515,0.2046540279242579,0.5173888828566768,0.4195786570992276,0.2674237594698373,0.31299758343093503,0.38603191924703306,0.2702223434729232,0.34374573728004365,2.52,3.6,2.83,2.32,3.64,3.11,2023-09-15
2023-09-15,Championship,Hull,Coventry,D,0.34183288359598246,0.27923109266361074,0.378936023740407,0.35501033453264946,0.2779223761769884,0.36706728929036214,0.337673054002017,0.27945356193270376,0.38287338406527915,2.88,3.48,2.54,2.74,3.5,2.65,2023-09-15
2023-09-16,Championship,Blackburn,Middlesbrough,H,0.3885078676295894,0.2581214620473115,0.3533706703230989,0.41053556535207913,0.26296467294173714,0.3264997617061838,0.382073285169985,0.26619860032335013,0.35172811450666486,2.55,3.66,2.77,2.37,3.7,2.98,2023-09-15
2023-09-16,Championship,Watford,Birmingham,H,0.5418672315799721,0.25818257824389623,0.1999501901761317,0.47389719361109,0.2807772389892296,0.24532556739968042,0.4764696169088507,0.2793097754293263,0.24422060766182296,2.04,3.48,3.98,2.05,3.46,3.96,2023-09-15
2023-09-16,Championship,Sheffield Weds,Ipswich,A,0.2841761067471588,0.2378355629816901,0.47798833027115106,0.24486668503794112,0.2641632444566919,0.49097007050536684,0.2500285045970141,0.2755271622896274,0.47444433311335854,3.89,3.53,2.05,3.97,3.68,1.98,2023-09-15
2023-09-16,Championship,QPR,Sunderland,A,0.2794179920236703,0.25266622828097296,0.4679157796953568,0.3264861099543434,0.2764001726318021,0.3971137174138544,0.2922267337036982,0.2733469166385717,0.43442634965772997,3.33,3.56,2.24,2.98,3.52,2.45,2023-09-15
2023-09-16,Championship,Cardiff,Swansea,H,0.38213349590685985,0.25632840567790693,0.3615380984152333,0.4153648475011835,0.292757151552039,0.2918780009467776,0.37056001104603664,0.28748461033955053,0.3419553786144127,2.63,3.39,2.85,2.34,3.32,3.33,2023-09-15
2023-09-16,Championship,Norwich,Stoke,H,0.4978315043498725,0.25599287326517906,0.2461756223849486,0.5033854414530322,0.2590757072011605,0.23753885134580735,0.5059312834329511,0.25362612642069604,0.24044259014635297,1.92,3.83,4.04,1.93,3.75,4.09,2023-09-15
2023-09-16,Championship,Huddersfield,Rotherham,H,0.45732345545183045,0.264815017211665,0.27786152733650443,0.5216649522041298,0.2636676117118699,0.21466743608400032,0.519055412672434,0.2623334112695815,0.2186111760579846,1.87,3.7,4.44,1.86,3.68,4.52,2023-09-15
2023-09-16,Championship,Bristol City,West Brom,D,0.3483880763719148,0.2666872466318695,0.3849246769962158,0.4212940042212784,0.29580217317664226,0.2829038226020794,0.3935900515037494,0.28343073679716063,0.32297921169909005,2.47,3.43,3.01,2.31,3.29,3.44,2023-09-15
2023-09-16,Championship,Preston,Plymouth,H,0.2926874317014692,0.2945956872262178,0.4127168810723128,0.4909597504467126,0.2511887095308762,0.2578515400224114,0.48545647847776896,0.26170160564839295,0.25284191587383803,2.0,3.71,3.84,1.98,3.87,3.77,2023-09-15
2023-09-17,Championship,Millwall,Leeds,A,0.36600750492268375,0.28431183305880453,0.3496806620185119,0.253690585902829,0.26049194209325344,0.4858174720039176,0.31114102690152246,0.2864327688828721,0.4024262042156055,3.13,3.4,2.42,3.83,3.73,2.0,2023-09-15
2023-09-19,Championship,Bristol City,Plymouth,H,0.2893860245053693,0.27889297960528453,0.43172099588934626,0.5988430506926473,0.21948546201857208,0.18167148728878066,0.5465028680574916,0.23440363979333373,0.21909349214917453,1.78,4.15,4.44,1.62,4.42,5.34,2023-09-15
2023-09-19,Championship,Cardiff,Coventry,H,0.33317863692805655,0.27698615484527955,0.389835208226664,0.35126556679904625,0.2870223067945009,0.36171212640645284,0.35368907724908505,0.28607204777499523,0.3602388749759199,2.75,3.4,2.7,2.77,3.39,2.69,2023-09-15
2023-09-19,Championship,Preston,Birmingham,H,0.46102606494012605,0.27659336016297986,0.26238057489689415,0.4021458675403485,0.31494919075975514,0.28290494169989633,0.405446293494705,0.3040847201210287,0.2904689863842662,2.4,3.2,3.35,2.42,3.09,3.44,2023-09-15
2023-09-19,Championship,QPR,Swansea,D,0.34920138578068427,0.2529688660618146,0.3978297481575012,0.3527939821922015,0.28388087196806877,0.3633251458397298,0.3539148994978733,0.2829261551218464,0.3631589453802804,2.75,3.44,2.68,2.76,3.43,2.68,2023-09-15
2023-09-19,Championship,Southampton,Ipswich,A,0.39100037394081827,0.17696587750325615,0.4320337485559255,0.4417500399320429,0.2619542015769527,0.2962957584910044,0.41999572898180404,0.26053210995662707,0.319472161061569,2.32,3.74,3.05,2.2,3.71,3.28,2023-09-15
2023-09-19,Championship,Sheffield Weds,Middlesbrough,D,0.27193116349051105,0.25356596204544274,0.47450287446404654,0.28514901040552154,0.27085184553839237,0.44399914405608615,0.28124797488497344,0.2703105536394467,0.4484414714755798,3.46,3.6,2.17,3.41,3.59,2.19,2023-09-15
2023-09-20,Championship,Norwich,Leicester,A,0.3669584268395031,0.28589325502146445,0.3471483181390326,0.40064970221981583,0.2704385489983757,0.3289117487818083,0.3645988022151126,0.26098627397167573,0.37441492381321173,2.67,3.73,2.6,2.43,3.6,2.96,2023-09-15
2023-09-20,Championship,Watford,West Brom,D,0.42978262066703465,0.2774824423252946,0.2927349370076707,0.42855822653324505,0.2878186906007297,0.2836230828660251,0.4386770283415855,0.2790438403777421,0.28227913128067245,2.22,3.49,3.45,2.27,3.38,3.43,2023-09-15
2023-09-20,Championship,Millwall,Rotherham,H,0.5118446219412004,0.26780836859940105,0.2203470094593985,0.5804891122982287,0.2479326899074276,0.1715781977943437,0.56091247143608,0.251393413363839,0.18769411520008095,1.73,3.86,5.17,1.67,3.91,5.65,2023-09-15
2023-09-20,Championship,Huddersfield,Stoke,D,0.3713607518588699,0.2817315174632669,0.3469077306778632,0.310614576054926,0.28764012516328946,0.4017452987817845,0.34379012322020586,0.2820075503516471,0.37420232642814705,2.83,3.45,2.6,3.13,3.38,2.42,2023-09-15
2023-09-20,Championship,Blackburn,Sunderland,A,0.3592053777173882,0.26391938681189714,0.3768752354707146,0.42488372692490406,0.26225976675418605,0.31285650632091005,0.41924621928166356,0.25868383742911155,0.322069943289225,2.32,3.76,3.02,2.29,3.71,3.11,2023-09-15
2023-09-20,Championship,Hull,Leeds,D,0.31490168683559777,0.26730717213531646,0.4177911410290859,0.25366300983770146,0.25566561254694653,0.49067137761535196,0.24904904499838137,0.26039980576238264,0.490551149239236,3.9,3.73,1.98,3.83,3.8,1.98,2023-09-15
2023-09-22,Championship,Birmingham,QPR,D,0.42779681421249816,0.2718762547380418,0.30032693104945996,0.5107734877405139,0.2726038277266788,0.21662268453280725,0.522129013595603,0.26901938096615563,0.20885160543824122,1.86,3.61,4.65,1.9,3.56,4.48,2023-09-15
2023-09-23,Championship,Swansea,Sheffield Weds,H,0.5575646283626414,0.2332104202584952,0.20922495137886343,0.46934169278996873,0.2840752351097179,0.2465830721003135,0.49287324084739814,0.27428256623428654,0.2328441929183152,1.97,3.54,4.17,2.07,3.42,3.94,2023-09-15
2023-09-23,Championship,West Brom,Millwall,D,0.43055219135730366,0.28414570488768476,0.2853021037550115,0.4589424649387977,0.28366123197383414,0.2573963030873681,0.450423099282992,0.2844777469155739,0.26509915380143406,2.16,3.42,3.67,2.12,3.43,3.78,2023-09-15
2023-09-23,Championship,Rotherham,Preston,D,0.36644459698023796,0.2806985490753168,0.35285685394444544,0.2762282274257422,0.2991764186272654,0.4245953539469924,0.28264891966097655,0.29643667183956074,0.4209144084994629,3.44,3.28,2.31,3.52,3.25,2.29,2023-09-15
2023-09-23,Championship,Plymouth,Norwich,H,0.4486121192110844,0.27157519930737295,0.27981268148154254,0.2831253205676183,0.24773465549666607,0.46914002393571547,0.2824504423787658,0.25041997984096764,0.4671295777802665,3.44,3.88,2.08,3.43,3.92,2.07,2023-09-15
2023-09-23,Championship,Leicester,Bristol City,H,0.5636573233758962,0.2533175352878308,0.18302514133627282,0.5847335777460619,0.22678919136879971,0.1884772308851384,0.558952415321957,0.23323194308398207,0.20781564159406096,1.74,4.17,4.68,1.66,4.28,5.15,2023-09-15
2023-09-23,Championship,Leeds,Watford,H,0.43842880889319635,0.27169773272693415,0.2898734583798695,0.5487150381268582,0.24464121347217604,0.20664374840096572,0.5540080163245765,0.2370449947599044,0.2089469889155192,1.75,4.09,4.64,1.77,3.97,4.7,2023-09-15
2023-09-23,Championship,Ipswich,Blackburn,H,0.48289894653884424,0.23330770211797616,0.2837933513431797,0.5849072665169879,0.22167718320050223,0.19341555028250992,0.5696528291731144,0.22732624638363721,0.20302092444324835,1.7,4.26,4.77,1.66,4.38,5.02,2023-09-15
2023-09-23,Championship,Middlesbrough,Southampton,H,0.6107469269865463,0.16482355554723307,0.2244295174662207,0.43983082590560146,0.2620016510111534,0.2981675230832452,0.3894383210025668,0.26894911671447985,0.3416125622829533,2.5,3.62,2.85,2.21,3.71,3.26,2023-09-15
2023-09-24,Championship,Stoke,Hull,A,0.4534308309278139,0.2760005171286097,0.2705686519435764,0.4744553578533299,0.2709285469636006,0.25461609518306966,0.4982419793420123,0.25702959251770474,0.2447284281402831,1.95,3.78,3.97,2.05,3.59,3.82,2023-09-15
2023-09-24,Championship,Sunderland,Cardiff,A,0.5578670025115993,0.23510473035339016,0.20702826713501052,0.49316716228407226,0.26987203047211733,0.23696080724381036,0.4959022401087405,0.25988459642062334,0.244213163470636,1.96,3.74,3.98,1.97,3.6,4.1,2023-09-15
2023-09-25,Championship,Coventry,Huddersfield,D,0.509518165857851,0.2580662017827719,0.23241563235937718,0.4955997653208171,0.26396074457304386,0.240439490106139,0.5275533970959909,0.2581644283661232,0.21428217453788592,1.84,3.76,4.53,1.96,3.68,4.04,2023-09-15
2023-09-29,Championship,Sheffield Weds,Sunderland,A,0.24894578997999156,0.2541676399279479,0.49688657009206055,0.2820823912204269,0.28539127557491867,0.4325263332046545,0.2971847378656661,0.27845102946152667,0.4243642326728071,3.27,3.49,2.29,3.45,3.41,2.25,2023-09-15
2023-09-30,Championship,Norwich,Birmingham,H,0.5809870151077334,0.23103696988428127,0.18797601500798514,0.5132225069680767,0.264302598956312,0.2224748940756112,0.5043147084194594,0.26449113783955336,0.23119415374098728,1.93,3.68,4.21,1.89,3.67,4.36,2023-09-15
2023-09-30,Championship,Watford,Middlesbrough,A,0.4380300271706516,0.26233976122906527,0.29963021160028325,0.3502806459646367,0.28225512921208407,0.36746422482327923,0.3955751073286338,0.27566990482392045,0.32875498784744567,2.46,3.53,2.96,2.78,3.45,2.65,2023-09-15
2023-09-30,Championship,QPR,Coventry,A,0.30388454201863563,0.270954103761043,0.4251613542203215,0.33238938733165546,0.2915870972699852,0.3760235153983593,0.29925060571342715,0.2868921736190673,0.41385722066750563,3.25,3.39,2.35,2.93,3.34,2.59,2023-09-15
2023-09-30,Championship,Preston,West Brom,A,0.35085149518385333,0.28029925392262023,0.3688492508935265,0.3677423097001219,0.3074186500647706,0.3248390402351076,0.389349801107976,0.2976680436605321,0.312982155231492,2.5,3.27,3.11,2.65,3.17,3.0,2023-09-15
2023-09-30,Championship,Millwall,Swansea,A,0.44599839710953626,0.2658113251959766,0.28819027769448724,0.42105263157894735,0.28947368421052627,0.28947368421052627,0.4634565778159932,0.2837489251934652,0.25279449699054174,2.1,3.43,3.85,2.31,3.36,3.36,2023-09-15
2023-09-30,Championship,Huddersfield,Ipswich,D,0.3561207240716589,0.24032876901809144,0.4035505069102497,0.2755026777410769,0.2679130722936643,0.45658424996525887,0.25016077170418005,0.24951768488745973,0.5003215434083601,3.88,3.89,1.94,3.53,3.63,2.13,2023-09-15
2023-09-30,Championship,Cardiff,Rotherham,H,0.45453120078183185,0.2659250027320306,0.2795437964861377,0.6101638662238312,0.23895579982657436,0.15088033394959435,0.5672612092786302,0.24619712382397402,0.18654166689739568,1.71,3.94,5.2,1.59,4.06,6.43,2023-09-15
2023-09-30,Championship,Southampton,Leeds,H,0.33335749074425103,0.19191399538734222,0.4747285138684067,0.31180518793012174,0.2615140285865537,0.42668078348332455,0.3278041662323739,0.26312929019193254,0.4090665435756935,2.97,3.7,2.38,3.12,3.72,2.28,2023-09-15
2023-09-30,Championship,Hull,Plymouth,D,0.2848956845352958,0.2869966349258244,0.4281076805388799,0.5224970390343472,0.2466610387319507,0.23084192223370212,0.5064202943939868,0.24804259317256494,0.24553711243344814,1.92,3.92,3.96,1.86,3.94,4.21,2023-09-15
2023-09-30,Championship,Bristol City,Stoke,A,0.3847404076221853,0.2759139541818935,0.3393456381959212,0.3616501571081283,0.2921438206068664,0.3462060222850054,0.4103388610138311,0.2885765877159584,0.3010845512702105,2.37,3.37,3.23,2.69,3.33,2.81,2023-09-15
2023-10-01,Championship,Blackburn,Leicester,A,0.30099527940013354,0.2955996825310756,0.4034050380687907,0.2590515860301186,0.24531400192246078,0.49563441204742076,0.27552780400779114,0.25461077176636193,0.46986142422584676,3.53,3.82,2.07,3.75,3.96,1.96,2023-09-15
2023-10-03,Championship,Birmingham,Huddersfield,H,0.39089954978060815,0.277477199990255,0.3316232502291368,0.4483926519184709,0.29755720326088125,0.25405014482064797,0.4228162930970288,0.29116092039615754,0.28602278650681356,2.3,3.34,3.4,2.17,3.27,3.83,2023-09-15
2023-10-03,Championship,Ipswich,Hull,H,0.529181683353486,0.22589929053260363,0.24491902611391023,0.5298050191075695,0.2518293986926889,0.2183655821997415,0.5517512996901749,0.24337901941220744,0.20486968089761765,1.76,3.99,4.74,1.83,3.85,4.44,2023-09-15
2023-10-03,Championship,Middlesbrough,Cardiff,H,0.5359904623910866,0.2366282993291524,0.22738123827976106,0.5254823240771718,0.26132857514590535,0.2131891007769228,0.5090642715683638,0.2532064475769726,0.23772928085466374,1.91,3.84,4.09,1.85,3.72,4.56,2023-09-15
2023-10-03,Championship,Plymouth,Millwall,A,0.47086344962911375,0.29292923951149863,0.2362073108593875,0.3743884563400658,0.2741999961927243,0.3514115474672098,0.39106457770302194,0.2719974297431633,0.33693799255381474,2.49,3.58,2.89,2.6,3.55,2.77,2023-09-15
2023-10-03,Championship,Stoke,Southampton,A,0.5280865477219052,0.1940193856723827,0.2778940666057121,0.32252040235338775,0.2831429113683811,0.39433668627823115,0.3500789501923932,0.28127730680198065,0.36864374300562613,2.78,3.46,2.64,3.02,3.44,2.47,2023-09-15
2023-10-03,Championship,West Brom,Sheffield Weds,H,0.581131334196434,0.23814325867931296,0.18072540712425308,0.6075657159877876,0.244247524015191,0.14818675999702138,0.6017665112123992,0.24589951346496516,0.15233397532263565,1.61,3.94,6.36,1.6,3.98,6.56,2023-09-15
2023-10-04,Championship,Rotherham,Bristol City,A,0.38239542517129543,0.26710415990216196,0.35050041492654255,0.23765144454799625,0.28588070829450135,0.47646784715750223,0.24230035810672346,0.28831585638218427,0.46938378551109233,4.01,3.37,2.07,4.09,3.4,2.04,2023-09-15
2023-10-04,Championship,Swansea,Norwich,H,0.3661272759418914,0.24620197059610668,0.38767075346200197,0.3448946515397083,0.28946515397082656,0.36564019448946516,0.33128192644603266,0.28068266966897293,0.38803540388499447,2.94,3.47,2.51,2.82,3.36,2.66,2023-09-15
2023-10-04,Championship,Sunderland,Watford,H,0.4394753650674094,0.2674943075095165,0.29303032742307394,0.44992039421075,0.2808751593916821,0.2692044463975679,0.5039921365522961,0.26218458855685484,0.2338232748908489,1.93,3.71,4.16,2.16,3.46,3.61,2023-09-15
2023-10-04,Championship,Leeds,QPR,H,0.5942615896512972,0.22476859063991006,0.18096981970879264,0.7325854018478773,0.165301321442598,0.10211327670952461,0.7126787675080044,0.17527000430576603,0.1120512281862296,1.36,5.53,8.65,1.32,5.85,9.47,2023-09-15
2023-10-04,Championship,Coventry,Blackburn,H,0.45796803713948564,0.26946039792511306,0.27257156493540147,0.4543954807908616,0.26210413177693903,0.28350038743219935,0.4611395852392945,0.2608591219450165,0.27800129281568897,2.11,3.73,3.5,2.14,3.71,3.43,2023-09-15
2023-10-04,Championship,Leicester,Preston,H,0.538874184847921,0.2721314935982404,0.1889943215538386,0.6463945031248858,0.21837652132597493,0.1352289755491393,0.6499321382403536,0.2142475411456033,0.13582032061404303,1.49,4.52,7.13,1.5,4.44,7.17,2023-09-15
2023-10-06,Championship,Birmingham,West Brom,H,0.3078376101468267,0.2737696157625706,0.41839277409060277,0.3298864991010791,0.30699216793318085,0.36312133296574,0.3298864991010791,0.30699216793318085,0.36312133296574,2.95,3.17,2.68,2.95,3.17,2.68,2023-09-15
2023-10-07,Championship,Plymouth,Swansea,A,0.5286225968041416,0.24797610793803443,0.2234012952578237,0.38331795422572496,0.268957901583796,0.3477241441904791,0.39601079705220954,0.2669004276023111,0.3370887753454794,2.46,3.65,2.89,2.54,3.62,2.8,2023-09-15
2023-10-07,Championship,Southampton,Rotherham,D,0.5374660356541457,0.1871689681423908,0.2753649962034635,0.7465356301942281,0.1639351890629217,0.08952918074285024,0.7192554508423039,0.17622411227533763,0.1045204368823585,1.35,5.51,9.29,1.3,5.92,10.84,2023-09-15
2023-10-07,Championship,Sheffield Weds,Huddersfield,D,0.351180472383872,0.2796433378103528,0.36917618980577527,0.35250459505362836,0.2975268141737046,0.349968590772667,0.365529412671378,0.2859730110899605,0.3484975762386615,2.66,3.4,2.79,2.76,3.27,2.78,2023-09-15
2023-10-07,Championship,QPR,Blackburn,A,0.3398682506218751,0.2716758271890937,0.3884559221890313,0.2802731245576164,0.2566089029590841,0.46311797248329944,0.3218478415196419,0.2662960222984434,0.41185613618191463,3.02,3.65,2.36,3.47,3.79,2.1,2023-09-15
2023-10-07,Championship,Millwall,Hull,D,0.46755799848648694,0.28157182229479655,0.2508701792187165,0.3743830207305034,0.29676702862783805,0.3288499506416584,0.4192990047598442,0.2795326698398961,0.3011683254002596,2.32,3.48,3.23,2.6,3.28,2.96,2023-09-15
2023-10-07,Championship,Leeds,Bristol City,H,0.548384994870243,0.23654642316189586,0.21506858196786108,0.6478895144483499,0.2037388410214937,0.14837164453015647,0.6139163783560195,0.21797480400056427,0.16810881764341612,1.58,4.45,5.77,1.5,4.77,6.55,2023-09-15
2023-10-07,Championship,Ipswich,Preston,H,0.5110275206472509,0.23365996450366092,0.25531251484908807,0.6282200867573057,0.22037788920415738,0.15140202403853692,0.5922520234397711,0.2346119126669625,0.1731360638932664,1.64,4.14,5.61,1.54,4.39,6.39,2023-09-15
2023-10-07,Championship,Coventry,Norwich,D,0.3965385003377411,0.26575168746577993,0.33770981219647905,0.3862546616941928,0.2781033564198188,0.33564198188598826,0.3788061611065783,0.28549320646448856,0.33570063242893317,2.57,3.41,2.9,2.52,3.5,2.9,2023-09-15
2023-10-07,Championship,Cardiff,Watford,D,0.31710859961575416,0.2828653684129284,0.4000260319713174,0.42512727420613056,0.30140602412756623,0.2734667016663031,0.385963496327726,0.29927015715257527,0.3147663465196989,2.52,3.25,3.09,2.29,3.23,3.56,2023-09-15
2023-10-07,Championship,Sunderland,Middlesbrough,A,0.47055602189690177,0.24059351120902783,0.28885046689407023,0.42880897024632864,0.26889402277877517,0.30229700697489625,0.4053881055029464,0.27561797541276806,0.3189939190842857,2.4,3.53,3.05,2.27,3.62,3.22,2023-09-15
2023-10-07,Championship,Leicester,Stoke,H,0.5129106994125021,0.2801536554144474,0.20693564517305055,0.6523742712934005,0.20994334000586753,0.13768238870073182,0.6257764856854083,0.21650748946704976,0.15771602484754194,1.55,4.48,6.15,1.49,4.63,7.06,2023-09-15
2023-10-21,Championship,Hull,Southampton,A,0.4490388220219167,0.2381316045591711,0.31282957341891204,0.3176936844796727,0.2738430069036052,0.40846330861672203,0.32767212447879585,0.2718397233804536,0.4004881521407505,2.97,3.58,2.43,3.06,3.55,2.38,2023-10-21
2023-10-21,Championship,Preston,Millwall,D,0.350101736542942,0.2979762889994464,0.3519219744576114,0.3942314660482643,0.30429741285600403,0.3014711210957316,0.3864875434197511,0.30627314761565183,0.3072393089645971,2.52,3.18,3.17,2.47,3.2,3.23,2023-10-21
2023-10-21,Championship,Blackburn,Cardiff,H,0.4499920425527188,0.26751498622253783,0.28249297122474326,0.4743516888660967,0.26140348445577904,0.2642448266781245,0.4657894460414778,0.25686014306772786,0.27735041089079443,2.09,3.79,3.51,2.05,3.72,3.68,2023-10-21
2023-10-21,Championship,Bristol City,Coventry,H,0.351323320201462,0.27420791431958585,0.37446876547895214,0.32985622948119264,0.2870430315544302,0.38310073896437724,0.3937959462796573,0.27870372129247956,0.32750033242786314,2.47,3.49,2.97,2.95,3.39,2.54,2023-10-21
2023-10-21,Championship,Huddersfield,QPR,H,0.47709040699824673,0.2657210866291093,0.257188506372644,0.5335733787045462,0.25758714834012586,0.2088394729553278,0.49804039794995475,0.2668073560446186,0.23515224600542656,1.95,3.64,4.13,1.82,3.77,4.65,2023-10-21
2023-10-21,Championship,Middlesbrough,Birmingham,H,0.5718960359683073,0.2312079930208712,0.19689597101082157,0.5579903520476238,0.24704916350200143,0.1949604844503746,0.5417323212768959,0.24928042547188783,0.20898725325121634,1.79,3.89,4.64,1.74,3.93,4.98,2023-10-21
2023-10-21,Championship,Norwich,Leeds,A,0.3456774197988646,0.2659634204112587,0.38835915978987656,0.26623821440742435,0.25505760697824115,0.47870417861433445,0.3028132768268778,0.2612985533909349,0.43588816978218736,3.21,3.72,2.23,3.65,3.81,2.03,2023-10-21
2023-10-21,Championship,Stoke,Sunderland,H,0.3330968707979099,0.2680508318474883,0.39885229735460187,0.41962375012116654,0.29235048056489676,0.2880257693139368,0.3815996533400233,0.2733368303418706,0.34506351631810617,2.55,3.56,2.82,2.32,3.33,3.38,2023-10-21
2023-10-21,Championship,Swansea,Leicester,A,0.12385369742715939,0.21092871073946173,0.6652175918333789,0.22208531597995113,0.24757980378377206,0.5303348802362767,0.2112011381059263,0.24418469116025232,0.5446141707338212,4.59,3.97,1.78,4.37,3.92,1.83,2023-10-21
2023-10-21,Championship,Watford,Sheffield Weds,H,0.5840110909723644,0.2570093117635762,0.1589795972640595,0.5356067032140298,0.26854518914609254,0.19584810763987756,0.5627069882581206,0.2560465660857057,0.1812464456561737,1.72,3.78,5.34,1.81,3.61,4.95,2023-10-21
2023-10-21,Championship,West Brom,Plymouth,D,0.5587061630742042,0.21261670917686137,0.22867712774893464,0.5845339746170308,0.22993516537068034,0.1855308600122889,0.5609386914313679,0.24020394459808572,0.1988573639705464,1.73,4.04,4.88,1.66,4.22,5.23,2023-10-21
2023-10-24,Championship,Leicester,Sunderland,H,0.7163819446258396,0.18786515344974258,0.09575290192441777,0.6230844563373288,0.21409950482075618,0.1628160388419151,0.6331277709256975,0.2101270042334744,0.15674522484082803,1.53,4.61,6.18,1.56,4.54,5.97,2023-10-21
2023-10-24,Championship,West Brom,QPR,H,0.5803237083597343,0.237370932648635,0.18230535899163072,0.5737489457594921,0.2558405589270558,0.17041049531345193,0.5947011918031382,0.23758895652919487,0.16770985166766697,1.63,4.08,5.78,1.69,3.79,5.69,2023-10-21
2023-10-24,Championship,Norwich,Middlesbrough,A,0.4254251039628548,0.245669198933882,0.32890569710326334,0.361845206889919,0.2637841752124342,0.37437061789764686,0.34362480797614386,0.26425494743817585,0.3921202445856803,2.83,3.68,2.48,2.69,3.69,2.6,2023-10-21
2023-10-24,Championship,Millwall,Blackburn,A,0.42501330404317,0.28380962203701654,0.29117707391981357,0.36321339475657727,0.27891458393914814,0.35787202130427465,0.3861133280127693,0.2748603351955307,0.3390263367916999,2.52,3.54,2.87,2.68,3.49,2.72,2023-10-21
2023-10-24,Championship,Huddersfield,Cardiff,A,0.3948766608185811,0.28043892436594287,0.32468441481547594,0.3861144945188794,0.30694275274056027,0.30694275274056027,0.4034449637242358,0.2955326330016439,0.3010224032741203,2.41,3.29,3.23,2.52,3.17,3.17,2023-10-21
2023-10-24,Championship,Swansea,Watford,A,0.4235112586693678,0.26261053449515126,0.31387820683548084,0.38781191011322,0.2940809348592695,0.3181071550275105,0.4036303692896527,0.2895086874964473,0.3068609432139,2.41,3.36,3.17,2.51,3.31,3.06,2023-10-21
2023-10-25,Championship,Birmingham,Hull,A,0.37595158778228255,0.28520905439073096,0.3388393578269866,0.3849090122478359,0.29156281466677386,0.3235281730853903,0.4085862324204293,0.28941524796447077,0.3019985196150999,2.38,3.36,3.22,2.53,3.34,3.01,2023-10-21
2023-10-25,Championship,Bristol City,Ipswich,A,0.29747647122569354,0.23182940785433911,0.47069412091996743,0.24088890047612685,0.2508481315035636,0.5082629680203096,0.2739495443955202,0.26072945914318946,0.4653209964612903,3.55,3.73,2.09,4.03,3.87,1.91,2023-10-21
2023-10-25,Championship,Plymouth,Sheffield Weds,H,0.5803820417402317,0.2214373717964693,0.198180586463299,0.4141340031368967,0.2788581396480536,0.3070078572150496,0.47200061208449545,0.2700892391372391,0.25791014877826546,2.06,3.6,3.77,2.35,3.49,3.17,2023-10-21
2023-10-25,Championship,Preston,Southampton,D,0.43473727243099125,0.2388754604359312,0.3263872671330775,0.3061670534688267,0.2830265203578108,0.41080642617336244,0.27470429223221815,0.27087832715934607,0.4544173806084357,3.54,3.59,2.14,3.18,3.44,2.37,2023-10-21
2023-10-25,Championship,Rotherham,Coventry,H,0.2727478594845102,0.27530955212919084,0.4519425883862988,0.18161257305114406,0.2512464093505465,0.5671410175983095,0.23128302850519616,0.26540675402235625,0.5033102174724476,4.2,3.66,1.93,5.34,3.86,1.71,2023-10-21
2023-10-25,Championship,Stoke,Leeds,H,0.28202593315805796,0.2809353947837331,0.437038672058209,0.2313359228666069,0.253080291595583,0.51558378553781,0.24559075671538533,0.2607344226790686,0.49367482060554607,3.96,3.73,1.97,4.19,3.83,1.88,2023-10-21
2023-10-28,Championship,Watford,Millwall,D,0.41258208089228354,0.2970192596330613,0.29039865947465515,0.43801556703280714,0.301985887830072,0.2599985451371208,0.46287979790891864,0.2910322082660866,0.2460879938249947,2.1,3.34,3.95,2.22,3.22,3.74,2023-10-21
2023-10-28,Championship,Sunderland,Norwich,H,0.4722229090406318,0.24232615703666247,0.2854509339227059,0.4954803166452717,0.2542255027813436,0.2502941805733847,0.4627258078195234,0.2612161818336019,0.27605801034687477,2.1,3.72,3.52,1.96,3.82,3.88,2023-10-21
2023-10-28,Championship,QPR,Leicester,A,0.07354015622888689,0.17465773526601203,0.7518021085051011,0.1453188216562493,0.20369213268095832,0.6509890456627925,0.12042145859542418,0.18629500120520517,0.6932835401993707,8.06,5.21,1.4,6.63,4.73,1.48,2023-10-21
2023-10-28,Championship,Middlesbrough,Stoke,A,0.5076652869505112,0.25011320884672233,0.2422215042027664,0.545026288492803,0.24811938453125046,0.20685432697594652,0.5373361614183934,0.24937909029930566,0.2132847482823009,1.81,3.9,4.56,1.78,3.91,4.69,2023-10-21
2023-10-28,Championship,Ipswich,Plymouth,H,0.6720434679290563,0.16077149218078676,0.16718503989015693,0.7109563171418841,0.16757375932633667,0.1214699235317792,0.6912285515833884,0.17887615013248498,0.12989529828412666,1.4,5.41,7.45,1.36,5.77,7.96,2023-10-21
2023-10-28,Championship,Southampton,Birmingham,H,0.48576795679186313,0.23333553762192108,0.28089650558621554,0.6419094743049057,0.2071118175641897,0.1509787081309046,0.5981541418023667,0.2269343582482047,0.17491149994942856,1.62,4.27,5.54,1.51,4.68,6.42,2023-10-21
2023-10-28,Championship,Cardiff,Bristol City,H,0.4203220377422876,0.2712011137300328,0.3084768485276793,0.4762352941176471,0.264,0.25976470588235295,0.42460386784072207,0.2902515992105234,0.28514453294875464,2.29,3.35,3.41,2.04,3.68,3.74,2023-10-21
2023-10-28,Championship,Blackburn,Swansea,A,0.4143207977180362,0.2530000910533248,0.332679111228639,0.4934919907854748,0.24304480546184634,0.263463203752679,0.4838633975124227,0.24747211933841462,0.26866448314916286,2.01,3.93,3.62,1.97,4.0,3.69,2023-10-21
2023-10-28,Championship,Leeds,Huddersfield,H,0.5964584556491147,0.2352387547836746,0.16830278956721056,0.7326801886125562,0.16761487850408566,0.09970493288335817,0.7111655439885691,0.17779138599714228,0.11104307001428863,1.36,5.44,8.71,1.32,5.77,9.7,2023-10-21
2023-10-28,Championship,Hull,Preston,H,0.4270958374137245,0.280041226609954,0.2928629359763214,0.483525510256036,0.2776817930327521,0.23879269671121184,0.4647943803269232,0.28157108837196215,0.2536345313011147,2.09,3.45,3.83,2.01,3.5,4.07,2023-10-21
2023-10-29,Championship,Sheffield Weds,Rotherham,H,0.3448184210838806,0.30479624718718584,0.3503853317289334,0.536098022444335,0.258756645499799,0.205145332055866,0.5133473148789585,0.27800184100894876,0.20865084411209273,1.89,3.49,4.65,1.81,3.75,4.73,2023-10-21
2023-10-30,Championship,Coventry,West Brom,A,0.41218451967834013,0.27802071121993643,0.3097947691017235,0.40906213735626124,0.2959172908534656,0.29502057179027324,0.4149264731021855,0.29032392862705475,0.2947495982707598,2.33,3.33,3.28,2.38,3.29,3.3,2023-10-21
2023-11-03,Championship,Leicester,Leeds,A,0.645080158845318,0.23219549009518123,0.12272435105950077,0.45492330318510255,0.2561936496884525,0.2888830471264449,0.4344591730850737,0.2651739912017889,0.3003668357131374,2.24,3.67,3.24,2.14,3.8,3.37,2023-10-21
2023-11-04,Championship,Birmingham,Ipswich,D,0.25285743799039206,0.23173140315326082,0.5154111588563471,0.24120647520952582,0.255134408161257,0.5036591166292173,0.2374046691095545,0.25155054317566783,0.5110447877147778,4.09,3.86,1.9,4.03,3.81,1.93,2023-10-21
2023-11-04,Championship,Bristol City,Sheffield Weds,H,0.5498614704968964,0.2603696810545879,0.1897688484485157,0.4344817018668437,0.3031897234210996,0.26232857471205656,0.4524533248561437,0.28951626441687767,0.2580304107269785,2.15,3.36,3.77,2.24,3.21,3.71,2023-10-21
2023-11-04,Championship,Huddersfield,Watford,D,0.34390652635122854,0.2848383343620628,0.3712551392867086,0.2650698745292617,0.28034767709578967,0.45458244837494866,0.297317261525031,0.281805056575899,0.42087768189906993,3.27,3.45,2.31,3.67,3.47,2.14,2023-10-21
2023-11-04,Championship,Millwall,Southampton,A,0.4925677796060705,0.24171887608897455,0.2657133443049549,0.26613497754842164,0.26908384156557874,0.4647811808859996,0.2741875681955416,0.2645015943190686,0.46131083748538987,3.55,3.68,2.11,3.65,3.61,2.09,2023-10-21
2023-11-04,Championship,Plymouth,Middlesbrough,D,0.3375434930580746,0.21811518032106172,0.4443413266208638,0.23879193095295598,0.23997406922500028,0.5212339998220437,0.25552334432045326,0.24396701216525687,0.50050964351429,3.8,3.98,1.94,4.06,4.04,1.86,2023-10-21
2023-11-04,Championship,Preston,Coventry,H,0.32911870144499294,0.2825592440239368,0.38832205453107016,0.3403555325853444,0.292317364322548,0.36732710309210753,0.33355549700079046,0.3043693910132213,0.3620751119859882,2.92,3.2,2.69,2.86,3.33,2.65,2023-10-21
2023-11-04,Championship,Rotherham,QPR,D,0.4139550266174769,0.27651858457188816,0.3095263888106349,0.3088921477136382,0.2939608052259699,0.39714704706039194,0.3517999218686542,0.2989220195018933,0.3492780586294524,2.77,3.26,2.79,3.15,3.31,2.45,2023-10-21
2023-11-04,Championship,Stoke,Cardiff,D,0.4251721491794098,0.28262788002566835,0.29219997079492155,0.4612019625315671,0.2853771674315561,0.25342087003687674,0.4461686349903872,0.2843998901400714,0.26943147486954133,2.18,3.42,3.61,2.11,3.41,3.84,2023-10-21
2023-11-04,Championship,Swansea,Sunderland,D,0.3785395460724788,0.24604313734569233,0.3754173165818289,0.3212719422503768,0.2781297100053262,0.400598347744297,0.34781529579325593,0.2790495209802626,0.3731351832264814,2.8,3.49,2.61,3.03,3.5,2.43,2023-10-21
2023-11-04,Championship,West Brom,Hull,H,0.49934564557903294,0.2644035538666692,0.2362508005542979,0.498511880292691,0.27383046945654854,0.2276576502507605,0.4692418939028735,0.27911802309739886,0.2516400829997275,2.07,3.48,3.86,1.95,3.55,4.27,2023-10-21
2023-11-05,Championship,Norwich,Blackburn,A,0.4843642399853294,0.24787507596010477,0.2677606840545658,0.43480146909974265,0.2510194048410886,0.31417912605916887,0.4477976811677079,0.24662968734363605,0.305572631488656,2.17,3.94,3.18,2.24,3.88,3.1,2023-10-21
2023-11-07,Championship,Rotherham,Ipswich,D,0.21920485721889268,0.22080461132738202,0.559990531453725,0.17109637012926074,0.22365022053847938,0.6052534093322599,0.14900292162591422,0.21700425498539186,0.6339928233886939,6.51,4.47,1.53,5.66,4.33,1.6,2023-10-21
2023-11-10,Championship,Blackburn,Preston,A,0.4686071743675387,0.26482955887256926,0.266563266759892,0.47022692373315134,0.2674092670680283,0.26236380919882024,0.4926652542230609,0.26590426049847393,0.2414304852784652,1.97,3.65,4.02,2.07,3.64,3.71,2023-10-21
2023-11-11,Championship,QPR,Bristol City,D,0.3443999210723488,0.26989679807870814,0.38570328084894334,0.30791220951678344,0.30597565473994837,0.38611213574326814,0.346668108542341,0.29519314697090243,0.35813874448675664,2.81,3.3,2.72,3.16,3.18,2.52,2023-10-21
2023-11-11,Championship,Middlesbrough,Leicester,H,0.14680923286159006,0.22850498432309418,0.6246857828153156,0.35121921639669823,0.2687506158615619,0.38003016774173987,0.32201217318301756,0.26938414487886786,0.40860368193811464,3.02,3.61,2.38,2.77,3.62,2.56,2023-10-21
2023-11-11,Championship,Southampton,West Brom,H,0.35104930380267857,0.2382524792767114,0.41069821692061015,0.48607556316422873,0.2678102276386935,0.2461142091970778,0.5164769322947873,0.25823846614739365,0.22528460155781907,1.88,3.76,4.31,2.0,3.63,3.95,2023-10-21
2023-11-11,Championship,Sheffield Weds,Millwall,A,0.24097437959215784,0.30712448288459554,0.4519011375232467,0.37412923000712095,0.31997894671661664,0.3058918232762624,0.3524617042207336,0.31999812620040285,0.32754016957886345,2.76,3.04,2.97,2.6,3.04,3.18,2023-10-21
2023-11-11,Championship,Watford,Rotherham,H,0.5473281631381648,0.2551772824564711,0.19749455440536415,0.6578830089931551,0.2178126178423284,0.12430437316451647,0.6520205003440767,0.21930260621053596,0.12867689344538732,1.49,4.43,7.55,1.47,4.44,7.78,2023-10-21
2023-11-11,Championship,Leeds,Plymouth,H,0.6470339115524759,0.1883701604550737,0.16459592799245026,0.7759387351778655,0.13784584980237152,0.08621541501976283,0.759669276491455,0.14442814088984252,0.09590258261870258,1.27,6.68,10.06,1.24,6.98,11.16,2023-10-21
2023-11-11,Championship,Hull,Huddersfield,H,0.4317355327223244,0.27791376802898077,0.2903506992486949,0.5449343694183708,0.27170397130663865,0.18336165927499057,0.5459817585332372,0.2619535121803671,0.1920647292863957,1.78,3.71,5.06,1.78,3.57,5.29,2023-10-21
2023-11-11,Championship,Coventry,Stoke,D,0.4708605607801782,0.27519602477108,0.25394341444874174,0.43652118029817827,0.27115382508772634,0.29232499461409533,0.41921984755641906,0.2860558959796742,0.2947242564639067,2.32,3.4,3.3,2.23,3.59,3.33,2023-10-21
2023-11-11,Championship,Cardiff,Norwich,A,0.3504405344053532,0.26619636090090393,0.38336310469374285,0.4863472035400029,0.2636028203468851,0.250049976113112,0.4787310941146504,0.2557431897507211,0.26552571613462844,2.03,3.8,3.66,2.0,3.69,3.89,2023-10-21
2023-11-11,Championship,Sunderland,Birmingham,H,0.5859464388291085,0.22853430943228328,0.18551925173860842,0.58719646799117,0.23068432671081676,0.18211920529801323,0.5521446788778113,0.24790169255738465,0.19995362856480406,1.76,3.92,4.86,1.65,4.2,5.32,2023-10-21
2023-11-11,Championship,Ipswich,Swansea,H,0.566160229423808,0.20551294304029213,0.2283268275358998,0.6226250394665972,0.20933083223445945,0.1680441282989432,0.6030261251985131,0.21915847890961765,0.17781539589186923,1.61,4.43,5.46,1.56,4.64,5.78,2023-10-21
2023-11-24,Championship,Rotherham,Leeds,D,0.17186797497503367,0.22896102061660698,0.5991710044083592,0.0959930558874475,0.1716962829105855,0.732310661201967,0.10485554300295238,0.18197256524902616,0.7131718917480216,9.25,5.33,1.36,10.07,5.63,1.32,2023-11-24
2023-11-25,Championship,West Brom,Ipswich,H,0.403680114944544,0.23714150117102678,0.35917838388442924,0.38865466430864953,0.2741501739740899,0.33719516171726044,0.3575898171606483,0.27398431061322914,0.36842587222612255,2.72,3.55,2.64,2.49,3.53,2.87,2023-11-24
2023-11-25,Championship,Swansea,Hull,D,0.47649067823464686,0.25440888861132027,0.2691004331540328,0.3234251390060258,0.2871709936307191,0.3894038673632551,0.3699614623476721,0.29219178557789116,0.33784675207443665,2.63,3.33,2.88,3.01,3.39,2.5,2023-11-24
2023-11-25,Championship,Stoke,Blackburn,A,0.41448056144378587,0.2789056754644261,0.3066137630917882,0.44245522444797636,0.2652320146554627,0.292312760896561,0.4382198952879581,0.2615183246073299,0.30026178010471205,2.22,3.72,3.24,2.2,3.67,3.33,2023-11-24
2023-11-25,Championship,Preston,Cardiff,A,0.3931972704266504,0.27543686175686805,0.3313658678164814,0.40514810660036993,0.30197374404996513,0.292878149349665,0.393492359613403,0.30278072531000166,0.30372691507659544,2.47,3.21,3.2,2.4,3.22,3.32,2023-11-24
2023-11-25,Championship,Plymouth,Sunderland,H,0.3643887012288735,0.22374718225000956,0.411864116521117,0.25532722120133416,0.24195597021572815,0.5027168085829378,0.2820103295928315,0.24569081744830018,0.4722988529588683,3.45,3.96,2.06,3.8,4.01,1.93,2023-11-24
2023-11-25,Championship,Leicester,Watford,H,0.648761670846857,0.2323285558723179,0.11890977328082515,0.5848481939713434,0.24332030125123552,0.1718315047774212,0.6031050130330569,0.23397567975499312,0.16291930721194994,1.61,4.15,5.96,1.66,3.99,5.65,2023-11-24
2023-11-25,Championship,Millwall,Coventry,A,0.41277395793852845,0.28877342186186866,0.298452620199603,0.3605276861655963,0.29057455302898805,0.34889776080541574,0.35250459505362836,0.2975268141737046,0.349968590772667,2.76,3.27,2.78,2.7,3.35,2.79,2023-11-24
2023-11-25,Championship,Huddersfield,Southampton,D,0.3291117263537579,0.23541757820020612,0.435470695446036,0.20261041129154653,0.24988617392624074,0.5475034147822128,0.19534080862231085,0.23805661198198075,0.5666025793957086,4.96,4.07,1.71,4.81,3.9,1.78,2023-11-24
2023-11-25,Championship,Bristol City,Middlesbrough,H,0.3328169010726241,0.25807939457428136,0.4091037043530945,0.2786107310256485,0.2794113365745728,0.4419779323997788,0.27095201981173106,0.2787156880011789,0.45033229218709,3.59,3.49,2.16,3.49,3.48,2.2,2023-11-24
2023-11-25,Championship,Birmingham,Sheffield Weds,H,0.5141643496998733,0.2804052137929949,0.20543043650713186,0.4244091794696373,0.2963100673736187,0.27928075315674405,0.4445203976269028,0.29861953092114024,0.25686007145195705,2.19,3.26,3.79,2.29,3.28,3.48,2023-11-24
2023-11-25,Championship,Norwich,QPR,H,0.5857880310630782,0.21942166051599543,0.19479030842092634,0.5557342446477033,0.24374308975776462,0.20052266559453216,0.5417973884716152,0.24552337350992182,0.21267923801846303,1.79,3.95,4.56,1.75,3.99,4.85,2023-11-24
2023-11-28,Championship,Watford,Norwich,H,0.4597879938222182,0.2523409252831549,0.28787108089462693,0.4306277371187371,0.27885922231757754,0.29051304056368527,0.4444299688412641,0.27263351029758215,0.2829365208611536,2.19,3.57,3.44,2.26,3.49,3.35,2023-11-24
2023-11-28,Championship,QPR,Stoke,H,0.30611107822388733,0.28581559056948325,0.40807333120662964,0.3281974413497402,0.3094433018440408,0.36235925680621883,0.29562312996705337,0.29743122250507814,0.40694564752786844,3.29,3.27,2.39,2.97,3.15,2.69,2023-11-24
2023-11-28,Championship,Middlesbrough,Preston,H,0.5452792633212592,0.23402772570008284,0.22069301097865784,0.5708307290958994,0.24946330063316938,0.17970597027093127,0.5726539137425749,0.24878794710152996,0.17855813915589513,1.69,3.89,5.42,1.7,3.89,5.4,2023-11-24
2023-11-28,Championship,Coventry,Plymouth,H,0.455617881291706,0.23296138150373638,0.31142073720455754,0.5960538488940371,0.21638480483235645,0.1875613462736063,0.5874901783375795,0.22131479320936218,0.1911950284530584,1.65,4.38,5.07,1.63,4.49,5.18,2023-11-24
2023-11-28,Championship,Cardiff,West Brom,A,0.3436405447482009,0.2797642206488612,0.3765952346029379,0.27030928737040116,0.291351327704624,0.43833938492497476,0.321309955974357,0.3042403645632193,0.3744496794624237,3.03,3.2,2.6,3.6,3.34,2.22,2023-11-24
2023-11-28,Championship,Hull,Rotherham,H,0.5131012424846999,0.2594333776733849,0.22746537984191534,0.6566591568905702,0.21596790048845418,0.1273729426209756,0.6715858649910647,0.20752867931054358,0.12088545569839164,1.44,4.66,8.0,1.48,4.5,7.63,2023-11-24
2023-11-29,Championship,Blackburn,Birmingham,H,0.5149497115384473,0.2529749917558386,0.23207529670571392,0.5576334942710961,0.2372328313035959,0.20513367442530805,0.5396168915977363,0.24161950370047894,0.21876360470178494,1.8,4.02,4.44,1.74,4.09,4.73,2023-11-24
2023-11-29,Championship,Leeds,Swansea,H,0.5931830451248635,0.220790789780493,0.18602616509464373,0.7462389873676748,0.15807032737344837,0.09569068525887679,0.7088663129464347,0.17593240013344488,0.11520128692012048,1.37,5.52,8.43,1.29,6.09,10.06,2023-11-24
2023-11-29,Championship,Sheffield Weds,Leicester,D,0.06860107147912124,0.19484930450742086,0.7365496240134579,0.15886900170874885,0.24659056244869412,0.594540435842557,0.1663557076887668,0.23021737746502327,0.60342691484621,5.84,4.22,1.61,6.1,3.93,1.63,2023-11-24
2023-11-29,Championship,Southampton,Bristol City,H,0.5254584967062913,0.2226961825249026,0.25184532076880606,0.5840993933121776,0.23534101769374144,0.18055958899408095,0.6092569995172329,0.2237225471668361,0.1670204533159311,1.59,4.33,5.8,1.66,4.12,5.37,2023-11-24
2023-11-29,Championship,Sunderland,Huddersfield,A,0.5993175479228772,0.2218899538134471,0.1787924982636754,0.6371095635385783,0.21616217334344617,0.1467282631179756,0.628267021807891,0.2179124354919261,0.15382054270018314,1.54,4.44,6.29,1.52,4.48,6.6,2023-11-24
2023-11-29,Championship,Ipswich,Millwall,H,0.5342795889760592,0.22723951184858363,0.23848089917535714,0.6071619195497113,0.22592071425105537,0.16691736619923334,0.6068681532126486,0.22686659933183126,0.16626524745552015,1.6,4.28,5.84,1.6,4.3,5.82,2023-11-24
2023-12-01,Championship,Preston,QPR,A,0.4925104188226702,0.26044969853182903,0.24703988264550059,0.44208089139714923,0.2992547572534549,0.2586643513493958,0.4325564881277018,0.3022522044370587,0.26519130743523955,2.25,3.22,3.67,2.2,3.25,3.76,2023-11-24
2023-12-02,Championship,Swansea,Huddersfield,D,0.525957400342127,0.24080354991631678,0.2332390497415562,0.4981090450677592,0.27911282697762363,0.22277812795461704,0.49767460388595103,0.26734586159162654,0.23497953452242237,1.95,3.63,4.13,1.95,3.48,4.36,2023-11-24
2023-12-02,Championship,Southampton,Cardiff,H,0.5026202459776983,0.2275657508825283,0.2698140031397735,0.5876734184420868,0.2330916202955392,0.17923496126237398,0.5805131332910671,0.2358775991717961,0.18360926753713674,1.67,4.11,5.28,1.65,4.16,5.41,2023-11-24
2023-12-02,Championship,Sheffield Weds,Blackburn,H,0.22578296655782037,0.2776581722296651,0.4965588612125146,0.3562484853380725,0.2835447128200985,0.3602068018418289,0.33184186700027424,0.26638264940022016,0.40177548359950566,2.93,3.65,2.42,2.73,3.43,2.7,2023-11-24
2023-12-02,Championship,Plymouth,Stoke,H,0.44775507261946834,0.24079151098318444,0.31145341639734725,0.3487963444394263,0.27107013955041764,0.380133516010156,0.3562475436795775,0.27395937866063286,0.36979307765978964,2.73,3.55,2.63,2.79,3.59,2.56,2023-11-24
2023-12-02,Championship,Millwall,Sunderland,D,0.3533171585504184,0.27517825021759024,0.3715045912319912,0.30105228357934205,0.28516096069245594,0.41378675572820206,0.3149178770191394,0.2796253563187186,0.40545676666214203,3.09,3.48,2.4,3.23,3.41,2.35,2023-11-24
2023-12-02,Championship,West Brom,Leicester,A,0.18939822905916615,0.27628763075453583,0.5343141401862982,0.30594165958651937,0.2869895213820447,0.4070688190314358,0.3224758211555734,0.3015099008946847,0.3760142779497419,3.02,3.23,2.59,3.18,3.39,2.39,2023-11-24
2023-12-02,Championship,Ipswich,Coventry,H,0.5481979327298042,0.21758752406874726,0.2342145432014483,0.5312528932149095,0.2394563533456366,0.22929075343945388,0.5363202269517422,0.23792637519182677,0.22575339785643098,1.81,4.08,4.3,1.83,4.06,4.24,2023-11-24
2023-12-02,Championship,Hull,Watford,A,0.3357266880175781,0.28644052424431,0.377832787738112,0.488621399246254,0.27009905125001266,0.24127954950373334,0.44161622055284083,0.28079644081394506,0.2775873386332142,2.2,3.46,3.5,1.99,3.6,4.03,2023-11-24
2023-12-02,Championship,Birmingham,Rotherham,D,0.4592315971493889,0.2691997066946744,0.2715686961559365,0.5984667835957669,0.2344953983800721,0.16703781802416096,0.5981483170664964,0.22534890084830794,0.17650278208519565,1.62,4.3,5.49,1.63,4.16,5.84,2023-11-24
2023-12-02,Championship,Leeds,Middlesbrough,H,0.5432645334938178,0.23405289179352196,0.22268257471266042,0.5891955372871404,0.22348796241926014,0.1873165002935995,0.558324852958932,0.23409282991531122,0.20758231712575678,1.74,4.15,4.68,1.65,4.35,5.19,2023-11-24
2023-12-03,Championship,Bristol City,Norwich,A,0.37367109580271946,0.2539167082836351,0.37241219591364555,0.4210785025638734,0.27870812060817984,0.3002133768279468,0.4180009008640104,0.27668809631055236,0.3053110028254371,2.33,3.52,3.19,2.31,3.49,3.24,2023-11-24
2023-12-08,Championship,Coventry,Birmingham,H,0.5158051171757915,0.26019044917789913,0.22400443364630937,0.5549132947976879,0.24277456647398846,0.20231213872832374,0.5547329258112911,0.25149808812688074,0.19376898606182824,1.75,3.86,5.01,1.75,4.0,4.8,2023-11-24
2023-12-09,Championship,Blackburn,Leeds,A,0.27171131282633687,0.2589750532010256,0.46931363397263737,0.20145930119285113,0.22174353289190246,0.5767971659152463,0.22407660006953917,0.22775860992983676,0.548164790000624,4.33,4.26,1.77,4.81,4.37,1.68,2023-11-24
2023-12-09,Championship,Watford,Southampton,D,0.4633410334142809,0.23717979013590473,0.29947917644981453,0.32565517448766335,0.2719857462899758,0.4023590792223609,0.3022323983972524,0.27647395535203206,0.4212936462507155,3.22,3.52,2.31,2.99,3.58,2.42,2023-11-24
2023-12-09,Championship,Rotherham,Swansea,A,0.2902942649618188,0.2534298505595103,0.45627588447867107,0.2901996004325592,0.2738503271687531,0.43595007239868766,0.28825428106694295,0.26614162388920487,0.4456040950438522,3.37,3.65,2.18,3.35,3.55,2.23,2023-11-24
2023-12-09,Championship,QPR,Hull,H,0.33925025003148257,0.28019992093217994,0.3805498290363376,0.3043478260869565,0.2864450127877238,0.40920716112531963,0.30291049829940336,0.29025155210181636,0.4068379495987802,3.21,3.35,2.39,3.2,3.4,2.38,2023-11-24
2023-12-09,Championship,Norwich,Preston,D,0.5090653072683687,0.23801934717055676,0.2529153455610746,0.5193286035646305,0.26534002422564457,0.2153313722097249,0.5029781383921671,0.26025410377932506,0.23676775782850792,1.93,3.73,4.1,1.87,3.66,4.51,2023-11-24
2023-12-09,Championship,Stoke,Sheffield Weds,A,0.5851325930614464,0.26282052374626563,0.15204688319228807,0.4444572744101123,0.293181153903056,0.2623615716868318,0.4769874476987448,0.28451882845188287,0.2384937238493724,2.04,3.42,4.08,2.19,3.32,3.71,2023-11-24
2023-12-09,Championship,Leicester,Plymouth,H,0.7607177649200771,0.15256481581512968,0.08671741926479322,0.7699564980689162,0.144946629907552,0.08509687202353185,0.7517770420479156,0.15082674197826523,0.09739621597381903,1.28,6.38,9.88,1.25,6.64,11.31,2023-11-24
2023-12-09,Championship,Huddersfield,Bristol City,D,0.3799424445325178,0.2764521063963822,0.34360544907109986,0.3265952236803036,0.29763112127440505,0.37577365504529137,0.3006143407298735,0.30822483036860443,0.3911608289015221,3.24,3.16,2.49,2.98,3.27,2.59,2023-11-24
2023-12-09,Championship,Cardiff,Millwall,H,0.37877562923616814,0.28982986561963997,0.3313945051441921,0.45003872966692476,0.2927962819519752,0.2571649883810999,0.4540563459571936,0.2935590877185481,0.2523845663242582,2.14,3.31,3.85,2.16,3.32,3.78,2023-11-24
2023-12-09,Championship,Sunderland,West Brom,H,0.45322039471586767,0.25914745984795035,0.2876321454361821,0.4401706258733545,0.2831506950062514,0.27667867912039423,0.4270319411953834,0.28058582879696664,0.2923822300076499,2.28,3.47,3.33,2.2,3.42,3.5,2023-11-24
2023-12-09,Championship,Middlesbrough,Ipswich,A,0.4145972649383552,0.22089336936271436,0.36450936569893033,0.43243656429837624,0.2547074004375253,0.3128560352640986,0.40858034321372855,0.2572542901716069,0.33416536661466456,2.38,3.78,2.91,2.25,3.82,3.11,2023-11-24
2023-12-12,Championship,Blackburn,Bristol City,H,0.4625829437753499,0.262070292808535,0.275346763416115,0.4608565169537413,0.2770391027841579,0.2621043802621008,0.49066450895114794,0.2563366036209163,0.25299888742793564,1.98,3.79,3.84,2.11,3.51,3.71,2023-11-24
2023-12-12,Championship,Huddersfield,Preston,A,0.38815956155040976,0.27453465466142596,0.3373057837881642,0.34498992832716546,0.3148451773082869,0.3401648943645478,0.35008703390028967,0.32549898135210875,0.3244139847476017,2.78,2.99,3.0,2.82,3.09,2.86,2023-11-24
2023-12-12,Championship,Rotherham,West Brom,A,0.24723513068099637,0.2635156661442254,0.4892492031747782,0.15711431223296912,0.2517909886954336,0.5910946990715972,0.17581960825063647,0.25765054294175715,0.5665298488076064,5.51,3.76,1.71,6.17,3.85,1.64,2023-11-24
2023-12-12,Championship,Stoke,Swansea,D,0.4103820418792162,0.2697506533136475,0.3198673048071363,0.4525539603127137,0.2710281377917367,0.2764179018955496,0.45881500837901545,0.2679580765188741,0.2732269151021104,2.12,3.63,3.56,2.15,3.59,3.52,2023-11-24
2023-12-12,Championship,Watford,Ipswich,A,0.3896923125842109,0.24046236848809657,0.3698453189276924,0.3290111982590561,0.275105408713787,0.3958833930271569,0.3210161138301859,0.27870453435686626,0.4002793518129478,3.03,3.49,2.43,2.96,3.54,2.46,2023-11-24
2023-12-12,Championship,Sunderland,Leeds,H,0.3506268969310787,0.2611502064329839,0.3882228966359371,0.2769872855353676,0.2708148669161951,0.4521978475484374,0.3378091527626977,0.26509274113258025,0.3970981061047221,2.88,3.67,2.45,3.51,3.59,2.15,2023-11-24
2023-12-13,Championship,Middlesbrough,Hull,A,0.5289342350380081,0.24208926224578767,0.22897650271620437,0.5166337817829469,0.24589152145618737,0.2374746967608656,0.5133235668049899,0.2500467889849049,0.23662964421010513,1.89,3.88,4.1,1.88,3.95,4.09,2023-11-24
2023-12-13,Championship,QPR,Plymouth,D,0.3170524361265666,0.23118898569983415,0.4517585781735992,0.45064784124661006,0.26963970556583877,0.27971245318755106,0.4762497923932902,0.2611692409898688,0.26258096661684105,2.04,3.72,3.7,2.16,3.61,3.48,2023-11-24
2023-12-13,Championship,Norwich,Sheffield Weds,H,0.6538607755938299,0.21095700359134548,0.1351822208148246,0.5254387139152551,0.25513428365963836,0.2194270024251066,0.49318698082719725,0.2669171297334007,0.23989588943940215,1.97,3.64,4.05,1.85,3.81,4.43,2023-11-24
2023-12-13,Championship,Coventry,Southampton,D,0.42369214345406353,0.23859899820264102,0.33770885834329556,0.3675752544411372,0.2676028638101685,0.36482188174869423,0.35352489000844767,0.27540890864680767,0.37106620134474466,2.75,3.53,2.62,2.65,3.64,2.67,2023-11-24
2023-12-13,Championship,Cardiff,Birmingham,A,0.4884248067572141,0.2652942805627867,0.2462809126799991,0.49049881235154397,0.2743467933491686,0.2351543942992874,0.5111914628097851,0.27054701374334034,0.21826152344687455,1.9,3.59,4.45,1.98,3.54,4.13,2023-11-24
2023-12-13,Championship,Leicester,Millwall,H,0.6679765088808167,0.2265130955275578,0.10551039559162541,0.6868335441149069,0.20133789962619936,0.11182855625889362,0.7191135734072023,0.18282548476454297,0.09806094182825485,1.35,5.31,9.9,1.41,4.81,8.66,2023-11-24
2023-12-16,Championship,Sheffield Weds,QPR,H,0.3147739392508694,0.30327745071632206,0.3819486100328086,0.4264490448216162,0.3019577087556785,0.27159324642270527,0.40691199612637696,0.3001603922043336,0.29292761166928943,2.39,3.24,3.32,2.28,3.22,3.58,2023-11-24
2023-12-16,Championship,Swansea,Middlesbrough,A,0.3898974876880089,0.24421206498842457,0.36589044732356646,0.2909294755877035,0.2633345388788427,0.4457359855334539,0.30047244780213794,0.261000195946093,0.43852735625176886,3.24,3.73,2.22,3.34,3.69,2.18,2023-11-24
2023-12-16,Championship,Southampton,Blackburn,H,0.4866352303342016,0.2246920350512829,0.2886727346145154,0.5809661568683229,0.22990840804978652,0.18912543508189067,0.5710944808231994,0.23854069223573432,0.19036482694106646,1.7,4.07,5.1,1.67,4.22,5.13,2023-11-24
2023-12-16,Championship,Preston,Watford,A,0.32886346277203465,0.28033007741135935,0.3908064598166057,0.343646408839779,0.312707182320442,0.343646408839779,0.3313176247074906,0.2997150205046223,0.3689673547878873,2.94,3.25,2.64,2.83,3.11,2.83,2023-11-24
2023-12-16,Championship,Plymouth,Rotherham,H,0.6071825210822185,0.1993342448378205,0.19348323407996093,0.5667095992120615,0.23751799378740815,0.19577240700053034,0.5817563076595857,0.2335415946614202,0.18470209767899395,1.67,4.16,5.26,1.71,4.08,4.95,2023-11-24
2023-12-16,Championship,Leeds,Coventry,D,0.5721002823496821,0.24059575359767413,0.18730396405264366,0.6288781932617549,0.2166604961125509,0.15446131062569418,0.6256747295950595,0.21455659975051822,0.15976867065442213,1.55,4.52,6.07,1.54,4.47,6.27,2023-11-24
2023-12-16,Championship,Hull,Cardiff,H,0.3996843830680591,0.2802664633118743,0.32004915362006675,0.5542949756888168,0.2566180443003782,0.18908698001080498,0.5089974293059126,0.2700514138817481,0.22095115681233932,1.91,3.6,4.4,1.75,3.78,5.13,2023-11-24
2023-12-16,Championship,Bristol City,Sunderland,H,0.3086104894047899,0.2601617033333063,0.43122780726190374,0.3324183911033974,0.2856263595111303,0.3819552493854724,0.3098667748698181,0.2795924347963301,0.4105407903338518,3.14,3.48,2.37,2.93,3.41,2.55,2023-11-24
2023-12-16,Championship,Ipswich,Norwich,D,0.5599349544825835,0.198156038868467,0.2419090066489494,0.626189614062895,0.21284953986787,0.16096084606923503,0.6025846376962751,0.2250954215060332,0.1723199407976915,1.61,4.31,5.63,1.55,4.56,6.03,2023-11-24
2023-12-16,Championship,Millwall,Huddersfield,D,0.5007564905807504,0.26997071675473183,0.22927279266451772,0.5610833071658224,0.25815801100980657,0.18075868182437108,0.5158294066221236,0.2747193440367117,0.20945124934116466,1.88,3.53,4.63,1.73,3.76,5.37,2023-11-24
2023-12-17,Championship,West Brom,Stoke,D,0.46650345316544967,0.2793103507790431,0.25418619605550724,0.5116190837522527,0.2793322583704828,0.20904865787726454,0.5397459683173969,0.26116740402454686,0.1990866276580562,1.8,3.72,4.88,1.9,3.48,4.65,2023-11-24
2023-12-18,Championship,Birmingham,Leicester,A,0.1098106752005663,0.21951038822465332,0.6706789365747805,0.14612688963504933,0.21033415932317706,0.6435389510417736,0.16968321206347922,0.23168284724051968,0.5986339406960012,5.68,4.16,1.61,6.65,4.62,1.51,2023-11-24
2023-12-22,Championship,Swansea,Preston,H,0.49195373941309894,0.24720656234478686,0.2608396982421141,0.4814898142845455,0.2747484251002209,0.24376176061523355,0.4564389889226295,0.2793721397716094,0.2641888713057611,2.13,3.48,3.68,2.02,3.54,3.99,2023-11-24
2023-12-22,Championship,Bristol City,Hull,H,0.4136263964925184,0.2782919332367663,0.3080816702707152,0.3320479432470653,0.2966159980835066,0.37133605866942804,0.33797216699801197,0.3041749502982108,0.35785288270377735,2.88,3.2,2.72,2.93,3.28,2.62,2023-11-24
2023-12-23,Championship,Sheffield Weds,Cardiff,A,0.23823660534182772,0.2907819970658288,0.4709813975923434,0.4438986753023766,0.2919333630366981,0.26416796166092515,0.44636964885232194,0.29134306422097667,0.2622872869267013,2.18,3.34,3.71,2.19,3.33,3.68,2023-11-24
2023-12-23,Championship,Sunderland,Coventry,A,0.5034149360115685,0.2504297690907695,0.2461552948976623,0.5304504034922791,0.23676200936362707,0.23278758714409375,0.46289852512585,0.2663251788395301,0.2707762960346198,2.1,3.65,3.59,1.83,4.1,4.17,2023-11-24
2023-12-23,Championship,Stoke,Millwall,D,0.38780912463942696,0.3004052958630492,0.31178557949752383,0.47661823987641,0.27083599146180404,0.2525457686617861,0.45210347043009785,0.2801217468082739,0.26777478276162825,2.15,3.47,3.63,2.04,3.59,3.85,2023-11-24
2023-12-23,Championship,Plymouth,Birmingham,D,0.557052626728345,0.2146087955355903,0.22833857773606478,0.4524975514201763,0.25269343780607245,0.2948090107737512,0.4384254689042448,0.26024185587364257,0.30133267522211254,2.22,3.74,3.23,2.15,3.85,3.3,2023-11-24
2023-12-23,Championship,QPR,Southampton,A,0.28997670357808947,0.23037064320000886,0.4796526532219017,0.20025623634034218,0.26609390308237246,0.5336498605772854,0.1984560820301526,0.2552322314823485,0.5463116864874988,4.9,3.81,1.78,4.85,3.65,1.82,2023-11-24
2023-12-23,Championship,Middlesbrough,West Brom,H,0.43133305183958953,0.25794273654220584,0.31072421161820474,0.38154612507831326,0.2930550057077406,0.32539886921394606,0.41957181527356247,0.28545648429169057,0.29497170043474696,2.32,3.41,3.3,2.55,3.32,2.99,2023-11-24
2023-12-23,Championship,Leeds,Ipswich,H,0.5256098774907044,0.21926579350638098,0.2551243290029144,0.5399357543420266,0.23030435019328144,0.2297598954646921,0.5361517900608985,0.22887611792694013,0.23497209201216132,1.81,4.24,4.13,1.8,4.22,4.23,2023-11-24
2023-12-23,Championship,Norwich,Huddersfield,H,0.5438200658255556,0.23097426027887563,0.2252056738955685,0.5982359823598236,0.23409234092340925,0.16767167671676714,0.6018597752296194,0.22961948770608706,0.16852073706429346,1.61,4.22,5.75,1.62,4.14,5.78,2023-11-24
2023-12-23,Championship,Leicester,Rotherham,H,0.803904648594042,0.1433860125491706,0.05270933885678752,0.8234851824952389,0.11850893770226684,0.058005879802494255,0.8352074134550185,0.11239450111459645,0.05239808543038515,1.16,8.62,18.49,1.17,8.13,16.61,2023-11-24
2023-12-23,Championship,Blackburn,Watford,A,0.3737819736856592,0.2758515298566013,0.3503664964577394,0.3656115206426729,0.2701462902526417,0.3642421891046854,0.42124546191337947,0.2658680374371329,0.31288650064948764,2.31,3.66,3.11,2.66,3.6,2.67,2023-11-24
2023-12-26,Championship,Preston,Leeds,H,0.19042974531615658,0.23887239086132867,0.5706978638225148,0.15372508475280336,0.22644749018621385,0.6198274250609827,0.16071873154978267,0.22590534994060363,0.6133759185096136,6.03,4.29,1.58,6.29,4.27,1.56,2023-12-26
2023-12-26,Championship,Ipswich,Leicester,D,0.21955650767946064,0.2201619676323592,0.5602815246881803,0.31168207467883297,0.27626365710169287,0.41205426821947416,0.3105905222272729,0.26489055437911835,0.42451892339360886,3.13,3.67,2.29,3.12,3.52,2.36,2023-12-26
2023-12-26,Championship,Birmingham,Stoke,A,0.3581923186730043,0.28860111882267214,0.3532065625043237,0.3368889161739371,0.28720028546981663,0.37591079835624647,0.35662628296363147,0.29062380671364596,0.3527499103227225,2.73,3.35,2.76,2.89,3.39,2.59,2023-12-26
2023-12-26,Championship,West Brom,Norwich,H,0.468348437652381,0.25609985448888156,0.2755517078587374,0.5031987696787459,0.26390587648912484,0.23289535383212936,0.5159604447404826,0.25526464108213354,0.2287749141773838,1.88,3.8,4.24,1.93,3.68,4.17,2023-12-26
2023-12-26,Championship,Southampton,Swansea,H,0.5548891097868245,0.22180254317440887,0.2233083470387667,0.6774628003959304,0.19336762566191226,0.1291695739421574,0.6548854784444872,0.20066884225628176,0.14444567929923116,1.48,4.83,6.71,1.43,5.01,7.5,2023-12-26
2023-12-26,Championship,Rotherham,Middlesbrough,H,0.23571003504858173,0.24048896491848434,0.523801000032934,0.17489165642654345,0.24388158119781805,0.5812267623756384,0.16665284397761698,0.22714743605380114,0.6061997199685818,5.82,4.27,1.6,5.55,3.98,1.67,2023-12-26
2023-12-26,Championship,Watford,Bristol City,A,0.5203379865046807,0.2559418257271138,0.22372018776820551,0.49265302713987463,0.275717745302714,0.23162922755741122,0.4935816746432142,0.27545492890853596,0.23096339644824987,1.97,3.53,4.21,1.97,3.52,4.19,2023-12-26
2023-12-26,Championship,Huddersfield,Blackburn,H,0.3592027925838502,0.26885685393780817,0.3719403534783414,0.30493987116553223,0.26079308016569647,0.4342670486687713,0.2975725793371898,0.2581067200086501,0.4443207006541602,3.27,3.77,2.19,3.19,3.73,2.24,2023-12-26
2023-12-26,Championship,Coventry,Sheffield Weds,H,0.6014221125696576,0.24518037726751907,0.15339751016282324,0.5420242662277823,0.26508837064145635,0.1928873631307615,0.5516637478108581,0.2521891418563923,0.19614711033274956,1.76,3.85,4.95,1.79,3.66,5.03,2023-12-26
2023-12-26,Championship,Cardiff,Plymouth,D,0.41066569690321497,0.24406984918397787,0.3452644539128071,0.5001655826522368,0.2608390404154137,0.23899537693234957,0.4817079837100609,0.25742066854347173,0.2608713477464673,2.02,3.78,3.73,1.94,3.72,4.06,2023-12-26
2023-12-26,Championship,Millwall,QPR,H,0.500255743585078,0.2746101724221267,0.2251340839927952,0.43599110952149817,0.3019441534884909,0.262064736990011,0.4416608574416173,0.29714186127570585,0.2611972812826769,2.2,3.27,3.72,2.23,3.22,3.71,2023-12-26
2023-12-26,Championship,Hull,Sunderland,A,0.35562076259957587,0.26652828486220836,0.3778509525382157,0.3497722200140643,0.27624056012474396,0.37398721986119177,0.38483408348609516,0.280585081043176,0.3345808354707287,2.53,3.47,2.91,2.78,3.52,2.6,2023-12-26
2023-12-29,Championship,Millwall,Norwich,H,0.388766652074599,0.26939660423189693,0.34183674369350425,0.4157303370786517,0.29213483146067415,0.29213483146067415,0.3789270178830353,0.2898340583212502,0.3312389237957145,2.57,3.36,2.94,2.34,3.33,3.33,2023-12-26
2023-12-29,Championship,West Brom,Leeds,H,0.29956912195170293,0.28159067052666165,0.4188402075216353,0.2856365594661317,0.289026904385611,0.42533653614825734,0.28968545888227554,0.287121870750574,0.42319267036715036,3.36,3.39,2.3,3.41,3.37,2.29,2023-12-26
2023-12-29,Championship,Watford,Stoke,D,0.5039346155126153,0.27034462431327205,0.22572076017411277,0.46253345227475473,0.27207850133809103,0.26538804638715435,0.44451037931446225,0.27893344719159663,0.276556173493941,2.19,3.49,3.52,2.1,3.57,3.66,2023-12-26
2023-12-29,Championship,Rotherham,Sunderland,D,0.24012937661886197,0.2529799525298467,0.5068906708512914,0.13684359576017477,0.21543005097499798,0.6477263532648272,0.14871044326638846,0.22478685058553627,0.6265027061480754,6.53,4.32,1.55,7.1,4.51,1.5,2023-12-26
2023-12-29,Championship,Ipswich,QPR,D,0.6654864878172163,0.184807772063782,0.14970574011900176,0.5983829901281994,0.23759324608031446,0.16402376379148612,0.6581912741982087,0.20629875758451316,0.13550996821727826,1.47,4.69,7.14,1.62,4.08,5.91,2023-12-26
2023-12-29,Championship,Preston,Sheffield Weds,A,0.500094253591647,0.2697983230570985,0.2301074233512544,0.4304577142815342,0.310809723410948,0.2587325623075179,0.40736741105864205,0.3120538821891521,0.2805787067522059,2.39,3.12,3.47,2.26,3.13,3.76,2023-12-26
2023-12-29,Championship,Huddersfield,Middlesbrough,A,0.29566805986371764,0.25628684071373253,0.44804509942254983,0.2149464423143149,0.24228377038920282,0.5427697872964823,0.21118591933352795,0.24728147187267685,0.5415326087937951,4.59,3.92,1.79,4.52,4.01,1.79,2023-12-26
2023-12-29,Championship,Coventry,Swansea,D,0.4695714340600106,0.259329319943225,0.27109924599676444,0.5578526175391798,0.23907969323107708,0.20306768922974328,0.5392156862745099,0.2450980392156863,0.2156862745098039,1.8,3.96,4.5,1.74,4.06,4.78,2023-12-26
2023-12-29,Championship,Cardiff,Leicester,A,0.13953297035415824,0.22646956902796714,0.6339974606178747,0.15590007389302563,0.2342266810663332,0.6098732450406411,0.16100433018980953,0.23697947866568544,0.6020161911445051,6.02,4.09,1.61,6.22,4.14,1.59,2023-12-26
2023-12-29,Championship,Birmingham,Bristol City,D,0.3681696805598119,0.2757984568183785,0.35603186262180964,0.3299925690223501,0.28216755901911095,0.387839871958539,0.3427467563671312,0.28713887554060546,0.37011436809226333,2.84,3.39,2.63,2.95,3.45,2.51,2023-12-26
2023-12-29,Championship,Southampton,Plymouth,H,0.5861389456753536,0.19872836896168455,0.21513268536296193,0.742229729301964,0.15588023394063866,0.10189003675739738,0.7274016750801523,0.16177997121347867,0.11081835370636912,1.33,5.98,8.73,1.3,6.19,9.47,2023-12-26
2023-12-29,Championship,Hull,Blackburn,H,0.4219362858654093,0.2608141523111407,0.31724956182345015,0.5281522699829455,0.2324880805666555,0.239359649450399,0.5195244885838513,0.24409818935974925,0.23637732205639952,1.87,3.98,4.11,1.84,4.18,4.06,2023-12-26
2024-01-01,Championship,Sheffield Weds,Hull,H,0.2862367031027476,0.28325541802452747,0.43050787887272474,0.3366827613206316,0.28618034712253687,0.3771368915568315,0.301557812666555,0.30249432761272443,0.3959478597207206,3.23,3.22,2.46,2.89,3.4,2.58,2023-12-26
2024-01-01,Championship,Swansea,West Brom,H,0.36311359497849877,0.2687969791644113,0.36808942585709015,0.3097953015524111,0.2947749232953245,0.3954297751522645,0.29051304056368527,0.27885922231757754,0.4306277371187371,3.35,3.49,2.26,3.14,3.3,2.46,2023-12-26
2024-01-01,Championship,Stoke,Ipswich,D,0.31308743692378743,0.24589783700893494,0.44101472606727754,0.30291448404530535,0.2885327874734214,0.4085527284812732,0.32649867434457924,0.2795879452720822,0.3939133803833385,2.98,3.48,2.47,3.21,3.37,2.38,2023-12-26
2024-01-01,Championship,QPR,Cardiff,A,0.3513451952609746,0.2868390540915557,0.36181575064746974,0.3890121472022485,0.327451302358795,0.2835365504389566,0.4126184478829315,0.304306105313662,0.2830754468034065,2.36,3.2,3.44,2.5,2.97,3.43,2023-12-26
2024-01-01,Championship,Plymouth,Watford,D,0.37380686328474166,0.2399843757726877,0.3862087609425707,0.361505873869543,0.25863053210347625,0.3798635940269807,0.3198276530465315,0.2592736174030548,0.4208987295504137,3.04,3.75,2.31,2.69,3.76,2.56,2023-12-26
2024-01-01,Championship,Norwich,Southampton,D,0.36992435646116884,0.24153368409516085,0.3885419594436704,0.26287478832553035,0.25799382408606436,0.47913138758840523,0.2895154185022027,0.2622026431718062,0.4482819383259912,3.36,3.71,2.17,3.7,3.77,2.03,2023-12-26
2024-01-01,Championship,Middlesbrough,Coventry,A,0.4434642144933698,0.26112433429445336,0.2954114512121768,0.46246495029314294,0.263191435126179,0.274343614580678,0.4767427428807833,0.25459560091015654,0.26866165620906024,2.04,3.82,3.62,2.1,3.69,3.54,2023-12-26
2024-01-01,Championship,Leeds,Birmingham,H,0.7058900532956548,0.18605219916459115,0.1080577475397537,0.7571835071002939,0.15385968864277974,0.0889568042569263,0.7716843466199474,0.14885886315971206,0.07945679022034054,1.25,6.48,12.14,1.27,6.25,10.81,2023-12-26
2024-01-01,Championship,Bristol City,Millwall,A,0.3855983726478757,0.2903286950074439,0.3240729323446803,0.4231974921630094,0.2994936098384374,0.2773088979985531,0.4521950435077814,0.29195776082334235,0.2558471956688763,2.15,3.33,3.8,2.3,3.25,3.51,2023-12-26
2024-01-01,Championship,Blackburn,Rotherham,D,0.5725785870363989,0.23284630654900582,0.19457510641459524,0.6465711814710907,0.19997046849621367,0.1534583500326956,0.6391239476808137,0.20030276298450245,0.1605732893346838,1.52,4.85,6.05,1.5,4.85,6.32,2023-12-26
2024-01-01,Championship,Sunderland,Preston,H,0.5599575369019902,0.23668093576622207,0.20336152733178758,0.5770618103544731,0.24794471646944116,0.17499347317608574,0.6066016793745778,0.23163787279220152,0.16176044783322074,1.6,4.19,6.0,1.68,3.91,5.54,2023-12-26
2024-01-01,Championship,Leicester,Huddersfield,H,0.7861145207399034,0.1488938311790503,0.0649916480810463,0.7696039435595629,0.1541674566425406,0.07622859979789648,0.8038395145681855,0.13286603546581577,0.06329444996599885,1.2,7.26,15.24,1.25,6.24,12.62,2023-12-26
2024-01-12,Championship,Hull,Norwich,A,0.3827056437408932,0.25453040296212853,0.362763953296978,0.4156618435155413,0.26647909967845657,0.3178590568060022,0.42684808528545376,0.2718473839248141,0.3013045307897321,2.28,3.58,3.23,2.34,3.65,3.06,2023-12-26
2024-01-13,Championship,Rotherham,Stoke,A,0.3044961131662215,0.2881220766794927,0.4073818101542859,0.24223343296342414,0.27208853394491056,0.4856780330916654,0.2387459646553733,0.2654907311878058,0.49576330415682107,4.07,3.66,1.96,4.01,3.57,2.0,2023-12-26
2024-01-13,Championship,Ipswich,Sunderland,H,0.5025356144669259,0.22174878290953798,0.27571560262353617,0.46524051032764163,0.280216906796764,0.2545425828755945,0.4521801543154494,0.27776780907949034,0.2700520366050601,2.15,3.5,3.6,2.09,3.47,3.82,2023-12-26
2024-01-13,Championship,West Brom,Blackburn,H,0.5047771962952625,0.25667431221054166,0.2385484914941958,0.5281612403100775,0.2504682170542636,0.22137054263565895,0.5548774665127221,0.24155113591971736,0.20357139756756054,1.75,4.02,4.77,1.84,3.88,4.39,2023-12-26
2024-01-13,Championship,Southampton,Sheffield Weds,H,0.6898920960149175,0.19251157317346648,0.11759633081161594,0.715882288907435,0.17732864037156645,0.1067890707209986,0.6836699012896986,0.19691911964125194,0.11941097906904942,1.42,4.93,8.13,1.35,5.45,9.05,2023-12-26
2024-01-13,Championship,Preston,Bristol City,H,0.3845054560490772,0.2741592632554465,0.34133528069547625,0.36463367766429483,0.31405545785924743,0.3213108644764578,0.3646872808020369,0.30523982437035685,0.3300728948276062,2.67,3.19,2.95,2.67,3.1,3.03,2023-12-26
2024-01-13,Championship,Millwall,Middlesbrough,A,0.36151927301771236,0.2716254306679005,0.3668552963143871,0.3058855352433334,0.2819466672677682,0.4121677974888984,0.34155808150817846,0.2897144441364014,0.36872747435541997,2.85,3.36,2.64,3.18,3.45,2.36,2023-12-26
2024-01-13,Championship,Huddersfield,Plymouth,D,0.36238609150398093,0.24209230371173082,0.3955216047842883,0.443646023865517,0.2654603257555962,0.29089365037888687,0.3789027410801201,0.2617688291870722,0.35932842973280765,2.57,3.72,2.71,2.19,3.66,3.34,2023-12-26
2024-01-13,Championship,Cardiff,Leeds,A,0.21866520565241485,0.25995530974155817,0.521379484606027,0.17648176779688007,0.23165864507943681,0.5918595871236831,0.18539162934561973,0.23636305055256626,0.578245320101814,5.24,4.11,1.68,5.5,4.19,1.64,2023-12-26
2024-01-13,Championship,Birmingham,Swansea,D,0.33935408915834975,0.25879610010488874,0.4018498107367614,0.4253789723833563,0.2720999571949402,0.3025210704217037,0.4174913317162458,0.26871679638089857,0.31379187190285573,2.33,3.62,3.1,2.29,3.58,3.22,2023-12-26
2024-01-13,Championship,Coventry,Leicester,H,0.18677688067853082,0.2569903984686847,0.5562327208527844,0.2979162323197963,0.2691121767087663,0.43297159097143734,0.2630068297743581,0.2622979164865566,0.4746952537390854,3.7,3.71,2.05,3.27,3.62,2.25,2023-12-26
2024-01-14,Championship,QPR,Watford,A,0.26763186878493783,0.2715740175311784,0.4607941136838838,0.34853420195439744,0.30293159609120524,0.34853420195439744,0.31102952937323386,0.29322964666813917,0.3957408239586268,3.13,3.32,2.46,2.79,3.21,2.79,2023-12-26
2024-01-19,Championship,Sunderland,Hull,A,0.5050462544547358,0.25067975352828237,0.24427399201698188,0.5313471786929428,0.25999073182034366,0.20866208948671364,0.5215246002169913,0.26146516345110615,0.21701023633190245,1.86,3.71,4.47,1.83,3.74,4.66,2023-12-26
2024-01-20,Championship,Stoke,Birmingham,A,0.47056884782752995,0.2763859392734824,0.2530452128989877,0.45624658580910515,0.26845448281032985,0.2752989313805649,0.49888949212773315,0.2694832436701051,0.23162726420216176,1.95,3.61,4.2,2.13,3.62,3.53,2023-12-26
2024-01-20,Championship,Sheffield Weds,Coventry,A,0.23335299912475718,0.28317501106141746,0.48347198981382544,0.2663952178809668,0.25929134540414106,0.47431343671489223,0.30529355433870314,0.2712775594263128,0.4234288862349839,3.19,3.59,2.3,3.65,3.75,2.05,2023-12-26
2024-01-20,Championship,QPR,Millwall,H,0.32334443845728045,0.2937785125463212,0.3828770489963985,0.36905609009064755,0.30832534108838905,0.32261856882096346,0.37319449109842123,0.3053409472623447,0.32146456163923415,2.61,3.19,3.03,2.64,3.16,3.02,2023-12-26
2024-01-20,Championship,Plymouth,Cardiff,H,0.47964259127603703,0.2368314117624414,0.2835259969615215,0.40527288499981146,0.27790140685701353,0.3168257081431751,0.4266392823035313,0.26650344209645244,0.3068572756000162,2.28,3.65,3.17,2.4,3.5,3.07,2023-12-26
2024-01-20,Championship,Middlesbrough,Rotherham,D,0.6540678072923909,0.19978935940401688,0.14614283330359223,0.7436688505740583,0.17419270373806775,0.0821384456878739,0.738683246140699,0.16976755306040628,0.0915492007988946,1.31,5.7,10.57,1.3,5.55,11.77,2023-12-26
2024-01-20,Championship,Bristol City,Watford,D,0.327110033538546,0.276492444807868,0.3963975216535863,0.43632692328796185,0.28958602349171275,0.27408705322032534,0.3973065765310196,0.2897027120538685,0.3129907114151119,2.45,3.36,3.11,2.23,3.36,3.55,2023-12-26
2024-01-20,Championship,Blackburn,Huddersfield,D,0.4978740837604721,0.25409765451849897,0.2480282617210289,0.5214130217790157,0.2493131672259561,0.22927381099502817,0.5479853545116834,0.23599369281890012,0.21602095266941637,1.77,4.11,4.49,1.86,3.89,4.23,2023-12-26
2024-01-20,Championship,Swansea,Southampton,A,0.3392758170191774,0.24398799753222494,0.4167361854485977,0.1848893040539327,0.21960833626315535,0.5955023596829121,0.19397002439874525,0.228738236319275,0.5772917392819799,5.0,4.24,1.68,5.25,4.42,1.63,2023-12-26
2024-01-20,Championship,Norwich,West Brom,H,0.39289408286685723,0.2641518826440799,0.34295403448906303,0.353884793000081,0.2896378514137568,0.35647735558616217,0.3358559300074688,0.2806865121099883,0.383457557882543,2.9,3.47,2.54,2.75,3.36,2.73,2023-12-26
2024-01-21,Championship,Leeds,Preston,H,0.692526745098286,0.19165425222733318,0.11581900267438067,0.7454261693741313,0.17030826365314072,0.0842655669727279,0.7396217124913561,0.1705817681978304,0.08979651931081341,1.31,5.68,10.79,1.3,5.69,11.5,2023-12-26
2024-01-22,Championship,Leicester,Ipswich,D,0.6936054979340436,0.17596233353387508,0.1304321685320813,0.5340510272487085,0.25781773729248003,0.20813123545881146,0.5036937008499484,0.2592739693383112,0.23703232981174038,1.92,3.73,4.08,1.82,3.77,4.67,2023-12-26
2024-01-24,Championship,Leeds,Norwich,H,0.611046531784042,0.21408235455431526,0.17487111366164262,0.7007786429365963,0.17908787541713012,0.12013348164627362,0.6555963373174668,0.19761355992461319,0.14679010275791993,1.48,4.91,6.61,1.38,5.4,8.05,2023-12-26
2024-01-27,Championship,Millwall,Preston,D,0.47227152307143017,0.27834565993255317,0.2493828169960165,0.43606457309163843,0.3087060311093186,0.25522939579904297,0.42890676783693615,0.31006954235345385,0.26102368980961,2.27,3.14,3.73,2.23,3.15,3.81,2024-01-27
2024-01-27,Championship,Sunderland,Stoke,H,0.4877609687231418,0.27453140541283827,0.23770762586401992,0.47394885132206327,0.27368877329865626,0.2523623753792804,0.4768798661737676,0.27174159971913014,0.25137853410710226,2.04,3.58,3.87,2.05,3.55,3.85,2024-01-27
2024-01-28,Championship,QPR,Huddersfield,D,0.3923314455950541,0.2838632703737803,0.32380528403116554,0.4980818100648555,0.28316604362287695,0.21875214631226758,0.4592064450027369,0.2968041656725007,0.24398938932476247,2.12,3.28,3.99,1.95,3.43,4.44,2024-01-27
2024-01-30,Championship,Coventry,Bristol City,D,0.5159357322609344,0.26142107772231765,0.22264319001674826,0.5430552553640171,0.2655925975687406,0.19135214706724224,0.5512187286672289,0.26149459904429184,0.18728667228847928,1.76,3.71,5.18,1.79,3.66,5.08,2024-01-27
2024-01-30,Championship,Leicester,Swansea,H,0.7414634892801041,0.16167336496788556,0.09686314575201027,0.7130903489241923,0.17632779537034576,0.110581855705462,0.7225762259821794,0.17137206067541955,0.10605171334240092,1.34,5.65,9.13,1.36,5.5,8.77,2024-01-27
2024-01-31,Championship,Sheffield Weds,Watford,D,0.23823303734654805,0.2647420028665078,0.497024959786944,0.38308484352409294,0.28368381998577147,0.33323133649013564,0.3463573416315425,0.2958249635211655,0.35781769484729203,2.81,3.29,2.72,2.54,3.43,2.92,2024-01-27
2024-02-02,Championship,Bristol City,Leeds,A,0.2138607545216728,0.2588186405358765,0.5273206049424507,0.20887150817474961,0.2603894136762965,0.5307390781489539,0.18996764396450763,0.25213887289834647,0.5578934831371459,5.11,3.85,1.74,4.65,3.73,1.83,2024-01-27
2024-02-03,Championship,West Brom,Birmingham,H,0.5842476684425614,0.2423459432697825,0.17340638828765606,0.5842294854773102,0.23313003507027277,0.18264047945241713,0.5555666900491032,0.24802084377192107,0.19641246617897587,1.75,3.92,4.95,1.66,4.16,5.31,2024-01-27
2024-02-03,Championship,Watford,Cardiff,A,0.5219174188078407,0.25309834725746067,0.22498423393469846,0.5086899970629908,0.266922498458877,0.22438750447813216,0.5246872207327972,0.26521075364909147,0.21010202561811142,1.85,3.66,4.62,1.91,3.64,4.33,2024-01-27
2024-02-03,Championship,Swansea,Plymouth,A,0.44070666121611185,0.21776734665993236,0.34152599212395585,0.48797751780574866,0.2502771289776907,0.2617453532165606,0.4808992608814673,0.24468929646865592,0.2744114426498768,2.02,3.97,3.54,1.99,3.88,3.71,2024-01-27
2024-02-03,Championship,Stoke,Leicester,A,0.16667059699870748,0.24621520957295662,0.5871141934283358,0.2413676825415533,0.25463658655561777,0.503995730902829,0.22574776103016142,0.2495412268456797,0.5247110121241589,4.3,3.89,1.85,4.03,3.82,1.93,2024-01-27
2024-02-03,Championship,Rotherham,Southampton,A,0.1601923301176976,0.2114614555050606,0.6283462143772419,0.09921024346932102,0.16723522906054802,0.7335545274701311,0.11194471865745312,0.17077986179664364,0.7172754195459033,8.65,5.67,1.35,9.76,5.79,1.32,2024-01-27
2024-02-03,Championship,Norwich,Coventry,H,0.4053882666988651,0.26586551005823356,0.3287462232429014,0.39103031034990315,0.26971342736045956,0.33925626228963723,0.3923124407172646,0.26510486457188454,0.3425826947108508,2.48,3.67,2.84,2.49,3.61,2.87,2024-01-27
2024-02-03,Championship,Hull,Millwall,H,0.3978647888095156,0.28679345114180177,0.3153417600486827,0.5029138652921546,0.2718834061663469,0.2252027285414985,0.47226299609494005,0.27955798044700475,0.24817902345805523,2.06,3.48,3.92,1.93,3.57,4.31,2024-01-27
2024-02-03,Championship,Huddersfield,Sheffield Weds,H,0.49572870608367886,0.27211266938440204,0.232158624531919,0.37877952588948727,0.3051609346507782,0.31605953945973453,0.38627577319587625,0.297680412371134,0.3160438144329897,2.52,3.27,3.08,2.57,3.19,3.08,2024-01-27
2024-02-03,Championship,Blackburn,QPR,A,0.500044966024332,0.2523380793258883,0.24761695464977995,0.5085662055303827,0.25099779135995626,0.2404360031096611,0.4857982370225269,0.2611818478615736,0.25301991511589944,2.0,3.72,3.84,1.91,3.87,4.04,2024-01-27
2024-02-03,Championship,Preston,Ipswich,H,0.260929118403158,0.24003205937333336,0.49903882222350854,0.25095116812879287,0.2798792566738987,0.4691695751973085,0.25118733509234825,0.27229551451187334,0.47651715039577835,3.87,3.57,2.04,3.87,3.47,2.07,2024-01-27
2024-02-04,Championship,Middlesbrough,Sunderland,D,0.4363396606106599,0.2535189444245851,0.3101413949647549,0.4479644856984311,0.2893103970135701,0.26272511728799874,0.4581464819660209,0.27130462060557664,0.2705488974284024,2.12,3.58,3.59,2.17,3.36,3.7,2024-01-27
2024-02-09,Championship,Sheffield Weds,Birmingham,H,0.3582091739278879,0.2854917628291308,0.35629906324298133,0.395655546935609,0.28626842513576417,0.3180760279286268,0.4209748892171344,0.28434268833087145,0.2946824224519941,2.31,3.42,3.3,2.46,3.4,3.06,2024-01-27
2024-02-10,Championship,Southampton,Huddersfield,H,0.6949466925593075,0.18387029950527697,0.1211830079354158,0.771055553399547,0.1557058871970006,0.0732385594034524,0.7466817077208874,0.1699975866965243,0.08332070558258829,1.3,5.71,11.65,1.25,6.19,13.16,2024-01-27
2024-02-10,Championship,Watford,Leicester,A,0.21317759681611634,0.2454833453223257,0.5413390578615581,0.2627380427034183,0.2511965782952578,0.48606537900132385,0.21280039192014627,0.23270258684792974,0.5544970212319239,4.56,4.17,1.75,3.7,3.87,2.0,2024-01-27
2024-02-10,Championship,Sunderland,Plymouth,H,0.5031992442160546,0.22319503521344064,0.27360572057050486,0.6294423367710039,0.20846047282308516,0.16209719040591072,0.6207180049328582,0.2137571937517128,0.16552480131542888,1.56,4.53,5.85,1.54,4.65,5.98,2024-01-27
2024-02-10,Championship,QPR,Norwich,D,0.2936771880245352,0.2644029562518895,0.44191985572357506,0.3699787364122598,0.2861894343424245,0.34383182924531563,0.3450068336430228,0.2836499331992199,0.37134323315775736,2.82,3.43,2.62,2.63,3.4,2.83,2024-01-27
2024-02-10,Championship,Middlesbrough,Bristol City,A,0.52459793625548,0.24152358964394785,0.23387847410057208,0.5449018545137497,0.2579588566581049,0.19713928882814521,0.5524607631389489,0.2518992080633549,0.19564002879769615,1.76,3.86,4.97,1.78,3.76,4.92,2024-01-27
2024-02-10,Championship,Leeds,Rotherham,H,0.7468710990382968,0.16960489196547207,0.08352400899623108,0.839907192575406,0.10672853828306263,0.05336426914153131,0.8341238951840179,0.10810991267189504,0.0577661921440872,1.16,8.95,16.75,1.15,9.05,18.1,2024-01-27
2024-02-10,Championship,Hull,Swansea,A,0.4199865409059337,0.25291947142966026,0.3270939876644059,0.5606124023723901,0.2418602134923279,0.197527384135282,0.5642710611149936,0.2384634459748867,0.1972654929101197,1.72,4.07,4.92,1.73,4.01,4.91,2024-01-27
2024-02-10,Championship,Cardiff,Preston,A,0.4443726163051161,0.2732604968347899,0.2823668868600939,0.3834572604928409,0.3121735389909666,0.3043692005161925,0.41575330159015367,0.3030725002245979,0.2811741981852484,2.34,3.21,3.46,2.54,3.12,3.2,2024-01-27
2024-02-10,Championship,Blackburn,Stoke,H,0.4132663090353708,0.2736919507986375,0.31304174016599173,0.4268631813125695,0.25611790878754165,0.3170189098998888,0.3958361497904556,0.2660538055968636,0.33811004461268085,2.46,3.66,2.88,2.28,3.8,3.07,2024-01-27
2024-02-10,Championship,Ipswich,West Brom,D,0.47180866384881875,0.2547154592238814,0.2734758769272997,0.4952435667904764,0.2644897522913716,0.2402666809181519,0.4607725498108092,0.2785759541836124,0.2606514960055784,2.11,3.49,3.73,1.96,3.67,4.04,2024-01-27
2024-02-11,Championship,Coventry,Millwall,H,0.4805974481018565,0.28068829183466704,0.23871426006347662,0.5425224411955485,0.24773346166837548,0.209744097136076,0.5367920584847728,0.25909163356198367,0.20411630795324345,1.81,3.75,4.76,1.79,3.92,4.63,2024-01-27
2024-02-13,Championship,West Brom,Cardiff,H,0.5301292877214245,0.2647149110025449,0.2051558012760307,0.5553553131048347,0.2692165645245044,0.1754281223706608,0.5849623453740763,0.2568882257462875,0.15814942887963626,1.66,3.78,6.14,1.75,3.61,5.54,2024-01-27
2024-02-13,Championship,Swansea,Leeds,A,0.23204569583504087,0.24220365382024825,0.5257506503447107,0.17314575876134186,0.21976192458170316,0.607092316656955,0.16997985241226848,0.21958935684933328,0.6104307907383981,5.71,4.42,1.59,5.61,4.42,1.6,2024-01-27
2024-02-13,Championship,Rotherham,Hull,A,0.3189993948878759,0.27512467813280217,0.40587592697932195,0.18926492272083745,0.27326452325424283,0.5374705540249196,0.19769056891527548,0.2718937516453789,0.5304156794393456,4.91,3.57,1.83,5.14,3.56,1.81,2024-01-27
2024-02-13,Championship,Bristol City,Southampton,H,0.23811090934980406,0.24350168521709342,0.5183874054331027,0.2177416371774164,0.2515874875158749,0.5306708753067088,0.21055619827899352,0.256111892893446,0.5333319088275605,4.61,3.79,1.82,4.46,3.86,1.83,2024-01-27
2024-02-13,Championship,Leicester,Sheffield Weds,H,0.8195579318621287,0.1292873962347452,0.05115467190312624,0.7633744898830714,0.1553880221732908,0.08123748794363768,0.7561854768909332,0.16051698348596924,0.08329753962309765,1.28,6.03,11.62,1.26,6.19,11.84,2024-01-27
2024-02-13,Championship,Birmingham,Blackburn,H,0.3741398384707102,0.2593524860294421,0.3665076754998477,0.40410257942584804,0.26464326533051463,0.3312541552436374,0.42134055368293094,0.2595457810686855,0.3191136652483838,2.31,3.75,3.05,2.41,3.68,2.94,2024-01-27
2024-02-13,Championship,Norwich,Watford,H,0.42979435357118845,0.25504220733965915,0.3151634390891523,0.46284729091885474,0.2641248127526073,0.27302789632853797,0.448183697098893,0.27473407421033835,0.2770822286907686,2.17,3.54,3.51,2.1,3.68,3.56,2024-01-27
2024-02-14,Championship,Huddersfield,Sunderland,H,0.3035537248809409,0.2740248552106665,0.4224214199083923,0.2789549879111236,0.29591273793611594,0.4251322741527605,0.25596249716745983,0.28523680036256516,0.4588007024699751,3.8,3.41,2.12,3.49,3.29,2.29,2024-01-27
2024-02-14,Championship,Plymouth,Coventry,D,0.3946590426917833,0.2377249707284962,0.3676159865797204,0.2894939196309059,0.2559735710420642,0.4545325093270299,0.28112380611105753,0.24439406259906005,0.47448213128988254,3.46,3.98,2.05,3.36,3.8,2.14,2024-01-27
2024-02-14,Championship,Preston,Middlesbrough,H,0.31491163857134474,0.2543618909092592,0.43072647051939605,0.29504409445320656,0.2797831930159717,0.4251727125308217,0.2891992248176694,0.2808408657188929,0.4299599094634377,3.36,3.46,2.26,3.3,3.48,2.29,2024-01-27
2024-02-14,Championship,Stoke,QPR,H,0.48199441285073347,0.28244066068642537,0.23556492646284127,0.4210806167941428,0.3049204466440345,0.27399893656182256,0.4568619732096309,0.28705486812286546,0.25608315866750364,2.13,3.39,3.8,2.31,3.19,3.55,2024-01-27
2024-02-14,Championship,Millwall,Ipswich,A,0.31320581588282154,0.2647957037225178,0.42199848039466054,0.24051889422227052,0.2760500945051059,0.4834310112726234,0.26471817178610846,0.2791711754181086,0.45611065279578306,3.67,3.48,2.13,4.04,3.52,2.01,2024-01-27
2024-02-16,Championship,West Brom,Southampton,A,0.3305796531607509,0.2684596357889774,0.40096071105027165,0.3116254275687442,0.26564790546843764,0.42272666696281824,0.31612223393045313,0.2781875658587987,0.4056902002107482,3.08,3.5,2.4,3.12,3.66,2.3,2024-01-27
2024-02-17,Championship,Preston,Blackburn,D,0.3986473322975321,0.25987063242915365,0.3414820352733141,0.35929387331256485,0.2814122533748702,0.35929387331256485,0.39876000211965446,0.27799268719198766,0.32324731068835777,2.44,3.5,3.01,2.71,3.46,2.71,2024-01-27
2024-02-17,Championship,Swansea,Ipswich,A,0.3220667993405561,0.23368200192821528,0.44425119873122887,0.23755908284683208,0.2510637335513031,0.5113771836018648,0.24011089977110803,0.24807376124310906,0.5118153389857829,4.05,3.92,1.9,4.09,3.87,1.9,2024-01-27
2024-02-17,Championship,Stoke,Coventry,A,0.3310509332992437,0.295689571583186,0.3732594951175707,0.3379688302791573,0.2773077581777701,0.38472341154307244,0.33539159665145174,0.27710416817356415,0.3875042351749841,2.9,3.51,2.51,2.88,3.51,2.53,2024-01-27
2024-02-17,Championship,Rotherham,Watford,A,0.2547582738327375,0.26172362320536086,0.4835181029619017,0.23081866602961615,0.28330804197804194,0.48587329199234197,0.21327919751612134,0.26940530212562697,0.5173155003582517,4.56,3.61,1.88,4.21,3.43,2.0,2024-01-27
2024-02-17,Championship,Norwich,Cardiff,H,0.5212307336294115,0.2477870584421405,0.23098220792844798,0.5572405919589685,0.254487829398584,0.1882715786424476,0.5303972882861487,0.2534274249513452,0.21617528676250605,1.83,3.83,4.49,1.74,3.81,5.15,2024-01-27
2024-02-17,Championship,Plymouth,Leeds,A,0.2511734793550396,0.22280924133839033,0.5260172793065697,0.11900493466649417,0.1721773522834384,0.7088177130500675,0.14893827747405122,0.18798035020996753,0.6630813723159813,6.5,5.15,1.46,8.16,5.64,1.37,2024-01-27
2024-02-17,Championship,Leicester,Middlesbrough,A,0.6839224437123161,0.18760014801476746,0.1284774082729165,0.628188935448423,0.2103067305631677,0.16150433398840924,0.6074586772808377,0.21646634379718044,0.17607497892198196,1.6,4.49,5.52,1.54,4.6,5.99,2024-01-27
2024-02-17,Championship,Huddersfield,Hull,A,0.37972861674585223,0.27488654101654525,0.34538484223760246,0.35501033453264946,0.2779223761769884,0.36706728929036214,0.30317239192234946,0.28963791014010176,0.4071896979375489,3.21,3.36,2.39,2.74,3.5,2.65,2024-01-27
2024-02-17,Championship,Bristol City,QPR,A,0.4848514605904145,0.2709355634289062,0.24421297598067931,0.44625657963380716,0.2956958491190576,0.25804757124713523,0.4885373338786204,0.2884834701538441,0.22297919596753546,1.99,3.37,4.36,2.18,3.29,3.77,2024-01-27
2024-02-17,Championship,Birmingham,Sunderland,H,0.2866151541668201,0.26686713688335706,0.4465177089498229,0.3567701805869945,0.2916115547911662,0.35161826462183937,0.3365125344755859,0.28944084066501286,0.3740466248594012,2.89,3.36,2.6,2.73,3.34,2.77,2024-01-27
2024-02-17,Championship,Millwall,Sheffield Weds,A,0.5439858428382627,0.26905799495125343,0.18695616221048403,0.4324993126202914,0.29942260104481716,0.2680780863348914,0.44572811478125585,0.2999034846367709,0.25436840058197324,2.18,3.24,3.82,2.25,3.25,3.63,2024-01-27
2024-02-20,Championship,Cardiff,Blackburn,D,0.41890069396882623,0.26305721941375565,0.3180420866174179,0.3043530679446316,0.28814491639728435,0.40750201565808414,0.3226363008971705,0.2952610996089257,0.3821025994939039,3.02,3.3,2.55,3.2,3.38,2.39,2024-01-27
2024-02-20,Championship,Ipswich,Rotherham,H,0.7008286643937423,0.1792933357471889,0.11987799985906872,0.7711704404813599,0.1539877077638498,0.07484185175479036,0.784283635928812,0.1446280168204556,0.07108834725073242,1.23,6.67,13.57,1.25,6.26,12.88,2024-01-27
2024-02-20,Championship,Plymouth,West Brom,A,0.38122755368945377,0.2443558907928661,0.37441655551768016,0.2874671759369778,0.2768202434948675,0.43571258056815465,0.2607447248075859,0.2716697831095797,0.4675854920828343,3.73,3.58,2.08,3.38,3.51,2.23,2024-01-27
2024-02-20,Championship,Southampton,Hull,A,0.6564127275439138,0.19667615349869877,0.1469111189573874,0.6229302888773569,0.2126414115204982,0.16442829960214497,0.6220796299232426,0.2091474617845385,0.1687729082922189,1.56,4.64,5.75,1.56,4.57,5.91,2024-01-27
2024-02-23,Championship,Coventry,Preston,A,0.5578963077416513,0.24655359657621412,0.19555009568213455,0.5801674730082828,0.23805397541126094,0.1817785515804563,0.5452072859144481,0.2567378224676502,0.19805489161790155,1.78,3.78,4.9,1.67,4.07,5.33,2024-01-27
2024-02-23,Championship,Leeds,Leicester,H,0.34385381532133175,0.28153914457477186,0.3746070401038965,0.46320154005627123,0.2643269657929809,0.2724714941507478,0.4503737780333525,0.27326049453709034,0.2763657274295573,2.16,3.56,3.52,2.1,3.68,3.57,2024-01-27
2024-02-24,Championship,Southampton,Millwall,A,0.6139050402834152,0.22363618015132042,0.16245877956526436,0.6810956997580224,0.1953850290214933,0.12351927122048427,0.7110012125823247,0.18107896050785802,0.10791982690981715,1.36,5.34,8.96,1.42,4.95,7.83,2024-01-27
2024-02-24,Championship,Watford,Huddersfield,A,0.5515127737835002,0.24356587505317046,0.20492135116332932,0.4700243884669958,0.2836590332730849,0.24631657825991926,0.4858925664677157,0.26994031470428653,0.24416711882799783,2.0,3.6,3.98,2.07,3.43,3.95,2024-01-27
2024-02-24,Championship,Sunderland,Swansea,A,0.5055259857425204,0.24251514108803562,0.251958873169444,0.44274776013547745,0.288179015472796,0.26907322439172665,0.5247240755752323,0.2595560266882833,0.2157198977364844,1.85,3.74,4.5,2.2,3.38,3.62,2024-01-27
2024-02-24,Championship,Sheffield Weds,Bristol City,H,0.3009672833888936,0.2877061960371234,0.4113265205739828,0.34998210367419347,0.3050000778101122,0.34501781851569424,0.3698514014097319,0.2992951340638753,0.33085346452639275,2.63,3.25,2.94,2.78,3.19,2.82,2024-01-27
2024-02-24,Championship,QPR,Rotherham,H,0.4527836795333504,0.2782722488001398,0.26894407166651,0.5915679804846758,0.25940414117509847,0.14902787834022557,0.574413619430165,0.2637932110970051,0.1617931694728298,1.69,3.68,6.0,1.64,3.74,6.51,2024-01-27
2024-02-24,Championship,Middlesbrough,Plymouth,A,0.5149392507636381,0.20904105622542563,0.2760196930109363,0.669476628801482,0.19184606951821123,0.13867730168030695,0.6559666453214925,0.19934920638106957,0.14468414829743798,1.48,4.87,6.71,1.45,5.06,7.0,2024-01-27
2024-02-24,Championship,Ipswich,Birmingham,H,0.6655686321868429,0.19062407724050612,0.14380729057265088,0.6474971042168863,0.2019221738722099,0.1505807219109038,0.6173842404549147,0.21256431085838073,0.17005144868670458,1.57,4.56,5.7,1.5,4.81,6.45,2024-01-27
2024-02-24,Championship,Cardiff,Stoke,H,0.3877043414758847,0.29532208122347336,0.316973577300642,0.3418218576260643,0.3102523230045488,0.3479258193693869,0.34058007703722165,0.31522945641632816,0.34419046654645014,2.86,3.09,2.83,2.85,3.14,2.8,2024-01-27
2024-02-24,Championship,Blackburn,Norwich,D,0.36477424078772364,0.24939584739579995,0.3858299118164762,0.3633110149455535,0.27739986326327165,0.3592891217911747,0.3783673638809541,0.2628119257227167,0.3588207103963292,2.57,3.7,2.71,2.68,3.51,2.71,2024-01-27
2024-02-24,Championship,Hull,West Brom,D,0.32357718521787787,0.2832073249923492,0.393215489789773,0.4020722635494155,0.2957492029755579,0.30217853347502655,0.3888679954870252,0.2954923977864933,0.31563960672648145,2.5,3.29,3.08,2.42,3.29,3.22,2024-01-27
2024-03-01,Championship,West Brom,Coventry,H,0.44412672459152824,0.28049285307188293,0.275380422336589,0.4480917625528665,0.2876802144200356,0.26422802302709786,0.45445923686330997,0.2868857719432104,0.2586549911934796,2.14,3.39,3.76,2.17,3.38,3.68,2024-03-01
2024-03-02,Championship,Swansea,Blackburn,H,0.46042758944821255,0.23969345570032374,0.29987895485146343,0.4607023974533041,0.2692748084837872,0.2700227940629088,0.43058600244228984,0.271822448469155,0.297591549088555,2.26,3.58,3.27,2.11,3.61,3.6,2024-03-01
2024-03-02,Championship,Stoke,Middlesbrough,H,0.3313807834862119,0.26651669822042107,0.4021025182933672,0.4037927948928107,0.2718269932099648,0.3243802118972246,0.35806851390015143,0.27986964304839423,0.3620618430514543,2.72,3.48,2.69,2.41,3.58,3.0,2024-03-01
2024-03-02,Championship,Rotherham,Sheffield Weds,A,0.39887207352287746,0.2873368750598607,0.31379105141726205,0.2770528006424413,0.3001405340293114,0.4228066653282474,0.271705444792852,0.29210375145898204,0.43619080374816604,3.58,3.33,2.23,3.51,3.24,2.3,2024-03-01
2024-03-02,Championship,Preston,Hull,D,0.3993951825460033,0.26685724252858595,0.3337475749254108,0.3172310394147037,0.2978285293587585,0.3849404312265377,0.32896610652235825,0.2950726288806607,0.37596126459698087,2.96,3.3,2.59,3.07,3.27,2.53,2024-03-01
2024-03-02,Championship,Plymouth,Ipswich,A,0.322175869039877,0.2050385462753419,0.47278558468478116,0.23417795441129585,0.2417697584196421,0.5240522871690619,0.21536237028072022,0.22961803545296647,0.5550195942663132,4.51,4.23,1.75,4.14,4.01,1.85,2024-03-01
2024-03-02,Championship,Millwall,Watford,H,0.3602659290634539,0.28418592261620507,0.355548148320341,0.3686972066693236,0.3013500388876206,0.3299527544430557,0.4005942825916185,0.2923255575668568,0.3070801598415246,2.43,3.33,3.17,2.64,3.23,2.95,2024-03-01
2024-03-02,Championship,Leicester,QPR,A,0.7723166020162732,0.15093115277445898,0.07675224520926793,0.6325845212329279,0.21897156504216733,0.14844391372490484,0.7178289717230971,0.17683742916536152,0.10533359911154144,1.35,5.48,9.2,1.53,4.42,6.52,2024-03-01
2024-03-02,Championship,Birmingham,Southampton,A,0.20987406746670415,0.21694896336598632,0.5731769691673094,0.21645904245209668,0.2249771066226653,0.558563850925238,0.23203187799286248,0.24244727401249225,0.5255208479946453,4.19,4.01,1.85,4.49,4.32,1.74,2024-03-01
2024-03-02,Championship,Huddersfield,Leeds,D,0.15359771146174747,0.22446693455663128,0.6219353539816214,0.15655152095455552,0.2222600721808942,0.6211884068645503,0.17190796619268175,0.2285364727032122,0.599555561104106,5.65,4.25,1.62,6.19,4.36,1.56,2024-03-01
2024-03-02,Championship,Bristol City,Cardiff,A,0.4468874321959268,0.27423797820828516,0.27887458959578815,0.4836150189256637,0.2954608474287489,0.22092413364558727,0.4908972691807542,0.29453836150845253,0.2145643693107932,1.98,3.3,4.53,2.01,3.29,4.4,2024-03-01
2024-03-02,Championship,Norwich,Sunderland,H,0.44169117302338606,0.24927259655107545,0.30903623042553857,0.5281804088601783,0.2591605206140608,0.21265907052576105,0.49868811561787607,0.26001118327670003,0.24130070110542387,1.95,3.74,4.03,1.84,3.75,4.57,2024-03-01
2024-03-05,Championship,Sheffield Weds,Plymouth,H,0.294516211140715,0.24409986142077086,0.4613839274385142,0.504063394836599,0.2615167612996333,0.23441984386376769,0.49517569028331976,0.26810617484953225,0.236718134867148,1.96,3.62,4.1,1.93,3.72,4.15,2024-03-01
2024-03-05,Championship,Ipswich,Bristol City,H,0.6088352025977676,0.20253671378678123,0.18862808361545103,0.589314875155085,0.24128276526200745,0.16940235958290767,0.58391801543664,0.24982059423320166,0.1662613903301582,1.66,3.88,5.83,1.65,4.03,5.74,2024-03-01
2024-03-05,Championship,Sunderland,Leicester,A,0.22142714474979058,0.23986470322473308,0.5387081520254764,0.2273799228366006,0.256177380082397,0.5164426970810024,0.23740456517045785,0.25687425173205625,0.5057211830974857,4.09,3.78,1.92,4.27,3.79,1.88,2024-03-01
2024-03-05,Championship,Leeds,Stoke,H,0.7053943150806902,0.1955338919969563,0.09907179292235327,0.6931386475504608,0.1866142512635856,0.12024710118595354,0.7281368539691988,0.16960105355149463,0.10226209247930669,1.33,5.71,9.47,1.4,5.2,8.07,2024-03-01
2024-03-05,Championship,Hull,Birmingham,D,0.5039803843599457,0.2553719470991961,0.240647668540858,0.5786207778915046,0.24002047082906858,0.1813587512794268,0.5628177196804648,0.24201161946259986,0.19517066085693538,1.72,4.0,4.96,1.68,4.05,5.36,2024-03-01
2024-03-05,Championship,Coventry,Rotherham,H,0.6185739896550836,0.22361235415870548,0.15781365618621104,0.7249300164516828,0.17502814811626216,0.10004183543205508,0.7467303348560335,0.16565690022403473,0.08761276491993174,1.3,5.86,11.08,1.34,5.55,9.71,2024-03-01
2024-03-05,Championship,Blackburn,Millwall,D,0.41434222879719285,0.27230933043613825,0.3133484407666687,0.4282474858829047,0.30096649936662345,0.27078601475047176,0.4290117887092081,0.29510810920300073,0.27588010208779107,2.27,3.3,3.53,2.27,3.23,3.59,2024-03-01
2024-03-06,Championship,Cardiff,Huddersfield,H,0.4149867088917663,0.27314081749122193,0.3118724736170116,0.35632747391273895,0.3059037747741438,0.3377687513131171,0.39065713333767366,0.2965659335398803,0.31277693312244614,2.49,3.28,3.11,2.73,3.18,2.88,2024-03-01
2024-03-06,Championship,Middlesbrough,Norwich,H,0.42944211594592974,0.23789510547468878,0.33266277857938154,0.3744811683320522,0.2897770945426595,0.33574173712528826,0.41609265399939843,0.2667552905092033,0.31715205549139813,2.34,3.65,3.07,2.6,3.36,2.9,2024-03-01
2024-03-06,Championship,Watford,Swansea,D,0.479152891724694,0.24421676432873568,0.27663034394657027,0.43180337707773725,0.28368477680107157,0.28451184612119124,0.4302584005041961,0.2723764664256256,0.2973651330701783,2.26,3.57,3.27,2.26,3.44,3.43,2024-03-01
2024-03-06,Championship,QPR,West Brom,D,0.25550366934363516,0.28304662793407204,0.46144970272229285,0.3043585323811869,0.3151933021423295,0.3804481654764836,0.3040009206337028,0.3068779009551574,0.38912117841113963,3.2,3.17,2.5,3.2,3.09,2.56,2024-03-01
2024-03-08,Championship,Sheffield Weds,Leeds,A,0.11262580236286861,0.21024015256405856,0.6771340450730728,0.15160463888291317,0.2110574384448399,0.6373379226722469,0.17430460354102947,0.2300655549107901,0.5956298415481804,5.57,4.22,1.63,6.39,4.59,1.52,2024-03-01
2024-03-09,Championship,Watford,Coventry,A,0.3979388879920743,0.2686563760221178,0.3334047359858078,0.33669075665319903,0.2740947286557029,0.38921451469109813,0.32519421604763254,0.27466969095548627,0.4001360929968812,2.99,3.54,2.43,2.89,3.55,2.5,2024-03-01
2024-03-09,Championship,Southampton,Sunderland,H,0.5434238118058097,0.22318080786939803,0.23339538032479243,0.723927804538332,0.17108699437061112,0.10498520109105683,0.6600478014805289,0.20556573478313084,0.13438646373634036,1.47,4.72,7.22,1.34,5.67,9.24,2024-03-01
2024-03-09,Championship,QPR,Middlesbrough,A,0.29869459713990926,0.25818347124774194,0.44312193161234886,0.4174803792043894,0.28864370431638786,0.29387591647922273,0.4051741698920351,0.27704216744754534,0.31778366266041963,2.4,3.51,3.06,2.33,3.37,3.31,2024-03-01
2024-03-09,Championship,Preston,Stoke,A,0.42842417378596614,0.276202600394476,0.2953732258195578,0.36876860119047616,0.31203497023809523,0.3191964285714286,0.3923613234664547,0.2957617271114916,0.3118769494220537,2.48,3.29,3.12,2.64,3.12,3.05,2024-03-01
2024-03-09,Championship,Blackburn,Plymouth,D,0.4128691437173151,0.22731875340366023,0.3598121028790247,0.5254064945847364,0.25714339020681554,0.21745011520844804,0.5373464158941673,0.2539417787907161,0.20871180531511652,1.81,3.83,4.66,1.85,3.78,4.47,2024-03-01
2024-03-09,Championship,Millwall,Birmingham,H,0.47309050861285934,0.27597928900193647,0.25093020238520414,0.43069693443130097,0.2879807904777338,0.28132227509096536,0.43587231491365314,0.29999853773377977,0.264129147352567,2.23,3.24,3.68,2.26,3.38,3.46,2024-03-01
2024-03-09,Championship,Hull,Leicester,D,0.17570402744554822,0.22122811289049502,0.6030678596639568,0.29051554133115587,0.2710938895430007,0.43839056912584334,0.2818778917397354,0.26790047562040964,0.45022163263985504,3.45,3.63,2.16,3.35,3.59,2.22,2024-03-01
2024-03-09,Championship,Cardiff,Ipswich,H,0.2588619039784933,0.22942187532766908,0.5117162206938375,0.18800595671305886,0.2522981491641567,0.5596958941227843,0.20699931880108993,0.25957935967302453,0.5334213215258856,4.69,3.74,1.82,5.18,3.86,1.74,2024-03-01
2024-03-09,Championship,Norwich,Rotherham,H,0.6487245706536031,0.20041942465813403,0.1508560046882631,0.705889059745715,0.18888047106477143,0.10523046918951356,0.7527675677436518,0.16458816311683236,0.08264426913951582,1.29,5.9,11.75,1.37,5.12,9.19,2024-03-01
2024-03-10,Championship,Huddersfield,West Brom,A,0.2849952728434227,0.27748482268097396,0.4375199044756034,0.33444777093065253,0.3050918537329777,0.36046037533636993,0.3230719465185864,0.29557646170849394,0.38135159177291966,3.01,3.29,2.55,2.91,3.19,2.7,2024-03-01
2024-03-10,Championship,Bristol City,Swansea,H,0.4201307620415686,0.25696231940329306,0.3229069185551385,0.41963673238092397,0.289749172358257,0.29061409526081894,0.4120626653470265,0.28686368443037835,0.30107365022259525,2.36,3.39,3.23,2.32,3.36,3.35,2024-03-01
2024-03-12,Championship,Birmingham,Middlesbrough,A,0.29391329426181995,0.2508082580114581,0.4552784477267219,0.32020444978953694,0.27420324714371613,0.4055923030667468,0.3247421125656029,0.2759847982143934,0.3992730892200036,3.0,3.53,2.44,3.04,3.55,2.4,2024-03-01
2024-03-16,Championship,Sunderland,QPR,D,0.5546317217661036,0.24653374926332727,0.19883452897056902,0.32114213246738277,0.2957631189593221,0.3830947485732952,0.383379107688171,0.30148078437397974,0.31514010793784936,2.54,3.23,3.09,3.03,3.29,2.54,2024-03-01
2024-03-16,Championship,Stoke,Norwich,A,0.31976860233461823,0.2636868438793735,0.4165445537860083,0.355381574357583,0.3005387388085733,0.3440796868338436,0.3671296101078327,0.2803727569987771,0.35249763289339014,2.65,3.47,2.76,2.74,3.24,2.83,2024-03-01
2024-03-16,Championship,West Brom,Bristol City,H,0.516834443147107,0.265786479494962,0.21737907735793083,0.5259701833277761,0.2828618718477866,0.19116794482443733,0.5240661529671551,0.2731048966166865,0.2028289504161584,1.85,3.55,4.78,1.85,3.44,5.09,2024-03-01
2024-03-16,Championship,Rotherham,Huddersfield,D,0.3300962461138616,0.2710023429702595,0.39890141091587894,0.19172951774788782,0.28844767210142175,0.5198228101506904,0.22584770774578605,0.27356201219912113,0.5005902800550929,4.3,3.55,1.94,5.07,3.37,1.87,2024-03-01
2024-03-16,Championship,Middlesbrough,Blackburn,D,0.5259444647968813,0.22796517110681763,0.2460903640963012,0.5368317648200253,0.2491449985446784,0.21402323663529638,0.5255288156272954,0.25451002851060117,0.2199611558621033,1.85,3.82,4.42,1.81,3.9,4.54,2024-03-01
2024-03-16,Championship,Ipswich,Sheffield Weds,H,0.7137507563511291,0.16957899888365346,0.11667024476521742,0.612564398015446,0.2271952462123016,0.16024035577225246,0.6250427929817243,0.22068709091609856,0.15427011610217717,1.55,4.39,6.28,1.58,4.26,6.04,2024-03-01
2024-03-16,Championship,Swansea,Cardiff,H,0.4717477734081869,0.25388077294162464,0.27437145365018833,0.4677273549086964,0.28783221840535167,0.2444404266859519,0.4743607834769112,0.28433906611920107,0.24130015040388778,2.05,3.42,4.03,2.08,3.38,3.98,2024-03-01
2024-03-16,Championship,Plymouth,Preston,A,0.49223767037646976,0.2262665325826263,0.28149579704090383,0.41386837495921175,0.2802854988916852,0.305846126149103,0.37456839003729114,0.2872795911790434,0.33815201878366563,2.6,3.39,2.88,2.35,3.47,3.18,2024-03-01
2024-03-16,Championship,Birmingham,Watford,A,0.30586632366944344,0.2652774652566684,0.42885621107388805,0.41461608375130443,0.28741822914913434,0.2979656870995613,0.38636988183566906,0.28469359714207193,0.3289365210222588,2.52,3.42,2.96,2.35,3.39,3.27,2024-03-01
2024-03-17,Championship,Leeds,Millwall,H,0.6805387365805399,0.20968710393050133,0.10977415948895874,0.7502204963024466,0.1712892814566648,0.07849022224088857,0.7166146016509092,0.18712373544075966,0.09626166290833107,1.35,5.17,10.05,1.29,5.65,12.33,2024-03-01
2024-03-29,Championship,Watford,Leeds,D,0.20682390393678257,0.25084539190681227,0.5423307041564053,0.14594567605352507,0.20321549830237667,0.6508388256440983,0.16225050765192411,0.21890941508592937,0.6188400772621465,5.95,4.41,1.56,6.6,4.74,1.48,2024-03-01
2024-03-29,Championship,Blackburn,Ipswich,A,0.28293342953421335,0.2178065394753843,0.4992600309904024,0.26560825947209504,0.25577091652868417,0.4786208239992208,0.25129533678756477,0.25129533678756477,0.49740932642487046,3.84,3.84,1.94,3.64,3.78,2.02,2024-03-01
2024-03-29,Championship,Southampton,Middlesbrough,D,0.5652131605626693,0.20803466288037215,0.2267521765569584,0.6252183838430897,0.19858370798294858,0.17619790817396166,0.6139300223416165,0.20953698588616046,0.17653299177222306,1.57,4.6,5.46,1.55,4.88,5.5,2024-03-01
2024-03-29,Championship,Sheffield Weds,Swansea,D,0.30485321004103727,0.26604306847079967,0.429103721488163,0.3722883135059482,0.2880802425938885,0.33963144390016325,0.3901928315384645,0.27727169690985437,0.33253547155168106,2.48,3.49,2.91,2.6,3.36,2.85,2024-03-01
2024-03-29,Championship,Preston,Rotherham,H,0.5348320090761857,0.24710176496324365,0.21806622596057088,0.6393020262372532,0.23317537671938462,0.12752259704336225,0.6255985443401648,0.2396571538019537,0.13474430185788164,1.54,4.02,7.15,1.51,4.14,7.57,2024-03-01
2024-03-29,Championship,QPR,Birmingham,H,0.4219007483449909,0.2764210858304388,0.30167816582457035,0.47921456169799165,0.2805835984434618,0.24020183985854668,0.45837028207899067,0.27952638589210127,0.26210333202890795,2.11,3.46,3.69,2.02,3.45,4.03,2024-03-01
2024-03-29,Championship,Hull,Stoke,A,0.44949392004742966,0.27623091638855723,0.27427516356401316,0.49274535376589496,0.2596185197261167,0.24763612650798827,0.4907829399360588,0.26130875450649615,0.24790830555744514,1.97,3.7,3.9,1.96,3.72,3.9,2024-03-01
2024-03-29,Championship,Huddersfield,Coventry,A,0.3199926699384845,0.2685295471081049,0.41147778295341064,0.29971464971949247,0.2719321119645957,0.4283532383159118,0.3169681309216193,0.2802182026988228,0.4028136663795578,3.05,3.45,2.4,3.23,3.56,2.26,2024-03-01
2024-03-29,Championship,Cardiff,Sunderland,A,0.3164278766979556,0.2751634889367491,0.4084086343652955,0.36235732917861746,0.3224980229689695,0.31514464785241325,0.3698129737255853,0.3156058603130403,0.31458116596137453,2.62,3.07,3.08,2.67,3.0,3.07,2024-03-01
2024-03-29,Championship,Millwall,West Brom,D,0.3000256895284148,0.300906213490297,0.3990680969812881,0.28541591729227345,0.3291020270819071,0.3854820556258195,0.26816865677839735,0.3216242029800712,0.41020714024153154,3.61,3.01,2.36,3.39,2.94,2.51,2024-03-01
2024-03-29,Championship,Bristol City,Leicester,H,0.1686328159203678,0.2204629866974722,0.6109041973821601,0.1841291652353143,0.24046719340432843,0.5754036413603573,0.18922783603431842,0.2430886558627264,0.5676835081029552,5.1,3.97,1.7,5.25,4.02,1.68,2024-03-01
2024-03-29,Championship,Norwich,Plymouth,H,0.5232688303190252,0.210847077115925,0.26588409256504986,0.6511255966225837,0.19993068112062737,0.14894372225678887,0.6565330080187083,0.19899041686340233,0.14447657511788942,1.47,4.85,6.68,1.48,4.82,6.47,2024-03-01
2024-04-01,Championship,Swansea,QPR,A,0.4988567664183318,0.24952242296894417,0.2516208106127242,0.37402848102497444,0.2953456603215499,0.33062585865347566,0.38130238655801163,0.2926006229176283,0.3260969905243601,2.54,3.31,2.97,2.59,3.28,2.93,2024-04-01
2024-04-01,Championship,Leeds,Hull,H,0.6923797550976546,0.1959262056721421,0.11169403923020307,0.6970229007633588,0.18183206106870228,0.12114503816793892,0.6630116714518768,0.19945371859029484,0.13753460995782849,1.45,4.82,6.99,1.38,5.29,7.94,2024-04-01
2024-04-01,Championship,Ipswich,Southampton,H,0.4878266208204722,0.20042680821075123,0.3117465709687765,0.405072605401428,0.261586396403647,0.33334099819492513,0.3811586356253383,0.2521205558563436,0.36672080851831795,2.54,3.84,2.64,2.37,3.67,2.88,2024-04-01
2024-04-01,Championship,West Brom,Watford,D,0.4986218688432858,0.25989513663015545,0.24148299452655875,0.48775474050478485,0.2971551957536843,0.21509006374153092,0.5056579542252829,0.27282674931364137,0.22151529646107576,1.91,3.54,4.36,1.98,3.25,4.49,2024-04-01
2024-04-01,Championship,Sunderland,Blackburn,A,0.5116492177572902,0.24758178947675122,0.2407689927659585,0.4245921925975925,0.2898413769827877,0.2855664304196197,0.44969143106806725,0.28024248602792595,0.27006608290400685,2.15,3.45,3.58,2.28,3.34,3.39,2024-04-01
2024-04-01,Championship,Stoke,Huddersfield,D,0.4459513811769066,0.2731273273354889,0.28092129148760453,0.47180258844312867,0.2870015745722295,0.2411958369846418,0.4579504486676693,0.28089402520022744,0.26115552613210324,2.11,3.44,3.7,2.05,3.37,4.01,2024-04-01
2024-04-01,Championship,Plymouth,Bristol City,A,0.4319825487549158,0.24941797185038087,0.31859947939470334,0.32349796215654975,0.2895984751042167,0.38690356273923354,0.3653635381441047,0.29251159398244025,0.3421248678734549,2.65,3.31,2.83,2.99,3.34,2.5,2024-04-01
2024-04-01,Championship,Middlesbrough,Sheffield Weds,H,0.6292569864252653,0.21812932438092034,0.15261368919381438,0.5330657127552811,0.26076998380731314,0.20616430343740574,0.5365044247787611,0.24889380530973457,0.21460176991150443,1.8,3.88,4.5,1.81,3.7,4.68,2024-04-01
2024-04-01,Championship,Coventry,Cardiff,A,0.5486461688616945,0.24655765488902395,0.20479617624928179,0.6468970427139991,0.2104192578498283,0.14268369943617268,0.6250057538458706,0.2197508814891874,0.15524336466494204,1.54,4.38,6.2,1.48,4.55,6.71,2024-04-01
2024-04-01,Championship,Birmingham,Preston,H,0.35452258218896304,0.2692007386248959,0.3762766791861412,0.4434812632692491,0.281862727092409,0.2746560096383418,0.40506695841449797,0.2806116030755508,0.3143214385099513,2.39,3.45,3.08,2.18,3.43,3.52,2024-04-01
2024-04-01,Championship,Leicester,Norwich,H,0.6201027385339768,0.20242167927976976,0.1774755821862532,0.5988509770813171,0.21715091736507217,0.18399810555361076,0.5732083121864774,0.22658587399371344,0.20020581381980918,1.68,4.25,4.81,1.61,4.44,5.24,2024-04-01
2024-04-01,Championship,Rotherham,Millwall,H,0.26292232779982516,0.28517104215285477,0.4519066300473201,0.15748551158042365,0.26190525295440015,0.5806092354651763,0.22159092772953767,0.27667210119373703,0.5017369710767252,4.37,3.5,1.93,6.12,3.68,1.66,2024-04-01
2024-04-05,Championship,Rotherham,Plymouth,A,0.27387697498593294,0.2423427598101876,0.48378026520387973,0.25646198637165246,0.2648936133208574,0.47864440030748995,0.23199748608015078,0.2573625445582473,0.5106399693616018,4.16,3.75,1.89,3.77,3.65,2.02,2024-04-01
2024-04-06,Championship,Coventry,Leeds,H,0.24401744105625198,0.2627547522868659,0.4932278066568821,0.26858132285124814,0.255116823816489,0.47630185333226277,0.250319216139568,0.25162296205696155,0.4980578218034703,3.86,3.84,1.94,3.6,3.79,2.03,2024-04-01
2024-04-06,Championship,Stoke,West Brom,D,0.28618982470220095,0.2873780614655564,0.4264321138322426,0.3422150731317867,0.3094149063779413,0.3483700204902721,0.3470513965205968,0.3083673236600207,0.3445812798193826,2.79,3.14,2.81,2.83,3.13,2.78,2024-04-01
2024-04-06,Championship,QPR,Sheffield Weds,A,0.48076239143507005,0.2789447915716228,0.24029281699330732,0.4878493379000859,0.2816156527819737,0.23053500931794033,0.48097521684834665,0.299306559091386,0.21971822406026742,2.01,3.23,4.4,1.98,3.43,4.19,2024-04-01
2024-04-06,Championship,Middlesbrough,Swansea,H,0.5091161994224731,0.232805136387015,0.25807866419051173,0.5457637852263989,0.23165513185868727,0.22258108291491382,0.5277337509492463,0.24449437069294197,0.2277718783578115,1.83,3.95,4.24,1.77,4.17,4.34,2024-04-01
2024-04-06,Championship,Leicester,Birmingham,H,0.7659298116419403,0.15096647487561704,0.08310371348244273,0.7253511741343924,0.16661779993069809,0.10803102593490953,0.7284263959390863,0.16751269035532995,0.10406091370558376,1.32,5.74,9.24,1.33,5.79,8.93,2024-04-01
2024-04-06,Championship,Blackburn,Southampton,D,0.27079201879548925,0.21686513462736642,0.5123428465771445,0.26285304932080766,0.24613211743017102,0.4910148332490214,0.2362505200138879,0.23283484984501238,0.5309146301410996,4.09,4.15,1.82,3.68,3.93,1.97,2024-04-01
2024-04-06,Championship,Cardiff,Hull,A,0.3806711906537782,0.2802584210254677,0.33907038832075415,0.2923456077527446,0.29412278469956976,0.41353160754768575,0.29769436055634674,0.29407497623347323,0.4082306632101801,3.25,3.29,2.37,3.31,3.29,2.34,2024-04-01
2024-04-06,Championship,Sunderland,Bristol City,D,0.4870748099458487,0.2633529675759317,0.24957222247821945,0.4261687283022684,0.295841900075275,0.2779893716224567,0.39526671877948194,0.310385724682606,0.29434755653791206,2.45,3.12,3.29,2.27,3.27,3.48,2024-04-01
2024-04-06,Championship,Norwich,Ipswich,H,0.3807589648079025,0.22021688495837036,0.39902415023372717,0.3396525647621295,0.2822186033737811,0.3781288318640895,0.3483062708895806,0.2689698425202872,0.382723886590132,2.78,3.6,2.53,2.85,3.43,2.56,2024-04-01
2024-04-06,Championship,Huddersfield,Millwall,H,0.3707161852602352,0.2861177483005132,0.34316606643925157,0.3841383812010444,0.31429503916449086,0.30156657963446476,0.38586069308351206,0.31242269020632746,0.3017166167101605,2.51,3.1,3.21,2.52,3.08,3.21,2024-04-01
2024-04-06,Championship,Watford,Preston,D,0.4802066044922796,0.254808247786847,0.26498514772087334,0.46456670608813877,0.290179804403402,0.24525348950845907,0.4646046054599051,0.27769470671166746,0.25770068782842737,2.08,3.48,3.75,2.08,3.33,3.94,2024-04-01
2024-04-09,Championship,Southampton,Coventry,H,0.52633543577897,0.2168636819118201,0.2568008823092097,0.5603676912046726,0.21806163549141103,0.22157067330391653,0.5383001081654099,0.21899027127638265,0.24270962055820747,1.79,4.4,3.97,1.72,4.42,4.35,2024-04-01
2024-04-09,Championship,Leeds,Sunderland,D,0.6304774058667204,0.22358828689643248,0.1459343072368471,0.7303117782909931,0.1733833718244804,0.09630484988452657,0.7276331808759172,0.17029712743904446,0.10206969168503834,1.32,5.64,9.41,1.32,5.56,10.01,2024-04-01
2024-04-09,Championship,Preston,Huddersfield,H,0.4667720882339084,0.2573062817004344,0.27592163006565723,0.3768506895987152,0.3045617208392132,0.3185875895620717,0.3694282471725433,0.3024693773725199,0.3281023754549368,2.62,3.2,2.95,2.57,3.18,3.04,2024-04-01
2024-04-09,Championship,Plymouth,QPR,D,0.48914644480786273,0.24321209271719735,0.26764146247494,0.31930330414805963,0.30424182753730206,0.3764548683146384,0.30461510230296357,0.2917698871456097,0.4036150105514268,3.18,3.32,2.4,3.03,3.18,2.57,2024-04-01
2024-04-09,Championship,Millwall,Leicester,H,0.19714095235798157,0.24867848335488216,0.5541805642871364,0.17448072024952668,0.2545853253245073,0.5709339544259661,0.17335035628157705,0.25633722896956607,0.5703124147488571,5.56,3.76,1.69,5.53,3.79,1.69,2024-04-01
2024-04-09,Championship,Sheffield Weds,Norwich,D,0.21693669452860845,0.2416825213039458,0.5413807841674457,0.28224274749577205,0.28557304540132694,0.43218420710290095,0.2860898634904934,0.28028514162257034,0.4336249948869362,3.38,3.45,2.23,3.43,3.39,2.24,2024-04-01
2024-04-10,Championship,Birmingham,Cardiff,A,0.3752122993859346,0.2800107916885763,0.3447769089254893,0.51443844763369,0.2642470714621139,0.22131448090419611,0.5010599908289195,0.26422015909831,0.23471985007277052,1.93,3.66,4.12,1.88,3.66,4.37,2024-04-01
2024-04-10,Championship,Bristol City,Blackburn,H,0.43822374070973674,0.26314334158688546,0.2986329177033779,0.35402755635652283,0.28804017159184553,0.35793227205163153,0.3785780311798473,0.29728826988356105,0.32413369893659166,2.56,3.26,2.99,2.75,3.38,2.72,2024-04-01
2024-04-10,Championship,Hull,Middlesbrough,D,0.3595310016479296,0.2596921718289474,0.3807768265231231,0.39193259835777305,0.27193076346733136,0.33613663817489564,0.3996842125287728,0.2679323529971275,0.3323834344740997,2.42,3.61,2.91,2.47,3.56,2.88,2024-04-01
2024-04-10,Championship,Ipswich,Watford,D,0.5928258295779991,0.20266694827721612,0.2045072221447847,0.6222170142957582,0.21431919381298337,0.16346379189125848,0.6561528532732197,0.20221062773828788,0.1416365189884924,1.47,4.77,6.81,1.55,4.5,5.9,2024-04-01
2024-04-10,Championship,Swansea,Stoke,H,0.4540322112475272,0.26203676928074776,0.28393101947172483,0.37263953000419636,0.29094978318645964,0.33641068680934394,0.38386068187392697,0.3090507726269316,0.30708854549914155,2.52,3.13,3.15,2.6,3.33,2.88,2024-04-01
2024-04-10,Championship,West Brom,Rotherham,H,0.6964365706163976,0.19453837198010618,0.10902505740349613,0.7799611555780067,0.1527630925733994,0.06727575184859384,0.7568842708767695,0.1634767047642002,0.07963902435903043,1.27,5.88,12.07,1.23,6.28,14.26,2024-04-01
2024-04-12,Championship,Plymouth,Leicester,H,0.18908999359884282,0.20397294767651347,0.6069370587246437,0.13336597987121668,0.18759455923519391,0.6790394608935894,0.1453955531640639,0.19434929787857738,0.6602551489573587,6.63,4.96,1.46,7.23,5.14,1.42,2024-04-01
2024-04-13,Championship,West Brom,Sunderland,A,0.47036347651088434,0.27016134906009304,0.2594751744290224,0.47015719264847916,0.2840245797231281,0.24581822762839262,0.519451366044092,0.2691307913208945,0.2114178426350134,1.86,3.59,4.57,2.06,3.41,3.94,2024-04-01
2024-04-13,Championship,Swansea,Rotherham,H,0.6200384555728626,0.21360613781158347,0.166355406615554,0.7185865984514617,0.17798632937614764,0.10342707217239083,0.6893973719981875,0.20276393294064338,0.107838695061169,1.4,4.76,8.95,1.34,5.41,9.31,2024-04-01
2024-04-13,Championship,Sheffield Weds,Stoke,D,0.3023730315531833,0.29770502150022476,0.399921946946592,0.3508449238042313,0.297034352668613,0.3521207235271558,0.35998322377833436,0.3026108974886623,0.3374058787330032,2.69,3.2,2.87,2.76,3.26,2.75,2024-04-01
2024-04-13,Championship,Preston,Norwich,A,0.32906243628911785,0.24833357881342233,0.42260398489745965,0.28795811518324604,0.29319371727748694,0.418848167539267,0.3279407753450866,0.2787969127573503,0.39326231189756317,2.95,3.47,2.46,3.36,3.3,2.31,2024-04-01
2024-04-13,Championship,Millwall,Cardiff,H,0.4352463971236557,0.2923661478866912,0.27238745498965306,0.47889752535934155,0.3061306965904651,0.2149717780501933,0.5138115266568148,0.28494562540259943,0.20124284794058583,1.88,3.39,4.8,2.02,3.16,4.5,2024-04-01
2024-04-13,Championship,Southampton,Watford,H,0.5822741275616574,0.20451539923753265,0.21321047320081005,0.689365032775658,0.17806476861363857,0.13257019861070343,0.673489424410213,0.1877368181104492,0.13877375747933782,1.43,5.13,6.94,1.4,5.42,7.28,2024-04-01
2024-04-13,Championship,Hull,QPR,H,0.4755363785451562,0.2667527690686022,0.25771085238624153,0.46952478247084933,0.2779370838764223,0.25253813365272837,0.4712614597498797,0.28165772375721665,0.24708081649290367,2.05,3.43,3.91,2.06,3.48,3.83,2024-04-01
2024-04-13,Championship,Bristol City,Huddersfield,D,0.46787692738335673,0.26286954708417165,0.26925352553247167,0.4152719387697079,0.29589713068300283,0.28883093054728937,0.4170854271356784,0.29145728643216084,0.29145728643216084,2.32,3.32,3.32,2.33,3.27,3.35,2024-04-01
2024-04-13,Championship,Birmingham,Coventry,H,0.2649854712543414,0.2564399979571358,0.4785745307885229,0.28852050246812455,0.25982357077102614,0.45165592676084926,0.3171939528712649,0.2621792835385794,0.4206267635901556,3.05,3.69,2.3,3.35,3.72,2.14,2024-04-01
2024-04-13,Championship,Leeds,Blackburn,A,0.7187763124315565,0.17912781031611424,0.1020958772523292,0.7236941657694635,0.17157098760666425,0.10473484662387231,0.7118557430320068,0.1760082881123094,0.11213596885568371,1.35,5.46,8.57,1.33,5.61,9.19,2024-04-01
2024-04-13,Championship,Ipswich,Middlesbrough,D,0.567526698729274,0.20380945688952612,0.22866384438120008,0.5330117895905933,0.23998789531317757,0.2270003150962291,0.5282971419949454,0.23930291332939357,0.23239994467566105,1.83,4.04,4.16,1.81,4.02,4.25,2024-04-01
2024-04-16,Championship,Southampton,Preston,H,0.6389170871485073,0.1887116034439924,0.1723713094075003,0.7445993421361439,0.1650400603703824,0.09036059749347372,0.7083036070569173,0.1841860240148007,0.10751036892828209,1.36,5.23,8.96,1.29,5.82,10.63,2024-04-01
2024-04-20,Championship,QPR,Preston,H,0.3735463337847736,0.2756359257415579,0.3508177404736686,0.5060328697520564,0.2738024875995546,0.22016464264838903,0.5106060852190583,0.26956578242011725,0.2198281323608246,1.89,3.58,4.39,1.91,3.53,4.39,2024-04-01
2024-04-20,Championship,Watford,Hull,D,0.4676408901674049,0.2593241015921678,0.27303500824042715,0.33382247302369,0.2773883013663899,0.38878922560992,0.3281982585398527,0.27662424648359013,0.3951774949765573,2.95,3.5,2.45,2.9,3.49,2.49,2024-04-01
2024-04-20,Championship,Sunderland,Millwall,A,0.4744489357041786,0.2779981335991112,0.24755293069671025,0.43392453261804,0.3052529046492836,0.2608225627326763,0.4337982645697193,0.2967393036780595,0.2694624317522212,2.23,3.26,3.59,2.23,3.17,3.71,2024-04-01
2024-04-20,Championship,Stoke,Plymouth,H,0.42054181020439757,0.25685639101750707,0.3226017987780954,0.5609800025890259,0.2579908033297124,0.1810291940812616,0.5224602918222739,0.29378466257483493,0.18375504560289105,1.85,3.29,5.26,1.72,3.74,5.33,2024-04-01
2024-04-20,Championship,Rotherham,Birmingham,D,0.33425760410053107,0.27496100053372435,0.39078139536574463,0.18542890122759864,0.2439357301136603,0.570635368658741,0.17171829874904967,0.23727577733550956,0.5910059239154409,5.61,4.06,1.63,5.17,3.93,1.68,2024-04-01
2024-04-20,Championship,Huddersfield,Swansea,A,0.37496119473773687,0.25437840776277454,0.37066039749948854,0.46675833839659747,0.2618400434907742,0.2714016181126283,0.45255885881111707,0.2675347949877874,0.27990634620109556,2.14,3.62,3.46,2.07,3.69,3.56,2024-04-01
2024-04-20,Championship,Cardiff,Southampton,H,0.2501662613906813,0.2263499874880934,0.5234837511212251,0.10018482703669056,0.15580692256680123,0.7440082503965082,0.12741545344183347,0.19512914269489712,0.6774554038632695,7.55,4.93,1.42,9.58,6.16,1.29,2024-04-01
2024-04-20,Championship,Leicester,West Brom,H,0.5615024289404876,0.23937564060824398,0.1991219304512684,0.6134134324282611,0.23150458868085813,0.15508197889088082,0.6180039028253062,0.22316807602024943,0.15882802115444442,1.56,4.32,6.07,1.57,4.16,6.21,2024-04-01
2024-04-20,Championship,Norwich,Bristol City,D,0.5398817700960974,0.2340852075811242,0.22603302232277853,0.5739113562657648,0.2351636776893866,0.19092496604484852,0.580608793686584,0.23224351747463357,0.1871476888387824,1.66,4.15,5.15,1.68,4.1,5.05,2024-04-01
2024-04-21,Championship,Blackburn,Sheffield Weds,A,0.537693063114989,0.25192305775927754,0.21038387912573367,0.4567345706522519,0.2742995155191995,0.2689659138285484,0.4633211224526087,0.273542696589252,0.2631361809581391,2.09,3.54,3.68,2.12,3.53,3.6,2024-04-01
2024-04-22,Championship,Middlesbrough,Leeds,A,0.2295445152782727,0.24959566271545902,0.5208598220062682,0.18422347827438462,0.21989317224550697,0.5958833494801083,0.22279887155450276,0.24372160822332659,0.5334795202221705,4.31,3.94,1.8,5.24,4.39,1.62,2024-04-01
2024-04-23,Championship,Leicester,Southampton,H,0.5771903261442538,0.20279598824938902,0.2200136856063572,0.49075549184587847,0.2429116379237137,0.2663328702304079,0.4604454412537084,0.2429485996564793,0.2966059590898122,2.1,3.98,3.26,1.97,3.98,3.63,2024-04-01
2024-04-24,Championship,Coventry,Hull,A,0.5185419523850469,0.2483187133016588,0.23313933431329462,0.34323994567094085,0.27265821036395865,0.38410184396510044,0.43207877654955185,0.2546990682818411,0.31322215516860724,2.24,3.8,3.09,2.82,3.55,2.52,2024-04-01
2024-04-26,Championship,QPR,Leeds,H,0.14524355465505434,0.22862168617361736,0.6261347591713282,0.18391702910672464,0.22956707929073267,0.5865158916025426,0.17342258213928197,0.2201437344051159,0.6064336834556022,5.56,4.38,1.59,5.23,4.19,1.64,2024-04-01
2024-04-27,Championship,Sheffield Weds,West Brom,H,0.19942637391553303,0.26616782570458636,0.5344058003798803,0.3362085130320645,0.2970185636602288,0.3667729233077067,0.3240565710185407,0.2883717700432847,0.3875716589381747,2.99,3.36,2.5,2.88,3.26,2.64,2024-04-01
2024-04-27,Championship,Norwich,Swansea,D,0.5439595933533868,0.21995892135469383,0.23608148529191933,0.5741818911865088,0.2248544468982132,0.2009636619152781,0.5803713411491177,0.22301306164526277,0.19661559720561944,1.66,4.32,4.9,1.68,4.29,4.8,2024-04-01
2024-04-27,Championship,Watford,Sunderland,H,0.40124980436983293,0.2679556337626397,0.33079456186752726,0.4011083686490011,0.2971173101103712,0.3017743212406278,0.39971367271006064,0.3038832653726329,0.29640306191730653,2.41,3.17,3.25,2.4,3.24,3.19,2024-04-01
2024-04-27,Championship,Southampton,Stoke,A,0.6326206194787387,0.19845644133864385,0.16892293918261736,0.5553976104604034,0.21667978524688386,0.2279226042927127,0.5393352181554214,0.21501337204859783,0.24565140979598074,1.79,4.49,3.93,1.74,4.46,4.24,2024-04-01
2024-04-27,Championship,Hull,Ipswich,D,0.2752903969017687,0.22648396694452477,0.49822563615370646,0.3572502693462975,0.2630837581327354,0.37966597252096723,0.29594272076372313,0.2601431980906921,0.4439140811455847,3.27,3.72,2.18,2.71,3.68,2.55,2024-04-01
2024-04-27,Championship,Millwall,Plymouth,H,0.43253318423432147,0.26109206412980346,0.30637475163587535,0.47584099774852373,0.28327191361569,0.24088708863578628,0.441669763044334,0.27715094013383706,0.2811792968218289,2.19,3.49,3.44,2.03,3.41,4.01,2024-04-01
2024-04-27,Championship,Cardiff,Middlesbrough,A,0.3205447175673272,0.2654916168031865,0.4139636656294864,0.22240641314298437,0.23782071900437934,0.5397728678526363,0.254755949808345,0.269783688420635,0.4754603617710201,3.77,3.56,2.02,4.32,4.04,1.78,2024-04-01
2024-04-27,Championship,Bristol City,Rotherham,H,0.584028377026913,0.23854015491135883,0.17743146806172783,0.6893030207730989,0.19553697936216474,0.11515999986473645,0.6991883788744719,0.19390446944494466,0.10690715168058332,1.37,4.94,8.96,1.39,4.9,8.32,2024-04-01
2024-04-27,Championship,Blackburn,Coventry,D,0.3258656444710727,0.2574386082817986,0.4166957472471288,0.44381877093424593,0.25663790998319796,0.2995433190825561,0.4470760938629741,0.2602922810630793,0.29263162507394674,2.16,3.71,3.3,2.18,3.77,3.23,2024-04-01
2024-04-27,Championship,Huddersfield,Birmingham,D,0.45902833894520323,0.2605127489415848,0.2804589121132121,0.3623407842157842,0.2896556568431568,0.34800355894105894,0.4149398084659422,0.2929726526441349,0.292087538889923,2.33,3.3,3.31,2.67,3.34,2.78,2024-04-01
2024-04-29,Championship,Preston,Leicester,A,0.1910938279862131,0.22523985255744586,0.5836663194563408,0.22358276780837832,0.22889352238814978,0.5475237098034719,0.14411915017887128,0.20391326567861576,0.651967584142513,6.65,4.7,1.47,4.31,4.21,1.76,2024-04-01
2024-04-30,Championship,Coventry,Ipswich,A,0.3689782394034513,0.23248171629735895,0.39854004429918954,0.22999113565535922,0.23164972557595073,0.53835913876869,0.21227736277444384,0.2294209027609785,0.5583017344645778,4.55,4.21,1.73,4.19,4.16,1.79,2024-04-01
2024-05-04,Championship,West Brom,Preston,H,0.5442355504598735,0.2478970407851207,0.2078674087550061,0.633230190497922,0.23667762070590645,0.1300921887961717,0.6505957537890756,0.21785324785192284,0.13155099835900155,1.47,4.39,7.27,1.51,4.04,7.35,2024-05-04
2024-05-04,Championship,Swansea,Millwall,A,0.43746665138287544,0.2705675788961524,0.2919657697209723,0.471840439813335,0.2651665281595602,0.2629930320271047,0.46944581096400234,0.27185421256389963,0.258699976472098,2.05,3.54,3.72,2.04,3.63,3.66,2024-05-04
2024-05-04,Championship,Sunderland,Sheffield Weds,A,0.5421833324241799,0.25486305040666635,0.20295361716915367,0.4277535287115243,0.28059633807607276,0.2916501332124029,0.3411529108854241,0.302531826634244,0.3563152624803318,2.82,3.18,2.7,2.25,3.43,3.3,2024-05-04
2024-05-04,Championship,Stoke,Bristol City,H,0.38358783037385474,0.2873443864445936,0.32906778318155167,0.44929185541956373,0.25846359424673826,0.292244550333698,0.46251484212311833,0.2664905461540405,0.2709946117228412,2.08,3.61,3.55,2.14,3.72,3.29,2024-05-04
2024-05-04,Championship,Rotherham,Cardiff,H,0.29026409240478157,0.27947332092411886,0.43026258667109957,0.28238237160810453,0.27590942326178697,0.4417082051301085,0.2796889021836674,0.2829793598564164,0.43733173795991626,3.44,3.4,2.2,3.41,3.49,2.18,2024-05-04
2024-05-04,Championship,Plymouth,Hull,H,0.3870776138361646,0.25042693220587947,0.3624954539579558,0.2434376344747034,0.21964713837831193,0.5369152271469847,0.27520134169563776,0.24895791478136303,0.4758407435229993,3.51,3.88,2.03,3.97,4.4,1.8,2024-05-04
2024-05-04,Championship,Middlesbrough,Watford,H,0.4778791434397947,0.24698864501712509,0.27513221154308004,0.5402886888048235,0.22628561554649074,0.23342569564868584,0.5668655243174912,0.22973686716943886,0.20339760851307007,1.69,4.17,4.71,1.78,4.25,4.12,2024-05-04
2024-05-04,Championship,Leicester,Blackburn,A,0.7359814041877815,0.1622716627477066,0.1017469330645119,0.6269841815917488,0.2200196784026091,0.15299614000564207,0.5677530932133201,0.25052290536044675,0.18172400142623316,1.69,3.83,5.28,1.53,4.36,6.27,2024-05-04
2024-05-04,Championship,Leeds,Southampton,A,0.5721873684721275,0.20726000848996168,0.22055262303791084,0.5776282420910613,0.21792338224344582,0.2044483756654929,0.6094282016810946,0.21501174755939742,0.17556005075950798,1.57,4.45,5.45,1.66,4.4,4.69,2024-05-04
2024-05-04,Championship,Ipswich,Huddersfield,H,0.7022905072667194,0.1664093643995747,0.13130012833370577,0.7809942356406284,0.14032591568211586,0.07867984867725572,0.7732480747652059,0.14280707687105154,0.08394484836374257,1.23,6.66,11.33,1.22,6.79,12.11,2024-05-04
2024-05-04,Championship,Coventry,QPR,A,0.5446113856331608,0.24383696127214502,0.21155165309469437,0.5011662846272259,0.2387690487554029,0.2600646666173712,0.4377022954723018,0.2660069199002939,0.2962907846274043,2.2,3.62,3.25,1.92,4.03,3.7,2024-05-04
2024-05-04,Championship,Birmingham,Norwich,H,0.2784995485030407,0.24604073923139982,0.47545971226555944,0.38374754115927157,0.2671391722987195,0.34911328654200885,0.40670240987613904,0.24883078033552977,0.3444668097883313,2.38,3.89,2.81,2.52,3.62,2.77,2024-05-04
2024-08-09,Championship,Blackburn,Derby,H,0.45288176207104425,0.26646246360267006,0.28065577432628575,0.45002997656377736,0.28045346365568735,0.2695165597805352,0.4169773259708655,0.28536501364377814,0.2976576603853563,2.32,3.39,3.25,2.15,3.45,3.59,2024-08-09
2024-08-09,Championship,Preston,Sheffield United,A,0.242204857456129,0.2644870276818491,0.4933081148620218,0.2992069729227692,0.2769164821033079,0.423876544973923,0.2978130763729439,0.2813640983174615,0.42082282530959464,3.25,3.44,2.3,3.23,3.49,2.28,2024-08-09
2024-08-10,Championship,Stoke,Coventry,H,0.36760846423833315,0.27050334015439176,0.3618881956072752,0.3839935327405012,0.27647534357316084,0.3395311236863379,0.380574306599979,0.27431709279143784,0.34510860060858306,2.53,3.51,2.79,2.52,3.5,2.85,2024-08-09
2024-08-10,Championship,QPR,West Brom,A,0.28541572145606114,0.27273371239025557,0.4418505661536831,0.3483700204902721,0.3094149063779413,0.3422150731317867,0.3680192023750306,0.30512984500714563,0.3268509526178238,2.62,3.16,2.95,2.78,3.13,2.83,2024-08-09
2024-08-10,Championship,Millwall,Watford,A,0.38627120657625846,0.29045515471541233,0.3232736387083292,0.39797487082866156,0.30897090610659667,0.2930542230647417,0.40320903570448424,0.30209078223627506,0.29470018205924076,2.39,3.19,3.27,2.43,3.13,3.3,2024-08-09
2024-08-10,Championship,Cardiff,Sunderland,A,0.34430376340657426,0.274386805442247,0.3813094311511785,0.32148512148512154,0.30051870051870055,0.377996177996178,0.32728181212524987,0.3054630246502332,0.367255163224517,2.94,3.15,2.62,3.01,3.22,2.56,2024-08-09
2024-08-10,Championship,Hull,Bristol City,D,0.43934425025697393,0.2628034396833816,0.29785231005964463,0.3409820515132155,0.3016788243917544,0.3573391240950302,0.35538040969929346,0.2918427000863895,0.35277689021431696,2.71,3.3,2.73,2.84,3.21,2.71,2024-08-09
2024-08-10,Championship,Middlesbrough,Swansea,H,0.5283109691152232,0.22375100329964537,0.2479380275851315,0.5817424169008625,0.23325903672836512,0.18499854637077234,0.5328169742535289,0.2446608555245796,0.22252217022189144,1.8,3.92,4.31,1.66,4.14,5.22,2024-08-09
2024-08-11,Championship,Sheffield Weds,Plymouth,H,0.38659898239531637,0.26424521236123594,0.3491558052434476,0.5539404831122152,0.24525609175960675,0.20080342512817803,0.5190475406326674,0.2645841223837832,0.21636833698354935,1.83,3.59,4.39,1.74,3.93,4.8,2024-08-09
2024-08-12,Championship,Luton,Burnley,A,0.21932537270922045,0.2701282467291731,0.5105463805616065,0.3482518882378757,0.27503984355150407,0.3767082682106203,0.4021732704290968,0.28116538375131545,0.3166613458195879,2.37,3.39,3.01,2.78,3.52,2.57,2024-08-09
2024-08-17,Championship,Swansea,Preston,H,0.48642736613269244,0.24637550730688818,0.2671971265604193,0.48623884624076363,0.2643757661254425,0.24938538763379378,0.4799342457920881,0.2794911196083336,0.24057463459957829,1.98,3.4,3.95,1.99,3.66,3.88,2024-08-09
2024-08-17,Championship,Derby,Middlesbrough,H,0.31360972067990917,0.26046211957388177,0.42592815974620907,0.24670734644176337,0.25861279479552135,0.49467985876271525,0.2717507016355366,0.27097648311235845,0.45727281525210484,3.5,3.51,2.08,3.91,3.73,1.95,2024-08-09
2024-08-17,Championship,West Brom,Leeds,D,0.3285819259737243,0.26856145342752186,0.4028566205987539,0.27638641399227226,0.2694575066777028,0.4541560793300249,0.28493183847003467,0.27036146036645337,0.444706701163512,3.34,3.52,2.14,3.5,3.59,2.13,2024-08-09
2024-08-17,Championship,Bristol City,Millwall,H,0.40653624621238266,0.29247141228632795,0.30099234150128945,0.462597442154512,0.29386889182459874,0.24353366602088916,0.4705274118208506,0.2906621932348985,0.2388103949442508,2.02,3.27,3.98,2.09,3.29,3.97,2024-08-09
2024-08-17,Championship,Burnley,Cardiff,H,0.7546591564246476,0.16121286440463353,0.08412797917071882,0.6017069701280228,0.22759601706970126,0.17069701280227595,0.6487124574259469,0.20907730415935596,0.14221023841469707,1.46,4.53,6.66,1.6,4.23,5.64,2024-08-09
2024-08-17,Championship,Norwich,Blackburn,D,0.5476489402512958,0.22285460056374162,0.22949645918496256,0.3861337101040855,0.2785044863107053,0.3353618035852092,0.45943178909649346,0.2649091374456104,0.2756590734578961,2.07,3.59,3.45,2.51,3.48,2.89,2024-08-09
2024-08-17,Championship,Plymouth,Hull,D,0.39385484383744296,0.2525073392604641,0.35363781690209295,0.33927056827820185,0.2578456318914334,0.4028837998303647,0.3373137829912024,0.2613255131964809,0.4013607038123167,2.82,3.64,2.37,2.85,3.75,2.4,2024-08-09
2024-08-17,Championship,Sheffield United,QPR,D,0.6253135803957718,0.22650230893105408,0.14818411067317408,0.5577392451040498,0.2461451260280628,0.19611562886788741,0.5361599816814869,0.2510590390413312,0.212780979277182,1.77,3.78,4.46,1.73,3.92,4.92,2024-08-09
2024-08-17,Championship,Watford,Stoke,H,0.45847012042556246,0.27014409046336896,0.27138578911106853,0.3586522657900916,0.2979572669640761,0.3433904672458324,0.3528869704391687,0.2968208162572447,0.35029221330358656,2.7,3.21,2.72,2.7,3.25,2.82,2024-08-09
2024-08-18,Championship,Sunderland,Sheffield Weds,H,0.5180187756803603,0.26033345852118994,0.22164776579844966,0.4320216531334582,0.27649385800541326,0.2914844888611285,0.44842668878791875,0.2677928395015177,0.28378047171056353,2.12,3.55,3.35,2.24,3.5,3.32,2024-08-09
2024-08-23,Championship,Sheffield Weds,Leeds,A,0.18653176182775338,0.2351465700647532,0.5783216681074935,0.2516599618591573,0.2699369423293754,0.4784030958114672,0.2320403117189437,0.27038871057445546,0.497570977706601,4.16,3.57,1.94,3.84,3.58,2.02,2024-08-09
2024-08-24,Championship,Watford,Derby,H,0.4885458933440877,0.2678044158292035,0.24364969082670887,0.5085028451828112,0.2647001111910524,0.22679704362613645,0.5086478945728875,0.2570733953652161,0.23427871006189652,1.87,3.7,4.06,1.9,3.65,4.26,2024-08-09
2024-08-24,Championship,Sunderland,Burnley,H,0.2005007287490089,0.25276699215906984,0.5467322790919213,0.39356354602006816,0.2890048725998112,0.31743158138012056,0.31142036426821534,0.2778269138952591,0.41075272183652545,3.06,3.43,2.32,2.46,3.35,3.05,2024-08-09
2024-08-24,Championship,Preston,Luton,H,0.33489720349943713,0.2852429739670492,0.37985982253351364,0.32145820467452957,0.2702763117514899,0.4082654835739805,0.3012043567230133,0.2681143006323161,0.4306813426446707,3.16,3.55,2.21,3.01,3.58,2.37,2024-08-09
2024-08-24,Championship,Norwich,Sheffield United,D,0.34772058954065616,0.2605504517160017,0.3917289587433421,0.3699543096636778,0.26701936399967935,0.3630263263366427,0.34300704258637804,0.269367112539585,0.38762584487403695,2.78,3.54,2.46,2.62,3.63,2.67,2024-08-09
2024-08-24,Championship,Stoke,West Brom,A,0.32199017180457545,0.28025790207560913,0.39775192611981536,0.3627361893804965,0.2925998869020923,0.3446639237174113,0.3624525778652262,0.300709867440235,0.33683755469453885,2.63,3.17,2.83,2.67,3.31,2.81,2024-08-09
2024-08-24,Championship,QPR,Plymouth,D,0.4143479219911948,0.2621640751232244,0.3234880028855809,0.5547887323943662,0.238943661971831,0.20626760563380286,0.5492531076987361,0.24966050349942548,0.20108638880183852,1.75,3.85,4.78,1.74,4.04,4.68,2024-08-09
2024-08-24,Championship,Hull,Millwall,D,0.4241320810008381,0.2797219945520482,0.2961459244471137,0.4029484029484029,0.2948402948402948,0.30221130221130216,0.43733173795991626,0.2829793598564164,0.2796889021836674,2.2,3.4,3.44,2.4,3.28,3.2,2024-08-09
2024-08-24,Championship,Bristol City,Coventry,D,0.3764988436297079,0.26628638305981905,0.35721477331047297,0.36791244794290356,0.271039142322083,0.3610484097350135,0.37929119942445144,0.28502948122429195,0.33567931935125667,2.54,3.38,2.87,2.63,3.57,2.68,2024-08-09
2024-08-25,Championship,Swansea,Cardiff,D,0.5120156137428473,0.23973312546687894,0.24825126079027363,0.4810127893128981,0.27545176823901,0.24353544244809197,0.4779947537161177,0.2642248777486318,0.25778036853525055,1.99,3.6,3.69,2.01,3.51,3.97,2024-08-09
2024-08-30,Championship,Luton,QPR,A,0.5094992385444936,0.2693586273523351,0.2211421341031713,0.5002519295131254,0.2659741663802567,0.23377390410661789,0.48623884624076363,0.2643757661254425,0.24938538763379378,1.99,3.66,3.88,1.93,3.63,4.13,2024-08-09
2024-08-31,Championship,West Brom,Swansea,H,0.5270298704530466,0.2400133908532074,0.23295673869374603,0.5007189657519917,0.2691887476048312,0.2300922866431771,0.5159160375140417,0.2593523864259777,0.2247315760599807,1.86,3.7,4.27,1.93,3.59,4.2,2024-08-09
2024-08-31,Championship,Millwall,Sheffield Weds,H,0.48378720362346544,0.2809225635909241,0.2352902327856106,0.40122151027283987,0.2966085398029277,0.3021699499242326,0.3942743123484984,0.2871729319792048,0.31855275567229674,2.44,3.35,3.02,2.41,3.26,3.2,2024-08-09
2024-08-31,Championship,Plymouth,Stoke,A,0.40286415668104864,0.26555275305380616,0.3315830902651452,0.2985417392479043,0.2430339786842236,0.45842428206787206,0.2965964522872829,0.2612299376514009,0.44217361006131617,3.25,3.69,2.18,3.24,3.98,2.11,2024-08-09
2024-08-31,Championship,Derby,Bristol City,H,0.3770185226163163,0.2864441922249704,0.33653728515871334,0.33157888589992635,0.3045536475507161,0.3638674665493575,0.31477927063339733,0.29366602687140114,0.3915547024952015,3.06,3.28,2.46,2.93,3.19,2.67,2024-08-09
2024-08-31,Championship,Coventry,Norwich,A,0.4182852315615874,0.24381946427951817,0.33789530415889457,0.5002897327424796,0.24694608291380704,0.25276418434371345,0.5035033994210755,0.2524124653265759,0.24408413525234876,1.91,3.81,3.94,1.93,3.91,3.82,2024-08-09
2024-08-31,Championship,Cardiff,Middlesbrough,A,0.2999103379796517,0.2452903598946066,0.45479930212574177,0.26341422335752085,0.26269842383752756,0.47388735280495164,0.24838124575678658,0.25097530576469035,0.500643448478523,3.87,3.83,1.92,3.67,3.68,2.04,2024-08-09
2024-08-31,Championship,Burnley,Blackburn,D,0.7236140862968926,0.1738852895979585,0.10250062410514892,0.43762575452716296,0.28445674044265595,0.2779175050301811,0.49465140749728376,0.25865868747836396,0.24668990502435226,1.94,3.71,3.89,2.21,3.4,3.48,2024-08-09
2024-08-31,Championship,Leeds,Hull,H,0.633033244793518,0.20812041171169154,0.1588463434947905,0.6700590460753593,0.20059979757765437,0.12934115634698626,0.7240655606636018,0.17699380371776932,0.09894063561862881,1.32,5.4,9.66,1.44,4.81,7.46,2024-08-09
2024-09-01,Championship,Sheffield United,Watford,H,0.5516754063682001,0.24907543521136624,0.19924915842043361,0.5190378051136729,0.24317640239582664,0.23778579249050044,0.5392173041038856,0.23904847738610543,0.22173421851000902,1.76,3.97,4.28,1.86,3.97,4.06,2024-08-09
2024-09-13,Championship,Hull,Sheffield United,A,0.27076938231812625,0.2725639132962375,0.45666670438563617,0.30012538555126855,0.26394588701906085,0.43592872742967065,0.2787412044988642,0.2739763975843537,0.44728239791678204,3.45,3.51,2.15,3.21,3.65,2.21,2024-09-13
2024-09-14,Championship,Watford,Coventry,D,0.4345492041896006,0.25904403844392304,0.3064067573664764,0.3811862456660566,0.28145728604412323,0.3373564682898201,0.36524707737502055,0.27367216172191744,0.3610807609030622,2.6,3.47,2.63,2.54,3.44,2.87,2024-09-13
2024-09-14,Championship,Swansea,Norwich,H,0.3797287225331863,0.24696168588858183,0.3733095915782319,0.40157326670926324,0.28215497748376805,0.3162717558069688,0.4058146147284618,0.2744526585157805,0.3197327267557577,2.34,3.46,2.97,2.41,3.43,3.06,2024-09-13
2024-09-14,Championship,Sheffield Weds,QPR,D,0.3831930895105078,0.27342540262102016,0.3433815078684719,0.4222702523590412,0.281104324971571,0.29662542266938785,0.41452989769508647,0.28506710682334774,0.3004029954815658,2.29,3.33,3.16,2.29,3.44,3.26,2024-09-13
2024-09-14,Championship,Plymouth,Sunderland,H,0.30107178953042696,0.26444328610331863,0.4344849243662544,0.19070512820512825,0.23604433760683763,0.5732505341880343,0.21398356840711266,0.253461820332489,0.5325546112603984,4.43,3.74,1.78,5.05,4.08,1.68,2024-09-13
2024-09-14,Championship,Middlesbrough,Preston,D,0.5802921490500466,0.22395100792342662,0.19575684302652696,0.6227319930457511,0.21449657538242536,0.16277143157182364,0.6482496309625144,0.20985464771735501,0.1418957213201306,1.46,4.51,6.67,1.55,4.5,5.93,2024-09-13
2024-09-14,Championship,Derby,Cardiff,H,0.49928321521312485,0.25469615844309773,0.24602062634377742,0.43040939150734725,0.29525034478400347,0.2743402637086491,0.4106559227962587,0.2900963858285497,0.29924769137519164,2.31,3.27,3.17,2.25,3.28,3.53,2024-09-13
2024-09-14,Championship,Oxford,Stoke,H,0.5971111172607486,0.20261825658683907,0.2002706261524123,0.31207441634241245,0.2779973249027237,0.4099282587548639,0.30128840436075316,0.28245787908820613,0.41625371655104065,3.15,3.36,2.28,3.1,3.48,2.36,2024-09-13
2024-09-14,Championship,Millwall,Luton,A,0.4007143048106496,0.2999433282457991,0.2993423669435515,0.3765766539974454,0.30920191718001105,0.31422142882254367,0.3584987249588794,0.2870155955108853,0.3544856795302352,2.65,3.31,2.68,2.57,3.13,3.08,2024-09-13
2024-09-14,Championship,Leeds,Burnley,A,0.33693838182149616,0.27023316151688104,0.3928284566616229,0.5976454540364736,0.23354591771813657,0.16880862824538992,0.5534378329021459,0.2477431136813271,0.1988190534165272,1.71,3.82,4.76,1.61,4.12,5.7,2024-09-13
2024-09-14,Championship,Blackburn,Bristol City,H,0.45077128169708186,0.253662642552797,0.2955660757501212,0.40514859183650126,0.2814840507236157,0.31336735743988287,0.4377182458305704,0.27531843288473556,0.28696332128469415,2.17,3.45,3.31,2.39,3.44,3.09,2024-09-13
2024-09-15,Championship,Portsmouth,West Brom,A,0.3449128101809479,0.22547347449413138,0.4296137153249206,0.22920385107173263,0.26292866839563883,0.5078674805326285,0.2263798544470922,0.2621240419913699,0.5114961035615379,4.18,3.61,1.85,4.21,3.67,1.9,2024-09-13
2024-09-20,Championship,Stoke,Hull,A,0.40754387759422794,0.27671726568113264,0.31573885672463925,0.4482738545729755,0.2750771380334169,0.27664900739360776,0.45418369891680305,0.2748327496286337,0.27098355145456315,2.13,3.52,3.57,2.16,3.52,3.5,2024-09-13
2024-09-21,Championship,Coventry,Swansea,A,0.4788871578103754,0.246698481154973,0.27441436103465155,0.5034856391666335,0.25240011154045333,0.24411424929291323,0.5539416238776462,0.24102803481699112,0.20503034130536257,1.71,3.93,4.62,1.92,3.83,3.96,2024-09-13
2024-09-21,Championship,Sheffield United,Derby,H,0.6028679082228642,0.2338464230324147,0.16328566874472103,0.5426026947890217,0.23788985140996516,0.21950745380101327,0.597854044920845,0.21765193340436295,0.18449402167479204,1.58,4.34,5.12,1.78,4.06,4.4,2024-09-13
2024-09-21,Championship,Luton,Sheffield Weds,H,0.5192917272850924,0.2653227152106386,0.21538555750426902,0.4834582846137973,0.27237086457115345,0.24417085081504916,0.5020920502092051,0.2635983263598326,0.23430962343096234,1.89,3.6,4.05,2.0,3.55,3.96,2024-09-13
2024-09-21,Championship,West Brom,Plymouth,H,0.6149993019122356,0.21955837919614066,0.1654423188916235,0.6918500759320378,0.1814474727444401,0.12670245132352206,0.6886036302206626,0.18425526824263824,0.12714110153669916,1.37,5.12,7.42,1.39,5.3,7.59,2024-09-13
2024-09-21,Championship,Cardiff,Leeds,A,0.18205707176235966,0.22982110679145146,0.5881218214461889,0.17906844152263582,0.2394984863044682,0.5814330721728959,0.194796821585253,0.23025740803887915,0.5749457703758679,4.87,4.12,1.65,5.39,4.03,1.66,2024-09-13
2024-09-21,Championship,Bristol City,Oxford,H,0.33276122135163194,0.224332735430155,0.4429060432182131,0.5339927663812482,0.25169971540366126,0.21430751821509073,0.5394869926309375,0.25319922854145327,0.20731377882760915,1.76,3.75,4.58,1.81,3.84,4.51,2024-09-13
2024-09-21,Championship,Norwich,Watford,H,0.47319834056486004,0.2452386141900712,0.28156304524506864,0.4696638406522874,0.2600826644472344,0.2702534949004782,0.4450404824576017,0.26628461000233233,0.288674907540066,2.16,3.61,3.33,2.06,3.72,3.58,2024-09-13
2024-09-21,Championship,Burnley,Portsmouth,H,0.7950514964584452,0.12135387971017031,0.08359462383138472,0.6503082563122837,0.20877575256880257,0.14091599111891362,0.6438318146075213,0.21078680790045795,0.14538137749202093,1.47,4.49,6.51,1.48,4.61,6.83,2024-09-13
2024-09-21,Championship,Sunderland,Middlesbrough,H,0.42302764319133446,0.25957873527412223,0.31739362153454337,0.35309715987067064,0.28043078783931524,0.3664720522900142,0.38154917523476795,0.27869678886713484,0.3397540358980973,2.52,3.45,2.83,2.74,3.45,2.64,2024-09-13
2024-09-21,Championship,QPR,Millwall,D,0.36824031278447167,0.2860026758292597,0.3457570113862687,0.3981279251170046,0.2985959438377535,0.3032761310452418,0.40458127431191954,0.2935681197751123,0.3018506059129682,2.38,3.28,3.19,2.43,3.24,3.19,2024-09-13
2024-09-22,Championship,Preston,Blackburn,D,0.37898151592418533,0.2608983789879746,0.3601201050878401,0.3250126588149803,0.2891157382891466,0.3858716028958731,0.33903390943253353,0.2931339340016675,0.36783215656579893,2.81,3.25,2.59,2.98,3.35,2.51,2024-09-13
2024-09-27,Championship,Plymouth,Luton,H,0.34632398175937984,0.2790990185175633,0.3745769997230569,0.2596016632641217,0.2501860588970292,0.4902122778388491,0.2459960221919816,0.24107610174814195,0.5129278760598766,3.92,4.0,1.88,3.72,3.86,1.97,2024-09-13
2024-09-28,Championship,Portsmouth,Sheffield United,D,0.28056049364597185,0.22265882075411336,0.49678068559991484,0.22227999480046792,0.2417782399584037,0.5359417652411282,0.23392125899954502,0.24992639777319806,0.5161523432272569,4.06,3.8,1.84,4.34,3.99,1.8,2024-09-13
2024-09-28,Championship,Oxford,Burnley,D,0.2538206915573709,0.21209858959408456,0.5340807188485445,0.28765180391809236,0.27302544100700293,0.4393227550749047,0.25983002252713494,0.2717079664140897,0.4684620110587754,3.66,3.5,2.03,3.36,3.54,2.2,2024-09-13
2024-09-28,Championship,Millwall,Preston,H,0.47527671439615876,0.2729815435573758,0.2517417420464656,0.48548170442265154,0.29544605253855555,0.21907224303879286,0.49512486115110876,0.2863372690994364,0.2185378697494549,1.92,3.32,4.35,1.99,3.27,4.41,2024-09-13
2024-09-28,Championship,Middlesbrough,Stoke,H,0.5310081976669413,0.24365417508385373,0.22533762724920492,0.5919104179459272,0.2177909664225421,0.19029861563153083,0.5931491286360421,0.22979142998006472,0.17705944138389312,1.6,4.13,5.36,1.63,4.43,5.07,2024-09-13
2024-09-28,Championship,Watford,Sunderland,H,0.4075697297692895,0.2724651342524047,0.31996513597830567,0.30324033313726745,0.27248920076278393,0.42427046609994873,0.3305891514756599,0.27920725989733153,0.39020358862700844,2.88,3.41,2.44,3.19,3.55,2.28,2024-09-13
2024-09-28,Championship,Hull,Cardiff,H,0.5191735021036057,0.2484172545126047,0.23240924338378965,0.5279765318690824,0.25293116579068614,0.2190923023402315,0.5062036261063303,0.24978026695010527,0.2440161069435644,1.88,3.81,3.9,1.83,3.82,4.41,2024-09-13
2024-09-28,Championship,Sheffield Weds,West Brom,H,0.2429554599393016,0.2620316989329129,0.4950128411277857,0.35432921027592773,0.2820171265461466,0.36365366317792586,0.3084146736364898,0.2838506730813712,0.40773465328213915,3.12,3.39,2.36,2.73,3.43,2.66,2024-09-13
2024-09-28,Championship,Derby,Norwich,A,0.3482931879692129,0.2554348425141462,0.396271969516641,0.3394277090951302,0.2812119101514887,0.3793603807533809,0.34400199259005576,0.27678321242878046,0.3792147949811638,2.8,3.48,2.54,2.85,3.44,2.55,2024-09-13
2024-09-28,Championship,Blackburn,QPR,H,0.4920817606750271,0.24875300773246092,0.259165231592512,0.4782085691638043,0.2759946599173956,0.24579677091880017,0.4651143594399922,0.26818571700300387,0.26669992355700384,2.07,3.59,3.61,2.02,3.5,3.93,2024-09-13
2024-09-28,Championship,Leeds,Coventry,H,0.5959516242404086,0.22413555298279036,0.17991282277680104,0.6058904140363489,0.2214633927167345,0.17264619324691663,0.6064912811208547,0.22054228404394718,0.17296643483519808,1.56,4.29,5.47,1.59,4.35,5.58,2024-09-13
2024-09-29,Championship,Swansea,Bristol City,D,0.45785548857252545,0.254118513959123,0.2880259974683517,0.3902169576825114,0.2749255838217694,0.3348574584957191,0.40831426152929734,0.2702762015236542,0.32140953694704827,2.33,3.52,2.96,2.48,3.52,2.89,2024-09-13
2024-10-01,Championship,Burnley,Plymouth,H,0.7967469504564315,0.13458851195950322,0.06866453758406506,0.6480243263575578,0.20157750444107747,0.15039816920136465,0.6673522812266268,0.19296933433059088,0.13967838444278238,1.44,4.98,6.88,1.49,4.79,6.42,2024-09-13
2024-10-01,Championship,Cardiff,Millwall,H,0.3389267847197342,0.282978163758189,0.3780950515220769,0.2833937273522429,0.29826315131825565,0.4183431213295014,0.29426701864098226,0.3153545574361016,0.39037842392291605,3.29,3.07,2.48,3.41,3.24,2.31,2024-09-13
2024-10-01,Championship,Coventry,Blackburn,H,0.4888514552827004,0.24361391391724363,0.26753463080005585,0.464599829585765,0.2691831881722539,0.2662169822419811,0.4537749380623289,0.2777415569174599,0.26848350502021123,2.13,3.48,3.6,2.08,3.59,3.63,2024-09-13
2024-10-01,Championship,Luton,Oxford,D,0.3498932375100645,0.23972497272497226,0.4103817897649632,0.5743439266590408,0.23534092604565576,0.19031514729530344,0.5642278593933333,0.24241950742778892,0.19335263317887774,1.71,3.98,4.99,1.68,4.1,5.07,2024-09-13
2024-10-01,Championship,Norwich,Leeds,D,0.31132010456693326,0.251987601819127,0.4366922936139395,0.2692442818595049,0.27695901772940473,0.4537967004110904,0.2558094074526573,0.2678558338423946,0.47633475870494807,3.78,3.61,2.03,3.59,3.49,2.13,2024-09-13
2024-10-01,Championship,QPR,Hull,A,0.37938846207572907,0.27035027527745226,0.3502612626468188,0.3698123714210583,0.281659422419527,0.3485282061594147,0.3871604329191206,0.28136659369122136,0.33147297338965803,2.5,3.44,2.92,2.62,3.44,2.78,2024-09-13
2024-10-01,Championship,Sunderland,Derby,H,0.5066757865235492,0.25884338604704527,0.23448082742940562,0.5887179039166666,0.24567362911535195,0.16560846696798168,0.5678245682126917,0.25072773141859106,0.18144770036871724,1.7,3.85,5.32,1.64,3.93,5.83,2024-09-13
2024-10-01,Championship,West Brom,Middlesbrough,A,0.46757418930858385,0.2534464548736423,0.2789793558177741,0.39988060067047315,0.27968527561345236,0.32043412371607455,0.38577357807074675,0.2814801398132484,0.3327462821160049,2.51,3.44,2.91,2.42,3.46,3.02,2024-09-13
2024-10-02,Championship,Bristol City,Sheffield Weds,D,0.5169245225768863,0.2518235546983131,0.23125192272480075,0.4608298885758013,0.27183785562055696,0.26733225580364167,0.4382589202316458,0.2663926770035494,0.29534840276480473,2.17,3.57,3.22,2.1,3.56,3.62,2024-09-13
2024-10-02,Championship,Stoke,Portsmouth,H,0.4376635762894581,0.2280309843617451,0.33430543934879664,0.5227143946996051,0.256504411192114,0.22078119410828076,0.518329711868975,0.25636307370816874,0.22530721442285617,1.83,3.7,4.21,1.85,3.77,4.38,2024-09-13
2024-10-02,Championship,Preston,Watford,H,0.3336923082125812,0.268610210120157,0.39769748166726193,0.38072591321497484,0.28695662301662794,0.3323174637683973,0.3749175660677807,0.29211368644544883,0.33296874748677036,2.54,3.26,2.86,2.54,3.37,2.91,2024-09-13
2024-10-02,Championship,Sheffield United,Swansea,H,0.5886766193801781,0.232050159716632,0.17927322090319,0.5426333651372602,0.24830010024275656,0.20906653461998334,0.5389408887231636,0.25027334146511027,0.21078576981172617,1.76,3.79,4.5,1.78,3.89,4.62,2024-09-13
2024-10-04,Championship,Sunderland,Leeds,D,0.2978263047460078,0.27242242727967153,0.4297512679743205,0.2997862581484327,0.28991305802977174,0.4103006838217956,0.3215906634968662,0.28809163604927596,0.3903177004538578,3.01,3.36,2.48,3.23,3.34,2.36,2024-09-13
2024-10-05,Championship,Swansea,Stoke,D,0.45654785990444857,0.26331055222808813,0.2801415878674633,0.41904597212876254,0.27267498468096946,0.308279043190268,0.4254613159043414,0.27948192012484596,0.29505676397081265,2.24,3.41,3.23,2.31,3.55,3.14,2024-09-13
2024-10-05,Championship,Burnley,Preston,D,0.7702796899328119,0.15209657543985022,0.07762373462733789,0.5365547611155832,0.2791325346844074,0.18431270420000945,0.5812149140285048,0.24844678967539713,0.1703382962960982,1.65,3.86,5.63,1.8,3.46,5.24,2024-09-13
2024-10-05,Championship,Norwich,Hull,H,0.520690916309407,0.2367547537597572,0.24255432993083573,0.4714840933471679,0.2523609376923483,0.276154968960484,0.48016185230976727,0.2500842980780038,0.2697538496122288,2.0,3.84,3.56,2.05,3.83,3.5,2024-09-13
2024-10-05,Championship,Portsmouth,Oxford,D,0.35817689674034187,0.18793415493175697,0.45388894832790116,0.3668842924049006,0.2908632228074888,0.3422524847876105,0.3866204963439818,0.28481805795754883,0.32856144569846923,2.49,3.38,2.93,2.64,3.33,2.83,2024-09-13
2024-10-05,Championship,Coventry,Sheffield Weds,A,0.5796984941156033,0.2304902040692951,0.18981130181510147,0.5429092556315867,0.25364264436331346,0.20344810000509983,0.5243858031880169,0.2517608232812495,0.22385337353073356,1.81,3.77,4.24,1.78,3.81,4.75,2024-09-13
2024-10-05,Championship,Derby,QPR,H,0.46247418690895775,0.26402601068645226,0.27349980240458993,0.42311974478836706,0.29273239140947444,0.28414786380215845,0.4197400212434003,0.28527240964746076,0.294987569109139,2.27,3.34,3.23,2.29,3.31,3.41,2024-09-13
2024-10-05,Championship,Plymouth,Blackburn,H,0.3671020048024037,0.25203273995696907,0.38086525524062714,0.2993544906545383,0.2746917627312951,0.42595374661416674,0.2926987773361343,0.26278205147581124,0.44451917118805445,3.25,3.62,2.14,3.23,3.52,2.27,2024-09-13
2024-10-05,Championship,Sheffield United,Luton,H,0.5559312095219623,0.26279959531084274,0.18126919516719514,0.4901170156247871,0.26970126278794154,0.24018172158727136,0.49967126890203817,0.2629848783694938,0.23734385272846814,1.9,3.61,4.0,1.97,3.58,4.02,2024-09-13
2024-10-05,Championship,Watford,Middlesbrough,H,0.40779421779234715,0.25298433623920613,0.3392214459684468,0.26892295288765944,0.2507619223030383,0.4803151248093023,0.25782857550416355,0.25923363586113446,0.48293778863470216,3.69,3.67,1.97,3.59,3.85,2.01,2024-09-13
2024-10-05,Championship,West Brom,Millwall,D,0.5159846567832661,0.26689628503106666,0.2171190581856673,0.5144418323908762,0.2771205286231654,0.20843763898595846,0.4850800786737847,0.28637257656645126,0.22854734475976393,1.96,3.32,4.16,1.88,3.49,4.64,2024-09-13
2024-10-06,Championship,Bristol City,Cardiff,D,0.5072693647168669,0.25228362802078064,0.24044700726235232,0.5551253997643494,0.24894798855411548,0.19592661168153513,0.5417528033577648,0.2521455866691725,0.20610160997306273,1.75,3.76,4.6,1.74,3.88,4.93,2024-09-13
2024-10-18,Championship,Leeds,Sheffield United,H,0.421013159681271,0.3020050409272378,0.2769817993914911,0.510630020367531,0.2601322745268554,0.2292377051056137,0.5033020919840234,0.2714438248902598,0.22525408312571676,1.92,3.56,4.29,1.89,3.71,4.21,2024-10-18
2024-10-19,Championship,QPR,Portsmouth,A,0.5518216941021266,0.22050026711924825,0.22767803877862525,0.5038612143742256,0.2607583643122677,0.2353804213135068,0.5107821483367335,0.2602889851798149,0.22892886648345165,1.86,3.65,4.15,1.92,3.71,4.11,2024-10-18
2024-10-19,Championship,Millwall,Derby,D,0.4436275783500096,0.28758193916100083,0.2687904824889896,0.4859193963967898,0.2948108533017109,0.21926975030149926,0.46396568440226815,0.28307430149543145,0.2529600141023004,2.05,3.36,3.76,1.99,3.28,4.41,2024-10-18
2024-10-19,Championship,Stoke,Norwich,D,0.3351998918821906,0.26250179617608405,0.4022983119417254,0.3841387856257744,0.2688971499380421,0.3469640644361834,0.3665465101441878,0.27784866658160007,0.35560482327421206,2.6,3.43,2.68,2.52,3.6,2.79,2024-10-18
2024-10-19,Championship,Sheffield Weds,Burnley,A,0.13365301851316447,0.23640838051890667,0.6299386009679289,0.3670624677336087,0.30665978316985026,0.326277749096541,0.34141364245543143,0.30048708594657847,0.3580992715979901,2.79,3.17,2.66,2.64,3.16,2.97,2024-10-18
2024-10-19,Championship,Middlesbrough,Bristol City,A,0.5433042614604073,0.24036327566699142,0.21633246287260116,0.5883198057542134,0.22648931489129343,0.18519087935449327,0.5516667482500367,0.24205785892603648,0.20627539282392676,1.72,3.92,4.6,1.64,4.26,5.21,2024-10-18
2024-10-19,Championship,Cardiff,Plymouth,H,0.3860954216558922,0.2642021227978369,0.34970245554627083,0.4584779055429702,0.2586599948384136,0.2828620996186161,0.4688947028494488,0.26888594541931665,0.2622193517312344,2.03,3.54,3.63,2.11,3.74,3.42,2024-10-18
2024-10-19,Championship,Preston,Coventry,H,0.3590546096431362,0.27062427832919156,0.37032111202767226,0.30920059163807856,0.3005583390767658,0.3902410692851557,0.3357380375359297,0.29611677844783857,0.36814518401623175,2.84,3.22,2.59,3.13,3.22,2.48,2024-10-18
2024-10-19,Championship,Oxford,West Brom,D,0.40689456167280313,0.27161717939633234,0.3214882589308644,0.24551914233475536,0.2755969859826029,0.4788838716826417,0.2396108765839386,0.2725659541656837,0.4878231692503776,3.97,3.49,1.95,3.94,3.51,2.02,2024-10-18
2024-10-19,Championship,Luton,Watford,H,0.4000273844329132,0.27469891853541223,0.3252736970316744,0.4761811649109085,0.27076968200816365,0.2530491530809278,0.47375348965038405,0.2674844141003573,0.25876209624925867,2.01,3.56,3.68,2.03,3.57,3.82,2024-10-18
2024-10-19,Championship,Blackburn,Swansea,H,0.4336687700959826,0.2567308787879191,0.30960035111609835,0.46008445606273873,0.2654333400361954,0.27448220390106576,0.453455808222247,0.27601657891788955,0.2705276128598633,2.1,3.45,3.52,2.1,3.64,3.52,2024-10-18
2024-10-20,Championship,Hull,Sunderland,A,0.38585008378728963,0.26626030823492736,0.3478896079777832,0.3294429951027507,0.27360519932262345,0.39695180557462584,0.33184036682069035,0.27133386118956737,0.3968257719897423,2.87,3.51,2.4,2.94,3.54,2.44,2024-10-18
2024-10-22,Championship,Cardiff,Portsmouth,H,0.524362703619986,0.22544104850329166,0.25019624787672223,0.5328778397180081,0.25182999736020745,0.2152921629217845,0.5005345670007294,0.26612443920424456,0.233340993795026,1.93,3.63,4.14,1.81,3.83,4.48,2024-10-18
2024-10-22,Championship,Leeds,Watford,H,0.6300983182373464,0.21467797083695853,0.15522371092569512,0.7258943294883138,0.17426705022011868,0.09983862029156747,0.7176312088791524,0.17840924302375963,0.10395954809708804,1.34,5.39,9.25,1.33,5.54,9.67,2024-10-18
2024-10-22,Championship,Oxford,Derby,D,0.5409187059001401,0.24344448902513294,0.2156368050747271,0.3653003602375621,0.28896894168045956,0.3457306980819784,0.3707604803033495,0.29323783442174006,0.3360016852749105,2.61,3.3,2.88,2.65,3.35,2.8,2024-10-18
2024-10-22,Championship,Preston,Norwich,D,0.3084711132728362,0.25508464732247565,0.43644423940468785,0.3309229305423407,0.29471251868968334,0.37436455076797615,0.351029590975846,0.29537855826016307,0.35359185076399086,2.76,3.28,2.74,2.93,3.29,2.59,2024-10-18
2024-10-22,Championship,Sheffield Weds,Swansea,D,0.3494521000591825,0.2696079210182806,0.38093997892253695,0.46678178164010536,0.2841877317632406,0.24903048659665417,0.4398343306900923,0.28210948324145857,0.2780561860684492,2.2,3.43,3.48,2.07,3.4,3.88,2024-10-18
2024-10-22,Championship,Stoke,Bristol City,D,0.4319125958326535,0.28026932013245576,0.28781808403489056,0.4207550857778647,0.27492519809349114,0.3043197161286442,0.39370952324282404,0.28236892920622364,0.3239215475509522,2.46,3.43,2.99,2.3,3.52,3.18,2024-10-18
2024-10-22,Championship,QPR,Coventry,D,0.33563502706236964,0.2684175557844927,0.3959474171531375,0.32801822323462415,0.2879921900423039,0.38398958672307193,0.3204215871062046,0.2846097626649229,0.3949686502288725,3.02,3.4,2.45,2.95,3.36,2.52,2024-10-18
2024-10-23,Championship,Millwall,Plymouth,H,0.47217129502928984,0.26933325988839646,0.2584954450823137,0.6019590450032543,0.2287730337304529,0.1692679212662929,0.5934029522109516,0.23044774843143753,0.17614929935761087,1.6,4.12,5.39,1.6,4.21,5.69,2024-10-18
2024-10-23,Championship,Luton,Sunderland,A,0.3616608045185458,0.28448385383125674,0.3538553416501972,0.3707604803033495,0.29323783442174006,0.3360016852749105,0.361541361525319,0.29011221715101587,0.34834642132366506,2.64,3.29,2.74,2.61,3.3,2.88,2024-10-18
2024-10-23,Championship,Middlesbrough,Sheffield United,H,0.3102996623364492,0.2913775491324527,0.39832278853109826,0.4999395883956021,0.2539166856851347,0.24614372591926326,0.45559954751131226,0.2659785067873303,0.2784219457013575,2.09,3.58,3.42,1.93,3.8,3.92,2024-10-18
2024-10-23,Championship,Blackburn,West Brom,D,0.3381072654855016,0.2715576023452043,0.39033513216929405,0.3532727400831395,0.2960144672256276,0.3507127926912328,0.3389090556305633,0.2976045144755884,0.3634864298938484,2.81,3.2,2.62,2.74,3.27,2.76,2024-10-18
2024-10-23,Championship,Hull,Burnley,D,0.18013765734094822,0.2565834720963024,0.5632788705627493,0.3120416827479738,0.29313006561173294,0.39482825164029334,0.3404935811859984,0.29700374682890823,0.3625026719850934,2.8,3.21,2.63,3.1,3.3,2.45,2024-10-18
2024-10-25,Championship,Portsmouth,Sheffield Weds,A,0.3794081217059778,0.24043385234379108,0.38015802595023124,0.2540469927798471,0.2750366303599484,0.47091637686020443,0.27341652879885175,0.2805491338979523,0.44603433730319597,3.54,3.45,2.17,3.8,3.51,2.05,2024-10-18
2024-10-26,Championship,West Brom,Cardiff,D,0.6262221937156064,0.22483300407924825,0.1489448022051453,0.5165519259399789,0.2603644478457576,0.22308362621426342,0.5713841601372474,0.23891629869718656,0.18969954116556612,1.66,3.97,5.0,1.87,3.71,4.33,2024-10-18
2024-10-26,Championship,Swansea,Millwall,A,0.43784460974958805,0.281115366864754,0.28104002338565776,0.37992413189378466,0.30755763058068275,0.3125182375255325,0.37847397675593736,0.29711975745325925,0.32440626579080345,2.52,3.21,2.94,2.55,3.15,3.1,2024-10-18
2024-10-26,Championship,Sunderland,Oxford,H,0.4286968432905902,0.2630566574955237,0.3082464992138862,0.6020572961959898,0.23494918875941068,0.1629935150445996,0.6107491528158786,0.22432729546554786,0.16492355171857348,1.55,4.22,5.74,1.6,4.1,5.91,2024-10-18
2024-10-26,Championship,Plymouth,Preston,D,0.44558290970541764,0.2620643102023735,0.29235278009220883,0.30646545120269647,0.2916960318676268,0.4018385169296767,0.34930308380930364,0.2796473368913193,0.37104957929937704,2.73,3.41,2.57,3.16,3.32,2.41,2024-10-18
2024-10-26,Championship,Sheffield United,Stoke,H,0.6016051791073618,0.254633027461143,0.14376179343149526,0.5510772085352025,0.25048964024327386,0.19843315122152352,0.5386304273763107,0.254835901124276,0.20653367149941326,1.76,3.72,4.59,1.75,3.85,4.86,2024-10-18
2024-10-26,Championship,Burnley,QPR,D,0.7485140153965774,0.17730048137620424,0.07418550322721833,0.5699943007322613,0.2624769395742566,0.16752875969348202,0.5604189960572,0.254598952509857,0.18498205143294297,1.69,3.72,5.12,1.69,3.67,5.75,2024-10-18
2024-10-26,Championship,Watford,Blackburn,H,0.4742356893842048,0.24884867412700218,0.2769156364887931,0.39806138933764135,0.2878836833602585,0.31405492730210016,0.38022035738502963,0.2846028118887944,0.3351768307261759,2.53,3.38,2.87,2.43,3.36,3.08,2024-10-18
2024-10-26,Championship,Coventry,Luton,H,0.47877116028592864,0.26363992413043147,0.25758891558363983,0.41921627136989026,0.2743313277236393,0.3064524009064704,0.43341627914832287,0.2741265355297085,0.2924571853219686,2.22,3.51,3.29,2.31,3.53,3.16,2024-10-18
2024-10-26,Championship,Bristol City,Leeds,D,0.22700689218878173,0.25752883715567115,0.5154642706555471,0.23454036002499612,0.2699179562298838,0.49554168374512003,0.23249938826392608,0.25674397687968303,0.5107566348563908,4.13,3.74,1.88,4.12,3.58,1.95,2024-10-18
2024-10-26,Championship,Derby,Hull,D,0.4092098158911843,0.267087313494348,0.32370287061446784,0.4302758135326251,0.27899728543181745,0.29072690103555754,0.4105765008468729,0.2801580829308074,0.30926541622231984,2.32,3.4,3.08,2.25,3.47,3.33,2024-10-18
2024-10-27,Championship,Norwich,Middlesbrough,D,0.4764948912696365,0.23772498574264692,0.2857801229877165,0.3315621316576401,0.2667111362094515,0.4017267321329083,0.3345199385230519,0.27474980541518673,0.3907302560617614,2.85,3.47,2.44,2.92,3.63,2.41,2024-10-18
2024-11-01,Championship,Luton,West Brom,D,0.32079812971779087,0.2908320560056555,0.3883698142765536,0.3720611475454394,0.2836829863982822,0.34425586605627845,0.33989513061960125,0.2917774464656216,0.3683274229147771,2.85,3.32,2.63,2.6,3.41,2.81,2024-10-18
2024-11-02,Championship,Middlesbrough,Coventry,A,0.4937923286813341,0.24442252727449684,0.26178514404416925,0.5334339928085551,0.2372274022072444,0.22933860498420067,0.5549301519943745,0.23372673889418238,0.21134310911144327,1.71,4.06,4.49,1.81,4.07,4.21,2024-10-18
2024-11-02,Championship,QPR,Sunderland,D,0.3086950719425553,0.2750337009648245,0.4162712270926201,0.2496357964093194,0.27445753752956425,0.47590666606111637,0.2628530862352414,0.28403826034972346,0.4531086534150351,3.62,3.35,2.1,3.87,3.52,2.03,2024-10-18
2024-11-02,Championship,Preston,Bristol City,A,0.40667639886306584,0.27820957952524583,0.3151140216116882,0.36678489545570336,0.309364895847622,0.3238502086966746,0.3738433066008637,0.31153608883405304,0.31462060456508323,2.55,3.06,3.03,2.64,3.13,2.99,2024-10-18
2024-11-02,Championship,Leeds,Plymouth,H,0.6995723806268419,0.18401290951764662,0.1164147098555117,0.8440729060723353,0.10493381820310384,0.05099327572456079,0.802047050773782,0.12737759352800307,0.07057535569821495,1.18,7.43,13.41,1.14,9.17,18.87,2024-10-18
2024-11-02,Championship,Sheffield Weds,Watford,A,0.3390882042165225,0.2663838061306823,0.3945279896527952,0.5272029498081119,0.25934983821205504,0.21344721197983293,0.4872978969606251,0.2684268076478019,0.24427529539157294,1.95,3.54,3.89,1.83,3.72,4.52,2024-10-18
2024-11-02,Championship,Cardiff,Norwich,H,0.26261727358211767,0.24390139779956296,0.49348132861831934,0.4264247414712451,0.2623263314741806,0.3112489270545744,0.3691433980123048,0.26455276857548515,0.3663038334122101,2.58,3.6,2.6,2.27,3.69,3.11,2024-10-18
2024-11-02,Championship,Stoke,Derby,H,0.43444761239768426,0.2811957057547835,0.2843566818475324,0.4000674365674788,0.28559386327235947,0.31433870016016185,0.4248479582971329,0.2832319721980886,0.29192006950477845,2.24,3.36,3.26,2.42,3.39,3.08,2024-10-18
2024-11-02,Championship,Oxford,Swansea,A,0.508985065338907,0.2453878311867219,0.2456271034743711,0.29347206060191205,0.29616446482761766,0.4103634745704703,0.34649717628484106,0.3005890330546728,0.3529137906604862,2.75,3.17,2.7,3.3,3.27,2.36,2024-10-18
2024-11-02,Championship,Blackburn,Sheffield United,A,0.24992929034191994,0.281577290358375,0.468493419299705,0.3576924424103025,0.2910950507303062,0.35121250685939126,0.3377113281630269,0.30426388032579416,0.35802479151117883,2.82,3.13,2.66,2.71,3.33,2.76,2024-10-18
2024-11-02,Championship,Hull,Portsmouth,D,0.650256636372769,0.1850871980731375,0.16465616555409363,0.5976857952596711,0.22378468148094663,0.1785295232593823,0.5773884176634775,0.2281727722814706,0.19443881005505195,1.64,4.15,4.87,1.61,4.3,5.39,2024-10-18
2024-11-03,Championship,Millwall,Burnley,H,0.17713337112028898,0.2873227499268229,0.5355438789528879,0.3422422331572073,0.32943725164452264,0.32832051519827005,0.3428831804978072,0.31668280457937004,0.3404340149228228,2.78,3.01,2.8,2.83,2.94,2.95,2024-10-18
2024-11-05,Championship,Bristol City,Sheffield United,A,0.23177327056222582,0.29192706078421454,0.4762996686535596,0.30547956090860584,0.28068701683486397,0.4138334222565302,0.30226152951617347,0.2913364139914925,0.4064020564923341,3.2,3.32,2.38,3.17,3.45,2.34,2024-10-18
2024-11-05,Championship,Oxford,Hull,H,0.5218820680564271,0.23851699095553333,0.23960094098803963,0.3162445099110048,0.2871537686432269,0.39660172144576833,0.3172399542339351,0.28127379663183194,0.40148624913423314,3.05,3.44,2.41,3.06,3.37,2.44,2024-10-18
2024-11-05,Championship,QPR,Middlesbrough,A,0.29868198103907456,0.26058261574019065,0.4407354032207348,0.21977032199954968,0.25182016062448404,0.5284095173759664,0.2516255214672867,0.2676570643862551,0.48071741414645813,3.84,3.61,2.01,4.4,3.84,1.83,2024-10-18
2024-11-05,Championship,Sheffield Weds,Norwich,H,0.28002032398103777,0.24673243237538012,0.473247243643582,0.43801601039309984,0.28139982063045077,0.28058416897644944,0.4264007277382838,0.2880743011803286,0.2855249710813877,2.27,3.36,3.39,2.21,3.44,3.45,2024-10-18
2024-11-05,Championship,Plymouth,Portsmouth,H,0.5987449027562608,0.2004228234305351,0.2008322738132043,0.40172594042844373,0.271193141857857,0.3270809177136991,0.4208353660824859,0.271888017412842,0.3072766165046722,2.3,3.56,3.15,2.41,3.57,2.96,2024-10-18
2024-11-05,Championship,Swansea,Watford,H,0.43103136521379154,0.2603327823414353,0.308635852444773,0.48294692602270056,0.26682150608988986,0.25023156788740963,0.48268767268238194,0.27041326200693666,0.24689906531068131,2.0,3.57,3.91,2.0,3.62,3.86,2024-10-18
2024-11-06,Championship,Blackburn,Stoke,A,0.4542700440189657,0.2650834903713312,0.28064646560970324,0.4560571614160441,0.2708238605607881,0.2731189780231677,0.47308454785090304,0.2671067250506503,0.25980872709844666,2.01,3.56,3.66,2.12,3.57,3.54,2024-10-18
2024-11-06,Championship,Coventry,Derby,A,0.49855069521109907,0.2554900136388416,0.24595929115005927,0.6148784542590419,0.23545345687480387,0.14966808886615438,0.536097212294496,0.2530378842030021,0.21086490350250175,1.77,3.75,4.5,1.57,4.1,6.45,2024-10-18
2024-11-06,Championship,Millwall,Leeds,H,0.2417743884767003,0.2783166856823803,0.4799089258409195,0.19946973263622172,0.2758381445598037,0.5246921228039745,0.21970221250762284,0.2848235269934153,0.495474260498962,4.33,3.34,1.92,4.84,3.5,1.84,2024-10-18
2024-11-06,Championship,Luton,Cardiff,H,0.5153313025852968,0.2616547495282966,0.22301394788640655,0.5084031689334615,0.2653752804872464,0.22622155057929202,0.5023418840534756,0.25729706256397533,0.240361053382549,1.89,3.69,3.95,1.9,3.64,4.27,2024-10-18
2024-11-06,Championship,Preston,Sunderland,D,0.33081777847806765,0.27842959945654483,0.3907526220653875,0.3494552260860999,0.3132656881095459,0.33727908580435423,0.2961220978866459,0.29984690414937104,0.404030997963983,3.22,3.18,2.36,2.77,3.09,2.87,2024-10-18
2024-11-07,Championship,West Brom,Burnley,D,0.24353148028694732,0.3037058981788307,0.4527626215342219,0.393226629552308,0.31004407330085826,0.2967292971468337,0.4128481265104057,0.2998991107669928,0.2872527627226016,2.31,3.18,3.32,2.46,3.12,3.26,2024-10-18
2024-11-08,Championship,Watford,Oxford,H,0.397551433050052,0.2580750091741545,0.34437355777579354,0.5479806290845832,0.26066105599699085,0.19135831491842586,0.5663461104338796,0.24560928258612125,0.18804460697999908,1.7,3.92,5.12,1.76,3.7,5.04,2024-10-18
2024-11-09,Championship,Sunderland,Coventry,D,0.46692741513501335,0.259679138899566,0.27339344596542076,0.4260408304134811,0.28783115626148875,0.28612801332503024,0.42889430568197595,0.2894058840771996,0.28169981024082447,2.22,3.29,3.38,2.27,3.36,3.38,2024-10-18
2024-11-09,Championship,Portsmouth,Preston,H,0.34445625586366424,0.24290980528866923,0.4126339388476664,0.33170041580611914,0.3055410770201476,0.36275850717373337,0.32870639214728253,0.2915133141367337,0.3797802937159838,2.9,3.27,2.51,2.92,3.17,2.67,2024-10-18
2024-11-09,Championship,Leeds,QPR,H,0.7102563983143683,0.18495635915716643,0.10478724252846533,0.7506900291884552,0.1691695840424688,0.08014038676907612,0.7541224388342495,0.16537772781452836,0.08049983335122218,1.25,5.7,11.71,1.28,5.68,11.99,2024-10-18
2024-11-09,Championship,Norwich,Bristol City,A,0.5696111911792139,0.22717510531888885,0.20321370350189738,0.4420300230183817,0.27737700584821084,0.2805929711334075,0.41058984010099714,0.2729422432763075,0.31646791662269547,2.32,3.49,3.01,2.19,3.49,3.45,2024-10-18
2024-11-09,Championship,Stoke,Millwall,D,0.40075066441331064,0.2984856495463955,0.30076368604029363,0.4085632317475073,0.2997816901676757,0.29165507808481705,0.36046507009020967,0.3065101073697005,0.33302482254008986,2.67,3.14,2.89,2.37,3.23,3.32,2024-10-18
2024-11-09,Championship,Middlesbrough,Luton,H,0.5252110383932158,0.24977143658634998,0.22501752502043407,0.6183264235552923,0.22328454183941113,0.15838903460529657,0.5457258631985052,0.2450197753136146,0.20925436148788001,1.76,3.92,4.59,1.56,4.32,6.09,2024-10-18
2024-11-09,Championship,Cardiff,Blackburn,A,0.34486149674072963,0.2637996668603849,0.3913388363988856,0.4083275297126351,0.2805032595417233,0.3111692107456416,0.40896328335329707,0.2769636068819159,0.314073109764787,2.35,3.47,3.06,2.37,3.45,3.11,2024-10-18
2024-11-09,Championship,Derby,Plymouth,D,0.45763790792603765,0.26045650292347355,0.28190558915048886,0.5596429005363436,0.24431111393972355,0.19604598552393296,0.5785541762624277,0.23720721226759534,0.18423861146997697,1.64,4.0,5.15,1.72,3.94,4.91,2024-10-18
2024-11-10,Championship,Sheffield United,Sheffield Weds,H,0.6699915167791708,0.21754647483330902,0.11246200838752018,0.5387914077820053,0.2671569584293046,0.19405163378869006,0.4975145733235485,0.26843300425084116,0.23405242242561028,1.91,3.54,4.06,1.79,3.61,4.97,2024-10-18
2024-11-10,Championship,Hull,West Brom,A,0.34192075356497487,0.27307671044856385,0.3850025359864611,0.3159744704467672,0.28776246415687723,0.3962630653963556,0.3501556373044427,0.2957836439341876,0.35406071876136963,2.72,3.22,2.69,3.06,3.36,2.44,2024-10-18
2024-11-10,Championship,Burnley,Swansea,H,0.6869788488341698,0.20750941947608958,0.10551173168974062,0.4811329486902595,0.2852735182499768,0.23359353305976366,0.49181261022157813,0.2783572837910984,0.2298301059873234,1.93,3.41,4.13,2.01,3.39,4.14,2024-10-18
2024-11-22,Championship,Plymouth,Watford,D,0.3366906505251696,0.2542654165048576,0.4090439329699727,0.28945553778664596,0.2670667116595021,0.44347775055385197,0.301477054238147,0.27031881120236084,0.428204134559492,3.21,3.58,2.26,3.34,3.62,2.18,2024-11-22
2024-11-23,Championship,West Brom,Norwich,D,0.4844279861614048,0.25605533027162836,0.25951668356696694,0.50823060117177,0.2624016690832508,0.22936772974497935,0.512848001608094,0.26650809072330733,0.2206439076685986,1.85,3.56,4.3,1.9,3.68,4.21,2024-11-22
2024-11-23,Championship,QPR,Stoke,D,0.3552773020404206,0.28855638858214916,0.3561663093774304,0.3261576797951131,0.2832421956115456,0.3906001245933412,0.36634251712425014,0.2860331965534686,0.34762428632228115,2.6,3.33,2.74,2.97,3.42,2.48,2024-11-22
2024-11-23,Championship,Preston,Derby,D,0.3927529028036967,0.2786306338793156,0.3286164633169877,0.40148470576494205,0.3061956142068071,0.2923196800282509,0.4370427445625224,0.28355749498401756,0.27939976045346004,2.18,3.36,3.41,2.41,3.16,3.31,2024-11-22
2024-11-23,Championship,Oxford,Middlesbrough,A,0.3550453374227696,0.26780073143582156,0.3771539311414089,0.21250935154571998,0.24241016482853486,0.5450804836257451,0.18176418176418177,0.23255123255123256,0.5856845856845857,5.22,4.08,1.62,4.54,3.98,1.77,2024-11-22
2024-11-23,Championship,Sheffield Weds,Cardiff,D,0.4282778339328935,0.26970261886941427,0.3020195471976923,0.47681319786741777,0.278141032089327,0.24504577004325515,0.48023200425901547,0.2759954047465606,0.24377259099442408,2.0,3.48,3.94,2.03,3.48,3.95,2024-11-22
2024-11-23,Championship,Luton,Hull,H,0.42539590910717734,0.2647442567464784,0.3098598341463443,0.44825779407911975,0.27822897563531573,0.2735132302855646,0.47341969381284543,0.2672959507201739,0.25928435546698075,2.01,3.56,3.67,2.16,3.48,3.54,2024-11-22
2024-11-23,Championship,Coventry,Sheffield United,D,0.2720579322674117,0.29380283416440706,0.43413923356818135,0.3726137332207255,0.294466780052853,0.33291948672642147,0.36590996081650046,0.29161915059012006,0.34247088859337943,2.63,3.3,2.81,2.6,3.29,2.91,2024-11-22
2024-11-23,Championship,Bristol City,Burnley,A,0.18418178268848856,0.2950570478793548,0.5207611694321567,0.32365427134099645,0.3111660036365207,0.3651797250224828,0.3492426407545013,0.3089454129751357,0.34181194627036293,2.76,3.12,2.82,2.99,3.11,2.65,2024-11-22
2024-11-23,Championship,Millwall,Sunderland,D,0.3632509217678022,0.3063870345375473,0.33036204369465055,0.4342910715270502,0.30745050460486406,0.25825842386808584,0.4075367105030371,0.300831515008551,0.2916317744884118,2.34,3.17,3.27,2.23,3.15,3.75,2024-11-22
2024-11-24,Championship,Swansea,Leeds,A,0.23793839578975903,0.27124440733985034,0.49081719687039044,0.22234319005126016,0.26437519036232027,0.5132816195864197,0.21096453993338993,0.26741983935218444,0.5216156207144256,4.5,3.55,1.82,4.34,3.65,1.88,2024-11-22
2024-11-26,Championship,Watford,Bristol City,H,0.46509933373576046,0.2598287938070321,0.2750718724572074,0.4079948440044389,0.2810894710146862,0.31091568498087474,0.4336376313098448,0.2811081156456261,0.28525425304452917,2.23,3.44,3.39,2.37,3.44,3.11,2024-11-22
2024-11-26,Championship,Sunderland,West Brom,D,0.38752508667038604,0.2978287110074102,0.31464620232220375,0.45400127269916485,0.29482399721012836,0.25117473009070673,0.4012422360248447,0.29937888198757767,0.29937888198757767,2.41,3.23,3.23,2.13,3.28,3.85,2024-11-22
2024-11-26,Championship,Sheffield United,Oxford,H,0.5900749444580099,0.2646864742234904,0.14523858131849965,0.6749434356326507,0.20891106341010615,0.11614550095724313,0.6818274077043127,0.20586223658738348,0.11231035570830383,1.41,4.67,8.56,1.43,4.62,8.31,2024-11-22
2024-11-26,Championship,Stoke,Preston,D,0.474433271129225,0.26985709301405963,0.25570963585671547,0.49268617021276595,0.2652925531914893,0.24202127659574466,0.46529373386662126,0.27730973250503504,0.2573965336283437,2.08,3.49,3.76,1.96,3.64,3.99,2024-11-22
2024-11-26,Championship,Hull,Sheffield Weds,A,0.5211700373836146,0.24835517573075497,0.2304747868856305,0.39491232403062476,0.2949802420350704,0.31010743393430473,0.40497470198827457,0.2906575188444373,0.3043677791672881,2.39,3.33,3.18,2.45,3.28,3.12,2024-11-22
2024-11-26,Championship,Burnley,Coventry,H,0.6400519505020841,0.23749508488352666,0.12245296461438926,0.437742091523058,0.29051352019998744,0.2717443882769546,0.42808977004276194,0.2922909003917347,0.27961932956550345,2.26,3.31,3.46,2.21,3.33,3.56,2024-11-22
2024-11-26,Championship,Norwich,Plymouth,H,0.6201450639644989,0.20115874172526077,0.17869619431024059,0.6695424915934751,0.1963627673919764,0.13409474101454857,0.658774544727967,0.19831151243357362,0.14291394283845943,1.46,4.85,6.73,1.44,4.91,7.19,2024-11-22
2024-11-27,Championship,Cardiff,QPR,A,0.439939831969706,0.27525579125119093,0.2848043767791031,0.46794490877317596,0.2824040703091761,0.24965102091764801,0.4923308859794255,0.2707118546838436,0.23695725933673095,1.93,3.51,4.01,2.07,3.43,3.88,2024-11-22
2024-11-27,Championship,Leeds,Luton,H,0.6746252348922717,0.20343835461811868,0.12193641048960968,0.6565677069469684,0.2198529679298505,0.123579325123181,0.6706712115376877,0.2042432847231403,0.12508550373917193,1.41,4.63,7.56,1.47,4.39,7.81,2024-11-22
2024-11-27,Championship,Middlesbrough,Blackburn,A,0.5457495412847801,0.22962123617799662,0.2246292225372233,0.5458138926241122,0.2385408864060935,0.21564522096979433,0.6141658947072455,0.21843313576193024,0.16740096953082442,1.54,4.33,5.65,1.77,4.05,4.48,2024-11-22
2024-11-27,Championship,Derby,Swansea,A,0.40018078273273383,0.2820704243509564,0.31774879291630953,0.36246868273404137,0.30149264264794096,0.3360386746180175,0.38295521420078543,0.29705871755761865,0.319986068241596,2.49,3.21,2.98,2.67,3.21,2.88,2024-11-22
2024-11-29,Championship,Sheffield United,Sunderland,H,0.5211002711244772,0.28820713111055574,0.19069259776496686,0.46506643806258036,0.28367688890620735,0.25125667303121224,0.47372363000873796,0.2928473349144926,0.23342903507676946,2.04,3.3,4.14,2.08,3.41,3.85,2024-11-22
2024-11-30,Championship,Swansea,Portsmouth,D,0.6130664980633292,0.2114849666431504,0.17544853529352036,0.51687795496434,0.2619408606458851,0.2211811843897748,0.5616854407750567,0.24339702433585791,0.19491753488908536,1.69,3.9,4.87,1.87,3.69,4.37,2024-11-22
2024-11-30,Championship,Stoke,Burnley,A,0.17390915689002379,0.2966941357005038,0.5293967074094723,0.3006274563883334,0.2960307062906525,0.40334183732101403,0.3026655880670047,0.29335280074186615,0.40398161119112924,3.15,3.25,2.36,3.22,3.27,2.4,2024-11-22
2024-11-30,Championship,Preston,West Brom,D,0.2788301002742138,0.2846485017238585,0.4365213980019276,0.3113507268701261,0.2934244728988158,0.395224800231058,0.3154789653897471,0.3034224444194383,0.3810985901908145,3.02,3.14,2.5,3.11,3.3,2.45,2024-11-22
2024-11-30,Championship,Norwich,Luton,H,0.5444577824559981,0.22923133940263568,0.22631087814136605,0.4461843597213057,0.2682050029349677,0.28561063734372666,0.4621092539867527,0.26590644223818727,0.2719843037750601,2.06,3.58,3.5,2.17,3.61,3.39,2024-11-22
2024-11-30,Championship,Coventry,Cardiff,D,0.5621061074056215,0.23512076844348506,0.20277312415089355,0.5609104002621843,0.2417959620177837,0.1972936377200321,0.5610507554655942,0.2376380392824196,0.20131120525198606,1.69,3.99,4.71,1.72,3.99,4.89,2024-11-22
2024-11-30,Championship,Blackburn,Leeds,H,0.22339512804595227,0.25559689995052115,0.5210079720035267,0.1871345029239766,0.2514619883040936,0.5614035087719299,0.21808431401757786,0.2635185461045732,0.5183971398778489,4.35,3.6,1.83,5.16,3.84,1.72,2024-11-22
2024-11-30,Championship,Watford,QPR,D,0.5557652699486147,0.24244041331592028,0.20179431673546494,0.5453238139848497,0.2540060923034695,0.20067009371168068,0.5107821483367335,0.2602889851798149,0.22892886648345165,1.86,3.65,4.15,1.77,3.8,4.81,2024-11-22
2024-11-30,Championship,Oxford,Millwall,D,0.38611865410400276,0.3086447596437317,0.30523658625226563,0.2510241279122228,0.2973670438344793,0.451608828253298,0.26307462753713384,0.28771303676266596,0.44921233570020014,3.62,3.31,2.12,3.85,3.25,2.14,2024-11-22
2024-11-30,Championship,Middlesbrough,Hull,H,0.5426967198483702,0.23098205097667682,0.22632122917495295,0.5776431249811416,0.23133429705479772,0.1910225779640607,0.6276666184110289,0.21250596273557257,0.1598274188533986,1.51,4.46,5.93,1.67,4.17,5.05,2024-11-22
2024-11-30,Championship,Bristol City,Plymouth,H,0.5322973039223732,0.24258752299144534,0.22511517308618156,0.6878302096657584,0.18662059952171736,0.12554919081252433,0.6366665238016824,0.21510955112573849,0.1482239250725792,1.49,4.41,6.4,1.4,5.16,7.67,2024-11-22
2024-12-01,Championship,Derby,Sheffield Weds,A,0.4999394920752694,0.2614292087094998,0.2386312992152309,0.36815269150124436,0.3133467892065607,0.3185005192921949,0.38385093167701867,0.3080745341614907,0.3080745341614907,2.48,3.09,3.09,2.63,3.09,3.04,2024-11-22
2024-12-06,Championship,Burnley,Middlesbrough,D,0.615710006291129,0.24326153389138705,0.1410284598174839,0.37962000630598025,0.29877500496303994,0.3216049887309799,0.3841475004751948,0.29424063866185135,0.3216118608629538,2.52,3.29,3.01,2.55,3.24,3.01,2024-11-22
2024-12-07,Championship,QPR,Norwich,H,0.29799226526123984,0.2538402030339257,0.4481675317048343,0.27638641399227226,0.2694575066777028,0.4541560793300249,0.3144362520173412,0.2852520489857916,0.4003116989968672,3.03,3.34,2.38,3.5,3.59,2.13,2024-11-22
2024-12-07,Championship,Portsmouth,Bristol City,H,0.30456450596999424,0.2480483545218005,0.4473871395082053,0.25857004355564556,0.2895365158377589,0.4518934406065956,0.2964219509635899,0.2806827323283551,0.42289531670805497,3.21,3.39,2.25,3.74,3.34,2.14,2024-11-22
2024-12-07,Championship,Millwall,Coventry,A,0.40650270034882036,0.2855090650588413,0.3079882345923384,0.31945281379860857,0.3082617916591669,0.3722853945422246,0.36662606577344703,0.31668696711327654,0.31668696711327654,2.6,3.01,3.01,3.03,3.14,2.6,2024-11-22
2024-12-07,Championship,Luton,Swansea,D,0.40122084762559945,0.27535227135671025,0.3234268810176901,0.40989670946969414,0.2820280566613638,0.30807523386894203,0.4200977594527335,0.2846632578978224,0.2952389826494443,2.27,3.35,3.23,2.36,3.43,3.14,2024-11-22
2024-12-07,Championship,Sunderland,Stoke,H,0.506476155725074,0.26896983088721677,0.2245540133877092,0.5544602965365187,0.24864972061173785,0.1968899828517434,0.5422019603373605,0.25660360155003414,0.20119443811260546,1.77,3.74,4.77,1.74,3.88,4.9,2024-11-22
2024-12-07,Championship,Sheffield Weds,Preston,D,0.4087413438842575,0.2714610745160977,0.31979758159964494,0.45865968235163984,0.29062220112971776,0.2507181165186425,0.490246203059425,0.27932632499897475,0.23042747194160026,1.96,3.44,4.17,2.11,3.33,3.86,2024-11-22
2024-12-07,Championship,Leeds,Derby,H,0.6619842423362209,0.2128396965769518,0.12517606108682724,0.698615572649495,0.20127129232908203,0.10011313502142294,0.7159593038731931,0.1884843746935322,0.09555632143327479,1.34,5.09,10.04,1.38,4.79,9.63,2024-11-22
2024-12-07,Championship,Hull,Blackburn,A,0.44544886466128314,0.258792514125721,0.2957586212129959,0.3668108057841633,0.28232668433533264,0.35086250988050405,0.3809561784760158,0.2801148371147175,0.3389289844092668,2.5,3.4,2.81,2.64,3.43,2.76,2024-11-22
2024-12-08,Championship,West Brom,Sheffield United,D,0.31407127582990857,0.3304864295778948,0.35544229459219656,0.40505661156550765,0.29335918231562524,0.30158420611886705,0.37978874286334174,0.3045590238297085,0.3156522333069496,2.51,3.13,3.02,2.39,3.3,3.21,2024-11-22
2024-12-10,Championship,Sunderland,Bristol City,D,0.49467339576725305,0.2672752095117685,0.2380513947209784,0.49590749642717935,0.2786800051968299,0.2254124983759906,0.5080586140159707,0.2750174833704685,0.21692390261356057,1.9,3.51,4.45,1.95,3.47,4.29,2024-11-22
2024-12-10,Championship,Sheffield Weds,Blackburn,A,0.36402364629353495,0.2675929152655914,0.36838343844087346,0.41744640038665737,0.2925908304824909,0.28996276913085184,0.4152985371659913,0.29411720109324,0.2905842617407687,2.33,3.29,3.33,2.32,3.31,3.34,2024-11-22
2024-12-10,Championship,Portsmouth,Norwich,D,0.25260195778792055,0.21630904646753518,0.5310889957445443,0.2946500824216994,0.27771616963884305,0.4276337479394575,0.28210948324145857,0.2780561860684492,0.4398343306900923,3.43,3.48,2.2,3.28,3.48,2.26,2024-11-22
2024-12-10,Championship,Leeds,Middlesbrough,H,0.5984212827497606,0.2240642970743995,0.17751442017583996,0.5396928041966705,0.2569282232744788,0.20337897252885057,0.5480313939158072,0.2578971265486151,0.1940714795355776,1.76,3.74,4.97,1.79,3.76,4.75,2024-11-22
2024-12-10,Championship,Luton,Stoke,H,0.4225637284037537,0.27634724600594446,0.3010890255903018,0.500018313859596,0.27184094246451274,0.22814074367589127,0.4609979067879875,0.2855739245589303,0.25342816865308215,2.1,3.39,3.82,1.93,3.55,4.23,2024-11-22
2024-12-10,Championship,Burnley,Derby,D,0.6658057918333514,0.23325472039223516,0.1009394877744134,0.5843602236164537,0.2693280360243432,0.14631174035920314,0.5648294892319573,0.27284136344255566,0.1623291473254869,1.71,3.54,5.95,1.65,3.58,6.59,2024-11-22
2024-12-10,Championship,Plymouth,Swansea,A,0.3494486796422969,0.2665113160442892,0.3840400043134141,0.20419430005377306,0.25205233912887615,0.5437533608173508,0.20882372279571304,0.24301400486554015,0.5481622723387468,4.62,3.97,1.76,4.74,3.84,1.78,2024-11-22
2024-12-11,Championship,Cardiff,Preston,A,0.41545509380371437,0.2722347874280294,0.31231011876825604,0.4031426833327595,0.31312053074389085,0.2837367859233497,0.4085805697554986,0.3080882613366705,0.2833311689078309,2.33,3.09,3.36,2.4,3.09,3.41,2024-11-22
2024-12-11,Championship,Hull,Watford,D,0.40759397315889306,0.260563146909295,0.33184287993181216,0.40649965630489576,0.2853891392347056,0.3081112044603987,0.40851539469696674,0.2824453619121461,0.3090392433908871,2.33,3.37,3.08,2.38,3.39,3.14,2024-11-22
2024-12-11,Championship,Millwall,Sheffield United,A,0.24799114624297888,0.3296004459835103,0.42240840777351085,0.34581497797356825,0.3083700440528634,0.34581497797356825,0.3263731792660103,0.32196273089755073,0.35166408983643915,2.92,2.96,2.71,2.8,3.14,2.8,2024-11-22
2024-12-11,Championship,QPR,Oxford,H,0.35000925001466665,0.2924016635147907,0.3575890864705428,0.5125625038582629,0.2669300574109513,0.22050743873078585,0.4775927515361328,0.27871248550055844,0.24369476296330883,1.99,3.41,3.9,1.88,3.61,4.37,2024-11-22
2024-12-11,Championship,West Brom,Coventry,H,0.4975882825349989,0.26423416518419185,0.23817755228080928,0.38449032677613393,0.2936107949926841,0.3218988782311819,0.4070089148478328,0.28773439901629266,0.3052566861358746,2.34,3.31,3.12,2.52,3.3,3.01,2024-11-22
2024-12-13,Championship,Derby,Portsmouth,H,0.5807227027569123,0.222302259329524,0.19697503791356352,0.4788713092456437,0.2913614592398194,0.2297672315145369,0.45410189411676394,0.302261573271471,0.24363653261176504,2.13,3.2,3.97,2.02,3.32,4.21,2024-11-22
2024-12-14,Championship,Swansea,Sunderland,A,0.3690822135016288,0.28621981919627415,0.344697967302097,0.34088706904635396,0.29515831588159913,0.363954615072047,0.3545924250577568,0.3047455665831839,0.3406620083590592,2.69,3.13,2.8,2.84,3.28,2.66,2024-11-22
2024-12-14,Championship,Stoke,Cardiff,D,0.49395776193478624,0.2658539543580714,0.24018828370714213,0.48823115301031494,0.27541244528786996,0.23635640170181504,0.43470018497880214,0.27594011742132657,0.2893596975998713,2.19,3.45,3.29,1.98,3.51,4.09,2024-11-22
2024-12-14,Championship,Sheffield United,Plymouth,H,0.6865674661849278,0.20601755637290448,0.10741497744216794,0.7079780085522296,0.18235797189981673,0.10966401954795359,0.7661032805485878,0.15524003872730854,0.07865668072410376,1.23,6.07,11.98,1.36,5.28,8.78,2024-11-22
2024-12-14,Championship,Oxford,Sheffield Weds,A,0.5033094795568411,0.2654643657501061,0.2312261546930527,0.25333571556190815,0.28801858138288366,0.45864570305520813,0.2803492228703696,0.2997444521255524,0.4199063250040778,3.4,3.18,2.27,3.82,3.36,2.11,2024-11-22
2024-12-14,Championship,Blackburn,Luton,H,0.45399841282956976,0.2604010952536851,0.2856004919167452,0.42596545992773827,0.2819071702728763,0.2921273697993855,0.43481923374405546,0.28510602452080286,0.2800747417351416,2.19,3.34,3.4,2.27,3.43,3.31,2024-11-22
2024-12-14,Championship,Preston,Leeds,D,0.1886498502032852,0.24769973229990663,0.5636504174968082,0.15479876160990713,0.24148606811145515,0.6037151702786379,0.1804055329132856,0.2527581476964502,0.5668363193902641,5.31,3.79,1.69,6.24,4.0,1.6,2024-11-22
2024-12-14,Championship,Middlesbrough,Millwall,H,0.4907005751605244,0.2645648571391072,0.24473456770036833,0.5828336901295518,0.25021394923299517,0.16695236063745306,0.5612433785435706,0.2577449211246289,0.18101170033180045,1.69,3.68,5.24,1.67,3.89,5.83,2024-11-22
2024-12-14,Championship,Coventry,Hull,H,0.49252507026736586,0.24811950939447436,0.25935542033815967,0.5632490662202487,0.2401885045477869,0.19656242923196435,0.5552226646555465,0.2425593964278019,0.20221793891665166,1.73,3.96,4.75,1.71,4.01,4.9,2024-11-22
2024-12-14,Championship,Bristol City,QPR,D,0.5204007274989761,0.2599839501839934,0.21961532231703046,0.5390189854464874,0.2680122177636701,0.19296879678984252,0.49700576479240316,0.2740631788712394,0.2289310563363575,1.93,3.5,4.19,1.79,3.6,5.0,2024-11-22
2024-12-15,Championship,Watford,West Brom,H,0.3575285388958627,0.2825887340643643,0.3598827270397728,0.3694356461905728,0.29330951303615177,0.3372548407732755,0.3323056116822166,0.29803659547748806,0.3696577928402952,2.87,3.2,2.58,2.62,3.3,2.87,2024-11-22
2024-12-15,Championship,Norwich,Burnley,A,0.22296119792282795,0.2807747341055369,0.49626406797163514,0.3363482193329565,0.30751837196156023,0.3561334087054833,0.3231057830879097,0.3016335633257385,0.37526065358635186,2.95,3.16,2.54,2.88,3.15,2.72,2024-11-22
2024-12-20,Championship,Luton,Derby,H,0.42939598167716225,0.27348881315489665,0.29711520516794104,0.4579996075563246,0.29734743752118303,0.24465295492249234,0.43211174193357366,0.30342642693768185,0.26446183112874455,2.24,3.19,3.66,2.11,3.25,3.95,2024-11-22
2024-12-21,Championship,Sunderland,Norwich,H,0.45735456504324895,0.25349875495257623,0.2891466800041748,0.5000784423682253,0.2673549567231786,0.23256660090859627,0.5164201321053121,0.26104753930598196,0.22253232858870595,1.84,3.64,4.27,1.93,3.61,4.15,2024-11-22
2024-12-21,Championship,QPR,Preston,H,0.4017235971146741,0.2793756356201807,0.3189007672651454,0.3485486983576858,0.32298846047812213,0.328462841164192,0.3697093813115534,0.30474447405233474,0.32554614463611187,2.58,3.13,2.93,2.78,3.0,2.95,2024-11-22
2024-12-21,Championship,Plymouth,Middlesbrough,D,0.2930045364051035,0.24055933408362767,0.46643612951126884,0.16682280847057968,0.19881151195050528,0.6343656795789149,0.15798710309362504,0.1993170625527168,0.6426958343536583,5.98,4.74,1.47,5.78,4.85,1.52,2024-11-22
2024-12-21,Championship,Millwall,Blackburn,H,0.4474816181579787,0.2835447323731772,0.26897364946884383,0.4223541308752711,0.30130559492348,0.2763402742012488,0.4072191754916793,0.29592946293494704,0.29685136157337366,2.34,3.22,3.21,2.29,3.21,3.5,2024-11-22
2024-12-21,Championship,Leeds,Oxford,H,0.6455857009214228,0.2234961813803408,0.13091811769823655,0.8284172269104182,0.1227284780608027,0.04885429502877911,0.8313803640228511,0.11788229042115055,0.05073734555599841,1.14,8.04,18.68,1.16,7.83,19.67,2024-11-22
2024-12-21,Championship,Burnley,Watford,H,0.6449268484958373,0.2360515004815098,0.1190216510226529,0.5557308631921825,0.26419991856677527,0.18006921824104236,0.5553161453302623,0.2566461104093915,0.18803774426034628,1.71,3.7,5.05,1.74,3.66,5.37,2024-11-22
2024-12-21,Championship,Sheffield Weds,Stoke,H,0.36115154440621666,0.28058176833749143,0.3582666872562919,0.5186113741243233,0.25725313544953243,0.22413549042614436,0.4827512917803398,0.27526506322145455,0.24198364499820563,1.99,3.49,3.97,1.88,3.79,4.35,2024-11-22
2024-12-21,Championship,Portsmouth,Coventry,H,0.27562509592031537,0.23286442598765705,0.4915104780920276,0.21187057258449948,0.2465501547978191,0.5415792726176814,0.25983523729597335,0.24714405603987183,0.49302070666415465,3.7,3.89,1.95,4.55,3.91,1.78,2024-11-22
2024-12-21,Championship,Hull,Swansea,H,0.41779512745766,0.270869526341005,0.311335346201335,0.39931624854018677,0.29194722702938125,0.3087365244304319,0.3806091271771918,0.27670721027537215,0.342683662547436,2.53,3.48,2.81,2.42,3.31,3.13,2024-11-22
2024-12-21,Championship,Cardiff,Sheffield United,A,0.19021829444626878,0.27872786847986625,0.5310538370738651,0.312147781889655,0.28799348924343166,0.3998587288669134,0.259103759266506,0.2724672769364117,0.46842896379708227,3.67,3.49,2.03,3.1,3.36,2.42,2024-11-22
2024-12-22,Championship,West Brom,Bristol City,H,0.520642278807424,0.2711342679614604,0.20822345323111577,0.43402897073003144,0.3015216837158785,0.26444934555409016,0.44678661494792304,0.28664321983104707,0.2665701652210297,2.13,3.32,3.57,2.23,3.21,3.66,2024-12-22
2024-12-26,Championship,Swansea,QPR,H,0.4970545212378183,0.26486463789839826,0.23808084086378326,0.5104888797257944,0.2788508620467489,0.2106602582274566,0.5162238797173673,0.2777344849941391,0.20604163528849362,1.84,3.42,4.61,1.89,3.46,4.58,2024-12-22
2024-12-26,Championship,Stoke,Leeds,A,0.1994609344251749,0.2594057033000174,0.5411333622748079,0.13585809849364586,0.21422613303675112,0.6499157684696031,0.15164098363778356,0.2258328730071049,0.6225261433551116,6.24,4.19,1.52,7.08,4.49,1.48,2024-12-22
2024-12-26,Championship,Derby,West Brom,H,0.31447147149509225,0.2980843835605056,0.38744414494440216,0.3135566325671054,0.3208245015338926,0.3656188658990021,0.35159839572409374,0.30441905827868815,0.34398254599721806,2.71,3.13,2.77,3.09,3.02,2.65,2024-12-22
2024-12-26,Championship,Watford,Portsmouth,H,0.5893090711201994,0.21286042075312564,0.19783050812667508,0.5062786211964152,0.26565718859482224,0.22806419020876248,0.5238891205900609,0.2555901100452857,0.2205207693646535,1.81,3.71,4.3,1.91,3.64,4.24,2024-12-22
2024-12-26,Championship,Preston,Hull,H,0.4158213300319986,0.2766060903539237,0.3075725796140779,0.411708757219056,0.2986159195878955,0.2896753231930484,0.4179910676009572,0.292337311082878,0.2896716213161648,2.28,3.26,3.29,2.35,3.24,3.34,2024-12-22
2024-12-26,Championship,Sheffield United,Burnley,A,0.3078751123336343,0.38420553735834106,0.30791935030802475,0.39060932895122596,0.31761020845870175,0.2917804625900724,0.38728781999687656,0.3083262256285814,0.30438595437454197,2.46,3.09,3.13,2.48,3.05,3.32,2024-12-22
2024-12-26,Championship,Norwich,Millwall,H,0.49004486533016794,0.26368505115222896,0.2462700835176032,0.4139569671511892,0.3084902239279562,0.2775528089208546,0.44298200825267875,0.2894867227183159,0.2675312690290054,2.15,3.29,3.56,2.34,3.14,3.49,2024-12-22
2024-12-26,Championship,Blackburn,Sunderland,D,0.3691032305152306,0.2886830761323743,0.3422136933523951,0.3170978212279645,0.2975841091523974,0.3853180696196381,0.3297811631097746,0.30645259208593206,0.36376624480429337,2.89,3.11,2.62,3.05,3.25,2.51,2024-12-22
2024-12-26,Championship,Bristol City,Luton,H,0.4739915867001953,0.26663409407225847,0.2593743192275464,0.47353643716213384,0.2849599798851779,0.24150358295268826,0.4143576826196474,0.2896725440806045,0.2959697732997481,2.3,3.29,3.22,2.04,3.39,4.0,2024-12-22
2024-12-26,Championship,Oxford,Cardiff,H,0.3769615029276591,0.2645253460478033,0.35851315102453735,0.35086107380969217,0.3045209319857705,0.3446179942045375,0.3241569776804406,0.30063770169731713,0.37520532062224227,2.94,3.17,2.54,2.76,3.18,2.81,2024-12-22
2024-12-26,Championship,Middlesbrough,Sheffield Weds,D,0.604357130453719,0.2151581695516808,0.1804846999946001,0.5163959863452984,0.25147408710044483,0.2321299265542567,0.5774900726584824,0.23384783189133612,0.18866209545018153,1.64,4.05,5.02,1.87,3.84,4.16,2024-12-22
2024-12-26,Championship,Coventry,Plymouth,H,0.6108680597938355,0.20581116679036704,0.18332077341579733,0.7381067548664584,0.159923130221066,0.10197011491247567,0.7172470277654419,0.16936781335427253,0.11338515888028543,1.32,5.59,8.35,1.3,6.0,9.41,2024-12-22
2024-12-29,Championship,Norwich,QPR,D,0.5783175080191788,0.22569848646610177,0.19598400551471934,0.5811460079969044,0.23819811685799044,0.18065587514510512,0.5361599816814869,0.2510590390413312,0.212780979277182,1.77,3.78,4.46,1.66,4.05,5.34,2024-12-22
2024-12-29,Championship,Preston,Sheffield Weds,H,0.44061920845074753,0.27500678018528035,0.2843740113639721,0.33623821042761576,0.31542867948909886,0.34833311008328544,0.3855622783225537,0.30523680367202166,0.3092009180054246,2.47,3.12,3.08,2.88,3.07,2.78,2024-12-22
2024-12-29,Championship,Sheffield United,West Brom,D,0.5134730089674113,0.298616909425867,0.18791008160672149,0.4674767993074105,0.2862949628894496,0.24622823780313985,0.47482613943330076,0.2895281338007932,0.2356457267659061,2.0,3.28,4.03,2.07,3.38,3.93,2024-12-22
2024-12-29,Championship,Bristol City,Portsmouth,H,0.5459665982957296,0.23083178107505647,0.2232016206292141,0.5925861757069733,0.24087667491330833,0.16653714937971834,0.5580439413158462,0.24513558145657324,0.1968204772275806,1.7,3.87,4.82,1.63,4.01,5.8,2024-12-22
2024-12-29,Championship,Coventry,Millwall,D,0.4365968907057429,0.2875204791450699,0.2758826301491872,0.5164125588995891,0.2759118528977805,0.20767558820263046,0.5239422279944917,0.2634265090750083,0.2126312629305,1.81,3.6,4.46,1.87,3.5,4.65,2024-12-22
2024-12-29,Championship,Oxford,Plymouth,H,0.4085124053471539,0.2439089946421039,0.3475786000107424,0.4878662118563174,0.2675831300486173,0.24455065809506538,0.5078629860670127,0.2616263867617945,0.23051062717119272,1.87,3.63,4.12,1.98,3.61,3.95,2024-12-22
2024-12-29,Championship,Stoke,Sunderland,H,0.3269734132676128,0.2934633914208081,0.37956319531157917,0.2825246119105997,0.2841865213924268,0.4332888666969736,0.2974355774630311,0.2832719785362201,0.41929244400074867,3.2,3.36,2.27,3.42,3.4,2.23,2024-12-22
2024-12-29,Championship,Swansea,Luton,H,0.4879836574499087,0.25656383250977366,0.25545251004031777,0.4788065257704035,0.268663661682282,0.2525298125473146,0.4307758547780692,0.2735674250171071,0.2956567202048238,2.21,3.48,3.22,2.02,3.6,3.83,2024-12-22
2024-12-29,Championship,Watford,Cardiff,A,0.5681063585252862,0.23816851663432642,0.19372512484038729,0.5009687936039784,0.2731270541400221,0.22590415225599958,0.47825493569322375,0.2665902862827774,0.2551547780239988,1.99,3.57,3.73,1.93,3.54,4.28,2024-12-22
2024-12-29,Championship,Derby,Leeds,A,0.20985247925121414,0.26191699698691784,0.528230523761868,0.1626553354032089,0.24460068159368628,0.5927439830031048,0.16975532475734523,0.2408457526379593,0.5893989226046954,5.59,3.94,1.61,5.94,3.95,1.63,2024-12-22
2024-12-29,Championship,Middlesbrough,Burnley,D,0.22807181830939938,0.2944128348893051,0.47751534680129565,0.36953893434631013,0.2942832851025327,0.33617778055115716,0.4069621700024438,0.28683478247160193,0.30620304752595445,2.34,3.32,3.11,2.62,3.29,2.88,2024-12-22
2024-12-29,Championship,Blackburn,Hull,A,0.4769556736906132,0.26659491859176143,0.2564494077176255,0.4790160590502861,0.2772528479316842,0.2437310930180297,0.46826994384998416,0.2795847017692552,0.2521453543807607,2.03,3.4,3.77,2.02,3.49,3.97,2024-12-22
2025-01-01,Championship,West Brom,Preston,H,0.569213269355984,0.2550925485656024,0.1756941820784137,0.49576034089441745,0.2860155812852408,0.21822407782034176,0.5164912647220119,0.2786932337502938,0.2048155015276944,1.84,3.41,4.64,1.95,3.38,4.43,2024-12-22
2025-01-01,Championship,Hull,Middlesbrough,A,0.33964936328734685,0.25323118148612306,0.4071194552265299,0.3063674909009042,0.2727102172526359,0.4209222918464598,0.2908991303156886,0.26871190851194965,0.44038896117236187,3.27,3.54,2.16,3.16,3.55,2.3,2024-12-22
2025-01-01,Championship,QPR,Watford,H,0.3518772745207231,0.28105379308348893,0.367068932395788,0.3699812148753244,0.2991823404238735,0.33083644470080203,0.3545706705743582,0.29347541656769954,0.35195391285794225,2.69,3.25,2.71,2.62,3.24,2.93,2024-12-22
2025-01-01,Championship,Sheffield Weds,Derby,H,0.3978849883669695,0.2821238209177852,0.3199911907152454,0.46496076811527404,0.2979779535599434,0.23706127832478258,0.47396235121086067,0.27533651038549994,0.2507011384036394,2.01,3.46,3.8,2.07,3.23,4.06,2024-12-22
2025-01-01,Championship,Sunderland,Sheffield United,H,0.276500422715238,0.3185459411198199,0.40495363616494223,0.4696590225406108,0.2896699360579815,0.24067104140140758,0.40862711096222437,0.2966047254024868,0.2947681636352888,2.33,3.21,3.23,2.06,3.34,4.02,2024-12-22
2025-01-01,Championship,Portsmouth,Swansea,H,0.3670140571468716,0.24618267875556948,0.3868032640975589,0.2942521703121444,0.2773895817555745,0.42835824793228106,0.3311293590700651,0.27642103018022823,0.3924496107497067,2.88,3.45,2.43,3.29,3.49,2.26,2024-12-22
2025-01-01,Championship,Plymouth,Bristol City,D,0.3382817478950558,0.2589956177542683,0.4027226343506758,0.19425914753573378,0.24442226917787258,0.5613185832863935,0.23138411431181544,0.24894992403705798,0.5196659616511264,4.11,3.82,1.83,4.97,3.95,1.72,2024-12-22
2025-01-01,Championship,Leeds,Blackburn,D,0.6574341409366569,0.21274282273402276,0.12982303632932013,0.7396327216916113,0.17108941960837987,0.08927785870000882,0.6911397407124077,0.19850344754213806,0.11035681174545436,1.37,4.77,8.58,1.3,5.62,10.77,2024-12-22
2025-01-01,Championship,Cardiff,Coventry,D,0.33509531210773913,0.2639739380316831,0.4009307498605777,0.2888252603586282,0.29231559583124,0.41885914381013184,0.31555997432244126,0.27543096024675506,0.4090090654308036,3.02,3.46,2.33,3.35,3.31,2.31,2024-12-22
2025-01-01,Championship,Burnley,Stoke,D,0.6770041712610683,0.23400959301285537,0.08898623572607642,0.6344123992816754,0.2258329852243903,0.13975461549393428,0.6141256958883896,0.24126366624186735,0.1446106378697431,1.54,3.92,6.54,1.52,4.27,6.9,2024-12-22
2025-01-01,Championship,Millwall,Oxford,A,0.5899952191521151,0.24563138961384223,0.16437339123404276,0.5361670505179781,0.27648500325855846,0.18734794622346337,0.561635678661992,0.2572260967313731,0.18113822460663484,1.69,3.69,5.24,1.81,3.51,5.18,2024-12-22
2025-01-01,Championship,Luton,Norwich,A,0.3566760189387602,0.24761393553189134,0.39571004552934824,0.3498896807575905,0.2963897295714146,0.3537205896709948,0.375184992600296,0.28446862125514977,0.3403463861445542,2.54,3.35,2.8,2.77,3.27,2.74,2024-12-22
2025-01-04,Championship,Blackburn,Burnley,A,0.18002924644793647,0.3071953442464291,0.5127754093056345,0.27430328132631154,0.31540409872373937,0.4102926199499491,0.26763918171975615,0.3109464926776455,0.4214143256025985,3.59,3.09,2.28,3.53,3.07,2.36,2024-12-22
2025-01-04,Championship,Stoke,Plymouth,D,0.5310359775660927,0.24188534111425708,0.22707868131965037,0.5948560617147158,0.21802416741580083,0.18711977086948345,0.5783191669324311,0.2269526754392046,0.19472815762836423,1.66,4.23,4.93,1.62,4.42,5.15,2024-12-22
2025-01-04,Championship,Swansea,West Brom,D,0.34052455708293383,0.28785046866220804,0.3716249742548582,0.4224116187758575,0.28534590176894203,0.2922424794552005,0.3757178143830336,0.28797533078460064,0.3363068548323658,2.56,3.34,2.86,2.29,3.39,3.31,2024-12-22
2025-01-04,Championship,Bristol City,Derby,H,0.4478754463163675,0.28020345827382925,0.27192109540980325,0.5310875346209408,0.26627529284025137,0.20263717253880767,0.4932485608729273,0.28587679353896384,0.22087464558810896,1.93,3.33,4.31,1.82,3.63,4.77,2024-12-22
2025-01-04,Championship,Hull,Leeds,D,0.20254166337517593,0.25032608454516797,0.5471322520796562,0.14389121301590416,0.23008857451230497,0.6260202124717908,0.16194430874450413,0.23180263800683928,0.6062530532486565,5.84,4.08,1.56,6.7,4.19,1.54,2024-12-22
2025-01-04,Championship,Middlesbrough,Cardiff,D,0.6430584526508709,0.2015575355610597,0.15538401178806951,0.6139647680959278,0.22210246219138402,0.1639327697126882,0.6032619303528163,0.2239057282869791,0.17283234136020467,1.57,4.23,5.48,1.57,4.34,5.88,2024-12-22
2025-01-04,Championship,Norwich,Coventry,H,0.51401880092908,0.22697524243031209,0.25900595664060805,0.46675608354090825,0.27763939452002295,0.25560452193906885,0.39187015122805763,0.2808980730041829,0.32723177576775947,2.43,3.39,2.91,2.07,3.48,3.78,2024-12-22
2025-01-04,Championship,Preston,Oxford,D,0.5608919256179677,0.23776984301992868,0.2013382313621036,0.4935805231474083,0.28453465452027066,0.22188482233232112,0.5162414060548698,0.27453300206386144,0.20922559188126882,1.84,3.46,4.54,1.96,3.4,4.36,2024-12-22
2025-01-04,Championship,Sheffield Weds,Millwall,D,0.3588708988976301,0.30771495129024895,0.33341414981212086,0.41142034367125774,0.3169960025008052,0.27158365382793703,0.43484301194776326,0.3042511808835787,0.2609058071686579,2.19,3.13,3.65,2.35,3.05,3.56,2024-12-22
2025-01-04,Championship,Watford,Sheffield United,A,0.24769697487147335,0.29577192574382777,0.45653109938469877,0.3519245875883739,0.30243519245875883,0.34564021995286726,0.3271394170290767,0.28587858965603996,0.38698199331488337,2.91,3.33,2.46,2.75,3.2,2.8,2024-12-22
2025-01-05,Championship,Sunderland,Portsmouth,H,0.6217747102080439,0.2106130262450566,0.16761226354689923,0.6308594931349422,0.21593177281800038,0.15320873404705737,0.647506409368071,0.21054774113082042,0.14194584950110867,1.46,4.49,6.66,1.53,4.47,6.3,2024-12-22
2025-01-06,Championship,QPR,Luton,H,0.4146253739585955,0.2794839293189645,0.30589069672243996,0.39715352811890015,0.30282956519066134,0.3000169066904385,0.37645768037723215,0.31024036851934766,0.3133019511034202,2.53,3.07,3.04,2.44,3.2,3.23,2024-12-22
2025-01-14,Championship,Cardiff,Watford,D,0.3230212903235131,0.2704056186383084,0.4065730910381784,0.4135245764008344,0.30028246163260586,0.2861929619665598,0.41903555309208956,0.29875682951936017,0.2822076173885501,2.31,3.24,3.43,2.36,3.25,3.41,2024-12-22
2025-01-14,Championship,Plymouth,Oxford,D,0.5206294072940895,0.22918298512771412,0.25018760757819647,0.4356984848653275,0.28873153325403794,0.27556998188063453,0.4080566439815769,0.28782566852271946,0.30411768749570356,2.37,3.36,3.18,2.22,3.35,3.51,2024-12-22
2025-01-15,Championship,Blackburn,Portsmouth,H,0.5593089916183219,0.2263768262726423,0.21431418210903583,0.5600072763654554,0.2561735413161126,0.18381918231843192,0.5509535124596356,0.2520319259123865,0.1970145616279778,1.72,3.76,4.81,1.72,3.76,5.24,2024-12-22
2025-01-17,Championship,Burnley,Sunderland,D,0.5860301030574917,0.28147246333664455,0.13249743360586388,0.4234573081188,0.31346839691911166,0.2630742949620883,0.4317432963651896,0.30897922806965644,0.25927747556515407,2.24,3.13,3.73,2.28,3.08,3.67,2024-12-22
2025-01-18,Championship,Cardiff,Swansea,H,0.3456723100991684,0.272326045661419,0.3820016442394126,0.34218716758724477,0.31441223515321515,0.34340059725954,0.3582994992021991,0.29747705334997393,0.344223447447827,2.69,3.24,2.8,2.83,3.08,2.82,2024-12-22
2025-01-18,Championship,Millwall,Hull,A,0.45147057361232057,0.2952080210522907,0.2533214053353886,0.4415381925217847,0.30795179669513006,0.2505100107830851,0.4531364510394369,0.30304393571091676,0.24381961324964624,2.12,3.17,3.94,2.19,3.14,3.86,2024-12-22
2025-01-18,Championship,Plymouth,QPR,A,0.39225724170316667,0.26351891534572003,0.3442238429511133,0.3518807554237553,0.2897221788668644,0.3583970657093804,0.3218679859454505,0.2916319024172416,0.386500111637308,2.99,3.3,2.49,2.75,3.34,2.7,2024-12-22
2025-01-18,Championship,Coventry,Bristol City,H,0.4654310546260921,0.26073027295913503,0.27383867241477305,0.38263670592440907,0.2978679587657707,0.31949533530982005,0.455696767664742,0.27526192035240193,0.2690413119828561,2.09,3.46,3.54,2.53,3.25,3.03,2024-12-22
2025-01-18,Championship,Derby,Watford,A,0.38900003331674154,0.27786566031387816,0.3331343063693803,0.4783528025234844,0.2800790322021561,0.24156816527435962,0.42305675023602224,0.2858491555648799,0.2910940941990979,2.25,3.33,3.27,2.02,3.45,4.0,2024-12-22
2025-01-18,Championship,Luton,Preston,D,0.4516620584992313,0.2700595425151968,0.2782783989855717,0.47215421752752057,0.305336323637671,0.22250945883480855,0.42669975915165714,0.2982885463662055,0.2750116944821374,2.23,3.19,3.46,2.05,3.17,4.35,2024-12-22
2025-01-18,Championship,Oxford,Blackburn,H,0.2795468882256798,0.25998256223167443,0.4604705495426457,0.2829507860482606,0.30526551680916447,0.41178369714257507,0.2968871442590775,0.29233366045142295,0.41077919528949947,3.21,3.26,2.32,3.42,3.17,2.35,2024-12-22
2025-01-18,Championship,Portsmouth,Middlesbrough,H,0.2919331372412834,0.223661894341869,0.4844049684168476,0.2373601767212048,0.2646728545904941,0.4979669686883009,0.23350648922310727,0.24431141674499915,0.5221820940318938,4.07,3.89,1.82,4.07,3.65,1.94,2024-12-22
2025-01-18,Championship,Sheffield United,Norwich,H,0.6043340447690554,0.2335507493227341,0.1621152059082106,0.4784256428231816,0.27691111704952054,0.2446632401272979,0.4599474514702134,0.27920563769599455,0.2608469108337922,2.07,3.41,3.65,2.02,3.49,3.95,2024-12-22
2025-01-18,Championship,West Brom,Stoke,D,0.5485595249525465,0.26532124545912966,0.18611922958832383,0.4881065070689181,0.28013069101346605,0.23176280191761578,0.5391328044001892,0.2585487018376929,0.20231849376211788,1.76,3.67,4.69,1.98,3.45,4.17,2024-12-22
2025-01-19,Championship,Leeds,Sheffield Weds,H,0.7219466547258919,0.18106809454698608,0.09698525072712212,0.6822461029384557,0.1955217490128501,0.1222321480486941,0.6966779072485059,0.1902574204534072,0.11306467229808688,1.36,4.98,8.38,1.41,4.92,7.87,2024-12-22
2025-01-21,Championship,Watford,Preston,A,0.5160185923010986,0.2542619767845451,0.22971943091435648,0.4584599326551184,0.289625885599491,0.2519141817453906,0.4461843597213057,0.28561063734372666,0.2682050029349677,2.17,3.39,3.61,2.11,3.34,3.84,2025-01-21
2025-01-21,Championship,Swansea,Sheffield United,A,0.24031919933305693,0.28338721139146245,0.47629358927548066,0.3616052569819291,0.3019009622154423,0.33649378080262843,0.3283477529860941,0.29621586278562007,0.3754363842282859,2.95,3.27,2.58,2.68,3.21,2.88,2025-01-21
2025-01-21,Championship,Millwall,Cardiff,D,0.48462621923442717,0.28853320847062963,0.22684057229494323,0.4209427899426906,0.33270392332240145,0.24635328673490794,0.43342215482643365,0.324339397739244,0.24223844743432252,2.23,2.98,3.99,2.3,2.91,3.93,2025-01-21
2025-01-21,Championship,Oxford,Luton,H,0.4049351456435598,0.26992651181305866,0.32513834254338164,0.2873659741280923,0.3074359786703717,0.40519804720153596,0.3206459549706119,0.305473433442034,0.37388061158735436,3.02,3.17,2.59,3.37,3.15,2.39,2025-01-21
2025-01-21,Championship,Middlesbrough,West Brom,H,0.4217289671612318,0.26534124927825836,0.31292978356050977,0.4882639352982093,0.2700454167291772,0.24169064797261358,0.47849141046311217,0.2730374715071996,0.24847111802968805,2.02,3.54,3.89,1.98,3.58,4.0,2025-01-21
2025-01-21,Championship,Hull,QPR,A,0.462846522074751,0.2745227148100138,0.26263076311523503,0.4284213741367879,0.2988371313423273,0.2727414945208847,0.4521788178123599,0.28629073080427525,0.2615304513833649,2.14,3.38,3.7,2.26,3.24,3.55,2025-01-21
2025-01-21,Championship,Derby,Sunderland,A,0.3185000308261895,0.29053548182810235,0.39096448734570827,0.23455006143017434,0.2647523981074844,0.5006975404623412,0.2638819998334559,0.2856775632415289,0.45044043692501534,3.67,3.39,2.15,4.12,3.65,1.93,2025-01-21
2025-01-21,Championship,Blackburn,Coventry,A,0.42955400848249203,0.2686832762469586,0.3017627152705493,0.38104158569762925,0.29417800233190833,0.32478041197046253,0.3653116891757036,0.29971392455591783,0.33497438626837867,2.65,3.23,2.89,2.54,3.29,2.98,2025-01-21
2025-01-22,Championship,Leeds,Norwich,H,0.6549353639437383,0.1970277700130879,0.1480368660431739,0.7244166714441322,0.1764604712492117,0.09912285730665595,0.6913422822252049,0.19329365849970012,0.11536405927509508,1.37,4.9,8.21,1.33,5.46,9.72,2025-01-21
2025-01-22,Championship,Portsmouth,Stoke,H,0.40947440039959615,0.2627216509364956,0.3278039486639084,0.3906610366581547,0.303711401539882,0.30562756180196327,0.3889077645648046,0.29869091635854905,0.31240131907664637,2.45,3.19,3.05,2.48,3.19,3.17,2025-01-21
2025-01-22,Championship,Sheffield Weds,Bristol City,D,0.39181786094757987,0.2704304402528236,0.33775169879959643,0.40198282167241695,0.2999314551797291,0.29808572314785386,0.38585459647664083,0.29324949332224703,0.320895910201112,2.47,3.25,2.97,2.41,3.23,3.25,2025-01-21
2025-01-22,Championship,Plymouth,Burnley,A,0.09744801788275333,0.2369415764524721,0.6656104056647747,0.16211595163738507,0.238759879267931,0.5991241690946839,0.180318604273796,0.2413424576285412,0.5783389380976628,5.26,3.93,1.64,5.95,4.04,1.61,2025-01-21
2025-01-24,Championship,Sheffield United,Hull,A,0.6410544845589484,0.2316588860646629,0.12728662937638843,0.5573292915205496,0.25174404029518294,0.19092666818426746,0.5508350424846177,0.2563726926457662,0.1927922648696162,1.75,3.76,5.0,1.73,3.83,5.05,2025-01-21
2025-01-25,Championship,West Brom,Portsmouth,H,0.6423183145143408,0.20656607412041797,0.15111561136524107,0.5995943547705569,0.2507394574495056,0.14966618777993745,0.5757214012266908,0.25674062487136207,0.16753797390194705,1.65,3.7,5.67,1.61,3.85,6.45,2025-01-21
2025-01-25,Championship,Sunderland,Plymouth,D,0.6707366472331051,0.19987981683031472,0.12938353593658034,0.7769556054875582,0.1502602821933485,0.07278411231909342,0.7575835015716439,0.15527331271881628,0.08714318570953974,1.24,6.05,10.78,1.23,6.36,13.13,2025-01-21
2025-01-25,Championship,QPR,Sheffield Weds,A,0.45092562176682216,0.2651623660925257,0.28391201214065215,0.37231325151080935,0.2915706186530435,0.3361161298361473,0.3762815676179486,0.303182282188984,0.32053615019306725,2.53,3.14,2.97,2.6,3.32,2.88,2025-01-21
2025-01-25,Championship,Preston,Middlesbrough,H,0.33026559624638424,0.2590100097954713,0.4107243939581444,0.2787314784658003,0.27555505136077696,0.4457134701734226,0.2978048550701881,0.2914298275916214,0.41076531733819055,3.2,3.27,2.32,3.47,3.51,2.17,2025-01-21
2025-01-25,Championship,Coventry,Watford,H,0.4639423610253191,0.25340497369524634,0.28265266527943456,0.5417941619311283,0.24855505366943514,0.2096507843994366,0.5483237325238071,0.2476762551608841,0.20400001231530884,1.73,3.83,4.65,1.78,3.88,4.6,2025-01-21
2025-01-25,Championship,Norwich,Swansea,H,0.5446827751877805,0.22545721260606408,0.2298600122061556,0.4477013087439268,0.2844220079079065,0.2678766833481668,0.4386783647563935,0.2893410490946425,0.271980586148964,2.17,3.29,3.5,2.16,3.4,3.61,2025-01-21
2025-01-25,Championship,Bristol City,Blackburn,H,0.4261798564967428,0.2842112740012963,0.2896088695019609,0.5327316612446217,0.28112078916990235,0.1861475495854759,0.4777387783375765,0.2863554725577643,0.23590574910465936,1.99,3.32,4.03,1.81,3.43,5.18,2025-01-21
2025-01-25,Championship,Stoke,Oxford,D,0.5044354365249496,0.26360903084133525,0.23195553263371496,0.4198452466169002,0.2953039960913977,0.2848507572917022,0.473506851489721,0.2799261092630409,0.24656703924723813,2.01,3.4,3.86,2.3,3.27,3.39,2025-01-21
2025-01-25,Championship,Luton,Millwall,A,0.37218517636872245,0.31237636393260776,0.31543845969867,0.476564635371215,0.323553916322263,0.199881448306522,0.4190298550870757,0.3160125485208179,0.26495759639210636,2.27,3.01,3.59,2.03,2.99,4.84,2025-01-21
2025-01-25,Championship,Cardiff,Derby,H,0.41314302634438643,0.27603368281356494,0.3108232908420485,0.46294779542810144,0.3004847492064385,0.23656745536546014,0.4347925242596668,0.3071598800415065,0.2580475956988267,2.19,3.1,3.69,2.09,3.22,4.09,2025-01-21
2025-01-27,Championship,Burnley,Leeds,D,0.46006164594760357,0.3416295411026005,0.1983088129497958,0.2882828360209906,0.3114566974374689,0.4002604665415406,0.28830725236317417,0.31193899436015565,0.39975375327667007,3.3,3.05,2.38,3.36,3.11,2.42,2025-01-21
2025-01-28,Championship,Portsmouth,Millwall,A,0.372857021857447,0.2807942883415324,0.3463486898010208,0.40007345289832896,0.3184795250045908,0.2814470220970802,0.37950155787536216,0.3152211637075484,0.3052772784170894,2.55,3.07,3.17,2.42,3.04,3.44,2025-01-21
2025-01-31,Championship,Blackburn,Preston,H,0.49403056951709623,0.26959348089214186,0.23637594959076233,0.44120586458733735,0.30384932183844926,0.2549448135742134,0.4354460093896713,0.3039906103286385,0.2605633802816901,2.22,3.18,3.71,2.19,3.18,3.79,2025-01-21
2025-02-01,Championship,Oxford,Bristol City,D,0.34657652413440565,0.2750609239601809,0.3783625519054134,0.2888670448156237,0.30623563295327194,0.40489732223110436,0.28059217073133386,0.3045668182305301,0.4148410110381359,3.43,3.16,2.32,3.35,3.16,2.39,2025-01-21
2025-02-01,Championship,Plymouth,West Brom,H,0.2240688061015927,0.25194640569447874,0.5239847882039286,0.21540906942139845,0.2629516705743502,0.5216392600042513,0.19430355612006456,0.2388819280977352,0.5668145157822001,4.93,4.01,1.69,4.48,3.67,1.85,2025-01-21
2025-02-01,Championship,Watford,Norwich,A,0.4246911535167863,0.2444731317195703,0.3308357147636433,0.3447439604514504,0.28831265740136175,0.3669433821471877,0.352910192257045,0.28759547010798,0.35949433763497496,2.73,3.35,2.68,2.81,3.36,2.64,2025-01-21
2025-02-01,Championship,Derby,Sheffield United,A,0.21301083408324326,0.28735026843775313,0.4996388974790033,0.2717443882769546,0.29051352019998744,0.437742091523058,0.271332378333244,0.2957691453259895,0.4328984763407665,3.51,3.22,2.2,3.56,3.33,2.21,2025-01-21
2025-02-01,Championship,Hull,Stoke,A,0.4407317947023145,0.2840566392505043,0.2752115660471813,0.464452812963597,0.2744493894784892,0.26109779755791396,0.4999655528763348,0.26834309335170514,0.23169135377196007,1.9,3.54,4.1,2.08,3.52,3.7,2025-01-21
2025-02-01,Championship,Leeds,Cardiff,H,0.7508077945335361,0.16448575769344692,0.08470644777301692,0.7471681883364383,0.16879981838073652,0.08403199328282523,0.7405695006918163,0.16837104100986233,0.09105945829832131,1.28,5.63,10.41,1.29,5.71,11.47,2025-01-21
2025-02-01,Championship,Millwall,QPR,H,0.4518823279477057,0.3058385237835511,0.24227914826874294,0.4421739503734868,0.3227869837726453,0.23503906585386794,0.41578219634267466,0.31217745233597544,0.27204035132134996,2.29,3.05,3.5,2.19,3.0,4.12,2025-01-21
2025-02-01,Championship,Portsmouth,Burnley,D,0.12305650831995,0.2500036955419878,0.6269397961380624,0.2287145939174612,0.3061590924907788,0.46512631359176004,0.20101885391733973,0.27186504025496944,0.5271161058276909,4.72,3.49,1.8,4.23,3.16,2.08,2025-01-21
2025-02-01,Championship,Sheffield Weds,Luton,D,0.45340535852477104,0.2607453169988665,0.2858493244763625,0.4815369773599623,0.28467333073338946,0.23378969190664836,0.4510330214989762,0.2875165182365075,0.2614504602645164,2.11,3.31,3.64,2.01,3.4,4.14,2025-01-21
2025-02-01,Championship,Swansea,Coventry,A,0.417743244367404,0.2592713260172978,0.32298542961529814,0.3595562534825997,0.2861557165290512,0.3542880299883491,0.3679859045830173,0.2879406322870135,0.3440734631299692,2.59,3.31,2.77,2.69,3.38,2.73,2025-01-21
2025-02-03,Championship,Middlesbrough,Sunderland,A,0.4488830282807397,0.2601256359651946,0.2909913357540657,0.35066147133624215,0.28549429524720593,0.3638442334165519,0.4091231563392923,0.280369692432515,0.31050715122819256,2.33,3.4,3.07,2.76,3.39,2.66,2025-01-21
2025-02-04,Championship,Burnley,Oxford,H,0.7523769067198017,0.18873302973467238,0.05889006354552608,0.6253418511467138,0.24504489841372498,0.12961325043956115,0.6327593010856515,0.23865859495041938,0.12858210396392913,1.52,4.03,7.48,1.54,3.93,7.43,2025-01-21
2025-02-04,Championship,QPR,Blackburn,H,0.3761933770018393,0.2893570064450195,0.33444961655314126,0.3626236216892122,0.3035125611003751,0.33386381721041264,0.35998146853970525,0.3083917676343334,0.3316267638259613,2.69,3.14,2.92,2.67,3.19,2.9,2025-01-21
2025-02-05,Championship,Coventry,Leeds,A,0.24865694628334206,0.2559433534795601,0.49539970023709795,0.2117973448526263,0.25754557134079353,0.53065708380658,0.22904767848648722,0.258380759927536,0.5125715615859767,4.14,3.67,1.85,4.56,3.75,1.82,2025-01-21
2025-02-08,Championship,Sunderland,Watford,D,0.49952260566646084,0.2629018988524279,0.23757549548111148,0.6512780269965254,0.2137231662871081,0.1349988067163666,0.6323226214366221,0.21854468482832562,0.14913269373505236,1.5,4.34,6.36,1.48,4.51,7.14,2025-01-21
2025-02-08,Championship,West Brom,Sheffield Weds,H,0.6028032559639485,0.22980778686373046,0.16738895717232116,0.4517857855605911,0.2818721810786195,0.26634203336078927,0.4349175646695897,0.2729138872855018,0.29216854804490844,2.19,3.49,3.26,2.14,3.43,3.63,2025-01-21
2025-02-08,Championship,Norwich,Derby,D,0.5737098218956761,0.22521978040674337,0.20107039769758056,0.5279625531175213,0.26470451293289426,0.20733293394958457,0.5631988073687574,0.244489404749228,0.19231178788201472,1.68,3.87,4.92,1.83,3.65,4.66,2025-01-21
2025-02-08,Championship,Sheffield United,Portsmouth,H,0.7249176100856516,0.17777154047518465,0.09731084943916375,0.6105291290632024,0.23413495726210193,0.15533591367469562,0.631268436578171,0.22123893805309736,0.14749262536873156,1.5,4.28,6.42,1.58,4.12,6.21,2025-01-21
2025-02-09,Championship,Bristol City,Swansea,A,0.4545273543619538,0.26914017087578057,0.27633247476226575,0.5359920044852888,0.26217000219389125,0.20183799332082003,0.5157541202317817,0.2680755879170843,0.21617029185113404,1.84,3.54,4.39,1.8,3.68,4.78,2025-01-21
2025-02-11,Championship,Norwich,Preston,A,0.5764031900266992,0.22472602799663718,0.1988707819766638,0.5605839416058395,0.2510948905109489,0.18832116788321168,0.5339559371014695,0.2692089822155041,0.1968350806830264,1.81,3.59,4.91,1.72,3.84,5.12,2025-01-21
2025-02-11,Championship,Watford,Leeds,A,0.2426044425413538,0.25628938139042406,0.5011061760682219,0.10142981090364524,0.19154474250329823,0.7070254465930566,0.10015486008571327,0.1868909136745057,0.712954226239781,9.61,5.15,1.35,9.48,5.02,1.36,2025-01-21
2025-02-11,Championship,Derby,Oxford,D,0.5010328148996941,0.25647567975846125,0.24249150534184466,0.4416265163663461,0.303185602144921,0.25518788148873295,0.43022391784133884,0.31025763305865783,0.2595184491000034,2.25,3.12,3.73,2.19,3.19,3.79,2025-01-21
2025-02-11,Championship,Coventry,QPR,H,0.5241866010089037,0.2530522971053778,0.2227611018857187,0.4874617945872108,0.27655425595492183,0.23598394945786733,0.5110953155275996,0.26684258186385723,0.22206210260854325,1.89,3.62,4.35,1.98,3.49,4.09,2025-01-21
2025-02-11,Championship,Portsmouth,Cardiff,H,0.4650285572459077,0.24293718182166502,0.29203426093242746,0.45687056864827624,0.279932255934782,0.26319717541694176,0.4206221900910468,0.3013803854234914,0.2779974244854619,2.3,3.21,3.48,2.12,3.46,3.68,2025-01-21
2025-02-12,Championship,Bristol City,Stoke,H,0.4602408813419672,0.28697621851839733,0.2527829001396354,0.538658388347799,0.2557555743083715,0.20558603734382946,0.5508837707552223,0.25334761649705406,0.1957686127477236,1.72,3.74,4.84,1.79,3.77,4.69,2025-01-21
2025-02-12,Championship,Burnley,Hull,H,0.6821319523174878,0.23614631598389382,0.08172173169861809,0.5597680275206708,0.2750860020958725,0.16514597038345688,0.5604618037334134,0.266061923682435,0.17347627258415174,1.69,3.56,5.46,1.72,3.5,5.83,2025-01-21
2025-02-12,Championship,Plymouth,Millwall,H,0.3093968373904001,0.2902951881770839,0.40030797443251603,0.27186528850007186,0.3162877212615215,0.4118469902384067,0.27157840939449196,0.30849197960345204,0.41992961100205584,3.51,3.09,2.27,3.56,3.06,2.35,2025-01-21
2025-02-12,Championship,Sunderland,Luton,H,0.564297414873164,0.2525430981931558,0.18315948693368037,0.6512457477636386,0.22259669900466172,0.12615755323169964,0.5673086665643791,0.24801190396924422,0.1846794294663768,1.67,3.82,5.13,1.48,4.33,7.64,2025-01-21
2025-02-12,Championship,Swansea,Sheffield Weds,A,0.5067328948777653,0.24322875998727772,0.2500383451349569,0.35445907885049144,0.28714340808956723,0.35839751305994133,0.3693801990671731,0.28532961484829544,0.3452901860845315,2.58,3.34,2.76,2.73,3.37,2.7,2025-01-21
2025-02-12,Championship,Sheffield United,Middlesbrough,H,0.5740258650612791,0.2438011654393585,0.1821729694993624,0.42989935778549815,0.2787531858839686,0.29134745633053344,0.4212739170306356,0.2783856878623498,0.3003403951070146,2.26,3.42,3.17,2.25,3.47,3.32,2025-01-21
2025-02-12,Championship,West Brom,Blackburn,A,0.5188930073416526,0.269948812772593,0.21115817988575467,0.5013148544163061,0.2812609502975206,0.21742419528617318,0.5144099477689105,0.267319776228226,0.21827027600286342,1.85,3.56,4.36,1.93,3.44,4.45,2025-01-21
2025-02-14,Championship,QPR,Derby,H,0.42969726657770474,0.28369056686481425,0.28661216655748095,0.4788042213614027,0.293086220348495,0.2281095582901022,0.4599228461208744,0.30277052565950985,0.23730662821961576,2.1,3.19,4.07,2.02,3.3,4.24,2025-01-21
2025-02-15,Championship,Millwall,West Brom,D,0.31725511969171216,0.32420003913522594,0.35854484117306185,0.3421903179595654,0.32387913037644483,0.3339305516639897,0.34915907925891576,0.3198672101935705,0.3309737105475139,2.73,2.98,2.88,2.83,2.99,2.9,2025-01-21
2025-02-15,Championship,Middlesbrough,Watford,A,0.5264575960164309,0.23205038133641998,0.24149202264714903,0.5988825618964316,0.22580817907570377,0.17530925902786457,0.5934310192278641,0.2218433716739679,0.18472560909816782,1.6,4.28,5.14,1.61,4.27,5.5,2025-01-21
2025-02-15,Championship,Luton,Sheffield United,A,0.20623155894154913,0.2831596610606233,0.5106087799978277,0.34195290188673355,0.29148394949983614,0.36656314861343026,0.2679969278382499,0.2874287292525037,0.44457434290924636,3.55,3.31,2.14,2.83,3.32,2.64,2025-01-21
2025-02-15,Championship,Hull,Norwich,D,0.37312573455525333,0.2528337547993756,0.37404051064537125,0.3951774949765573,0.27662424648359013,0.3281982585398527,0.35810552648619076,0.2877826889586911,0.35411178455511805,2.66,3.31,2.69,2.45,3.5,2.95,2025-01-21
2025-02-15,Championship,Sheffield Weds,Coventry,A,0.37467371512499337,0.2559046514622083,0.3694216334127984,0.41144229561483975,0.28354527703661975,0.3050124273485405,0.37955505940515116,0.2802009409138027,0.3402439996810462,2.51,3.4,2.8,2.35,3.41,3.17,2025-01-21
2025-02-15,Championship,Preston,Burnley,D,0.13692772603376907,0.3050790932876259,0.557993180678605,0.2256618514979484,0.31875667472317465,0.4555814737788769,0.2441977505798602,0.31036746364020945,0.4454347857799302,3.94,3.1,2.16,4.28,3.03,2.12,2025-01-21
2025-02-15,Championship,Oxford,Portsmouth,A,0.44467693897984156,0.24058505161870544,0.3147380094014531,0.4083107497741644,0.2854561878952123,0.3062330623306233,0.4028726259969554,0.2981007975643107,0.299026576438734,2.39,3.23,3.22,2.37,3.39,3.16,2025-01-21
2025-02-15,Championship,Cardiff,Bristol City,D,0.3656107387005812,0.2813573522413337,0.3530319090580852,0.30794312006513547,0.2770605722076004,0.4149963077272641,0.3344632768361582,0.28926553672316385,0.376271186440678,2.88,3.33,2.56,3.14,3.49,2.33,2025-01-21
2025-02-15,Championship,Blackburn,Plymouth,H,0.6097381841543527,0.22043746640766204,0.1698243494379855,0.5221283650430252,0.2646404041998895,0.21323123075708536,0.5644440839595151,0.2535470751475896,0.18200884089289546,1.68,3.74,5.21,1.85,3.65,4.53,2025-01-21
2025-02-15,Championship,Stoke,Swansea,H,0.4144638023459921,0.2809324115221785,0.30460378613182926,0.40649965630489576,0.2853891392347056,0.3081112044603987,0.37107067840138047,0.3056575780421627,0.3232717435564569,2.57,3.12,2.95,2.38,3.39,3.14,2025-01-21
2025-02-17,Championship,Leeds,Sunderland,H,0.5913932300861607,0.2428282992501799,0.16577847066365944,0.6212708052233437,0.22873390691120732,0.149995287865449,0.6147257465563795,0.2303351945734366,0.15493905887018403,1.54,4.11,6.11,1.55,4.21,6.42,2025-01-21
2025-02-18,Championship,Preston,Millwall,D,0.3774627569686741,0.3138077631104726,0.3087294799208533,0.3920797081755999,0.3327961784170899,0.2751241134073102,0.3823801362575973,0.33474800855768894,0.28287185518471375,2.53,2.89,3.42,2.47,2.91,3.52,2025-01-21
2025-02-19,Championship,Luton,Plymouth,D,0.5425923972749271,0.23979085619595353,0.2176167465291193,0.5170494238884761,0.27546507768417394,0.2074854984273499,0.5450481336222265,0.265653712185623,0.18929815419215051,1.74,3.57,5.01,1.87,3.51,4.66,2025-01-21
2025-02-21,Championship,Bristol City,Middlesbrough,H,0.3919709508516437,0.25962408635063516,0.34840496279772126,0.40697824813408706,0.2815721600462579,0.31144959181965504,0.40819927820849977,0.2725161378462379,0.3192845839452622,2.37,3.55,3.03,2.38,3.44,3.11,2025-02-21
2025-02-21,Championship,Burnley,Sheffield Weds,H,0.7254852573826425,0.21005577622603105,0.06445896639132649,0.4980027155197859,0.290127708140656,0.21186957633955805,0.5268300686361191,0.2852363981077214,0.18793353325615952,1.83,3.38,5.13,1.94,3.33,4.56,2025-02-21
2025-02-22,Championship,West Brom,Oxford,H,0.6192870272743184,0.23094975018480984,0.14976322254087193,0.5780161476960539,0.258098119425778,0.16388573287816807,0.5606729928613198,0.2632048216487862,0.17612218548989414,1.69,3.6,5.38,1.67,3.74,5.89,2025-02-21
2025-02-22,Championship,Swansea,Blackburn,H,0.39774234337345704,0.2709957643150959,0.33126189231144704,0.4135338345864662,0.29323308270676696,0.29323308270676696,0.3651479397349791,0.2968959883826466,0.3379560718823743,2.61,3.21,2.82,2.34,3.3,3.3,2025-02-21
2025-02-22,Championship,Portsmouth,QPR,H,0.43886937151464267,0.2504175986967202,0.310713029788637,0.36817125334479184,0.29793550655286233,0.3338932401023457,0.3889105818039828,0.2869972666926982,0.32409215150331905,2.45,3.32,2.94,2.63,3.25,2.9,2025-02-21
2025-02-22,Championship,Norwich,Stoke,H,0.5517989253425487,0.23870529154530248,0.20949578311214898,0.5630776425766602,0.24625646261025297,0.19066589481308693,0.5677358086315022,0.24562663223176393,0.18663755913673397,1.67,3.86,5.08,1.71,3.91,5.05,2025-02-21
2025-02-22,Championship,Sunderland,Hull,A,0.5428934779346272,0.25183066598977233,0.20527585607560034,0.6039931019406863,0.2386145587913823,0.1573923392679313,0.5888857267436548,0.24300854040307776,0.16810573285326746,1.63,3.95,5.71,1.6,4.05,6.14,2025-02-21
2025-02-22,Championship,Plymouth,Cardiff,D,0.4310044942920722,0.24298599137599328,0.3260095143319347,0.3613354620586025,0.2988824192336589,0.3397821187077385,0.3491024287222809,0.28173178458289333,0.36916578669482575,2.76,3.42,2.61,2.68,3.24,2.85,2025-02-21
2025-02-22,Championship,Derby,Millwall,A,0.3516160780205439,0.3152107450968724,0.3331731768825835,0.3656716417910448,0.3296019900497512,0.30472636815920395,0.38320537089511003,0.33053109310884055,0.2862635359960494,2.51,2.91,3.36,2.65,2.94,3.18,2025-02-21
2025-02-22,Championship,Coventry,Preston,H,0.5197990890223061,0.25420856734397507,0.2259923436337188,0.522692759295499,0.26935420743639926,0.20795303326810177,0.533934977297243,0.2684757795449414,0.1975892431578155,1.78,3.54,4.81,1.85,3.59,4.65,2025-02-21
2025-02-23,Championship,Watford,Luton,H,0.5260380699826811,0.2514444184648736,0.2225175115524453,0.40370619533973456,0.29539477707785455,0.3008990275824108,0.39209036392146224,0.30056138306913355,0.30734825300940427,2.43,3.17,3.1,2.4,3.28,3.22,2025-02-21
2025-02-24,Championship,Sheffield United,Leeds,A,0.3313474880114752,0.3063217318350772,0.3623307801534474,0.22033116908064085,0.26082446501978557,0.5188443658995735,0.23203581173145263,0.25922256896429313,0.5087416193042543,4.1,3.67,1.87,4.38,3.7,1.86,2025-02-21
2025-02-25,Championship,Stoke,Middlesbrough,A,0.3490912904812484,0.26496767381087183,0.38594103570787996,0.28860979809512477,0.27782839759157124,0.43356180431330404,0.31556665177838605,0.28244595363254954,0.4019873945890643,3.07,3.43,2.41,3.35,3.48,2.23,2025-02-21
2025-02-25,Championship,Cardiff,Hull,H,0.3820302266606684,0.266870284042632,0.35109948929669954,0.37734087928447374,0.29425664898330517,0.3284024717322211,0.3456253669994128,0.2959483264826776,0.3584263065179095,2.8,3.27,2.7,2.55,3.27,2.93,2025-02-21
2025-02-28,Championship,Sheffield Weds,Sunderland,A,0.3213923537528352,0.26769263120655223,0.41091501504061245,0.35295225243602013,0.296653120145612,0.35039462741836785,0.34830471843957,0.28904093052597146,0.36265435103445864,2.78,3.35,2.67,2.74,3.26,2.76,2025-02-21
2025-03-01,Championship,Middlesbrough,Derby,H,0.604716594553898,0.22031239837107097,0.17497100707503102,0.6283690044852713,0.2246272375846881,0.14700375793004053,0.5686119713588302,0.2379904742278813,0.19339755441328849,1.67,3.99,4.91,1.53,4.28,6.54,2025-02-21
2025-03-01,Championship,QPR,Sheffield United,A,0.22743388776660678,0.2889127584891761,0.483653353744217,0.2716726618705036,0.304136690647482,0.4241906474820144,0.3101946670378398,0.2930146547095902,0.39679067825257003,3.07,3.25,2.4,3.56,3.18,2.28,2025-02-21
2025-03-01,Championship,Stoke,Watford,D,0.39771445644522924,0.27982098283861745,0.32246456071615304,0.3636040234086387,0.2922014206244649,0.3441945559668964,0.3841903765773894,0.28612376393751526,0.3296858594850954,2.48,3.33,2.89,2.66,3.31,2.81,2025-02-21
2025-03-01,Championship,Oxford,Coventry,A,0.30255119956046106,0.2691297856087291,0.42831901483081003,0.23679852805887766,0.2752529898804048,0.48794848206071767,0.26382870252357893,0.27606423655365797,0.46010706092276327,3.61,3.45,2.07,4.08,3.51,1.98,2025-02-21
2025-03-01,Championship,Leeds,West Brom,D,0.6276108066029422,0.22822020537126272,0.14416898802579492,0.7201886473632368,0.18242963846252125,0.09738171417424192,0.7093286300371918,0.18868141558989304,0.10198995437291516,1.33,5.0,9.25,1.34,5.29,9.91,2025-02-21
2025-03-01,Championship,Blackburn,Norwich,D,0.4018617795901966,0.25765750694193484,0.34048071346786857,0.382905327711767,0.29091605979302415,0.32617861249520885,0.36691029686393195,0.29718591023246826,0.33590379290359973,2.6,3.21,2.84,2.53,3.33,2.97,2025-02-21
2025-03-01,Championship,Luton,Portsmouth,H,0.43910052544406425,0.2503376820188273,0.3105617925371084,0.46970411950726504,0.275666805180902,0.2546290753118331,0.430778589276158,0.2850361324252423,0.2841852782985997,2.21,3.34,3.35,2.06,3.51,3.8,2025-02-21
2025-03-04,Championship,Cardiff,Burnley,A,0.10265769292142318,0.27229639392607236,0.6250459131525045,0.2346347607052897,0.2983627204030227,0.46700251889168776,0.2127797272730229,0.28558930946674166,0.5016309632602354,4.55,3.39,1.93,4.12,3.24,2.07,2025-02-21
2025-03-04,Championship,Hull,Plymouth,H,0.5668538463492262,0.22295076566725183,0.21019538798352205,0.5926510602778484,0.24580692830862416,0.16154201141352725,0.5840390581028546,0.24836712522415214,0.16759381667299306,1.65,3.88,5.75,1.63,3.93,5.98,2025-02-21
2025-03-04,Championship,Millwall,Bristol City,A,0.39956502832272556,0.30772891532740965,0.29270605634986463,0.3480567882128137,0.3336544383557317,0.3182887734314546,0.3317972350230415,0.3317972350230415,0.33640552995391704,2.92,2.92,2.88,2.78,2.9,3.04,2025-02-21
2025-03-04,Championship,Preston,Swansea,D,0.4425459635353663,0.26817139841281146,0.2892826380518223,0.3872525256442575,0.3054042000349033,0.30734327432083924,0.4001903037185961,0.3045473380500008,0.2952623582314032,2.42,3.18,3.28,2.5,3.17,3.15,2025-02-21
2025-03-07,Championship,Norwich,Oxford,D,0.6328497301901886,0.20682015423467864,0.16033011557513246,0.592440494641892,0.2384390138929096,0.16912049146519856,0.602989329519006,0.23614606747172898,0.16086460300926503,1.59,4.06,5.96,1.63,4.05,5.71,2025-02-21
2025-03-08,Championship,West Brom,QPR,H,0.5563566856129125,0.2550021709724396,0.18864114341464777,0.542464209355515,0.26167650207393406,0.19585928857055104,0.5522817667992465,0.26256018421603516,0.18515804898471847,1.74,3.66,5.19,1.78,3.69,4.93,2025-02-21
2025-03-08,Championship,Swansea,Middlesbrough,H,0.35920805335120576,0.24639288044491628,0.39439906620387805,0.35301693856841776,0.28873624229178046,0.35824681913980166,0.34260405641328073,0.2798597088724764,0.37753623471424275,2.81,3.44,2.55,2.74,3.35,2.7,2025-02-21
2025-03-08,Championship,Sunderland,Cardiff,H,0.6157874541552557,0.22319264260321953,0.1610199032415247,0.624534567776995,0.22471570896648888,0.15074972325651606,0.6331031828778801,0.22027322722248824,0.14662358989963173,1.51,4.34,6.52,1.54,4.28,6.38,2025-02-21
2025-03-08,Championship,Sheffield United,Preston,H,0.626926726249414,0.23909613359549767,0.13397714015508827,0.5701638994560387,0.2555907135492588,0.1742453869947026,0.5818506046348707,0.250013931679046,0.16813546368608345,1.65,3.84,5.71,1.69,3.77,5.53,2025-02-21
2025-03-08,Championship,Plymouth,Sheffield Weds,A,0.38645562871064415,0.24143895544980717,0.37210541583954865,0.22916529285309206,0.2671484905635493,0.5036862165833585,0.26009428886938296,0.26584222895489423,0.47406348217572275,3.7,3.62,2.03,4.22,3.62,1.92,2025-02-21
2025-03-08,Championship,Bristol City,Hull,D,0.4635481916554168,0.27166640442105977,0.26478540392352345,0.4652598020891374,0.2897426312411395,0.244997566669723,0.4975468761079577,0.2743615631109595,0.22809156078108275,1.93,3.5,4.21,2.08,3.34,3.95,2025-02-21
2025-03-08,Championship,Burnley,Luton,H,0.7203172927887725,0.22089391611216483,0.05878879109906254,0.5958553013417351,0.2540225232035819,0.1501221754546829,0.5878067203751002,0.2610694698123742,0.15112380981252574,1.63,3.67,6.34,1.62,3.8,6.43,2025-02-21
2025-03-08,Championship,Watford,Millwall,A,0.4429344635784982,0.28722330835539955,0.2698422280661024,0.42873273947024654,0.3135715181885946,0.2576957423411588,0.39789311886722145,0.31467364302571105,0.2874332381070674,2.42,3.06,3.35,2.26,3.09,3.76,2025-02-21
2025-03-08,Championship,Coventry,Stoke,H,0.5151229341660236,0.2606063460000727,0.224270719833904,0.5804969744903763,0.23560512901076397,0.18389789649885963,0.6190402971128485,0.22366257821093594,0.15729712467621562,1.55,4.29,6.1,1.66,4.09,5.24,2025-02-21
2025-03-08,Championship,Derby,Blackburn,H,0.34179081749956236,0.29100583261505714,0.3672033498853803,0.3401143935373548,0.3136977416121234,0.3461878648505219,0.3476519144704127,0.30964495275982096,0.34270313276976627,2.77,3.11,2.81,2.85,3.09,2.8,2025-02-21
2025-03-09,Championship,Portsmouth,Leeds,H,0.14500470199920878,0.19332019258162095,0.6616751054191705,0.12366527117926526,0.20179688602474244,0.6745378427959923,0.12860274934101043,0.20010914062364413,0.6712881100353453,7.36,4.73,1.41,7.8,4.78,1.43,2025-02-21
2025-03-11,Championship,Sunderland,Preston,D,0.5461979250136668,0.2564088563438466,0.19739321864248677,0.5994869203560461,0.24875617056011198,0.15175690908384187,0.576928177030016,0.26238377366296617,0.16068804930701788,1.66,3.65,5.96,1.61,3.88,6.36,2025-02-21
2025-03-11,Championship,Sheffield United,Bristol City,D,0.5902466300229885,0.25521707785915004,0.15453629211786143,0.42984985767177064,0.30223818117546375,0.26791196115276567,0.4687589979844514,0.2885753591195572,0.24266564289599127,2.05,3.33,3.96,2.25,3.2,3.61,2025-02-21
2025-03-11,Championship,Norwich,Sheffield Weds,A,0.5874362407873475,0.2120924196915577,0.2004713395210948,0.42818381594486715,0.28886430568220883,0.2829518783729239,0.42746140476433897,0.2888252734894183,0.2837133217462427,2.25,3.33,3.39,2.26,3.35,3.42,2025-02-21
2025-03-11,Championship,Cardiff,Luton,A,0.4325912075539137,0.26902799868717236,0.29838079375891396,0.39987081593577706,0.2986689427668458,0.3014602412973771,0.4031329008713671,0.3049011497096732,0.2919659494189598,2.39,3.16,3.3,2.42,3.24,3.21,2025-02-21
2025-03-11,Championship,Derby,Coventry,H,0.3190585139380024,0.27832159521890787,0.4026198908430897,0.26676397735314933,0.29704087048832273,0.43619515215852794,0.2803949663830094,0.29592453375191463,0.42368049986507594,3.43,3.25,2.27,3.63,3.26,2.22,2025-02-21
2025-03-11,Championship,Burnley,West Brom,D,0.5867896875727469,0.3045315028773347,0.10867880954991857,0.5578977962890351,0.2765510566131893,0.1655511470977754,0.4879066475704285,0.30130912091339945,0.21078423151617198,1.97,3.19,4.56,1.73,3.49,5.83,2025-02-21
2025-03-11,Championship,Middlesbrough,QPR,H,0.5670530878177668,0.2285396451692146,0.20440726701301867,0.5191638297058486,0.2638373560800214,0.21699881421412998,0.505064578325982,0.27977338157998993,0.21516204009402817,1.9,3.43,4.46,1.86,3.66,4.45,2025-02-21
2025-03-12,Championship,Hull,Oxford,H,0.5212009078541215,0.25606252515903366,0.22273656698684455,0.5831755533538404,0.2559148039983608,0.16090964264779878,0.553798063574237,0.26088007953497117,0.18532185689079164,1.71,3.63,5.11,1.65,3.76,5.98,2025-02-21
2025-03-12,Championship,Leeds,Millwall,H,0.6958312664542535,0.20596737575604274,0.09820135778970417,0.7846752309340628,0.15415519834775468,0.06116957071818253,0.7235640197339543,0.18193260381026494,0.0945033764557807,1.31,5.21,10.03,1.22,6.21,15.65,2025-02-21
2025-03-12,Championship,Portsmouth,Plymouth,A,0.5513712010832599,0.20927671814170215,0.23935208077503817,0.6029131348222474,0.24298766138931885,0.15409920378843384,0.557665118157948,0.253484144617249,0.1888507372248031,1.7,3.74,5.02,1.6,3.97,6.26,2025-02-21
2025-03-12,Championship,Watford,Swansea,H,0.49323408628651894,0.2485444193800911,0.25822149433338976,0.4050338611673021,0.2924564737733692,0.30250966505932875,0.40580606284978354,0.2952458971198116,0.2989480400304048,2.35,3.23,3.19,2.39,3.31,3.2,2025-02-21
2025-03-12,Championship,Stoke,Blackburn,H,0.3829766704653149,0.29224338956097445,0.32477993997371074,0.3739441817237515,0.3074652160839734,0.31859060219227514,0.3555005850178744,0.3005493904882976,0.343950024493828,2.68,3.17,2.77,2.59,3.15,3.04,2025-02-21
2025-03-14,Championship,Bristol City,Norwich,H,0.3922900450353667,0.26060828291783616,0.34710167204679726,0.4545366138286492,0.28308859282310606,0.26237479334824465,0.46529373386662126,0.27730973250503504,0.2573965336283437,2.08,3.49,3.76,2.13,3.42,3.69,2025-02-21
2025-03-15,Championship,Preston,Portsmouth,H,0.48513780091833736,0.24447644942337576,0.2703857496582867,0.41001795987945583,0.30621594472009983,0.28376609540044445,0.43494440818476404,0.2967377738082969,0.26831781800693894,2.19,3.21,3.55,2.36,3.16,3.41,2025-02-21
2025-03-15,Championship,Plymouth,Derby,A,0.4144343363179401,0.25998085502280605,0.3255848086592536,0.2879921900423039,0.32801822323462415,0.38398958672307193,0.32883430609597925,0.3126621271076524,0.3585035667963683,2.9,3.05,2.66,3.36,2.95,2.52,2025-02-21
2025-03-15,Championship,Oxford,Watford,H,0.33798388004241686,0.2716180487933381,0.3903980711642449,0.31986000039106033,0.31163209041315526,0.3685079091957844,0.33103621608036127,0.31054863267473637,0.3584151512449024,2.88,3.07,2.66,3.03,3.11,2.63,2025-02-21
2025-03-15,Championship,Luton,Middlesbrough,D,0.3120690542027005,0.2551441379560015,0.4327868078412979,0.36122170795758207,0.27346728173059887,0.3653110103118189,0.36792610316621227,0.2738300595403706,0.3582438372934172,2.59,3.48,2.66,2.68,3.54,2.65,2025-02-21
2025-03-15,Championship,Millwall,Stoke,H,0.43093071958277585,0.30893997755438407,0.26012930286284,0.38431801576471225,0.32829877956849995,0.2873832046667878,0.43658759991030394,0.30407698651899767,0.2593354135706983,2.18,3.13,3.67,2.52,2.95,3.37,2025-02-21
2025-03-15,Championship,Blackburn,Cardiff,A,0.5464198635352694,0.24477627526000967,0.2088038612047212,0.49767995320020214,0.27985481426330205,0.22246523253649586,0.4738087264635029,0.2801045706446002,0.2460867028918968,2.01,3.4,3.87,1.94,3.45,4.34,2025-02-21
2025-03-15,Championship,QPR,Leeds,D,0.16242294998110002,0.23608659929927944,0.6014904507196206,0.12217074394310504,0.20928379614601475,0.6685454599108803,0.14722341799397332,0.22901420576840295,0.6237623762376239,6.44,4.14,1.52,7.88,4.6,1.44,2025-02-21
2025-03-15,Championship,Swansea,Burnley,A,0.1235918675342454,0.29469993438200104,0.5817081980837536,0.23046017220956086,0.29966957377094605,0.46987025401949306,0.24871386801880155,0.29767941078500315,0.4536067211961952,3.83,3.2,2.1,4.2,3.23,2.06,2025-02-21
2025-03-15,Championship,Coventry,Sunderland,H,0.40243605908141333,0.27366808763882117,0.32389585327976567,0.33629961812002945,0.2926111480923519,0.3710892337876187,0.36095791762650736,0.29502442802909584,0.3440176543443969,2.64,3.23,2.77,2.88,3.31,2.61,2025-02-21
2025-03-15,Championship,West Brom,Hull,D,0.5455590588078254,0.2534294768817382,0.2010114643104362,0.5081525269585553,0.27585422892035855,0.21599324412108614,0.499767794457117,0.28093455901435577,0.2192976465285271,1.9,3.38,4.33,1.9,3.5,4.47,2025-02-21
2025-03-16,Championship,Sheffield Weds,Sheffield United,A,0.22677225551400254,0.26820856234345297,0.5050191821425443,0.3885101975100772,0.3004317986956809,0.3110580037942419,0.37677467058336583,0.29788747392997356,0.3253378554866605,2.53,3.2,2.93,2.49,3.22,3.11,2025-02-21
2025-03-28,Championship,Sheffield United,Coventry,H,0.5645353690788084,0.24918283792526477,0.18628179299592695,0.454017939457044,0.26567533270425925,0.28030672783869676,0.4537030145143282,0.28526237439523633,0.2610346110904354,2.1,3.34,3.65,2.13,3.64,3.45,2025-03-28
2025-03-29,Championship,Sunderland,Millwall,H,0.48742596185407255,0.2898191693196764,0.222754868826251,0.5783248904170714,0.25686238483949714,0.1648127247434316,0.587681233933162,0.25476606683804626,0.15755269922879178,1.63,3.76,6.08,1.67,3.76,5.86,2025-03-28
2025-03-29,Championship,Stoke,QPR,H,0.4279996632280568,0.2836636318652286,0.28833670490671454,0.44305231686902874,0.30277556450610743,0.25417211862486383,0.42569210376822575,0.2978526794167771,0.27645521681499713,2.26,3.23,3.48,2.18,3.19,3.8,2025-03-28
2025-03-29,Championship,Norwich,West Brom,H,0.40715546290863325,0.2594672742756858,0.333377262815681,0.4567580000575026,0.27200195509042296,0.2712400448520744,0.4318129718638552,0.28744564992728266,0.2807413782088621,2.23,3.35,3.43,2.12,3.56,3.57,2025-03-28
2025-03-29,Championship,Middlesbrough,Oxford,H,0.6316536776866791,0.2074453457940687,0.16090097651925192,0.6248490435584235,0.21969578243834986,0.15545517400322653,0.5878463349430607,0.23033402066278577,0.18181964439415352,1.63,4.16,5.27,1.54,4.38,6.19,2025-03-28
2025-03-29,Championship,Portsmouth,Blackburn,H,0.39833919203275037,0.258056070906294,0.3436047370609557,0.41708322139016396,0.29058050259014423,0.2923362760196919,0.41339960070967907,0.2883895418124408,0.29821085747787995,2.33,3.34,3.23,2.32,3.33,3.31,2025-03-28
2025-03-29,Championship,Cardiff,Sheffield Weds,D,0.4136261072966645,0.25119274036071326,0.33518115234262225,0.34664988990248513,0.28279333123623784,0.3705567788612772,0.3250708382063216,0.2915786912396097,0.38335047055406857,2.96,3.3,2.51,2.79,3.42,2.61,2025-03-28
2025-03-29,Championship,Burnley,Bristol City,H,0.6792677345327155,0.24329981837173656,0.07743244709554793,0.5431158194397452,0.2730921351985159,0.18379204536173885,0.5456420835482207,0.2728210417741104,0.18153687467766888,1.76,3.52,5.29,1.78,3.54,5.26,2025-03-28
2025-03-29,Championship,Watford,Plymouth,D,0.6110857691393966,0.20892274365521432,0.17999148720538907,0.5715044482804409,0.2500331961226929,0.17846235559686632,0.5955154080054057,0.2433451286519551,0.16113946334263918,1.61,3.94,5.95,1.68,3.84,5.38,2025-03-28
2025-03-29,Championship,Hull,Luton,A,0.5067781349925036,0.26590911921868576,0.2273127457888105,0.40785592121121683,0.2983390534785753,0.2938050253102079,0.4261708758083137,0.3009831810396215,0.27284594315206484,2.26,3.2,3.53,2.37,3.24,3.29,2025-03-28
2025-03-29,Championship,Leeds,Swansea,D,0.7455888626642554,0.16574974175024593,0.08866139558549868,0.7488541280949432,0.17889293060045866,0.07225294130459813,0.768319882552704,0.15466179453983003,0.07701832290746588,1.24,6.16,12.37,1.29,5.4,13.37,2025-03-28
2025-04-02,Championship,Derby,Preston,H,0.3999585559955872,0.29196816535917264,0.3080732786452402,0.42605774849234324,0.3278478268059726,0.24609442470168427,0.4179944853367112,0.31873826975508407,0.2632672449082048,2.28,2.99,3.62,2.27,2.95,3.93,2025-03-28
2025-04-04,Championship,Blackburn,Middlesbrough,A,0.37794679153380506,0.2596482107678749,0.3624049976983199,0.33482278827507234,0.2796641208424738,0.3855130908824539,0.33474800855768894,0.28287185518471375,0.3823801362575973,2.89,3.42,2.53,2.89,3.46,2.51,2025-03-28
2025-04-05,Championship,Plymouth,Norwich,H,0.2730028151578472,0.21901815367808816,0.5079790311640646,0.21690422990985436,0.2468603128130056,0.53623545727714,0.21570639001808134,0.2510868031956503,0.5332068067862685,4.4,3.78,1.78,4.45,3.91,1.8,2025-03-28
2025-04-05,Championship,Swansea,Derby,H,0.4727492020166915,0.2693527935886133,0.25789800439469507,0.43961429023079357,0.325640214985773,0.23474549478343346,0.4636634376345681,0.30563024024143554,0.23070632212399622,2.05,3.11,4.12,2.2,2.97,4.12,2025-03-28
2025-04-05,Championship,Sheffield Weds,Hull,A,0.4240033473065416,0.25971008124338235,0.3162865714500761,0.4653885150705134,0.2757857867084524,0.2588256982210342,0.4712729163206804,0.2858772645548872,0.24284981912443226,2.02,3.33,3.92,2.08,3.51,3.74,2025-03-28
2025-04-05,Championship,QPR,Cardiff,D,0.4863010037352968,0.2575866711667525,0.2561123250979507,0.41589900027182936,0.2990878613065933,0.2850131384215772,0.42102947646282446,0.2982842058952926,0.28068631764188295,2.26,3.19,3.39,2.33,3.24,3.4,2025-03-28
2025-04-05,Championship,Oxford,Sheffield United,H,0.19547777676649136,0.2701589126490168,0.5343633105844917,0.18752780835070135,0.26480575135236395,0.5476664402969347,0.2079122091534173,0.27401146639872337,0.5180763244478593,4.56,3.46,1.83,5.14,3.64,1.76,2025-03-28
2025-04-05,Championship,Preston,Stoke,D,0.44059466827936633,0.2868737656577605,0.27253156606287315,0.38590355512991015,0.3104544626205366,0.30364198224955313,0.39230404708524635,0.31255699489086847,0.29513895802388507,2.43,3.05,3.23,2.51,3.12,3.19,2025-03-28
2025-04-05,Championship,Bristol City,Watford,H,0.45533132768258905,0.27111361134899586,0.2735550609684148,0.5105716268025186,0.2665691642698232,0.22285920892765815,0.5219039623247912,0.2602370442277041,0.2178589934475046,1.82,3.65,4.36,1.89,3.62,4.33,2025-03-28
2025-04-05,Championship,West Brom,Sunderland,A,0.4602363959435978,0.2815719285727993,0.25819167548360294,0.42386515127550445,0.2859208712746006,0.2902139774498949,0.38252508863650014,0.2912805720810047,0.326194339282495,2.49,3.27,2.92,2.28,3.38,3.33,2025-03-28
2025-04-05,Championship,Luton,Leeds,D,0.14236311647875868,0.2234432696568488,0.6341936138643927,0.17839482493155437,0.23311980745886696,0.5884853676095787,0.17342923200965393,0.23365958105734166,0.5929111869330044,5.47,4.06,1.6,5.41,4.14,1.64,2025-03-28
2025-04-05,Championship,Coventry,Burnley,A,0.15093924744566184,0.2982153369744288,0.5508454155799095,0.26876655872828964,0.2914336178981454,0.4397998233735648,0.30246287792951276,0.3005545947880016,0.3969825272824855,3.15,3.17,2.4,3.6,3.32,2.2,2025-03-28
2025-04-05,Championship,Millwall,Portsmouth,H,0.48801905930331857,0.2660525282949778,0.24592841240170357,0.41331493462425917,0.32025064470886305,0.2664344206668778,0.39839058133312194,0.3173844964620538,0.2842249222048243,2.39,3.0,3.35,2.34,3.02,3.63,2025-03-28
2025-04-08,Championship,Middlesbrough,Leeds,A,0.24524655930792608,0.24208619935798065,0.5126672413340932,0.22030329722944336,0.2406305341309132,0.5390661686396435,0.2023165036362369,0.23778433513789818,0.5598991612258649,4.76,4.05,1.72,4.38,4.01,1.79,2025-03-28
2025-04-08,Championship,Watford,Hull,H,0.4564591045861174,0.26716379718593497,0.2763770982279476,0.3546806512210394,0.2970178459611772,0.3483015028177834,0.39054802301364355,0.2980181837150264,0.31143379327132986,2.48,3.25,3.11,2.73,3.26,2.78,2025-03-28
2025-04-08,Championship,Sheffield United,Millwall,A,0.571931900753861,0.2756853633174665,0.15238273592867213,0.6065923116712234,0.24294251273482248,0.15046517559395403,0.5873872036706602,0.25417282691817483,0.15843996941116492,1.64,3.79,6.08,1.59,3.97,6.41,2025-03-28
2025-04-08,Championship,Preston,Cardiff,D,0.4916904714034104,0.2608578277313533,0.2474517008652363,0.37357837803990324,0.30814267488004754,0.31827894708004917,0.3726068318041627,0.2874711461990573,0.33992202199678,2.6,3.37,2.85,2.59,3.14,3.04,2025-03-28
2025-04-08,Championship,Stoke,Luton,D,0.4657482400928031,0.28179358409570393,0.25245817581149294,0.37821442495126706,0.306401559454191,0.31538401559454193,0.38553542701266,0.3101583082698002,0.3043062647175398,2.51,3.12,3.18,2.56,3.16,3.07,2025-03-28
2025-04-08,Championship,Derby,Burnley,D,0.10450161359403237,0.28546151709599793,0.6100368693099697,0.19802129869962784,0.30230837763861684,0.4996703236617553,0.1954728794172536,0.298958521461682,0.5055685991210643,4.94,3.23,1.91,4.87,3.19,1.93,2025-03-28
2025-04-08,Championship,Bristol City,West Brom,H,0.35535356043126454,0.2935447725577653,0.35110166701097034,0.37708688014085107,0.29102500959819433,0.3318881102609545,0.39017020226936366,0.282930439072521,0.3268993586581155,2.48,3.42,2.96,2.57,3.33,2.92,2025-03-28
2025-04-08,Championship,Blackburn,Sheffield Weds,D,0.4822711272595063,0.25316073890983415,0.2645681338306595,0.40013506668917775,0.29343238223873036,0.3064325510720918,0.35724338543443057,0.30066135854885306,0.34209525601671625,2.71,3.22,2.83,2.42,3.3,3.16,2025-03-28
2025-04-08,Championship,Norwich,Sunderland,D,0.4451645158848881,0.2508860079396208,0.30394947617549106,0.4358134641317072,0.2796259798764133,0.2845605559918794,0.3936563533761432,0.2712589998054096,0.33508464681844713,2.46,3.57,2.89,2.22,3.46,3.4,2025-03-28
2025-04-09,Championship,Oxford,QPR,A,0.3811024769828065,0.28092773613388294,0.3379697868833104,0.3697094396895683,0.32180688770321236,0.30848367260721943,0.3710250341704936,0.30464355840836055,0.32433140742114575,2.57,3.13,2.94,2.62,3.01,3.14,2025-03-28
2025-04-09,Championship,Swansea,Plymouth,H,0.5809980171967267,0.21718680948405086,0.2018151733192224,0.5549552037839424,0.25681437621916486,0.18823041999689277,0.5803783487518477,0.24635851782956036,0.17326313341859187,1.63,3.84,5.46,1.74,3.76,5.13,2025-03-28
2025-04-09,Championship,Coventry,Portsmouth,H,0.5909381332089558,0.21143803044931628,0.19762383634172778,0.5975455452572239,0.22689819053399304,0.17555626420878295,0.57366905856572,0.23963391054011085,0.18669703089416922,1.65,3.95,5.07,1.61,4.24,5.48,2025-03-28
2025-04-11,Championship,Burnley,Norwich,H,0.704948333915257,0.21145904291478843,0.08359262316995462,0.6099044489721516,0.24900491715142106,0.14109063387642748,0.6024607298572539,0.25037329033028727,0.14716597981245896,1.6,3.85,6.55,1.58,3.87,6.83,2025-03-28
2025-04-12,Championship,QPR,Bristol City,D,0.3755011827051354,0.2850219777272753,0.3394768395675896,0.29084348013571937,0.29348751177331683,0.41566900809096374,0.29936034115138593,0.29381663113006395,0.4068230277185501,3.18,3.24,2.34,3.33,3.3,2.33,2025-03-28
2025-04-12,Championship,West Brom,Watford,H,0.5296682709556302,0.2584216924660481,0.21191003657832178,0.550575929706741,0.259007493813655,0.1904165764796041,0.5484431963890318,0.25712919505502035,0.19442760855594773,1.73,3.69,4.88,1.75,3.72,5.06,2025-03-28
2025-04-12,Championship,Sunderland,Swansea,A,0.5340953061397355,0.25145038524554214,0.2144543086147224,0.5146176173569519,0.2764231773231627,0.2089592053198854,0.553794781821269,0.2623238440206011,0.18388137415813008,1.71,3.61,5.15,1.88,3.5,4.63,2025-03-28
2025-04-12,Championship,Sheffield Weds,Oxford,A,0.5170604563908967,0.24475515108482918,0.23818439252427423,0.5995789557209205,0.23953402449396574,0.16088701978511366,0.5851844603190136,0.24307662197866722,0.17173891770231925,1.62,3.9,5.52,1.61,4.03,6.0,2025-03-28
2025-04-12,Championship,Portsmouth,Derby,D,0.45050217798447395,0.25789096087542457,0.29160686114010165,0.3903263474893984,0.33151004855263966,0.278163603957962,0.39723971804845304,0.32317807570043633,0.2795822062511106,2.4,2.95,3.41,2.48,2.92,3.48,2025-03-28
2025-04-12,Championship,Millwall,Middlesbrough,H,0.3629643570371582,0.2817966665108792,0.35523897645196273,0.300009538526107,0.29453823995116274,0.4054522215227303,0.33701208409863304,0.28301014777422295,0.37997776812714407,2.83,3.37,2.51,3.23,3.29,2.39,2025-03-28
2025-04-12,Championship,Luton,Blackburn,A,0.35940278876141823,0.28794401667106023,0.3526531945675215,0.5490567186154967,0.2647506369214449,0.18619264446305855,0.5054440562281629,0.2730559843991225,0.22149995937271474,1.88,3.48,4.29,1.76,3.65,5.19,2025-03-28
2025-04-12,Championship,Cardiff,Stoke,A,0.4059181877782857,0.2745451741955354,0.31953663802617904,0.4202761633399591,0.2876890403815196,0.2920347962785214,0.4107468123861567,0.290528233151184,0.2987249544626594,2.32,3.28,3.19,2.3,3.36,3.31,2025-03-28
2025-04-12,Championship,Plymouth,Sheffield United,H,0.17268903818204842,0.22865703585986116,0.5986539259580903,0.14233052933676155,0.21192827716222642,0.6457411935010121,0.1669578687609201,0.2378010339175388,0.5952410973215412,5.74,4.03,1.61,6.76,4.54,1.49,2025-03-28
2025-04-12,Championship,Leeds,Preston,H,0.7328507295897522,0.1775421257427372,0.08960714466751081,0.7672420053741315,0.16037667336415792,0.07238132126171051,0.7668641024006841,0.1548715776835258,0.07826431991578998,1.24,6.14,12.15,1.25,5.98,13.25,2025-03-28
2025-04-14,Championship,Hull,Coventry,D,0.388047898855206,0.26543948515704413,0.34651261598774985,0.3629560771554729,0.2833604462003253,0.3536834766442017,0.3691397029451283,0.2966917238624396,0.334168573192432,2.58,3.21,2.85,2.67,3.42,2.74,2025-03-28
2025-04-18,Championship,Oxford,Leeds,A,0.1332924765274928,0.21116758395751756,0.6555399395149895,0.10070848759005838,0.18230720523892918,0.7169843071710125,0.11453220747227749,0.1940945401220768,0.6913732524056458,8.27,4.88,1.37,9.54,5.27,1.34,2025-03-28
2025-04-18,Championship,Sheffield United,Cardiff,H,0.6843125174932506,0.20293689569608714,0.11275058681066216,0.6334396959621651,0.21348743633314654,0.15307286770468853,0.6019728596127158,0.2345154812883285,0.16351165909895568,1.57,4.03,5.78,1.52,4.51,6.29,2025-03-28
2025-04-18,Championship,Watford,Burnley,A,0.1297451913606094,0.2944766833951705,0.5757781252442202,0.18135338875788126,0.27965218208461695,0.5389944291575018,0.19527235354573486,0.2774922918807811,0.5272353545734841,4.86,3.42,1.8,5.32,3.45,1.79,2025-03-28
2025-04-18,Championship,Swansea,Hull,H,0.42821187662282917,0.26974545229088964,0.3020426710862813,0.4321905384912729,0.2847372959471916,0.28307216556153547,0.39507791116016105,0.2947794940854453,0.3101425947543936,2.41,3.23,3.07,2.24,3.4,3.42,2025-03-28
2025-04-18,Championship,Stoke,Sheffield Weds,H,0.4386103365720263,0.26467657283427254,0.2967130905937012,0.43603984706065063,0.28895774939541624,0.2750024035439331,0.4160687660343129,0.2745814046739414,0.30934982929174565,2.29,3.47,3.08,2.22,3.35,3.52,2025-03-28
2025-04-18,Championship,Preston,QPR,A,0.44204384174628125,0.28074114427243685,0.27721501398128184,0.42053110483753053,0.31301667997615545,0.2664522151863141,0.408682710948362,0.3184718115417002,0.27284547750993793,2.33,2.99,3.49,2.3,3.09,3.63,2025-03-28
2025-04-18,Championship,Norwich,Portsmouth,A,0.6124071790576417,0.19666767055195142,0.1909251503904067,0.49506222373571684,0.2689056647032445,0.23603211156103857,0.5304819692521855,0.25321672665637657,0.21630130409143786,1.79,3.75,4.39,1.95,3.59,4.09,2025-03-28
2025-04-18,Championship,Middlesbrough,Plymouth,H,0.6990512240500304,0.1681546297508502,0.1327941461991193,0.7184725054507201,0.170097730972432,0.11142976357684779,0.6936260965822121,0.18175943956682242,0.12461446385096543,1.36,5.19,7.57,1.34,5.66,8.64,2025-03-28
2025-04-18,Championship,Coventry,West Brom,H,0.3931966960258389,0.2736809919011243,0.3331223120730369,0.451593204074066,0.27070292905280147,0.27770386687313253,0.43623713670531084,0.27645260407487726,0.28731025921981196,2.18,3.44,3.31,2.14,3.57,3.48,2025-03-28
2025-04-18,Championship,Bristol City,Sunderland,H,0.3886874932835043,0.28625413711863446,0.32505836959786094,0.42271871724454035,0.29423278495136695,0.28304849780409275,0.40518075381547514,0.28766609409860017,0.3071531520859247,2.35,3.31,3.1,2.29,3.29,3.42,2025-03-28
2025-04-18,Championship,Blackburn,Millwall,H,0.42055338841235146,0.30253590963514937,0.27691070195249906,0.43788606726149626,0.303363074811256,0.2587508579272477,0.4092653788491276,0.30176845972103394,0.2889661614298386,2.33,3.16,3.3,2.21,3.19,3.74,2025-03-28
2025-04-18,Championship,Derby,Luton,A,0.45078746837945616,0.2845210537035456,0.26469147791699815,0.3767647711393016,0.3271234668337855,0.29611176202691286,0.36656198400621615,0.3114578949072425,0.3219801210865412,2.6,3.06,2.96,2.57,2.96,3.27,2025-03-28
2025-04-21,Championship,Burnley,Sheffield United,H,0.5256224619200828,0.3388050114063859,0.1355725266735313,0.4955177185488238,0.2776607905661512,0.22682149088502498,0.4876974309187519,0.28906078732266444,0.22324178175858359,1.95,3.29,4.26,1.95,3.48,4.26,2025-03-28
2025-04-21,Championship,West Brom,Derby,A,0.5789164553647022,0.2515448630361904,0.1695386815991072,0.4739422271406261,0.2974898902667315,0.22856788259264238,0.4924038491289954,0.29062367853790855,0.21697247233309613,1.93,3.27,4.38,2.04,3.25,4.23,2025-03-28
2025-04-21,Championship,Sunderland,Blackburn,A,0.507457584826223,0.2648714668601971,0.2276709483135798,0.4267334130304841,0.29002540346682604,0.28324118350268973,0.5385115988134238,0.2540966257135726,0.20739177547300347,1.76,3.73,4.57,2.27,3.34,3.42,2025-03-28
2025-04-21,Championship,Sheffield Weds,Middlesbrough,H,0.3549846239886408,0.24182098305617006,0.40319439295518916,0.3202362110669812,0.25927972048854775,0.42048406844447095,0.3005756283280287,0.2603346289070631,0.4390897427649083,3.17,3.66,2.17,3.02,3.73,2.3,2025-03-28
2025-04-21,Championship,QPR,Swansea,A,0.42646508240897396,0.27107474893085987,0.30246016866016595,0.3434406597685147,0.30942577014287903,0.34713357008860624,0.37037606955282265,0.30804741059894963,0.32157651984822777,2.57,3.09,2.96,2.82,3.13,2.79,2025-03-28
2025-04-21,Championship,Portsmouth,Watford,H,0.39041244412849263,0.2525602812333591,0.3570272746381482,0.5327315791261492,0.25990408577313473,0.20736433510071609,0.47793022513000694,0.2756756950749895,0.2463940797950036,1.99,3.45,3.86,1.81,3.71,4.65,2025-03-28
2025-04-21,Championship,Millwall,Norwich,H,0.37693958592799953,0.2755618724107282,0.3474985416612724,0.36248646004402674,0.2829938152975296,0.35451972465844367,0.4331590110336062,0.29142196460976566,0.27541902435662824,2.2,3.27,3.46,2.67,3.42,2.73,2025-03-28
2025-04-21,Championship,Luton,Bristol City,H,0.3335278418500305,0.2899347706486567,0.3765373875013129,0.3681180210158305,0.311302377900847,0.3205796010833226,0.37968589155608257,0.2905523133554168,0.32976179508850073,2.51,3.28,2.89,2.63,3.11,3.02,2025-03-28
2025-04-21,Championship,Leeds,Stoke,H,0.7432603652862255,0.17244110789585732,0.08429852681791726,0.7624447277758186,0.15723082765917043,0.08032444456501099,0.7561528864693207,0.16020188272655098,0.08364523080412839,1.25,5.9,11.3,1.26,6.11,11.96,2025-03-28
2025-04-21,Championship,Hull,Preston,H,0.45364141189877505,0.2776804645201912,0.2686781235810335,0.5218084358249073,0.2758130303645939,0.2023785338104987,0.4778847220780522,0.2813581647737645,0.24075711314818327,1.99,3.38,3.95,1.85,3.5,4.77,2025-03-28
2025-04-21,Championship,Cardiff,Oxford,D,0.4656453854144223,0.26067981025480613,0.2736748043307716,0.5329313879175208,0.2771855781984806,0.18988303388399855,0.5000204518495288,0.2810765853592026,0.2189029627912684,1.9,3.38,4.34,1.81,3.48,5.08,2025-03-28
2025-04-21,Championship,Plymouth,Coventry,H,0.2773795140448042,0.23216672479385608,0.49045376116133976,0.21990443500592655,0.24200538324772816,0.5380901817463454,0.21415988514192782,0.23425389905647906,0.5515862158015931,4.43,4.05,1.72,4.38,3.98,1.79,2025-03-28
2025-04-25,Championship,Stoke,Sheffield United,A,0.2314789657309347,0.2927982508390739,0.4757227834299915,0.3935042286560899,0.2942311253781098,0.3122646459658004,0.3949451946600913,0.2888405154976787,0.31621428984223,2.45,3.35,3.06,2.46,3.29,3.1,2025-03-28
2025-04-26,Championship,Hull,Derby,A,0.48192406863020065,0.272821316892205,0.2452546144775944,0.4046156596217258,0.3245071900993036,0.2708771502789705,0.394182627354367,0.3077167607088929,0.29810061193674003,2.42,3.1,3.2,2.39,2.98,3.57,2025-03-28
2025-04-26,Championship,Sheffield Weds,Portsmouth,D,0.4964078903778896,0.23096728601915692,0.27262482360295326,0.5367887719817305,0.23798516984411697,0.22522605817415262,0.466617840925736,0.2629559103559396,0.2704262487183243,2.04,3.62,3.52,1.8,4.06,4.29,2025-03-28
2025-04-26,Championship,Preston,Plymouth,A,0.5612481351805975,0.23117745516925856,0.20757440965014418,0.535355251778914,0.2597836476460682,0.2048611005750178,0.5400314363414086,0.2568798183678051,0.20308874529078613,1.76,3.7,4.68,1.81,3.73,4.73,2025-03-28
2025-04-26,Championship,Oxford,Sunderland,H,0.2836764113346124,0.2771933127981392,0.43913027586724845,0.2665203852078416,0.2976827687090661,0.43579684608309227,0.29952339636545156,0.298584451549259,0.40189215208528944,3.18,3.19,2.37,3.63,3.25,2.22,2025-03-28
2025-04-26,Championship,Millwall,Swansea,H,0.4375313000672242,0.2917778927913669,0.2706908071414091,0.408183213568434,0.30043298638422006,0.29138380004734604,0.4193333618853688,0.3031486405986583,0.2775179975159729,2.27,3.14,3.43,2.37,3.22,3.32,2025-03-28
2025-04-26,Championship,Blackburn,Watford,H,0.4296879036515861,0.2726954169767724,0.2976166793716415,0.5925785113351744,0.23616209620448272,0.17125939246034297,0.5455865662716767,0.2622432666609717,0.1921701670673517,1.74,3.62,4.94,1.63,4.09,5.64,2025-03-28
2025-04-26,Championship,Cardiff,West Brom,D,0.2732406669078757,0.2695479403866738,0.4572113927054505,0.433991250041746,0.28548686949648777,0.28052188046176624,0.4255323257799012,0.29328997222983966,0.2811777019902592,2.24,3.25,3.39,2.23,3.39,3.45,2025-03-28
2025-04-26,Championship,QPR,Burnley,A,0.11153134422771062,0.2846435116872768,0.6038251440850126,0.1831759898548683,0.26520260069647134,0.5516214094486604,0.23285126708239354,0.27398169032771663,0.49316704258988997,4.13,3.51,1.95,5.27,3.64,1.75,2025-03-28
2025-04-26,Championship,Luton,Coventry,H,0.3145038323584704,0.2691891753923777,0.41630699224915185,0.40485179532492566,0.2879749377460037,0.3071732669290706,0.37918297417519364,0.29543704122852515,0.3253799845962811,2.54,3.26,2.96,2.39,3.36,3.15,2025-03-28
2025-04-26,Championship,Middlesbrough,Norwich,D,0.4895299156529228,0.2250919202406231,0.28537816410645406,0.5917183894588116,0.22172436202709495,0.18655724851409342,0.6153645741999809,0.21295762792538667,0.1716777978746324,1.54,4.45,5.52,1.63,4.35,5.17,2025-03-28
2025-04-28,Championship,Leeds,Bristol City,H,0.7030142473573808,0.18656175936969013,0.1104239932729288,0.6882822462570255,0.19505974590280073,0.11665800784017381,0.5934033712228277,0.2379562390868482,0.16864038969032405,1.6,3.99,5.63,1.4,4.94,8.26,2025-04-28
2025-05-03,Championship,Sunderland,QPR,A,0.5413879488455484,0.25239244863249877,0.20621960252195268,0.6608087592584073,0.2115747343239638,0.12761650641762895,0.5993395707209687,0.2421574023115025,0.1585030269675289,1.6,3.96,6.05,1.46,4.56,7.56,2025-04-28
2025-05-03,Championship,Swansea,Oxford,D,0.5106399981510529,0.25652239144078803,0.23283761040815895,0.6053567018641443,0.2248871859728947,0.16975611216296108,0.5696593365124017,0.23342138666849635,0.19691927681910182,1.68,4.1,4.86,1.59,4.28,5.67,2025-04-28
2025-05-03,Championship,Sheffield United,Blackburn,D,0.5878014468247112,0.24585184451918254,0.16634670865610632,0.3720872812567513,0.2748371963828277,0.35307552236042095,0.4220191854543244,0.2772921449094696,0.3006886696362061,2.28,3.47,3.2,2.6,3.52,2.74,2025-04-28
2025-05-03,Championship,West Brom,Luton,H,0.5474356813119801,0.26099066661516007,0.1915736520728597,0.30038752341445285,0.28448465452780536,0.41512782205774174,0.3176018387962838,0.2797481312653314,0.40265002993838483,3.03,3.44,2.39,3.22,3.4,2.33,2025-04-28
2025-05-03,Championship,Watford,Sheffield Weds,D,0.49921051661192856,0.24538134012500418,0.25540814326306727,0.38365995031741645,0.26856196522219156,0.347778084460392,0.3373743177247917,0.2619936799770181,0.4006320022981902,2.85,3.67,2.4,2.52,3.6,2.78,2025-04-28
2025-05-03,Championship,Portsmouth,Hull,D,0.44408082667032167,0.25140116106044685,0.3045180122692314,0.3005946171500104,0.27112455664510743,0.4282808262048821,0.3362670806028583,0.26133800285983005,0.4023949165373116,2.86,3.68,2.39,3.22,3.57,2.26,2025-04-28
2025-05-03,Championship,Bristol City,Preston,D,0.5101619902588437,0.25928203816169415,0.2305559715794622,0.5001939764509273,0.2758212498715113,0.22398477367756142,0.5332766850773499,0.25529203009022067,0.21143128483242946,1.8,3.76,4.54,1.93,3.5,4.31,2025-04-28
2025-05-03,Championship,Norwich,Cardiff,H,0.6081439784247271,0.20513717663595588,0.18671884493931723,0.6262450548525574,0.2009202884318622,0.17283465671558035,0.5875800385110862,0.20421225219042013,0.20820770929849358,1.63,4.69,4.6,1.54,4.8,5.58,2025-04-28
2025-05-03,Championship,Derby,Stoke,D,0.4509122837522149,0.28033804177073335,0.26874967447705167,0.43184017303204514,0.3442427002105983,0.22391712675735673,0.449539067085592,0.34357628698684534,0.20688464592756275,2.14,2.8,4.65,2.24,2.81,4.32,2025-04-28
2025-05-03,Championship,Coventry,Middlesbrough,H,0.44013119013308427,0.24193963447716535,0.3179291753897506,0.44721839984273637,0.25555337133870654,0.29722822881855715,0.4563567740091119,0.2527330165772247,0.29091020941366347,2.11,3.81,3.31,2.16,3.78,3.25,2025-04-28
2025-05-03,Championship,Burnley,Millwall,H,0.687315129530613,0.24023257007167756,0.07245230039770961,0.6347307489914051,0.21729521136642693,0.14797403964216804,0.5885496042556664,0.23983396373418403,0.1716164320101496,1.63,4.0,5.59,1.52,4.44,6.52,2025-04-28
2025-05-03,Championship,Plymouth,Leeds,A,0.1218954565160007,0.17256100567636837,0.7055435378076308,0.08711035197950347,0.15585920819862137,0.7570304398218752,0.09188987413663595,0.14799708700511147,0.7601130388582527,10.34,6.42,1.25,10.95,6.12,1.26,2025-04-28
2025-08-08,Championship,Birmingham,Ipswich,D,0.2369830948790842,0.22479227115234246,0.5382246339685733,0.3816387351472694,0.29197662267291097,0.3263846421798196,0.3741166201536731,0.2899688089336979,0.335914570912629,2.55,3.29,2.84,2.54,3.32,2.97,2025-08-08
2025-08-09,Championship,Sheffield United,Bristol City,A,0.5754606170241348,0.2502068337088417,0.17433254926702374,0.5602166634289044,0.2515855512004479,0.18819778537064757,0.543321966159126,0.2508742587805991,0.205803775060275,1.75,3.79,4.62,1.72,3.83,5.12,2025-08-08
2025-08-09,Championship,West Brom,Blackburn,H,0.5058161960578712,0.26320771328552633,0.23097609065660246,0.5016299288489183,0.27426225571626406,0.22410781543481761,0.516472791538076,0.26997441375853976,0.21355279470338426,1.84,3.52,4.45,1.93,3.53,4.32,2025-08-08
2025-08-09,Championship,Stoke,Derby,H,0.41018870370055127,0.2942605418067317,0.2955507544927172,0.42459545957586814,0.3034726168755421,0.2719319235485897,0.40345103127447646,0.3071433657444401,0.28940560298108337,2.36,3.1,3.29,2.28,3.19,3.56,2025-08-08
2025-08-09,Championship,QPR,Preston,D,0.4414025386509938,0.27032336173406557,0.28827409961494077,0.3933415536374845,0.3033292231812577,0.3033292231812577,0.4056258125517079,0.30551944214631843,0.2888547453019738,2.35,3.12,3.3,2.46,3.19,3.19,2025-08-08
2025-08-09,Championship,Oxford,Portsmouth,A,0.428366264273896,0.24964058555809882,0.3219931501680052,0.35852124125256246,0.30536509507316045,0.3361136636742773,0.362060810401077,0.2966417231634992,0.3412974664354238,2.63,3.21,2.79,2.7,3.17,2.88,2025-08-08
2025-08-09,Championship,Norwich,Millwall,A,0.49780842970600503,0.25184631588741685,0.25034525440657807,0.4494798865206954,0.2893358550956573,0.2611842583836473,0.4669422841067484,0.2843469431575423,0.2487107727357093,2.04,3.35,3.83,2.15,3.34,3.7,2025-08-08
2025-08-09,Championship,Middlesbrough,Swansea,H,0.5295419462115837,0.23474612569053857,0.2357119280978776,0.48614848659075516,0.27960563246115694,0.23424588094808788,0.46422466871289675,0.2750464077634215,0.2607289235236817,2.05,3.46,3.65,1.99,3.46,4.13,2025-08-08
2025-08-09,Championship,Coventry,Hull,D,0.5134026801430138,0.25128041021383457,0.2353169096431516,0.5574177043360222,0.2453772591606408,0.19720503650333707,0.5417150752033159,0.24947404779100074,0.20881087700568346,1.75,3.8,4.54,1.73,3.93,4.89,2025-08-08
2025-08-09,Championship,Charlton,Watford,H,0.35775930916744547,0.27444040103054135,0.3678002898020134,0.4274723212610246,0.2883843122537061,0.2841433664852693,0.3749016601779194,0.3023016561434652,0.32279668367861536,2.54,3.15,2.95,2.26,3.35,3.4,2025-08-08
2025-08-10,Championship,Leicester,Sheffield Weds,H,0.7484933448169312,0.1559647560093822,0.09554189917368673,0.7663711457629337,0.15426150277031675,0.07936735146674956,0.8353689499425394,0.11299676617580244,0.05163428388165806,1.12,8.28,18.12,1.25,6.21,12.07,2025-08-08
2025-08-16,Championship,Watford,QPR,H,0.48367849331153717,0.2601772726741201,0.25614423401434244,0.4763761300226614,0.27629815541314356,0.24732571456419503,0.43444727117844106,0.28571757473897474,0.2798351540825841,2.19,3.33,3.4,2.03,3.5,3.91,2025-08-08
2025-08-16,Championship,Swansea,Sheffield United,H,0.2809582337948731,0.2812559295942717,0.4377858366108552,0.36383596016623543,0.3024386418881832,0.3337253979455815,0.34286660955859777,0.2987991142861761,0.3583342761552262,2.78,3.19,2.66,2.66,3.2,2.9,2025-08-08
2025-08-16,Championship,Sheffield Weds,Stoke,A,0.4482553780099539,0.263940565403225,0.28780405658682107,0.26752549729812963,0.2824316100508113,0.4500428926510592,0.24314998548839606,0.2717969665373163,0.4850530479742876,3.89,3.48,1.95,3.6,3.41,2.14,2025-08-08
2025-08-16,Championship,Preston,Leicester,H,0.19807367910045887,0.23598085720608442,0.5659454636934568,0.2532334873760144,0.2771782010820559,0.46958831154192965,0.27294668763677177,0.27772126526307095,0.4493320471001573,3.49,3.43,2.12,3.82,3.49,2.06,2025-08-08
2025-08-16,Championship,Millwall,Middlesbrough,A,0.3776078346933379,0.28014451901513576,0.3422476462915266,0.43337214796185997,0.2928545121075599,0.2737733399305801,0.4306532856538624,0.29741992540469875,0.2719267889414388,2.21,3.2,3.5,2.23,3.3,3.53,2025-08-08
2025-08-16,Championship,Derby,Coventry,A,0.3659442212540145,0.2766347961830621,0.3574209825629234,0.3063888675328669,0.29517951872068887,0.39843161374644426,0.3128959844337498,0.2991638722642435,0.38794014330200677,3.05,3.19,2.46,3.16,3.28,2.43,2025-08-08
2025-08-16,Championship,Blackburn,Birmingham,A,0.530956786373302,0.2543197776429299,0.2147234359837679,0.31338905827932806,0.29613828442908974,0.39047265729158215,0.2929696259200541,0.2966203377695252,0.4104100363104206,3.25,3.21,2.32,3.09,3.27,2.48,2025-08-08
2025-08-16,Championship,Portsmouth,Norwich,A,0.3925727229473862,0.22809477914869095,0.3793324979039227,0.35704562249620786,0.2845863638131539,0.3583680136906382,0.3826865266460933,0.2852962429187942,0.33201723043511233,2.49,3.34,2.87,2.71,3.4,2.7,2025-08-08
2025-08-16,Championship,Bristol City,Charlton,D,0.5540001334560037,0.24372506296440968,0.20227480357958658,0.4927563652089302,0.27282555813827775,0.23441807665279202,0.4844752373620734,0.268240526901035,0.24728423573689162,1.96,3.54,3.84,1.96,3.54,4.12,2025-08-08
2025-08-17,Championship,Ipswich,Southampton,D,0.5386105665538837,0.19670981368957008,0.264679619756546,0.46972555352993245,0.2680428366403493,0.2622316098297184,0.4515504093409778,0.2706736828720066,0.27777590778701544,2.11,3.52,3.43,2.06,3.61,3.69,2025-08-08
2025-08-17,Championship,Hull,Oxford,H,0.4833185408418223,0.26737917288516216,0.24930228627301557,0.5039654307549564,0.27256721888718766,0.22346735035785592,0.5045060363883693,0.2749192314232274,0.22057473218840334,1.88,3.45,4.3,1.92,3.55,4.33,2025-08-08
2025-08-22,Championship,Derby,Bristol City,D,0.39069265108829093,0.28732537852915785,0.3219819703825514,0.31317672435453886,0.2950353897120503,0.3917878859334109,0.3074359508435742,0.2988960633201416,0.3936679858362841,3.15,3.24,2.46,3.09,3.28,2.47,2025-08-08
2025-08-23,Championship,Preston,Ipswich,H,0.27318447928800454,0.23426827155606286,0.49254724915593256,0.26875000000000004,0.28125000000000006,0.45,0.2539397457098113,0.27925925114715316,0.4668010031430355,3.75,3.41,2.04,3.6,3.44,2.15,2025-08-08
2025-08-23,Championship,Southampton,Stoke,A,0.644961805398586,0.1929282608267104,0.16210993377470326,0.5128820257087149,0.26130574751555125,0.22581222677573395,0.5332735713142308,0.2524539779093965,0.2142724507763727,1.78,3.76,4.43,1.88,3.69,4.27,2025-08-08
2025-08-23,Championship,Sheffield United,Millwall,A,0.5622615912750285,0.2721287441581249,0.1656096645668467,0.4763761300226614,0.27629815541314356,0.24732571456419503,0.4619098002909668,0.28834369351496714,0.24974650619406605,2.06,3.3,3.81,2.03,3.5,3.91,2025-08-08
2025-08-23,Championship,Norwich,Middlesbrough,A,0.4573232546531112,0.22951413720930747,0.3131626081375814,0.39366463639719457,0.2856681432262828,0.3206672203765228,0.4104193138500636,0.2784131017930256,0.31116758435691094,2.32,3.42,3.06,2.46,3.39,3.02,2025-08-08
2025-08-23,Championship,West Brom,Portsmouth,D,0.57181264021829,0.22660125486478924,0.20158610491692097,0.5771854242768055,0.2446445833863617,0.17816999233683276,0.5448645606918365,0.2555429476021012,0.19959249170606222,1.74,3.71,4.75,1.67,3.94,5.41,2025-08-08
2025-08-23,Championship,Birmingham,Oxford,H,0.419817795988878,0.27300037056346116,0.3071818334476608,0.6337247950365611,0.23155329049412804,0.13472191446931087,0.6556430960753802,0.215553894600125,0.12880300932449487,1.44,4.38,7.33,1.52,4.16,7.15,2025-08-08
2025-08-23,Championship,Swansea,Watford,D,0.45157429698720447,0.2618391251303021,0.28658657788249386,0.5130256383788596,0.2716868169442975,0.21528754467684288,0.4666608244147706,0.28082244301065845,0.25251673257457086,2.04,3.39,3.77,1.88,3.55,4.48,2025-08-08
2025-08-23,Championship,Hull,Blackburn,A,0.4130078506238599,0.2815617153594179,0.3054304340167222,0.39060453507555243,0.29990688761218887,0.30948857731225876,0.40187793427230045,0.2967136150234742,0.30140845070422534,2.37,3.21,3.16,2.48,3.23,3.13,2025-08-08
2025-08-23,Championship,Coventry,QPR,H,0.5519447097891731,0.23478740635550083,0.21326788385532602,0.6421700406249194,0.2103176988946243,0.1475122604804562,0.6079280111679103,0.23187474264595118,0.16019724618613854,1.56,4.09,5.92,1.5,4.58,6.53,2025-08-08
2025-08-23,Championship,Charlton,Leicester,A,0.16364666703519037,0.21623016415568425,0.6201231688091252,0.2627775511393438,0.2895273617343669,0.4476950871262894,0.2806827323283551,0.2964219509635899,0.42289531670805497,3.39,3.21,2.25,3.68,3.34,2.16,2025-08-08
2025-08-29,Championship,Leicester,Birmingham,H,0.763475231079347,0.15398375856720534,0.08254101035344785,0.40022712275371,0.29710111566379693,0.30267176158249315,0.3842119961522946,0.295187265336519,0.32060073851118626,2.52,3.28,3.02,2.42,3.26,3.2,2025-08-08
2025-08-30,Championship,Watford,Southampton,D,0.3432379697632994,0.23498267237476134,0.4217793578619392,0.3304403155031872,0.28987728276177804,0.37968240173503476,0.3297617950885007,0.29055231335541676,0.3796858915560825,2.89,3.28,2.51,2.93,3.34,2.55,2025-08-08
2025-08-30,Championship,Sheffield Weds,Swansea,A,0.4128776196580905,0.2556925274565533,0.33142985288535626,0.2648313004220665,0.2834704535309509,0.45169824604698255,0.2986766009457872,0.28526298114283266,0.4160604179113804,3.19,3.34,2.29,3.65,3.41,2.14,2025-08-08
2025-08-30,Championship,Portsmouth,Preston,H,0.47156658913738464,0.24750611034998338,0.28092730051263204,0.4149398084659422,0.2929726526441349,0.292087538889923,0.4252587094327355,0.28953784472016036,0.2852034458471041,2.24,3.29,3.34,2.33,3.3,3.31,2025-08-08
2025-08-30,Championship,Oxford,Coventry,D,0.341716628438703,0.26106158318086103,0.39722178838043587,0.21412986093521602,0.24635859000454702,0.539511549060237,0.2199951018902251,0.2412668929126896,0.5387380051970854,4.31,3.93,1.76,4.51,3.92,1.79,2025-08-08
2025-08-30,Championship,Ipswich,Derby,D,0.6440800251667105,0.20039083923066975,0.1555291356026196,0.6306166633223145,0.23882264724830227,0.13056068942938312,0.6232603821136705,0.234494005151678,0.14224561273465153,1.52,4.04,6.66,1.53,4.04,7.39,2025-08-08
2025-08-30,Championship,Bristol City,Hull,H,0.4687372687336954,0.2704382924068214,0.26082443885948314,0.4884818037005269,0.2709226810439897,0.24059551525548342,0.5053237841076194,0.26685638037143944,0.22781983552094112,1.88,3.56,4.17,1.98,3.57,4.02,2025-08-08
2025-08-30,Championship,Blackburn,Norwich,A,0.42281623388492173,0.24680689935684047,0.330376866758238,0.4169773259708655,0.2976576603853563,0.28536501364377814,0.3937615000438097,0.2968544642074827,0.3093840357487076,2.42,3.21,3.08,2.32,3.25,3.39,2025-08-08
2025-08-30,Championship,Stoke,West Brom,A,0.32030335478890015,0.28670159021360675,0.3929950549974931,0.393491124260355,0.2880917159763313,0.3184171597633136,0.35949433763497496,0.28759547010798,0.352910192257045,2.68,3.35,2.73,2.46,3.36,3.04,2025-08-08
2025-08-30,Championship,QPR,Charlton,H,0.4939793935435851,0.25862146694988275,0.24739913950653206,0.3204730996235652,0.29239539603116815,0.3871315043452667,0.3321432774922516,0.29012515202636435,0.3777315704813842,2.9,3.32,2.55,3.02,3.31,2.5,2025-08-08
2025-08-30,Championship,Middlesbrough,Sheffield United,H,0.3404485687217909,0.27704445369812697,0.38250697758008195,0.4223922108826941,0.27247272194968153,0.3051350671676244,0.4298047060062115,0.27120071590251094,0.29899457809127755,2.24,3.55,3.22,2.29,3.55,3.17,2025-08-08
2025-09-12,Championship,Ipswich,Sheffield United,H,0.4331232884361408,0.25802215298655756,0.3088545585773017,0.5521452902451508,0.24400360048712477,0.20385110926772446,0.5267495429385185,0.25367149041512865,0.21957896664635287,1.83,3.8,4.39,1.75,3.96,4.74,2025-09-12
2025-09-13,Championship,Wrexham,QPR,A,0.5932439790730357,0.19149752652567975,0.21525849440128447,0.4569244108142193,0.2840703081894853,0.25900528099629544,0.4960943992022603,0.2645836795745388,0.2393219212232009,1.92,3.6,3.98,2.12,3.41,3.74,2025-09-12
2025-09-13,Championship,West Brom,Derby,A,0.5547026632645918,0.24796858600216862,0.19732875073323963,0.5331881725138693,0.27494888668094114,0.19186294080518954,0.5337511934431922,0.2769904152562338,0.18925839130057412,1.78,3.43,5.02,1.81,3.51,5.03,2025-09-12
2025-09-13,Championship,Watford,Blackburn,A,0.4264392971601099,0.270362182852017,0.30319851998787295,0.38536019341744254,0.29222177808996397,0.32241802849259354,0.42849191163680633,0.28060532266481125,0.2909027656983823,2.22,3.39,3.27,2.51,3.31,3.0,2025-09-12
2025-09-13,Championship,Swansea,Hull,D,0.4729337501606304,0.2623569708039251,0.2647092790354446,0.52866154860705,0.25730070051885673,0.21403775087409324,0.5241130072766391,0.2664731862839092,0.2094138064394518,1.81,3.56,4.53,1.83,3.76,4.52,2025-09-12
2025-09-13,Championship,Stoke,Birmingham,H,0.47441318273491173,0.27238406005918514,0.25320275720590324,0.31740734098051293,0.30443156917942277,0.37816108984006425,0.30334509707074975,0.3014251913930867,0.39522971153616354,3.14,3.16,2.41,3.05,3.18,2.56,2025-09-12
2025-09-13,Championship,Sheffield Weds,Bristol City,A,0.3564960653374051,0.2556021395466234,0.38790179511597145,0.24528963635689155,0.2590995086450812,0.4956108549980271,0.27385746804412536,0.258973909998249,0.46716862195762565,3.48,3.68,2.04,3.94,3.73,1.95,2025-09-12
2025-09-13,Championship,Coventry,Norwich,D,0.49729053824360003,0.21905582278355343,0.28365363897284657,0.5546758767268863,0.22497343251859725,0.2203506907545165,0.5418370730628937,0.2376478390626727,0.22051508787443352,1.75,3.99,4.3,1.74,4.29,4.38,2025-09-12
2025-09-13,Championship,Preston,Middlesbrough,D,0.3286277660624396,0.26435114066296833,0.40702109327459207,0.2979603901862252,0.28820573455512855,0.4138338752586462,0.30057240669927837,0.28873167552627654,0.4106959177744451,3.17,3.3,2.32,3.25,3.36,2.34,2025-09-12
2025-09-13,Championship,Oxford,Leicester,D,0.18390367835005292,0.22395757376303269,0.5921387478869143,0.22778204144282424,0.2597083653108212,0.5125095932463546,0.22935949648278411,0.26823398741206955,0.5024065161051462,4.14,3.54,1.89,4.23,3.71,1.88,2025-09-12
2025-09-13,Championship,Charlton,Millwall,D,0.2753409713874677,0.3763019041826059,0.34835712442992645,0.3871979553903346,0.3194702602230483,0.2933317843866171,0.38276247341927266,0.3230774775640641,0.29416004901666326,2.49,2.95,3.24,2.5,3.03,3.3,2025-09-12
2025-09-14,Championship,Southampton,Portsmouth,D,0.6168707602426152,0.19109790488099437,0.19203133487639046,0.551920930879641,0.23673079143121856,0.2113482776891404,0.5423889834733288,0.2452663361959497,0.2123446803307216,1.75,3.87,4.47,1.75,4.08,4.57,2025-09-12
2025-09-19,Championship,Middlesbrough,West Brom,H,0.4397532973948776,0.2618571788416736,0.29838952376344896,0.4281966379896703,0.2880132148382901,0.2837901471720395,0.4281966379896703,0.2880132148382901,0.2837901471720395,2.26,3.36,3.41,2.26,3.36,3.41,2025-09-12
2025-09-20,Championship,Sheffield United,Charlton,A,0.5788420756593277,0.29635893921214035,0.12479898512853199,0.5211149967961693,0.2612636162799224,0.21762138692390828,0.5181504765767593,0.25978503346177245,0.22206448996146827,1.83,3.65,4.27,1.85,3.69,4.43,2025-09-12
2025-09-20,Championship,Portsmouth,Sheffield Weds,A,0.49718047766946655,0.23595734144033714,0.26686218089019637,0.6218934719515639,0.22313307442706573,0.1549734536213704,0.6146657619270952,0.22013611008551784,0.16519812798738687,1.54,4.3,5.73,1.55,4.32,6.22,2025-09-12
2025-09-20,Championship,Norwich,Wrexham,A,0.51209595428693,0.19599070841685776,0.29191333729621244,0.49250440617068036,0.2574156362918756,0.25007995753744394,0.5311587977308635,0.24824392896559935,0.2205972733035373,1.79,3.83,4.31,1.96,3.75,3.86,2025-09-12
2025-09-20,Championship,Hull,Southampton,H,0.3281321675130739,0.23807045833304402,0.433797374153882,0.31806615776081426,0.2578456318914334,0.42408821034775235,0.3183305332036431,0.25864355822796,0.4230259085683968,2.99,3.68,2.25,3.04,3.75,2.28,2025-09-12
2025-09-20,Championship,QPR,Stoke,H,0.4057255644932752,0.26793304945882945,0.32634138604789537,0.33374777014973783,0.2821774149954051,0.384074814854857,0.3514918097509488,0.29040939159300955,0.35809879865604183,2.71,3.28,2.66,2.9,3.43,2.52,2025-09-12
2025-09-20,Championship,Leicester,Coventry,D,0.6223274542028577,0.2025934277968842,0.17507911800025824,0.38764643237486685,0.2662406815761448,0.34611288604898827,0.3737835675649859,0.2770779352589285,0.34913849717608564,2.55,3.44,2.73,2.5,3.64,2.8,2025-09-12
2025-09-20,Championship,Birmingham,Swansea,H,0.36133373530899776,0.2765451288352733,0.3621211358557289,0.4763704648867275,0.2939307123769169,0.22969882273635553,0.49975401631974475,0.2868678643527236,0.21337811932753148,1.9,3.31,4.45,2.03,3.29,4.21,2025-09-12
2025-09-20,Championship,Derby,Preston,A,0.4275190088268982,0.27515587017818327,0.2973251209949184,0.39797487082866156,0.30897090610659667,0.2930542230647417,0.4020784068710802,0.3073954271885356,0.2905261659403842,2.37,3.1,3.28,2.43,3.13,3.3,2025-09-12
2025-09-21,Championship,Bristol City,Oxford,A,0.5553561536078794,0.23651387307684363,0.2081299733152771,0.5746593073804522,0.2475455477946564,0.1777951448248913,0.602481531324058,0.2347136486795958,0.16280481999634616,1.57,4.03,5.81,1.68,3.9,5.43,2025-09-12
2025-09-22,Championship,Millwall,Watford,H,0.41836322729326275,0.2901270200826219,0.2915097526241153,0.4762961524591528,0.2843768204388471,0.23932702710200002,0.4532775453277545,0.2928870292887029,0.25383542538354253,2.1,3.25,3.75,2.03,3.4,4.04,2025-09-12
2025-09-26,Championship,West Brom,Leicester,D,0.3118432346576768,0.2694227295871603,0.4187340357551627,0.4242229512632327,0.2904589576216728,0.2853180911150945,0.4317897371714643,0.2878598247809762,0.2803504380475595,2.24,3.36,3.45,2.28,3.33,3.39,2025-09-12
2025-09-27,Championship,Sheffield Weds,QPR,D,0.44921323561198706,0.24777220453798146,0.3030145598500314,0.3078503684053148,0.28769349904544306,0.4044561325492421,0.33789381946682906,0.2794312524623043,0.38267492807086656,2.82,3.41,2.49,3.14,3.36,2.39,2025-09-12
2025-09-27,Championship,Watford,Hull,H,0.4588560300480509,0.26566883925750423,0.27547513069444496,0.40339997861648674,0.28226237570832885,0.31433764567518446,0.41244374877714735,0.28021913519859126,0.3073371160242614,2.31,3.4,3.1,2.4,3.43,3.08,2025-09-12
2025-09-27,Championship,Stoke,Norwich,D,0.38182895344494977,0.2502330377866754,0.3679380087683746,0.4906634098880425,0.26338063146578855,0.2459559586461689,0.47077642874841497,0.2598274278884694,0.2693961433631156,2.02,3.66,3.53,1.97,3.67,3.93,2025-09-12
2025-09-27,Championship,Southampton,Middlesbrough,D,0.4915315204375195,0.21994842120213814,0.2885200583603423,0.4473684210526315,0.26842105263157895,0.28421052631578947,0.39856518114983036,0.2785294686982733,0.3229053501518965,2.39,3.42,2.95,2.16,3.6,3.4,2025-09-12
2025-09-27,Championship,Preston,Bristol City,D,0.37261285954013873,0.2732787315300582,0.35410840892980305,0.3601616966430371,0.2962798054953424,0.34355849786162046,0.3598698245373489,0.29708879595762444,0.34304137950502683,2.65,3.21,2.78,2.69,3.27,2.82,2025-09-12
2025-09-27,Championship,Ipswich,Portsmouth,H,0.6218005794649147,0.19465398492366323,0.18354543561142217,0.6473944952990754,0.2134110172556687,0.13919448744525578,0.623240860173652,0.21727663015228232,0.1594825096740658,1.52,4.36,5.94,1.49,4.52,6.93,2025-09-12
2025-09-27,Championship,Oxford,Sheffield United,A,0.2527146713329603,0.27522844175063627,0.4720568869164035,0.3112126045695007,0.2855077286758546,0.4032796667546446,0.3151493046194833,0.28495535926671844,0.3998953361137981,3.02,3.34,2.38,3.11,3.39,2.4,2025-09-12
2025-09-27,Championship,Charlton,Blackburn,H,0.2765485580169858,0.3481428393765981,0.37530860260641596,0.40469575680470876,0.30131553232500125,0.29398871087029,0.40541084616508055,0.3005411635608641,0.2940479902740553,2.35,3.17,3.24,2.39,3.21,3.29,2025-09-12
2025-09-27,Championship,Wrexham,Derby,D,0.5643871633148578,0.20388952002564367,0.23172331665949833,0.4564024368315436,0.2820913020649774,0.261506261103479,0.44177549175103387,0.2892103819871633,0.2690141262618027,2.18,3.33,3.58,2.12,3.43,3.7,2025-09-12
2025-09-27,Championship,Swansea,Millwall,D,0.4379713371368669,0.28634359492154,0.2756850679415931,0.4400658141191853,0.2924908734326911,0.2674433124481237,0.4374534068883256,0.29521395556880875,0.2673326375428657,2.2,3.26,3.6,2.2,3.31,3.62,2025-09-12
2025-09-27,Championship,Coventry,Birmingham,H,0.5933599418250941,0.22010130378817894,0.18653875438672685,0.4696039841424359,0.27173713689140955,0.2586588789661545,0.4557947460774336,0.27556645106687244,0.2686388028556941,2.11,3.49,3.58,2.06,3.56,3.74,2025-09-12
2025-09-30,Championship,Derby,Charlton,D,0.4657196705035855,0.32639356834970323,0.20788676114671145,0.34720700985761227,0.30558598028477546,0.34720700985761227,0.3605120091362225,0.301745161251948,0.33774282961182944,2.67,3.19,2.85,2.79,3.17,2.79,2025-09-12
2025-09-30,Championship,Middlesbrough,Stoke,D,0.5503440351531178,0.2383832236148441,0.21127274123203837,0.5249698855651476,0.26320016061031926,0.21182995382453323,0.49192007847591507,0.26645670917445397,0.2416232123496308,1.95,3.6,3.97,1.84,3.67,4.56,2025-09-12
2025-09-30,Championship,Leicester,Wrexham,D,0.6969159107560401,0.1604137114454705,0.14267037779848926,0.5337385792916846,0.25157990325988255,0.21468151744843308,0.5675974020417419,0.23861681827127956,0.19378577968697852,1.69,4.02,4.95,1.81,3.84,4.5,2025-09-12
2025-09-30,Championship,Sheffield United,Southampton,A,0.4805545444594192,0.24364905465241307,0.2757964008881677,0.3854497979676671,0.2887996993727893,0.3257505026595435,0.39911865324030227,0.27482170123117955,0.3260596455285181,2.41,3.5,2.95,2.51,3.35,2.97,2025-09-12
2025-09-30,Championship,Bristol City,Ipswich,D,0.3760439478960401,0.24168072475259508,0.38227532735136466,0.33405391266886175,0.27998738345078006,0.3859587038803582,0.34026719268358285,0.27911772617233027,0.38061508114408676,2.83,3.45,2.53,2.9,3.46,2.51,2025-09-12
2025-09-30,Championship,Blackburn,Swansea,A,0.434281862142057,0.2685230654963978,0.29719507236154535,0.377996177996178,0.30051870051870055,0.32148512148512154,0.368897360264958,0.2908828127769004,0.3402198269581415,2.61,3.31,2.83,2.56,3.22,3.01,2025-09-12
2025-09-30,Championship,Birmingham,Sheffield Weds,D,0.4326602946821551,0.26272827098668006,0.304611434331165,0.6503516681695221,0.21975353171024947,0.12989480012022842,0.6264497849528119,0.22766464868831407,0.145885566358874,1.53,4.21,6.57,1.48,4.38,7.41,2025-09-12
2025-09-30,Championship,Hull,Preston,D,0.4369874177738848,0.2757472216823446,0.28726536054377094,0.4440850852096031,0.2847369075755691,0.2711780072148277,0.437699155989045,0.28156086057774826,0.28073998343320666,2.2,3.42,3.43,2.18,3.4,3.57,2025-09-12
2025-10-01,Championship,Millwall,Coventry,A,0.3623793426675292,0.27325536670249356,0.364365290629977,0.2560251704247509,0.2695752490823282,0.47439958049292075,0.3264570430363665,0.28286485628076863,0.3906781006828649,2.92,3.37,2.44,3.78,3.59,2.04,2025-09-12
2025-10-01,Championship,Norwich,West Brom,A,0.4147666256467776,0.2498312205364974,0.3354021538167249,0.27772616677726164,0.2809555408095554,0.44131829241318293,0.3320687346574425,0.2836420441865655,0.384289221155992,2.87,3.36,2.48,3.48,3.44,2.19,2025-09-12
2025-10-01,Championship,Portsmouth,Watford,D,0.4312723634352632,0.2541441050830596,0.3145835314816774,0.410367959112274,0.29436728981913873,0.29526475106858735,0.4267329990901876,0.28749685437193906,0.28577014653787336,2.23,3.31,3.33,2.36,3.29,3.28,2025-09-12
2025-10-01,Championship,QPR,Oxford,D,0.46714538385225524,0.2533108244204774,0.27954379172726734,0.4582623141815357,0.2731450516731752,0.26859263414528894,0.4550012328429358,0.27484178515657104,0.27015698200049315,2.09,3.46,3.52,2.11,3.54,3.6,2025-09-12
2025-10-03,Championship,Wrexham,Birmingham,D,0.5936322411359161,0.1997574036982894,0.20661035516579454,0.28391104674428796,0.3093088400632658,0.4067801131924462,0.31410849338919417,0.3004516023722727,0.38543990423853314,3.08,3.22,2.51,3.41,3.13,2.38,2025-09-12
2025-10-04,Championship,Portsmouth,Middlesbrough,H,0.3463650840299629,0.24578758468900438,0.4078473312810327,0.32238667900092505,0.28445883441258096,0.393154486586494,0.32852598929213506,0.27615228085425847,0.3953217298536064,2.9,3.45,2.41,3.0,3.4,2.46,2025-09-12
2025-10-04,Championship,Watford,Oxford,H,0.5120079850865844,0.2509440413427956,0.2370479735706202,0.5031761688695995,0.27524166502268693,0.22158216610771353,0.47769780034084286,0.27474526667002236,0.24755693298913475,1.99,3.46,3.84,1.92,3.51,4.36,2025-09-12
2025-10-04,Championship,Swansea,Leicester,A,0.24720876111964254,0.2478244576303821,0.5049667812499754,0.3724778046811945,0.2865213882163035,0.3410008071025021,0.3784011399331846,0.2846480216810821,0.3369508383857333,2.52,3.35,2.83,2.6,3.38,2.84,2025-09-12
2025-10-04,Championship,Preston,Charlton,H,0.46338196468164794,0.3330404104012038,0.2035776249171482,0.36231216875007377,0.31306585455103464,0.3246219766988916,0.3709070266483616,0.2969567160393424,0.3321362573122959,2.57,3.21,2.87,2.67,3.09,2.98,2025-09-12
2025-10-04,Championship,Derby,Southampton,D,0.31718418871570875,0.23529194133168255,0.4475238699526088,0.27620053634060976,0.29030086402166194,0.43349859963772835,0.27602990406477435,0.28512070928846456,0.43884938664676104,3.45,3.34,2.17,3.5,3.33,2.23,2025-09-12
2025-10-04,Championship,Sheffield Weds,Coventry,A,0.32589826755904117,0.23952855551027746,0.4345731769306815,0.19164827844623006,0.23454764977725967,0.5738040717765103,0.1533323992340386,0.20204567745551352,0.6446219233104479,6.18,4.69,1.47,5.03,4.11,1.68,2025-09-12
2025-10-04,Championship,Bristol City,QPR,A,0.5411606637997245,0.23553726965738148,0.22330206654289403,0.4853353876630165,0.2682826170692786,0.24638199526770482,0.5254838007556292,0.25636810764627727,0.2181480915980937,1.81,3.71,4.36,1.99,3.6,3.92,2025-09-12
2025-10-04,Championship,Hull,Sheffield United,H,0.2894839857283749,0.28834835995610625,0.422167654315519,0.3639520373284141,0.28142802886441326,0.35461993380717266,0.36099585062240663,0.2738589211618257,0.36514522821576767,2.64,3.48,2.61,2.66,3.44,2.73,2025-09-12
2025-10-04,Championship,Blackburn,Stoke,D,0.4563604324241372,0.2726634419898223,0.2709761255860405,0.384271702328179,0.2961359907850187,0.31959230688680235,0.35702943493807954,0.29883027939958384,0.34414028566233656,2.67,3.19,2.77,2.52,3.27,3.03,2025-09-12
2025-10-04,Championship,Millwall,West Brom,H,0.33291150430411465,0.3033664590791145,0.36372203661677066,0.332574067797946,0.31421770691299444,0.35320822528905943,0.32883430609597925,0.3126621271076524,0.3585035667963683,2.9,3.05,2.66,2.91,3.08,2.74,2025-09-12
2025-10-05,Championship,Ipswich,Norwich,H,0.5544955532880088,0.20390086513140812,0.24160358158058307,0.6190994916485113,0.2251270878721859,0.15577342047930284,0.5998962987016387,0.22839425348158773,0.17170944781677344,1.58,4.15,5.52,1.56,4.29,6.2,2025-09-12
2025-10-17,Championship,Middlesbrough,Ipswich,H,0.37423056877468,0.23945863521558391,0.386310796009736,0.32797635504811157,0.29408214206441613,0.37794150288747236,0.3377733795150915,0.29896091044037604,0.3632657100445324,2.85,3.22,2.65,2.95,3.29,2.56,2025-10-17
2025-10-18,Championship,West Brom,Preston,H,0.5061507533612857,0.2698863263659602,0.2239629202727541,0.5361219503300391,0.2636665329491995,0.20021151672076143,0.5324628959045239,0.26327332075279236,0.20426378334268372,1.78,3.6,4.64,1.8,3.66,4.82,2025-10-17
2025-10-18,Championship,Stoke,Wrexham,H,0.4345282145826934,0.24750423139785346,0.31796755401945315,0.4712710593631473,0.26761929963835235,0.2611096409985005,0.4892930436628689,0.2622178189795485,0.2484891373575826,1.94,3.62,3.82,2.05,3.61,3.7,2025-10-17
2025-10-18,Championship,Sheffield United,Watford,H,0.5023091798171728,0.2721608903458799,0.2255299298369473,0.449840069787729,0.28445769118929926,0.2657022390229718,0.47769780034084286,0.27474526667002236,0.24755693298913475,1.99,3.46,3.84,2.15,3.4,3.64,2025-10-17
2025-10-18,Championship,Norwich,Bristol City,A,0.46308097583700636,0.240709171091366,0.29620985307162745,0.37484855827477587,0.27089895808093045,0.3542524836442937,0.3763319760894049,0.26301654682491554,0.36065147708567963,2.53,3.62,2.64,2.58,3.57,2.73,2025-10-17
2025-10-18,Championship,Coventry,Blackburn,H,0.5645954156418228,0.2303223677834601,0.20508221657471698,0.6459820043437791,0.2153273347812597,0.1386906608749612,0.6192098764244612,0.22773824781957347,0.15305187575596538,1.53,4.16,6.19,1.49,4.47,6.94,2025-10-17
2025-10-18,Championship,Southampton,Swansea,D,0.5453980351521565,0.22431421593532094,0.2302877489125228,0.49089375824594333,0.2585723806803498,0.2505338610737069,0.49180310556163787,0.2629307461866928,0.24526614825166948,1.93,3.61,3.87,1.97,3.74,3.86,2025-10-17
2025-10-18,Championship,Birmingham,Hull,A,0.36711999433377657,0.2846039113853724,0.34827609428085116,0.5489649166166485,0.25425743506455295,0.1967776483187986,0.5488519316246606,0.25456135166505706,0.19658671671028213,1.73,3.73,4.83,1.76,3.8,4.91,2025-10-17
2025-10-18,Championship,QPR,Millwall,A,0.3922746023243091,0.2897394537686306,0.31798594390706025,0.35739383398961205,0.30747215559106306,0.3351340104193248,0.35567504345424705,0.31563215776734516,0.3286927987784077,2.68,3.02,2.9,2.71,3.15,2.89,2025-10-17
2025-10-18,Championship,Oxford,Derby,H,0.40473776916527227,0.279672704947266,0.31558952588746186,0.3682485035796722,0.30455772465865966,0.3271937717616682,0.370406663400294,0.32052024408712304,0.30907309251258297,2.57,2.97,3.08,2.63,3.18,2.96,2025-10-17
2025-10-18,Championship,Leicester,Portsmouth,D,0.6771096300190204,0.19541952082264738,0.12747084915833212,0.6033943724877177,0.22986452285246387,0.16674110465981837,0.5510327014520795,0.2527403323993538,0.19622696614856658,1.72,3.75,4.83,1.6,4.2,5.79,2025-10-17
2025-10-18,Championship,Charlton,Sheffield Weds,H,0.503138311797817,0.27802066725553537,0.21884102094664765,0.5884973336900535,0.24068220130964782,0.1708204650002987,0.5820136163658558,0.24705265486363154,0.17093372877051263,1.63,3.84,5.55,1.64,4.01,5.65,2025-10-17
2025-10-21,Championship,Preston,Birmingham,A,0.4746349859326991,0.27896083174327896,0.24640418232402175,0.32486803793033653,0.2969652616663812,0.3781667004032823,0.32484741153031216,0.29954776888776447,0.37560481958192343,2.96,3.21,2.56,2.98,3.26,2.56,2025-10-17
2025-10-21,Championship,Portsmouth,Coventry,A,0.3115131332750433,0.2482170358642247,0.44026983086073196,0.2312992125984252,0.2544291338582677,0.5142716535433071,0.23879626758943484,0.2532878616647831,0.507915870745782,4.02,3.79,1.89,4.18,3.8,1.88,2025-10-17
2025-10-21,Championship,Bristol City,Southampton,H,0.3980154543151559,0.24535591292052958,0.35662863276431417,0.39522122744068566,0.27430368476761474,0.33047508779169965,0.376263481350879,0.2759984275811605,0.3477380910679604,2.56,3.49,2.77,2.45,3.53,2.93,2025-10-17
2025-10-21,Championship,Millwall,Stoke,H,0.4181221027010623,0.30555039329890865,0.2763275040000291,0.3981279251170046,0.2985959438377535,0.3032761310452418,0.4166465787389373,0.2943283170908089,0.2890251041702538,2.31,3.27,3.33,2.43,3.24,3.19,2025-10-17
2025-10-21,Championship,Blackburn,Sheffield United,A,0.3376415097553882,0.2964029697595189,0.3659555204850929,0.38713844077158494,0.2996427560151586,0.31321880321325646,0.39746576997108857,0.29325218394208363,0.30928204608682774,2.42,3.28,3.11,2.5,3.23,3.09,2025-10-17
2025-10-21,Championship,Hull,Leicester,H,0.23082378059227956,0.25336181344303316,0.5158144059646871,0.2764208675053389,0.2650611058270373,0.45851802666762376,0.2838850984505116,0.27262619936182275,0.4434887021876656,3.39,3.53,2.17,3.5,3.65,2.11,2025-10-17
2025-10-21,Championship,Derby,Norwich,H,0.3717670453931357,0.25670259034021464,0.37153036426664976,0.375017553714366,0.29588540935261903,0.32909703693301506,0.37902933719666787,0.29898587468308585,0.32198478812024633,2.54,3.22,2.99,2.58,3.27,2.94,2025-10-17
2025-10-21,Championship,Ipswich,Charlton,A,0.5676392677905898,0.2459687153165174,0.18639201689289253,0.5874757544895776,0.25221472182275056,0.16030952368767176,0.5772438971317124,0.2555266317969713,0.1672294710713163,1.66,3.75,5.73,1.64,3.82,6.01,2025-10-17
2025-10-22,Championship,Swansea,QPR,A,0.47712589444624365,0.25639803209304085,0.26647607346071533,0.418848167539267,0.28795811518324604,0.29319371727748694,0.4429017899422294,0.27284780755753385,0.28425040250023675,2.15,3.49,3.35,2.31,3.36,3.3,2025-10-17
2025-10-22,Championship,Watford,West Brom,H,0.35459700635587643,0.28340996596661233,0.361993027677511,0.3266427345091306,0.29567660371468707,0.3776806617761823,0.34383195755429596,0.2912582637386543,0.3649097787070497,2.77,3.27,2.61,2.96,3.27,2.56,2025-10-17
2025-10-22,Championship,Wrexham,Oxford,H,0.5194830807800852,0.22384277667255922,0.25667414254735577,0.48292763748325895,0.2713076615074489,0.2457647010092921,0.4824061943332845,0.2707521945403335,0.24684161112638195,1.97,3.51,3.85,2.0,3.56,3.93,2025-10-17
2025-10-22,Championship,Sheffield Weds,Middlesbrough,A,0.2866214868643561,0.24596095429189607,0.4674175588437479,0.17876654759403238,0.23261189325488546,0.5886215591510822,0.19767456077074494,0.25182477289677346,0.5505006663324816,4.79,3.76,1.72,5.4,4.15,1.64,2025-10-17
2025-10-24,Championship,Preston,Sheffield United,H,0.3261416534428754,0.29941112814214327,0.37444721841498135,0.34028564951258217,0.30151892994785756,0.35819542053956016,0.34028564951258217,0.30151892994785756,0.35819542053956016,2.8,3.16,2.66,2.8,3.16,2.66,2025-10-17
2025-10-25,Championship,Millwall,Leicester,H,0.2353043292901523,0.2787485228315057,0.4859471478783421,0.3464996788696211,0.2870102761721259,0.366490044958253,0.3464996788696211,0.2870102761721259,0.366490044958253,2.75,3.32,2.6,2.75,3.32,2.6,2025-10-17
2025-10-25,Championship,Middlesbrough,Wrexham,D,0.5667195116082933,0.2086191533333438,0.22466133505836322,0.5200129995043118,0.26071884632681935,0.2192681541688688,0.5200129995043118,0.26071884632681935,0.2192681541688688,1.83,3.65,4.34,1.83,3.65,4.34,2025-10-17
2025-10-25,Championship,Hull,Charlton,D,0.3766507449098242,0.313888805053913,0.30946045003626294,0.3904114235998867,0.29310888417960723,0.31647969222050615,0.3904114235998867,0.29310888417960723,0.31647969222050615,2.44,3.25,3.01,2.44,3.25,3.01,2025-10-17
2025-10-25,Championship,Derby,QPR,H,0.43372969896704877,0.2732754811185918,0.2929948199143594,0.39098275437886393,0.28562811996539766,0.3233891256557383,0.39098275437886393,0.28562811996539766,0.3233891256557383,2.44,3.34,2.95,2.44,3.34,2.95,2025-10-17
2025-10-25,Championship,Ipswich,West Brom,H,0.5430691195956464,0.23206821583228637,0.22486266457206716,0.5510957352206698,0.25142829299192365,0.19747597178740667,0.5510957352206698,0.25142829299192365,0.19747597178740667,1.72,3.77,4.8,1.72,3.77,4.8,2025-10-17
2025-10-25,Championship,Blackburn,Southampton,H,0.35636462629140053,0.2512420588304908,0.39239331487810875,0.3151356288970968,0.2866595178521784,0.39820485325072474,0.3151356288970968,0.2866595178521784,0.39820485325072474,3.02,3.32,2.39,3.02,3.32,2.39,2025-10-17
2025-10-25,Championship,Portsmouth,Stoke,A,0.41980909051817045,0.2790456165560095,0.30114529292582,0.34814784793709974,0.30871362567885224,0.34313852638404796,0.34814784793709974,0.30871362567885224,0.34313852638404796,2.74,3.09,2.78,2.74,3.09,2.78,2025-10-17
2025-10-25,Championship,Sheffield Weds,Oxford,A,0.4196615387684004,0.25773458643726627,0.3226038747943334,0.3567401744270089,0.28517852267069277,0.35808130290229834,0.3567401744270089,0.28517852267069277,0.35808130290229834,2.67,3.34,2.66,2.67,3.34,2.66,2025-10-17
2025-10-25,Championship,Coventry,Watford,H,0.5672702728198472,0.22692515402532218,0.20580457315483056,0.6509291813159217,0.20341536916122552,0.14565544952285284,0.6509291813159217,0.20341536916122552,0.14565544952285284,1.45,4.64,6.48,1.45,4.64,6.48,2025-10-17
2025-10-25,Championship,Bristol City,Birmingham,H,0.5324574593716248,0.2562683971130317,0.2112741435153434,0.4125408014921689,0.2896563074306718,0.2978028910771594,0.4125408014921689,0.2896563074306718,0.2978028910771594,2.31,3.29,3.2,2.31,3.29,3.2,2025-10-17
2025-10-25,Championship,Swansea,Norwich,H,0.41282093799867303,0.24543901106843594,0.34174005093289106,0.4327861087981177,0.2630191821425025,0.30419470905937984,0.4327861087981177,0.2630191821425025,0.30419470905937984,2.2,3.62,3.13,2.2,3.62,3.13,2025-10-17
2025-10-31,Championship,Wrexham,Coventry,H,0.34193531874904315,0.2225707450892562,0.4354939361617006,,,,,,,,,,,,,2025-10-17
2025-11-01,Championship,Leicester,Blackburn,A,0.645790532619831,0.21351612821469823,0.14069333916547072,,,,,,,,,,,,,2025-10-17
2025-11-01,Championship,Watford,Middlesbrough,H,0.35218417550929415,0.26568679099390674,0.38212903349679944,,,,,,,,,,,,,2025-10-17
2025-11-01,Championship,Southampton,Preston,A,0.5567999880818325,0.228188219001207,0.21501179291696046,,,,,,,,,,,,,2025-10-17
2025-11-01,Championship,Sheffield United,Derby,A,0.5193996425697082,0.2747339226261402,0.20586643480415168,,,,,,,,,,,,,2025-10-17
2025-11-01,Championship,QPR,Ipswich,A,0.255701731303845,0.22854259896281448,0.5157556697333404,,,,,,,,,,,,,2025-10-17
2025-11-01,Championship,Stoke,Bristol City,H,0.37714848774466053,0.2846471110878386,0.33820440116750106,,,,,,,,,,,,,2025-10-17
2025-11-01,Championship,Charlton,Swansea,D,0.41881349425466885,0.30646723693179634,0.27471926881353465,,,,,,,,,,,,,2025-10-17
2025-11-01,Championship,Birmingham,Portsmouth,H,0.3807068691287936,0.27958632010570117,0.3397068107655053,,,,,,,,,,,,,2025-10-17
2025-11-01,Championship,West Brom,Sheffield Weds,D,0.5896929078723377,0.22938405703874937,0.1809230350889129,,,,,,,,,,,,,2025-10-17
2025-11-01,Championship,Norwich,Hull,A,0.5116672076528581,0.23420693942071072,0.25412585292643103,,,,,,,,,,,,,2025-10-17
2025-11-01,Championship,Oxford,Millwall,D,0.372402563551172,0.2944737027384501,0.3331237337103779,,,,,,,,,,,,,2025-10-17
2025-11-04,Championship,Coventry,Sheffield United,H,0.46027167458960366,0.2647949301590886,0.27493339525130756,,,,,,,,,,,,,2025-10-17
2025-11-04,Championship,Birmingham,Millwall,H,0.3473595573005197,0.30836725265257875,0.3442731900469017,,,,,,,,,,,,,2025-10-17
2025-11-04,Championship,Bristol City,Blackburn,A,0.4691554373805045,0.2651793110306983,0.2656652515887973,,,,,,,,,,,,,2025-10-17
2025-11-04,Championship,Charlton,West Brom,H,0.3505056888653769,0.3265767403232476,0.32291757081137556,,,,,,,,,,,,,2025-10-17
2025-11-04,Championship,Derby,Hull,H,0.4097869976406382,0.2797888729625854,0.3104241293967763,,,,,,,,,,,,,2025-10-17
2025-11-04,Championship,Ipswich,Watford,D,0.634506225750524,0.1990304401007503,0.16646333414872586,,,,,,,,,,,,,2025-10-17
2025-11-04,Championship,Leicester,Middlesbrough,D,0.5722294765590441,0.23197665980838497,0.19579386363257092,,,,,,,,,,,,,2025-10-17
2025-11-04,Championship,Oxford,Stoke,A,0.3893549814319149,0.28565716090249893,0.32498785766558613,,,,,,,,,,,,,2025-10-17
2025-11-05,Championship,Sheffield Weds,Norwich,D,0.33218722631660486,0.23537411760670449,0.4324386560766905,,,,,,,,,,,,,2025-10-17
2025-11-05,Championship,Portsmouth,Wrexham,D,0.43815247428417126,0.23245458583278544,0.32939293988304313,,,,,,,,,,,,,2025-10-17
2025-11-05,Championship,Preston,Swansea,H,0.4107731502352351,0.2759050737709097,0.3133217759938552,,,,,,,,,,,,,2025-10-17
2025-11-05,Championship,QPR,Southampton,A,0.32873311997765536,0.24203916981088078,0.42922771021146394,,,,,,,,,,,,,2025-10-17
2025-11-07,Championship,Watford,Bristol City,D,0.39913622512138436,0.27033790240754196,0.3305258724710737,,,,,,,,,,,,,2025-10-17
2025-11-08,Championship,Wrexham,Charlton,H,0.41249090539416944,0.271535973002294,0.3159731216035367,,,,,,,,,,,,,2025-10-17
2025-11-08,Championship,West Brom,Oxford,H,0.5521016918678302,0.25033382739355714,0.19756448073861263,,,,,,,,,,,,,2025-10-17
2025-11-08,Championship,Swansea,Ipswich,A,0.29066345077824135,0.23721749667621814,0.4721190525455405,,,,,,,,,,,,,2025-10-17
2025-11-08,Championship,Stoke,Coventry,A,0.31311975774922346,0.26629728285754034,0.4205829593932363,,,,,,,,,,,,,2025-10-17
2025-11-08,Championship,Sheffield United,QPR,D,0.5378924251451158,0.258523388665085,0.20358418618979932,,,,,,,,,,,,,2025-10-17
2025-11-08,Championship,Southampton,Sheffield Weds,H,0.6456174261412759,0.18872878922501354,0.1656537846337106,,,,,,,,,,,,,2025-10-17
2025-11-08,Championship,Middlesbrough,Birmingham,H,0.590238336301299,0.23391841679472922,0.1758432469039716,,,,,,,,,,,,,2025-10-17
2025-11-08,Championship,Millwall,Preston,D,0.42212483037303206,0.29830840804413816,0.27956676158282956,,,,,,,,,,,,,2025-10-17
2025-11-08,Championship,Hull,Portsmouth,H,0.4489162248841938,0.2625200845702109,0.2885636905455953,,,,,,,,,,,,,2025-10-17
2025-11-08,Championship,Blackburn,Derby,A,0.44855912543402304,0.2789487453219431,0.2724921292440337,,,,,,,,,,,,,2025-10-17
2025-11-08,Championship,Norwich,Leicester,A,0.278336812787377,0.2396268787513748,0.48203630846124823,,,,,,,,,,,,,2025-10-17
2025-11-21,Championship,Preston,Blackburn,A,0.4218819337818538,0.2762159271433368,0.3019021390748094,0.37967312909415735,0.2997419440217032,0.3205849268841395,,,,,,,2.55,3.23,3.02,2025-11-21
2025-11-22,Championship,QPR,Hull,H,0.3891744632018133,0.26259778913268483,0.34822774766550185,0.4904703649306703,0.2611423294360596,0.24838730563327005,,,,,,,1.97,3.7,3.89,2025-11-21
2025-11-22,Championship,Portsmouth,Millwall,H,0.3731967437842249,0.2840032234250902,0.34280003279068494,0.4188328000634635,0.2870931062749557,0.29407409366158077,,,,,,,2.31,3.37,3.29,2025-11-21
2025-11-22,Championship,Oxford,Middlesbrough,D,0.29898062211033577,0.25827444243010883,0.44274493545955546,0.2573965336283437,0.27730973250503504,0.46529373386662126,,,,,,,3.76,3.49,2.08,2025-11-21
2025-11-22,Championship,Ipswich,Wrexham,D,0.5924103780097678,0.20431467611463788,0.20327494587559417,0.6606643707627445,0.2096891263725233,0.12964650286473212,,,,,,,1.46,4.6,7.44,2025-11-21
2025-11-22,Championship,Leicester,Stoke,H,0.5640608627893391,0.24754857249180665,0.18839056471885415,0.4648713277157823,0.2723753131405148,0.26275335914370307,,,,,,,2.08,3.55,3.68,2025-11-21
2025-11-22,Championship,Birmingham,Norwich,H,0.400350960330866,0.25097165240827757,0.34867738726085634,0.5635847649205636,0.24093248700354097,0.19548274807589533,,,,,,,1.71,4.0,4.93,2025-11-21
2025-11-22,Championship,Coventry,West Brom,H,0.4985848701935562,0.24892475189529,0.2524903779111538,0.4932310347617378,0.2715541652059006,0.23521480003236156,,,,,,,1.96,3.56,4.11,2025-11-21
2025-11-22,Championship,Charlton,Southampton,A,0.4742672921996929,0.27423387194068555,0.2514988358596215,0.34072056456605176,0.2812925591184846,0.3779868763154636,,,,,,,2.84,3.44,2.56,2025-11-21
2025-11-22,Championship,Bristol City,Swansea,H,0.47157126501066776,0.2580874108557945,0.27034132413353773,0.4947896055929298,0.26579606912016884,0.23941432528690146,,,,,,,1.95,3.63,4.03,2025-11-21
2025-11-22,Championship,Derby,Watford,A,0.4181755380591532,0.2772935052436286,0.30453095669721797,0.3933321737113701,0.3014321331246013,0.3052356931640285,,,,,,,2.46,3.21,3.17,2025-11-21
2025-11-23,Championship,Sheffield Weds,Sheffield United,A,0.29081049644366425,0.2659654487564199,0.4432240547999159,0.2437202987101154,0.26883910386965376,0.4874405974202308,0.24011499195127414,0.27721730849185,0.4826676995568759,3.96,3.43,1.97,3.96,3.59,1.98,2025-11-21
2025-11-25,Championship,Southampton,Leicester,H,0.3470428472514838,0.24617703498453564,0.40678011776398054,0.5129470192201157,0.25853629923158644,0.22851668154829796,0.47827087167475324,0.2661452233561988,0.25558390496904804,2.02,3.63,3.78,1.88,3.73,4.22,2025-11-21
2025-11-25,Championship,Swansea,Derby,A,0.41943923294431434,0.2755486549861458,0.30501211206954,0.422818942085777,0.3133512548143785,0.26382980309984455,0.44188010749739487,0.29867822080842427,0.2594416716941809,2.19,3.24,3.73,2.29,3.09,3.67,2025-11-21
2025-11-25,Championship,Stoke,Charlton,H,0.3118258817924345,0.33133452785358675,0.35683959035397855,0.5037948181104424,0.2763674430777283,0.21983773881182936,0.5455922474841596,0.25280059634737234,0.20160715616846814,1.77,3.82,4.79,1.92,3.5,4.4,2025-11-21
2025-11-25,Championship,Watford,Preston,D,0.4428881662205724,0.27048066185611885,0.28663117192330856,0.5300096030729834,0.2694462227912932,0.20054417413572348,0.5134494027859248,0.2696326472730554,0.21691794994101987,1.88,3.58,4.45,1.82,3.58,4.81,2025-11-21
2025-11-25,Championship,Middlesbrough,Coventry,A,0.40632126759017123,0.24556009882339735,0.34811863358643147,0.34570074475287743,0.2805687203791469,0.3737305348679756,0.3549094453017136,0.2808413871517908,0.3642491675464955,2.73,3.45,2.66,2.8,3.45,2.59,2025-11-21
2025-11-25,Championship,Hull,Ipswich,A,0.30118811571833776,0.2297908258259112,0.4690210584557509,0.19636032118938251,0.25158666152389636,0.5520530172867212,0.21962591929909223,0.2523117610746751,0.5280623196262326,4.4,3.83,1.83,4.92,3.84,1.75,2025-11-21
2025-11-25,Championship,Norwich,Oxford,D,0.5431036215149138,0.22707230942710657,0.22982406905797959,0.5222152859419908,0.2597038384388933,0.21808087561911585,0.5107040345095062,0.2567102726656826,0.2325856928248112,1.89,3.76,4.15,1.85,3.72,4.43,2025-11-21
2025-11-26,Championship,Blackburn,QPR,A,0.4762757438631592,0.2616296218657554,0.2620946342710855,0.4135138813282525,0.2733396842678279,0.31314643440391937,0.43617233240351894,0.2748137816877663,0.2890138859087147,2.18,3.46,3.29,2.34,3.54,3.09,2025-11-21
2025-11-26,Championship,Millwall,Sheffield Weds,H,0.5121620807705629,0.25773499949222833,0.23010291973720867,0.5774198319327731,0.24788974789915963,0.17469042016806724,0.5676315995012858,0.2468606174914446,0.1855077830072695,1.67,3.84,5.11,1.67,3.89,5.52,2025-11-21
2025-11-26,Championship,Sheffield United,Portsmouth,H,0.5475332341109339,0.24863179846926042,0.20383496741980567,0.5640919959461711,0.2486075549144208,0.18730044913940827,0.5295519833750992,0.2625756371859911,0.2078723794389096,1.79,3.61,4.56,1.71,3.88,5.15,2025-11-21
2025-11-26,Championship,Wrexham,Bristol City,H,0.4497498528727427,0.25693765018836207,0.2933124969388952,0.38088277599384224,0.2922786256871176,0.32683859831904033,0.36515530426588383,0.29324779819506364,0.3415968975390526,2.61,3.25,2.79,2.54,3.31,2.96,2025-11-21
2025-11-26,Championship,West Brom,Birmingham,D,0.5095734048794802,0.2644928795798355,0.22593371554068423,0.32704633854293025,0.30346619501162186,0.36948746644544794,0.3519395967451515,0.3037440468724078,0.3443163563824407,2.71,3.14,2.77,2.96,3.19,2.62,2025-11-21
2025-11-28,Championship,Oxford,Ipswich,H,0.23569619605087475,0.21924880668580482,0.5450549972633206,0.15536129874552987,0.24635295453255376,0.5982857467219163,0.17242880780283898,0.24340329182269443,0.5841679003744666,5.59,3.96,1.65,6.2,3.91,1.61,2025-11-21
2025-11-29,Championship,Norwich,QPR,H,0.5207880606250627,0.2319000935536694,0.24731184582126797,0.3839522344411612,0.262923812715143,0.35312395284369574,0.37845738342997853,0.27724203669870523,0.34430057987131624,2.52,3.44,2.77,2.52,3.68,2.74,2025-11-21
2025-11-29,Championship,West Brom,Swansea,H,0.49527582704628104,0.265522178829352,0.23920199412436688,0.5224911332281299,0.27228411168226496,0.20522475508960522,0.5270225131939341,0.2765715812679537,0.1964059055381121,1.8,3.43,4.83,1.85,3.55,4.71,2025-11-21
2025-11-29,Championship,Sheffield Weds,Preston,A,0.3554475421839537,0.2657945991258756,0.3787578586901707,0.2813519209066373,0.2726339740616429,0.4460141050317199,0.2681579516850989,0.2911194888324468,0.4407225594824542,3.55,3.27,2.16,3.44,3.55,2.17,2025-11-21
2025-11-29,Championship,Wrexham,Blackburn,D,0.4733092638422502,0.2585322963380284,0.26815843981972126,0.42603437086167245,0.28868597667343177,0.2852796524648957,0.42486803473566226,0.28409086501727865,0.2910411002470592,2.24,3.35,3.27,2.27,3.35,3.39,2025-11-21
2025-11-29,Championship,Millwall,Southampton,H,0.3848847042126677,0.2617984858105728,0.3533168099767594,0.30742105923838,0.2839813303814947,0.4085976103801253,0.29374737725556016,0.28325639949643305,0.4229962232480067,3.24,3.36,2.25,3.15,3.41,2.37,2025-11-21
2025-11-29,Championship,Stoke,Hull,A,0.4303650641758032,0.2730419372673136,0.2965929985568831,0.5519551445423433,0.25486055486783665,0.19318430058982017,0.5601958610714265,0.25045793788643145,0.18934620104214217,1.69,3.78,5.0,1.75,3.79,5.0,2025-11-21
2025-11-29,Championship,Coventry,Charlton,H,0.43167458635639633,0.2870562036523328,0.28126920999127075,0.6521854903131581,0.2116742380840952,0.1361402716027467,0.6575235270258644,0.20855371782318166,0.133922755150954,1.44,4.54,7.07,1.48,4.56,7.09,2025-11-21
2025-11-29,Championship,Leicester,Sheffield United,A,0.5102792232566385,0.26150694555680337,0.2282138311865582,0.40323135097971813,0.28050876589893436,0.31625988312134756,0.405581318382576,0.28795048283959324,0.30646819877783077,2.35,3.31,3.11,2.4,3.45,3.06,2025-11-21
2025-11-29,Championship,Middlesbrough,Derby,H,0.5104181075312036,0.2548133950071402,0.23476849746165618,0.48823096726737775,0.27307833762412653,0.2386906951084958,0.542359235324305,0.26511973793785854,0.19252102673783647,1.75,3.58,4.93,1.98,3.54,4.05,2025-11-21
2025-11-29,Championship,Portsmouth,Bristol City,A,0.353873004117715,0.2650884485313282,0.3810385473509568,0.34906333178748333,0.2860666949856003,0.36486997322691656,0.32748870116656015,0.27543124866898555,0.3970800501644542,2.91,3.46,2.4,2.77,3.38,2.65,2025-11-21
2025-12-01,Championship,Birmingham,Watford,H,0.3979914047553216,0.27229845874039355,0.32971013650428493,0.5362047096453979,0.25533557602161805,0.20845971433298405,0.519292335273895,0.2661918693420806,0.21451579538402438,1.83,3.57,4.43,1.8,3.78,4.63,2025-11-21
2025-12-02,Championship,Blackburn,Ipswich,D,0.29486953259483323,0.23751949467559627,0.4676109727295705,0.24642442984151525,0.2705836876691148,0.4829918824893699,0.2528345303674779,0.26903284289798485,0.4781326267345374,3.82,3.59,2.02,3.92,3.57,2.0,2025-11-21
2025-12-05,Championship,Hull,Middlesbrough,A,0.3667516801701776,0.258876062801171,0.37437225702865135,0.34173789769336893,0.26351995925673954,0.3947421430498914,0.3109392016222915,0.26861692140147964,0.420443876976229,3.11,3.6,2.3,2.83,3.67,2.45,2025-11-21
2025-12-06,Championship,Derby,Leicester,A,0.290037121325645,0.27443260710598244,0.4355302715683725,0.34665556044508705,0.3003630477148425,0.35298139184007044,0.34790944127106604,0.2911508013053936,0.3609397574235404,2.77,3.31,2.67,2.79,3.22,2.74,2025-11-21
2025-12-06,Championship,Watford,Norwich,H,0.4369975163643929,0.24727668052739304,0.3157258031082141,0.5397556137816196,0.2345054729779367,0.22573891324044373,0.49675516627423383,0.260526486660128,0.24271834706563822,1.93,3.68,3.95,1.79,4.12,4.28,2025-11-21
2025-12-06,Championship,Bristol City,Millwall,A,0.45211938954143926,0.2771019261204901,0.2707786843380707,0.46662946785560705,0.27440994274463254,0.25896058939976047,0.4388878522112335,0.2776637432356783,0.2834484045530883,2.17,3.43,3.36,2.07,3.52,3.73,2025-11-21
2025-12-06,Championship,Ipswich,Coventry,H,0.5074320633928718,0.21440446562943377,0.2781634709776943,0.4626942413162706,0.2656678473491773,0.2716379113345521,0.4212234571387676,0.2666568664239817,0.31211967643725075,2.26,3.57,3.05,2.09,3.64,3.56,2025-11-21
2025-12-06,Championship,Preston,Wrexham,D,0.3918742849254817,0.26886755041181154,0.33925816466270675,0.41352492632986,0.2914603396421302,0.2950147340280098,0.39167886364181675,0.29930177316025625,0.3090193631979269,2.43,3.18,3.08,2.34,3.32,3.28,2025-11-21
2025-12-06,Championship,QPR,West Brom,H,0.32502814325533413,0.279809348350199,0.395162508394467,0.40173349602389874,0.2839230866327261,0.31434341734337534,0.3907591180318453,0.30559366923003284,0.30364721273812184,2.44,3.12,3.14,2.41,3.41,3.08,2025-11-21
2025-12-06,Championship,Sheffield United,Stoke,H,0.46874023684358324,0.2824119300449081,0.24884783311150863,0.4671805239361419,0.2763039098708039,0.25651556619305405,0.4531086534150351,0.28403826034972346,0.2628530862352414,2.1,3.35,3.62,2.07,3.5,3.77,2025-11-21
2025-12-06,Championship,Southampton,Birmingham,H,0.5333513523506552,0.2295795851255906,0.23706906252375426,0.42242485747545,0.26144673611318386,0.31612840641136614,0.4084929609969998,0.2688668359104546,0.32264020309254554,2.33,3.54,2.95,2.29,3.7,3.06,2025-11-21
2025-12-06,Championship,Swansea,Oxford,H,0.49369269159362666,0.25435970456696894,0.25194760383940434,0.4577163137926814,0.2840533594419288,0.25823032676538976,0.4594619621380764,0.2813864679366326,0.25915156992529104,2.07,3.38,3.67,2.11,3.4,3.74,2025-11-21
2025-12-09,Championship,QPR,Birmingham,H,0.4142072893717775,0.2684873397710701,0.3173053708571524,0.33954505451429046,0.2749157401607182,0.38553920532499125,0.32293662349605334,0.2816307763046977,0.3954326001992489,3.0,3.44,2.45,2.85,3.52,2.51,2025-11-21
2025-12-09,Championship,Watford,Sheffield Weds,D,0.5405855639833036,0.23823672392499778,0.2211777120916985,0.6100886732474485,0.2180859963192237,0.1718253304333278,0.610349407286354,0.2133522264408052,0.17629836627284085,1.58,4.52,5.47,1.58,4.42,5.61,2025-11-21
2025-12-09,Championship,Swansea,Portsmouth,H,0.48668435038168695,0.25427301304554606,0.25904263657276694,0.5111010421386497,0.2768463978251019,0.21205256003624826,0.45195282885405746,0.27712866869561115,0.27091850245033133,2.14,3.49,3.57,1.95,3.6,4.7,2025-11-21
2025-12-09,Championship,Southampton,West Brom,H,0.4294549325528435,0.25488886239665226,0.3156562050505043,0.518837729446244,0.25462748727441,0.22653478327934598,0.5170697150217356,0.2504975044276284,0.23243278055063596,1.87,3.86,4.16,1.86,3.79,4.26,2025-11-21
2025-12-09,Championship,Preston,Coventry,D,0.3170170353888297,0.2535035792462902,0.42947938536488,0.287953242498697,0.30005211823393646,0.4119946392673665,0.24735449735449735,0.25793650793650785,0.4947089947089947,3.9,3.74,1.95,3.72,3.57,2.6,2025-11-21
2025-12-09,Championship,Charlton,Middlesbrough,A,0.4304878156076917,0.3012533310255155,0.26825885336679295,0.3239312472454826,0.28074041427941826,0.39532833847509913,0.28035416427807963,0.28198888243713544,0.43765695328478493,3.45,3.43,2.21,2.99,3.45,2.45,2025-11-21
2025-12-09,Championship,Blackburn,Oxford,D,0.4968713130176508,0.25772759103262216,0.245401095949727,0.5522655233537953,0.2536652666323207,0.19406921001388389,0.5344215018680939,0.25933054112097853,0.20624795701092746,1.81,3.73,4.69,1.75,3.81,4.98,2025-11-21
2025-12-09,Championship,Sheffield United,Norwich,D,0.4876179705868276,0.24817431433677853,0.26420771507639385,0.5836035591109279,0.22342131613295382,0.1929751247561184,0.597651399215759,0.22481746559284393,0.17753113519139707,1.61,4.28,5.42,1.65,4.31,4.99,2025-11-21
2025-12-10,Championship,Bristol City,Leicester,D,0.31696581957624353,0.26617697676157176,0.4168572036621846,0.41718217206312813,0.276532182624702,0.30628564531216995,0.4211524559453388,0.2766873693129261,0.3021601747417351,2.26,3.44,3.15,2.32,3.5,3.16,2025-11-21
2025-12-10,Championship,Derby,Millwall,D,0.41742182048790943,0.2932322063854226,0.28934597312666804,0.34483434236564203,0.3028076568898294,0.3523580007445288,0.37684729064039413,0.31157635467980294,0.31157635467980294,2.53,3.06,3.06,2.81,3.2,2.75,2025-11-21
2025-12-10,Championship,Ipswich,Stoke,H,0.6052741738209937,0.2118179443008644,0.18290788187814225,0.6134872314436942,0.2326509549194686,0.15386181363683704,0.5747168899813866,0.24007161227070573,0.18521149774790777,1.65,3.95,5.12,1.57,4.14,6.26,2025-11-21
2025-12-10,Championship,Hull,Wrexham,H,0.4084336086237181,0.2577207344693548,0.3338456569069273,0.3809059179698799,0.2772209259723481,0.3418731560577721,0.40376409571333155,0.2753997878275903,0.3208361164590782,2.36,3.46,2.97,2.54,3.49,2.83,2025-11-21
2025-12-12,Championship,West Brom,Sheffield United,H,0.4166125927757348,0.2905899393232463,0.2927974679010187,0.3905648168120051,0.28656826795673745,0.3228669152312575,0.39380958960895396,0.2832665469117037,0.32292386347934227,2.46,3.42,3.0,2.48,3.38,3.0,2025-11-21
2025-12-13,Championship,Portsmouth,Blackburn,H,0.3774677059660137,0.27113075633241024,0.35140153770157584,0.3345910835775037,0.2770682611859558,0.38834065523654043,0.33937432664618744,0.2881093226210836,0.37251635073272915,2.81,3.31,2.56,2.89,3.49,2.49,2025-11-21
2025-12-13,Championship,Millwall,Hull,A,0.41773492034253756,0.27823306089361904,0.30403201876384334,0.48609848861574767,0.25933940813547934,0.2545621032487731,0.4871790321722003,0.2560644508721807,0.256756516955619,1.95,3.71,3.7,1.99,3.73,3.8,2025-11-21
2025-12-13,Championship,Middlesbrough,QPR,H,0.5680089750750127,0.2312646790887105,0.2007263458362767,0.5085217573990913,0.25696578166443446,0.23451246093647418,0.48736935341009746,0.262533215234721,0.25009743135518153,1.95,3.62,3.8,1.9,3.76,4.12,2025-11-21
2025-12-13,Championship,Leicester,Ipswich,H,0.45371387087434023,0.2361600785725661,0.3101260505530938,0.2718032180506751,0.29233216201220635,0.4358646199371185,0.28576184117449016,0.26957136858670033,0.44466679023880945,3.33,3.53,2.14,3.56,3.31,2.22,2025-11-21
2025-12-13,Championship,Norwich,Southampton,H,0.43013048645710833,0.22712742795610133,0.34274208558679026,0.2706004759304853,0.2439504290585436,0.4854490950109711,0.28133746825059897,0.24320221040588863,0.4754603213435123,3.38,3.91,2.0,3.57,3.96,1.99,2025-11-21
2025-12-13,Championship,Birmingham,Charlton,D,0.29270369919395955,0.31568866035785903,0.3916076404481815,0.6327810827149354,0.22472599199222001,0.14249292529284469,0.6038536529418511,0.234086477807088,0.16205986925106092,1.57,4.05,5.85,1.52,4.28,6.75,2025-11-21
2025-12-13,Championship,Stoke,Swansea,H,0.4386982144916582,0.2767548326069341,0.28454695290140775,0.4542928901652872,0.2862851645124443,0.25942194532226853,0.5026604367962813,0.27221439127363073,0.22512517193008802,1.89,3.49,4.22,2.13,3.38,3.73,2025-11-21
2025-12-13,Championship,Oxford,Preston,A,0.3727012808711965,0.27402110386659445,0.3532776152622089,0.35576911839752556,0.2871489620300503,0.3570819195724242,0.35723672841118714,0.29079941001764315,0.35196386157116955,2.67,3.28,2.71,2.72,3.37,2.71,2025-11-21
2025-12-13,Championship,Coventry,Bristol City,H,0.5511897503542493,0.22621672267183676,0.2225935269739137,0.6215695680501757,0.20197753259492088,0.17645289935490338,0.5602775368603643,0.23207574443480775,0.207646718704828,1.69,4.08,4.56,1.55,4.77,5.46,2025-11-21
2025-12-13,Championship,Wrexham,Watford,D,0.4667894286776743,0.25690253496790466,0.2763080363544211,0.3466546300475678,0.27554598798652824,0.37779938196590396,0.36515530426588383,0.29324779819506364,0.3415968975390526,2.61,3.25,2.79,2.79,3.51,2.56,2025-11-21
2025-12-15,Championship,Sheffield Weds,Derby,A,0.34836108377304426,0.2694753833095174,0.3821635329174385,0.2722937791175665,0.280186352425322,0.44751986845711156,0.29003773230417557,0.29271500367929104,0.41724726401653334,3.28,3.25,2.28,3.55,3.45,2.16,2025-11-21
2025-12-19,Championship,Swansea,Wrexham,H,0.39271193574798824,0.263256020389518,0.34403204386249386,0.4341799674779883,0.2907571553981724,0.2750628771238392,0.428211060526905,0.2968579744757071,0.27493096499738784,2.26,3.26,3.52,2.23,3.33,3.52,2025-11-21
2025-12-20,Championship,Watford,Stoke,H,0.42517106395216825,0.2801839345448583,0.29464500150297357,0.46506580466404984,0.27559455091202956,0.2593396444239206,0.44863459037711306,0.2756827048114434,0.2756827048114434,2.12,3.45,3.45,2.08,3.51,3.73,2025-11-21
2025-12-20,Championship,Sheffield United,Birmingham,H,0.5104730228471852,0.2631168325840454,0.22641014456876957,0.4124443602613884,0.2893266407803769,0.29822899895823474,0.41279124169551795,0.2755918405539441,0.31161691775053807,2.31,3.46,3.06,2.35,3.35,3.25,2025-11-21
2025-12-20,Championship,QPR,Leicester,H,0.2546931215769493,0.2556212775154194,0.4896856009076312,0.3902129827155009,0.27259949215054713,0.337187525133952,0.3986744556223067,0.27942285892589824,0.32190268545179496,2.39,3.41,2.96,2.48,3.55,2.87,2025-11-21
2025-12-20,Championship,Ipswich,Sheffield Weds,H,0.7306654875715709,0.15403162202054752,0.11530289040788147,0.8056470100252204,0.12868724052751843,0.06566574944726111,0.7837278786485866,0.1378993334865548,0.07837278786485866,1.2,6.82,12.0,1.19,7.45,14.6,2025-11-21
2025-12-20,Championship,Hull,West Brom,H,0.37197565265888716,0.27672723608388533,0.3512971112572274,0.3327742213467931,0.27987658500553986,0.3873491936476671,0.3365006330605382,0.2825806503149326,0.3809187166245292,2.83,3.37,2.5,2.91,3.46,2.5,2025-11-21
2025-12-20,Championship,Blackburn,Millwall,H,0.4206863344224038,0.2877980027234924,0.2915156628541037,0.41176246814014533,0.2932247879179823,0.29501274394187244,0.4372370463172461,0.28714074683520635,0.2756222068475476,2.2,3.35,3.49,2.35,3.3,3.28,2025-11-21
2025-12-20,Championship,Charlton,Oxford,H,0.5569884854572317,0.27108526152357776,0.17192625301919076,0.4676625479993958,0.2872585977325665,0.24507885426803772,0.4427206508371961,0.29287673824614513,0.2644026109166588,2.15,3.25,3.6,2.07,3.37,3.95,2025-11-21
2025-12-20,Championship,Bristol City,Middlesbrough,H,0.3873564997314002,0.26218357120571056,0.3504599290628892,0.354787924753795,0.26979694556486367,0.3754151296813412,0.3492188150739537,0.2739561394114637,0.3768250455145825,2.73,3.48,2.53,2.73,3.59,2.58,2025-11-21
2025-12-20,Championship,Southampton,Coventry,D,0.3847448083043739,0.23038395525150773,0.3848712364441186,0.41486560065782896,0.2459635749447179,0.3391708243974531,0.38469534776178155,0.25510301575714955,0.3602016364810689,2.5,3.77,2.67,2.33,3.93,2.85,2025-11-21
2025-12-20,Championship,Preston,Norwich,D,0.4195401341942379,0.2524213699618479,0.3280384958439143,0.432102415516069,0.26159713804216067,0.3063004464417704,0.4392953233675327,0.26649771694595475,0.29420695968651267,2.19,3.61,3.27,2.24,3.7,3.16,2025-11-21
2025-12-20,Championship,Derby,Portsmouth,D,0.486174446096703,0.2626372987166318,0.25118825518666504,0.4805879863326211,0.28495039897597885,0.2344616146914001,0.45782879695455764,0.2948247361193437,0.24734646692609868,2.08,3.23,3.85,2.01,3.39,4.12,2025-11-21
2025-12-26,Championship,Wrexham,Sheffield United,H,0.3464588828846391,0.28880499792643005,0.3647361191889307,0.3110385629445195,0.2702038912730323,0.4187575457824483,0.29400351104130096,0.27691028365517883,0.42908620530352026,3.24,3.44,2.22,3.11,3.58,2.31,2025-12-26
2025-12-26,Championship,West Brom,Bristol City,A,0.4471277429483517,0.27621001171485776,0.2766622453367905,0.4515732689679239,0.278491871928345,0.26993485910373105,0.44931757781414694,0.2785243464812841,0.272158075704569,2.12,3.42,3.5,2.14,3.47,3.58,2025-12-26
2025-12-26,Championship,Sheffield Weds,Hull,D,0.32810694074171154,0.25600520721226366,0.4158878520460248,0.22333089340062412,0.257965096120507,0.5187040104788689,0.25782857550416355,0.25923363586113446,0.48293778863470216,3.69,3.67,1.97,4.32,3.74,1.86,2025-12-26
2025-12-26,Championship,Portsmouth,QPR,D,0.4079374805998832,0.2631855255173188,0.3288769938827979,0.30059759902691835,0.2821936643926172,0.4172087365804643,0.32186256332738933,0.27614874998523836,0.40198868668737225,2.96,3.45,2.37,3.22,3.43,2.32,2025-12-26
2025-12-26,Championship,Norwich,Charlton,H,0.503916997041088,0.251841126450298,0.24424187650861384,0.4690721649484537,0.2654639175257732,0.2654639175257732,0.4760158490810484,0.2727884521954432,0.2511956987235084,2.0,3.49,3.79,2.06,3.64,3.64,2025-12-26
2025-12-26,Championship,Stoke,Preston,D,0.42451899533469983,0.28751530756892124,0.2879656970963789,0.47174369858080395,0.28527273807983716,0.24298356333935878,0.4392339928916238,0.296005516948703,0.26476049015967323,2.17,3.22,3.6,2.05,3.39,3.98,2025-12-26
2025-12-26,Championship,Oxford,Southampton,H,0.2951801067127635,0.23838702596099667,0.4664328673262397,0.24709437623321034,0.24031622626172575,0.5125893975050639,0.24802239667127132,0.23571359286624546,0.5162640104624833,3.83,4.03,1.84,3.9,4.01,1.88,2025-12-26
2025-12-26,Championship,Leicester,Watford,A,0.5524203407194233,0.22854732478921522,0.2190323344913615,0.4169380492903801,0.27402160746563226,0.30904034324398777,0.40518075381547514,0.28766609409860017,0.3071531520859247,2.35,3.31,3.1,2.32,3.53,3.13,2025-12-26
2025-12-26,Championship,Coventry,Swansea,H,0.6056433933051371,0.21251392669794467,0.18184267999691825,0.6028909857458342,0.2248544468982132,0.17225456735595263,0.6120688577464964,0.22322511282519283,0.1647060294283107,1.55,4.25,5.76,1.6,4.29,5.6,2025-12-26
2025-12-26,Championship,Millwall,Ipswich,D,0.27844129535007617,0.2616368235302189,0.4599218811197047,0.23722307865518852,0.28480764900490185,0.4779692723399096,0.25418241087886734,0.2820896785421258,0.46372791057900686,3.74,3.37,2.05,4.07,3.39,2.02,2025-12-26
2025-12-26,Championship,Birmingham,Derby,D,0.41224408010856517,0.27194415263950134,0.31581176725193344,0.4857863653827192,0.2834940959271587,0.23071953869012202,0.4953999171156237,0.2765022793203481,0.22809780356402817,1.92,3.44,4.17,1.99,3.41,4.19,2025-12-26
2025-12-26,Championship,Middlesbrough,Blackburn,D,0.5203846369586669,0.2504053920570245,0.22920997098430868,0.5579897801105228,0.24500566487086403,0.1970045550186131,0.5217910447761194,0.2608955223880597,0.2173134328358209,1.82,3.64,4.37,1.73,3.94,4.9,2025-12-26
2025-12-29,Championship,Wrexham,Preston,H,0.4493106695400515,0.27866231188255886,0.27202701857738965,0.4485874064928462,0.2792359648485729,0.2721766286585809,0.44261828395741204,0.27583458275606837,0.28154713328651954,2.15,3.45,3.38,2.16,3.47,3.56,2025-12-26
2025-12-29,Championship,West Brom,QPR,H,0.515521175701981,0.2524714846965039,0.23200733960151512,0.5450885983651259,0.24425489091298044,0.21065651072189365,0.46003524834565546,0.27763060177128474,0.2623341498830597,2.07,3.43,3.63,1.77,3.95,4.58,2025-12-26
2025-12-29,Championship,Stoke,Sheffield United,A,0.3252498199223518,0.29380587689279697,0.38094430318485123,0.3470086462020542,0.2806243834503569,0.3723669703475889,0.33896661309907866,0.28603488973225555,0.37499849716866573,2.81,3.33,2.54,2.79,3.45,2.6,2025-12-26
2025-12-29,Championship,Sheffield Weds,Blackburn,D,0.3271668511927712,0.271508774891225,0.40132437391600395,0.19237734654765182,0.2589099945493866,0.5487126589029615,0.21532258064516124,0.25120967741935485,0.5334677419354839,4.41,3.78,1.78,5.02,3.73,1.76,2025-12-26
2025-12-29,Championship,Portsmouth,Charlton,H,0.411250849885145,0.2873604194732242,0.301388730641631,0.38421015827136895,0.3113214144192443,0.3044684273093867,0.4124579190556625,0.2869812629574037,0.30056081798693385,2.31,3.32,3.17,2.52,3.11,3.18,2025-12-26
2025-12-29,Championship,Birmingham,Southampton,D,0.3393899527455647,0.2369628307095331,0.4236472165449021,0.39695396121296533,0.2631977351520748,0.33984830363495977,0.4014892150103418,0.2726445385600315,0.32586624642962675,2.37,3.49,2.92,2.44,3.68,2.85,2025-12-26
2025-12-29,Championship,Norwich,Watford,A,0.46036342553299847,0.24365818652686655,0.2959783879401349,0.3614774903841661,0.2900478066555585,0.34847470296027533,0.3764707276324988,0.26679858288801733,0.3567306894794839,2.53,3.57,2.67,2.68,3.34,2.78,2025-12-26
2025-12-29,Championship,Middlesbrough,Hull,A,0.5309354526132672,0.23592427827362808,0.23314026911310476,0.5775240962366197,0.2307333111758744,0.19174259258750592,0.567654673218154,0.23234884908684245,0.1999964776950036,1.67,4.08,4.74,1.67,4.18,5.03,2025-12-26
2025-12-29,Championship,Leicester,Derby,H,0.5603899372007262,0.23042520629405416,0.20918485650521962,0.4502156337164807,0.2838602969180157,0.2659240693655037,0.46152651660800387,0.2779955041556982,0.26047797923629806,2.06,3.42,3.65,2.15,3.41,3.64,2025-12-26
2025-12-29,Championship,Coventry,Ipswich,A,0.43090176505335726,0.23484553062774186,0.3342527043189008,0.4155687403110278,0.2750781718536065,0.3093530878353657,0.40250612569172134,0.28057044643805285,0.3169234278702258,2.37,3.4,3.01,2.33,3.52,3.13,2025-12-26
2025-12-29,Championship,Oxford,Swansea,A,0.38343838321196283,0.2760030961006452,0.34055852068739206,0.3600467207575325,0.2952822191578544,0.344671060084613,0.34512846542431064,0.29130109008290433,0.36357044449278514,2.76,3.27,2.62,2.69,3.28,2.81,2025-12-26
2025-12-29,Championship,Millwall,Bristol City,H,0.3774386775844898,0.29301664061050486,0.3295446818050053,0.39026530541241594,0.29240421674404576,0.31733047784353824,0.4041927352662438,0.2830548531834822,0.3127524115502739,2.36,3.37,3.05,2.48,3.31,3.05,2025-12-26
2026-01-01,Championship,Southampton,Millwall,D,0.5638856328445634,0.22650703259784785,0.2096073345575889,0.4968771077836233,0.266282206933765,0.23684068528261157,0.5383477817440082,0.24232534421213667,0.21932687404385515,1.76,3.91,4.32,1.94,3.62,4.07,2025-12-26
2026-01-01,Championship,Watford,Birmingham,H,0.48047363995517456,0.2571918042501624,0.2623345557946628,0.42655346118776066,0.2782403324414416,0.2952062063707978,0.40689422102061507,0.2767826968570463,0.3163230821223386,2.34,3.44,3.01,2.27,3.48,3.28,2025-12-26
2026-01-01,Championship,QPR,Norwich,A,0.41749982276415365,0.24321387611226808,0.33928630112357827,0.4695684379464207,0.25794959524523375,0.2724819668083455,0.44442760011218324,0.2725143450544619,0.28305805483335483,2.14,3.49,3.36,2.06,3.75,3.55,2025-12-26
2026-01-01,Championship,Sheffield United,Leicester,H,0.4489228190732309,0.256724446258731,0.29435273466803824,0.5603205645278289,0.23506130999704042,0.2046181254751307,0.5297927124242502,0.24441467918541446,0.22579260839033521,1.79,3.88,4.2,1.72,4.1,4.71,2025-12-26
2026-01-01,Championship,Preston,Sheffield Weds,H,0.553674907145767,0.2410311105991118,0.20529398225512133,0.6285681256335924,0.2278931829903783,0.14353869137602931,0.6275477546465089,0.21986011821722237,0.15259212713626866,1.51,4.31,6.21,1.53,4.22,6.7,2025-12-26
2026-01-01,Championship,Swansea,West Brom,H,0.3689075004221344,0.2783239848500564,0.3527685147278092,0.2940373236231224,0.29949931725079654,0.406463359126081,0.34272319443883126,0.2977407751687346,0.35953603039243426,2.78,3.2,2.65,3.29,3.23,2.38,2025-12-26
2026-01-01,Championship,Hull,Stoke,A,0.44176674831675383,0.27259924770556176,0.2856340039776843,0.4168647699226262,0.2827854579592084,0.30034977211816544,0.39564485921975684,0.29070247278037015,0.31365266799987307,2.41,3.28,3.04,2.32,3.42,3.22,2025-12-26
2026-01-01,Championship,Blackburn,Wrexham,A,0.4086707611610106,0.28676462440381884,0.3045646144351706,0.4784889749084122,0.283445081910555,0.2380659431810327,0.45565626348766947,0.2768376717119852,0.2675060648003453,2.09,3.44,3.56,2.02,3.41,4.06,2025-12-26
2026-01-01,Championship,Bristol City,Portsmouth,H,0.5298429861661663,0.2520229047672523,0.21813410906658154,0.58124239830623,0.24676787242668588,0.17198972926708408,0.5613635486237116,0.24140060996795737,0.1972358414083311,1.69,3.93,4.81,1.66,3.91,5.61,2025-12-26
2026-01-01,Championship,Ipswich,Oxford,H,0.6842400090851116,0.18710275960750264,0.12865723130738563,0.7038817198683455,0.1918395068178256,0.10427877331382897,0.7218503605691425,0.17808361061121977,0.10006602881963776,1.31,5.31,9.45,1.36,4.99,9.18,2025-12-26
2026-01-01,Championship,Charlton,Coventry,D,0.27988397517967567,0.262866577289129,0.45724944753119556,0.25936268940399465,0.27328328572793786,0.46735402486806765,0.24892228538583933,0.2583921549385615,0.4926855596755991,3.82,3.68,1.93,3.73,3.54,2.07,2025-12-26
2026-01-01,Championship,Derby,Middlesbrough,H,0.3612440038956854,0.26628950656715317,0.37246648953716144,0.32181837121285195,0.28915620816438337,0.38902542062276474,0.3043103685666067,0.28689501614863827,0.4087946152847549,3.13,3.32,2.33,3.01,3.35,2.49,2025-12-26
2026-01-04,Championship,Birmingham,Coventry,H,0.3003064544815704,0.24644462577467105,0.4532489197437585,0.3610484097350135,0.271039142322083,0.36791244794290356,0.36546381292301816,0.27728504410728994,0.3572511429696919,2.61,3.44,2.67,2.68,3.57,2.63,2025-12-26
2026-01-04,Championship,QPR,Sheffield Weds,H,0.546094376039547,0.23339998127053077,0.22050564268992212,0.7206461693604241,0.17949179682954805,0.09986203381002776,0.6651869243127814,0.20139987900301692,0.1334131966842019,1.42,4.69,7.08,1.34,5.38,9.67,2025-12-26
2026-01-04,Championship,Blackburn,Charlton,D,0.46090776314201765,0.28829969294310304,0.2507925439148793,0.4493761520176315,0.3047819327564377,0.2458419152259307,0.45124251680811406,0.2975380345203502,0.2512194486715358,2.11,3.2,3.79,2.15,3.17,3.93,2025-12-26
2026-01-04,Championship,Bristol City,Preston,A,0.467198040783656,0.27165104104980525,0.2611509181665388,0.5278602291940634,0.2555513808003006,0.21658839000563593,0.5026025293493163,0.26168561445460264,0.23571185619608126,1.89,3.63,4.03,1.83,3.78,4.46,2025-12-26
2026-01-04,Championship,Derby,Wrexham,A,0.4091952953840628,0.282154340216207,0.3086503643997301,0.43175081899017215,0.30034839581925016,0.26790078519057775,0.4040404040404041,0.297979797979798,0.297979797979798,2.36,3.2,3.2,2.24,3.22,3.61,2025-12-26
2026-01-04,Championship,Middlesbrough,Southampton,H,0.46154844689794194,0.2273673448968742,0.3110842082051839,0.4245309281220423,0.25811480429820166,0.3173542675797562,0.44443817371183475,0.2536260511315537,0.3019357751566115,2.14,3.75,3.15,2.28,3.75,3.05,2025-12-26
2026-01-04,Championship,Millwall,Swansea,H,0.42746409117813894,0.28327496545766495,0.2892609433641964,0.4438047886955384,0.30424353438876534,0.2519516769156963,0.44059513095387276,0.29282630241857394,0.2665785666275533,2.16,3.25,3.57,2.18,3.18,3.84,2025-12-26
2026-01-04,Championship,Norwich,Stoke,A,0.46322897800429524,0.2557896810602107,0.280981340935494,0.4803151248093023,0.26892295288765944,0.2507619223030383,0.4233378561736771,0.271370420624152,0.30529172320217096,2.25,3.51,3.12,2.01,3.59,3.85,2025-12-26
2026-01-05,Championship,Leicester,West Brom,H,0.5010883445706246,0.2471244339912355,0.2517872214381402,0.3304444333118817,0.28227469084659285,0.38728087584152543,0.3813694204470769,0.2731872639305708,0.3454433156223523,2.5,3.49,2.76,2.93,3.43,2.5,2025-12-26
2026-01-16,Championship,West Brom,Middlesbrough,A,0.41174039495865156,0.26734291385273357,0.32091669118861504,,,,,,,,,,,,,2025-12-26
2026-01-17,Championship,Swansea,Birmingham,D,0.45166715502473437,0.2626509013210575,0.2856819436542079,,,,,,,,,,,,,2025-12-26
2026-01-17,Championship,Wrexham,Norwich,A,0.45350474192087836,0.2527343905202654,0.2937608675588562,,,,,,,,,,,,,2025-12-26
2026-01-17,Championship,Stoke,QPR,D,0.45555554133120235,0.27013591935214143,0.27430853931665605,,,,,,,,,,,,,2025-12-26
2026-01-17,Championship,Sheffield Weds,Portsmouth,A,0.3895405471911312,0.2637028738098741,0.3467565789989945,,,,,,,,,,,,,2025-12-26
2026-01-17,Championship,Southampton,Hull,A,0.5642756167426793,0.210900249171996,0.2248241340853248,,,,,,,,,,,,,2025-12-26
2026-01-17,Championship,Preston,Derby,A,0.4294727900092029,0.2776984131714139,0.29282879681938306,,,,,,,,,,,,,2025-12-26
2026-01-17,Championship,Charlton,Sheffield United,H,0.28801358390418974,0.29510773939525253,0.4168786767005575,,,,,,,,,,,,,2025-12-26
2026-01-17,Championship,Watford,Millwall,A,0.45287196408011626,0.2786601873797559,0.2684678485401278,,,,,,,,,,,,,2025-12-26
2026-01-17,Championship,Ipswich,Blackburn,H,0.6088139270884443,0.21775399419237862,0.17343207871917712,,,,,,,,,,,,,2025-12-26
2026-01-17,Championship,Coventry,Leicester,H,0.4904328418618182,0.2285928667234438,0.28097429141473806,,,,,,,,,,,,,2025-12-26
2026-01-17,Championship,Oxford,Bristol City,D,0.33458004664658936,0.2809673569293096,0.3844525964241012,,,,,,,,,,,,,2025-12-26
2026-01-20,Championship,Wrexham,Leicester,D,0.3613285479836493,0.26235742326904105,0.37631402874730946,,,,,,,,,,,,,2025-12-26
2026-01-20,Championship,West Brom,Norwich,A,0.48848946694708156,0.24628300311340606,0.2652275299395124,,,,,,,,,,,,,2025-12-26
2026-01-20,Championship,Swansea,Blackburn,H,0.4158780662156524,0.27698396128055547,0.30713797250379204,,,,,,,,,,,,,2025-12-26
2026-01-20,Championship,Preston,Hull,A,0.43023614379722996,0.2671825983366523,0.30258125786611756,,,,,,,,,,,,,2025-12-26
2026-01-20,Championship,Sheffield Weds,Birmingham,A,0.3578699506183616,0.2623408021434266,0.3797892472382119,,,,,,,,,,,,,2025-12-26
2026-01-20,Championship,Ipswich,Bristol City,H,0.5800772240008707,0.22401110196479143,0.19591167403433749,,,,,,,,,,,,,2025-12-26
2026-01-20,Championship,Coventry,Millwall,H,0.5844982482680011,0.23066930411744693,0.18483244761455184,,,,,,,,,,,,,2025-12-26
2026-01-20,Championship,Charlton,Derby,A,0.38160826243747126,0.2943746360759511,0.3240171014865776,,,,,,,,,,,,,2025-12-26
2026-01-20,Championship,Oxford,QPR,D,0.394883069857971,0.26917002932984113,0.33594690081218787,,,,,,,,,,,,,2025-12-26
2026-01-21,Championship,Southampton,Sheffield United,H,0.43963632094303856,0.24375363366140945,0.3166100453955517,,,,,,,,,,,,,2025-12-26
2026-01-21,Championship,Watford,Portsmouth,D,0.5127848854973136,0.25177807210633313,0.23543704239635316,,,,,,,,,,,,,2025-12-26
2026-01-21,Championship,Stoke,Middlesbrough,A,0.35629113222653325,0.27558210732979443,0.36812676044367215,,,,,,,,,,,,,2025-12-26
2026-01-23,Championship,Derby,West Brom,D,0.3795516813930446,0.2831622614142496,0.33728605719270555,,,,,,,,,,,,,2025-12-26
2026-01-24,Championship,Sheffield United,Ipswich,H,0.3951294661069421,0.2606761641252407,0.3441943697678172,,,,,,,,,,,,,2025-12-26
2026-01-24,Championship,QPR,Wrexham,A,0.3952800114050772,0.27198278017129685,0.3327372084236258,,,,,,,,,,,,,2025-12-26
2026-01-24,Championship,Leicester,Oxford,A,0.6298322928306426,0.2089086923302696,0.1612590148390878,,,,,,,,,,,,,2025-12-26
2026-01-24,Championship,Hull,Swansea,H,0.46748587338251174,0.2558580310377386,0.27665609557974985,,,,,,,,,,,,,2025-12-26
2026-01-24,Championship,Bristol City,Sheffield Weds,H,0.5937646221582648,0.22715446056863767,0.17908091727309772,,,,,,,,,,,,,2025-12-26
2026-01-24,Championship,Birmingham,Stoke,D,0.4063131552074163,0.2816055835528512,0.31208126123973245,,,,,,,,,,,,,2025-12-26
2026-01-24,Championship,Millwall,Charlton,H,0.43836116110769924,0.3004737825178935,0.26116505637440723,,,,,,,,,,,,,2025-12-26
2026-01-24,Championship,Middlesbrough,Preston,H,0.5276240646086483,0.2465296850914911,0.22584625029986063,,,,,,,,,,,,,2025-12-26
2026-01-24,Championship,Blackburn,Watford,D,0.42339133180804345,0.27546146038914154,0.3011472078028152,,,,,,,,,,,,,2025-12-26
2026-01-25,Championship,Portsmouth,Southampton,D,0.3264941635289893,0.2456927119122991,0.42781312455871184,,,,,,,,,,,,,2026-01-25
2026-01-26,Championship,Norwich,Coventry,H,0.3705902702827296,0.23775914555279756,0.39165058416447285,,,,,,,,,,,,,2026-01-25
2026-01-30,Championship,Bristol City,Derby,A,0.4613573313077388,0.27613472867172584,0.26250794002053524,,,,,,,,,,,,,2026-01-25
2026-01-31,Championship,Watford,Swansea,A,0.46650075611090425,0.2666364158366838,0.266862828052412,,,,,,,,,,,,,2026-01-25
2026-01-31,Championship,QPR,Coventry,H,0.3111353828024641,0.24755603606022505,0.44130858113731103,,,,,,,,,,,,,2026-01-25
2026-01-31,Championship,Portsmouth,West Brom,H,0.3475744504836514,0.2761874020319417,0.37623814748440665,,,,,,,,,,,,,2026-01-25
2026-01-31,Championship,Oxford,Birmingham,A,0.3934665897553951,0.2852294593622464,0.3213039508823583,,,,,,,,,,,,,2026-01-25
2026-01-31,Championship,Millwall,Sheffield United,D,0.34190780496294554,0.29409464826124077,0.36399754677581386,,,,,,,,,,,,,2026-01-25
2026-01-31,Championship,Blackburn,Hull,A,0.3903873614566039,0.2785994664837767,0.3310131720596194,,,,,,,,,,,,,2026-01-25
2026-01-31,Championship,Ipswich,Preston,D,0.6377411172129028,0.21126638475232265,0.15099249803477446,,,,,,,,,,,,,2026-01-25
2026-01-31,Championship,Stoke,Southampton,A,0.39077215687745476,0.26534674543801834,0.34388109768452685,,,,,,,,,,,,,2026-01-25
2026-01-31,Championship,Sheffield Weds,Wrexham,A,0.24193833105675047,0.24178224212220703,0.5162794268210424,,,,,,,,,,,,,2026-01-25
2026-01-31,Championship,Leicester,Charlton,A,0.6029474217731434,0.2237941278028449,0.17325845042401178,,,,,,,,,,,,,2026-01-25
2026-01-31,Championship,Middlesbrough,Norwich,H,0.5346606936319187,0.22753543090469672,0.2378038754633844,,,,,,,,,,,,,2026-01-25
2026-02-03,Championship,Hull,Watford,D,0.44335156582680046,0.26398306205523697,0.2926653721179627,,,,,,,,,,,,,2026-01-25
2026-02-03,Championship,Blackburn,Sheffield Weds,H,0.5585611646529377,0.24906537049492766,0.1923734648521346,,,,,,,,,,,,,2026-01-25
2026-02-03,Championship,Sheffield United,Oxford,H,0.5844447927536502,0.24482441008851294,0.1707307971578369,,,,,,,,,,,,,2026-01-25
2026-02-06,Championship,Charlton,QPR,D,0.3737023252797345,0.28269915417818947,0.34359852054207607,,,,,,,,,,,,,2026-01-25
2026-02-07,Championship,Derby,Ipswich,A,0.2803989268985149,0.26062125587404567,0.4589798172274393,,,,,,,,,,,,,2026-01-25
2026-02-07,Championship,Norwich,Blackburn,H,0.49612330982279057,0.2510401254642948,0.2528365647129146,,,,,,,,,,,,,2026-01-25
2026-02-07,Championship,Southampton,Watford,H,0.49232327926112096,0.23842159741977095,0.26925512331910817,,,,,,,,,,,,,2026-01-25
2026-02-07,Championship,Birmingham,Leicester,H,0.3521163789556519,0.25282166780875204,0.395061953235596,,,,,,,,,,,,,2026-01-25
2026-02-07,Championship,Coventry,Oxford,D,0.6215520368555737,0.21797345623741743,0.16047450690700862,,,,,,,,,,,,,2026-01-25
2026-02-07,Championship,Hull,Bristol City,A,0.42100642774824504,0.26981354317456596,0.30918002907718894,,,,,,,,,,,,,2026-01-25
2026-02-07,Championship,Preston,Portsmouth,H,0.48640175493988436,0.26665014223961997,0.24694810282049579,,,,,,,,,,,,,2026-01-25
2026-02-07,Championship,West Brom,Stoke,D,0.4375986498932705,0.28963812116916965,0.27276322893755967,,,,,,,,,,,,,2026-01-25
2026-02-07,Championship,Wrexham,Millwall,A,0.48402238597635233,0.2652227701309602,0.2507548438926875,,,,,,,,,,,,,2026-01-25
2026-02-08,Championship,Swansea,Sheffield Weds,H,0.5802828569015096,0.23500831116398685,0.1847088319345034,,,,,,,,,,,,,2026-01-25
2026-02-09,Championship,Sheffield United,Middlesbrough,A,0.44812949689592463,0.26071815236624574,0.2911523507378295,,,,,,,,,,,,,2026-01-25
2026-02-10,Championship,Leicester,Southampton,A,0.49329526281184005,0.2224966809434213,0.2842080562447387,,,,,,,,,,,,,2026-01-25
2026-02-10,Championship,Oxford,Norwich,A,0.35238834834144456,0.2672610027387097,0.38035064891984577,,,,,,,,,,,,,2026-01-25
2026-02-10,Championship,Birmingham,West Brom,D,0.3921001598434541,0.274297062112688,0.33360277804385796,,,,,,,,,,,,,2026-01-25
2026-02-11,Championship,Charlton,Stoke,H,0.3372860845009911,0.3093410392554338,0.35337287624357505,,,,,,,,,,,,,2026-01-25
2026-02-14,Championship,Derby,Swansea,H,0.4465862599845511,0.27567752246744054,0.2777362175480085,,,,,,,,,,,,,2026-01-25
2026-02-14,Championship,Portsmouth,Sheffield United,A,0.2747974431869907,0.26665145159922704,0.4585511052137825,,,,,,,,,,,,,2026-01-25
2026-02-14,Championship,Preston,Watford,D,0.3954057760521213,0.28120525526648654,0.3233889686813921,,,,,,,,,,,,,2026-01-25
2026-02-14,Championship,QPR,Blackburn,A,0.4288812447977725,0.27568896473487126,0.2954297904673561,,,,,,,,,,,,,2026-01-25
2026-02-14,Championship,Sheffield Weds,Millwall,A,0.27891941774253043,0.28396579999540755,0.437114782262062,,,,,,,,,,,,,2026-01-25
2026-02-16,Championship,Coventry,Middlesbrough,H,0.47656243411869387,0.2398747720223965,0.28356279385890976,,,,,,,,,,,,,2026-01-25
2026-02-17,Championship,Charlton,Portsmouth,A,0.4146018614448492,0.28455749017213144,0.3008406483830191,,,,,,,,,,,,,2026-01-25
2026-02-17,Championship,Bristol City,Wrexham,D,0.41876869044896176,0.2629249283812021,0.3183063811698359,,,,,,,,,,,,,2026-01-25
2026-02-20,Championship,Blackburn,Preston,H,0.4186249625395132,0.2890147834123188,0.29236025404816796,,,,,,,,,,,,,2026-01-25
2026-02-21,Championship,Watford,Derby,H,0.4451152422305167,0.2756637217079787,0.27922103606150467,,,,,,,,,,,,,2026-01-25
2026-02-21,Championship,Southampton,Charlton,D,0.5922722580825119,0.22265642491698992,0.1850713170004982,,,,,,,,,,,,,2026-01-25
2026-02-21,Championship,Norwich,Birmingham,A,0.5123066938941324,0.23771091991835622,0.2499823861875113,,,,,,,,,,,,,2026-01-25
2026-02-21,Championship,Millwall,Portsmouth,A,0.5054006613883699,0.2714520848674712,0.22314725374415872,,,,,,,,,,,,,2026-01-25
2026-02-21,Championship,Wrexham,Ipswich,H,0.34080856293314893,0.24768521809987074,0.4115062189669803,,,,,,,,,,,,,2026-01-25
2026-02-21,Championship,West Brom,Coventry,A,0.35196641854751787,0.25814299550837405,0.3898905859441082,,,,,,,,,,,,,2026-01-25
2026-02-21,Championship,Swansea,Bristol City,H,0.3835979024317209,0.2794251761064399,0.3369769214618392,,,,,,,,,,,,,2026-01-25
2026-02-21,Championship,Stoke,Leicester,D,0.36871562932372426,0.2728874525716147,0.3583969181046612,,,,,,,,,,,,,2026-01-25
2026-02-21,Championship,Hull,QPR,A,0.49527041632829716,0.2500107646806008,0.254718818991102,,,,,,,,,,,,,2026-01-25
2026-02-21,Championship,Middlesbrough,Oxford,D,0.5920245707080324,0.23506301541061028,0.17291241388135728,,,,,,,,,,,,,2026-01-25
2026-02-22,Championship,Sheffield United,Sheffield Weds,H,0.691062618613088,0.19170304568514626,0.1172343357017657,,,,,,,,,,,,,2026-01-25
2026-02-24,Championship,Blackburn,Bristol City,A,0.3812693147274966,0.2885083499917023,0.3302223352808012,,,,,,,,,,,,,2026-02-24
2026-02-24,Championship,Hull,Derby,H,0.4192043581894957,0.27067133769318297,0.31012430411732145,,,,,,,,,,,,,2026-02-24
2026-02-24,Championship,Middlesbrough,Leicester,D,0.5144491359392879,0.22916651456353085,0.2563843494971812,,,,,,,,,,,,,2026-02-24
2026-02-24,Championship,Swansea,Preston,D,0.4405307810914052,0.27932350177388,0.2801457171347149,,,,,,,,,,,,,2026-02-24
2026-02-24,Championship,Watford,Ipswich,A,0.3093433936994614,0.25455277180588387,0.4361038344946547,,,,,,,,,,,,,2026-02-24
2026-02-24,Championship,West Brom,Charlton,D,0.4698168932302307,0.29021674213615395,0.2399663646336155,,,,,,,,,,,,,2026-02-24
2026-02-24,Championship,Wrexham,Portsmouth,H,0.5581484660936414,0.22627138869467875,0.21558014521167976,,,,,,,,,,,,,2026-02-24
2026-02-24,Championship,Southampton,QPR,H,0.5528673013392401,0.22161776642036726,0.22551493224039237,,,,,,,,,,,,,2026-02-24
2026-02-25,Championship,Stoke,Oxford,H,0.46746533902020937,0.3032152564371109,0.22931940454267946,,,,,,,,,,,,,2026-02-24
2026-02-25,Championship,Sheffield United,Coventry,A,0.427687202809494,0.25618725873008563,0.3161255384604202,,,,,,,,,,,,,2026-02-24
2026-02-25,Championship,Millwall,Birmingham,H,0.43887123230157343,0.28559397308690176,0.2755347946115248,,,,,,,,,,,,,2026-02-24
2026-02-25,Championship,Norwich,Sheffield Weds,H,0.66247164292728,0.19492117499502865,0.1426071820776911,,,,,,,,,,,,,2026-02-24
2026-02-27,Championship,Bristol City,Watford,A,0.43067024179992724,0.2745569075878084,0.2947728506122645,,,,,,,,,,,,,2026-02-24
2026-02-28,Championship,Preston,Millwall,A,0.383283346212964,0.3002361954395589,0.3164804583474772,,,,,,,,,,,,,2026-02-24
2026-02-28,Championship,Derby,Blackburn,H,0.45899708865194583,0.28353517346108376,0.25746773788697047,,,,,,,,,,,,,2026-02-24
2026-02-28,Championship,Leicester,Norwich,A,0.4670884349771227,0.22761836130044935,0.305293203722428,,,,,,,,,,,,,2026-02-24
2026-02-28,Championship,Portsmouth,Hull,A,0.3852406641164981,0.2666142015662157,0.3481451343172864,,,,,,,,,,,,,2026-02-24
2026-02-28,Championship,Charlton,Wrexham,A,0.30997045357266473,0.27126768371177196,0.41876186271556315,,,,,,,,,,,,,2026-02-24
2026-02-28,Championship,Coventry,Stoke,H,0.5532727076858751,0.24772011141602027,0.19900718089810465,,,,,,,,,,,,,2026-02-24
2026-02-28,Championship,Ipswich,Swansea,H,0.6040715438925632,0.2153651006931488,0.18056335541428803,,,,,,,,,,,,,2026-02-24
2026-02-28,Championship,Oxford,West Brom,H,0.33124830925197846,0.3034720953773375,0.3652795953706841,,,,,,,,,,,,,2026-02-24
2026-02-28,Championship,QPR,Sheffield United,A,0.31613260788001074,0.26687343335163977,0.4169939587683495,,,,,,,,,,,,,2026-02-24
2026-02-28,Championship,Sheffield Weds,Southampton,A,0.22038138387849054,0.2255369104842743,0.5540817056372351,,,,,,,,,,,,,2026-02-24
2026-03-02,Championship,Birmingham,Middlesbrough,A,0.3356992102756885,0.2683020225941369,0.39599876713017457,,,,,,,,,,,,,2026-02-24
2026-03-03,Championship,Ipswich,Hull,H,0.6030475170549295,0.2108717404851737,0.18608074245989692,,,,,,,,,,,,,2026-02-24
2026-03-06,Championship,Preston,Oxford,A,0.47542348810197466,0.2896844945094644,0.23489201738856116,,,,,,,,,,,,,2026-02-24
2026-03-07,Championship,Sheffield United,West Brom,D,0.5230885843135562,0.25923266181418003,0.21767875387226363,,,,,,,,,,,,,2026-02-24
2026-03-07,Championship,Ipswich,Leicester,D,0.5938970216866304,0.20048801801273503,0.20561496030063459,,,,,,,,,,,,,2026-02-24
2026-03-07,Championship,Swansea,Stoke,H,0.42589424321207303,0.2933264610176466,0.2807792957702804,,,,,,,,,,,,,2026-02-24
2026-03-07,Championship,Derby,Sheffield Weds,H,0.6192401973535606,0.22535061303812146,0.15540918960831784,,,,,,,,,,,,,2026-02-24
2026-03-07,Championship,Hull,Millwall,A,0.41964616746017713,0.2816982125376741,0.29865562000214885,,,,,,,,,,,,,2026-02-24
2026-03-07,Championship,Bristol City,Coventry,A,0.3473737897795464,0.2577657911448114,0.39486041907564234,,,,,,,,,,,,,2026-02-24
2026-03-07,Championship,Charlton,Birmingham,H,0.3616220564165699,0.2976698311530365,0.34070811243039345,,,,,,,,,,,,,2026-02-24
2026-03-07,Championship,Blackburn,Portsmouth,D,0.43947889396878664,0.2805642984987863,0.2799568075324272,,,,,,,,,,,,,2026-02-24
2026-03-08,Championship,QPR,Middlesbrough,A,0.3242676861658804,0.26042826466335534,0.41530404917076413,,,,,,,,,,,,,2026-02-24
2026-03-10,Championship,Leicester,Bristol City,H,0.4721966568971704,0.24139408506743504,0.2864092580353944,,,,,,,,,,,,,2026-02-24
2026-03-10,Championship,Millwall,Derby,H,0.4066109117814989,0.29363031698563297,0.2997587712328682,,,,,,,,,,,,,2026-02-24
2026-03-10,Championship,Portsmouth,Swansea,A,0.3899045879740126,0.2738622992365998,0.33623311278938733,,,,,,,,,,,,,2026-02-24
2026-03-10,Championship,Sheffield Weds,Watford,D,0.25887502822852654,0.26777544658425806,0.4733495251872154,,,,,,,,,,,,,2026-02-24
2026-03-10,Championship,Wrexham,Hull,A,0.5059735121357288,0.23553031892641244,0.2584961689378585,,,,,,,,,,,,,2026-02-24
2026-03-10,Championship,Stoke,Ipswich,D,0.27972135870480236,0.2670031400809716,0.4532755012142264,,,,,,,,,,,,,2026-02-24
2026-03-11,Championship,Coventry,Preston,H,0.5720458890632796,0.2332195293505989,0.19473458158612145,,,,,,,,,,,,,2026-02-24
2026-03-11,Championship,West Brom,Southampton,D,0.3759408626897611,0.25639462761886095,0.3676645096913779,,,,,,,,,,,,,2026-02-24
2026-03-11,Championship,Oxford,Blackburn,H,0.3455944839173852,0.31161178328851646,0.3427937327940984,,,,,,,,,,,,,2026-02-24
2026-03-11,Championship,Birmingham,QPR,H,0.4496592014530915,0.2632253504973511,0.2871154480495576,,,,,,,,,,,,,2026-02-24
2026-03-11,Championship,Middlesbrough,Charlton,A,0.5742066165300342,0.24853817302689613,0.17725521044306958,,,,,,,,,,,,,2026-02-24
2026-03-11,Championship,Norwich,Sheffield United,H,0.37852293621808947,0.2572495433589148,0.3642275204229956,,,,,,,,,,,,,2026-02-24
2026-03-13,Championship,Wrexham,Swansea,H,0.509202872521016,0.2407644912968105,0.2500326361821736,,,,,,,,,,,,,2026-02-24
2026-03-14,Championship,Norwich,Preston,H,0.49359794812553265,0.25180708660198153,0.25459496527248593,,,,,,,,,,,,,2026-02-24
2026-03-14,Championship,West Brom,Hull,H,0.41889368464538884,0.273116160455933,0.3079901548986784,,,,,,,,,,,,,2026-02-24
2026-03-14,Championship,Stoke,Watford,H,0.3852348852298749,0.3004505543565677,0.31431456041355715,,,,,,,,,,,,,2026-02-24
2026-03-14,Championship,Sheffield Weds,Ipswich,A,0.1588563242830791,0.2022515608749769,0.6388921148419439,,,,,,,,,,,,,2026-02-24
2026-03-14,Championship,Millwall,Blackburn,A,0.4400768626764183,0.29831440324638375,0.26160873407719776,,,,,,,,,,,,,2026-02-24
2026-03-14,Championship,Coventry,Southampton,A,0.5164391275083154,0.22206194672483914,0.2614989257668454,,,,,,,,,,,,,2026-02-24
2026-03-14,Championship,Birmingham,Sheffield United,D,0.3271359510365395,0.27511323435811874,0.3977508146053418,,,,,,,,,,,,,2026-02-24
2026-03-14,Championship,Oxford,Charlton,D,0.3785293407528537,0.3181314962349566,0.30333916301218977,,,,,,,,,,,,,2026-02-24
2026-03-14,Championship,Middlesbrough,Bristol City,D,0.5109600094908445,0.25062858034208035,0.23841141016707526,,,,,,,,,,,,,2026-02-24
2026-03-14,Championship,Leicester,QPR,A,0.5249849392123667,0.2272599491481406,0.24775511163949285,,,,,,,,,,,,,2026-02-24
2026-03-16,Championship,Portsmouth,Derby,A,0.36756788542735114,0.2773028913660433,0.3551292232066056,,,,,,,,,,,,,2026-02-24
2026-03-17,Championship,Watford,Wrexham,H,0.3966824654350097,0.25752665047787404,0.34579088408711617,,,,,,,,,,,,,2026-02-24
2026-03-18,Championship,Southampton,Norwich,H,0.4962660067915742,0.22427258571101127,0.27946140749741466,,,,,,,,,,,,,2026-02-24
2026-03-20,Championship,Preston,Stoke,H,0.40332251765455696,0.30356258169041045,0.2931149006550326,,,,,,,,,,,,,2026-02-24
2026-03-21,Championship,QPR,Portsmouth,H,0.45442492261912526,0.2599345896280031,0.28564048775287165,,,,,,,,,,,,,2026-02-24
2026-03-21,Championship,Watford,Leicester,D,0.4223911676625785,0.2508875117475557,0.32672132058986575,,,,,,,,,,,,,2026-02-24
2026-03-21,Championship,Southampton,Oxford,H,0.5955982886167976,0.22688044564172444,0.17752126574147772,,,,,,,,,,,,,2026-02-24
2026-03-21,Championship,Sheffield United,Wrexham,A,0.4867226417773528,0.24415529176395898,0.26912206645868797,,,,,,,,,,,,,2026-02-24
2026-03-21,Championship,Hull,Sheffield Weds,H,0.6201948490905946,0.21840805665850754,0.1613970942508977,,,,,,,,,,,,,2026-02-24
2026-03-21,Championship,Swansea,Coventry,A,0.32878449025914946,0.2585287186182988,0.41268679112255185,,,,,,,,,,,,,2026-02-24
2026-03-21,Championship,Bristol City,West Brom,A,0.44505049146628217,0.2751519190149029,0.2797975895188149,,,,,,,,,,,,,2026-02-24
2026-03-21,Championship,Ipswich,Millwall,D,0.5742658856213348,0.23439414187373137,0.1913399725049338,,,,,,,,,,,,,2026-02-24
2026-03-21,Championship,Derby,Birmingham,H,0.45738905947692854,0.27170900667975084,0.2709019338433207,,,,,,,,,,,,,2026-02-24
2026-03-21,Championship,Blackburn,Middlesbrough,D,0.31839482906728306,0.2807142710569729,0.4008908998757441,,,,,,,,,,,,,2026-02-24
2026-03-21,Championship,Charlton,Norwich,A,0.3312802451049146,0.27608928818094025,0.39263046671414514,,,,,,,,,,,,,2026-02-24
2026-04-03,Championship,Coventry,Derby,H,0.5543676391114108,0.23489295263192897,0.21073940825666027,,,,,,,,,,,,,2026-04-03
2026-04-03,Championship,West Brom,Wrexham,D,0.38480598422215867,0.26295688278879553,0.35223713298904574,,,,,,,,,,,,,2026-04-03
2026-04-03,Championship,Stoke,Sheffield Weds,H,0.5829673319415176,0.24521777531927505,0.17181489273920753,,,,,,,,,,,,,2026-04-03
2026-04-03,Championship,Sheffield United,Swansea,D,0.5275978653410864,0.2552693471284939,0.21713278753041956,,,,,,,,,,,,,2026-04-03
2026-04-03,Championship,QPR,Watford,H,0.39116658303810603,0.26801147472482395,0.34082194223706985,,,,,,,,,,,,,2026-04-03
2026-04-03,Championship,Oxford,Hull,D,0.34338662969121736,0.2832006517255942,0.3734127185831884,,,,,,,,,,,,,2026-04-03
2026-04-03,Championship,Norwich,Portsmouth,D,0.5791792403813912,0.22595336736121227,0.19486739225739655,,,,,,,,,,,,,2026-04-03
2026-04-03,Championship,Leicester,Preston,D,0.5134545503374278,0.24606294914711835,0.24048250051545383,,,,,,,,,,,,,2026-04-03
2026-04-03,Championship,Charlton,Bristol City,A,0.3493615757364526,0.3131200199129831,0.33751840435056424,,,,,,,,,,,,,2026-04-03
2026-04-03,Championship,Birmingham,Blackburn,A,0.4161822019779174,0.29061901787596145,0.2931987801461211,,,,,,,,,,,,,2026-04-03
2026-04-03,Championship,Middlesbrough,Millwall,A,0.4826108794116933,0.27237749521614174,0.24501162537216514,,,,,,,,,,,,,2026-04-03
2026-04-06,Championship,Hull,Coventry,D,0.3202748020847046,0.24911407231240817,0.43061112560288717,,,,,,,,,,,,,2026-04-03
2026-04-06,Championship,Swansea,Middlesbrough,D,0.32160301008669534,0.27240816135167434,0.4059888285616305,,,,,,,,,,,,,2026-04-03
2026-04-06,Championship,Watford,Charlton,D,0.4614887906741579,0.30154440189732357,0.23696680742851842,,,,,,,,,,,,,2026-04-03
2026-04-06,Championship,Preston,QPR,D,0.4264795465215105,0.2672599516088489,0.3062605018696408,,,,,,,,,,,,,2026-04-03
2026-04-06,Championship,Ipswich,Birmingham,H,0.6431400995332347,0.20560913534265923,0.15125076512410607,,,,,,,,,,,,,2026-04-03
2026-04-06,Championship,Sheffield Weds,Leicester,D,0.23379284735667702,0.23823296816751302,0.52797418447581,,,,,,,,,,,,,2026-04-03
2026-04-06,Championship,Bristol City,Sheffield United,H,0.346198012376036,0.2783818680915457,0.37542011953241816,,,,,,,,,,,,,2026-04-03
2026-04-06,Championship,Blackburn,West Brom,D,0.37423460919531176,0.29884615425581224,0.32691923654887617,,,,,,,,,,,,,2026-04-03
2026-04-06,Championship,Millwall,Norwich,A,0.4111566555616041,0.27503944661509455,0.3138038978233012,,,,,,,,,,,,,2026-04-03
2026-04-06,Championship,Portsmouth,Oxford,D,0.4181813106769087,0.2852954647795945,0.2965232245434967,,,,,,,,,,,,,2026-04-03
2026-04-06,Championship,Derby,Stoke,H,0.45376299992153757,0.2820461228172007,0.2641908772612618,,,,,,,,,,,,,2026-04-03
2026-04-07,Championship,Wrexham,Southampton,A,0.4096817673488015,0.234126020026375,0.35619221262482337,,,,,,,,,,,,,2026-04-03
2026-04-10,Championship,West Brom,Millwall,D,0.3864956311288644,0.29869473641022337,0.3148096324609121,,,,,,,,,,,,,2026-04-03
2026-04-11,Championship,Stoke,Blackburn,D,0.42419566367246503,0.2983416975517802,0.27746263877575494,,,,,,,,,,,,,2026-04-03
2026-04-11,Championship,Southampton,Derby,H,0.5340898450687738,0.2348564346879503,0.23105372024327622,,,,,,,,,,,,,2026-04-03
2026-04-11,Championship,Sheffield United,Hull,H,0.5158425007330721,0.24950104477782784,0.23465645448910005,,,,,,,,,,,,,2026-04-03
2026-04-11,Championship,Oxford,Watford,H,0.3360695133609783,0.2970523710128016,0.3668781156262201,,,,,,,,,,,,,2026-04-03
2026-04-11,Championship,Middlesbrough,Portsmouth,A,0.6165562302154961,0.21952098599354292,0.16392278379096098,,,,,,,,,,,,,2026-04-03
2026-04-11,Championship,Charlton,Preston,A,0.38188055055932674,0.3167708204341884,0.301348629006485,,,,,,,,,,,,,2026-04-03
2026-04-11,Championship,QPR,Bristol City,D,0.3994676689915597,0.2651642918194419,0.3353680391889985,,,,,,,,,,,,,2026-04-03
2026-04-11,Championship,Norwich,Ipswich,A,0.3345204561785439,0.24489017760205287,0.42058936621940324,,,,,,,,,,,,,2026-04-03
2026-04-11,Championship,Coventry,Sheffield Weds,D,0.7601473296961792,0.15310685939785312,0.08674581090596759,,,,,,,,,,,,,2026-04-03
2026-04-11,Championship,Leicester,Swansea,A,0.490492482941649,0.24760054982909135,0.2619069672292596,,,,,,,,,,,,,2026-04-03
2026-04-12,Championship,Birmingham,Wrexham,H,0.34636566249124356,0.25849958898645015,0.3951347485223066,,,,,,,,,,,,,2026-04-03
2026-04-14,Championship,Portsmouth,Ipswich,H,0.21573638005020832,0.2299850300819241,0.5542785898678676,,,,,,,,,,,,,2026-04-03
2026-04-14,Championship,Southampton,Blackburn,H,0.5798247835863235,0.23047003246590964,0.18970518394776711,,,,,,,,,,,,,2026-04-03
2026-04-17,Championship,Blackburn,Coventry,D,0.27678881896976865,0.2656256816027094,0.4575854994275219,,,,,,,,,,,,,2026-04-03
2026-04-18,Championship,Sheffield Weds,Charlton,D,0.29733691091300457,0.309167539709961,0.39349554937703435,,,,,,,,,,,,,2026-04-03
2026-04-18,Championship,Watford,Sheffield United,A,0.3512642128721008,0.28114917788253857,0.3675866092453606,,,,,,,,,,,,,2026-04-03
2026-04-18,Championship,Wrexham,Stoke,H,0.5146614614617074,0.24909988690098936,0.23623865163730334,,,,,,,,,,,,,2026-04-03
2026-04-18,Championship,Swansea,Southampton,A,0.32255526773680704,0.25292832073559174,0.4245164115276012,,,,,,,,,,,,,2026-04-03
2026-04-18,Championship,Preston,West Brom,A,0.3739505238294344,0.2906218001925843,0.33542767597798145,,,,,,,,,,,,,2026-04-03
2026-04-18,Championship,Millwall,QPR,H,0.4949984088562369,0.2631650893156137,0.24183650182814956,,,,,,,,,,,,,2026-04-03
2026-04-18,Championship,Bristol City,Norwich,A,0.38671331749551624,0.26419627261571726,0.34909040988876644,,,,,,,,,,,,,2026-04-03
2026-04-18,Championship,Portsmouth,Leicester,H,0.33119884265973215,0.25261855201399397,0.41618260532627394,,,,,,,,,,,,,2026-04-03
2026-04-18,Championship,Derby,Oxford,H,0.5082027626814494,0.27303568685767493,0.21876155046087567,,,,,,,,,,,,,2026-04-03
2026-04-18,Championship,Hull,Birmingham,D,0.47435195745604564,0.2604783912635941,0.26516965128035996,,,,,,,,,,,,,2026-04-03
2026-04-19,Championship,Ipswich,Middlesbrough,D,0.512633921422457,0.23918895756113456,0.24817712101640846,,,,,,,,,,,,,2026-04-03
2026-04-21,Championship,West Brom,Watford,H,0.41804756847398866,0.2849589689217169,0.2969934626042943,,,,,,,,,,,,,2026-04-03
2026-04-21,Championship,Stoke,Millwall,A,0.3619307144306452,0.304692953760795,0.3333763318085598,,,,,,,,,,,,,2026-04-03
2026-04-21,Championship,QPR,Swansea,A,0.4161463711210641,0.26454066577662183,0.319312963102314,,,,,,,,,,,,,2026-04-03
2026-04-21,Championship,Southampton,Bristol City,D,0.554953555623299,0.2290406705510649,0.21600577382563577,,,,,,,,,,,,,2026-04-03
2026-04-21,Championship,Norwich,Derby,H,0.4688319416999553,0.25649042138673345,0.2746776369133114,,,,,,,,,,,,,2026-04-03
2026-04-21,Championship,Leicester,Hull,D,0.4752609012379984,0.2413617082276775,0.2833773905343239,,,,,,,,,,,,,2026-04-03
2026-04-21,Championship,Coventry,Portsmouth,H,0.6642175076064447,0.19431662646187675,0.14146586593167843,,,,,,,,,,,,,2026-04-03
2026-04-21,Championship,Oxford,Wrexham,A,0.30122564729404994,0.2668301534073266,0.4319441992986232,,,,,,,,,,,,,2026-04-03
2026-04-22,Championship,Birmingham,Preston,H,0.42751647250832014,0.2815690828324039,0.29091444465927613,,,,,,,,,,,,,2026-04-03
2026-04-22,Championship,Charlton,Ipswich,A,0.22957025095940206,0.27240339855633244,0.49802635048426563,,,,,,,,,,,,,2026-04-03
2026-04-22,Championship,Middlesbrough,Sheffield Weds,H,0.7147903242749388,0.1804298968366589,0.10477977888840201,,,,,,,,,,,,,2026-04-03
2026-04-22,Championship,Sheffield United,Blackburn,A,0.5339747621733558,0.26288069472990383,0.2031445430967404,,,,,,,,,,,,,2026-04-03
2026-04-24,Championship,Leicester,Millwall,D,0.4290784525868091,0.2675984277575833,0.30332311965560765,,,,,,,,,,,,,2026-04-03
2026-04-25,Championship,Stoke,Portsmouth,A,0.48184184842780475,0.2712469188389159,0.24691123273327928,,,,,,,,,,,,,2026-04-03
2026-04-25,Championship,Sheffield United,Preston,A,0.5482895285389047,0.2525068630094528,0.1992036084516427,,,,,,,,,,,,,2026-04-03
2026-04-25,Championship,QPR,Derby,A,0.380517975826459,0.26668052983998725,0.35280149433355384,,,,,,,,,,,,,2026-04-03
2026-04-25,Championship,Oxford,Sheffield Weds,H,0.5202874350983379,0.2680768350201732,0.21163572988148893,,,,,,,,,,,,,2026-04-03
2026-04-25,Championship,West Brom,Ipswich,D,0.2871771985432742,0.2598400473338298,0.4529827541228959,,,,,,,,,,,,,2026-04-03
2026-04-25,Championship,Birmingham,Bristol City,H,0.3905041822903507,0.2804996289275142,0.3289961887821352,,,,,,,,,,,,,2026-04-03
2026-04-25,Championship,Middlesbrough,Watford,H,0.5188992949489358,0.2550532274882766,0.2260474775627877,,,,,,,,,,,,,2026-04-03
2026-04-25,Championship,Charlton,Hull,H,0.35065885896235516,0.30128596762385934,0.34805517341378533,,,,,,,,,,,,,2026-04-03
2026-04-25,Championship,Norwich,Swansea,D,0.5061045477395758,0.24920680431168823,0.24468864794873588,,,,,,,,,,,,,2026-04-03
2026-04-26,Championship,Coventry,Wrexham,H,0.5352955329162932,0.22291120487116822,0.24179326221253858,,,,,,,,,,,,,2026-04-03
2026-04-28,Championship,Southampton,Ipswich,D,0.3938821433485421,0.23724647617403483,0.3688713804774231,,,,,,,,,,,,,2026-04-03
2026-05-02,Championship,Swansea,Charlton,H,0.44192428093973257,0.3037928719252889,0.2542828471349786,,,,,,,,,,,,,2026-04-03
2026-05-02,Championship,Sheffield Weds,West Brom,H,0.25143158833669715,0.27191677604092845,0.4766516356223745,,,,,,,,,,,,,2026-04-03
2026-05-02,Championship,Preston,Southampton,A,0.2978323493618048,0.2538913187258796,0.44827633191231575,,,,,,,,,,,,,2026-04-03
2026-05-02,Championship,Portsmouth,Birmingham,D,0.3843937028654075,0.27583673735570735,0.3397695597788852,,,,,,,,,,,,,2026-04-03
2026-05-02,Championship,Millwall,Oxford,H,0.5082278954251486,0.28363780041212805,0.20813430416272352,,,,,,,,,,,,,2026-04-03
2026-05-02,Championship,Derby,Sheffield United,A,0.3630921992129344,0.27936385932681806,0.3575439414602477,,,,,,,,,,,,,2026-04-03
2026-05-02,Championship,Hull,Norwich,H,0.3981158671764296,0.25417433990121135,0.3477097929223589,,,,,,,,,,,,,2026-04-03
2026-05-02,Championship,Bristol City,Stoke,H,0.43659651480875494,0.28417218401105265,0.2792313011801925,,,,,,,,,,,,,2026-04-03
2026-05-02,Championship,Blackburn,Leicester,A,0.36710810614398154,0.2708018846459669,0.3620900092100516,,,,,,,,,,,,,2026-04-03
2026-05-02,Championship,Watford,Coventry,A,0.31774355371845076,0.26140685205078684,0.4208495942307627,,,,,,,,,,,,,2026-04-03
2026-05-02,Championship,Ipswich,QPR,H,0.6628491343086835,0.1897124826545632,0.14743838303675302,,,,,,,,,,,,,2026-04-03
2026-05-02,Championship,Wrexham,Middlesbrough,D,0.405401453837707,0.2509898516168273,0.34360869454546583,,,,,,,,,,,,,2026-04-03
