Date,liga,HomeTeam,AwayTeam,FTR,prob_casa_modelo,prob_empate_modelo,prob_fora_modelo,prob_casa_odds,prob_empate_odds,prob_fora_odds,data_corte_modelo
2023-05-25,Premier League,Man United,Chelsea,H,0.41291599304676646,0.2614565098967753,0.32562749705645805,0.6287563579257206,0.22199825849313598,0.14924538358114348,2023-05-25
2023-05-28,Premier League,Arsenal,Wolves,H,0.6596123623087559,0.2008707736853238,0.1395168640059204,0.7491562840355752,0.15269427445311087,0.09814944151131386,2023-05-25
2023-05-28,Premier League,Aston Villa,Brighton,H,0.3687644487500788,0.254826710817023,0.37640884043289813,0.5160315977672281,0.23836348987773676,0.2456049123550351,2023-05-25
2023-05-28,Premier League,Brentford,Man City,H,0.17847639727794096,0.21007066730131121,0.611452935420748,0.2870978538258796,0.27140944651299,0.44149269966113036,2023-05-25
2023-05-28,Premier League,Chelsea,Newcastle,D,0.4733092410301733,0.2556195429882937,0.2710712159815328,0.35268189534502786,0.25481728564195727,0.39250081901301487,2023-05-25
2023-05-28,Premier League,Crystal Palace,Nott'm Forest,D,0.5225258403803648,0.25373930482995993,0.223734854789675,0.599385997865422,0.23174351230118942,0.16887048983338848,2023-05-25
2023-05-28,Premier League,Everton,Bournemouth,H,0.4946203931356216,0.24223625981798397,0.26314334704639436,0.5889078938119451,0.2280981278849083,0.1829939783031468,2023-05-25
2023-05-28,Premier League,Leeds,Tottenham,A,0.27147856536827886,0.21332844490611202,0.515192989725609,0.34717293371334007,0.24609726946768407,0.40672979681897575,2023-05-25
2023-05-28,Premier League,Leicester,West Ham,H,0.4350887004608608,0.23799065579096879,0.3269206437481705,0.4613563482876916,0.24275857727856093,0.2958850744337475,2023-05-25
2023-05-28,Premier League,Man United,Fulham,H,0.603129071916258,0.21156403187202094,0.18530689621172128,0.6512952925166666,0.19065422118857234,0.15805048629476112,2023-05-25
2023-05-28,Premier League,Southampton,Liverpool,D,0.14808789671769465,0.18466783600422687,0.6672442672780784,0.1678965999761149,0.19892471906821005,0.6331786809556751,2023-05-25
2023-08-11,Premier League,Burnley,Man City,A,0.10072137829379132,0.17423424646218671,0.725044375244022,0.10112400721856306,0.1674376849298755,0.7314383078515613,2023-08-11
2023-08-12,Premier League,Newcastle,Aston Villa,H,0.49503362620149916,0.24557808555679003,0.25938828824171073,0.5822143957737178,0.23288575830948713,0.1848998459167951,2023-08-11
2023-08-12,Premier League,Everton,Fulham,A,0.4224622778789689,0.25391427139736705,0.32362345072366394,0.40914488867644094,0.29453502528213676,0.2963200860414224,2023-08-11
2023-08-12,Premier League,Sheffield United,Crystal Palace,A,0.2857741486713088,0.3069674240072973,0.4072584273213938,0.24569262577532736,0.30368218962292015,0.45062518460175255,2023-08-11
2023-08-12,Premier League,Bournemouth,West Ham,D,0.31226840980500886,0.24809337542619078,0.4396382147688005,0.3559331591511437,0.2718933854626792,0.3721734553861769,2023-08-11
2023-08-12,Premier League,Arsenal,Nott'm Forest,H,0.7385544671709204,0.15596519655139043,0.10548033627768923,0.8175779253960143,0.12161471640265711,0.06080735820132856,2023-08-11
2023-08-13,Premier League,Brentford,Tottenham,D,0.4185296880802012,0.24103645158300532,0.3404338603367935,0.3737161988930278,0.2765922149999246,0.3496915861070475,2023-08-11
2023-08-13,Premier League,Chelsea,Liverpool,D,0.33174014511488414,0.24495003475552213,0.4233098201295937,0.3044803944938787,0.25125502990368914,0.44426457560243215,2023-08-11
2023-08-14,Premier League,Man United,Wolves,H,0.6311084999539696,0.21510859583067574,0.15378290421535465,0.7661304332719503,0.15444216670720268,0.07942740002084708,2023-08-11
2023-08-18,Premier League,Nott'm Forest,Sheffield United,H,0.4531879960843209,0.27986905097950426,0.26694295293617465,0.5035900260685212,0.27833750728573536,0.2180724666457435,2023-08-11
2023-08-19,Premier League,Fulham,Brentford,A,0.32364539815464316,0.2518213696411425,0.42453323220421446,0.34072238532604304,0.30368734344277754,0.35559027123117953,2023-08-11
2023-08-19,Premier League,Liverpool,Bournemouth,H,0.8023242026972777,0.12352003223149106,0.07415576507123137,0.807909604519774,0.11751412429378531,0.07457627118644068,2023-08-11
2023-08-19,Premier League,Wolves,Brighton,A,0.26885470598257716,0.2614599320862525,0.4696853619311702,0.23684623117431683,0.23122042995877487,0.5319333388669083,2023-08-11
2023-08-19,Premier League,Tottenham,Man United,H,0.43968976450598113,0.23223647637382358,0.32807375912019526,0.31849437447886775,0.25265574409563923,0.42884988142549296,2023-08-11
2023-08-19,Premier League,Man City,Newcastle,H,0.7194593376932505,0.167640978429273,0.11289968387747655,0.5222213577730406,0.25431092162385055,0.2234677206031089,2023-08-11
2023-08-20,Premier League,Aston Villa,Everton,H,0.5210525280739662,0.24452260308331897,0.2344248688427151,0.5278958080960257,0.24913450126980807,0.22296969063416613,2023-08-11
2023-08-20,Premier League,West Ham,Chelsea,H,0.3369157802713877,0.25927953172656704,0.40380468800204533,0.30101178906831855,0.268024195745763,0.43096401518591854,2023-08-11
2023-08-21,Premier League,Crystal Palace,Arsenal,A,0.2678874904259033,0.25095060049170964,0.48116190908238704,0.21671252485089462,0.2768763419483101,0.5064111332007952,2023-08-11
2023-08-26,Premier League,Bournemouth,Tottenham,A,0.23303043410218036,0.2204444156725859,0.5465251502252337,0.28150633468025354,0.25111233453482773,0.46738133078491867,2023-08-11
2023-08-26,Premier League,Arsenal,Fulham,D,0.6692880907241153,0.18242016045736137,0.1482917488185233,0.7518302704317944,0.1541909457642313,0.0939787838039743,2023-08-11
2023-08-26,Premier League,Brentford,Crystal Palace,D,0.5145868643080856,0.25697673813054805,0.22843639756136622,0.45292343510238636,0.2903010741309064,0.25677549076670725,2023-08-11
2023-08-26,Premier League,Everton,Wolves,A,0.44771824835153284,0.2748547576133191,0.27742699403514803,0.3991845700186556,0.2893497622916291,0.31146566768971534,2023-08-11
2023-08-26,Premier League,Man United,Nott'm Forest,H,0.6898973151735998,0.17987871970429256,0.1302239651221077,0.7029681674792085,0.18303699455119013,0.11399483796960136,2023-08-11
2023-08-26,Premier League,Brighton,West Ham,A,0.5268415828352597,0.22839846987286078,0.24475994729187966,0.648075412411626,0.19638648860958366,0.15553809897879026,2023-08-11
2023-08-27,Premier League,Burnley,Aston Villa,A,0.31825499577438127,0.2770587858294907,0.4046862183961279,0.30167303385588196,0.27150573047029375,0.42682123567382424,2023-08-11
2023-08-27,Premier League,Sheffield United,Man City,A,0.07451780114277341,0.15709173376557528,0.7683904650916513,0.060622610595303106,0.13107591480065534,0.8083014746040414,2023-08-11
2023-08-27,Premier League,Newcastle,Liverpool,A,0.3057747528960576,0.23195987136422155,0.4622653757397208,0.4366370271399941,0.24887199511287195,0.314490977747134,2023-08-11
2023-09-02,Premier League,Brighton,Newcastle,H,0.44878917306574334,0.24218607489551378,0.30902475203874286,0.3701680718820283,0.25251775446215885,0.3773141736558127,2023-08-11
2023-09-02,Premier League,Man City,Fulham,H,0.8259641466574098,0.11477177994990208,0.05926407339268816,0.8130540342160238,0.12647507198915928,0.06047089379481677,2023-08-11
2023-09-02,Premier League,Chelsea,Nott'm Forest,A,0.6646487420407562,0.1989140130437974,0.13643724491544623,0.6904641911761108,0.1943222573968695,0.11521355142701968,2023-08-11
2023-09-02,Premier League,Burnley,Tottenham,A,0.2593032359740233,0.24519049560376463,0.4955062684222119,0.26332980256054817,0.25777138984159204,0.4788988075978597,2023-08-11
2023-09-02,Premier League,Sheffield United,Everton,D,0.32427654852255083,0.2893034322957428,0.3864200191817062,0.30472079004171654,0.2860098643374006,0.4092693456208829,2023-08-11
2023-09-02,Premier League,Brentford,Bournemouth,D,0.6373820128648049,0.20373986540858033,0.15887812172661467,0.5566406082642362,0.24292295871880634,0.20043643301695746,2023-08-11
2023-09-03,Premier League,Crystal Palace,Wolves,H,0.46746803378703095,0.2885369489828361,0.24399501723013314,0.5141869337148307,0.2706247019551741,0.21518836432999522,2023-08-11
2023-09-03,Premier League,Liverpool,Aston Villa,H,0.6590350925109556,0.18845873559414208,0.15250617189490223,0.5945287952140272,0.21005835376941004,0.19541285101656275,2023-08-11
2023-09-03,Premier League,Arsenal,Man United,H,0.5012746317170024,0.22488825442841467,0.2738371138545828,0.5521720289057285,0.23138637401763856,0.21644159707663296,2023-08-11
2023-09-16,Premier League,Wolves,Liverpool,A,0.1648833860549226,0.20414894114691665,0.6309676727981606,0.21252772730819391,0.218245962123661,0.5692263105681451,2023-09-16
2023-09-16,Premier League,Aston Villa,Crystal Palace,H,0.4630339565170891,0.2630103844482869,0.27395565903462393,0.493515764425937,0.2669839381320642,0.2395002974419988,2023-09-16
2023-09-16,Premier League,Fulham,Luton,H,0.6791408923538615,0.16308997676173415,0.1577691308844044,0.5747312767862346,0.25426593135307235,0.17100279186069303,2023-09-16
2023-09-16,Premier League,Man United,Brighton,A,0.4775372278769225,0.22686836545157615,0.29559440667150133,0.47232829338081667,0.2506973249482796,0.27697438167090377,2023-09-16
2023-09-16,Premier League,Tottenham,Sheffield United,H,0.737000421799475,0.16093716038655106,0.10206241781397393,0.7438704741838795,0.15325382193962656,0.10287570387649399,2023-09-16
2023-09-16,Premier League,West Ham,Man City,A,0.1518058385406804,0.1903270044255336,0.6578671570337858,0.17715286606495184,0.22617889178990364,0.5966682421451446,2023-09-16
2023-09-16,Premier League,Newcastle,Brentford,H,0.4534562352611349,0.2431097051569138,0.30343405958195135,0.5869266001539695,0.23364464178791108,0.17942875805811956,2023-09-16
2023-09-17,Premier League,Everton,Arsenal,A,0.22568706266625183,0.21793049299541387,0.5563824443383344,0.1621025677501956,0.2261896294188776,0.6117078028309269,2023-09-16
2023-09-17,Premier League,Bournemouth,Chelsea,D,0.2303851014383421,0.2381810531614927,0.5314338454001651,0.22397501626224295,0.2448492621103613,0.5311757216273958,2023-09-16
2023-09-18,Premier League,Nott'm Forest,Burnley,D,0.4435104051214925,0.2589839232410346,0.2975056716374728,0.456697661134207,0.2784424486687188,0.264859890197074,2023-09-16
2023-09-23,Premier League,Crystal Palace,Fulham,D,0.4701721058276935,0.25749126161153346,0.27233663256077306,0.4654548095579003,0.2883348377792303,0.2462103526628692,2023-09-16
2023-09-23,Premier League,Luton,Wolves,D,0.30123077982587215,0.22574269078736,0.47302652938676804,0.29833537157752626,0.2956314256115668,0.40603320281090705,2023-09-16
2023-09-23,Premier League,Man City,Nott'm Forest,H,0.8590268552420698,0.09590366181282031,0.045069482945109915,0.8314991440449987,0.11445341159207628,0.05404744436292491,2023-09-16
2023-09-23,Premier League,Brentford,Everton,A,0.5962912404917652,0.2145151818124886,0.1891935776957463,0.5011049991127745,0.27681437628042777,0.22208062460679773,2023-09-16
2023-09-23,Premier League,Burnley,Man United,A,0.2316301127612383,0.2337724448195766,0.534597442419185,0.22519196692262256,0.2432073242764324,0.5316007088009451,2023-09-16
2023-09-24,Premier League,Arsenal,Tottenham,D,0.5132193081606108,0.21443234277643505,0.27234834906295396,0.5886679664846397,0.22125333592247282,0.19007869759288756,2023-09-16
2023-09-24,Premier League,Brighton,Bournemouth,H,0.6624355405537664,0.18436594960949837,0.15319850983673503,0.6396061545978441,0.1956139547261012,0.16477989067605472,2023-09-16
2023-09-24,Premier League,Chelsea,Aston Villa,A,0.512892674613826,0.24395571654975257,0.24315160883642156,0.512332155814094,0.24899603501397444,0.23867180917193162,2023-09-16
2023-09-24,Premier League,Liverpool,West Ham,H,0.6767051146982584,0.17550077922783777,0.14779410607390378,0.6997370304493633,0.17245292062493173,0.127810048925705,2023-09-16
2023-09-24,Premier League,Sheffield United,Newcastle,A,0.1889756379335901,0.23154338219212173,0.5794809798742881,0.16047152173558743,0.22115095820052483,0.6183775200638878,2023-09-16
2023-09-30,Premier League,West Ham,Sheffield United,H,0.6353089513497565,0.21068529611649575,0.15400575253374754,0.6577192266649927,0.20322013684012302,0.13906063649488418,2023-09-16
2023-09-30,Premier League,Wolves,Man City,H,0.09949620461553521,0.17096455981685882,0.7295392355676058,0.11295345549172588,0.18738521228974175,0.6996613322185323,2023-09-16
2023-09-30,Premier League,Newcastle,Burnley,H,0.6408985683120676,0.2052669593501054,0.153834472337827,0.7016850916329409,0.184794928712492,0.11351997965456721,2023-09-16
2023-09-30,Premier League,Tottenham,Liverpool,H,0.33343975617253635,0.22047341783947913,0.4460868259879846,0.3305663677483638,0.24400908941026359,0.4254245428413726,2023-09-16
2023-09-30,Premier League,Everton,Luton,A,0.6556409302169406,0.17367225872609635,0.17068681105696296,0.5820996749222386,0.24735533260054407,0.17054499247721722,2023-09-16
2023-09-30,Premier League,Aston Villa,Brighton,H,0.38715737426195873,0.2408260458791681,0.37201657985887315,0.3931658068452875,0.2596771509402563,0.3471570422144561,2023-09-16
2023-09-30,Premier League,Man United,Crystal Palace,A,0.5503635035533354,0.23628038634684184,0.21335611009982253,0.6147578517039365,0.22226942922018758,0.1629727190758758,2023-09-16
2023-09-30,Premier League,Bournemouth,Arsenal,A,0.1900000180027016,0.2013788335738015,0.6086211484234967,0.16073641114044068,0.21083607175564298,0.6284275171039164,2023-09-16
2023-10-01,Premier League,Nott'm Forest,Brentford,D,0.2650511003895113,0.23926204367571627,0.4956868559347726,0.3734858758141223,0.2992455641079512,0.3272685600779266,2023-09-16
2023-10-02,Premier League,Fulham,Chelsea,A,0.2792181042992667,0.24766346186874139,0.473118433831992,0.2782274571767157,0.2806190972097533,0.44115344561353115,2023-09-16
2023-10-03,Premier League,Luton,Burnley,A,0.32768449986061143,0.22341380593025995,0.4489016942091286,0.331916785138123,0.30408525346505055,0.3639979613968264,2023-09-16
2023-10-07,Premier League,Luton,Tottenham,A,0.12556542482866584,0.13808667152629728,0.7363479036450367,0.14265246668895362,0.18835665504560864,0.6689908782654377,2023-09-16
2023-10-07,Premier League,Burnley,Chelsea,A,0.23030727964948267,0.25290988110633833,0.5167828392441789,0.1867565564222936,0.23860788535526456,0.5746355582224419,2023-09-16
2023-10-07,Premier League,Everton,Bournemouth,H,0.4855390248205135,0.24115981269239586,0.27330116248709063,0.507021101812394,0.25887585357087844,0.23410304461672737,2023-09-16
2023-10-07,Premier League,Fulham,Sheffield United,H,0.5611788393038628,0.2351598684101776,0.20366129228595947,0.6391050583657588,0.2130350194552529,0.1478599221789883,2023-09-16
2023-10-07,Premier League,Man United,Brentford,H,0.47362991697275136,0.23509123487199193,0.2912788481552567,0.5960408635802705,0.22437565996208797,0.17958347645764158,2023-09-16
2023-10-07,Premier League,Crystal Palace,Nott'm Forest,D,0.5087724246961345,0.2548139381384595,0.2364136371654059,0.41791044776119407,0.31343283582089554,0.26865671641791045,2023-09-16
2023-10-08,Premier League,Arsenal,Man City,H,0.25446058108079433,0.2236560644867286,0.521883354432477,0.32713620120323883,0.2895010630117158,0.38336273578504554,2023-09-16
2023-10-08,Premier League,Wolves,Aston Villa,D,0.31642144220727,0.26718923512070897,0.41638932267202106,0.2642509942554131,0.26568714096332297,0.4700618647812637,2023-09-16
2023-10-08,Premier League,Brighton,Liverpool,D,0.30561574870925445,0.22159053868150946,0.4727937126092362,0.30026207668473,0.23361679474754646,0.46612112856772364,2023-09-16
2023-10-08,Premier League,West Ham,Newcastle,D,0.3681990754019209,0.2456238195117805,0.38617710508629893,0.27348796803057945,0.26248979237251324,0.4640222395969073,2023-09-16
2023-10-21,Premier League,Liverpool,Everton,H,0.7443694765641912,0.14856277502674411,0.10706774840906493,0.6926480599046971,0.17631041524846836,0.13104152484683457,2023-10-21
2023-10-21,Premier League,Bournemouth,Wolves,A,0.3781158388993222,0.2658335262008835,0.3560506348997944,0.42311687354967037,0.2824855427455892,0.29439758370474056,2023-10-21
2023-10-21,Premier League,Brentford,Burnley,H,0.6220278451354022,0.2129893639723565,0.16498279089224124,0.5592839272432213,0.24952667523159108,0.19118939752518765,2023-10-21
2023-10-21,Premier League,Man City,Brighton,H,0.7255064183986719,0.15811300153482905,0.11638058006649897,0.7068504495597493,0.1689484378561088,0.124201112584142,2023-10-21
2023-10-21,Premier League,Newcastle,Crystal Palace,H,0.5574465371486584,0.23932653654122232,0.20322692631011935,0.6568879203273468,0.21652430335957085,0.12658777631308246,2023-10-21
2023-10-21,Premier League,Nott'm Forest,Luton,D,0.5350742858696649,0.22313882460515141,0.24178688952518382,0.5528764413119417,0.2665924758106896,0.18053108287736871,2023-10-21
2023-10-21,Premier League,Chelsea,Arsenal,D,0.38049667129334375,0.24967180891914637,0.36983151978750983,0.29205149785548107,0.2844106156441459,0.423537886500373,2023-10-21
2023-10-21,Premier League,Sheffield United,Man United,A,0.13444658892458505,0.1851707467419806,0.6803826643334341,0.12430032812198417,0.17313259988419222,0.7025670719938236,2023-10-21
2023-10-22,Premier League,Aston Villa,West Ham,H,0.4786781838629459,0.2327759129314246,0.2885459032056296,0.5436121668473664,0.2420561638449716,0.21433166930766206,2023-10-21
2023-10-23,Premier League,Tottenham,Fulham,H,0.6351027568651197,0.19175824727274057,0.17313899586213968,0.6369448064527491,0.2051178190271565,0.15793737452009438,2023-10-21
2023-10-27,Premier League,Crystal Palace,Tottenham,A,0.30376512783952175,0.2543488850815568,0.44188598707892157,0.21186453560668017,0.25203625274768704,0.5360992116456327,2023-10-21
2023-10-28,Premier League,Wolves,Newcastle,D,0.24303688648507604,0.24676088373465208,0.510202229780272,0.23665649738574268,0.25937552113477397,0.5039679814794832,2023-10-21
2023-10-28,Premier League,Bournemouth,Burnley,H,0.4185103487677993,0.2590539514358585,0.3224356997963423,0.4565377748794646,0.26641793438171496,0.2770442907388204,2023-10-21
2023-10-28,Premier League,Arsenal,Sheffield United,H,0.8477987438770714,0.10186352683765292,0.05033772928527573,0.8526916419122519,0.1014254268800889,0.04588293120765927,2023-10-21
2023-10-28,Premier League,Chelsea,Brentford,A,0.47850509542455916,0.24933171143544244,0.2721631931399982,0.5875267145910239,0.23936273557412088,0.17311054983485527,2023-10-21
2023-10-29,Premier League,West Ham,Everton,A,0.5152764089601836,0.22904020725176652,0.2556833837880501,0.46800095039762957,0.26309242616947826,0.2689066234328922,2023-10-21
2023-10-29,Premier League,Aston Villa,Luton,H,0.7044728885066271,0.16391263238991557,0.1316144791034575,0.7216126728559371,0.16529247549178733,0.11309485165227552,2023-10-21
2023-10-29,Premier League,Brighton,Fulham,D,0.6041967777506688,0.20102862670529517,0.19477459554403592,0.5918390602177493,0.22467964323081221,0.18348129655143836,2023-10-21
2023-10-29,Premier League,Liverpool,Nott'm Forest,H,0.7742690581119269,0.1378880884600872,0.08784285342798576,0.7887131723124028,0.13163202055008635,0.07965480713751087,2023-10-21
2023-10-29,Premier League,Man United,Man City,A,0.20803158205591818,0.21512941666449856,0.5768390012795837,0.1729928284065069,0.2252929858317299,0.601714185761763,2023-10-21
2023-11-04,Premier League,Fulham,Man United,A,0.2864496227522509,0.23546595689538108,0.4780844203523682,0.32080891215132934,0.27076629632828075,0.40842479152038985,2023-10-21
2023-11-04,Premier League,Brentford,West Ham,H,0.4985353199645376,0.23107960953520507,0.2703850705002574,0.4505766151134422,0.2623303203894974,0.28709306449706057,2023-10-21
2023-11-04,Premier League,Burnley,Crystal Palace,A,0.31662046374210784,0.28776796323578385,0.39561157302210825,0.2756471021200192,0.30312594096064416,0.4212269569193367,2023-10-21
2023-11-04,Premier League,Everton,Brighton,D,0.3041827215961239,0.23107257011715782,0.4647447082867184,0.34031150561045054,0.27650309830849107,0.38318539608105845,2023-10-21
2023-11-04,Premier League,Man City,Bournemouth,H,0.8782761255606721,0.0839003438637918,0.03782353057553598,0.8825905480005386,0.08365423454961628,0.03375521744984516,2023-10-21
2023-11-04,Premier League,Sheffield United,Wolves,H,0.2630917185355757,0.26788037167618567,0.4690279097882384,0.2230590355215614,0.25806032035074256,0.5188806441276962,2023-10-21
2023-11-04,Premier League,Newcastle,Arsenal,H,0.39008508484817417,0.23634642280075732,0.3735684923510686,0.34251853808415844,0.30116181057554486,0.35631965134029664,2023-10-21
2023-11-05,Premier League,Luton,Liverpool,D,0.0948872130564797,0.12747124422517084,0.7776415427183496,0.06461379887908264,0.11402435096308701,0.8213618501578303,2023-10-21
2023-11-05,Premier League,Nott'm Forest,Aston Villa,H,0.29227139326494306,0.2491727821607718,0.458555824574285,0.24710390038015984,0.25488670039213335,0.4980093992277068,2023-10-21
2023-11-06,Premier League,Tottenham,Chelsea,A,0.4382976854795337,0.24271214568828028,0.318990168832186,0.4099511428090077,0.26618745437187624,0.32386140281911613,2023-10-21
2023-11-11,Premier League,Wolves,Tottenham,H,0.2466221128947368,0.23666519258513932,0.5167126945201238,0.3105957337750853,0.26855376981105444,0.4208504964138602,2023-10-21
2023-11-11,Premier League,Arsenal,Burnley,H,0.7332434688022266,0.16214923879685153,0.10460729240092191,0.8126061460569746,0.129105649373538,0.05828820456948763,2023-10-21
2023-11-11,Premier League,Crystal Palace,Everton,A,0.45180168410493016,0.26751013628696524,0.28068817960810466,0.35917859365276916,0.31197884256378344,0.3288425637834474,2023-10-21
2023-11-11,Premier League,Man United,Luton,H,0.758036107942147,0.14011028525893005,0.10185360679892334,0.7472007974219272,0.15698518382317367,0.09581401875489921,2023-10-21
2023-11-11,Premier League,Bournemouth,Newcastle,H,0.2041767756891119,0.21349816226741686,0.5823250620434713,0.24894636723555,0.2582156468666609,0.4928379858977892,2023-10-21
2023-11-12,Premier League,Aston Villa,Fulham,H,0.5509210150176319,0.22375813998783187,0.22532084499453606,0.5909015475252043,0.22963946396714102,0.17945898850765463,2023-10-21
2023-11-12,Premier League,Brighton,Sheffield United,D,0.7897005108394414,0.1317552840881792,0.07854420507237926,0.759101713795405,0.15474465112683217,0.08615363507776269,2023-10-21
2023-11-12,Premier League,Liverpool,Brentford,H,0.6235599936998539,0.1929648600010162,0.18347514629912995,0.6938425071716207,0.17629392196738095,0.1298635708609985,2023-10-21
2023-11-12,Premier League,West Ham,Nott'm Forest,H,0.5557425527603528,0.2258232893458229,0.21843415789382442,0.5359948181328857,0.25264339083867793,0.2113617910284364,2023-10-21
2023-11-12,Premier League,Chelsea,Man City,D,0.22277539202010557,0.23762426428971387,0.5396003436901804,0.2029520295202952,0.24354243542435422,0.5535055350553506,2023-10-21
2023-11-25,Premier League,Nott'm Forest,Brighton,A,0.2745261102981618,0.23455061837038638,0.49092327133145186,0.2632176298117847,0.26756833443677286,0.4692140357514423,2023-11-25
2023-11-25,Premier League,Sheffield United,Bournemouth,A,0.319342974429568,0.2514336743531446,0.4292233512172874,0.27227348358795944,0.2777189532597186,0.4500075631523218,2023-11-25
2023-11-25,Premier League,Brentford,Arsenal,A,0.3495769682722051,0.2367569499569482,0.41366608177084657,0.1681449330062276,0.2408001509718815,0.591054916021891,2023-11-25
2023-11-25,Premier League,Luton,Crystal Palace,H,0.2900772928381109,0.24637266096963384,0.4635500461922555,0.23617016933931134,0.2845090928882932,0.4793207377723955,2023-11-25
2023-11-25,Premier League,Burnley,West Ham,A,0.28990205319131035,0.24633004974205366,0.46376789706663585,0.2797112525918151,0.28378867609898445,0.4365000713092004,2023-11-25
2023-11-25,Premier League,Newcastle,Chelsea,H,0.438956074014469,0.244286876854618,0.316757049130913,0.37391237978934505,0.2738513204090978,0.352236299801557,2023-11-25
2023-11-25,Premier League,Man City,Liverpool,D,0.5783121318838801,0.20459240371730483,0.21709546439881525,0.5703273696231443,0.2193566806242863,0.21031594975256945,2023-11-25
2023-11-26,Premier League,Tottenham,Aston Villa,A,0.49830418725302433,0.22195161231417154,0.2797442004328041,0.3601992302467738,0.2628480869368349,0.37695268281639116,2023-11-25
2023-11-26,Premier League,Everton,Man United,A,0.3113034456500737,0.2431910204045646,0.4455055339453618,0.3634570076809623,0.2823376175608635,0.3542053747581742,2023-11-25
2023-11-27,Premier League,Fulham,Wolves,H,0.43799973556300753,0.26390405758770485,0.29809620684928756,0.4003011670222111,0.2947672229890827,0.3049316099887063,2023-11-25
2023-12-02,Premier League,Arsenal,Wolves,H,0.6904325362578232,0.1820706167392734,0.1274968470029036,0.777511961722488,0.14832535885167464,0.07416267942583732,2023-11-25
2023-12-02,Premier League,Brentford,Luton,H,0.7361766075638666,0.15143325151967052,0.1123901409164631,0.6293230136181053,0.21877143137062804,0.15190555501126682,2023-11-25
2023-12-02,Premier League,Burnley,Sheffield United,H,0.519321666495995,0.2514003700216231,0.2292779634823818,0.5580503416220061,0.25485763633130987,0.1870920220466841,2023-11-25
2023-12-02,Premier League,Nott'm Forest,Everton,A,0.3893973581536754,0.2570364578648133,0.3535661839815114,0.3384242875768299,0.3084373253864779,0.35313838703669215,2023-11-25
2023-12-02,Premier League,Newcastle,Man United,H,0.4833745896903184,0.2320880924913358,0.2845373178183459,0.4861909577753494,0.2572438930028304,0.2565651492218202,2023-11-25
2023-12-03,Premier League,West Ham,Crystal Palace,D,0.46945186916839027,0.25150437417444715,0.2790437566571626,0.5006762879016691,0.27131620070649104,0.2280075113918399,2023-11-25
2023-12-03,Premier League,Man City,Tottenham,D,0.7162272770267925,0.158872777811367,0.12489994516184025,0.7835389683563425,0.12680959619451332,0.0896514354491443,2023-11-25
2023-12-03,Premier League,Liverpool,Fulham,H,0.7531326854345373,0.1468393172434301,0.1000279973220325,0.7819434033776648,0.13661795257876816,0.08143864404356713,2023-11-25
2023-12-03,Premier League,Chelsea,Brighton,H,0.4893932255238922,0.23259359376414837,0.2780131807119594,0.6058918182943434,0.21784874365639312,0.17625943804926353,2023-11-25
2023-12-03,Premier League,Bournemouth,Aston Villa,D,0.26482400822462077,0.22939677595834798,0.5057792158170311,0.31166462852116456,0.24432001029799832,0.44401536118083723,2023-11-25
2023-12-05,Premier League,Wolves,Burnley,H,0.4860898872073146,0.26465008313650273,0.24926002965618257,0.49840472136350866,0.26627101552297033,0.235324263113521,2023-11-25
2023-12-05,Premier League,Luton,Arsenal,A,0.12906172355915377,0.15836617732397432,0.7125720991168718,0.06228745301592984,0.13316627886164312,0.8045462681224271,2023-11-25
2023-12-06,Premier League,Brighton,Brentford,H,0.4502135246434295,0.23313588134206686,0.31665059401450374,0.5511498343932558,0.23659114842247078,0.21225901718427354,2023-11-25
2023-12-06,Premier League,Crystal Palace,Bournemouth,A,0.5225604629307725,0.24507517978557383,0.23236435728365348,0.41227819763510976,0.28366663160899674,0.30405517075589344,2023-11-25
2023-12-06,Premier League,Fulham,Nott'm Forest,H,0.46126728928691335,0.25150897177791287,0.28722373893517383,0.4720948594700171,0.281073818065964,0.2468313224640191,2023-11-25
2023-12-06,Premier League,Sheffield United,Liverpool,A,0.07834178060439499,0.13058486874146577,0.7910733506541392,0.06891102713844038,0.11350051528684299,0.8175884575747165,2023-11-25
2023-12-06,Premier League,Aston Villa,Man City,H,0.1867949520617992,0.20260329113188938,0.6106017568063112,0.18852276226783762,0.22291837016427912,0.5885588675678833,2023-11-25
2023-12-06,Premier League,Man United,Chelsea,H,0.4044897882075692,0.2464419021035046,0.34906830968892616,0.3400391149578777,0.26939386946801386,0.3905670155741084,2023-11-25
2023-12-07,Premier League,Everton,Newcastle,H,0.2806205263434604,0.23883339607667442,0.4805460775798652,0.29667973330652997,0.2820607319551937,0.4212595347382763,2023-11-25
2023-12-07,Premier League,Tottenham,West Ham,A,0.5620211188474374,0.20593988686466835,0.23203899428789426,0.5812730851149874,0.22061955730500657,0.1981073575800059,2023-11-25
2023-12-09,Premier League,Wolves,Nott'm Forest,D,0.4397473405626189,0.2653803320651735,0.29487232737220775,0.4887502814084992,0.2912015149709322,0.22004820362056865,2023-11-25
2023-12-09,Premier League,Aston Villa,Arsenal,H,0.32873248659709825,0.2343316066293992,0.43693590677350247,0.26666075406178896,0.2515017447869586,0.48183750115125235,2023-11-25
2023-12-09,Premier League,Sheffield United,Brentford,H,0.15946546101877124,0.2030515163587844,0.6374830226224445,0.20615704523440673,0.24833751484758457,0.5455054399180088,2023-11-25
2023-12-09,Premier League,Brighton,Burnley,D,0.6719954866250312,0.18786407459875143,0.14014043877621765,0.6294279397075164,0.2139777101875442,0.15659435010493947,2023-11-25
2023-12-09,Premier League,Crystal Palace,Liverpool,A,0.2044957212910946,0.22306647625147358,0.5724378024574319,0.14602319801159902,0.20660729080364543,0.6473695111847556,2023-11-25
2023-12-09,Premier League,Man United,Bournemouth,A,0.6696862913250891,0.18253200007918605,0.14778170859572481,0.5806728021128784,0.216456156144756,0.20287104174236545,2023-11-25
2023-12-10,Premier League,Everton,Chelsea,H,0.27741924024826553,0.24566276777353024,0.47691799197820406,0.38101811906816224,0.2816220880069025,0.3373597929249353,2023-11-25
2023-12-10,Premier League,Fulham,West Ham,H,0.370907906375168,0.2442792862343264,0.3848128073905056,0.4443334455387489,0.27030284603607224,0.28536370842517883,2023-11-25
2023-12-10,Premier League,Luton,Man City,A,0.05485331068449479,0.09678260601876278,0.8483640832967423,0.060202506475497755,0.12349232097538002,0.8163051725491222,2023-11-25
2023-12-10,Premier League,Tottenham,Newcastle,H,0.4323213168695767,0.22932099884937873,0.3383576842810447,0.47189720667298635,0.24302706143658795,0.28507573189042573,2023-11-25
2023-12-15,Premier League,Nott'm Forest,Tottenham,A,0.2587456818700629,0.22612230051800475,0.5151320176119323,0.1891698691247212,0.2320604122436914,0.5787697186315874,2023-11-25
2023-12-16,Premier League,Chelsea,Sheffield United,H,0.7815364454682949,0.1417421134271137,0.07672144110459149,0.8190142306893926,0.12020358112108002,0.06078218818952725,2023-11-25
2023-12-16,Premier League,Man City,Crystal Palace,D,0.7799981678387492,0.1435222085329361,0.07647962362831481,0.824019473395502,0.1279398656061437,0.04804066099835436,2023-11-25
2023-12-16,Premier League,Newcastle,Fulham,H,0.6319695837728723,0.20082439978751282,0.167206016439615,0.5068295395059842,0.25407642711527145,0.23909403337874438,2023-11-25
2023-12-16,Premier League,Burnley,Everton,A,0.3339175474817408,0.26389807344371713,0.4021843790745422,0.29672754554882935,0.2726236272829581,0.43064882716821257,2023-11-25
2023-12-17,Premier League,Liverpool,Man United,D,0.6148374010018302,0.1945973953725474,0.19056520362562251,0.7275354998035584,0.15862659258012013,0.1138379076163215,2023-11-25
2023-12-17,Premier League,West Ham,Wolves,H,0.5209477174108605,0.23769433849691696,0.24135794409222242,0.5106376120172781,0.26581135968022696,0.22355102830249501,2023-11-25
2023-12-17,Premier League,Arsenal,Brighton,H,0.5601232237582853,0.20938084043898514,0.23049593580272948,0.659294857826571,0.1985990657797253,0.14210607639370373,2023-11-25
2023-12-17,Premier League,Brentford,Aston Villa,A,0.46793750231049325,0.23630028386751167,0.29576221382199513,0.30613499692575313,0.281361066538698,0.4125039365355488,2023-11-25
2023-12-21,Premier League,Crystal Palace,Brighton,D,0.32708703361587377,0.2565067935435216,0.41640617284060477,0.30160455155660676,0.28907498561656964,0.40932046282682344,2023-11-25
2023-12-22,Premier League,Aston Villa,Sheffield United,D,0.7393974949786154,0.1599931705947008,0.10060933442668397,0.790686792714417,0.13214217631665598,0.07717103096892709,2023-11-25
2023-12-23,Premier League,West Ham,Man United,H,0.3669224389438889,0.23621035963239634,0.39686720142371495,0.4631098749433716,0.25000790164038056,0.2868822234162479,2023-11-25
2023-12-23,Premier League,Fulham,Burnley,A,0.5098052628706096,0.24902935467048307,0.24116538245890767,0.5677139761646803,0.24702058504875407,0.18526543878656554,2023-11-25
2023-12-23,Premier League,Luton,Newcastle,H,0.16805589096540532,0.18430068102074315,0.6476434280138514,0.18258534307065216,0.23576554008152176,0.5816491168478262,2023-11-25
2023-12-23,Premier League,Nott'm Forest,Bournemouth,A,0.4731852316356593,0.24274342253271808,0.2840713458316227,0.3312530004800768,0.28228516562650025,0.3864618338934229,2023-11-25
2023-12-23,Premier League,Tottenham,Everton,H,0.6075957318591046,0.20124508159767887,0.19115918654321662,0.5703162092868674,0.2259994302535372,0.2036843604595955,2023-11-25
2023-12-23,Premier League,Liverpool,Arsenal,D,0.5185707713191854,0.21471218058458996,0.2667170480962245,0.38632045598480047,0.265991133628879,0.3476884103863204,2023-11-25
2023-12-24,Premier League,Wolves,Chelsea,H,0.2512672502221345,0.2532586535977559,0.49547409618010957,0.29126917915049516,0.26653124886648044,0.4421995719830244,2023-11-25
2023-12-26,Premier League,Burnley,Liverpool,A,0.14372976970184226,0.18600899847827249,0.6702612318198852,0.12379629262096613,0.17200015877426267,0.7042035486047712,2023-12-26
2023-12-26,Premier League,Newcastle,Nott'm Forest,A,0.6872709704814642,0.17827945728819555,0.13444957223034026,0.6921928150667883,0.1881689206006803,0.11963826433253132,2023-12-26
2023-12-26,Premier League,Bournemouth,Fulham,H,0.4208914251774466,0.23259435674686424,0.3465142180756892,0.5060895487261958,0.2491517778344349,0.24475867343936927,2023-12-26
2023-12-26,Premier League,Sheffield United,Luton,A,0.3293745213483489,0.242799612509714,0.42782586614193724,0.3954643801586666,0.2956967705745653,0.3088388492667682,2023-12-26
2023-12-26,Premier League,Man United,Aston Villa,H,0.4593514831708777,0.2382409262888533,0.3024075905402689,0.41460525296064893,0.25844094017440983,0.32695380686494124,2023-12-26
2023-12-27,Premier League,Chelsea,Crystal Palace,H,0.562405761037923,0.235711225208677,0.20188301375340037,0.5362339859801789,0.2581339134638627,0.20563210055595843,2023-12-26
2023-12-27,Premier League,Brentford,Wolves,A,0.5860146736491063,0.22491536262329184,0.18906996372760193,0.432151028483636,0.2868259038608204,0.2810230676555437,2023-12-26
2023-12-27,Premier League,Everton,Man City,A,0.14981180296845722,0.18743527613544697,0.6627529208960958,0.17670342247632773,0.24480323013093264,0.5784933473927396,2023-12-26
2023-12-28,Premier League,Arsenal,West Ham,A,0.6493255010511951,0.18597174312942333,0.16470275581938135,0.7512264089581772,0.15912677628178137,0.0896468147600415,2023-12-26
2023-12-28,Premier League,Brighton,Tottenham,H,0.43829093929246093,0.2204378263878678,0.34127123431967116,0.3924982265310948,0.24831520454008038,0.3591865689288247,2023-12-26
2023-12-30,Premier League,Luton,Chelsea,A,0.21119232434867052,0.20297366351697363,0.5858340121343558,0.17485024177833383,0.21096061779777234,0.6141891404238939,2023-12-26
2023-12-30,Premier League,Aston Villa,Burnley,H,0.6369011359578792,0.2051000334763284,0.1579988305657924,0.6927032579209355,0.18428520635255077,0.12301153572651373,2023-12-26
2023-12-30,Premier League,Crystal Palace,Brentford,H,0.34184191176797707,0.2668891361208455,0.3912689521111775,0.4524494652187677,0.29748206428756896,0.2500684704936634,2023-12-26
2023-12-30,Premier League,Man City,Sheffield United,H,0.9254322388129599,0.05483292613546467,0.01973483505157531,0.9040358744394619,0.06909417040358744,0.026869955156950672,2023-12-26
2023-12-30,Premier League,Wolves,Everton,H,0.3810532245305565,0.26454589619209007,0.35440087927735336,0.3273753527751646,0.30009407337723426,0.37253057384760113,2023-12-26
2023-12-30,Premier League,Nott'm Forest,Man United,H,0.26283541483639444,0.23659528008585465,0.5005693050777509,0.2939353085037957,0.26582674075070045,0.4402379507455039,2023-12-26
2023-12-31,Premier League,Fulham,Arsenal,H,0.23691652017804102,0.21694796459083054,0.5461355152311285,0.16779282616641478,0.22982050598148757,0.6023866678520978,2023-12-26
2023-12-31,Premier League,Tottenham,Bournemouth,H,0.6614198579640107,0.17470990199568928,0.16387024004029987,0.5415326087937951,0.21118591933352795,0.24728147187267685,2023-12-26
2024-01-01,Premier League,Liverpool,Newcastle,H,0.5886772519335127,0.2014833438490253,0.2098394042174622,0.7041411629686305,0.17047628156082628,0.12538255547054322,2023-12-26
2024-01-02,Premier League,West Ham,Brighton,D,0.3920914661516215,0.23067404199014613,0.37723449185823255,0.3049469457459064,0.2665152758710798,0.4285377783830138,2023-12-26
2024-01-12,Premier League,Burnley,Luton,D,0.47288212771652266,0.23521333347855503,0.29190453880492256,0.4476681264020986,0.28124395260996393,0.2710879209879375,2023-12-26
2024-01-13,Premier League,Newcastle,Man City,A,0.2486857577653069,0.21915053050136432,0.532163711733329,0.19033508092090268,0.2284020971050832,0.5812628219740141,2023-12-26
2024-01-13,Premier League,Chelsea,Fulham,H,0.602490627495806,0.20614682465209677,0.1913625478520975,0.5822402816565855,0.23429910129313192,0.18346061705028258,2023-12-26
2024-01-14,Premier League,Everton,Aston Villa,D,0.3560340291276656,0.24907435319263052,0.3948916176797039,0.38162845418480673,0.26957134575381086,0.34880020006138246,2023-12-26
2024-01-14,Premier League,Man United,Tottenham,D,0.435957451207461,0.22664060409712344,0.3374019446954157,0.4879614007445301,0.24155303171184456,0.27048556754362535,2023-12-26
2024-01-20,Premier League,Arsenal,Crystal Palace,H,0.6500783869888149,0.20139788070776424,0.1485237323034208,0.7651698820243229,0.1580106910846976,0.07681942689097947,2023-12-26
2024-01-20,Premier League,Brentford,Nott'm Forest,H,0.6362371005438748,0.2017144732366858,0.16204842621943927,0.5460893197487,0.2518235723193487,0.20208710793195134,2023-12-26
2024-01-21,Premier League,Sheffield United,West Ham,D,0.19616398615057862,0.2206408418160861,0.5831951720333352,0.34506903695473534,0.290476025138016,0.3644549379072486,2023-12-26
2024-01-21,Premier League,Bournemouth,Liverpool,A,0.17554506227126876,0.18487114639473837,0.6395837913339931,0.21586814567830648,0.21732017356403502,0.5668116807576585,2023-12-26
2024-01-22,Premier League,Brighton,Wolves,D,0.60284462968076,0.21173247897454417,0.18542289134469592,0.5823389338973807,0.22882494579026486,0.1888361203123545,2023-12-26
2024-01-30,Premier League,Aston Villa,Newcastle,A,0.43554790949908695,0.23641946936319513,0.32803262113771803,0.5224631921577533,0.23818174936603462,0.23935505847621216,2024-01-30
2024-01-30,Premier League,Nott'm Forest,Arsenal,A,0.1943569103713573,0.21126449802431968,0.594378591604323,0.10762993220400706,0.18887587324516414,0.7034941945508288,2024-01-30
2024-01-30,Premier League,Fulham,Everton,D,0.43615771859745994,0.25042858361014747,0.3134136977923924,0.43580684019170995,0.29720160661391837,0.2669915531943717,2024-01-30
2024-01-30,Premier League,Luton,Brighton,H,0.23823381752009842,0.2028177886635109,0.5589483938163907,0.22627248640356992,0.24328545530609397,0.530442058290336,2024-01-30
2024-01-30,Premier League,Crystal Palace,Sheffield United,H,0.6161080039514064,0.22522597932757377,0.15866601672102,0.6019840145665507,0.24169433003794183,0.15632165539550752,2024-01-30
2024-01-31,Premier League,Tottenham,Brentford,H,0.512153204847054,0.21871502985169744,0.26913176530124855,0.599518776840374,0.2129869338775013,0.18749428928212472,2024-01-30
2024-01-31,Premier League,Liverpool,Chelsea,H,0.6054285645155111,0.20341931414111306,0.19115212134337584,0.5842262606347641,0.21744744229903776,0.19832629706619803,2024-01-30
2024-01-31,Premier League,Man City,Burnley,H,0.8554289432467355,0.09987110650068613,0.04469995025257848,0.8735282947208508,0.08431447018609951,0.04215723509304976,2024-01-30
2024-02-01,Premier League,West Ham,Bournemouth,D,0.5456307652063797,0.2174195276120528,0.23694970718156746,0.3879650662308163,0.2750825752088556,0.33695235856032824,2024-01-30
2024-02-01,Premier League,Wolves,Man United,A,0.3191748837298708,0.25958506915736873,0.42124004711276025,0.3232564145411457,0.2812143953089158,0.3955291901499384,2024-01-30
2024-02-03,Premier League,Everton,Tottenham,D,0.3248751907501624,0.23512572253787947,0.43999908671195814,0.3136245273858738,0.2599561590631574,0.42641931355096885,2024-01-30
2024-02-03,Premier League,Brighton,Crystal Palace,H,0.5588043392869789,0.2311232614402869,0.2100723992727342,0.559223637951497,0.25472490315068186,0.18605145889782118,2024-01-30
2024-02-03,Premier League,Burnley,Fulham,D,0.35467914421314134,0.26144805584404046,0.38387279994281803,0.327631888495937,0.29666667952223563,0.37570143198182737,2024-01-30
2024-02-03,Premier League,Newcastle,Luton,D,0.7365049856592955,0.14548563151212182,0.11800938282858271,0.6295273466019109,0.2067104720185379,0.16376218137955115,2024-01-30
2024-02-03,Premier League,Sheffield United,Aston Villa,A,0.18219382000970216,0.21864034102808186,0.599165838962216,0.18160747856094359,0.2259534907676856,0.5924390306713707,2024-01-30
2024-02-04,Premier League,Bournemouth,Nott'm Forest,D,0.48133082215150724,0.2356053144455639,0.2830638634029289,0.5843852180063794,0.22198614688571847,0.19362863510790215,2024-01-30
2024-02-04,Premier League,Chelsea,Wolves,A,0.5993769638031596,0.22245996162531312,0.1781630745715272,0.6295535036681003,0.20939792562610676,0.1610485707057931,2024-01-30
2024-02-04,Premier League,Man United,West Ham,H,0.5202024759563068,0.2274850910899251,0.25231243295376804,0.6233341159248159,0.21185211783065644,0.16481376624452762,2024-01-30
2024-02-04,Premier League,Arsenal,Liverpool,H,0.40554611284444636,0.23336419002109304,0.3610896971344608,0.4421817918761529,0.2594133179006764,0.2984048902231707,2024-01-30
2024-02-05,Premier League,Brentford,Man City,A,0.20256321380370715,0.21184394405769308,0.5855928421385996,0.12413177217701925,0.1793014487001389,0.6965667791228418,2024-01-30
2024-02-10,Premier League,Nott'm Forest,Newcastle,A,0.27264572171106677,0.2301762994710542,0.49717797881787906,0.29299508954775166,0.25666060614737085,0.4503443043048775,2024-01-30
2024-02-10,Premier League,Wolves,Brentford,A,0.3341228549438488,0.25976784985401985,0.40610929520213135,0.4285745923241033,0.2748204306711058,0.296604977004791,2024-01-30
2024-02-10,Premier League,Tottenham,Brighton,H,0.48878252945503115,0.21835483617093535,0.29286263437403337,0.5638567932153224,0.2090158802436109,0.22712732654106663,2024-01-30
2024-02-10,Premier League,Fulham,Bournemouth,H,0.4829791818334822,0.2325764058964061,0.28444441227011164,0.3688937769223719,0.2782513060214462,0.3528549170561819,2024-01-30
2024-02-10,Premier League,Liverpool,Burnley,H,0.8073726586625821,0.12510833232362478,0.06751900901379336,0.8330482652445336,0.10424336436716926,0.06270837038829714,2024-01-30
2024-02-10,Premier League,Man City,Everton,H,0.7956055133542937,0.13115583273260306,0.07323865391310326,0.7798813158420581,0.14117559586046016,0.07894308829748178,2024-01-30
2024-02-10,Premier League,Luton,Sheffield United,A,0.5564507387190637,0.21518394109546607,0.22836532018547007,0.5645043445027709,0.23974011667771997,0.19575553881950924,2024-01-30
2024-02-11,Premier League,West Ham,Arsenal,A,0.27904400316821776,0.22955387221335238,0.49140212461843014,0.15559686267398107,0.2210182708437231,0.6233848664822959,2024-01-30
2024-02-11,Premier League,Aston Villa,Man United,A,0.4506839822907493,0.24327126878230204,0.3060447489269488,0.4463803523209464,0.24761047533324762,0.30600917234580605,2024-01-30
2024-02-12,Premier League,Crystal Palace,Chelsea,A,0.3070646799743059,0.2647195437107384,0.42821577631495555,0.19255243931180765,0.24322413386754652,0.5642234268206457,2024-01-30
2024-02-17,Premier League,Nott'm Forest,West Ham,H,0.3474669123607262,0.24547680254679613,0.4070562850924777,0.4248660902807104,0.27484275331718266,0.30029115640210696,2024-01-30
2024-02-17,Premier League,Newcastle,Bournemouth,D,0.6403669447551755,0.18733836599260642,0.17229468925221822,0.48612956585405537,0.2467662770832768,0.26710415706266777,2024-01-30
2024-02-17,Premier League,Tottenham,Wolves,A,0.6148714753274891,0.20480535316358492,0.18032317150892618,0.6410425508140547,0.19320843347888672,0.16574901570705863,2024-01-30
2024-02-17,Premier League,Burnley,Arsenal,A,0.1690842249066564,0.21036269081097622,0.6205530842823673,0.09348093480934809,0.15867158671586717,0.7478474784747847,2024-01-30
2024-02-17,Premier League,Brentford,Liverpool,A,0.2715706382186926,0.225565628935279,0.5028637328460286,0.1995380937588633,0.21747410218662627,0.5829878040545102,2024-01-30
2024-02-17,Premier League,Fulham,Aston Villa,A,0.3368597665068244,0.24684755723022217,0.41629267626295324,0.3136245273858738,0.2599561590631574,0.42641931355096885,2024-01-30
2024-02-17,Premier League,Man City,Chelsea,D,0.681133601669208,0.18134425777867488,0.1375221405521172,0.7417301900242106,0.14722220438359335,0.11104760559219612,2024-01-30
2024-02-18,Premier League,Luton,Man United,A,0.24650101222903434,0.21063527605244214,0.5428637117185235,0.22437190037604227,0.234127200392392,0.5415008992315657,2024-01-30
2024-02-18,Premier League,Sheffield United,Brighton,A,0.1744423374723777,0.2065751633767208,0.6189824991509013,0.19765997777632524,0.2246552062226289,0.5776848160010458,2024-01-30
2024-02-19,Premier League,Everton,Crystal Palace,D,0.4334843676481579,0.26934518402112234,0.29717044833071965,0.5302183697182781,0.27802281277491375,0.19175881750680812,2024-01-30
2024-02-20,Premier League,Man City,Brentford,H,0.7328289409993453,0.15815916812011774,0.10901189088053699,0.8213618501578303,0.11402435096308701,0.06461379887908264,2024-01-30
2024-02-21,Premier League,Liverpool,Luton,H,0.8622359883405222,0.08683633680819085,0.05092767485128733,0.7693704927836822,0.1387753414111981,0.09185416580511965,2024-01-30
2024-02-24,Premier League,Aston Villa,Nott'm Forest,H,0.6173270423822798,0.20786249398440007,0.17481046363332034,0.6035737872425265,0.21546647393801946,0.18095973881945396,2024-01-30
2024-02-24,Premier League,Brighton,Everton,D,0.5707535447957769,0.21884713055944516,0.21039932464477806,0.5192251396861357,0.24395754050579746,0.23681731980806683,2024-01-30
2024-02-24,Premier League,Crystal Palace,Burnley,H,0.5170048623113778,0.26057424408085716,0.22242089360776499,0.49049881235154397,0.2743467933491686,0.2351543942992874,2024-01-30
2024-02-24,Premier League,Man United,Fulham,A,0.5732931516982952,0.21781011537952133,0.2088967329221834,0.5874717743845632,0.22754188444472517,0.18498634117071167,2024-01-30
2024-02-24,Premier League,Bournemouth,Man City,A,0.12051264038292213,0.1627957514398988,0.7166916081771791,0.14381765294931095,0.18668637642458633,0.6694959706261028,2024-01-30
2024-02-24,Premier League,Arsenal,Newcastle,H,0.569815121258537,0.20894740333937165,0.2212374754020914,0.7130758295272375,0.16865793533165965,0.11826623514110282,2024-01-30
2024-02-25,Premier League,Wolves,Sheffield United,H,0.6003244592210963,0.2283944654036323,0.17128107537527115,0.6511484844376363,0.20864757888431784,0.14020393667804595,2024-01-30
2024-02-26,Premier League,West Ham,Brentford,H,0.40957120318090695,0.24096958849155162,0.3494592083275415,0.41770796144234207,0.270349875044627,0.31194216351303106,2024-01-30
2024-03-02,Premier League,Luton,Aston Villa,A,0.2747765323613313,0.2074474117661898,0.517776055872479,0.21332961517010599,0.2156999442275516,0.5709704406023425,2024-03-02
2024-03-02,Premier League,Tottenham,Crystal Palace,H,0.5813530692136173,0.21774892239539484,0.20089800839098773,0.6301878500607632,0.2109759324116468,0.15883621752759003,2024-03-02
2024-03-02,Premier League,Nott'm Forest,Liverpool,A,0.15896958858920116,0.18904572756551036,0.6519846838452884,0.1791855698006759,0.21494322231078863,0.6058712078885354,2024-03-02
2024-03-02,Premier League,Fulham,Brighton,H,0.32774779760086337,0.2396095570757638,0.4326426453233728,0.37119356102206486,0.2827113749644797,0.3460950640134555,2024-03-02
2024-03-02,Premier League,Everton,West Ham,A,0.42892454823633,0.2517749713362252,0.3193004804274446,0.44816379238824217,0.2731784914276645,0.27865771618409324,2024-03-02
2024-03-02,Premier League,Brentford,Chelsea,D,0.3927779658758439,0.24385789841152686,0.36336413571262927,0.29691965703397905,0.26040012702445214,0.4426802159415687,2024-03-02
2024-03-02,Premier League,Newcastle,Wolves,H,0.5855250063782937,0.21542182662044976,0.19905316700125675,0.5611877401217285,0.2268352314043435,0.211977028473928,2024-03-02
2024-03-03,Premier League,Burnley,Bournemouth,A,0.3532475095005613,0.25888244783536035,0.3878700426640783,0.2557840616966581,0.2557840616966581,0.48843187660668386,2024-03-02
2024-03-03,Premier League,Man City,Man United,H,0.7002263276004231,0.17464757165150369,0.12512610074807307,0.7766561640811576,0.1337574504806438,0.08958638543819863,2024-03-02
2024-03-04,Premier League,Sheffield United,Arsenal,A,0.08699686127935168,0.14658163721036144,0.766421501510287,0.05528352073509853,0.12483375649860959,0.8198827227662918,2024-03-02
2024-03-09,Premier League,Man United,Everton,H,0.5444030847319575,0.23243434326581383,0.22316257200222891,0.4980886685110213,0.25969863732526505,0.24221269416371358,2024-03-02
2024-03-09,Premier League,Bournemouth,Sheffield United,D,0.6305370901015235,0.20379986890653812,0.16566304099193838,0.7199966683665789,0.16663135330072812,0.11337197833269282,2024-03-02
2024-03-09,Premier League,Crystal Palace,Luton,D,0.5296396347764136,0.2208592826460222,0.24950108257756434,0.5059044832270875,0.25833420420106595,0.23576131257184657,2024-03-02
2024-03-09,Premier League,Wolves,Fulham,H,0.4285808614228849,0.2575861122107939,0.31383302636632143,0.3802282532203286,0.2829605605360585,0.33681118624361284,2024-03-02
2024-03-09,Premier League,Arsenal,Brentford,H,0.644949983073116,0.19217367662086374,0.16287634030602016,0.7958533997224717,0.12945881968818873,0.07468778058933966,2024-03-02
2024-03-10,Premier League,Liverpool,Man City,D,0.368274715944484,0.2394440085606011,0.39228127549491487,0.2792026356395179,0.2491346594937237,0.47166270486675843,2024-03-02
2024-03-10,Premier League,West Ham,Burnley,D,0.5766060940238199,0.22598625692120128,0.1974076490549789,0.5839171344983,0.23757412825175928,0.17850873724994068,2024-03-02
2024-03-10,Premier League,Brighton,Nott'm Forest,H,0.6180276917142737,0.20338759981436372,0.17858470847136246,0.5956473988587286,0.2211629294167945,0.18318967172447695,2024-03-02
2024-03-10,Premier League,Aston Villa,Tottenham,A,0.43827073408155376,0.22748267592569113,0.3342465899927552,0.38178600113038047,0.25221614064312703,0.3659978582264925,2024-03-02
2024-03-11,Premier League,Chelsea,Newcastle,H,0.47014878324009096,0.22999252429102243,0.2998586924688865,0.5256573016709764,0.2256301642903263,0.24871253403869728,2024-03-02
2024-03-13,Premier League,Bournemouth,Luton,H,0.525448410600479,0.206096785646055,0.26845480375346614,0.6322006748236256,0.19780511911659454,0.16999420605977983,2024-03-02
2024-03-16,Premier League,Burnley,Brentford,H,0.2623477024007554,0.24684371655673185,0.4908085810425128,0.3061877745645599,0.26676085564802754,0.4270513697874126,2024-03-02
2024-03-16,Premier League,Luton,Nott'm Forest,D,0.43483877064603627,0.22227493723284758,0.3428862921211163,0.36446700507614216,0.27106598984771574,0.36446700507614216,2024-03-02
2024-03-16,Premier League,Fulham,Tottenham,H,0.3191307681697089,0.2289966328082213,0.45187259902206983,0.28205348697222465,0.24327113251354374,0.47467538051423175,2024-03-02
2024-03-17,Premier League,West Ham,Aston Villa,D,0.36629979764121867,0.2414037057452992,0.39229649661348204,0.3924012580648798,0.2637276747969924,0.3438710671381279,2024-03-02
2024-03-30,Premier League,Brentford,Man United,D,0.4128982352003039,0.24124989148313541,0.3458518733165607,0.28730625480927774,0.23989364625700782,0.4728000989337144,2024-03-02
2024-03-30,Premier League,Tottenham,Luton,H,0.7146875691001416,0.14747377166210632,0.13783865923775196,0.8088520757469302,0.1149980848433509,0.0761498394097189,2024-03-02
2024-03-30,Premier League,Sheffield United,Fulham,D,0.25297951104820954,0.24109298126059348,0.5059275076911972,0.19826838368440114,0.23475360683213595,0.5669780094834629,2024-03-02
2024-03-30,Premier League,Aston Villa,Wolves,H,0.5613327435305242,0.22911797531692976,0.20954928115254604,0.6342487318523701,0.22004547839776104,0.1457057897498688,2024-03-02
2024-03-30,Premier League,Chelsea,Burnley,D,0.6771987372908489,0.19186879828147144,0.13093246442767967,0.7695300065730457,0.14443130753998604,0.08603868588696843,2024-03-02
2024-03-30,Premier League,Bournemouth,Everton,H,0.4036265365411099,0.2538389478656032,0.3425345155932868,0.44331601668251996,0.25840345357430305,0.298280529743177,2024-03-02
2024-03-30,Premier League,Newcastle,West Ham,H,0.5628622481901758,0.21028071540646492,0.22685703640335905,0.523917031629402,0.23132374904878134,0.24475921932181663,2024-03-02
2024-03-30,Premier League,Nott'm Forest,Crystal Palace,D,0.3905448247870738,0.2696347462597211,0.3398204289532051,0.43145452191124506,0.2855213747942063,0.28302410329454847,2024-03-02
2024-03-31,Premier League,Liverpool,Brighton,H,0.641296187917328,0.1870463620405509,0.17165745004212074,0.7491119250519961,0.14641733080561745,0.1044707441423865,2024-03-02
2024-03-31,Premier League,Man City,Arsenal,D,0.5533906714623998,0.223711377037366,0.2228979515002342,0.4667698356267515,0.27098582123886406,0.26224434313438455,2024-03-02
2024-04-02,Premier League,Newcastle,Everton,D,0.5809947341091999,0.21519762024355565,0.20380764564724413,0.48013767388498496,0.2578517137530475,0.26201061236196754,2024-04-02
2024-04-02,Premier League,Nott'm Forest,Fulham,H,0.38957479451593596,0.2589011254656093,0.35152408001845437,0.3549332065459119,0.27945890400453977,0.36560788944954825,2024-04-02
2024-04-02,Premier League,Bournemouth,Crystal Palace,H,0.42796605161128537,0.2603087333968134,0.31172521499190126,0.5148315447248037,0.25013666311822075,0.2350317921569756,2024-04-02
2024-04-02,Premier League,Burnley,Wolves,D,0.3572185264067623,0.2754697362224436,0.3673117373707937,0.4110320284697509,0.27402135231316727,0.31494661921708184,2024-04-02
2024-04-02,Premier League,West Ham,Tottenham,D,0.3454147110681767,0.2295744108316881,0.42501087810013516,0.2810352429479296,0.22891837864537926,0.4900463784066912,2024-04-02
2024-04-03,Premier League,Arsenal,Luton,H,0.8313739065335793,0.10388275279854961,0.06474334066787107,0.8579509742300441,0.0923318667504714,0.0497171590194846,2024-04-02
2024-04-03,Premier League,Brentford,Brighton,D,0.4223786698013514,0.24119895758902796,0.3364223726096206,0.37842458613068675,0.26792043701263496,0.3536549768566781,2024-04-02
2024-04-03,Premier League,Man City,Aston Villa,H,0.7185760229845634,0.16996870964662933,0.1114552673688075,0.7993841781146377,0.12896731406916154,0.07164850781620084,2024-04-02
2024-04-04,Premier League,Liverpool,Sheffield United,H,0.895181963155501,0.07311782165236785,0.03170021519213119,0.9161780916018339,0.05249452849178077,0.031327379906385296,2024-04-02
2024-04-04,Premier League,Chelsea,Man United,H,0.47461792279958626,0.23843681058192895,0.28694526661848474,0.5347636922026958,0.22069612694079513,0.24454018085650917,2024-04-02
2024-04-06,Premier League,Wolves,West Ham,A,0.39494736208563713,0.25765701903870014,0.34739561887566267,0.33421860449073915,0.28437898803159384,0.3814024074776671,2024-04-02
2024-04-06,Premier League,Brighton,Arsenal,A,0.28523019001538985,0.23983617235543314,0.47493363762917706,0.14789264688661066,0.21058626893636953,0.6415210841770197,2024-04-02
2024-04-06,Premier League,Luton,Bournemouth,H,0.40717553226633557,0.21652410529513053,0.376300362438534,0.25457222718121464,0.2389351124894938,0.5064926603292916,2024-04-02
2024-04-06,Premier League,Aston Villa,Brentford,D,0.4737726911652375,0.23684352043886234,0.2893837883959003,0.5876373820893878,0.2297634313856611,0.18259918652495102,2024-04-02
2024-04-06,Premier League,Everton,Burnley,H,0.5355642315298957,0.24681623125660332,0.21761953721350105,0.5505359697886614,0.2471794150071541,0.20228461520418456,2024-04-02
2024-04-06,Premier League,Fulham,Newcastle,A,0.33655872236839746,0.23327300929057088,0.4301682683410319,0.3936451366724185,0.2627847263732091,0.3435701369543724,2024-04-02
2024-04-06,Premier League,Crystal Palace,Man City,A,0.13884731091942906,0.2121543008678343,0.6489983882127366,0.11027525558372386,0.18138733628724676,0.7083374081290292,2024-04-02
2024-04-07,Premier League,Man United,Liverpool,D,0.27798124540845826,0.23138275293839125,0.4906360016531505,0.19395151212196954,0.19995001249687583,0.6060984753811548,2024-04-02
2024-04-07,Premier League,Sheffield United,Chelsea,D,0.1541340725759191,0.19477950280445996,0.6510864246196213,0.14465753424657532,0.1832876712328767,0.6720547945205478,2024-04-02
2024-04-07,Premier League,Tottenham,Nott'm Forest,H,0.6356228688760762,0.19830255875845448,0.1660745723654693,0.6830699449224235,0.17635624032542568,0.14057381475215092,2024-04-02
2024-04-13,Premier League,Newcastle,Tottenham,H,0.462450500449456,0.2194171018393791,0.31813239771116486,0.36833906900923746,0.2380728128962145,0.39358811809454813,2024-04-02
2024-04-13,Premier League,Brentford,Sheffield United,H,0.7361159081709335,0.15908884581205507,0.10479524601701129,0.6516259817140536,0.19302638424531607,0.15534763404063037,2024-04-02
2024-04-13,Premier League,Burnley,Brighton,D,0.2504973707948751,0.24266202426198596,0.5068406049431389,0.2445265997321766,0.23910605934402493,0.5163673409237984,2024-04-02
2024-04-13,Premier League,Man City,Luton,H,0.8889550669193276,0.07385008821418125,0.037194844866491265,0.8916323731138546,0.07133058984910837,0.03703703703703704,2024-04-02
2024-04-13,Premier League,Nott'm Forest,Wolves,D,0.41132463843391537,0.27345480661020494,0.31522055495587975,0.469180634124327,0.27591020245379455,0.2549091634218784,2024-04-02
2024-04-13,Premier League,Bournemouth,Man United,D,0.32270246008509434,0.23931401694881124,0.4379835229660945,0.4083131006207929,0.23702077548231396,0.3546661238968931,2024-04-02
2024-04-14,Premier League,Arsenal,Aston Villa,A,0.6345801445949534,0.20045452490376994,0.16496533050127682,0.7782289249806651,0.13785769528228922,0.08391337973704563,2024-04-02
2024-04-14,Premier League,Liverpool,Crystal Palace,A,0.7270118682056256,0.16979864907208728,0.10318948272228722,0.8195358733958374,0.11377086242436331,0.06669326417979918,2024-04-02
2024-04-14,Premier League,West Ham,Fulham,A,0.46832111864613873,0.23667597757528464,0.29500290377857646,0.3988299707492688,0.264441611040276,0.3367284182104553,2024-04-02
2024-04-15,Premier League,Chelsea,Everton,H,0.5743371785493651,0.22533470109269524,0.20032812035793968,0.5812628219740141,0.2284020971050832,0.19033508092090268,2024-04-02
2024-04-20,Premier League,Luton,Brentford,A,0.3040101395370979,0.21280803045155525,0.4831818300113468,0.33308040185752874,0.2747442862779616,0.3921753118645097,2024-04-02
2024-04-20,Premier League,Sheffield United,Burnley,A,0.3385116347540133,0.2619609218248984,0.3995274434210884,0.3657001144601297,0.27401755055322397,0.3602823349866463,2024-04-02
2024-04-20,Premier League,Wolves,Arsenal,A,0.18416452614051532,0.2260807234857559,0.5897547503737287,0.08260571564800191,0.14706320588848829,0.7703310784635099,2024-04-02
2024-04-21,Premier League,Everton,Nott'm Forest,H,0.47740585985001993,0.2602467524675559,0.2623473876824242,0.4157106222162235,0.2947766230260494,0.2895127547577271,2024-04-02
2024-04-21,Premier League,Aston Villa,Bournemouth,H,0.5767949852557053,0.21332397809645431,0.20988103664784039,0.5211026550176027,0.23709536858465133,0.24180197639774617,2024-04-02
2024-04-21,Premier League,Crystal Palace,West Ham,H,0.4067603375494842,0.26333719001509465,0.3299024724354211,0.43632692328796185,0.27408705322032534,0.28958602349171275,2024-04-02
2024-04-21,Premier League,Fulham,Liverpool,A,0.19399633797652058,0.20591866492165528,0.6000849971018245,0.2082816761715844,0.21522439871063723,0.5764939251177783,2024-04-02
2024-04-23,Premier League,Arsenal,Chelsea,H,0.5970615470297099,0.21236900086043753,0.19056945210985254,0.6894880493839757,0.18342983955309541,0.12708211106292885,2024-04-02
2024-04-24,Premier League,Man United,Sheffield United,H,0.7629821329502186,0.14753382873494994,0.08948403831483151,0.7335729913056208,0.15370100770213008,0.11272600099224907,2024-04-02
2024-04-24,Premier League,Everton,Liverpool,H,0.19198929897512756,0.21621297565499525,0.5917977253698771,0.12667540484546108,0.1811339901061266,0.6921906050484122,2024-04-02
2024-04-24,Premier League,Wolves,Bournemouth,A,0.4366146944422912,0.25333747539128915,0.31004783016641974,0.3460605671998702,0.26496735526747556,0.3889720775326541,2024-04-02
2024-04-24,Premier League,Crystal Palace,Newcastle,H,0.31393341049540885,0.2526972943177356,0.4333692951868556,0.31495460742908454,0.2637424761398025,0.421302916431113,2024-04-02
2024-04-25,Premier League,Brighton,Man City,A,0.2071673950846391,0.22368987415689706,0.5691427307584639,0.12256027112377724,0.16550874220134024,0.7119309866748825,2024-04-02
2024-04-27,Premier League,West Ham,Liverpool,D,0.2038510905582047,0.20657449782635812,0.5895744116154374,0.18147847851376603,0.19614340607043396,0.6223781154158,2024-04-02
2024-04-27,Premier League,Fulham,Crystal Palace,D,0.45098984997793795,0.26209349088925826,0.2869166591328038,0.46087297632552665,0.2818672405932931,0.25725978308118025,2024-04-02
2024-04-27,Premier League,Man United,Burnley,D,0.6544884752234745,0.19955053924082256,0.14596098553570286,0.6469177188939106,0.18343602615139243,0.16964625495469687,2024-04-02
2024-04-27,Premier League,Newcastle,Sheffield United,H,0.7936630121542573,0.12795232937082407,0.07838465847491842,0.8010738176461215,0.12214594424083174,0.07678023811304678,2024-04-02
2024-04-27,Premier League,Wolves,Luton,H,0.5187237228955294,0.22067476063623503,0.260601516468236,0.5028480208975802,0.2520770598265791,0.24507491927584082,2024-04-02
2024-04-27,Premier League,Everton,Brentford,H,0.3725823302552411,0.25542515055099513,0.3719925191937636,0.3244888023369036,0.2829844206426485,0.3925267770204479,2024-04-02
2024-04-27,Premier League,Aston Villa,Chelsea,D,0.4127467114158761,0.24444478341193282,0.3428085051721912,0.476163580005376,0.23924885760074036,0.28458756239388355,2024-04-02
2024-04-28,Premier League,Tottenham,Arsenal,A,0.3122867998696947,0.23235822462906053,0.45535497550124476,0.22336014879151603,0.23078780219550943,0.5458520490129746,2024-04-02
2024-04-28,Premier League,Bournemouth,Brighton,H,0.3281798456830064,0.238085785244858,0.43373436907213564,0.4952840075455879,0.23279536086075595,0.2719206315936561,2024-04-02
2024-04-28,Premier League,Nott'm Forest,Man City,A,0.11847333394617611,0.1877419885015452,0.6937846775522788,0.08848519715006418,0.15698986591140418,0.7545249369385317,2024-04-02
2024-05-02,Premier League,Chelsea,Tottenham,H,0.47908150038268266,0.22080365105201666,0.30011484856530063,0.3957541376688695,0.24097900462015323,0.3632668577109772,2024-05-02
2024-05-03,Premier League,Luton,Everton,D,0.3571263163173267,0.2346226751361541,0.4082510085465192,0.3503208644554322,0.2632140549151625,0.38646508062940527,2024-05-02
2024-05-04,Premier League,Arsenal,Bournemouth,H,0.7411535245307617,0.1560504881160278,0.1027959873532106,0.7978775670629852,0.13316301464085684,0.06895941829615801,2024-05-02
2024-05-04,Premier League,Brentford,Fulham,D,0.5263387384493686,0.23050603746455015,0.2431552240860811,0.4653643576238416,0.2559503966931128,0.2786852456830455,2024-05-02
2024-05-04,Premier League,Burnley,Newcastle,A,0.24472508314874925,0.22977883229847593,0.525496084552775,0.28828480675812646,0.23076479780876158,0.480950395433112,2024-05-02
2024-05-04,Premier League,Sheffield United,Nott'm Forest,A,0.29145369435516694,0.24800892546647876,0.46053738017835416,0.19114568394980977,0.22740516966394234,0.5814491463862478,2024-05-02
2024-05-04,Premier League,Man City,Wolves,H,0.8071203337463899,0.13080357797808073,0.06207608827552926,0.8870636550308008,0.07227926078028747,0.0406570841889117,2024-05-02
2024-05-05,Premier League,Brighton,Aston Villa,H,0.44144243841109787,0.23971127823820437,0.3188462833506978,0.4041113357406059,0.25296319977528836,0.34292546448410577,2024-05-02
2024-05-05,Premier League,Chelsea,West Ham,H,0.5953023832815234,0.20310907524075542,0.20158854147772146,0.6472201843641351,0.18851073330994228,0.16426908232592263,2024-05-02
2024-05-05,Premier League,Liverpool,Tottenham,H,0.6405846394731081,0.18375856499239768,0.1756567955344941,0.6837359214862566,0.16456017093398037,0.15170390757976315,2024-05-02
2024-05-06,Premier League,Crystal Palace,Man United,H,0.358613506005292,0.25876570682084776,0.3826207871738604,0.48809511752969886,0.2398294528108891,0.272075429659412,2024-05-02
2024-05-11,Premier League,West Ham,Luton,H,0.5960185101435546,0.19131357811309216,0.2126679117433532,0.515741787903156,0.22707132582153003,0.2571868862753139,2024-05-02
2024-05-11,Premier League,Wolves,Crystal Palace,A,0.38024532658469024,0.28348900459304005,0.3362656688222697,0.2938724605336571,0.2679663483103044,0.4381611911560383,2024-05-02
2024-05-11,Premier League,Tottenham,Burnley,H,0.6712954251812133,0.18389813294606194,0.1448064418727248,0.7363420620711247,0.1477194642133497,0.11593847371552565,2024-05-02
2024-05-11,Premier League,Nott'm Forest,Chelsea,A,0.2909861288386084,0.2437167626239565,0.4652971085374352,0.24015303240384123,0.24377342987726594,0.5160735377188929,2024-05-02
2024-05-11,Premier League,Everton,Sheffield United,H,0.640375606960738,0.20314922226715895,0.156475170772103,0.6716547852583853,0.19076585616806208,0.13757935857355258,2024-05-02
2024-05-11,Premier League,Bournemouth,Brentford,A,0.3678234209741213,0.2425255096219992,0.38965106940387945,0.4501835006497493,0.2506176189184172,0.29919888043183346,2024-05-02
2024-05-11,Premier League,Fulham,Man City,A,0.142551352782022,0.1907532811809762,0.6666953660370021,0.08878396160693551,0.13077637588048607,0.7804396625125785,2024-05-02
2024-05-11,Premier League,Newcastle,Brighton,D,0.5160760554173504,0.22194093579269328,0.26198300878995645,0.6060827226282481,0.20035792483578452,0.19355935253596745,2024-05-02
2024-05-12,Premier League,Man United,Arsenal,A,0.2707441545843725,0.23351346306296614,0.49574238235266127,0.09880374393112769,0.13664347564943194,0.7645527804194404,2024-05-02
2024-05-13,Premier League,Aston Villa,Liverpool,D,0.27478414413483315,0.22644804903661447,0.4987678068285523,0.2488679587031335,0.2119181307734106,0.5392139105234559,2024-05-02
2024-05-14,Premier League,Tottenham,Man City,A,0.21664125362158831,0.2110363781440943,0.5723223682343176,0.1465850353791338,0.15235609976413908,0.7010588648567271,2024-05-02
2024-05-15,Premier League,Brighton,Chelsea,A,0.40286009807951945,0.2390937982479127,0.3580461036725679,0.30400733494647003,0.23052688905893462,0.4654657759945953,2024-05-02
2024-05-15,Premier League,Man United,Newcastle,H,0.4280534670769647,0.22889590223636813,0.34305063068666725,0.3564727954971857,0.24953095684803003,0.3939962476547842,2024-05-02
2024-05-19,Premier League,Sheffield United,Tottenham,A,0.1674384421511833,0.18395913139972667,0.6486024264490899,0.12156265152039898,0.15896654429590634,0.7194708041836947,2024-05-02
2024-05-19,Premier League,Man City,West Ham,H,0.8065592666304247,0.1237263061422807,0.0697144272272947,0.901128441916046,0.06423767040973813,0.034633887674215845,2024-05-02
2024-05-19,Premier League,Luton,Fulham,A,0.35331238924534913,0.22428168960067485,0.42240592115397596,0.31254493363235436,0.24361271769338896,0.44384234867425665,2024-05-02
2024-05-19,Premier League,Crystal Palace,Aston Villa,H,0.3614200845125917,0.2619618646570854,0.3766180508303228,0.5959665898765782,0.20935895290922898,0.19467445721419285,2024-05-02
2024-05-19,Premier League,Liverpool,Wolves,H,0.749125290363772,0.1565966581204671,0.09427805151576105,0.850948500203776,0.08995058982509513,0.05910090997112888,2024-05-02
2024-05-19,Premier League,Burnley,Nott'm Forest,A,0.38195633823370156,0.26890187098783636,0.3491417907784621,0.33972755073672506,0.24826244092299143,0.4120100083402836,2024-05-02
2024-05-19,Premier League,Brighton,Man United,A,0.43874057634328845,0.23730700700347226,0.32395241665323943,0.36594778660612937,0.2415437003405221,0.3925085130533485,2024-05-02
2024-05-19,Premier League,Brentford,Newcastle,A,0.40791842072925016,0.2351851376429644,0.35689644162778544,0.32540505253039015,0.24023731038663373,0.43435763708297614,2024-05-02
2024-05-19,Premier League,Arsenal,Everton,H,0.7125543930521471,0.1768816667865469,0.11056394016130625,0.7913053919355194,0.13483136566499074,0.07386324239948994,2024-05-02
2024-05-19,Premier League,Chelsea,Bournemouth,H,0.6051709992726099,0.20156937091468102,0.19325962981270908,0.6924800860809031,0.17342971744423333,0.13409019647486364,2024-05-02
2024-08-16,Premier League,Man United,Fulham,H,0.5428519028770372,0.22373265512594426,0.23341544199701836,0.5873470450403541,0.22910700338453524,0.18354595157511064,2024-08-16
2024-08-17,Premier League,West Ham,Aston Villa,A,0.3810049129582658,0.2365901759017407,0.3824049111399938,0.3828837762792543,0.2770725902419675,0.34004363347877836,2024-08-16
2024-08-17,Premier League,Nott'm Forest,Bournemouth,D,0.43497883635809287,0.24693582351807788,0.3180853401238291,0.4338981305041974,0.27769480352268633,0.2884070659731163,2024-08-16
2024-08-17,Premier League,Newcastle,Southampton,H,0.6789345627521705,0.1802520236000593,0.1408134136477703,0.6832856239744854,0.18306897849882442,0.13364539752669,2024-08-16
2024-08-17,Premier League,Everton,Brighton,A,0.36186311343139943,0.26340994215798735,0.3747269444106134,0.30899926374808856,0.2854392025825451,0.40556153366936626,2024-08-16
2024-08-17,Premier League,Arsenal,Wolves,H,0.7632651657383648,0.15397673095775585,0.08275810330387919,0.8414870179595014,0.10692928957496425,0.05158369246553446,2024-08-16
2024-08-18,Premier League,Brentford,Crystal Palace,H,0.47142511411958515,0.2536626644937109,0.27491222138670385,0.3334468243159589,0.3005138046304321,0.366039371053609,2024-08-16
2024-08-18,Premier League,Chelsea,Man City,A,0.2245509813404884,0.22103491759739968,0.5544141010621119,0.25338245694830513,0.2501422720768434,0.49647527097485156,2024-08-16
2024-08-19,Premier League,Leicester,Tottenham,D,0.37806201403449413,0.2334504137483115,0.3884875722171944,0.20898450179086028,0.22394644071815048,0.5670690574909892,2024-08-16
2024-08-24,Premier League,Aston Villa,Arsenal,A,0.24785819359985578,0.23208674274808064,0.5200550636520633,0.20048712873546176,0.24068380553638352,0.5588290657281548,2024-08-16
2024-08-24,Premier League,Tottenham,Everton,H,0.5765676267963545,0.21737852929682808,0.20605384390681714,0.7075641229986468,0.171265520937835,0.12117035606351827,2024-08-16
2024-08-24,Premier League,Southampton,Nott'm Forest,A,0.392275934902917,0.26323734766933427,0.34448671742774856,0.41538792404136754,0.2734050460498266,0.3112070299088059,2024-08-16
2024-08-24,Premier League,Crystal Palace,West Ham,A,0.482369294024379,0.2459180230756337,0.2717126828999874,0.49357326478149094,0.2532133676092545,0.2532133676092545,2024-08-16
2024-08-24,Premier League,Fulham,Leicester,H,0.4144236832189916,0.24826196955869428,0.3373143472223143,0.5168618759195215,0.2550394558343046,0.2280986682461738,2024-08-16
2024-08-24,Premier League,Brighton,Man United,H,0.4474028259127762,0.23948352794837388,0.31311364613884995,0.4016433853738701,0.25850451930977814,0.3398520953163517,2024-08-16
2024-08-25,Premier League,Bournemouth,Newcastle,D,0.30696626272171956,0.22474444582100359,0.4682892914572768,0.3703809991315184,0.2661480950043424,0.3634709058641392,2024-08-16
2024-08-25,Premier League,Wolves,Chelsea,A,0.26071214930936026,0.24061907424425383,0.4986687764463861,0.24886192192015288,0.24696703418979638,0.5041710438900507,2024-08-16
2024-08-25,Premier League,Liverpool,Brentford,H,0.676063903032981,0.17838225251394285,0.1455538444530762,0.7968004606020728,0.125431814443165,0.0777677249547623,2024-08-16
2024-08-31,Premier League,Arsenal,Brighton,D,0.661620396400527,0.19349580854381157,0.14488379505566135,0.7079571698509343,0.17698929246273357,0.11505353768633216,2024-08-16
2024-08-31,Premier League,Brentford,Southampton,H,0.5915099702750718,0.22003664268202255,0.18845338704290587,0.5337475514201763,0.2484451518119491,0.21780729676787464,2024-08-16
2024-08-31,Premier League,Everton,Bournemouth,A,0.4529051702877156,0.25267973272314065,0.29441509698914387,0.310178271157239,0.28230718012571904,0.40751454871704207,2024-08-16
2024-08-31,Premier League,Leicester,Aston Villa,A,0.41400511374397664,0.24221350647681986,0.3437813797792035,0.24244085316314445,0.2512113233034132,0.5063478235334423,2024-08-16
2024-08-31,Premier League,Nott'm Forest,Wolves,D,0.46583673855704566,0.2594728240769777,0.2746904373659767,0.4863802683290419,0.26290825315083344,0.2507114785201247,2024-08-16
2024-08-31,Premier League,West Ham,Man City,A,0.12982202802623982,0.17584725201700285,0.6943307199567574,0.1261406333870102,0.1850062623009483,0.6888531043120416,2024-08-16
2024-09-01,Premier League,Man United,Liverpool,A,0.27178933078383705,0.22155233452006415,0.5066583346960986,0.2770839443000597,0.23663373345333563,0.4862823222466048,2024-08-16
2024-09-01,Premier League,Newcastle,Tottenham,H,0.4996279052013531,0.2117478771112774,0.2886242176873694,0.38439163561661144,0.2500027861465365,0.3656055782368522,2024-08-16
2024-09-01,Premier League,Chelsea,Crystal Palace,D,0.5510159253209712,0.229963514722349,0.21902055995667946,0.5784025586722567,0.22917837230410165,0.1924190690236418,2024-08-16
2024-09-14,Premier League,Southampton,Man United,A,0.29317973109765855,0.2455527618848561,0.4612675070174853,0.23110113910942354,0.23558853986882983,0.5333103210217466,2024-08-16
2024-09-14,Premier League,Crystal Palace,Leicester,D,0.4407087714055311,0.25865554855128314,0.3006356800431859,0.580391969178492,0.2411081065990253,0.1784999242224828,2024-08-16
2024-09-14,Premier League,Fulham,West Ham,D,0.45620813601773136,0.23793932299898576,0.30585254098328274,0.4119830029394828,0.28512606655049244,0.3028909305100247,2024-08-16
2024-09-14,Premier League,Liverpool,Nott'm Forest,A,0.7573281925594761,0.14742170445802275,0.09525010298250125,0.7900155901832469,0.1355582306643546,0.07442617915239855,2024-08-16
2024-09-14,Premier League,Man City,Brentford,H,0.7569386524930709,0.1510787241278276,0.0919826233791016,0.7968249122271408,0.13391085330483896,0.06926423446802013,2024-08-16
2024-09-14,Premier League,Aston Villa,Everton,H,0.5237730219482521,0.23899219712114825,0.23723478093059958,0.578428036747193,0.24293977543382106,0.17863218781898604,2024-08-16
2024-09-14,Premier League,Bournemouth,Chelsea,A,0.3031905105354212,0.23080130892016842,0.4660081805444105,0.3069427748582718,0.25673050034319833,0.4363267247985299,2024-08-16
2024-09-15,Premier League,Tottenham,Arsenal,A,0.2850992483349273,0.23306587879116258,0.48183487287391025,0.35125578333862717,0.27879040683323697,0.36995380982813586,2024-09-15
2024-09-15,Premier League,Wolves,Newcastle,A,0.2636778083243981,0.23471042817878907,0.5016117634968129,0.26995814846282135,0.2605494194279241,0.46949243210925456,2024-09-15
2024-09-21,Premier League,Tottenham,Brentford,H,0.5089345536865131,0.22242163118878763,0.2686438151246992,0.6545546687981806,0.18994919800417792,0.15549613319764163,2024-09-15
2024-09-21,Premier League,Crystal Palace,Man United,D,0.38243457761462396,0.2571317537693613,0.3604336686160147,0.34743616595898624,0.2740341590662427,0.378529674974771,2024-09-15
2024-09-21,Premier League,Southampton,Ipswich,D,0.5315451165857424,0.28363159042577324,0.18482329298848418,0.40221184789013287,0.27969904364773607,0.31808910846213123,2024-09-15
2024-09-21,Premier League,Liverpool,Bournemouth,H,0.7483756570261124,0.14844716069958375,0.1031771822743037,0.7709770100120185,0.14068923540365302,0.08833375458432842,2024-09-15
2024-09-21,Premier League,Leicester,Everton,D,0.48152670709444206,0.24835620354684632,0.2701170893587118,0.461745195486637,0.2754729859437323,0.26278181856963084,2024-09-15
2024-09-21,Premier League,Fulham,Newcastle,H,0.32353271962187796,0.23625865185669426,0.44020862852142784,0.322679488285396,0.2729669620789624,0.4043535496356414,2024-09-15
2024-09-21,Premier League,Aston Villa,Wolves,H,0.5895160327926211,0.21851161697496224,0.19197235023241666,0.581287879801453,0.2305821280922628,0.18812999210628417,2024-09-15
2024-09-21,Premier League,West Ham,Chelsea,A,0.3072637633829312,0.22784666158082933,0.46488957503623973,0.2704722352193826,0.2464455138166455,0.4830822509639719,2024-09-15
2024-09-22,Premier League,Brighton,Nott'm Forest,D,0.5377867285089722,0.2381337783927566,0.224079493098271,0.5276603405782255,0.25416100174448564,0.21817865767728878,2024-09-15
2024-09-22,Premier League,Man City,Arsenal,D,0.5321060790753785,0.23864113131963172,0.22925278960498943,0.5367194009969447,0.26542680759684967,0.19785379140620568,2024-09-15
2024-09-28,Premier League,Newcastle,Man City,D,0.21185918405775453,0.21217010227669264,0.5759707136655531,0.19771439318300615,0.22903085735147286,0.5732547494655209,2024-09-15
2024-09-28,Premier League,Arsenal,Leicester,H,0.7133897960938137,0.17242750373519478,0.11418270017099165,0.8031857451403888,0.14173866090712742,0.05507559395248379,2024-09-15
2024-09-28,Premier League,Brentford,West Ham,D,0.5346900112781037,0.22211706035437492,0.24319292836752138,0.4299294604276693,0.2729327473501496,0.2971377922221812,2024-09-15
2024-09-28,Premier League,Chelsea,Brighton,H,0.5112426039418689,0.22885689968221726,0.25990049637591406,0.5355908245886276,0.23081414107271808,0.23359503433865442,2024-09-15
2024-09-28,Premier League,Everton,Crystal Palace,H,0.37536729968745547,0.27400821723800234,0.3506244830745421,0.3488977608054157,0.290574553028988,0.3605276861655962,2024-09-15
2024-09-28,Premier League,Nott'm Forest,Fulham,A,0.4193963193233606,0.26018105095970534,0.3204226297169339,0.3673849015656488,0.3080917687180282,0.32452332971632303,2024-09-15
2024-09-28,Premier League,Wolves,Liverpool,A,0.15350011036974429,0.19751265804542512,0.6489872315848306,0.11084094006451424,0.16244252056513683,0.726716539370349,2024-09-15
2024-09-29,Premier League,Man United,Tottenham,A,0.42174342832680606,0.2291833011697185,0.3490732705034755,0.45593290202333364,0.24847757128263945,0.2955895266940267,2024-09-15
2024-09-29,Premier League,Ipswich,Aston Villa,D,0.15774763456090482,0.2457572582470765,0.5964951071920188,0.2668615887804153,0.27057832400019827,0.4625600872193866,2024-09-15
2024-09-30,Premier League,Bournemouth,Southampton,H,0.545808459833189,0.2306037768520814,0.22358776331472943,0.6505598535657596,0.20668106222025198,0.1427590842139885,2024-09-15
2024-10-05,Premier League,Crystal Palace,Liverpool,A,0.21549413488882854,0.2288365128578321,0.5556693522533395,0.18885460730016135,0.23675919061532424,0.5743862020845144,2024-09-15
2024-10-05,Premier League,Arsenal,Southampton,H,0.7962860271724765,0.13590357694769953,0.06781039587982388,0.8306971008498688,0.11780056686868555,0.05150233228144563,2024-09-15
2024-10-05,Premier League,Brentford,Wolves,H,0.5749707054738643,0.22682089796609411,0.19820839656004163,0.4607023974533041,0.2692748084837872,0.2700227940629088,2024-09-15
2024-10-05,Premier League,Leicester,Bournemouth,H,0.4695177363600589,0.23670493472105744,0.2937773289188835,0.2629633172971791,0.2553712005248196,0.4816654821780013,2024-09-15
2024-10-05,Premier League,Man City,Fulham,H,0.7994167327058439,0.13133211792566774,0.06925114936848818,0.7668303097633484,0.1481911334818741,0.08497855675477742,2024-09-15
2024-10-05,Premier League,West Ham,Ipswich,H,0.6472707739872751,0.2234842288880952,0.1292449971246296,0.5065666041275798,0.2532833020637899,0.24015009380863042,2024-09-15
2024-10-05,Premier League,Everton,Newcastle,D,0.29412357816113033,0.23927488175383205,0.46660154008503757,0.26047874196367804,0.25633319169369917,0.48318806634262285,2024-09-15
2024-10-06,Premier League,Aston Villa,Man United,D,0.4507399556067723,0.23349811231050527,0.31576193208272246,0.43607391255446754,0.2532408398428288,0.31068524760270366,2024-09-15
2024-10-06,Premier League,Chelsea,Nott'm Forest,D,0.6077923024456053,0.21009223469501287,0.18211546285938154,0.6397330974606473,0.20689240598727318,0.15337449655207946,2024-09-15
2024-10-06,Premier League,Brighton,Tottenham,H,0.4179613254476503,0.23585564684749905,0.34618302770485077,0.3308448652585579,0.24624908958485062,0.4229060451565914,2024-09-15
2024-10-19,Premier League,Southampton,Leicester,A,0.3410645446423401,0.25790006267682275,0.4010353926808371,0.4364712206931609,0.27809452061307105,0.28543425869376793,2024-10-19
2024-10-19,Premier League,Bournemouth,Arsenal,H,0.1829719646000903,0.2149273024312387,0.6021007329686708,0.18758097645757624,0.26139990519829354,0.5510191183441302,2024-10-19
2024-10-19,Premier League,Newcastle,Brighton,A,0.503400559427061,0.22901810146579327,0.26758133910714565,0.5544300924457531,0.23780702494609512,0.20776288260815162,2024-10-19
2024-10-19,Premier League,Man United,Brentford,H,0.45582792748075335,0.24084969924829613,0.3033223732709507,0.5820329789716806,0.22040704645866357,0.19755997456965577,2024-10-19
2024-10-19,Premier League,Ipswich,Everton,A,0.28773565082825414,0.26302654415488425,0.4492378050168615,0.39860394813796457,0.28355499517686106,0.3178410566851744,2024-10-19
2024-10-19,Premier League,Fulham,Aston Villa,A,0.3922516475020219,0.2513109499241062,0.3564374025738719,0.39231413134464654,0.28119625599269465,0.32648961266265886,2024-10-19
2024-10-19,Premier League,Tottenham,West Ham,H,0.6134177100284697,0.19559938897359747,0.19098290099793278,0.66753221302239,0.17760031355641565,0.15486747342119447,2024-10-19
2024-10-20,Premier League,Wolves,Man City,A,0.10302552969178747,0.17270258824775767,0.7242718820604549,0.11997707079392375,0.17754848571701537,0.702474443489061,2024-10-19
2024-10-20,Premier League,Liverpool,Chelsea,H,0.600615930357787,0.20421690010489785,0.19516716953731517,0.5653131529903428,0.22098605071440672,0.21370079629525046,2024-10-19
2024-10-21,Premier League,Nott'm Forest,Crystal Palace,H,0.39129014596017847,0.2812909767596277,0.32741887728019403,0.40906213735626124,0.29502057179027324,0.2959172908534656,2024-10-19
2024-10-25,Premier League,Leicester,Nott'm Forest,A,0.44495737394962304,0.2572211984902793,0.2978214275600981,0.3173687685454311,0.2865653292454334,0.39606590220913557,2024-10-19
2024-10-26,Premier League,Aston Villa,Bournemouth,D,0.5368539205457492,0.2261750078833658,0.23697107157088518,0.5419599659617461,0.2443597831414422,0.21368025089681178,2024-10-19
2024-10-26,Premier League,Brentford,Ipswich,H,0.7030679395777572,0.175935047678007,0.12099701274423587,0.5788559294768677,0.23376874075027348,0.1873753297728589,2024-10-19
2024-10-26,Premier League,Brighton,Wolves,D,0.5915568467567981,0.2232610006632834,0.18518215257991863,0.6130602954628943,0.21964518522253357,0.1672945193145722,2024-10-19
2024-10-26,Premier League,Man City,Southampton,H,0.8597131500136497,0.09902645615876857,0.04126039382758169,0.8655293527345709,0.09232313095835423,0.04214751630707476,2024-10-19
2024-10-26,Premier League,Everton,Fulham,D,0.3823337118026419,0.2689170180437601,0.3487492701535979,0.35724216897031164,0.28813282080641206,0.35462501022327636,2024-10-19
2024-10-27,Premier League,Arsenal,Liverpool,D,0.4556924950981499,0.24658806541780287,0.2977194394840472,0.4285075250372462,0.2811306594897541,0.29036181547299966,2024-10-19
2024-10-27,Premier League,West Ham,Man United,H,0.3766020303812504,0.24194068888171555,0.38145728073703405,0.2866944112871138,0.2612618425439021,0.45204374616898413,2024-10-19
2024-10-27,Premier League,Chelsea,Newcastle,H,0.4901143385605018,0.22388675439573447,0.2859989070437638,0.533090151120375,0.2407503908285565,0.22615945805106824,2024-10-19
2024-10-27,Premier League,Crystal Palace,Tottenham,H,0.3296607016621573,0.2527462314998051,0.41759306683803765,0.25702959251770474,0.2447284281402831,0.4982419793420123,2024-10-19
2024-11-02,Premier League,Newcastle,Arsenal,H,0.28376290050251396,0.23754237982196114,0.4786947196755249,0.24106473256693736,0.2632766591449208,0.4956586082881417,2024-10-19
2024-11-02,Premier League,Bournemouth,Man City,H,0.13551961213693217,0.1864842185756098,0.6779961692874581,0.15875486381322956,0.21945525291828794,0.6217898832684825,2024-10-19
2024-11-02,Premier League,Ipswich,Leicester,D,0.27416664797899415,0.2441205021188957,0.48171284990211016,0.4114513981358189,0.2743009320905459,0.3142476697736351,2024-10-19
2024-11-02,Premier League,Liverpool,Brighton,H,0.6625266547500037,0.1892580221613092,0.14821532308868718,0.7110411482038408,0.1670148465556517,0.12194400524050739,2024-10-19
2024-11-02,Premier League,Nott'm Forest,West Ham,H,0.42751772946685823,0.2538608167665544,0.3186214537665874,0.4736030494672096,0.2806029628346184,0.245793987698172,2024-10-19
2024-11-02,Premier League,Southampton,Everton,H,0.3518442100803688,0.2745147671248282,0.3736410227948031,0.3580147717791031,0.29419944992119657,0.34778577829970025,2024-10-19
2024-11-02,Premier League,Wolves,Crystal Palace,D,0.34139982998995144,0.27913357383123233,0.37946659617881623,0.3983918295796654,0.29104073777676154,0.310567432643573,2024-10-19
2024-11-03,Premier League,Tottenham,Aston Villa,H,0.522771081979374,0.2203269384046459,0.25690197961597994,0.48854560704408956,0.24064498960835104,0.27080940334755943,2024-10-19
2024-11-03,Premier League,Man United,Chelsea,D,0.3731270731685,0.2401962282567683,0.38667669857473175,0.3577307455073166,0.26658291172052084,0.3756863427721626,2024-10-19
2024-11-04,Premier League,Fulham,Brentford,H,0.40267628440384845,0.2513586998116568,0.3459650157844947,0.48104930268293855,0.2584360615477489,0.2605146357693126,2024-10-19
2024-11-09,Premier League,Brighton,Man City,H,0.1881676284359951,0.2181290532423304,0.5937033183216743,0.23649669131957968,0.23364733359283768,0.5298559750875828,2024-10-19
2024-11-09,Premier League,Liverpool,Aston Villa,H,0.6683261424085363,0.18497102935892532,0.14670282823253833,0.662251655629139,0.19867549668874168,0.1390728476821192,2024-10-19
2024-11-09,Premier League,West Ham,Everton,D,0.4684399407927377,0.24977401456381307,0.28178604464344936,0.4481876778687135,0.2755148048088126,0.276297517322474,2024-10-19
2024-11-09,Premier League,Crystal Palace,Fulham,A,0.4242594492278706,0.26968210393591374,0.3060584468362157,0.2889018586693005,0.29503007991380087,0.41606806141689867,2024-10-19
2024-11-09,Premier League,Wolves,Southampton,H,0.46803172789471653,0.2614705285393171,0.27049774356596623,0.4984338487545369,0.25918560135235913,0.24238054989310395,2024-10-19
2024-11-09,Premier League,Brentford,Bournemouth,H,0.5250007865798905,0.22916251340164703,0.24583670001846245,0.36881601525262153,0.2758284080076263,0.35535557673975215,2024-10-19
2024-11-10,Premier League,Man United,Leicester,H,0.5346272257780157,0.2282887911812076,0.23708398304077669,0.7187060981739704,0.1726429239385872,0.10865097788744235,2024-10-19
2024-11-10,Premier League,Nott'm Forest,Newcastle,A,0.30875820980482693,0.24858294121450353,0.44265884898066954,0.346668108542341,0.29519314697090243,0.35813874448675664,2024-10-19
2024-11-10,Premier League,Tottenham,Ipswich,A,0.779029051541628,0.13656860636510953,0.08440234209326243,0.7658733722496632,0.14360125729681186,0.09052537045352492,2024-10-19
2024-11-10,Premier League,Chelsea,Arsenal,D,0.30708701405461586,0.24336857659207592,0.44954440935330814,0.3240442192538001,0.2901888530631046,0.3857669276830954,2024-10-19
2024-11-23,Premier League,Fulham,Wolves,A,0.5395667218988308,0.23931245501519274,0.22112082308597625,0.6172636631765573,0.2187593569271321,0.16397697989631052,2024-11-23
2024-11-23,Premier League,Everton,Brentford,D,0.35607932098653455,0.2605581069680524,0.383362572045413,0.40910937570532213,0.2847018462510721,0.30618877804360584,2024-11-23
2024-11-23,Premier League,Bournemouth,Brighton,A,0.381082110708278,0.24692848081536758,0.37198940847635414,0.39119804400977987,0.27057864710676444,0.33822330888345553,2024-11-23
2024-11-23,Premier League,Man City,Tottenham,A,0.6889802094012538,0.17464204159543123,0.13637774900331498,0.6723446893787575,0.18336673346693386,0.1442885771543086,2024-11-23
2024-11-23,Premier League,Arsenal,Nott'm Forest,H,0.6962594609995242,0.18712393199028113,0.11661660701019483,0.6882823045027723,0.20218292694768936,0.10953476854953827,2024-11-23
2024-11-23,Premier League,Leicester,Chelsea,A,0.28306856349885584,0.2301443211138392,0.48678711538730485,0.13862463912158643,0.19215296511903068,0.6692223957593828,2024-11-23
2024-11-23,Premier League,Aston Villa,Crystal Palace,D,0.5012983353752007,0.2484469267883416,0.2502547378364578,0.5540072395531865,0.2524772576088741,0.19351550283793942,2024-11-23
2024-11-24,Premier League,Southampton,Liverpool,A,0.12082844656562265,0.18079755162955086,0.6983740018048267,0.09695314978014667,0.16294647021873387,0.7401003800011196,2024-11-23
2024-11-24,Premier League,Ipswich,Man United,D,0.24678108352118486,0.22197832232867587,0.5312405941501391,0.18855625822883165,0.23342902160540455,0.5780147201657637,2024-11-23
2024-11-25,Premier League,Newcastle,West Ham,A,0.6115659361092625,0.19934916548396872,0.1890848984067689,0.6475111492068223,0.20621374178561222,0.1462751090075653,2024-11-23
2024-11-29,Premier League,Brighton,Southampton,D,0.6428401078514318,0.20546024928959908,0.15169964285896909,0.6976893909873033,0.1695090421764927,0.13280156683620392,2024-11-23
2024-11-30,Premier League,Brentford,Leicester,H,0.5469893009089254,0.21947444751787265,0.23353625157320193,0.5963643759692879,0.22295273688760076,0.18068288714311143,2024-11-23
2024-11-30,Premier League,Crystal Palace,Newcastle,D,0.33117119849842613,0.2568610572402623,0.41196774426131144,0.29510810920300073,0.27588010208779107,0.4290117887092081,2024-11-23
2024-11-30,Premier League,Nott'm Forest,Ipswich,H,0.5964090878303103,0.21446593077860437,0.189124981391085,0.5588425899607754,0.24431811721903246,0.19683929282019216,2024-11-23
2024-11-30,Premier League,Wolves,Bournemouth,A,0.35986983839986064,0.2555685788876236,0.38456158271251606,0.35409956468185055,0.27982005829743933,0.3660803770207101,2024-11-23
2024-11-30,Premier League,West Ham,Arsenal,A,0.18783915591795247,0.21379828622513128,0.5983625578569165,0.13222106399682246,0.19846679135719358,0.669312144645984,2024-11-23
2024-12-01,Premier League,Tottenham,Fulham,D,0.5563018128326701,0.21776562947476308,0.2259325576925668,0.49112025520051467,0.2395118485953249,0.2693678962041604,2024-11-23
2024-12-01,Premier League,Chelsea,Aston Villa,H,0.5352763452492458,0.22093935775090456,0.24378429699984985,0.554597408936525,0.2384632593707417,0.2069393316927332,2024-11-23
2024-12-01,Premier League,Man United,Everton,H,0.5389237282621849,0.24179998055825505,0.2192762911795601,0.5991836453337798,0.23849570158248726,0.16232065308373297,2024-11-23
2024-12-01,Premier League,Liverpool,Man City,H,0.386084579688731,0.2483460733344134,0.3655693469768557,0.4716770740410348,0.25841882247992864,0.2699041034790366,2024-11-23
2024-12-03,Premier League,Leicester,West Ham,H,0.4425579848650069,0.23728077412501106,0.3201612410099823,0.32055389300548015,0.27842395278190274,0.40102215421261705,2024-11-23
2024-12-03,Premier League,Ipswich,Crystal Palace,A,0.2999456839863619,0.2521112520249014,0.44794306398873657,0.2902991604147663,0.2868738015898133,0.42282703799542054,2024-11-23
2024-12-04,Premier League,Everton,Wolves,H,0.46590026430281306,0.26749231637220644,0.2666074193249805,0.4545325093270299,0.2894939196309059,0.2559735710420642,2024-11-23
2024-12-04,Premier League,Man City,Nott'm Forest,H,0.7615098986784752,0.15368418066728226,0.08480592065424267,0.7388101812491066,0.16459886691094042,0.09659095183995306,2024-11-23
2024-12-04,Premier League,Newcastle,Liverpool,D,0.2979702968165227,0.23202655480221251,0.47000314838126506,0.264,0.25976470588235295,0.4762352941176471,2024-11-23
2024-12-04,Premier League,Southampton,Chelsea,A,0.2055476725085057,0.2239372510989385,0.5705150763925558,0.10702148002991489,0.1631403065329963,0.7298382134370888,2024-11-23
2024-12-04,Premier League,Arsenal,Man United,H,0.6495395966965299,0.19901369989302736,0.15144670341044258,0.6555012718536762,0.1983930229741188,0.14610570517220495,2024-11-23
2024-12-04,Premier League,Aston Villa,Brentford,H,0.4742649116711711,0.2328195444317128,0.29291554389711627,0.5783091513333873,0.22968306719623893,0.1920077814703737,2024-11-23
2024-12-05,Premier League,Fulham,Brighton,H,0.3930475556776907,0.2533430493197231,0.35360939500258615,0.37022427589315904,0.26777865434464104,0.3619970697621999,2024-11-23
2024-12-05,Premier League,Bournemouth,Tottenham,H,0.34516081853379293,0.23294190276062515,0.4218972787055821,0.43880871968068774,0.24427387166103776,0.3169174086582745,2024-11-23
2024-12-07,Premier League,Crystal Palace,Man City,D,0.16282649806247568,0.22012914859256716,0.6170443533449569,0.20722537624881965,0.2405660927244961,0.5522085310266843,2024-11-23
2024-12-07,Premier League,Man United,Nott'm Forest,A,0.511330518441132,0.24338240277128934,0.2452870787875784,0.5741529150979909,0.24379859962703632,0.18204848527497272,2024-11-23
2024-12-07,Premier League,Aston Villa,Southampton,H,0.6396256051492242,0.20382470577915585,0.15654968907161998,0.729450282261462,0.16755939126213204,0.102990326476406,2024-11-23
2024-12-07,Premier League,Brentford,Newcastle,H,0.3867637399180017,0.23538705227154913,0.37784920781044895,0.3222039814239655,0.26017540745999346,0.4176206111160411,2024-11-23
2024-12-08,Premier League,Fulham,Arsenal,D,0.2219291000746354,0.23715221788746177,0.5409186820379026,0.1765791632485644,0.2312346185397867,0.5921862182116489,2024-11-23
2024-12-08,Premier League,Ipswich,Bournemouth,A,0.29959275529719315,0.23131951869267744,0.4690877260101294,0.24774340315424678,0.2542288325561904,0.4980277642895628,2024-11-23
2024-12-08,Premier League,Leicester,Brighton,D,0.33981192587897835,0.24494893474113372,0.415239139379888,0.19491041880634483,0.22731941116056148,0.5777701700330937,2024-11-23
2024-12-08,Premier League,Tottenham,Chelsea,A,0.4410094082900662,0.22771143201666477,0.33127915969326893,0.3314708682919818,0.23688040099890412,0.4316487307091141,2024-11-23
2024-12-09,Premier League,West Ham,Wolves,H,0.5030572562972196,0.2397713724622887,0.257171371240492,0.5340122199592667,0.24358452138492873,0.2224032586558045,2024-11-23
2024-12-14,Premier League,Wolves,Ipswich,A,0.5218578269721827,0.23240607646201067,0.24573609656580658,0.4861800742259655,0.26640004067176193,0.24741988510227253,2024-11-23
2024-12-14,Premier League,Newcastle,Leicester,H,0.6225593315524057,0.19712949262252183,0.18031117582507236,0.7457010330013254,0.15293391614812557,0.10136505085054899,2024-11-23
2024-12-14,Premier League,Nott'm Forest,Aston Villa,H,0.3745474712105411,0.25671709754910293,0.36873543124035596,0.3566528006191351,0.2968482151494631,0.34649898423140174,2024-11-23
2024-12-14,Premier League,Arsenal,Everton,D,0.7168152471261259,0.18067841143441332,0.10250634143946082,0.7761194029850745,0.14925373134328357,0.07462686567164178,2024-11-23
2024-12-14,Premier League,Liverpool,Fulham,D,0.702921798782671,0.17489118969721748,0.12218701152011163,0.7437509538001289,0.15651529044081017,0.09973375575906096,2024-11-23
2024-12-15,Premier League,Chelsea,Brentford,H,0.5554185951902105,0.21480364943432106,0.22977775537546857,0.7301808066759388,0.15299026425591097,0.11682892906815022,2024-11-23
2024-12-15,Premier League,Southampton,Tottenham,A,0.220924483354888,0.223728945570898,0.5553465710742139,0.24057195367618228,0.21646117880885887,0.5429668675149589,2024-11-23
2024-12-15,Premier League,Brighton,Crystal Palace,A,0.5063369499719726,0.25129435877980905,0.24236869124821842,0.505429979772589,0.2601677107676597,0.23440230945975138,2024-11-23
2024-12-15,Premier League,Man City,Man United,A,0.7203443350943907,0.1675313953829066,0.11212426952270262,0.6354114713216958,0.19840399002493764,0.1661845386533666,2024-11-23
2024-12-16,Premier League,Bournemouth,West Ham,D,0.4871838619079588,0.23228189610766284,0.28053424198437843,0.5453431958319392,0.23503895607284547,0.21961784809521534,2024-11-23
2024-12-21,Premier League,Crystal Palace,Arsenal,A,0.20747610870544436,0.246928361645867,0.5455955296486886,0.12784058683404542,0.21121488259537943,0.660944530570575,2024-11-23
2024-12-21,Premier League,West Ham,Brighton,D,0.35264931765331414,0.24386440873269935,0.4034862736139864,0.34362480797614386,0.26425494743817585,0.3921202445856803,2024-11-23
2024-12-21,Premier League,Ipswich,Newcastle,A,0.20362801508009898,0.20130821717685785,0.5950637677430429,0.21079856999988505,0.22869656179232808,0.5605048682077869,2024-11-23
2024-12-21,Premier League,Brentford,Nott'm Forest,A,0.49898263960652967,0.24185604457188098,0.25916131582158936,0.3844189209611607,0.2657322049267039,0.34984887411213544,2024-11-23
2024-12-21,Premier League,Aston Villa,Man City,H,0.20196866433900898,0.21658440895346093,0.5814469267075302,0.3029749153731987,0.26285121036431564,0.43417387426248566,2024-11-23
2024-12-22,Premier League,Everton,Chelsea,D,0.27765899423590784,0.2509454376307596,0.4713955681333326,0.19292076691691734,0.23516619032938096,0.5719130427537017,2024-11-23
2024-12-22,Premier League,Fulham,Southampton,D,0.5875340816828752,0.22713631033145512,0.18532960798566953,0.5915292201181023,0.2394624312767257,0.16900834860517205,2024-11-23
2024-12-22,Premier League,Leicester,Wolves,A,0.4884722187052367,0.24406012386771514,0.26746765742704803,0.31902953411452345,0.27721939574054033,0.4037510701449363,2024-11-23
2024-12-22,Premier League,Man United,Bournemouth,A,0.5139546345016234,0.2309467422406207,0.2550986232577558,0.5162383326940289,0.2554021224907301,0.228359544815241,2024-11-23
2024-12-22,Premier League,Tottenham,Liverpool,A,0.2978463326861369,0.22757609351728725,0.4745775737965757,0.19815242494226326,0.2133949191685912,0.5884526558891455,2024-11-23
2024-12-26,Premier League,Wolves,Man United,H,0.29728917168421315,0.25629999588924135,0.4464108324265456,0.21863186972957255,0.24207618493748184,0.5392919453329457,2024-12-26
2024-12-26,Premier League,Southampton,West Ham,A,0.3068627782028779,0.25305182743401405,0.4400853943631081,0.3115115851415962,0.2677454946671571,0.4207429201912468,2024-12-26
2024-12-26,Premier League,Nott'm Forest,Tottenham,H,0.334139686941207,0.24822523807421548,0.4176350749845776,0.4500798722044728,0.24800319488817893,0.3019169329073482,2024-12-26
2024-12-26,Premier League,Liverpool,Leicester,H,0.8003881295765802,0.12551375483012397,0.07409811559329586,0.8854651201702664,0.07878832497841554,0.03574655485131816,2024-12-26
2024-12-26,Premier League,Chelsea,Fulham,A,0.5824695800537955,0.21891519719015354,0.1986152227560511,0.6629653105461261,0.19593711607233685,0.14109757338153703,2024-12-26
2024-12-26,Premier League,Bournemouth,Crystal Palace,D,0.4491431666221727,0.2584101716699605,0.2924466617078668,0.4565087239137873,0.2656731098186795,0.27781816626753336,2024-12-26
2024-12-26,Premier League,Man City,Everton,D,0.7333354854919345,0.17279206908059228,0.09387244542747336,0.7151112395261485,0.17682750650101128,0.10806125397284022,2024-12-26
2024-12-26,Premier League,Newcastle,Aston Villa,H,0.5026559272221247,0.22949407376355133,0.2678499990143239,0.4999983393504203,0.25064516236170936,0.24935649828787024,2024-12-26
2024-12-27,Premier League,Brighton,Brentford,D,0.46189335818113336,0.2424390659340074,0.29566757588485937,0.596260218945315,0.2112835123654051,0.1924562686892799,2024-12-26
2024-12-27,Premier League,Arsenal,Ipswich,H,0.8590744757831644,0.09903145641674206,0.04189406780009326,0.8545202598449185,0.10439004255402788,0.04108969760105353,2024-12-26
2024-12-29,Premier League,West Ham,Liverpool,A,0.16954583656555816,0.1936913349070278,0.6367628285274142,0.12524061104967849,0.1764754064790924,0.698283982471229,2024-12-26
2024-12-29,Premier League,Tottenham,Wolves,D,0.65307013885132,0.19049147050738996,0.1564383906412901,0.5789428001041576,0.2096172207273674,0.21143997916847496,2024-12-26
2024-12-29,Premier League,Fulham,Bournemouth,D,0.4230648242726157,0.254853653072186,0.3220815226551982,0.4283807319264746,0.2778355032780278,0.29378376479549767,2024-12-26
2024-12-29,Premier League,Crystal Palace,Southampton,H,0.5883934985009406,0.2364757071525735,0.17513079434648593,0.6322042249320038,0.2173645986844867,0.15043117638350947,2024-12-26
2024-12-29,Premier League,Leicester,Man City,A,0.1341999479735988,0.18029057598138562,0.6855094760450153,0.09374320932580177,0.14966789650926293,0.7565888941649355,2024-12-26
2024-12-29,Premier League,Everton,Nott'm Forest,A,0.37484579831264936,0.29273448938504887,0.33241971230230183,0.35892859230622337,0.3168392459771549,0.3242321617166218,2024-12-26
2024-12-30,Premier League,Aston Villa,Brighton,D,0.45104106921427045,0.24644906718307902,0.3025098636026503,0.5219762004742224,0.24958245061235315,0.22844134891342444,2024-12-26
2024-12-30,Premier League,Ipswich,Chelsea,H,0.14650686379484607,0.18516803345327656,0.6683251027518774,0.12783177117559577,0.18278974855601288,0.6893784802683914,2024-12-26
2024-12-30,Premier League,Man United,Newcastle,A,0.3894863913211705,0.2438431193161961,0.36667048936263336,0.35673956628949366,0.2685456179568133,0.374714815753693,2024-12-26
2025-01-01,Premier League,Brentford,Arsenal,A,0.21561438335676558,0.2296825785850815,0.5547030380581529,0.16182572614107885,0.2157676348547718,0.6224066390041494,2024-12-26
2025-01-04,Premier League,Southampton,Brentford,A,0.2489886031613304,0.24180705718168927,0.5092043396569803,0.28288076238590043,0.2666054308513692,0.45051380676273023,2024-12-26
2025-01-04,Premier League,Brighton,Arsenal,D,0.22925789711704722,0.24253535764754192,0.5282067452354106,0.19690610099761,0.2637899668256025,0.5393039321767874,2024-12-26
2025-01-04,Premier League,Man City,West Ham,H,0.7664566809117022,0.14434637726295177,0.08919694182534618,0.77470859026512,0.13482497565387447,0.09046643408100567,2024-12-26
2025-01-04,Premier League,Bournemouth,Everton,H,0.4914907644043767,0.2582374122018096,0.2502718233938136,0.5703662600163173,0.2442374413168109,0.18539629866687177,2024-12-26
2025-01-04,Premier League,Aston Villa,Leicester,H,0.5947028211399789,0.210624973649596,0.19467220521042536,0.7160458721424445,0.16862943210384457,0.11532469575371102,2024-12-26
2025-01-04,Premier League,Tottenham,Newcastle,A,0.45373471123792064,0.223460524340407,0.3228047644216723,0.2493561964053928,0.2073537667336955,0.5432900368609116,2024-12-26
2025-01-04,Premier League,Crystal Palace,Chelsea,D,0.30292050572512025,0.25354377637120523,0.4435357179036744,0.26710415706266777,0.2467662770832768,0.48612956585405537,2024-12-26
2025-01-05,Premier League,Fulham,Ipswich,D,0.6411888044777354,0.20590869181486104,0.15290250370740324,0.6108332446525487,0.2312440140470363,0.15792274130041503,2024-12-26
2025-01-05,Premier League,Liverpool,Man United,D,0.6717998277373364,0.1847832747717376,0.14341689749092607,0.7121952317701884,0.17451991264999214,0.11328485557981945,2024-12-26
2025-01-06,Premier League,Wolves,Nott'm Forest,A,0.34352311251814266,0.27722584581058535,0.3792510416712721,0.24226019631676246,0.2744246856582535,0.48331511802498384,2024-12-26
2025-01-14,Premier League,Brentford,Man City,D,0.2101685108435521,0.21759554955331034,0.5722359396031377,0.1863602881730476,0.21404574118323427,0.5995939706437182,2024-12-26
2025-01-14,Premier League,Chelsea,Bournemouth,D,0.5816936818436239,0.21076917717557148,0.2075371409808046,0.6287190262746195,0.20171402092977378,0.16956695279560666,2024-12-26
2025-01-14,Premier League,West Ham,Fulham,H,0.3947866786932193,0.25437460685297386,0.3508387144538069,0.30244959173471087,0.29511748041993,0.4024329278453591,2024-12-26
2025-01-14,Premier League,Nott'm Forest,Liverpool,D,0.19474055889262568,0.22658826031993876,0.5786711807874356,0.17111274871039056,0.22682387619749447,0.6020633750921149,2024-12-26
2025-01-15,Premier League,Newcastle,Wolves,H,0.6461812685130648,0.19865585429596405,0.15516287719097113,0.7067736322621376,0.17931108818502378,0.11391527955283864,2024-12-26
2025-01-15,Premier League,Everton,Aston Villa,A,0.3286461062906421,0.27150721484960355,0.3998466788597542,0.27436170014360584,0.311177008150096,0.41446129170629814,2024-12-26
2025-01-15,Premier League,Leicester,Crystal Palace,A,0.35136635936082516,0.2623092214766217,0.3863244191625529,0.2388229675618089,0.2677712060541494,0.49340582638404173,2024-12-26
2025-01-15,Premier League,Arsenal,Tottenham,H,0.6321829816556014,0.19778177420704593,0.17003524413735263,0.7011459348878837,0.1808563346065943,0.11799773050552188,2024-12-26
2025-01-16,Premier League,Man United,Southampton,H,0.6559975367269277,0.20153200306769473,0.14247046020537746,0.752588072993192,0.15915387117397012,0.08825805583283797,2024-12-26
2025-01-16,Premier League,Ipswich,Brighton,A,0.2133378320197909,0.2280001221549277,0.5586620458252815,0.24687294272547727,0.2593811718235681,0.49374588545095455,2024-12-26
2025-01-18,Premier League,Newcastle,Bournemouth,A,0.5439077992760741,0.22067045615078418,0.23542174457314177,0.5848572260301163,0.22843835181411598,0.18670442215576785,2024-12-26
2025-01-18,Premier League,Brentford,Liverpool,A,0.22031674835091858,0.21460751293238278,0.5650757387166986,0.1535079133844477,0.19434101834471076,0.6521510682708415,2024-12-26
2025-01-18,Premier League,Leicester,Fulham,A,0.3506892522647142,0.2552788205346852,0.39403192720060054,0.20850823254781928,0.2558214462657942,0.5356703211863867,2024-12-26
2025-01-18,Premier League,West Ham,Crystal Palace,A,0.39454351392235143,0.26109944381342226,0.3443570422642264,0.3405259504897046,0.29334464409655275,0.3661294054137425,2024-12-26
2025-01-18,Premier League,Arsenal,Aston Villa,D,0.6560351018221185,0.19860342323911345,0.1453614749387679,0.6179337004995168,0.22302434707683713,0.15904195242364613,2024-12-26
2025-01-19,Premier League,Everton,Tottenham,H,0.29438483750971345,0.25113410552697213,0.4544810569633144,0.3805768286976272,0.27757170412134635,0.3418514671810265,2024-12-26
2025-01-19,Premier League,Man United,Brighton,A,0.44340283691918125,0.2502743800998355,0.3063227829809831,0.41696881798404645,0.2828136330674402,0.30021754894851344,2024-12-26
2025-01-19,Premier League,Nott'm Forest,Southampton,H,0.5793309989930688,0.23996800813790703,0.18070099286902416,0.7069893552623555,0.18807289644843245,0.10493774828921204,2024-12-26
2025-01-19,Premier League,Ipswich,Man City,A,0.07834492353292426,0.1383333908670607,0.7833216856000148,0.11428788108600031,0.17662672531472778,0.709085393599272,2024-12-26
2025-01-20,Premier League,Chelsea,Wolves,H,0.6805865624438884,0.18512008878339478,0.13429334877271676,0.6729246776747343,0.18457362587649853,0.14250169644876726,2024-12-26
2025-01-25,Premier League,Wolves,Arsenal,A,0.13312608320018424,0.203902992257882,0.662970924541934,0.16360867127182085,0.2337829929257584,0.6026083358024208,2025-01-25
2025-01-25,Premier League,Man City,Chelsea,H,0.6003099597605757,0.20621347564423234,0.1934765645951922,0.407665351478759,0.2504679151758956,0.3418667333453453,2025-01-25
2025-01-25,Premier League,Southampton,Newcastle,A,0.16152510896007855,0.20016679879711813,0.6383080922428033,0.1466943866943867,0.19268191268191268,0.6606237006237007,2025-01-25
2025-01-25,Premier League,Brighton,Everton,A,0.5156064743560406,0.2601534865652633,0.22424003907869616,0.5578558039898246,0.26305395635292544,0.17909023965724996,2025-01-25
2025-01-25,Premier League,Bournemouth,Nott'm Forest,H,0.4484069158403949,0.2591344481134126,0.2924586360461928,0.49306014540647713,0.2604097818902842,0.24653007270323857,2025-01-25
2025-01-25,Premier League,Liverpool,Ipswich,H,0.8680324207555202,0.09140342322588543,0.04056415601859448,0.8812949640287769,0.07913669064748201,0.039568345323741004,2025-01-25
2025-01-26,Premier League,Crystal Palace,Brentford,A,0.40000249605482835,0.2612808632562385,0.33871664068893315,0.49226118990108897,0.2551985642381961,0.25254024586071494,2025-01-25
2025-01-26,Premier League,Tottenham,Leicester,A,0.6471780681361049,0.1867173282236491,0.16610460364024618,0.6422073193265437,0.19202634696694673,0.16576633370650956,2025-01-25
2025-01-26,Premier League,Aston Villa,West Ham,D,0.5533451357102372,0.22166632094112323,0.22498854334863957,0.660919540229885,0.19827586206896547,0.14080459770114942,2025-01-25
2025-01-26,Premier League,Fulham,Man United,A,0.404779422787201,0.25726221552818346,0.3379583616846155,0.40516413356686826,0.2739137804395729,0.320922085993559,2025-01-25
2025-02-01,Premier League,Nott'm Forest,Brighton,H,0.3778685832316737,0.27141713794696903,0.35071427882135736,0.3629877660105521,0.2819731051908057,0.35503912879864225,2025-01-25
2025-02-01,Premier League,Bournemouth,Liverpool,A,0.21226617232524683,0.21585346534698244,0.5718803623277707,0.2081945786213559,0.22774336534636583,0.5640620560322782,2025-01-25
2025-02-01,Premier League,Everton,Leicester,H,0.4571655323090306,0.2672021448436079,0.27563232284736144,0.49517270269739555,0.2905803884092501,0.21424690889335435,2025-01-25
2025-02-01,Premier League,Ipswich,Southampton,A,0.42275316271633306,0.2613901126197812,0.3158567246638857,0.5085768608072989,0.2590351477711842,0.23238799142151698,2025-01-25
2025-02-01,Premier League,Newcastle,Fulham,A,0.5369433943478181,0.23036403845926434,0.23269256719291742,0.5482938351218857,0.25405237910097844,0.19765378577713594,2025-01-25
2025-02-01,Premier League,Wolves,Aston Villa,H,0.2840439336696625,0.25167615378255975,0.4642799125477776,0.2932410856838744,0.2797587369167997,0.42700017739932594,2025-01-25
2025-02-02,Premier League,Man United,Crystal Palace,A,0.44471976664541996,0.26415067489690885,0.2911295584576712,0.544852031354246,0.26000981657119515,0.19513815207455892,2025-01-25
2025-02-02,Premier League,Arsenal,Man City,H,0.41992977829733663,0.2585530997062387,0.3215171219964249,0.5089926601761946,0.23313572684329298,0.2578716129805124,2025-01-25
2025-02-02,Premier League,Brentford,Tottenham,A,0.3959955680392519,0.2284058664470079,0.37559856551374016,0.49280819062546893,0.2306014573710627,0.2765903520034683,2025-01-25
2025-02-03,Premier League,Chelsea,West Ham,H,0.6409034700229562,0.19111633246858736,0.16798019750845625,0.7499318491594729,0.14769650159018627,0.10237164925034076,2025-01-25
2025-02-12,Premier League,Everton,Liverpool,D,0.15343719765368244,0.2147456628827167,0.631817139463601,0.12274154644336228,0.2085286487962499,0.6687298047603878,2025-01-25
2025-02-14,Premier League,Brighton,Chelsea,H,0.36064236896971547,0.2467962547777959,0.3925613762524887,0.3299869052815364,0.257529463116543,0.4124836316019206,2025-01-25
2025-02-15,Premier League,Leicester,Arsenal,A,0.1308463999670238,0.19214602335845476,0.6770075766745216,0.09550781783577536,0.1756167302596232,0.7288754519046015,2025-01-25
2025-02-15,Premier League,Aston Villa,Ipswich,D,0.685010512483188,0.18590934885884813,0.12908013865796392,0.6743501501862967,0.19460204734835013,0.13104780246535322,2025-01-25
2025-02-15,Premier League,Fulham,Nott'm Forest,H,0.4201109278884882,0.2708838591566506,0.30900521295486116,0.4584621514794668,0.2737858482074563,0.26775200031307705,2025-01-25
2025-02-15,Premier League,Man City,Newcastle,H,0.6137598750856427,0.20307029114468264,0.1831698337696747,0.46538211568604965,0.23898000535229572,0.2956378789616546,2025-01-25
2025-02-15,Premier League,Southampton,Bournemouth,A,0.21655103674256973,0.23022933793870312,0.5532196253187274,0.15373154313915946,0.20283577299363004,0.6434326838672106,2025-01-25
2025-02-15,Premier League,West Ham,Brentford,A,0.3452668165975209,0.23813102698335298,0.4166021564191262,0.4055128831655246,0.26232639342244174,0.33216072341203373,2025-01-25
2025-02-15,Premier League,Crystal Palace,Everton,A,0.46232877618027235,0.2845219852719773,0.2531492385477503,0.48617188144968215,0.2991826962767275,0.21464542227359035,2025-01-25
2025-02-16,Premier League,Tottenham,Man United,H,0.49749706803981,0.22540352662943947,0.2770994053307505,0.43999812567358604,0.2493322712150321,0.3106696031113818,2025-01-25
2025-02-16,Premier League,Liverpool,Wolves,H,0.7939949652748574,0.13370493317494894,0.07230010155019376,0.7875814008117243,0.13644015816879168,0.07597844101948399,2025-01-25
2025-02-19,Premier League,Aston Villa,Liverpool,D,0.22573743462665302,0.22109928035362544,0.5531632850197215,0.24423749742745418,0.24000565960074086,0.5157568429718048,2025-01-25
2025-02-21,Premier League,Leicester,Brentford,A,0.3019659751355913,0.23822381282427935,0.45981021204012934,0.2598543998051447,0.25177602468166876,0.48836957551318655,2025-01-25
2025-02-22,Premier League,Everton,Man United,D,0.3304753733261418,0.2757919397133909,0.39373268696046704,0.36408532100451824,0.30860565304192494,0.32730902595355676,2025-01-25
2025-02-22,Premier League,Arsenal,West Ham,A,0.7482677443043505,0.1579334216879503,0.09379883400769899,0.7558665185307613,0.16753742421042647,0.07659605725881241,2025-01-25
2025-02-22,Premier League,Bournemouth,Wolves,A,0.565809057606611,0.22896821467485204,0.20522272771853683,0.5850383007897478,0.23068018510949675,0.18428151410075547,2025-01-25
2025-02-22,Premier League,Fulham,Crystal Palace,A,0.4176350802858619,0.27352310490517456,0.3088418148089636,0.46323138508553585,0.27873521738671214,0.2580333975277521,2025-01-25
2025-02-22,Premier League,Ipswich,Tottenham,A,0.17764839695089876,0.19924117560706256,0.6231104274420387,0.28434268833087145,0.2525849335302806,0.46307237813884783,2025-01-25
2025-02-22,Premier League,Southampton,Brighton,A,0.20398520149675717,0.23238601099317943,0.5636287875100633,0.16649853857892968,0.21522981816300668,0.6182716432580637,2025-01-25
2025-02-22,Premier League,Aston Villa,Chelsea,H,0.36245695740305445,0.24109000673880948,0.3964530358581361,0.36314736574385137,0.26959416625859334,0.3672584679975554,2025-01-25
2025-02-23,Premier League,Newcastle,Nott'm Forest,H,0.5311818417481243,0.238692672873935,0.23012548537794056,0.5066758717711576,0.2507262045877893,0.242597923641053,2025-01-25
2025-02-23,Premier League,Man City,Liverpool,A,0.43840255057073446,0.24026324839290983,0.3213342010363558,0.30273008187059985,0.25344844063585104,0.44382147749354917,2025-01-25
2025-02-25,Premier League,Wolves,Fulham,A,0.3313957234841634,0.26429748982520335,0.40430678669063314,0.4020314124997153,0.2939323317973749,0.3040362557029097,2025-02-25
2025-02-25,Premier League,Chelsea,Southampton,H,0.7732198809914314,0.13855886630637987,0.0882212527021887,0.8218410484699437,0.117548174205398,0.06061077732465834,2025-02-25
2025-02-25,Premier League,Brighton,Bournemouth,H,0.4467447608035654,0.24024056207038663,0.3130146771260481,0.48391605537814864,0.2481304263546119,0.2679535182672393,2025-02-25
2025-02-25,Premier League,Crystal Palace,Aston Villa,H,0.3988539828875745,0.2597329573443968,0.34141305976802877,0.4281269768457034,0.2737600668844357,0.29811295626986095,2025-02-25
2025-02-26,Premier League,Brentford,Everton,D,0.5001849186492683,0.2477814194698043,0.2520336618809274,0.47942293715116363,0.2644642832654516,0.25611277958338474,2025-02-25
2025-02-26,Premier League,Man United,Ipswich,H,0.661851003047319,0.19328405446553076,0.14486494248715032,0.639037001131039,0.21489739861043788,0.1460656002585232,2025-02-25
2025-02-26,Premier League,Nott'm Forest,Arsenal,D,0.20171507379269635,0.2338579908495946,0.5644269353577089,0.22240714123609953,0.2817157122323928,0.49587714653150766,2025-02-25
2025-02-26,Premier League,Tottenham,Man City,A,0.2586585023220529,0.2143270262704311,0.5270144714075159,0.24475921932181663,0.23132374904878134,0.523917031629402,2025-02-25
2025-02-26,Premier League,Liverpool,Newcastle,H,0.6306470765029404,0.18973799923961818,0.17961492425744147,0.7073497077487656,0.1715166547992582,0.12113363745197611,2025-02-25
2025-02-27,Premier League,West Ham,Leicester,H,0.5090386877665234,0.23005977777972564,0.2609015344537511,0.5426242385617525,0.2562789939381364,0.20109676750011116,2025-02-25
2025-03-08,Premier League,Brentford,Aston Villa,A,0.4420687315783456,0.23658220048490833,0.3213490679367461,0.45193425557558364,0.24536834583017803,0.3026973985942383,2025-02-25
2025-03-08,Premier League,Nott'm Forest,Man City,H,0.20189614498596078,0.21675529202238356,0.5813485629916554,0.24839784416160182,0.25096526373949946,0.5006368920988985,2025-02-25
2025-03-08,Premier League,Brighton,Fulham,H,0.46272953187674926,0.24899886950778194,0.2882715986154688,0.483396027301663,0.2736974689792514,0.24290650371908562,2025-02-25
2025-03-08,Premier League,Crystal Palace,Ipswich,H,0.6344338165547896,0.2127707916826135,0.15279539176259685,0.6178109907472688,0.23039507255895775,0.15179393669377342,2025-02-25
2025-03-08,Premier League,Liverpool,Southampton,H,0.8807674620811846,0.08201770316828642,0.03721483475052883,0.8777981651376147,0.08472660550458716,0.03747522935779817,2025-02-25
2025-03-08,Premier League,Wolves,Everton,D,0.36474388727548296,0.2791012150831976,0.3561548976413192,0.3378378378378379,0.32432432432432434,0.3378378378378379,2025-02-25
2025-03-09,Premier League,Tottenham,Bournemouth,D,0.4966540829002365,0.21949652350985058,0.28384939358991296,0.34032092055476165,0.25412998245081414,0.40554909699442426,2025-02-25
2025-03-09,Premier League,Chelsea,Leicester,H,0.6855819037864175,0.17433277050145676,0.1400853257121257,0.7834494650900901,0.141821509009009,0.0747290259009009,2025-02-25
2025-03-09,Premier League,Man United,Arsenal,D,0.2118771040424516,0.23376123930779827,0.5543616566497503,0.1925073989871092,0.261333969055081,0.5461586319578098,2025-02-25
2025-03-10,Premier League,West Ham,Newcastle,A,0.28808498392255244,0.22510993895954373,0.4868050771179037,0.2871948486405527,0.274250855462387,0.4385542958970602,2025-02-25
2025-03-15,Premier League,Bournemouth,Brentford,A,0.4283739956486374,0.23607293400122678,0.3355530703501358,0.5518748237947562,0.2232872850296025,0.22483789117564135,2025-02-25
2025-03-15,Premier League,Southampton,Wolves,A,0.2948423508411673,0.2546797331201651,0.45047791603866755,0.24538017839924522,0.2840114601297386,0.47060836147101626,2025-02-25
2025-03-15,Premier League,Man City,Brighton,D,0.6605795742022692,0.18828574819669014,0.15113467760104085,0.5307213318609119,0.243413543184328,0.2258651249547602,2025-02-25
2025-03-15,Premier League,Everton,West Ham,D,0.43744920259799813,0.2603163950209723,0.3022344023810294,0.4584422742626171,0.2936246590443348,0.24793306669304804,2025-02-25
2025-03-15,Premier League,Ipswich,Nott'm Forest,A,0.23099187065232404,0.23671039923144518,0.5322977301162306,0.24333711706690409,0.27120533438462213,0.48545754854847367,2025-02-25
2025-03-16,Premier League,Arsenal,Chelsea,H,0.5936177886491666,0.21404235735736712,0.19233985399346623,0.5606853296619244,0.2593544439345265,0.17996022640354903,2025-02-25
2025-03-16,Premier League,Fulham,Tottenham,H,0.36534304823244934,0.2390501244399468,0.39560682732760405,0.5250306016760302,0.2369040519757698,0.23806534634820004,2025-02-25
2025-03-16,Premier League,Leicester,Man United,A,0.29110412036121736,0.2402795344659742,0.4686163451728087,0.2134234580791706,0.2547672693301094,0.5318092725907201,2025-02-25
2025-04-01,Premier League,Arsenal,Fulham,H,0.6596988271356401,0.20323815273290832,0.13706302013145155,0.6452249797626805,0.22657900452131335,0.12819601571600622,2025-04-01
2025-04-01,Premier League,Wolves,West Ham,H,0.3914571920668201,0.2534397865229392,0.35510302141024075,0.40694564752786844,0.29562312996705337,0.29743122250507814,2025-04-01
2025-04-01,Premier League,Nott'm Forest,Man United,H,0.4212997504033204,0.2499632897604447,0.3287369598362349,0.41392992285738933,0.28113737535111705,0.30493270179149373,2025-04-01
2025-04-02,Premier League,Southampton,Crystal Palace,D,0.20402836761045504,0.23014364816893507,0.5658279842206101,0.16965858600623504,0.23497508764059669,0.5953663263531682,2025-04-01
2025-04-02,Premier League,Newcastle,Brentford,H,0.5096969337485274,0.22019677918025796,0.2701062870712143,0.5685876657783706,0.22531445963245453,0.20609787458917483,2025-04-01
2025-04-02,Premier League,Liverpool,Everton,H,0.7155885602342963,0.17455172099229294,0.10985971877341072,0.647109125179908,0.22010514461901634,0.13278573020107554,2025-04-01
2025-04-02,Premier League,Brighton,Aston Villa,A,0.45918340043368033,0.23638947574145108,0.3044271238248686,0.40895224069009045,0.2780875236692615,0.312960235640648,2025-04-01
2025-04-02,Premier League,Bournemouth,Ipswich,A,0.6842042074664936,0.17769886635329954,0.1380969261802072,0.6918359002317024,0.17936486302303395,0.12879923674526372,2025-04-01
2025-04-02,Premier League,Man City,Leicester,H,0.8140050587167448,0.11982284112384815,0.06617210015940722,0.8071748878923767,0.1210762331838565,0.07174887892376682,2025-04-01
2025-04-03,Premier League,Chelsea,Tottenham,H,0.49628522600498287,0.21535685646230757,0.28835791753270956,0.5813293897630889,0.217672663879901,0.20099794635701002,2025-04-01
2025-04-05,Premier League,Everton,Arsenal,D,0.17815592914669637,0.2426699675078946,0.5791741033454092,0.23208761056121616,0.304842347414262,0.4630700420245218,2025-04-01
2025-04-05,Premier League,Crystal Palace,Brighton,H,0.3989234492712436,0.2562485592239666,0.3448279915047898,0.3771368915568315,0.28618034712253687,0.3366827613206316,2025-04-01
2025-04-05,Premier League,Ipswich,Wolves,A,0.3179459704095399,0.25388320577549095,0.4281708238149691,0.3416332927041616,0.2977537872192234,0.360612920076615,2025-04-01
2025-04-05,Premier League,West Ham,Bournemouth,D,0.3505119470193813,0.23791266419520649,0.41157538878541244,0.32020444978953694,0.27420324714371613,0.4055923030667468,2025-04-01
2025-04-05,Premier League,Aston Villa,Nott'm Forest,H,0.44777494885410324,0.24437377933181087,0.3078512718140861,0.4523617604384975,0.2819066043312376,0.2657316352302649,2025-04-01
2025-04-06,Premier League,Brentford,Chelsea,D,0.3651483826185282,0.2330774361553734,0.4017741812260985,0.3310868554807563,0.26668365893518453,0.4022294855840593,2025-04-01
2025-04-06,Premier League,Fulham,Liverpool,H,0.20110840870851762,0.21617325669088044,0.5827183346006021,0.2262550469626237,0.27341807083652275,0.5003268822008535,2025-04-01
2025-04-06,Premier League,Tottenham,Southampton,H,0.7569750297105281,0.14290054723474718,0.10012442305472456,0.7057229849512286,0.17142561868496156,0.12285139636380982,2025-04-01
2025-04-06,Premier League,Man United,Man City,D,0.2205280065746671,0.21781109755178285,0.5616608958735503,0.2795412873207491,0.2594143146336552,0.4610443980455957,2025-04-01
2025-04-07,Premier League,Leicester,Newcastle,A,0.21588051016087043,0.21252397222988478,0.5715955176092448,0.13030990874137213,0.20016676703571595,0.6695233242229119,2025-04-01
2025-04-12,Premier League,Southampton,Aston Villa,A,0.19737168766907628,0.2112428538593136,0.5913854584716103,0.15589514760103035,0.20931611412810758,0.6347887382708621,2025-04-01
2025-04-12,Premier League,Nott'm Forest,Everton,A,0.46100446270012424,0.2653508594341445,0.273644677865731,0.4887039357568546,0.2877280568509292,0.2235680073922163,2025-04-01
2025-04-12,Premier League,Arsenal,Brentford,D,0.6530056054168368,0.19795038204269072,0.1490440125404724,0.5994145327751746,0.22902159035277897,0.17156387687204647,2025-04-01
2025-04-12,Premier League,Man City,Crystal Palace,H,0.6580776739362687,0.1954063174935409,0.1465160085701904,0.5929631439520588,0.2235539209382475,0.18348293510969368,2025-04-01
2025-04-12,Premier League,Brighton,Leicester,D,0.6303813483488921,0.20086468290483384,0.16875396874627419,0.7491587824722639,0.16242266040154962,0.08841855712618668,2025-04-01
2025-04-13,Premier League,Chelsea,Ipswich,D,0.7610322362341857,0.1439116819111778,0.09505608185463657,0.7994951386765532,0.13020041962296494,0.07030444170048179,2025-04-01
2025-04-13,Premier League,Liverpool,West Ham,H,0.7664784904038265,0.14113648511504398,0.09238502448112931,0.7528872694647508,0.15746661845014395,0.08964611208510521,2025-04-01
2025-04-13,Premier League,Wolves,Tottenham,H,0.27831687054885496,0.23031423984982505,0.4913688896013202,0.42453154896946327,0.267817423454565,0.3076510275759718,2025-04-01
2025-04-13,Premier League,Newcastle,Man United,H,0.5200428059790817,0.22214564230999878,0.2578115517109197,0.5989237940050778,0.22304748190533935,0.17802872408958276,2025-04-01
2025-04-14,Premier League,Bournemouth,Fulham,H,0.45382510315199276,0.24298912066334427,0.3031857761846632,0.43434135813571084,0.282007142673621,0.2836514991906683,2025-04-01
2025-04-16,Premier League,Newcastle,Crystal Palace,H,0.5070265840571256,0.23469414207423966,0.2582792738686347,0.5741637831603229,0.24175317185697806,0.18408304498269892,2025-04-01
2025-04-19,Premier League,Brentford,Brighton,H,0.4226113167677432,0.23833552953872592,0.33905315369353084,0.36020894844424256,0.2657279127867363,0.37406313876902114,2025-04-01
2025-04-19,Premier League,Crystal Palace,Bournemouth,D,0.42243489869847395,0.25026975937008644,0.3272953419314396,0.37594637494147604,0.27505681104475227,0.3489968140137717,2025-04-01
2025-04-19,Premier League,Everton,Man City,A,0.18154174996727723,0.22341256407310356,0.5950456859596193,0.23545284172861874,0.2607024762303473,0.5038446820410339,2025-04-01
2025-04-19,Premier League,West Ham,Southampton,D,0.616274988098563,0.2047739745179844,0.1789510373834524,0.5903967361456182,0.22517456913460787,0.18442869471977405,2025-04-01
2025-04-19,Premier League,Aston Villa,Newcastle,H,0.37321641777812287,0.23304426721825708,0.3937393150036199,0.3788467799076965,0.2646737777437331,0.35647944234857043,2025-04-01
2025-04-20,Premier League,Leicester,Liverpool,A,0.10724893065900697,0.15689561345852018,0.7358554558824729,0.07179965906323565,0.13369591687636984,0.7945044240603946,2025-04-01
2025-04-20,Premier League,Man United,Wolves,A,0.5437231431548897,0.23241106217325957,0.22386579467185083,0.37433155080213903,0.27807486631016043,0.3475935828877006,2025-04-01
2025-04-20,Premier League,Fulham,Chelsea,A,0.33397436333377695,0.243922273287044,0.42210336337917914,0.3090031904131974,0.2696288226597152,0.4213679869270874,2025-04-01
2025-04-20,Premier League,Ipswich,Arsenal,A,0.08590492696783876,0.15351565848205084,0.7605794145501102,0.10835438128124049,0.1853648706592869,0.7062807480594726,2025-04-01
2025-04-21,Premier League,Tottenham,Nott'm Forest,A,0.4995922344967967,0.22616220832051537,0.27424555718268784,0.4064429228869682,0.2747783140644292,0.31877876304860253,2025-04-01
2025-04-22,Premier League,Man City,Aston Villa,H,0.6735023402774252,0.18054819634599015,0.14594946337658457,0.5120939743532574,0.240911204683429,0.24699482096331354,2025-04-01
2025-04-23,Premier League,Arsenal,Crystal Palace,D,0.6402414305030032,0.21392229553168032,0.1458362739653164,0.6932380428807037,0.20010995052226496,0.10665200659703132,2025-04-01
2025-04-26,Premier League,Chelsea,Everton,H,0.5700206927273904,0.22768193385933633,0.20229737341327328,0.674350171652771,0.196174595389897,0.12947523295733204,2025-04-01
2025-04-26,Premier League,Brighton,West Ham,H,0.5484299068216938,0.22162602478523794,0.22994406839306833,0.5408781387000733,0.24204296706828282,0.21707889423164378,2025-04-01
2025-04-26,Premier League,Newcastle,Ipswich,H,0.7515191428117088,0.14747286968176615,0.10100798750652484,0.8302171122397722,0.11427694368476864,0.05550594407545905,2025-04-01
2025-04-26,Premier League,Southampton,Fulham,A,0.21393691932422917,0.22922391543972143,0.5568391652360495,0.19012060135470016,0.23499091359656368,0.5748884850487362,2025-04-01
2025-04-26,Premier League,Wolves,Leicester,H,0.47202843241772713,0.24968554934206588,0.278286018240207,0.6232153740270153,0.21658830263270712,0.16019632334027756,2025-04-01
2025-04-27,Premier League,Bournemouth,Man United,D,0.44605312345934917,0.23669418138422485,0.317252695156426,0.4911410775836005,0.24744512305738647,0.2614137993590131,2025-04-01
2025-04-27,Premier League,Liverpool,Tottenham,H,0.6671927689658124,0.17456391211144953,0.1582433189227382,0.8076134537596278,0.12190391754862305,0.07048262869174933,2025-04-01
2025-05-01,Premier League,Nott'm Forest,Brentford,A,0.38811933953611144,0.2499960574092085,0.36188460305467995,0.4200298467553398,0.2734266315443348,0.30654352170032556,2025-05-01
2025-05-02,Premier League,Man City,Wolves,H,0.7498087170485433,0.15459731536350513,0.09559396758795136,0.7278495777539308,0.17286427471655857,0.09928614752951055,2025-05-01
2025-05-03,Premier League,Arsenal,Bournemouth,A,0.6514324766728669,0.19939214885169376,0.1491753744754394,0.5764304013663535,0.2391118701964133,0.1844577284372331,2025-05-01
2025-05-03,Premier League,Leicester,Southampton,H,0.5042805510280325,0.2406832751121627,0.25503617385980437,0.39673176203118676,0.2692500878050991,0.334018150163714,2025-05-01
2025-05-03,Premier League,Aston Villa,Fulham,H,0.47653973141145545,0.24194079816271763,0.2815194704258268,0.5163670718006332,0.2568174854458176,0.22681544275354917,2025-05-01
2025-05-03,Premier League,Everton,Ipswich,D,0.597711858028607,0.22808841759799317,0.17419972437339962,0.6161748546446648,0.22497547018421482,0.15884967517112047,2025-05-01
2025-05-04,Premier League,Brentford,Man United,H,0.4575606975939301,0.24046858373738536,0.3019707186686848,0.5838237766941314,0.2219606524297965,0.19421557087607197,2025-05-01
2025-05-04,Premier League,Brighton,Newcastle,D,0.36477174692362546,0.22965788783374472,0.40557036524262974,0.3105954270091585,0.2592436497436443,0.4301609232471974,2025-05-01
2025-05-04,Premier League,West Ham,Tottenham,D,0.3235043616599624,0.22689355762317037,0.4496020807168675,0.5244545125615493,0.24563059449085217,0.22991489294759865,2025-05-01
2025-05-04,Premier League,Chelsea,Liverpool,H,0.2827394205731072,0.22801988692477398,0.4892406925021188,0.41621657370869247,0.2536319746037345,0.330151451687573,2025-05-01
2025-05-05,Premier League,Crystal Palace,Nott'm Forest,D,0.42694325810680467,0.26131081444609716,0.31174592744709806,0.4441624365482234,0.2779187817258883,0.2779187817258883,2025-05-01
2025-05-10,Premier League,Fulham,Everton,A,0.4447643262712497,0.2740912569095949,0.2811444168191554,0.546358641314446,0.2578812787004185,0.1957600799851355,2025-05-01
2025-05-10,Premier League,Ipswich,Brentford,A,0.19492211656530303,0.20760780920930247,0.5974700742253946,0.16556094662837906,0.1994256857114566,0.6350133676601645,2025-05-01
2025-05-10,Premier League,Southampton,Man City,D,0.07109399378892522,0.12737143931132716,0.8015345668997478,0.0645993078645586,0.12112370224604738,0.8142769898893941,2025-05-01
2025-05-10,Premier League,Wolves,Brighton,A,0.32391324260191795,0.24790535026426663,0.42818140713381553,0.3158861585154815,0.28699981363648464,0.39711402784803385,2025-05-01
2025-05-10,Premier League,Bournemouth,Aston Villa,A,0.4031190384353928,0.23956626409183537,0.35731469747277184,0.3715330575999026,0.27190408126026394,0.3565628611398333,2025-05-01
2025-05-11,Premier League,Liverpool,Arsenal,D,0.4392917979418984,0.25008258520680277,0.3106256168512988,0.43396226415094336,0.2641509433962264,0.3018867924528302,2025-05-01
2025-05-11,Premier League,Tottenham,Crystal Palace,A,0.488188876512448,0.23028063290595402,0.2815304905815979,0.31038028231077686,0.2597567603296074,0.4298629573596158,2025-05-01
2025-05-11,Premier League,Newcastle,Chelsea,H,0.4465599760935316,0.22710364213605114,0.3263363817704174,0.4250524744795745,0.2609571492113205,0.313990376309105,2025-05-01
2025-05-11,Premier League,Man United,West Ham,A,0.5098045899969159,0.23543594331427345,0.25475946668881044,0.4786933596738965,0.2627610289514323,0.2585456113746713,2025-05-01
2025-05-11,Premier League,Nott'm Forest,Leicester,D,0.5895807070370342,0.22175500101617288,0.18866429194679293,0.692736817415574,0.18553066978952748,0.12173251279489856,2025-05-01
2025-05-16,Premier League,Aston Villa,Tottenham,H,0.44595600095106824,0.22416754279515308,0.3298764562537787,0.7724719101123596,0.13904494382022473,0.08848314606741574,2025-05-01
2025-05-16,Premier League,Chelsea,Man United,H,0.5238885503243705,0.22928948319645023,0.24682196647917948,0.6237450088859141,0.20703025826851618,0.16922473284556974,2025-05-01
2025-05-18,Premier League,Arsenal,Newcastle,H,0.5803992166273347,0.21587119200327426,0.20372959136939095,0.5001724252271371,0.2560249353405398,0.24380263943232305,2025-05-01
2025-05-18,Premier League,Everton,Southampton,H,0.6109540104953131,0.2268279146678088,0.16221807483687836,0.6770266257547264,0.19558546966247647,0.12738790458279717,2025-05-01
2025-05-18,Premier League,West Ham,Nott'm Forest,A,0.3682548770401575,0.25415243237654955,0.37759269058329265,0.31881371640407785,0.28266913809082483,0.3985171455050973,2025-05-01
2025-05-18,Premier League,Brentford,Fulham,A,0.4636631671502248,0.243507286803421,0.29282954604635414,0.4700054690684121,0.2567048340294493,0.2732896969021385,2025-05-01
2025-05-18,Premier League,Leicester,Ipswich,H,0.48722955752222596,0.23973585661241403,0.27303458586536006,0.4288117678468892,0.25819700610409513,0.3129912260490156,2025-05-01
2025-05-19,Premier League,Brighton,Liverpool,H,0.2206415335998437,0.21212346843210697,0.5672349979680492,0.4418224625606072,0.2436113828654977,0.31456615457389514,2025-05-01
2025-05-20,Premier League,Man City,Bournemouth,H,0.6755076171798027,0.18096039905955416,0.1435319837606431,0.723800443085897,0.1672228609888107,0.10897669592529236,2025-05-01
2025-05-20,Premier League,Crystal Palace,Wolves,H,0.5012319254035683,0.24963752010018214,0.24913055449624957,0.4023507204621963,0.2974433240226666,0.30020595551513723,2025-05-01
2025-05-25,Premier League,Wolves,Brentford,D,0.31581833979793866,0.24697295743943956,0.43720870276262175,0.3242498401569769,0.25464647132746876,0.4211036885155544,2025-05-01
2025-05-25,Premier League,Tottenham,Brighton,A,0.4717402246534839,0.2212848670160887,0.3069749083304272,0.2539268891740991,0.2395418683588177,0.5065312424670833,2025-05-01
2025-05-25,Premier League,Nott'm Forest,Chelsea,A,0.32734622211605435,0.24814715000469822,0.4245066278792474,0.27814755788881595,0.25155463891753377,0.47029780319365017,2025-05-01
2025-05-25,Premier League,Southampton,Arsenal,A,0.0774242159413506,0.1463239451415831,0.7762518389170662,0.08211813560190333,0.14728527990983578,0.7705965844882608,2025-05-01
2025-05-25,Premier League,Newcastle,Everton,A,0.5624539546215476,0.2294220286255958,0.20812401675285672,0.7516890862289656,0.15543813091649045,0.092872782854544,2025-05-01
2025-05-25,Premier League,Fulham,Man City,A,0.21134712139690057,0.22398599586422027,0.5646668827388791,0.15288586822551675,0.21143078494207135,0.6356833468324119,2025-05-01
2025-05-25,Premier League,Liverpool,Crystal Palace,D,0.6865568561936513,0.18156817464203026,0.13187496916431857,0.7033564928075156,0.1607006556414522,0.1359428515510324,2025-05-01
2025-05-25,Premier League,Ipswich,West Ham,A,0.2770437268452581,0.23630213494479296,0.4866541382099488,0.29634605739556374,0.26777274607643226,0.4358811965280041,2025-05-01
2025-05-25,Premier League,Bournemouth,Leicester,H,0.6254349876040826,0.20271460175354347,0.17185041064237414,0.7219928799469741,0.17062971060475227,0.10737740944827363,2025-05-01
2025-05-25,Premier League,Man United,Aston Villa,H,0.39529909413571857,0.2456849508080282,0.35901595505625333,0.20112539928662615,0.22183625276007735,0.5770383479532964,2025-05-01
2025-08-15,Premier League,Liverpool,Bournemouth,H,0.6656908958268637,0.1800383659560037,0.1542707382171324,0.7523015213895712,0.1481632003958087,0.09953527821462019,2025-08-15
2025-08-16,Premier League,Tottenham,Burnley,H,0.6284688122162836,0.1958104182321667,0.17572076955154972,0.6233386496544391,0.2315257841573631,0.14513556618819776,2025-08-15
2025-08-16,Premier League,Sunderland,West Ham,H,0.20704024476367772,0.24431503189516474,0.5486447233411577,0.27428089800414773,0.30052382343047046,0.4251952785653818,2025-08-15
2025-08-16,Premier League,Wolves,Man City,A,0.1536592274444781,0.19880836636814125,0.6475324061873805,0.15587226503521526,0.20628201883383807,0.6378457161309466,2025-08-15
2025-08-16,Premier League,Aston Villa,Newcastle,D,0.3781823905128532,0.2345757452664845,0.3872418642206624,0.41756812961582124,0.26687549881782513,0.3155563715663535,2025-08-15
2025-08-16,Premier League,Brighton,Fulham,D,0.4755975521733585,0.23773613910091143,0.2866663087257299,0.5065243179122183,0.265717674970344,0.2277580071174377,2025-08-15
2025-08-17,Premier League,Chelsea,Crystal Palace,D,0.515128989200834,0.2346927485566216,0.25017826224254414,0.5550739973039179,0.236921828117526,0.208004174578556,2025-08-15
2025-08-17,Premier League,Nott'm Forest,Brentford,H,0.3730195884382984,0.24760543703283788,0.3793749745288636,0.44592835760459304,0.28846404141780796,0.2656076009775991,2025-08-15
2025-08-17,Premier League,Man United,Arsenal,A,0.22627517972622138,0.23647518526190286,0.5372496350118758,0.25284191587383803,0.26170160564839295,0.48545647847776896,2025-08-15
2025-08-18,Premier League,Leeds,Everton,H,0.3376773653211744,0.2619761112442439,0.40034652343458177,0.4122020226342403,0.29478690103539607,0.2930110763303636,2025-08-15
2025-08-22,Premier League,West Ham,Chelsea,A,0.27146418658884014,0.23153143717798993,0.49700437623316995,0.18775206102913783,0.2344633225895272,0.5777846163813348,2025-08-15
2025-08-23,Premier League,Burnley,Sunderland,H,0.5485491006955328,0.2533919283844577,0.19805897092000949,0.4142655583956767,0.30517995681186216,0.28055448479246115,2025-08-15
2025-08-23,Premier League,Man City,Tottenham,A,0.6767970830344318,0.17324210931235953,0.14996080765320874,0.6430651271835668,0.19696315254506813,0.15997172027136503,2025-08-15
2025-08-23,Premier League,Bournemouth,Wolves,H,0.5358903844287455,0.232225520643374,0.23188409492788054,0.5373945002851547,0.25069176430828094,0.21191373540656427,2025-08-15
2025-08-23,Premier League,Brentford,Aston Villa,H,0.4299907185571762,0.2363793175952988,0.3336299638475251,0.295675725813932,0.2795325108988035,0.4247917632872647,2025-08-15
2025-08-23,Premier League,Arsenal,Leeds,H,0.765800141435965,0.14603404186782082,0.08816581669621422,0.7248552578430052,0.17501009829002293,0.10013464386697188,2025-08-15
2025-08-24,Premier League,Everton,Brighton,H,0.35538653656140656,0.2630641283468244,0.3815493350917689,0.3099136851215013,0.2896217176433078,0.40046459723519096,2025-08-15
2025-08-24,Premier League,Crystal Palace,Nott'm Forest,D,0.45230857163351906,0.2557538091324637,0.29193761923401707,0.39728479217045254,0.29949161255926426,0.3032235952702831,2025-08-15
2025-08-24,Premier League,Fulham,Man United,D,0.4135383607914951,0.2519631163876744,0.3344985228208307,0.27542690409907583,0.2785836594469162,0.44598943645400807,2025-08-15
2025-08-25,Premier League,Newcastle,Liverpool,A,0.3103047125136395,0.22087960955757924,0.4688156779287813,0.3275904303094635,0.2601453417163387,0.4122642279741978,2025-08-15
2025-08-30,Premier League,Chelsea,Fulham,H,0.5409055064692816,0.22770394847994502,0.23139054505077314,0.5797624589357203,0.24387992605104605,0.17635761501323366,2025-08-15
2025-08-30,Premier League,Man United,Burnley,H,0.5849692305373255,0.22266504047935576,0.1923657289833189,0.6899353341071133,0.1890233792074283,0.12104128668545845,2025-08-15
2025-08-30,Premier League,Sunderland,Brentford,H,0.14118459430667696,0.2031068822098161,0.6557085234835068,0.31563960672648145,0.2954923977864933,0.3888679954870252,2025-08-15
2025-08-30,Premier League,Tottenham,Bournemouth,A,0.4484337907707763,0.22510258448621875,0.32646362474300505,0.4932866238198424,0.26193386763479504,0.24477950854536262,2025-08-15
2025-08-30,Premier League,Wolves,Everton,A,0.35647721781866276,0.2794701020381828,0.3640526801431546,0.3032618996667787,0.3042095931032374,0.3925285072299838,2025-08-15
2025-08-30,Premier League,Leeds,Newcastle,D,0.2247760299571249,0.20641286876593096,0.5688111012769441,0.3080369279354096,0.2741962513453224,0.417766820719268,2025-08-15
2025-08-31,Premier League,Brighton,Man City,H,0.24108123220449906,0.22102410122287644,0.5378946665726244,0.25775036299276055,0.2563902027658858,0.4858594342413536,2025-08-15
2025-08-31,Premier League,Nott'm Forest,West Ham,A,0.47397918182106774,0.24516467315533366,0.28085614502359857,0.5716291707783611,0.24151332465385753,0.18685750456778147,2025-08-15
2025-08-31,Premier League,Liverpool,Arsenal,H,0.43430050218415844,0.24263034715157053,0.32306915066427094,0.4053881055029464,0.27561797541276806,0.3189939190842857,2025-08-15
2025-08-31,Premier League,Aston Villa,Crystal Palace,A,0.4556785938038826,0.2462151384637991,0.29810626773231824,0.4788359697681195,0.2769336235411061,0.24423040669077445,2025-08-15
2025-09-13,Premier League,Brentford,Chelsea,D,0.37233095643628766,0.23664974707667547,0.3910192964870371,0.23094500066831733,0.25188560953720623,0.5171693897944766,2025-08-15
2025-09-13,Premier League,West Ham,Tottenham,A,0.348261755751137,0.2276731640420261,0.4240650802068367,0.2827895212285456,0.27097380307136404,0.4462366757000903,2025-08-15
2025-09-13,Premier League,Newcastle,Wolves,H,0.6317587710738053,0.198210069255384,0.17003115967081028,0.708431215158366,0.18664437783980026,0.10492440700183368,2025-08-15
2025-09-13,Premier League,Fulham,Leeds,H,0.5475825937883109,0.22337114719256315,0.22904625901912595,0.46093995017284456,0.2877465369422195,0.25131351288493586,2025-08-15
2025-09-13,Premier League,Everton,Aston Villa,D,0.34479574201776564,0.2680406774653294,0.3871635805169052,0.3607143409833021,0.29875114130518887,0.34053451771150905,2025-08-15
2025-09-13,Premier League,Crystal Palace,Sunderland,D,0.7083577615624688,0.18768472035179137,0.10395751808573994,0.571960466286883,0.2619547935026646,0.16608474021045228,2025-08-15
2025-09-13,Premier League,Bournemouth,Brighton,H,0.418611070407825,0.2371617883028765,0.3442271412892984,0.3940302575984735,0.2749307164599518,0.33103902594157464,2025-08-15
2025-09-13,Premier League,Arsenal,Nott'm Forest,H,0.6537026753761725,0.20334147341087988,0.1429558512129477,0.6966715511827507,0.18777475402972574,0.11555369478752353,2025-08-15
2025-09-14,Premier League,Burnley,Liverpool,A,0.11408177282475448,0.16064605809623925,0.7252721690790063,0.10194174757281553,0.16990291262135923,0.7281553398058253,2025-09-14
2025-09-14,Premier League,Man City,Man United,H,0.6609038107824654,0.189210978458744,0.14988521075879052,0.5471161330148421,0.23911001368796805,0.21377385329718995,2025-09-14
2025-09-20,Premier League,Liverpool,Everton,H,0.6769943185750135,0.18980914697529497,0.13319653444969165,0.6301502666020358,0.22055259331071253,0.14929714008725156,2025-09-14
2025-09-20,Premier League,Brighton,Tottenham,D,0.44443788323980477,0.22513167572291293,0.33043044103728225,0.42641931355096885,0.2599561590631574,0.3136245273858738,2025-09-14
2025-09-20,Premier League,Burnley,Nott'm Forest,D,0.30090122753710646,0.2554795444913452,0.44361922797154846,0.2810820785355772,0.28858872158252136,0.4303291998819014,2025-09-14
2025-09-20,Premier League,West Ham,Crystal Palace,A,0.32614658706253924,0.2514844735460012,0.42236893939145975,0.2983306085104468,0.28604640698354605,0.4156229845060071,2025-09-14
2025-09-20,Premier League,Wolves,Leeds,A,0.4397952830312583,0.2591750593193966,0.3010296576493453,0.34153769559585995,0.3070607042423346,0.3514016001618054,2025-09-14
2025-09-20,Premier League,Man United,Chelsea,H,0.32903233512016145,0.24205873046903453,0.428908934410804,0.35909157774433365,0.26372308284204454,0.37718533941362176,2025-09-14
2025-09-20,Premier League,Fulham,Brentford,H,0.38321264463449817,0.24822420920727425,0.3685631461582274,0.4444572744101123,0.293181153903056,0.2623615716868318,2025-09-14
2025-09-21,Premier League,Arsenal,Man City,D,0.4351616707434656,0.2554760387476444,0.30936229050889014,0.47464075118020377,0.26657905203271715,0.25878019678707914,2025-09-14
2025-09-21,Premier League,Sunderland,Aston Villa,D,0.35223195731192697,0.3064724229223789,0.34129561976569406,0.2692895088747452,0.29281178525235846,0.4378987058728963,2025-09-14
2025-09-21,Premier League,Bournemouth,Newcastle,D,0.35961366294374586,0.24149943413332567,0.3988869029229285,0.3860254104276696,0.2819663867471674,0.3320082028251629,2025-09-14
2025-09-27,Premier League,Brentford,Man United,H,0.46179771462347274,0.2353989979716527,0.3028032874048746,0.2868213210554277,0.2545351514078272,0.45864352753674514,2025-09-14
2025-09-27,Premier League,Chelsea,Brighton,A,0.5236326865992356,0.22287326526902562,0.25349404813173904,0.5086493149170193,0.24847063721010404,0.24288004787287668,2025-09-14
2025-09-27,Premier League,Crystal Palace,Liverpool,H,0.24193463019121167,0.22659269591845596,0.5314726738903326,0.22552175968660648,0.2613864061057703,0.5130918342076233,2025-09-14
2025-09-27,Premier League,Leeds,Bournemouth,D,0.2813463020334947,0.24549967006246617,0.47315402790403926,0.322874870179392,0.2883837861246201,0.388741343695988,2025-09-14
2025-09-27,Premier League,Man City,Burnley,H,0.8023617722402727,0.12792007844025213,0.06971814931947506,0.8057523291452697,0.12909249599123146,0.0651551748634989,2025-09-14
2025-09-27,Premier League,Nott'm Forest,Sunderland,A,0.37747525896839507,0.3120890043214902,0.31043573671011465,0.5441951486455943,0.2535778441332874,0.20222700722111853,2025-09-14
2025-09-27,Premier League,Tottenham,Wolves,D,0.5787085173644009,0.2134818077729986,0.20780967486260055,0.6112986502042421,0.22101873394112187,0.16768261585463587,2025-09-14
2025-09-28,Premier League,Aston Villa,Fulham,H,0.4655700352009473,0.250073841381205,0.2843561234178478,0.4090176041478266,0.2995267378067161,0.2914556580454573,2025-09-14
2025-09-28,Premier League,Newcastle,Arsenal,A,0.294754410538026,0.2490708868837352,0.4561747025782389,0.25697988592014415,0.2891023716601621,0.4539177424196938,2025-09-14
2025-09-29,Premier League,Everton,West Ham,D,0.4650497214602379,0.259250789989459,0.2756994885503032,0.575221238938053,0.24778761061946902,0.17699115044247785,2025-09-14
2025-10-03,Premier League,Bournemouth,Fulham,H,0.46931621885194447,0.24758827396028268,0.28309550718777277,0.48156757420005725,0.27401873236172275,0.24441369343821998,2025-09-14
2025-10-04,Premier League,Chelsea,Liverpool,H,0.3206456973509056,0.2294820374802179,0.4498722651688764,0.33533862336224396,0.25259272928584603,0.41206864735190996,2025-09-14
2025-10-04,Premier League,Man United,Sunderland,H,0.41594314601914434,0.29933233708453766,0.2847245168963179,0.6143882221649101,0.21872777977299518,0.16688399806209495,2025-09-14
2025-10-04,Premier League,Leeds,Tottenham,A,0.280546844462042,0.23047896599618298,0.488974189541775,0.3511012116208068,0.2818986539680101,0.367000134411183,2025-09-14
2025-10-04,Premier League,Arsenal,West Ham,H,0.7347933094412209,0.16433170220761828,0.1008749883511609,0.7926810446111058,0.14179924844949396,0.06551970693940035,2025-09-14
2025-10-05,Premier League,Aston Villa,Burnley,H,0.6170612053008492,0.2102159901717485,0.1727228045274025,0.585494917304004,0.2470758602433777,0.16742922245261815,2025-09-14
2025-10-05,Premier League,Everton,Crystal Palace,H,0.35985798935878477,0.28061873774382845,0.3595232728973865,0.3730008226510994,0.3014031415230246,0.3255960358258761,2025-09-14
2025-10-05,Premier League,Newcastle,Nott'm Forest,H,0.5684185623433126,0.22117465308359321,0.21040678457309442,0.6160357489689167,0.2203134683100682,0.1636507827210151,2025-09-14
2025-10-05,Premier League,Wolves,Brighton,D,0.2982046865907775,0.24492132864233482,0.4568739847668875,0.2545091003711363,0.26419151179829903,0.48129938783056464,2025-09-14
2025-10-05,Premier League,Brentford,Man City,A,0.2461404114918149,0.222217807917054,0.531641780591131,0.19221124529323258,0.22067076908380234,0.587117985622965,2025-09-14
2025-10-18,Premier League,Fulham,Arsenal,A,0.19756021224862347,0.24177761642769838,0.5606621713236781,0.1341421180223955,0.23434466401502826,0.6315132179625762,2025-10-18
2025-10-18,Premier League,Nott'm Forest,Chelsea,A,0.28707594319627583,0.24846369059027923,0.4644603662134451,0.3004526299360075,0.2781332917121898,0.4214140783518027,2025-10-18
2025-10-18,Premier League,Brighton,Newcastle,H,0.3666509173283192,0.2409109172385043,0.3924381654331767,0.3389920990817852,0.27797352124706387,0.383034379671151,2025-10-18
2025-10-18,Premier League,Burnley,Leeds,H,0.34798836918349557,0.2631412238644438,0.38887040695206054,0.2724014336917563,0.3010752688172043,0.42652329749103945,2025-10-18
2025-10-18,Premier League,Crystal Palace,Bournemouth,D,0.4284217954485983,0.25573656026421837,0.31584164428718325,0.43432474792522363,0.28530423324120263,0.2803710188335738,2025-10-18
2025-10-18,Premier League,Man City,Everton,H,0.66768290436304,0.2033022711061264,0.12901482453083352,0.6712451334927543,0.2124380202702343,0.11631684623701156,2025-10-18
2025-10-18,Premier League,Sunderland,Wolves,H,0.4389019317249321,0.3082395640319539,0.2528585042431139,0.3671144145298647,0.32107366287265393,0.3118119225974812,2025-10-18
2025-10-19,Premier League,Liverpool,Man United,A,0.665808664740778,0.18292539933526603,0.15126593592395612,0.5938841006382215,0.21704732826015719,0.1890685711016213,2025-10-18
2025-10-19,Premier League,Tottenham,Aston Villa,A,0.4368217284339001,0.2377802409590276,0.32539803060707223,0.41948090692124107,0.28290572792362767,0.29761336515513126,2025-10-18
2025-10-20,Premier League,West Ham,Brentford,A,0.32138437125520924,0.23962402361131546,0.43899160513347524,0.3701704118189215,0.2941233181521944,0.335706270028884,2025-10-18
2025-10-24,Premier League,Leeds,West Ham,H,0.4170387114804091,0.2513108923597452,0.33165039615984576,0.5359800216552711,0.2614889054436767,0.20253107290105232,2025-10-18
2025-10-25,Premier League,Chelsea,Sunderland,A,0.5276902164352845,0.27028911293113744,0.20202067063357823,0.6696918818350955,0.2066070699278486,0.12370104823705584,2025-10-18
2025-10-25,Premier League,Newcastle,Fulham,H,0.5559940526627241,0.22882562751648597,0.21518031982078975,0.6037607749475649,0.23423008377483842,0.16200914127759658,2025-10-18
2025-10-25,Premier League,Man United,Brighton,H,0.4082206057249607,0.24285082071365927,0.34892857356138,0.4786658003032272,0.24915168579885927,0.2721825138979135,2025-10-18
2025-10-25,Premier League,Brentford,Liverpool,H,0.25195733569521855,0.21702186987642957,0.531020794428352,0.22755085114440507,0.24723718432229252,0.5252119645333024,2025-10-18
2025-10-26,Premier League,Arsenal,Crystal Palace,H,0.624540127889221,0.21908664632857566,0.15637322578220328,0.6981073533974558,0.19407384424449267,0.10781880235805148,2025-10-18
2025-10-26,Premier League,Aston Villa,Man City,H,0.23642841061535885,0.2346306497020817,0.5289409396825594,0.22707132582153003,0.2571868862753139,0.515741787903156,2025-10-18
2025-10-26,Premier League,Bournemouth,Nott'm Forest,H,0.5023363757467572,0.2467842106788578,0.25087941357438515,0.4811950982936925,0.27458025382860424,0.2442246478777032,2025-10-18
2025-10-26,Premier League,Wolves,Burnley,A,0.48617130566965844,0.2592390443773745,0.25458964995296723,0.5024726102149407,0.28439065622135934,0.21313673356370008,2025-10-18
2025-10-26,Premier League,Everton,Tottenham,A,0.3731668774914596,0.2607444443873724,0.36608867812116813,0.42677508220030214,0.2870345685594952,0.2861903492402026,2025-10-18
2025-11-01,Premier League,Liverpool,Aston Villa,H,0.6413764628329242,0.1933402889482585,0.1652832482188175,0.5785161583978151,0.22394173873463813,0.19754210286754664,2025-10-18
2025-11-01,Premier League,Tottenham,Chelsea,A,0.3652271373619958,0.23424913950753806,0.4005237231304661,0.3439457660206428,0.27731239824456383,0.3787418357347934,2025-10-18
2025-11-01,Premier League,Nott'm Forest,Man United,D,0.36965853872168775,0.25864757902202334,0.37169388225628913,0.27931246163290363,0.2578268876611418,0.46286065070595456,2025-10-18
2025-11-01,Premier League,Crystal Palace,Brentford,H,0.4356999869450948,0.24684434262375354,0.31745567043115175,0.4695476397456979,0.27534380007750553,0.2551085601767965,2025-10-18
2025-11-01,Premier League,Burnley,Arsenal,A,0.10699110837462858,0.1854385532140146,0.7075703384113569,0.0790454273710762,0.1591309261549297,0.7618236464739941,2025-10-18
2025-11-01,Premier League,Brighton,Leeds,H,0.5770975200929775,0.21797751305184382,0.20492496685517841,0.47851569225683366,0.26982968202260343,0.2516546257205628,2025-10-18
2025-11-01,Premier League,Fulham,Wolves,H,0.5045048770565393,0.25399154684467123,0.24150357609878947,0.5423835011570823,0.26028591610487334,0.19733058273804419,2025-10-18
2025-11-02,Premier League,West Ham,Newcastle,H,0.2505033154307098,0.23056763188898552,0.5189290526803045,0.18728077679869964,0.22944114124390452,0.5832780819573958,2025-10-18
2025-11-02,Premier League,Man City,Bournemouth,H,0.6453083922104401,0.19931154559140654,0.15538006219815337,0.6767805486052331,0.18089648308513706,0.1423229683096299,2025-10-18
2025-11-03,Premier League,Sunderland,Everton,D,0.3636884150544912,0.3319403214117918,0.304371263533717,0.29330666909068875,0.3043056691815896,0.4023876617277218,2025-10-18
2025-11-08,Premier League,Tottenham,Man United,D,0.46048527755668595,0.23262794687139068,0.3068867755719233,0.3249788592566654,0.2724753109645022,0.40254582977883246,2025-10-18
2025-11-08,Premier League,Everton,Fulham,H,0.40157274017578054,0.2810569150145351,0.3173703448096844,0.40899533502649016,0.30043484486513783,0.2905698201083721,2025-10-18
2025-11-08,Premier League,West Ham,Burnley,H,0.5194516990098774,0.24053518013948105,0.24001312085064128,0.5162397072278133,0.26517230863068003,0.21858798414150654,2025-10-18
2025-11-08,Premier League,Sunderland,Arsenal,D,0.18222232300800217,0.2859662421406752,0.5318114348513224,0.1216551724137931,0.2162758620689655,0.6620689655172414,2025-10-18
2025-11-08,Premier League,Chelsea,Wolves,H,0.6347366409429509,0.20671790202882742,0.15854545702822165,0.7144500690289921,0.17993557294063506,0.10561435803037277,2025-10-18
2025-11-09,Premier League,Man City,Liverpool,H,0.46119334909252174,0.23438225298487764,0.30442439792260056,0.5031217007077593,0.24401402484326326,0.2528642744489775,2025-10-18
2025-11-09,Premier League,Nott'm Forest,Leeds,H,0.4735617413146792,0.25396024936351436,0.27247800932180655,0.43634211910466947,0.2948614926070948,0.26879638828823565,2025-10-18
2025-11-09,Premier League,Brentford,Newcastle,H,0.35813049557327525,0.24030482306316187,0.40156468136356305,0.3320643315514117,0.2771933024061642,0.3907423660424242,2025-10-18
2025-11-09,Premier League,Aston Villa,Bournemouth,H,0.4289541205716361,0.2521315089969451,0.31891437043141874,0.4102254731920669,0.28595128572505846,0.30382324108287456,2025-10-18
2025-11-09,Premier League,Crystal Palace,Brighton,D,0.42661036960651494,0.24801525203117453,0.32537437836231065,0.4006604854908814,0.28220434195444694,0.31713517255467166,2025-10-18
2025-11-22,Premier League,Burnley,Chelsea,A,0.18239049555603687,0.20868303605360794,0.6089264683903551,0.16758305678353191,0.22870158337517296,0.6037153598412951,2025-11-22
2025-11-22,Premier League,Bournemouth,West Ham,D,0.5534625055558241,0.22183460471267671,0.22470288973149916,0.575081837555199,0.2362194344970011,0.1886987279477997,2025-11-22
2025-11-22,Premier League,Brighton,Brentford,H,0.4352304068961862,0.23533664668703158,0.329432946416782,0.44846728467284674,0.2804536045360454,0.2710791107911079,2025-11-22
2025-11-22,Premier League,Fulham,Sunderland,H,0.36661089650562045,0.293027389684325,0.34036171381005437,0.46949987151260913,0.28753394497961565,0.24296618350777519,2025-11-22
2025-11-22,Premier League,Liverpool,Nott'm Forest,A,0.7009886206506205,0.17251743434221548,0.12649394500716407,0.6560230385614947,0.20561916134016997,0.13835780009833532,2025-11-22
2025-11-22,Premier League,Wolves,Crystal Palace,A,0.27565193395695503,0.26013937223754485,0.4642086938055,0.21362426099473042,0.2546626058700339,0.5317131331352356,2025-11-22
2025-11-22,Premier League,Newcastle,Man City,H,0.28605378449648966,0.24015705299609458,0.47378916250741565,0.24049026937628856,0.253607920433177,0.5059018101905345,2025-11-22
2025-11-23,Premier League,Leeds,Aston Villa,A,0.27638144952948757,0.25018265277287965,0.47343589769763256,0.2945677066293906,0.28094607857716447,0.42448621479344495,2025-11-22
2025-11-23,Premier League,Arsenal,Tottenham,H,0.6628675584089488,0.19330986993489466,0.1438225716561567,0.657887635288376,0.21635230959147939,0.12576005512014468,2025-11-22
2025-11-24,Premier League,Man United,Everton,A,0.4711994417167448,0.2602415826447778,0.2685589756384773,0.5110796061447631,0.25091763609174417,0.23800275776349264,2025-11-22
2025-11-29,Premier League,Man City,Leeds,H,0.7902277569410308,0.13624424200656174,0.0735280010524076,0.7980610073303382,0.12981792385906835,0.07212106881059352,2025-11-22
2025-11-29,Premier League,Tottenham,Fulham,A,0.4893662315579324,0.2357686396533076,0.27486512878875996,0.40536620739666424,0.2828136330674402,0.31182015953589554,2025-11-22
2025-11-29,Premier League,Everton,Newcastle,A,0.31602401830483373,0.26572845108865006,0.4182475306065164,0.353884793000081,0.2896378514137568,0.35647735558616217,2025-11-22
2025-11-29,Premier League,Brentford,Burnley,H,0.6719204541177731,0.18461445917374644,0.14346508670848035,0.6483249962103986,0.21373351523419737,0.137941488555404,2025-11-22
2025-11-29,Premier League,Sunderland,Bournemouth,H,0.42257652230385107,0.27803322399847075,0.29939025369767824,0.2955583988301956,0.28349479071467737,0.42094681045512705,2025-11-22
2025-11-30,Premier League,Crystal Palace,Man United,A,0.45262491542128597,0.24947707802741226,0.29789800655130183,0.4651405874359778,0.2604787289641476,0.27438068359987455,2025-11-22
2025-11-30,Premier League,Aston Villa,Wolves,H,0.5900951378214891,0.22655586090029597,0.18334900127821493,0.6583765415824472,0.2081319389518704,0.1334915194656824,2025-11-22
2025-11-30,Premier League,Nott'm Forest,Brighton,A,0.3501282704320739,0.25185849038005154,0.3980132391878747,0.33020116209944966,0.2907741576696646,0.3790246802308858,2025-11-22
2025-11-30,Premier League,West Ham,Liverpool,A,0.17654700199735687,0.19173654140637858,0.6317164565962643,0.1885739098070839,0.20445381800136464,0.6069722721915514,2025-11-22
2025-11-30,Premier League,Chelsea,Arsenal,D,0.30401948530288725,0.2579124385214828,0.43806807617563,0.3051361602092354,0.3070613094850034,0.3878025303057613,2025-11-22
2025-12-02,Premier League,Fulham,Man City,A,0.1977896822261721,0.22715599173030815,0.5750543260435197,0.1825090998366833,0.23478112357631586,0.5827097765870008,2025-11-22
2025-12-02,Premier League,Bournemouth,Everton,A,0.46706095123670066,0.26134393729289107,0.2715951114704083,0.4364712206931609,0.27809452061307105,0.28543425869376793,2025-11-22
2025-12-02,Premier League,Newcastle,Tottenham,D,0.5201895915409329,0.22057942025475358,0.2592309882043134,0.5247110121241589,0.2495412268456797,0.22574776103016142,2025-11-22
2025-12-03,Premier League,Leeds,Chelsea,H,0.2147889343058362,0.22378931241530753,0.5614217532788562,0.23642715544950002,0.27527354359700995,0.48829930095349,2025-11-22
2025-12-03,Premier League,Wolves,Nott'm Forest,A,0.35041746495614606,0.26850318208481155,0.3810793529590423,0.3073141122913505,0.2934294385432474,0.39925644916540215,2025-11-22
2025-12-03,Premier League,Liverpool,Sunderland,D,0.5967474650738204,0.22683187623734258,0.17642065868883694,0.7100995264418536,0.17655125337493982,0.11334922018320667,2025-11-22
2025-12-03,Premier League,Brighton,Aston Villa,A,0.43809554182433613,0.2460792165974907,0.3158252415781731,0.42087768189906993,0.281805056575899,0.297317261525031,2025-11-22
2025-12-03,Premier League,Arsenal,Brentford,H,0.6320291463829524,0.2076365831903693,0.16033427042667853,0.671990587780231,0.20810031105452315,0.11990910116524568,2025-11-22
2025-12-03,Premier League,Burnley,Crystal Palace,A,0.24052071163010555,0.2427578168835377,0.5167214714863566,0.19198129721628276,0.2571632761119968,0.5508554266717205,2025-11-22
2025-12-04,Premier League,Man United,West Ham,D,0.5579969206801911,0.22039636914546215,0.22160671017434688,0.6964794506092166,0.186174314682079,0.11734623470870437,2025-11-22
2025-12-06,Premier League,Aston Villa,Arsenal,H,0.23996508119157184,0.2545823085593271,0.505452610249101,0.21725940624284515,0.2761772113256506,0.5065633824315043,2025-11-22
2025-12-06,Premier League,Bournemouth,Chelsea,D,0.34161591333870417,0.2424203331044956,0.41596375355680026,0.2879967255456836,0.2528386837258209,0.45916459072849547,2025-11-22
2025-12-06,Premier League,Everton,Nott'm Forest,H,0.4324643997206087,0.27664139816552097,0.29089420211387024,0.45847091334230844,0.288414936583292,0.2531141500743995,2025-11-22
2025-12-06,Premier League,Man City,Sunderland,H,0.6161207943997029,0.2313115546446587,0.15256765095563865,0.7619896575610962,0.1500351728841228,0.0879751695547811,2025-11-22
2025-12-06,Premier League,Newcastle,Burnley,H,0.7050667484470969,0.17293636987701003,0.12199688167589288,0.727226115193984,0.16821056229704326,0.10456332250897285,2025-11-22
2025-12-06,Premier League,Tottenham,Brentford,H,0.4237713005225791,0.23031423011172825,0.34591446936569276,0.39124433950427173,0.2840228587071827,0.3247328017885456,2025-11-22
2025-12-06,Premier League,Leeds,Liverpool,D,0.15219748674841527,0.18556776014303558,0.6622347531085492,0.21152471902812967,0.23803027350094197,0.5504450074709284,2025-11-22
2025-12-07,Premier League,Brighton,West Ham,D,0.580293460875801,0.21264234207136415,0.20706419705283483,0.5954558829173435,0.22312484808167127,0.18141926900098507,2025-11-22
2025-12-07,Premier League,Fulham,Crystal Palace,A,0.3688827335934827,0.2653519990313463,0.3657652673751709,0.38478596662945236,0.28632602810956304,0.32888800526098455,2025-11-22
2025-12-08,Premier League,Wolves,Man United,A,0.29315448611583433,0.25179833479499275,0.4550471790891728,0.18128310771041792,0.23092014910731803,0.5877967431822642,2025-11-22
2025-12-13,Premier League,Chelsea,Everton,H,0.566119730098128,0.23620752963772373,0.19767274026414827,0.5532036296837564,0.24759753246715444,0.19919883784908923,2025-11-22
2025-12-13,Premier League,Liverpool,Brighton,H,0.6309694099160167,0.19047532835807887,0.17855526172590444,0.5377543515567542,0.23608727629320916,0.22615837215003678,2025-11-22
2025-12-13,Premier League,Burnley,Fulham,A,0.290327290528273,0.25379335135144937,0.45587935812027786,0.23942944991396953,0.2769468850856741,0.48362366500035636,2025-11-22
2025-12-13,Premier League,Arsenal,Wolves,H,0.7615220327605348,0.1591705676348245,0.07930739960464113,0.8619378475454744,0.10198845735354826,0.03607369510097726,2025-11-22
2025-12-14,Premier League,Crystal Palace,Man City,A,0.24299664887325162,0.24312599938508392,0.5138773517416645,0.2307526006562047,0.2555192410407712,0.5137281583030241,2025-11-22
2025-12-14,Premier League,Nott'm Forest,Tottenham,H,0.3670970572581694,0.24574056642562786,0.387162376316203,0.35403930341542444,0.2906292789231096,0.3553314176614661,2025-11-22
2025-12-14,Premier League,Sunderland,Newcastle,H,0.358828939545535,0.2794655840703846,0.36170547638408046,0.2696550604951406,0.28380605492345695,0.44653888458140245,2025-11-22
2025-12-14,Premier League,West Ham,Aston Villa,A,0.3117598634164786,0.24813879599910196,0.44010134058441935,0.29064550164104397,0.27273457436904686,0.4366199239899091,2025-11-22
2025-12-14,Premier League,Brentford,Leeds,D,0.625528498003195,0.2022565764200519,0.17221492557675294,0.43652118029817827,0.29232499461409533,0.27115382508772634,2025-11-22
2025-12-15,Premier League,Man United,Bournemouth,D,0.44543080636930066,0.2412612165604173,0.31330797707028196,0.5355908245886275,0.23359503433865436,0.23081414107271803,2025-11-22
2025-12-20,Premier League,Leeds,Crystal Palace,H,0.27599278634750013,0.25326729746826243,0.4707399161842372,0.3320642664806581,0.3128451127936747,0.35509062072566727,2025-11-22
2025-12-20,Premier League,Tottenham,Liverpool,A,0.2695130029907736,0.21401361566583418,0.5164733813433923,0.2619235269405568,0.264058773084094,0.47401769997534926,2025-11-22
2025-12-20,Premier League,Wolves,Brentford,A,0.26881105337930955,0.24224966939951528,0.48893927722117525,0.2803270263275877,0.27952148889561185,0.44015148477680055,2025-11-22
2025-12-20,Premier League,Everton,Arsenal,A,0.1926372589445667,0.25781890483837033,0.5495438362170632,0.14606741573033707,0.23127340823970036,0.6226591760299625,2025-11-22
2025-12-20,Premier League,Brighton,Sunderland,D,0.43028496216671025,0.2739945602904913,0.2957204775427985,0.5199995060325772,0.2693110389369821,0.21068945503044076,2025-11-22
2025-12-20,Premier League,Bournemouth,Burnley,D,0.632201359837607,0.20214376752904067,0.1656548726333525,0.6573399014778326,0.20267980295566504,0.13998029556650246,2025-11-22
2025-12-20,Premier League,Newcastle,Chelsea,D,0.4155104307772813,0.24051946007802427,0.34397010914469445,0.3392890328404173,0.27429845753577403,0.38641250962380863,2025-11-22
2025-12-20,Premier League,Man City,West Ham,H,0.7696122711705273,0.144054149711469,0.08633357911800377,0.8135091827930482,0.11734253666954271,0.0691482805374091,2025-11-22
2025-12-21,Premier League,Aston Villa,Man United,H,0.4550462921340499,0.2465150402463819,0.2984386676195683,0.4792592894726108,0.2607170534731003,0.26002365705428887,2025-11-22
2025-12-22,Premier League,Fulham,Nott'm Forest,H,0.449103680111134,0.25878126788724176,0.2921150520016245,0.36576990890957706,0.29043222617894776,0.3437978649114753,2025-12-22
2025-12-26,Premier League,Man United,Newcastle,H,0.3785244576997742,0.23831543519489684,0.3831601071053291,0.3877025944998273,0.256068822361955,0.35622858313821776,2025-12-22
2025-12-27,Premier League,Chelsea,Aston Villa,A,0.5009882282467051,0.23705979657292056,0.2619519751803745,0.5412191489555307,0.23400538082859906,0.2247754702158701,2025-12-22
2025-12-27,Premier League,West Ham,Fulham,A,0.3601009610552259,0.2521993543682064,0.3876996845765677,0.31804675118858955,0.2879358161648178,0.3940174326465927,2025-12-22
2025-12-27,Premier League,Liverpool,Wolves,H,0.767019208963938,0.1459686083771336,0.08701218265892845,0.7711448585218018,0.14582920925147536,0.08302593222672285,2025-12-22
2025-12-27,Premier League,Brentford,Bournemouth,H,0.4736022652782755,0.2343927201618846,0.2920050145598402,0.41968358118113364,0.2712161304568886,0.3091002883619777,2025-12-22
2025-12-27,Premier League,Arsenal,Brighton,H,0.6470598715015702,0.2042245245464538,0.14871560395197603,0.7285912749848776,0.1715090965893606,0.0998996284257616,2025-12-22
2025-12-27,Premier League,Nott'm Forest,Man City,A,0.1878519340980596,0.22059180081863072,0.5915562650833096,0.17477947124459114,0.23374122058011582,0.5914793081752932,2025-12-22
2025-12-27,Premier League,Burnley,Everton,D,0.29387651380494473,0.27504523313399193,0.43107825306106334,0.26020816653322654,0.2994395516413131,0.4403522818254604,2025-12-22
2025-12-28,Premier League,Sunderland,Leeds,D,0.45408651843734404,0.2766906441175666,0.26922283744508935,0.3234775532347755,0.3091007730910077,0.36742167367421674,2025-12-22
2025-12-28,Premier League,Crystal Palace,Tottenham,A,0.4516998406782769,0.24258005375735314,0.30572010556436974,0.42526846494686227,0.2822796477473376,0.2924518873058002,2025-12-22
2025-12-30,Premier League,Arsenal,Aston Villa,H,0.6220697599529011,0.21835721872700267,0.15957302132009635,0.7066381156316915,0.17601713062098498,0.11734475374732332,2025-12-22
2025-12-30,Premier League,Man United,Wolves,D,0.608310449679143,0.2144976228990372,0.17719192742181974,0.7028255004969475,0.17961096123810877,0.11756353826494392,2025-12-22
2025-12-30,Premier League,West Ham,Brighton,D,0.31665678075018683,0.23966557328739332,0.44367764596241965,0.2753138998295744,0.2662624839447664,0.45842361622565914,2025-12-22
2025-12-30,Premier League,Burnley,Newcastle,A,0.19766661884043155,0.2159450200805452,0.5863883610790231,0.1616738438494664,0.22046433252199962,0.617861823628534,2025-12-22
2025-12-30,Premier League,Chelsea,Bournemouth,D,0.542073108531146,0.22396131330097024,0.23396557816788371,0.6107758307278411,0.21580746019050387,0.1734167090816549,2025-12-22
2025-12-30,Premier League,Nott'm Forest,Everton,A,0.40666911101884157,0.2838475740817948,0.3094833148993634,0.5068293338280736,0.27882874525785134,0.21434192091407514,2025-12-22
2026-01-01,Premier League,Crystal Palace,Fulham,D,0.4737302827453941,0.2521419434486369,0.2741277738059692,0.4252088894154058,0.29417775128739554,0.28061335929719866,2025-12-22
2026-01-01,Premier League,Liverpool,Leeds,D,0.7079618504992133,0.16303708574976739,0.12900106375101944,0.6568500423774221,0.2090619489717386,0.13408800865083925,2025-12-22
2026-01-01,Premier League,Brentford,Tottenham,D,0.4763127216108604,0.228800803365866,0.29488647502327364,0.3864618338934229,0.28228516562650025,0.3312530004800768,2025-12-22
2026-01-01,Premier League,Sunderland,Man City,D,0.21464120651686855,0.26674844212734367,0.5186103513557878,0.12557171077218773,0.198608318058052,0.6758199711697603,2025-12-22
2026-01-03,Premier League,Aston Villa,Nott'm Forest,H,0.5156236455264149,0.24459017878534317,0.23978617568824184,0.4954220423614122,0.27823129026600796,0.2263466673725799,2025-12-22
2026-01-03,Premier League,Brighton,Burnley,H,0.6508370836858726,0.19478943534022664,0.15437348097390083,0.6603854308287619,0.2110362137648435,0.1285783554063947,2025-12-22
2026-01-03,Premier League,Wolves,West Ham,H,0.38036007298936386,0.2614200836624852,0.35821984334815093,0.356300759758973,0.28608855121823423,0.35761068902279275,2025-12-22
2026-01-03,Premier League,Bournemouth,Arsenal,A,0.21990028919214427,0.24016780651504027,0.5399319042928153,0.15379262352122477,0.2129436325678497,0.6332637439109257,2025-12-22
2026-01-04,Premier League,Man City,Chelsea,D,0.5840970447011335,0.213935260279608,0.20196769501925838,0.6552478059645073,0.19203302036187542,0.15271917367361745,2025-12-22
2026-01-04,Premier League,Fulham,Liverpool,D,0.24335065117280216,0.22461785289678238,0.5320314959304153,0.2224884862835215,0.2661374536197982,0.5113740600966802,2025-12-22
2026-01-04,Premier League,Tottenham,Sunderland,D,0.43140676996938615,0.2775060000748331,0.29108722995578096,0.4860909514614821,0.28238231573340433,0.2315267328051135,2025-12-22
2026-01-04,Premier League,Everton,Brentford,A,0.3546513785926246,0.26900275483620806,0.3763458665711674,0.3846694715002017,0.3003746181776266,0.31495591032217163,2025-12-22
2026-01-04,Premier League,Leeds,Man United,D,0.3683876185612456,0.23649723838816827,0.3951151430505862,0.3510880956784415,0.28603353677331855,0.3628783675482399,2025-12-22
2026-01-04,Premier League,Newcastle,Crystal Palace,H,0.5047820300329777,0.238040394216124,0.2571775757508982,0.5720410789422201,0.24168735585308798,0.18627156520469207,2025-12-22
2026-01-06,Premier League,West Ham,Nott'm Forest,A,0.378551139936631,0.2581945945481078,0.3632542655152613,0.3187770450293834,0.2777914249541769,0.40343153001643955,2025-12-22
2026-01-07,Premier League,Bournemouth,Tottenham,H,0.44528979112930805,0.23393758014833493,0.3207726287223568,0.4320165204834152,0.2670431788702429,0.3009403006463419,2025-12-22
2026-01-07,Premier League,Brentford,Sunderland,H,0.45074185423111945,0.2791307628075759,0.27012738296130473,0.467317594947992,0.3066311033097235,0.22605130174228455,2025-12-22
2026-01-07,Premier League,Crystal Palace,Aston Villa,D,0.4113444151815281,0.2574048470201988,0.33125073779827324,0.31615302869287987,0.2863974495217853,0.39744952178533466,2025-12-22
2026-01-07,Premier League,Everton,Wolves,D,0.511460569931378,0.26795093161793665,0.22058849845068548,0.513399368397022,0.27566045632681013,0.21094017527616776,2025-12-22
2026-01-07,Premier League,Fulham,Chelsea,H,0.31488986111982764,0.24847116692902227,0.43663897195115026,0.26289123438224665,0.27170323106545047,0.4654055345523028,2025-12-22
2026-01-07,Premier League,Man City,Brighton,D,0.6656731907728409,0.18539018333994292,0.14893662588721626,0.6324017742986437,0.20897942001661446,0.1586188056847418,2025-12-22
2026-01-07,Premier League,Burnley,Man United,D,0.24812802961054642,0.23170844710823754,0.520163523281216,0.1942165922541792,0.2499221264666182,0.5558612812792026,2025-12-22
2026-01-07,Premier League,Newcastle,Leeds,H,0.5985443473762359,0.20448229786363328,0.1969733547601308,0.5866321856759639,0.23958987781320307,0.17377793651083312,2025-12-22
2026-01-08,Premier League,Arsenal,Liverpool,D,0.49673275418240803,0.2425807611552748,0.26068648466231725,0.6105433353041254,0.22062815980308167,0.16882850489279294,2025-12-22
2026-01-17,Premier League,Nott'm Forest,Arsenal,D,0.1843144645597795,0.2407489460749071,0.574936589365313,,,,2025-12-22
2026-01-17,Premier League,Tottenham,West Ham,A,0.5647343345125825,0.2143609906130267,0.22090467487439094,,,,2025-12-22
2026-01-17,Premier League,Sunderland,Crystal Palace,H,0.37656518397519056,0.3013105799727688,0.3221242360520403,,,,2025-12-22
2026-01-17,Premier League,Liverpool,Burnley,D,0.8035391920412078,0.12442381010919681,0.07203699784959532,,,,2025-12-22
2026-01-17,Premier League,Chelsea,Brentford,H,0.5146685146150208,0.22843610644472168,0.2568953789402574,,,,2025-12-22
2026-01-17,Premier League,Man United,Man City,H,0.2374064598580038,0.22192554517992394,0.5406679949620721,,,,2025-12-22
2026-01-17,Premier League,Leeds,Fulham,H,0.40925569678029095,0.24610532219520626,0.3446389810245031,,,,2025-12-22
2026-01-18,Premier League,Wolves,Newcastle,D,0.22010072516274123,0.2337741276606143,0.5461251471766446,,,,2025-12-22
2026-01-18,Premier League,Aston Villa,Everton,A,0.4950002700916254,0.26154844248244297,0.2434512874259316,,,,2025-12-22
2026-01-19,Premier League,Brighton,Bournemouth,D,0.463535470424208,0.23579298261573509,0.30067154696005677,,,,2025-12-22
2026-01-24,Premier League,West Ham,Sunderland,H,0.3573055576786188,0.2952696267659833,0.34742481555539795,,,,2026-01-24
2026-01-24,Premier League,Burnley,Tottenham,D,0.2472532543962878,0.24530636643439427,0.5074403791693178,,,,2026-01-24
2026-01-24,Premier League,Fulham,Brighton,H,0.38127106749426515,0.261859495514207,0.3568694369915279,,,,2026-01-24
2026-01-24,Premier League,Man City,Wolves,H,0.7606052490594182,0.15918664822782239,0.08020810271275958,,,,2026-01-24
2026-01-24,Premier League,Bournemouth,Liverpool,H,0.2682227480079595,0.232858199844675,0.4989190521473653,,,,2026-01-24
2026-01-25,Premier League,Newcastle,Aston Villa,A,0.4849514819014429,0.2442543758232818,0.27079414227527526,,,,2026-01-24
2026-01-25,Premier League,Arsenal,Man United,A,0.6378743910087851,0.2150470535748295,0.14707855541638545,,,,2026-01-24
2026-01-25,Premier League,Crystal Palace,Chelsea,A,0.33875044934873977,0.2629649113345889,0.39828463931667135,,,,2026-01-24
2026-01-25,Premier League,Brentford,Nott'm Forest,A,0.5386531889935967,0.2406686565652168,0.22067815444118663,,,,2026-01-24
2026-01-26,Premier League,Everton,Leeds,D,0.4094733571986076,0.27755015663078153,0.31297648617061047,,,,2026-01-24
2026-01-31,Premier League,Brighton,Everton,D,0.48101829097586857,0.26694354692214456,0.25203816210198676,,,,2026-01-24
2026-01-31,Premier League,Leeds,Arsenal,A,0.18390670812249849,0.23405182575500502,0.5820414661224965,,,,2026-01-24
2026-01-31,Premier League,Wolves,Bournemouth,A,0.2893183631765417,0.2629821905591252,0.4476994462643332,,,,2026-01-24
2026-01-31,Premier League,Chelsea,West Ham,H,0.6523494342018903,0.19718894267406178,0.15046162312404807,,,,2026-01-24
2026-01-31,Premier League,Liverpool,Newcastle,H,0.5459875952457754,0.22486964211251614,0.2291427626417083,,,,2026-01-24
2026-02-01,Premier League,Aston Villa,Brentford,A,0.4303260976074802,0.24890044956350837,0.3207734528290114,,,,2026-01-24
2026-02-01,Premier League,Man United,Fulham,H,0.48771710819932895,0.2517188184615282,0.260564073339143,,,,2026-01-24
2026-02-01,Premier League,Nott'm Forest,Crystal Palace,D,0.35631112629210054,0.2811424344278947,0.3625464392800046,,,,2026-01-24
2026-02-01,Premier League,Tottenham,Man City,D,0.23300633504825313,0.23102824274669206,0.5359654222050548,,,,2026-01-24
2026-02-02,Premier League,Sunderland,Burnley,H,0.5254766490343291,0.27720773655537356,0.19731561441029752,,,,2026-01-24
2026-02-06,Premier League,Leeds,Nott'm Forest,H,0.4535334495833202,0.26052285352454496,0.2859436968921349,,,,2026-01-24
2026-02-07,Premier League,Newcastle,Brentford,A,0.48460773150386277,0.23687706381353998,0.27851520468259716,,,,2026-01-24
2026-02-07,Premier League,Wolves,Chelsea,A,0.21693242351011446,0.2488348312303722,0.5342327452595135,,,,2026-01-24
2026-02-07,Premier League,Fulham,Everton,A,0.42256062039850495,0.2895066551210398,0.2879327244804552,,,,2026-01-24
2026-02-07,Premier League,Man United,Tottenham,H,0.4672847659714536,0.24224954403555882,0.2904656899929875,,,,2026-01-24
2026-02-07,Premier League,Bournemouth,Aston Villa,D,0.40455798949988586,0.25127413262983495,0.34416787787027914,,,,2026-01-24
2026-02-07,Premier League,Arsenal,Sunderland,H,0.654641666098726,0.2323811289211604,0.11297720498011343,,,,2026-01-24
2026-02-07,Premier League,Burnley,West Ham,A,0.34629496428563394,0.26475072452178633,0.38895431119257967,,,,2026-01-24
2026-02-08,Premier League,Brighton,Crystal Palace,A,0.44836572493318894,0.25686754877641427,0.2947667262903969,,,,2026-01-24
2026-02-08,Premier League,Liverpool,Man City,A,0.3995628371350634,0.2493048071089701,0.3511323557559667,,,,2026-01-24
2026-02-10,Premier League,Tottenham,Newcastle,A,0.35678029921677756,0.2469960923705887,0.3962236084126337,,,,2026-01-24
2026-02-10,Premier League,Chelsea,Leeds,D,0.579063734719382,0.21937675537742074,0.20155950990319735,,,,2026-01-24
2026-02-10,Premier League,Everton,Bournemouth,A,0.3721151888935773,0.27714135860024247,0.3507434525061803,,,,2026-01-24
2026-02-10,Premier League,West Ham,Man United,D,0.29907857067883653,0.24816304689402127,0.4527583824271422,,,,2026-01-24
2026-02-11,Premier League,Sunderland,Liverpool,A,0.2175787162276477,0.26616563359165946,0.5162556501806929,,,,2026-01-24
2026-02-11,Premier League,Nott'm Forest,Wolves,D,0.48324223039485925,0.27570415926931385,0.24105361033582695,,,,2026-01-24
2026-02-11,Premier League,Aston Villa,Brighton,H,0.4534024777845226,0.24913241564357114,0.2974651065719063,,,,2026-01-24
2026-02-11,Premier League,Crystal Palace,Burnley,A,0.6146178069106263,0.2253555493178732,0.16002664377150083,,,,2026-01-24
2026-02-11,Premier League,Man City,Fulham,H,0.6754703421753238,0.19513342208627238,0.12939623573840395,,,,2026-01-24
2026-02-12,Premier League,Brentford,Arsenal,D,0.24270652360558875,0.2528787432879751,0.5044147331064359,,,,2026-01-24
2026-02-18,Premier League,Wolves,Arsenal,D,0.12680321806117031,0.22269347614968757,0.6505033057891421,,,,2026-01-24
2026-02-21,Premier League,Aston Villa,Leeds,D,0.5129383302054437,0.23901110192903324,0.2480505678655233,,,,2026-01-24
2026-02-21,Premier League,Brentford,Brighton,A,0.46808983135006643,0.2394695239273514,0.2924406447225821,,,,2026-01-24
2026-02-21,Premier League,Chelsea,Burnley,D,0.7181369635462829,0.17529183799784462,0.10657119845587242,,,,2026-01-24
2026-02-21,Premier League,West Ham,Bournemouth,D,0.3217242410483693,0.24686848069395478,0.43140727825767594,,,,2026-01-24
2026-02-21,Premier League,Man City,Newcastle,H,0.5797027234548721,0.22057173841111713,0.1997255381340106,,,,2026-01-24
2026-02-22,Premier League,Crystal Palace,Wolves,H,0.5509923779732268,0.25358994548973124,0.195417676537042,,,,2026-01-24
2026-02-22,Premier League,Nott'm Forest,Liverpool,A,0.21186342746426637,0.2378889495935165,0.550247622942217,,,,2026-01-24
2026-02-22,Premier League,Sunderland,Fulham,A,0.3772257365788748,0.305873493317637,0.31690077010348827,,,,2026-01-24
2026-02-22,Premier League,Tottenham,Arsenal,A,0.2109007123106721,0.24405790753048986,0.5450413801588379,,,,2026-01-24
2026-02-23,Premier League,Everton,Man United,A,0.34179475134803206,0.2822514534546041,0.3759537951973639,,,,2026-02-23
2026-02-27,Premier League,Wolves,Aston Villa,H,0.24871886060611903,0.2723622714696765,0.4789188679242045,,,,2026-02-23
2026-02-28,Premier League,Leeds,Man City,A,0.1965528264809379,0.21952367486459098,0.5839234986544714,,,,2026-02-23
2026-02-28,Premier League,Newcastle,Everton,A,0.53002780552529,0.25414180662822644,0.21583038784648365,,,,2026-02-23
2026-02-28,Premier League,Bournemouth,Sunderland,D,0.5059936626404493,0.26588243794193706,0.22812389941761366,,,,2026-02-23
2026-02-28,Premier League,Burnley,Brentford,A,0.21421680795881354,0.23506976687334408,0.5507134251678422,,,,2026-02-23
2026-02-28,Premier League,Liverpool,West Ham,H,0.7235055222408899,0.1665881356620304,0.1099063420970796,,,,2026-02-23
2026-03-01,Premier League,Brighton,Nott'm Forest,H,0.5006436968276612,0.2574134415614859,0.2419428616108531,,,,2026-02-23
2026-03-01,Premier League,Fulham,Tottenham,H,0.4140226610846579,0.2552021064455146,0.3307752324698275,,,,2026-02-23
2026-03-01,Premier League,Man United,Crystal Palace,H,0.4614668715046322,0.2580466213311558,0.2804865071642119,,,,2026-02-23
2026-03-01,Premier League,Arsenal,Chelsea,H,0.5802207583973696,0.23303749793543255,0.18674174366719787,,,,2026-02-23
2026-03-03,Premier League,Bournemouth,Brentford,D,0.40983127845288264,0.24588352105346334,0.344285200493654,,,,2026-02-23
2026-03-03,Premier League,Everton,Burnley,H,0.5507124227870791,0.25949213622102046,0.18979544099190024,,,,2026-02-23
2026-03-03,Premier League,Leeds,Sunderland,A,0.46129331812706825,0.2742640730390816,0.2644426088338501,,,,2026-02-23
2026-03-03,Premier League,Wolves,Liverpool,H,0.15172217581267752,0.21492186462246,0.6333559595648623,,,,2026-02-23
2026-03-04,Premier League,Newcastle,Man United,H,0.47623017896898745,0.2421829682814431,0.28158685274956957,,,,2026-02-23
2026-03-04,Premier League,Man City,Nott'm Forest,D,0.6972532097331137,0.19039252508336948,0.11235426518351689,,,,2026-02-23
2026-03-04,Premier League,Fulham,West Ham,A,0.4980281406058591,0.2496048125892872,0.25236704680485383,,,,2026-02-23
2026-03-04,Premier League,Brighton,Arsenal,A,0.21479760500017644,0.25193134121735783,0.5332710537824656,,,,2026-02-23
2026-03-04,Premier League,Aston Villa,Chelsea,A,0.371140857827041,0.2590787932880412,0.3697803488849181,,,,2026-02-23
2026-03-05,Premier League,Tottenham,Crystal Palace,A,0.41929952689042965,0.25811469595202524,0.32258577715754505,,,,2026-02-23
2026-03-14,Premier League,Burnley,Bournemouth,D,0.23563005510000176,0.24179116519305865,0.5225787797069396,,,,2026-02-23
2026-03-14,Premier League,Sunderland,Brighton,A,0.31439324896044984,0.290389006803508,0.3952177442360422,,,,2026-02-23
2026-03-14,Premier League,Arsenal,Everton,H,0.6687488796680797,0.2185287388677579,0.1127223814641624,,,,2026-02-23
2026-03-14,Premier League,Chelsea,Newcastle,A,0.4673019677952881,0.23970168853701762,0.2929963436676944,,,,2026-02-23
2026-03-14,Premier League,West Ham,Man City,D,0.15549420337731737,0.2058102217104849,0.6386955749121977,,,,2026-02-23
2026-03-15,Premier League,Crystal Palace,Leeds,D,0.4655320775855174,0.25264009590222747,0.28182782651225496,,,,2026-02-23
2026-03-15,Premier League,Man United,Aston Villa,H,0.42243792764755045,0.26092309923967416,0.3166389731127755,,,,2026-02-23
2026-03-15,Premier League,Nott'm Forest,Fulham,D,0.38334206974451696,0.2788539573176659,0.33780397293781694,,,,2026-02-23
2026-03-15,Premier League,Liverpool,Tottenham,D,0.6470919251483876,0.19339934743772552,0.15950872741388672,,,,2026-02-23
2026-03-16,Premier League,Brentford,Wolves,D,0.6095995687744058,0.2246990179784752,0.1657014132471192,,,,2026-02-23
2026-03-20,Premier League,Bournemouth,Man United,D,0.41205322123128707,0.24915071529356606,0.33879606347514696,,,,2026-02-23
2026-03-21,Premier League,Brighton,Liverpool,H,0.27680016737972524,0.24233242267322158,0.48086740994705324,,,,2026-02-23
2026-03-21,Premier League,Fulham,Burnley,H,0.5897675007914268,0.23184155549690127,0.17839094371167205,,,,2026-02-23
2026-03-21,Premier League,Everton,Chelsea,H,0.28861326753802813,0.27241280458779343,0.43897392787417844,,,,2026-02-23
2026-03-21,Premier League,Leeds,Brentford,D,0.36123355707589255,0.24532040934721872,0.3934460335768888,,,,2026-02-23
2026-03-22,Premier League,Newcastle,Sunderland,A,0.5646476945263748,0.2490979208737624,0.18625438459986302,,,,2026-02-23
2026-03-22,Premier League,Aston Villa,West Ham,H,0.5657717802538694,0.23388861443992098,0.20033960530620984,,,,2026-02-23
2026-03-22,Premier League,Tottenham,Nott'm Forest,A,0.47797780746801083,0.2553680699154567,0.26665412261653226,,,,2026-02-23
2026-04-10,Premier League,West Ham,Wolves,H,0.45744518913604487,0.26882827642205304,0.27372653444190204,,,,2026-04-10
2026-04-11,Premier League,Arsenal,Bournemouth,A,0.6596456859210215,0.20619874553508755,0.1341555685438907,,,,2026-04-10
2026-04-11,Premier League,Brentford,Everton,D,0.480260451215007,0.2666662846816238,0.2530732641033694,,,,2026-04-10
2026-04-11,Premier League,Burnley,Brighton,A,0.21661147015985535,0.24154173812406332,0.5418467917160814,,,,2026-04-10
2026-04-11,Premier League,Liverpool,Fulham,H,0.6315406781692977,0.20681406972521613,0.16164525210548628,,,,2026-04-10
2026-04-12,Premier League,Chelsea,Man City,A,0.30974764958566225,0.24993925466382425,0.4403130957505134,,,,2026-04-10
2026-04-12,Premier League,Sunderland,Tottenham,H,0.37016492174078575,0.2878943263324895,0.3419407519267247,,,,2026-04-10
2026-04-12,Premier League,Nott'm Forest,Aston Villa,D,0.3419091039309661,0.27925947969802345,0.37883141637101053,,,,2026-04-10
2026-04-12,Premier League,Crystal Palace,Newcastle,H,0.3633372685888265,0.26192688203010156,0.37473584938107185,,,,2026-04-10
2026-04-13,Premier League,Man United,Leeds,A,0.5176714312163924,0.24222651762344552,0.24010205116016212,,,,2026-04-10
2026-04-18,Premier League,Brentford,Fulham,D,0.49280036990794807,0.24778097899920543,0.2594186510928466,,,,2026-04-10
2026-04-18,Premier League,Leeds,Wolves,H,0.5079149194538544,0.26088793068872684,0.23119714985741885,,,,2026-04-10
2026-04-18,Premier League,Newcastle,Bournemouth,A,0.49126084525520386,0.23699924052180985,0.2717399142229865,,,,2026-04-10
2026-04-18,Premier League,Tottenham,Brighton,D,0.378688609703184,0.25406560041179216,0.367245789885024,,,,2026-04-10
2026-04-18,Premier League,Chelsea,Man United,A,0.4926733660726624,0.23908207263180126,0.2682445612955364,,,,2026-04-10
2026-04-19,Premier League,Aston Villa,Sunderland,H,0.4798834607874232,0.28545220818512157,0.23466433102745515,,,,2026-04-10
2026-04-19,Premier League,Everton,Liverpool,A,0.2422271520864572,0.25979936528220077,0.49797348263134195,,,,2026-04-10
2026-04-19,Premier League,Nott'm Forest,Burnley,H,0.5595657445848643,0.24632557578875153,0.19410867962638415,,,,2026-04-10
2026-04-19,Premier League,Man City,Arsenal,H,0.3813139901832147,0.2797443300693873,0.33894167974739803,,,,2026-04-10
2026-04-20,Premier League,Crystal Palace,West Ham,D,0.5158322136700086,0.25074764356333545,0.23342014276665593,,,,2026-04-10
2026-04-21,Premier League,Brighton,Chelsea,H,0.3628971700028541,0.2540596773726477,0.3830431526244982,,,,2026-04-10
2026-04-22,Premier League,Burnley,Man City,A,0.10041234252531224,0.17172135835816746,0.7278662991165201,,,,2026-04-10
2026-04-22,Premier League,Bournemouth,Leeds,D,0.4858908335773316,0.2464478102730915,0.26766135614957703,,,,2026-04-10
2026-04-24,Premier League,Sunderland,Nott'm Forest,A,0.38338105893958835,0.3109002406340467,0.30571870042636484,,,,2026-04-10
2026-04-25,Premier League,Fulham,Aston Villa,H,0.3706392496009165,0.2708948277952041,0.3584659226038797,,,,2026-04-10
2026-04-25,Premier League,Liverpool,Crystal Palace,H,0.6015418236636549,0.21948905670044908,0.17896911963589596,,,,2026-04-10
2026-04-25,Premier League,West Ham,Everton,H,0.35166389506449003,0.285295535325671,0.3630405696098389,,,,2026-04-10
2026-04-25,Premier League,Wolves,Tottenham,A,0.3113969724617491,0.2665870804491089,0.4220159470891419,,,,2026-04-10
2026-04-25,Premier League,Arsenal,Newcastle,H,0.6145749471752253,0.2221073598878408,0.1633176929369338,,,,2026-04-10
2026-04-27,Premier League,Man United,Brentford,H,0.44257763109785914,0.24762191576743545,0.30980045313470567,,,,2026-04-10
2026-05-01,Premier League,Leeds,Burnley,H,0.585274607596884,0.22926329196992115,0.18546210043319492,,,,2026-04-10
2026-05-02,Premier League,Brentford,West Ham,H,0.5718347702522055,0.22391293428003023,0.2042522954677639,,,,2026-04-10
2026-05-02,Premier League,Newcastle,Brighton,H,0.46547252045214443,0.24702295284048145,0.287504526707374,,,,2026-04-10
2026-05-02,Premier League,Wolves,Sunderland,D,0.3288658855259196,0.31537922449906347,0.3557548899750168,,,,2026-04-10
2026-05-02,Premier League,Arsenal,Fulham,H,0.6790102883827961,0.20414399552829884,0.11684571608890532,,,,2026-04-10
2026-05-03,Premier League,Aston Villa,Tottenham,A,0.47834741417816046,0.24780331873830927,0.2738492670835304,,,,2026-04-10
2026-05-03,Premier League,Man United,Liverpool,H,0.3124577771217338,0.24434666038756866,0.4431955624906976,,,,2026-04-10
2026-05-03,Premier League,Bournemouth,Crystal Palace,H,0.43815318023148886,0.26027346181029054,0.30157335795822066,,,,2026-04-10
2026-05-04,Premier League,Chelsea,Nott'm Forest,A,0.5770138899657653,0.2319877437230791,0.19099836631115558,,,,2026-04-10
2026-05-04,Premier League,Everton,Man City,D,0.2016553308758917,0.2577529402919589,0.5405917288321493,,,,2026-04-10
2026-05-09,Premier League,Liverpool,Chelsea,D,0.5142143746438672,0.22939164591130112,0.2563939794448315,,,,2026-04-10
2026-05-09,Premier League,Brighton,Wolves,H,0.5795449888745711,0.23983774022248902,0.1806172709029399,,,,2026-04-10
2026-05-09,Premier League,Fulham,Bournemouth,A,0.38878904470323533,0.26050994458529403,0.3507010107114706,,,,2026-04-10
2026-05-09,Premier League,Sunderland,Man United,D,0.31049441519781584,0.2915141952103407,0.39799138959184355,,,,2026-04-10
2026-05-09,Premier League,Man City,Brentford,H,0.6254731485234455,0.20809665327630553,0.1664301982002493,,,,2026-04-10
2026-05-10,Premier League,Nott'm Forest,Newcastle,D,0.3473795441718981,0.26096910196510525,0.3916513538629969,,,,2026-05-10
2026-05-10,Premier League,Burnley,Aston Villa,D,0.2155778421860349,0.24439461633585988,0.5400275414781052,,,,2026-05-10
2026-05-10,Premier League,Crystal Palace,Everton,D,0.4330702336934935,0.2855377013719419,0.28139206493456465,,,,2026-05-10
2026-05-10,Premier League,West Ham,Arsenal,A,0.14895853670180906,0.21916274386721038,0.6318787194309806,,,,2026-05-10
2026-05-11,Premier League,Tottenham,Leeds,D,0.42864842429585603,0.25011301066204267,0.3212385650421012,,,,2026-05-10
2026-05-13,Premier League,Man City,Crystal Palace,H,0.6605773023668928,0.20282787308369601,0.1365948245494111,,,,2026-05-10
2026-05-15,Premier League,Aston Villa,Liverpool,H,0.302613637488093,0.24835212793073663,0.44903423458117037,,,,2026-05-10
2026-05-17,Premier League,Man United,Nott'm Forest,H,0.4997501574365092,0.25401859739276716,0.24623124517072364,,,,2026-05-10
2026-05-17,Premier League,Brentford,Crystal Palace,D,0.46735049541642126,0.2547040185096629,0.2779454860739157,,,,2026-05-10
2026-05-17,Premier League,Everton,Sunderland,A,0.4483491163665872,0.300730577825835,0.25092030580757774,,,,2026-05-10
2026-05-17,Premier League,Leeds,Brighton,H,0.38181533032440423,0.2592105020579846,0.3589741676176112,,,,2026-05-10
2026-05-17,Premier League,Wolves,Fulham,D,0.3005467118428308,0.2841295498877451,0.415323738269424,,,,2026-05-10
2026-05-17,Premier League,Newcastle,West Ham,H,0.5919623095619729,0.21581395514870869,0.19222373528931833,,,,2026-05-10
2026-05-18,Premier League,Arsenal,Burnley,H,0.8306162716768927,0.12185696408189688,0.047526764241210315,,,,2026-05-10
2026-05-19,Premier League,Chelsea,Tottenham,H,0.5456575808905532,0.22627417812786457,0.2280682409815825,,,,2026-05-10
2026-05-19,Premier League,Bournemouth,Man City,D,0.24476226741868667,0.2363092997346695,0.5189284328466437,,,,2026-05-10
2026-05-24,Premier League,Nott'm Forest,Bournemouth,D,0.372179705456297,0.2645970322193067,0.36322326232439633,,,,2026-05-10
2026-05-24,Premier League,Man City,Aston Villa,A,0.6435578082402126,0.20556966518183667,0.15087252657795067,,,,2026-05-10
2026-05-24,Premier League,Sunderland,Chelsea,H,0.26902370642948187,0.27293601665133077,0.4580402769191875,,,,2026-05-10
2026-05-24,Premier League,Liverpool,Brentford,D,0.5809245620898459,0.21384507917675313,0.205230358733401,,,,2026-05-10
2026-05-24,Premier League,Tottenham,Everton,H,0.43182752975019817,0.2705862392440863,0.2975862310057154,,,,2026-05-10
2026-05-24,Premier League,Crystal Palace,Arsenal,A,0.20212283170632897,0.25814096645917045,0.5397362018345007,,,,2026-05-10
2026-05-24,Premier League,Burnley,Wolves,D,0.36479212204759215,0.28419874418260177,0.351009133769806,,,,2026-05-10
2026-05-24,Premier League,Brighton,Man United,A,0.42697179356128034,0.256644751085241,0.31638345535347845,,,,2026-05-10
2026-05-24,Premier League,Fulham,Newcastle,H,0.34218918921573194,0.259213492257697,0.3985973185265711,,,,2026-05-10
2026-05-24,Premier League,West Ham,Leeds,H,0.35638608924447185,0.2578569079342971,0.38575700282123115,,,,2026-05-10
