Date,liga,HomeTeam,AwayTeam,FTR,prob_casa_modelo,prob_empate_modelo,prob_fora_modelo,prob_casa_odds,prob_empate_odds,prob_fora_odds,data_corte_modelo
2023-05-25,Premier League,Man United,Chelsea,H,0.41490810611100243,0.2650606125595086,0.3200312813294889,0.6287563579257206,0.22199825849313598,0.14924538358114348,2023-05-25
2023-05-28,Premier League,Arsenal,Wolves,H,0.658059863937015,0.20222912388146888,0.13971101218151608,0.7491562840355752,0.15269427445311087,0.09814944151131386,2023-05-25
2023-05-28,Premier League,Aston Villa,Brighton,H,0.38631951739161857,0.2560280572090064,0.357652425399375,0.5160315977672281,0.23836348987773676,0.2456049123550351,2023-05-25
2023-05-28,Premier League,Brentford,Man City,H,0.1733682532206903,0.2063772210400237,0.6202545257392859,0.2870978538258796,0.27140944651299,0.44149269966113036,2023-05-25
2023-05-28,Premier League,Chelsea,Newcastle,D,0.4605723543717853,0.26086920015618875,0.27855844547202596,0.35268189534502786,0.25481728564195727,0.39250081901301487,2023-05-25
2023-05-28,Premier League,Crystal Palace,Nott'm Forest,D,0.5219970287680035,0.25311418144184683,0.22488878979014956,0.599385997865422,0.23174351230118942,0.16887048983338848,2023-05-25
2023-05-28,Premier League,Everton,Bournemouth,H,0.48871953496213927,0.24654397117704055,0.2647364938608201,0.5889078938119451,0.2280981278849083,0.1829939783031468,2023-05-25
2023-05-28,Premier League,Leeds,Tottenham,A,0.26135765774178343,0.20719016156188932,0.531452180696327,0.34717293371334007,0.24609726946768407,0.40672979681897575,2023-05-25
2023-05-28,Premier League,Leicester,West Ham,H,0.43869540795455986,0.23602182310104525,0.32528276894439495,0.4613563482876916,0.24275857727856093,0.2958850744337475,2023-05-25
2023-05-28,Premier League,Man United,Fulham,H,0.5762601013686188,0.22271894602383227,0.20102095260754924,0.6512952925166666,0.19065422118857234,0.15805048629476112,2023-05-25
2023-05-28,Premier League,Southampton,Liverpool,D,0.13291569543544482,0.17699354067796777,0.6900907638865874,0.1678965999761149,0.19892471906821005,0.6331786809556751,2023-05-25
2023-08-11,Premier League,Burnley,Man City,A,0.09708121246336152,0.17222861375405238,0.7306901737825862,0.10112400721856306,0.1674376849298755,0.7314383078515613,2023-08-11
2023-08-12,Premier League,Newcastle,Aston Villa,H,0.4842710368648934,0.2496724971125482,0.26605646602255834,0.5822143957737178,0.23288575830948713,0.1848998459167951,2023-08-11
2023-08-12,Premier League,Everton,Fulham,A,0.39259357850151383,0.2616089752077619,0.3457974462907243,0.40914488867644094,0.29453502528213676,0.2963200860414224,2023-08-11
2023-08-12,Premier League,Sheffield United,Crystal Palace,A,0.2729501503439689,0.31224002339709395,0.4148098262589371,0.24569262577532736,0.30368218962292015,0.45062518460175255,2023-08-11
2023-08-12,Premier League,Bournemouth,West Ham,D,0.30462938525429806,0.24803553718971885,0.4473350775559834,0.3559331591511437,0.2718933854626792,0.3721734553861769,2023-08-11
2023-08-12,Premier League,Arsenal,Nott'm Forest,H,0.7455278168338904,0.15210801587005934,0.1023641672960504,0.8175779253960143,0.12161471640265711,0.06080735820132856,2023-08-11
2023-08-13,Premier League,Brentford,Tottenham,D,0.4147946213893859,0.23879070375138547,0.34641467485922856,0.3737161988930278,0.2765922149999246,0.3496915861070475,2023-08-11
2023-08-13,Premier League,Chelsea,Liverpool,D,0.3156746154609501,0.24761563345648765,0.4367097510825625,0.3044803944938787,0.25125502990368914,0.44426457560243215,2023-08-11
2023-08-14,Premier League,Man United,Wolves,H,0.6202184967623509,0.22225927788045954,0.15752222535718932,0.7661304332719503,0.15444216670720268,0.07942740002084708,2023-08-11
2023-08-18,Premier League,Nott'm Forest,Sheffield United,H,0.4615423251996874,0.28444928261926794,0.25400839218104454,0.5035900260685212,0.27833750728573536,0.2180724666457435,2023-08-11
2023-08-19,Premier League,Fulham,Brentford,A,0.338242327222597,0.2565513837656646,0.40520628901173833,0.34072238532604304,0.30368734344277754,0.35559027123117953,2023-08-11
2023-08-19,Premier League,Liverpool,Bournemouth,H,0.8108427122478545,0.11992900936931641,0.06922827838282902,0.807909604519774,0.11751412429378531,0.07457627118644068,2023-08-11
2023-08-19,Premier League,Wolves,Brighton,A,0.2776240379044878,0.26686219165842756,0.45551377043708474,0.23684623117431683,0.23122042995877487,0.5319333388669083,2023-08-11
2023-08-19,Premier League,Tottenham,Man United,H,0.4454224522810677,0.23059978781950025,0.32397775989943217,0.31849437447886775,0.25265574409563923,0.42884988142549296,2023-08-11
2023-08-19,Premier League,Man City,Newcastle,H,0.7210735192510381,0.16707064687418277,0.11185583387477924,0.5222213577730406,0.25431092162385055,0.2234677206031089,2023-08-11
2023-08-20,Premier League,Aston Villa,Everton,H,0.5340168957351583,0.24455836202391493,0.22142474224092676,0.5278958080960257,0.24913450126980807,0.22296969063416613,2023-08-11
2023-08-20,Premier League,West Ham,Chelsea,H,0.3413933588631892,0.2622477772509449,0.3963588638858658,0.30101178906831855,0.268024195745763,0.43096401518591854,2023-08-11
2023-08-21,Premier League,Crystal Palace,Arsenal,A,0.26111905974326455,0.24691767841575232,0.49196326184098327,0.21671252485089462,0.2768763419483101,0.5064111332007952,2023-08-11
2023-08-26,Premier League,Bournemouth,Tottenham,A,0.22228336647105676,0.2137318894287703,0.563984744100173,0.28150633468025354,0.25111233453482773,0.46738133078491867,2023-08-11
2023-08-26,Premier League,Arsenal,Fulham,D,0.6573871922791003,0.18735484439941127,0.15525796332148872,0.7518302704317944,0.1541909457642313,0.0939787838039743,2023-08-11
2023-08-26,Premier League,Brentford,Crystal Palace,D,0.5136497799276721,0.2572908284358675,0.2290593916364605,0.45292343510238636,0.2903010741309064,0.25677549076670725,2023-08-11
2023-08-26,Premier League,Everton,Wolves,A,0.4313354886844807,0.2830306729186866,0.2856338383968328,0.3991845700186556,0.2893497622916291,0.31146566768971534,2023-08-11
2023-08-26,Premier League,Man United,Nott'm Forest,H,0.6834264317201079,0.18363773867227232,0.13293582960762002,0.7029681674792085,0.18303699455119013,0.11399483796960136,2023-08-11
2023-08-26,Premier League,Brighton,West Ham,A,0.5153496811764089,0.23212732883932632,0.2525229899842647,0.648075412411626,0.19638648860958366,0.15553809897879026,2023-08-11
2023-08-27,Premier League,Burnley,Aston Villa,A,0.30497458234278046,0.2800176296580636,0.4150077879991559,0.30167303385588196,0.27150573047029375,0.42682123567382424,2023-08-11
2023-08-27,Premier League,Sheffield United,Man City,A,0.06931991649822865,0.15461028795062678,0.7760697955511447,0.060622610595303106,0.13107591480065534,0.8083014746040414,2023-08-11
2023-08-27,Premier League,Newcastle,Liverpool,A,0.29857411288883207,0.2348358999806926,0.46658998713047534,0.4366370271399941,0.24887199511287195,0.314490977747134,2023-08-11
2023-09-02,Premier League,Brighton,Newcastle,H,0.43461680074102876,0.2464045580942979,0.3189786411646736,0.3701680718820283,0.25251775446215885,0.3773141736558127,2023-08-11
2023-09-02,Premier League,Man City,Fulham,H,0.8150546933304593,0.12096087442159344,0.063984432247947,0.8130540342160238,0.12647507198915928,0.06047089379481677,2023-08-11
2023-09-02,Premier League,Chelsea,Nott'm Forest,A,0.6530712074948053,0.20462745183834688,0.14230134066684785,0.6904641911761108,0.1943222573968695,0.11521355142701968,2023-08-11
2023-09-02,Premier League,Burnley,Tottenham,A,0.252125204261453,0.24270201080517567,0.5051727849333711,0.26332980256054817,0.25777138984159204,0.4788988075978597,2023-08-11
2023-09-02,Premier League,Sheffield United,Everton,D,0.31436609719725583,0.30084504348909974,0.3847888593136444,0.30472079004171654,0.2860098643374006,0.4092693456208829,2023-08-11
2023-09-02,Premier League,Brentford,Bournemouth,D,0.6422716331415184,0.20280553304153043,0.15492283381695113,0.5566406082642362,0.24292295871880634,0.20043643301695746,2023-08-11
2023-09-03,Premier League,Crystal Palace,Wolves,H,0.46268855532347597,0.29066693833936347,0.24664450633716026,0.5141869337148307,0.2706247019551741,0.21518836432999522,2023-08-11
2023-09-03,Premier League,Liverpool,Aston Villa,H,0.6533461136582978,0.1920313604676325,0.15462252587406958,0.5945287952140272,0.21005835376941004,0.19541285101656275,2023-08-11
2023-09-03,Premier League,Arsenal,Man United,H,0.5091028607503909,0.2243992222947884,0.26649791695482067,0.5521720289057285,0.23138637401763856,0.21644159707663296,2023-08-11
2023-09-16,Premier League,Wolves,Liverpool,A,0.15943596386288167,0.20628245877550136,0.634281577361617,0.21252772730819391,0.218245962123661,0.5692263105681451,2023-09-16
2023-09-16,Premier League,Aston Villa,Crystal Palace,H,0.471284311587004,0.2613277855200094,0.26738790289298636,0.493515764425937,0.2669839381320642,0.2395002974419988,2023-09-16
2023-09-16,Premier League,Fulham,Luton,H,0.7365302780044604,0.14719824810730653,0.116271473888233,0.5747312767862346,0.25426593135307235,0.17100279186069303,2023-09-16
2023-09-16,Premier League,Man United,Brighton,A,0.47729717984593717,0.23007780249125762,0.2926250176628052,0.47232829338081667,0.2506973249482796,0.27697438167090377,2023-09-16
2023-09-16,Premier League,Tottenham,Sheffield United,H,0.7378653560415328,0.1614005461057896,0.10073409785267791,0.7438704741838795,0.15325382193962656,0.10287570387649399,2023-09-16
2023-09-16,Premier League,West Ham,Man City,A,0.1481146958409148,0.18721527525505258,0.6646700289040326,0.17715286606495184,0.22617889178990364,0.5966682421451446,2023-09-16
2023-09-16,Premier League,Newcastle,Brentford,H,0.4523881880316756,0.2456299825271318,0.3019818294411926,0.5869266001539695,0.23364464178791108,0.17942875805811956,2023-09-16
2023-09-17,Premier League,Everton,Arsenal,A,0.209726984933816,0.21535842368458627,0.5749145913815977,0.1621025677501956,0.2261896294188776,0.6117078028309269,2023-09-16
2023-09-17,Premier League,Bournemouth,Chelsea,D,0.23266675196869263,0.2431390756388696,0.5241941723924378,0.22397501626224295,0.2448492621103613,0.5311757216273958,2023-09-16
2023-09-18,Premier League,Nott'm Forest,Burnley,D,0.454852271700487,0.25805212596659943,0.2870956023329135,0.456697661134207,0.2784424486687188,0.264859890197074,2023-09-16
2023-09-23,Premier League,Crystal Palace,Fulham,D,0.45188613236028785,0.2622185711753678,0.2858952964643443,0.4654548095579003,0.2883348377792303,0.2462103526628692,2023-09-16
2023-09-23,Premier League,Luton,Wolves,D,0.24932984908173333,0.22737184291209545,0.5232983080061712,0.29833537157752626,0.2956314256115668,0.40603320281090705,2023-09-16
2023-09-23,Premier League,Man City,Nott'm Forest,H,0.8628718986922189,0.09307670532569658,0.044051395982084234,0.8314991440449987,0.11445341159207628,0.05404744436292491,2023-09-16
2023-09-23,Premier League,Brentford,Everton,A,0.6007999480883599,0.21705528270444124,0.18214476920719877,0.5011049991127745,0.27681437628042777,0.22208062460679773,2023-09-16
2023-09-23,Premier League,Burnley,Man United,A,0.22822813146168922,0.23767832347406895,0.5340935450642417,0.22519196692262256,0.2432073242764324,0.5316007088009451,2023-09-16
2023-09-24,Premier League,Arsenal,Tottenham,D,0.5175741463692968,0.2104215135631665,0.27200434006753654,0.5886679664846397,0.22125333592247282,0.19007869759288756,2023-09-16
2023-09-24,Premier League,Brighton,Bournemouth,H,0.6603754100444179,0.18644466675094923,0.15317992320463303,0.6396061545978441,0.1956139547261012,0.16477989067605472,2023-09-16
2023-09-24,Premier League,Chelsea,Aston Villa,A,0.49175159871535484,0.2507112899548954,0.25753711132974993,0.512332155814094,0.24899603501397444,0.23867180917193162,2023-09-16
2023-09-24,Premier League,Liverpool,West Ham,H,0.6813848651432947,0.17529279879943835,0.14332233605726696,0.6997370304493633,0.17245292062493173,0.127810048925705,2023-09-16
2023-09-24,Premier League,Sheffield United,Newcastle,A,0.19060302178123992,0.2400421244039836,0.5693548538147761,0.16047152173558743,0.22115095820052483,0.6183775200638878,2023-09-16
2023-09-30,Premier League,West Ham,Sheffield United,H,0.626185913827349,0.21808965823058252,0.1557244279420686,0.6577192266649927,0.20322013684012302,0.13906063649488418,2023-09-16
2023-09-30,Premier League,Wolves,Man City,H,0.09694425886919791,0.1696357477397315,0.7334199933910704,0.11295345549172588,0.18738521228974175,0.6996613322185323,2023-09-16
2023-09-30,Premier League,Newcastle,Burnley,H,0.6429946952505131,0.2064153769388196,0.15058992781066727,0.7016850916329409,0.184794928712492,0.11351997965456721,2023-09-16
2023-09-30,Premier League,Tottenham,Liverpool,H,0.3294335957780691,0.2193632879505956,0.4512031162713353,0.3305663677483638,0.24400908941026359,0.4254245428413726,2023-09-16
2023-09-30,Premier League,Everton,Luton,A,0.6822233626101158,0.17193180393871804,0.1458448334511662,0.5820996749222386,0.24735533260054407,0.17054499247721722,2023-09-16
2023-09-30,Premier League,Aston Villa,Brighton,H,0.3998317313507049,0.2416289122702992,0.3585393563789962,0.3931658068452875,0.2596771509402563,0.3471570422144561,2023-09-16
2023-09-30,Premier League,Man United,Crystal Palace,A,0.5454285765028318,0.2396691131947761,0.21490231030239193,0.6147578517039365,0.22226942922018758,0.1629727190758758,2023-09-16
2023-09-30,Premier League,Bournemouth,Arsenal,A,0.17930474303255103,0.1967033519599667,0.6239919050074824,0.16073641114044068,0.21083607175564298,0.6284275171039164,2023-09-16
2023-10-01,Premier League,Nott'm Forest,Brentford,D,0.27048660546777376,0.24070909815820904,0.48880429637401723,0.3734858758141223,0.2992455641079512,0.3272685600779266,2023-09-16
2023-10-02,Premier League,Fulham,Chelsea,A,0.3004558643260846,0.25635491571787555,0.4431892199560396,0.2782274571767157,0.2806190972097533,0.44115344561353115,2023-09-16
2023-10-03,Premier League,Luton,Burnley,A,0.27816071349768906,0.22700152476053737,0.4948377617417735,0.331916785138123,0.30408525346505055,0.3639979613968264,2023-09-16
2023-10-07,Premier League,Luton,Tottenham,A,0.09182559207646468,0.11891791826846193,0.7892564896550736,0.14265246668895362,0.18835665504560864,0.6689908782654377,2023-09-16
2023-10-07,Premier League,Burnley,Chelsea,A,0.23244357200950144,0.25863056235714293,0.5089258656333558,0.1867565564222936,0.23860788535526456,0.5746355582224419,2023-09-16
2023-10-07,Premier League,Everton,Bournemouth,H,0.47385597429466064,0.24821346959369062,0.27793055611164863,0.507021101812394,0.25887585357087844,0.23410304461672737,2023-09-16
2023-10-07,Premier League,Fulham,Sheffield United,H,0.5646631783563146,0.24025148961317272,0.19508533203051265,0.6391050583657588,0.2130350194552529,0.1478599221789883,2023-09-16
2023-10-07,Premier League,Man United,Brentford,H,0.4682154260869114,0.23948844251710938,0.29229613139597943,0.5960408635802705,0.22437565996208797,0.17958347645764158,2023-09-16
2023-10-07,Premier League,Crystal Palace,Nott'm Forest,D,0.5036960229765406,0.2546033530298475,0.24170062399361195,0.41791044776119407,0.31343283582089554,0.26865671641791045,2023-09-16
2023-10-08,Premier League,Arsenal,Man City,H,0.25477272077243135,0.22117155038125338,0.5240557288463153,0.32713620120323883,0.2895010630117158,0.38336273578504554,2023-09-16
2023-10-08,Premier League,Wolves,Aston Villa,D,0.3087521424114413,0.26969129878917436,0.4215565587993843,0.2642509942554131,0.26568714096332297,0.4700618647812637,2023-09-16
2023-10-08,Premier League,Brighton,Liverpool,D,0.28940845723496955,0.22219341732190076,0.4883981254431298,0.30026207668473,0.23361679474754646,0.46612112856772364,2023-09-16
2023-10-08,Premier League,West Ham,Newcastle,D,0.3683233197554311,0.24739159441854738,0.38428508582602133,0.27348796803057945,0.26248979237251324,0.4640222395969073,2023-09-16
2023-10-21,Premier League,Liverpool,Everton,H,0.754684959673171,0.14681967528927148,0.0984953650375576,0.6926480599046971,0.17631041524846836,0.13104152484683457,2023-10-21
2023-10-21,Premier League,Bournemouth,Wolves,A,0.36110038922968646,0.2715237808298884,0.3673758299404253,0.42311687354967037,0.2824855427455892,0.29439758370474056,2023-10-21
2023-10-21,Premier League,Brentford,Burnley,H,0.6227409684097355,0.21427841458390484,0.1629806170063597,0.5592839272432213,0.24952667523159108,0.19118939752518765,2023-10-21
2023-10-21,Premier League,Man City,Brighton,H,0.7374505494746079,0.15234175634867664,0.11020769417671561,0.7068504495597493,0.1689484378561088,0.124201112584142,2023-10-21
2023-10-21,Premier League,Newcastle,Crystal Palace,H,0.5571651165815955,0.24084476446939773,0.2019901189490068,0.6568879203273468,0.21652430335957085,0.12658777631308246,2023-10-21
2023-10-21,Premier League,Nott'm Forest,Luton,D,0.5578819867269214,0.22696665541984204,0.21515135785323636,0.5528764413119417,0.2665924758106896,0.18053108287736871,2023-10-21
2023-10-21,Premier League,Chelsea,Arsenal,D,0.3635987414770914,0.25167291877874315,0.38472833974416526,0.29205149785548107,0.2844106156441459,0.423537886500373,2023-10-21
2023-10-21,Premier League,Sheffield United,Man United,A,0.13441451603451698,0.1911548824743026,0.6744306014911804,0.12430032812198417,0.17313259988419222,0.7025670719938236,2023-10-21
2023-10-22,Premier League,Aston Villa,West Ham,H,0.4863406385114002,0.23251501870166977,0.2811443427869302,0.5436121668473664,0.2420561638449716,0.21433166930766206,2023-10-21
2023-10-23,Premier League,Tottenham,Fulham,H,0.6272171377829273,0.19417378821002665,0.178609074007046,0.6369448064527491,0.2051178190271565,0.15793737452009438,2023-10-21
2023-10-27,Premier League,Crystal Palace,Tottenham,A,0.29888767855403264,0.25127169394165566,0.44984062750431164,0.21186453560668017,0.25203625274768704,0.5360992116456327,2023-10-21
2023-10-28,Premier League,Wolves,Newcastle,D,0.243316997719947,0.2509311431521352,0.5057518591279179,0.23665649738574268,0.25937552113477397,0.5039679814794832,2023-10-21
2023-10-28,Premier League,Bournemouth,Burnley,H,0.4120426657429275,0.2633552218085362,0.3246021124485362,0.4565377748794646,0.26641793438171496,0.2770442907388204,2023-10-21
2023-10-28,Premier League,Arsenal,Sheffield United,H,0.8537763729287511,0.09907395040074023,0.047149676670508615,0.8526916419122519,0.1014254268800889,0.04588293120765927,2023-10-21
2023-10-28,Premier League,Chelsea,Brentford,A,0.47175725717339656,0.2541831547644273,0.2740595880621762,0.5875267145910239,0.23936273557412088,0.17311054983485527,2023-10-21
2023-10-29,Premier League,West Ham,Everton,A,0.5276694118044862,0.2308379749719608,0.24149261322355284,0.46800095039762957,0.26309242616947826,0.2689066234328922,2023-10-21
2023-10-29,Premier League,Aston Villa,Luton,H,0.728707942065555,0.15949713180449443,0.1117949261299507,0.7216126728559371,0.16529247549178733,0.11309485165227552,2023-10-21
2023-10-29,Premier League,Brighton,Fulham,D,0.5799353744355167,0.20951690311546534,0.21054772244901782,0.5918390602177493,0.22467964323081221,0.18348129655143836,2023-10-21
2023-10-29,Premier League,Liverpool,Nott'm Forest,H,0.7754311851411559,0.13833363891433464,0.08623517594450954,0.7887131723124028,0.13163202055008635,0.07965480713751087,2023-10-21
2023-10-29,Premier League,Man United,Man City,A,0.20241109491603515,0.2142287297260285,0.5833601753579364,0.1729928284065069,0.2252929858317299,0.601714185761763,2023-10-21
2023-11-04,Premier League,Fulham,Man United,A,0.30024037752101923,0.24313731803302122,0.4566223044459595,0.32080891215132934,0.27076629632828075,0.40842479152038985,2023-10-21
2023-11-04,Premier League,Brentford,West Ham,H,0.4875940267969367,0.23483058527597023,0.2775753879270933,0.4505766151134422,0.2623303203894974,0.28709306449706057,2023-10-21
2023-11-04,Premier League,Burnley,Crystal Palace,A,0.30895478398583354,0.2890398010636758,0.4020054149504907,0.2756471021200192,0.30312594096064416,0.4212269569193367,2023-10-21
2023-11-04,Premier League,Everton,Brighton,D,0.2965057786688583,0.23426043099910449,0.46923379033203727,0.34031150561045054,0.27650309830849107,0.38318539608105845,2023-10-21
2023-11-04,Premier League,Man City,Bournemouth,H,0.8861931382359947,0.0792788777613348,0.03452798400267033,0.8825905480005386,0.08365423454961628,0.03375521744984516,2023-10-21
2023-11-04,Premier League,Sheffield United,Wolves,H,0.2548496388034086,0.2732040692544722,0.4719462919421193,0.2230590355215614,0.25806032035074256,0.5188806441276962,2023-10-21
2023-11-04,Premier League,Newcastle,Arsenal,H,0.38247782595546376,0.2368980124056306,0.3806241616389057,0.34251853808415844,0.30116181057554486,0.35631965134029664,2023-10-21
2023-11-05,Premier League,Luton,Liverpool,D,0.08168347906457565,0.12514743887439211,0.7931690820610321,0.06461379887908264,0.11402435096308701,0.8213618501578303,2023-10-21
2023-11-05,Premier League,Nott'm Forest,Aston Villa,H,0.2843302534779877,0.2480055937243344,0.467664152797678,0.24710390038015984,0.25488670039213335,0.4980093992277068,2023-10-21
2023-11-06,Premier League,Tottenham,Chelsea,A,0.45159289609109804,0.2412797374592344,0.3071273664496676,0.4099511428090077,0.26618745437187624,0.32386140281911613,2023-10-21
2023-11-11,Premier League,Wolves,Tottenham,H,0.24411334302022925,0.235559566279816,0.5203270906999546,0.3105957337750853,0.26855376981105444,0.4208504964138602,2023-10-21
2023-11-11,Premier League,Arsenal,Burnley,H,0.7477379960741202,0.15552881899873297,0.0967331849271469,0.8126061460569746,0.129105649373538,0.05828820456948763,2023-10-21
2023-11-11,Premier League,Crystal Palace,Everton,A,0.45945176353410244,0.2714358192727716,0.26911241719312623,0.35917859365276916,0.31197884256378344,0.3288425637834474,2023-10-21
2023-11-11,Premier League,Man United,Luton,H,0.7618243639278202,0.1441460529565256,0.09402958311565415,0.7472007974219272,0.15698518382317367,0.09581401875489921,2023-10-21
2023-11-11,Premier League,Bournemouth,Newcastle,H,0.19410418890251727,0.2131611700610294,0.5927346410364533,0.24894636723555,0.2582156468666609,0.4928379858977892,2023-10-21
2023-11-12,Premier League,Aston Villa,Fulham,H,0.5464292158566197,0.22684817475415467,0.22672260938922553,0.5909015475252043,0.22963946396714102,0.17945898850765463,2023-10-21
2023-11-12,Premier League,Brighton,Sheffield United,D,0.7844393888179774,0.13560813228574048,0.07995247889628217,0.759101713795405,0.15474465112683217,0.08615363507776269,2023-10-21
2023-11-12,Premier League,Liverpool,Brentford,H,0.6330879874569236,0.1922568550888945,0.17465515745418186,0.6938425071716207,0.17629392196738095,0.1298635708609985,2023-10-21
2023-11-12,Premier League,West Ham,Nott'm Forest,H,0.5548620633251551,0.22693667971339682,0.21820125696144804,0.5359948181328857,0.25264339083867793,0.2113617910284364,2023-10-21
2023-11-12,Premier League,Chelsea,Man City,D,0.21413712113035954,0.2358249781507773,0.5500379007188633,0.2029520295202952,0.24354243542435422,0.5535055350553506,2023-10-21
2023-11-25,Premier League,Nott'm Forest,Brighton,A,0.284139081940988,0.2356763272734732,0.4801845907855388,0.2632176298117847,0.26756833443677286,0.4692140357514423,2023-11-25
2023-11-25,Premier League,Sheffield United,Bournemouth,A,0.32523975420427104,0.25504492214621494,0.419715323649514,0.27227348358795944,0.2777189532597186,0.4500075631523218,2023-11-25
2023-11-25,Premier League,Brentford,Arsenal,A,0.33726688606822486,0.2362014298180343,0.42653168411374076,0.1681449330062276,0.2408001509718815,0.591054916021891,2023-11-25
2023-11-25,Premier League,Luton,Crystal Palace,H,0.2850118332536215,0.2574305074962877,0.45755765925009084,0.23617016933931134,0.2845090928882932,0.4793207377723955,2023-11-25
2023-11-25,Premier League,Burnley,West Ham,A,0.27842749779342074,0.24571950763371306,0.47585299457286623,0.2797112525918151,0.28378867609898445,0.4365000713092004,2023-11-25
2023-11-25,Premier League,Newcastle,Chelsea,H,0.4466784257019054,0.24711859276193063,0.30620298153616377,0.37391237978934505,0.2738513204090978,0.352236299801557,2023-11-25
2023-11-25,Premier League,Man City,Liverpool,D,0.5701234535625112,0.2074079882280175,0.22246855820947137,0.5703273696231443,0.2193566806242863,0.21031594975256945,2023-11-25
2023-11-26,Premier League,Tottenham,Aston Villa,A,0.4991306376666977,0.21915007420396526,0.2817192881293371,0.3601992302467738,0.2628480869368349,0.37695268281639116,2023-11-25
2023-11-26,Premier League,Everton,Man United,A,0.30110974159475873,0.24964675059310448,0.44924350781213684,0.3634570076809623,0.2823376175608635,0.3542053747581742,2023-11-25
2023-11-27,Premier League,Fulham,Wolves,H,0.44189640929543184,0.2679635551304055,0.2901400355741625,0.4003011670222111,0.2947672229890827,0.3049316099887063,2023-11-25
2023-12-02,Premier League,Arsenal,Wolves,H,0.694666991469977,0.1806388872272112,0.12469412130281202,0.777511961722488,0.14832535885167464,0.07416267942583732,2023-11-25
2023-12-02,Premier League,Brentford,Luton,H,0.7202853446610148,0.1634486907009248,0.11626596463806056,0.6293230136181053,0.21877143137062804,0.15190555501126682,2023-11-25
2023-12-02,Premier League,Burnley,Sheffield United,H,0.510563006430445,0.25579627827009044,0.2336407152994646,0.5580503416220061,0.25485763633130987,0.1870920220466841,2023-11-25
2023-12-02,Premier League,Nott'm Forest,Everton,A,0.40104693190147533,0.26020209039784054,0.3387509777006839,0.3384242875768299,0.3084373253864779,0.35313838703669215,2023-11-25
2023-12-02,Premier League,Newcastle,Man United,H,0.48297855741156204,0.2364185855423644,0.28060285704607346,0.4861909577753494,0.2572438930028304,0.2565651492218202,2023-11-25
2023-12-03,Premier League,West Ham,Crystal Palace,D,0.4723520265250308,0.25151278279420913,0.2761351906807599,0.5006762879016691,0.27131620070649104,0.2280075113918399,2023-11-25
2023-12-03,Premier League,Man City,Tottenham,D,0.7204027638978521,0.15509328815974577,0.12450394794240185,0.7835389683563425,0.12680959619451332,0.0896514354491443,2023-11-25
2023-12-03,Premier League,Liverpool,Fulham,H,0.7453635470581906,0.15270737999596398,0.10192907294584518,0.7819434033776648,0.13661795257876816,0.08143864404356713,2023-11-25
2023-12-03,Premier League,Chelsea,Brighton,H,0.4873232232309244,0.23464524075244342,0.2780315360166322,0.6058918182943434,0.21784874365639312,0.17625943804926353,2023-11-25
2023-12-03,Premier League,Bournemouth,Aston Villa,D,0.24652181085093613,0.22574224787899813,0.5277359412700656,0.31166462852116456,0.24432001029799832,0.44401536118083723,2023-11-25
2023-12-05,Premier League,Wolves,Burnley,H,0.4972108622977833,0.2651213905137814,0.23766774718843506,0.49840472136350866,0.26627101552297033,0.235324263113521,2023-11-25
2023-12-05,Premier League,Luton,Arsenal,A,0.12489903981282273,0.16263224739473384,0.7124687127924432,0.06228745301592984,0.13316627886164312,0.8045462681224271,2023-11-25
2023-12-06,Premier League,Brighton,Brentford,H,0.44684775719305053,0.2343519393542557,0.31880030345269383,0.5511498343932558,0.23659114842247078,0.21225901718427354,2023-11-25
2023-12-06,Premier League,Crystal Palace,Bournemouth,A,0.5316002831195423,0.24449601085075418,0.2239037060297037,0.41227819763510976,0.28366663160899674,0.30405517075589344,2023-11-25
2023-12-06,Premier League,Fulham,Nott'm Forest,H,0.4672002985334619,0.2527369851658224,0.2800627163007158,0.4720948594700171,0.281073818065964,0.2468313224640191,2023-11-25
2023-12-06,Premier League,Sheffield United,Liverpool,A,0.07379727500859223,0.12880912934436767,0.7973935956470402,0.06891102713844038,0.11350051528684299,0.8175884575747165,2023-11-25
2023-12-06,Premier League,Aston Villa,Man City,H,0.19028319872023558,0.20174762186047332,0.6079691794192912,0.18852276226783762,0.22291837016427912,0.5885588675678833,2023-11-25
2023-12-06,Premier League,Man United,Chelsea,H,0.4078769878063437,0.25203775127466743,0.34008526091898866,0.3400391149578777,0.26939386946801386,0.3905670155741084,2023-11-25
2023-12-07,Premier League,Everton,Newcastle,H,0.2690278141898869,0.24221214509122196,0.4887600407188909,0.29667973330652997,0.2820607319551937,0.4212595347382763,2023-11-25
2023-12-07,Premier League,Tottenham,West Ham,A,0.5714151231049468,0.20195694429381644,0.2266279326012367,0.5812730851149874,0.22061955730500657,0.1981073575800059,2023-11-25
2023-12-09,Premier League,Wolves,Nott'm Forest,D,0.4387566684228807,0.26701309284730074,0.2942302387298184,0.4887502814084992,0.2912015149709322,0.22004820362056865,2023-11-25
2023-12-09,Premier League,Aston Villa,Arsenal,H,0.33061804629667857,0.23282606139008005,0.4365558923132413,0.26666075406178896,0.2515017447869586,0.48183750115125235,2023-11-25
2023-12-09,Premier League,Sheffield United,Brentford,H,0.15978478373109326,0.20592440292624284,0.634290813342664,0.20615704523440673,0.24833751484758457,0.5455054399180088,2023-11-25
2023-12-09,Premier League,Brighton,Burnley,D,0.6755427058876825,0.1869189251231747,0.13753836898914285,0.6294279397075164,0.2139777101875442,0.15659435010493947,2023-11-25
2023-12-09,Premier League,Crystal Palace,Liverpool,A,0.19636558434594417,0.22327099097473127,0.5803634246793243,0.14602319801159902,0.20660729080364543,0.6473695111847556,2023-11-25
2023-12-09,Premier League,Man United,Bournemouth,A,0.6740509360065611,0.18368915813990216,0.142259905853537,0.5806728021128784,0.216456156144756,0.20287104174236545,2023-11-25
2023-12-10,Premier League,Everton,Chelsea,H,0.27421355511618967,0.25202994166625947,0.4737565032175506,0.38101811906816224,0.2816220880069025,0.3373597929249353,2023-11-25
2023-12-10,Premier League,Fulham,West Ham,H,0.37902672394381226,0.24701775399805778,0.37395552205812993,0.4443334455387489,0.27030284603607224,0.28536370842517883,2023-11-25
2023-12-10,Premier League,Luton,Man City,A,0.055181821746033005,0.10156760100075618,0.8432505772532106,0.060202506475497755,0.12349232097538002,0.8163051725491222,2023-11-25
2023-12-10,Premier League,Tottenham,Newcastle,H,0.4388235555253884,0.22774317134722968,0.33343327312738197,0.47189720667298635,0.24302706143658795,0.28507573189042573,2023-11-25
2023-12-15,Premier League,Nott'm Forest,Tottenham,A,0.2556627720368699,0.22227817400911226,0.5220590539540177,0.1891698691247212,0.2320604122436914,0.5787697186315874,2023-11-25
2023-12-16,Premier League,Chelsea,Sheffield United,H,0.7741330380126908,0.14704253229112493,0.07882442969618438,0.8190142306893926,0.12020358112108002,0.06078218818952725,2023-11-25
2023-12-16,Premier League,Man City,Crystal Palace,D,0.7870865329247738,0.13916993555468082,0.07374353152054539,0.824019473395502,0.1279398656061437,0.04804066099835436,2023-11-25
2023-12-16,Premier League,Newcastle,Fulham,H,0.6182956819473724,0.20820573337794987,0.17349858467467766,0.5068295395059842,0.25407642711527145,0.23909403337874438,2023-11-25
2023-12-16,Premier League,Burnley,Everton,A,0.3312471454176759,0.2695725094809828,0.39918034510134104,0.29672754554882935,0.2726236272829581,0.43064882716821257,2023-11-25
2023-12-17,Premier League,Liverpool,Man United,D,0.6200005925490867,0.19705715193630652,0.18294225551460694,0.7275354998035584,0.15862659258012013,0.1138379076163215,2023-11-25
2023-12-17,Premier League,West Ham,Wolves,H,0.5177489063518697,0.2400834569444442,0.242167636703686,0.5106376120172781,0.26581135968022696,0.22355102830249501,2023-11-25
2023-12-17,Premier League,Arsenal,Brighton,H,0.5793128493812326,0.20365363110449858,0.21703351951426875,0.659294857826571,0.1985990657797253,0.14210607639370373,2023-11-25
2023-12-17,Premier League,Brentford,Aston Villa,A,0.45320138329012644,0.23879490016123264,0.3080037165486409,0.30613499692575313,0.281361066538698,0.4125039365355488,2023-11-25
2023-12-21,Premier League,Crystal Palace,Brighton,D,0.33272731740743144,0.256924927959138,0.4103477546334306,0.30160455155660676,0.28907498561656964,0.40932046282682344,2023-11-25
2023-12-22,Premier League,Aston Villa,Sheffield United,D,0.7514436511406488,0.15451178578938662,0.09404456306996452,0.790686792714417,0.13214217631665598,0.07717103096892709,2023-11-25
2023-12-23,Premier League,West Ham,Man United,H,0.36856820483670644,0.23969284695752768,0.3917389482057661,0.4631098749433716,0.25000790164038056,0.2868822234162479,2023-11-25
2023-12-23,Premier League,Fulham,Burnley,A,0.5280240836328886,0.24801607779408064,0.2239598385730309,0.5677139761646803,0.24702058504875407,0.18526543878656554,2023-11-25
2023-12-23,Premier League,Luton,Newcastle,H,0.16661605244988265,0.19403334369863195,0.6393506038514853,0.18258534307065216,0.23576554008152176,0.5816491168478262,2023-11-25
2023-12-23,Premier League,Nott'm Forest,Bournemouth,A,0.4884960217266902,0.2412952680126705,0.27020871026063925,0.3312530004800768,0.28228516562650025,0.3864618338934229,2023-11-25
2023-12-23,Premier League,Tottenham,Everton,H,0.6255152210779196,0.19634668139828063,0.17813809752379994,0.5703162092868674,0.2259994302535372,0.2036843604595955,2023-11-25
2023-12-23,Premier League,Liverpool,Arsenal,D,0.5201836167370065,0.21580483210558182,0.26401155115741165,0.38632045598480047,0.265991133628879,0.3476884103863204,2023-11-25
2023-12-24,Premier League,Wolves,Chelsea,H,0.2594673216549041,0.26037804600876796,0.48015463233632805,0.29126917915049516,0.26653124886648044,0.4421995719830244,2023-11-25
2023-12-26,Premier League,Burnley,Liverpool,A,0.13613940946638528,0.18439845667962712,0.6794621338539877,0.12379629262096613,0.17200015877426267,0.7042035486047712,2023-12-26
2023-12-26,Premier League,Newcastle,Nott'm Forest,A,0.6911751479133268,0.17724300639514481,0.13158184569152834,0.6921928150667883,0.1881689206006803,0.11963826433253132,2023-12-26
2023-12-26,Premier League,Bournemouth,Fulham,H,0.39667072744695164,0.23431918507414845,0.36901008747889985,0.5060895487261958,0.2491517778344349,0.24475867343936927,2023-12-26
2023-12-26,Premier League,Sheffield United,Luton,A,0.30560423676662657,0.24576846745474867,0.4486272957786249,0.3954643801586666,0.2956967705745653,0.3088388492667682,2023-12-26
2023-12-26,Premier League,Man United,Aston Villa,H,0.44289062554240527,0.24461045472112983,0.31249891973646493,0.41460525296064893,0.25844094017440983,0.32695380686494124,2023-12-26
2023-12-27,Premier League,Chelsea,Crystal Palace,H,0.5524011801866296,0.24083871317378425,0.2067601066395859,0.5362339859801789,0.2581339134638627,0.20563210055595843,2023-12-26
2023-12-27,Premier League,Brentford,Wolves,A,0.5718599228192328,0.23150059613169702,0.19663948104907,0.432151028483636,0.2868259038608204,0.2810230676555437,2023-12-26
2023-12-27,Premier League,Everton,Man City,A,0.1437136466445925,0.18529902388112926,0.6709873294742782,0.17670342247632773,0.24480323013093264,0.5784933473927396,2023-12-26
2023-12-28,Premier League,Arsenal,West Ham,A,0.6534900104827887,0.18368893931841027,0.16282105019880105,0.7512264089581772,0.15912677628178137,0.0896468147600415,2023-12-26
2023-12-28,Premier League,Brighton,Tottenham,H,0.42122817106325555,0.21942259839977893,0.35934923053696544,0.3924982265310948,0.24831520454008038,0.3591865689288247,2023-12-26
2023-12-30,Premier League,Luton,Chelsea,A,0.23251116332182004,0.2156694339374427,0.551819402740737,0.17485024177833383,0.21096061779777234,0.6141891404238939,2023-12-26
2023-12-30,Premier League,Aston Villa,Burnley,H,0.6491821301938466,0.20106620584476745,0.14975166396138584,0.6927032579209355,0.18428520635255077,0.12301153572651373,2023-12-26
2023-12-30,Premier League,Crystal Palace,Brentford,H,0.34258670858819223,0.2690780008712099,0.38833529054059773,0.4524494652187677,0.29748206428756896,0.2500684704936634,2023-12-26
2023-12-30,Premier League,Man City,Sheffield United,H,0.9300209431172783,0.051625236549492165,0.018353820333229416,0.9040358744394619,0.06909417040358744,0.026869955156950672,2023-12-26
2023-12-30,Premier League,Wolves,Everton,H,0.38876796649123274,0.27054279172557355,0.34068924178319354,0.3273753527751646,0.30009407337723426,0.37253057384760113,2023-12-26
2023-12-30,Premier League,Nott'm Forest,Man United,H,0.25763902859851573,0.2393324571218508,0.5030285142796334,0.2939353085037957,0.26582674075070045,0.4402379507455039,2023-12-26
2023-12-31,Premier League,Fulham,Arsenal,H,0.243092175860052,0.21828224143564415,0.5386255827043039,0.16779282616641478,0.22982050598148757,0.6023866678520978,2023-12-26
2023-12-31,Premier League,Tottenham,Bournemouth,H,0.6821635452922926,0.16666521711217452,0.15117123759553291,0.5415326087937951,0.21118591933352795,0.24728147187267685,2023-12-26
2024-01-01,Premier League,Liverpool,Newcastle,H,0.5937236301119228,0.20328629725859085,0.20299007262948657,0.7041411629686305,0.17047628156082628,0.12538255547054322,2023-12-26
2024-01-02,Premier League,West Ham,Brighton,D,0.4017990818579677,0.22973621868924585,0.36846469945278637,0.3049469457459064,0.2665152758710798,0.4285377783830138,2023-12-26
2024-01-12,Premier League,Burnley,Luton,D,0.44991543898405795,0.24237694780812857,0.3077076132078132,0.4476681264020986,0.28124395260996393,0.2710879209879375,2023-12-26
2024-01-13,Premier League,Newcastle,Man City,A,0.24840418203273293,0.21876880564643977,0.5328270123208272,0.19033508092090268,0.2284020971050832,0.5812628219740141,2023-12-26
2024-01-13,Premier League,Chelsea,Fulham,H,0.5732290501856449,0.2163849947746798,0.21038595503967522,0.5822402816565855,0.23429910129313192,0.18346061705028258,2023-12-26
2024-01-14,Premier League,Everton,Aston Villa,D,0.33368555802199895,0.2523290062958927,0.41398543568210855,0.38162845418480673,0.26957134575381086,0.34880020006138246,2023-12-26
2024-01-14,Premier League,Man United,Tottenham,D,0.4235262354288762,0.22963680353218868,0.3468369610389352,0.4879614007445301,0.24155303171184456,0.27048556754362535,2023-12-26
2024-01-20,Premier League,Arsenal,Crystal Palace,H,0.659878923468752,0.19728378596191662,0.14283729056933125,0.7651698820243229,0.1580106910846976,0.07681942689097947,2023-12-26
2024-01-20,Premier League,Brentford,Nott'm Forest,H,0.6336474053679066,0.20278651406854856,0.16356608056354494,0.5460893197487,0.2518235723193487,0.20208710793195134,2023-12-26
2024-01-21,Premier League,Sheffield United,West Ham,D,0.18772953077220259,0.21786339004920352,0.5944070791785937,0.34506903695473534,0.290476025138016,0.3644549379072486,2023-12-26
2024-01-21,Premier League,Bournemouth,Liverpool,A,0.16217286535759415,0.1808708531656029,0.6569562814768031,0.21586814567830648,0.21732017356403502,0.5668116807576585,2023-12-26
2024-01-22,Premier League,Brighton,Wolves,D,0.5912106619587473,0.2161764076250514,0.19261293041620137,0.5823389338973807,0.22882494579026486,0.1888361203123545,2023-12-26
2024-01-30,Premier League,Aston Villa,Newcastle,A,0.4397716754175464,0.23792495298531,0.3223033715971438,0.5224631921577533,0.23818174936603462,0.23935505847621216,2024-01-30
2024-01-30,Premier League,Nott'm Forest,Arsenal,A,0.18839898667915914,0.20613654325090516,0.6054644700699359,0.10762993220400706,0.18887587324516414,0.7034941945508288,2024-01-30
2024-01-30,Premier League,Fulham,Everton,D,0.45421784428803746,0.25316982915366243,0.2926123265583,0.43580684019170995,0.29720160661391837,0.2669915531943717,2024-01-30
2024-01-30,Premier League,Luton,Brighton,H,0.2590250389821729,0.210608571398927,0.5303663896189003,0.22627248640356992,0.24328545530609397,0.530442058290336,2024-01-30
2024-01-30,Premier League,Crystal Palace,Sheffield United,H,0.6209659649761566,0.22498079846018648,0.15405323656365688,0.6019840145665507,0.24169433003794183,0.15632165539550752,2024-01-30
2024-01-31,Premier League,Tottenham,Brentford,H,0.5352810154446068,0.21277717694060422,0.25194180761478885,0.599518776840374,0.2129869338775013,0.18749428928212472,2024-01-30
2024-01-31,Premier League,Liverpool,Chelsea,H,0.6193802076814432,0.20230795581289843,0.1783118365056581,0.5842262606347641,0.21744744229903776,0.19832629706619803,2024-01-30
2024-01-31,Premier League,Man City,Burnley,H,0.8593930042466683,0.09703573511522244,0.04357126063810917,0.8735282947208508,0.08431447018609951,0.04215723509304976,2024-01-30
2024-02-01,Premier League,West Ham,Bournemouth,D,0.5606432833575239,0.2141439080987105,0.22521280854376546,0.3879650662308163,0.2750825752088556,0.33695235856032824,2024-01-30
2024-02-01,Premier League,Wolves,Man United,A,0.3212387456412482,0.26577170597520994,0.4129895483835419,0.3232564145411457,0.2812143953089158,0.3955291901499384,2024-01-30
2024-02-03,Premier League,Everton,Tottenham,D,0.3042657083508277,0.23456260933325826,0.4611716823159137,0.3136245273858738,0.2599561590631574,0.42641931355096885,2024-01-30
2024-02-03,Premier League,Brighton,Crystal Palace,H,0.554340523745355,0.23293911420641156,0.21272036204823377,0.559223637951497,0.25472490315068186,0.18605145889782118,2024-01-30
2024-02-03,Premier League,Burnley,Fulham,D,0.3385214981509449,0.26226521538769226,0.3992132864613627,0.327631888495937,0.29666667952223563,0.37570143198182737,2024-01-30
2024-02-03,Premier League,Newcastle,Luton,D,0.7136302360466887,0.15641632007408604,0.12995344387922547,0.6295273466019109,0.2067104720185379,0.16376218137955115,2024-01-30
2024-02-03,Premier League,Sheffield United,Aston Villa,A,0.16675818940308432,0.21271862338706216,0.6205231872098534,0.18160747856094359,0.2259534907676856,0.5924390306713707,2024-01-30
2024-02-04,Premier League,Bournemouth,Nott'm Forest,D,0.47335037183534695,0.23512988583634647,0.2915197423283067,0.5843852180063794,0.22198614688571847,0.19362863510790215,2024-01-30
2024-02-04,Premier League,Chelsea,Wolves,A,0.5778414299979863,0.23238066010243077,0.18977790989958296,0.6295535036681003,0.20939792562610676,0.1610485707057931,2024-01-30
2024-02-04,Premier League,Man United,West Ham,H,0.5093550582693916,0.23309506731069157,0.2575498744199168,0.6233341159248159,0.21185211783065644,0.16481376624452762,2024-01-30
2024-02-04,Premier League,Arsenal,Liverpool,H,0.39503043848670655,0.23541122128428796,0.3695583402290054,0.4421817918761529,0.2594133179006764,0.2984048902231707,2024-01-30
2024-02-05,Premier League,Brentford,Man City,A,0.19262070559601535,0.20560825069563976,0.6017710437083449,0.12413177217701925,0.1793014487001389,0.6965667791228418,2024-01-30
2024-02-10,Premier League,Nott'm Forest,Newcastle,A,0.2676106114866182,0.22963803272516703,0.5027513557882148,0.29299508954775166,0.25666060614737085,0.4503443043048775,2024-01-30
2024-02-10,Premier League,Wolves,Brentford,A,0.34817034519172824,0.26273841359330014,0.3890912412149715,0.4285745923241033,0.2748204306711058,0.296604977004791,2024-01-30
2024-02-10,Premier League,Tottenham,Brighton,H,0.5062812915063762,0.21428867792611994,0.2794300305675036,0.5638567932153224,0.2090158802436109,0.22712732654106663,2024-01-30
2024-02-10,Premier League,Fulham,Bournemouth,H,0.5052964192349423,0.22922966899024314,0.2654739117748146,0.3688937769223719,0.2782513060214462,0.3528549170561819,2024-01-30
2024-02-10,Premier League,Liverpool,Burnley,H,0.8122775685993059,0.12354642893723475,0.06417600246345921,0.8330482652445336,0.10424336436716926,0.06270837038829714,2024-01-30
2024-02-10,Premier League,Man City,Everton,H,0.800466384203686,0.12920755713545506,0.07032605866085889,0.7798813158420581,0.14117559586046016,0.07894308829748178,2024-01-30
2024-02-10,Premier League,Luton,Sheffield United,A,0.5842443579294649,0.21095619153772954,0.20479945053280554,0.5645043445027709,0.23974011667771997,0.19575553881950924,2024-01-30
2024-02-11,Premier League,West Ham,Arsenal,A,0.2792944760363332,0.22933901224495895,0.4913665117187078,0.15559686267398107,0.2210182708437231,0.6233848664822959,2024-01-30
2024-02-11,Premier League,Aston Villa,Man United,A,0.4549566869123902,0.24593775838278503,0.2991055547048248,0.4463803523209464,0.24761047533324762,0.30600917234580605,2024-01-30
2024-02-12,Premier League,Crystal Palace,Chelsea,A,0.30944022357201234,0.2677299524719127,0.4228298239560748,0.19255243931180765,0.24322413386754652,0.5642234268206457,2024-01-30
2024-02-17,Premier League,Nott'm Forest,West Ham,H,0.3390319274405714,0.24389623508727037,0.41707183747215826,0.4248660902807104,0.27484275331718266,0.30029115640210696,2024-01-30
2024-02-17,Premier League,Newcastle,Bournemouth,D,0.6490772759693696,0.18559746762634327,0.16532525640428716,0.48612956585405537,0.2467662770832768,0.26710415706266777,2024-01-30
2024-02-17,Premier League,Tottenham,Wolves,A,0.6170637675667674,0.2035983804857732,0.1793378519474596,0.6410425508140547,0.19320843347888672,0.16574901570705863,2024-01-30
2024-02-17,Premier League,Burnley,Arsenal,A,0.16367601410034321,0.20711884779209785,0.6292051381075587,0.09348093480934809,0.15867158671586717,0.7478474784747847,2024-01-30
2024-02-17,Premier League,Brentford,Liverpool,A,0.25025526247147106,0.22363926321207125,0.5261054743164575,0.1995380937588633,0.21747410218662627,0.5829878040545102,2024-01-30
2024-02-17,Premier League,Fulham,Aston Villa,A,0.3389806189966232,0.2476404304157891,0.4133789505875876,0.3136245273858738,0.2599561590631574,0.42641931355096885,2024-01-30
2024-02-17,Premier League,Man City,Chelsea,D,0.6895157695856293,0.17776926232114182,0.13271496809322877,0.7417301900242106,0.14722220438359335,0.11104760559219612,2024-01-30
2024-02-18,Premier League,Luton,Man United,A,0.26075014937390023,0.21953854992162702,0.5197113007044726,0.22437190037604227,0.234127200392392,0.5415008992315657,2024-01-30
2024-02-18,Premier League,Sheffield United,Brighton,A,0.1689546389173337,0.20631277916101493,0.6247325819216515,0.19765997777632524,0.2246552062226289,0.5776848160010458,2024-01-30
2024-02-19,Premier League,Everton,Crystal Palace,D,0.4220840353804872,0.275621394309487,0.3022945703100258,0.5302183697182781,0.27802281277491375,0.19175881750680812,2024-01-30
2024-02-20,Premier League,Man City,Brentford,H,0.7453034616019374,0.15160817269130453,0.10308836570675815,0.8213618501578303,0.11402435096308701,0.06461379887908264,2024-01-30
2024-02-21,Premier League,Liverpool,Luton,H,0.8506156166636072,0.09409735997889894,0.05528702335749393,0.7693704927836822,0.1387753414111981,0.09185416580511965,2024-01-30
2024-02-24,Premier League,Aston Villa,Nott'm Forest,H,0.6295011122032332,0.2025287667708473,0.1679701210259193,0.6035737872425265,0.21546647393801946,0.18095973881945396,2024-01-30
2024-02-24,Premier League,Brighton,Everton,D,0.5682045109497028,0.22320711234293045,0.20858837670736666,0.5192251396861357,0.24395754050579746,0.23681731980806683,2024-01-30
2024-02-24,Premier League,Crystal Palace,Burnley,H,0.5137993061559535,0.2621858292768471,0.2240148645671995,0.49049881235154397,0.2743467933491686,0.2351543942992874,2024-01-30
2024-02-24,Premier League,Man United,Fulham,A,0.5544025812240719,0.22613453411033863,0.21946288466558952,0.5874717743845632,0.22754188444472517,0.18498634117071167,2024-01-30
2024-02-24,Premier League,Bournemouth,Man City,A,0.11316562647687632,0.15520775457214014,0.7316266189509835,0.14381765294931095,0.18668637642458633,0.6694959706261028,2024-01-30
2024-02-24,Premier League,Arsenal,Newcastle,H,0.5689418859869897,0.21010072247432823,0.22095739153868202,0.7130758295272375,0.16865793533165965,0.11826623514110282,2024-01-30
2024-02-25,Premier League,Wolves,Sheffield United,H,0.6132526194569252,0.22644576374645792,0.16030161679661714,0.6511484844376363,0.20864757888431784,0.14020393667804595,2024-01-30
2024-02-26,Premier League,West Ham,Brentford,H,0.42507264139428924,0.24090169704634065,0.33402566155937025,0.41770796144234207,0.270349875044627,0.31194216351303106,2024-01-30
2024-03-02,Premier League,Luton,Aston Villa,A,0.2741812483621035,0.20883330223229882,0.5169854494055975,0.21332961517010599,0.2156999442275516,0.5709704406023425,2024-03-02
2024-03-02,Premier League,Tottenham,Crystal Palace,H,0.5953303575628217,0.2113771400219597,0.19329250241521867,0.6301878500607632,0.2109759324116468,0.15883621752759003,2024-03-02
2024-03-02,Premier League,Nott'm Forest,Liverpool,A,0.14791471812356616,0.18296958884458878,0.669115693031845,0.1791855698006759,0.21494322231078863,0.6058712078885354,2024-03-02
2024-03-02,Premier League,Fulham,Brighton,H,0.34395719198614905,0.24242852207364585,0.41361428594020516,0.37119356102206486,0.2827113749644797,0.3460950640134555,2024-03-02
2024-03-02,Premier League,Everton,West Ham,A,0.407276835535231,0.25901531512367176,0.3337078493410973,0.44816379238824217,0.2731784914276645,0.27865771618409324,2024-03-02
2024-03-02,Premier League,Brentford,Chelsea,D,0.38700378828082654,0.2462206508614832,0.36677556085769036,0.29691965703397905,0.26040012702445214,0.4426802159415687,2024-03-02
2024-03-02,Premier League,Newcastle,Wolves,H,0.5746837769877083,0.22029841777405074,0.20501780523824092,0.5611877401217285,0.2268352314043435,0.211977028473928,2024-03-02
2024-03-03,Premier League,Burnley,Bournemouth,A,0.35571110680623025,0.25942780828251233,0.3848610849112576,0.2557840616966581,0.2557840616966581,0.48843187660668386,2024-03-02
2024-03-03,Premier League,Man City,Man United,H,0.6935467774159153,0.17863641835102603,0.12781680423305852,0.7766561640811576,0.1337574504806438,0.08958638543819863,2024-03-02
2024-03-04,Premier League,Sheffield United,Arsenal,A,0.07636645216502072,0.13520367395064758,0.7884298738843317,0.05528352073509853,0.12483375649860959,0.8198827227662918,2024-03-02
2024-03-09,Premier League,Man United,Everton,H,0.546960374953501,0.23913626895507584,0.21390335609142327,0.4980886685110213,0.25969863732526505,0.24221269416371358,2024-03-02
2024-03-09,Premier League,Bournemouth,Sheffield United,D,0.6300269297307189,0.20502731408100364,0.16494575618827728,0.7199966683665789,0.16663135330072812,0.11337197833269282,2024-03-02
2024-03-09,Premier League,Crystal Palace,Luton,D,0.508633526244479,0.2250916558915191,0.2662748178640018,0.5059044832270875,0.25833420420106595,0.23576131257184657,2024-03-02
2024-03-09,Premier League,Wolves,Fulham,H,0.4165970509550908,0.2616296007743182,0.3217733482705911,0.3802282532203286,0.2829605605360585,0.33681118624361284,2024-03-02
2024-03-09,Premier League,Arsenal,Brentford,H,0.6598420628291127,0.18616423722037384,0.1539936999505135,0.7958533997224717,0.12945881968818873,0.07468778058933966,2024-03-02
2024-03-10,Premier League,Liverpool,Man City,D,0.37460432774640684,0.24065282965098897,0.38474284260260433,0.2792026356395179,0.2491346594937237,0.47166270486675843,2024-03-02
2024-03-10,Premier League,West Ham,Burnley,D,0.5825390002379415,0.22413226934361238,0.19332873041844634,0.5839171344983,0.23757412825175928,0.17850873724994068,2024-03-02
2024-03-10,Premier League,Brighton,Nott'm Forest,H,0.6148250939201972,0.20305632753350614,0.18211857854629654,0.5956473988587286,0.2211629294167945,0.18318967172447695,2024-03-02
2024-03-10,Premier League,Aston Villa,Tottenham,A,0.43791339613196617,0.22614768349085956,0.3359389203771742,0.38178600113038047,0.25221614064312703,0.3659978582264925,2024-03-02
2024-03-11,Premier League,Chelsea,Newcastle,H,0.45376713838509924,0.23439313345624518,0.31183972815865557,0.5256573016709764,0.2256301642903263,0.24871253403869728,2024-03-02
2024-03-13,Premier League,Bournemouth,Luton,H,0.4913025010341678,0.21289949102598388,0.2957980079398485,0.6322006748236256,0.19780511911659454,0.16999420605977983,2024-03-02
2024-03-16,Premier League,Burnley,Brentford,H,0.2625768316710063,0.24713669183410583,0.4902864764948878,0.3061877745645599,0.26676085564802754,0.4270513697874126,2024-03-02
2024-03-16,Premier League,Luton,Nott'm Forest,D,0.4498655326267075,0.22037683524896967,0.32975763212432296,0.36446700507614216,0.27106598984771574,0.36446700507614216,2024-03-02
2024-03-16,Premier League,Fulham,Tottenham,H,0.32175378647447833,0.22873097222433197,0.4495152413011894,0.28205348697222465,0.24327113251354374,0.47467538051423175,2024-03-02
2024-03-17,Premier League,West Ham,Aston Villa,D,0.35478646627525756,0.24157093673531502,0.4036425969894273,0.3924012580648798,0.2637276747969924,0.3438710671381279,2024-03-02
2024-03-30,Premier League,Brentford,Man United,D,0.3948653031916585,0.24584555041871284,0.3592891463896286,0.28730625480927774,0.23989364625700782,0.4728000989337144,2024-03-02
2024-03-30,Premier League,Tottenham,Luton,H,0.7086054008289632,0.14933113625918515,0.1420634629118516,0.8088520757469302,0.1149980848433509,0.0761498394097189,2024-03-02
2024-03-30,Premier League,Sheffield United,Fulham,D,0.22621139678211374,0.23583923994822242,0.5379493632696639,0.19826838368440114,0.23475360683213595,0.5669780094834629,2024-03-02
2024-03-30,Premier League,Aston Villa,Wolves,H,0.5597203910146128,0.23104024032052936,0.20923936866485798,0.6342487318523701,0.22004547839776104,0.1457057897498688,2024-03-02
2024-03-30,Premier League,Chelsea,Burnley,D,0.6707563663650946,0.19553078797076093,0.13371284566414424,0.7695300065730457,0.14443130753998604,0.08603868588696843,2024-03-02
2024-03-30,Premier League,Bournemouth,Everton,H,0.3977929509307722,0.26031402276814897,0.34189302630107893,0.44331601668251996,0.25840345357430305,0.298280529743177,2024-03-02
2024-03-30,Premier League,Newcastle,West Ham,H,0.5588327413047222,0.21202814044786014,0.22913911824741762,0.523917031629402,0.23132374904878134,0.24475921932181663,2024-03-02
2024-03-30,Premier League,Nott'm Forest,Crystal Palace,D,0.3907569594702793,0.2660047000939567,0.34323834043576407,0.43145452191124506,0.2855213747942063,0.28302410329454847,2024-03-02
2024-03-31,Premier League,Liverpool,Brighton,H,0.6531162180867977,0.1846174912720769,0.1622662906411255,0.7491119250519961,0.14641733080561745,0.1044707441423865,2024-03-02
2024-03-31,Premier League,Man City,Arsenal,D,0.5494836062493611,0.22241108025714085,0.2281053134934979,0.4667698356267515,0.27098582123886406,0.26224434313438455,2024-03-02
2024-04-02,Premier League,Newcastle,Everton,D,0.5882434176244935,0.2173620886644127,0.19439449371109402,0.48013767388498496,0.2578517137530475,0.26201061236196754,2024-04-02
2024-04-02,Premier League,Nott'm Forest,Fulham,H,0.3650317555974205,0.25888412327985677,0.3760841211227226,0.3549332065459119,0.27945890400453977,0.36560788944954825,2024-04-02
2024-04-02,Premier League,Bournemouth,Crystal Palace,H,0.4198179732749425,0.2607188345084298,0.31946319221662767,0.5148315447248037,0.25013666311822075,0.2350317921569756,2024-04-02
2024-04-02,Premier League,Burnley,Wolves,D,0.34105583575579396,0.27785632997192716,0.38108783427227894,0.4110320284697509,0.27402135231316727,0.31494661921708184,2024-04-02
2024-04-02,Premier League,West Ham,Tottenham,D,0.3378718237591868,0.22694277991612113,0.4351853963246922,0.2810352429479296,0.22891837864537926,0.4900463784066912,2024-04-02
2024-04-03,Premier League,Arsenal,Luton,H,0.8254862217855625,0.10679121541258361,0.06772256280185374,0.8579509742300441,0.0923318667504714,0.0497171590194846,2024-04-02
2024-04-03,Premier League,Brentford,Brighton,D,0.4119860814768986,0.24292640946108676,0.3450875090620147,0.37842458613068675,0.26792043701263496,0.3536549768566781,2024-04-02
2024-04-03,Premier League,Man City,Aston Villa,H,0.7084715181625835,0.17419220429676074,0.11733627754065602,0.7993841781146377,0.12896731406916154,0.07164850781620084,2024-04-02
2024-04-04,Premier League,Liverpool,Sheffield United,H,0.9035654203910731,0.06826531327406495,0.028169266334861946,0.9161780916018339,0.05249452849178077,0.031327379906385296,2024-04-02
2024-04-04,Premier League,Chelsea,Man United,H,0.4511541586519537,0.2468503702378188,0.30199547111022745,0.5347636922026958,0.22069612694079513,0.24454018085650917,2024-04-02
2024-04-06,Premier League,Wolves,West Ham,A,0.3928397248191331,0.2593991989686378,0.34776107621222907,0.33421860449073915,0.28437898803159384,0.3814024074776671,2024-04-02
2024-04-06,Premier League,Brighton,Arsenal,A,0.2700666599836592,0.23542442629217578,0.49450891372416494,0.14789264688661066,0.21058626893636953,0.6415210841770197,2024-04-02
2024-04-06,Premier League,Luton,Bournemouth,H,0.42753033093723897,0.21737473435830215,0.35509493470445885,0.25457222718121464,0.2389351124894938,0.5064926603292916,2024-04-02
2024-04-06,Premier League,Aston Villa,Brentford,D,0.4922532605776285,0.23504137696612992,0.27270536245624144,0.5876373820893878,0.2297634313856611,0.18259918652495102,2024-04-02
2024-04-06,Premier League,Everton,Burnley,H,0.515060558099107,0.25766096596366517,0.22727847593722786,0.5505359697886614,0.2471794150071541,0.20228461520418456,2024-04-02
2024-04-06,Premier League,Fulham,Newcastle,A,0.34765534397385345,0.23534750265863233,0.4169971533675142,0.3936451366724185,0.2627847263732091,0.3435701369543724,2024-04-02
2024-04-06,Premier League,Crystal Palace,Man City,A,0.13231809061008193,0.20559910051903874,0.6620828088708792,0.11027525558372386,0.18138733628724676,0.7083374081290292,2024-04-02
2024-04-07,Premier League,Man United,Liverpool,D,0.26876389406669576,0.23658690286052295,0.49464920307278126,0.19395151212196954,0.19995001249687583,0.6060984753811548,2024-04-02
2024-04-07,Premier League,Sheffield United,Chelsea,D,0.14901696670380274,0.19296527619693132,0.6580177570992659,0.14465753424657532,0.1832876712328767,0.6720547945205478,2024-04-02
2024-04-07,Premier League,Tottenham,Nott'm Forest,H,0.6508812360911101,0.19084050401669295,0.15827825989219702,0.6830699449224235,0.17635624032542568,0.14057381475215092,2024-04-02
2024-04-13,Premier League,Newcastle,Tottenham,H,0.451193843207842,0.2190534853039396,0.32975267148821824,0.36833906900923746,0.2380728128962145,0.39358811809454813,2024-04-02
2024-04-13,Premier League,Brentford,Sheffield United,H,0.7354247611857414,0.15957450544850774,0.10500073336575093,0.6516259817140536,0.19302638424531607,0.15534763404063037,2024-04-02
2024-04-13,Premier League,Burnley,Brighton,D,0.24645150276608152,0.24240063190465985,0.5111478653292585,0.2445265997321766,0.23910605934402493,0.5163673409237984,2024-04-02
2024-04-13,Premier League,Man City,Luton,H,0.8803636710543574,0.07889577440264411,0.04074055454299858,0.8916323731138546,0.07133058984910837,0.03703703703703704,2024-04-02
2024-04-13,Premier League,Nott'm Forest,Wolves,D,0.3960815020646037,0.27506828679586115,0.3288502111395351,0.469180634124327,0.27591020245379455,0.2549091634218784,2024-04-02
2024-04-13,Premier League,Bournemouth,Man United,D,0.3044338892384748,0.24168464277876686,0.4538814679827584,0.4083131006207929,0.23702077548231396,0.3546661238968931,2024-04-02
2024-04-14,Premier League,Arsenal,Aston Villa,A,0.6296225023725026,0.20135010925755745,0.16902738836993988,0.7782289249806651,0.13785769528228922,0.08391337973704563,2024-04-02
2024-04-14,Premier League,Liverpool,Crystal Palace,A,0.7341495036781542,0.1674067440600368,0.09844375226180908,0.8195358733958374,0.11377086242436331,0.06669326417979918,2024-04-02
2024-04-14,Premier League,West Ham,Fulham,A,0.4507336155421673,0.23966281039082776,0.30960357406700495,0.3988299707492688,0.264441611040276,0.3367284182104553,2024-04-02
2024-04-15,Premier League,Chelsea,Everton,H,0.5685253964151585,0.2328627608011238,0.1986118427837177,0.5812628219740141,0.2284020971050832,0.19033508092090268,2024-04-02
2024-04-20,Premier League,Luton,Brentford,A,0.3241318311788302,0.21743458131918394,0.4584335875019858,0.33308040185752874,0.2747442862779616,0.3921753118645097,2024-04-02
2024-04-20,Premier League,Sheffield United,Burnley,A,0.3280702925921376,0.2612241263055344,0.4107055811023278,0.3657001144601297,0.27401755055322397,0.3602823349866463,2024-04-02
2024-04-20,Premier League,Wolves,Arsenal,A,0.1805886270980651,0.2246336234477781,0.5947777494541568,0.08260571564800191,0.14706320588848829,0.7703310784635099,2024-04-02
2024-04-21,Premier League,Everton,Nott'm Forest,H,0.4593834317905001,0.267605765341629,0.2730108028678708,0.4157106222162235,0.2947766230260494,0.2895127547577271,2024-04-02
2024-04-21,Premier League,Aston Villa,Bournemouth,H,0.5940760712182662,0.2090682944468939,0.1968556343348402,0.5211026550176027,0.23709536858465133,0.24180197639774617,2024-04-02
2024-04-21,Premier League,Crystal Palace,West Ham,H,0.3954766550686117,0.2628300233643434,0.3416933215670448,0.43632692328796185,0.27408705322032534,0.28958602349171275,2024-04-02
2024-04-21,Premier League,Fulham,Liverpool,A,0.19596995209558754,0.21078574296932176,0.5932443049350905,0.2082816761715844,0.21522439871063723,0.5764939251177783,2024-04-02
2024-04-23,Premier League,Arsenal,Chelsea,H,0.611310992188511,0.2079929185603564,0.18069608925113242,0.6894880493839757,0.18342983955309541,0.12708211106292885,2024-04-02
2024-04-24,Premier League,Man United,Sheffield United,H,0.7707910543452476,0.14508207743800783,0.08412686821674462,0.7335729913056208,0.15370100770213008,0.11272600099224907,2024-04-02
2024-04-24,Premier League,Everton,Liverpool,H,0.17230567388294618,0.21589820532130627,0.6117961207957475,0.12667540484546108,0.1811339901061266,0.6921906050484122,2024-04-02
2024-04-24,Premier League,Wolves,Bournemouth,A,0.4473652798999042,0.2543708603271316,0.29826385977296427,0.3460605671998702,0.26496735526747556,0.3889720775326541,2024-04-02
2024-04-24,Premier League,Crystal Palace,Newcastle,H,0.30548593075954805,0.2509649020318601,0.44354916720859183,0.31495460742908454,0.2637424761398025,0.421302916431113,2024-04-02
2024-04-25,Premier League,Brighton,Man City,A,0.19822677699381006,0.21946800291630467,0.5823052200898854,0.12256027112377724,0.16550874220134024,0.7119309866748825,2024-04-02
2024-04-27,Premier League,West Ham,Liverpool,D,0.19624924200337207,0.20606458709827713,0.5976861708983506,0.18147847851376603,0.19614340607043396,0.6223781154158,2024-04-02
2024-04-27,Premier League,Fulham,Crystal Palace,D,0.4675912624207853,0.2598680635321326,0.27254067404708193,0.46087297632552665,0.2818672405932931,0.25725978308118025,2024-04-02
2024-04-27,Premier League,Man United,Burnley,D,0.6554106091425692,0.20198441516355153,0.14260497569387917,0.6469177188939106,0.18343602615139243,0.16964625495469687,2024-04-02
2024-04-27,Premier League,Newcastle,Sheffield United,H,0.8037578889273769,0.12278147297069994,0.07346063810192326,0.8010738176461215,0.12214594424083174,0.07678023811304678,2024-04-02
2024-04-27,Premier League,Wolves,Luton,H,0.5048682560448012,0.2259176059685898,0.26921413798660887,0.5028480208975802,0.2520770598265791,0.24507491927584082,2024-04-02
2024-04-27,Premier League,Everton,Brentford,H,0.3603138114427808,0.26234294502153815,0.377343243535681,0.3244888023369036,0.2829844206426485,0.3925267770204479,2024-04-02
2024-04-27,Premier League,Aston Villa,Chelsea,D,0.42875076406282137,0.24535962411717888,0.3258896118199997,0.476163580005376,0.23924885760074036,0.28458756239388355,2024-04-02
2024-04-28,Premier League,Tottenham,Arsenal,A,0.30935163335611543,0.22850965586270486,0.4621387107811798,0.22336014879151603,0.23078780219550943,0.5458520490129746,2024-04-02
2024-04-28,Premier League,Bournemouth,Brighton,H,0.3201790442193197,0.23800135341161022,0.44181960236907,0.4952840075455879,0.23279536086075595,0.2719206315936561,2024-04-02
2024-04-28,Premier League,Nott'm Forest,Man City,A,0.11157825372366956,0.17975992354298134,0.708661822733349,0.08848519715006418,0.15698986591140418,0.7545249369385317,2024-04-02
2024-05-02,Premier League,Chelsea,Tottenham,H,0.45913894916045783,0.22201591889825886,0.3188451319412834,0.3957541376688695,0.24097900462015323,0.3632668577109772,2024-05-02
2024-05-03,Premier League,Luton,Everton,D,0.3742869983672463,0.2405294846535688,0.3851835169791849,0.3503208644554322,0.2632140549151625,0.38646508062940527,2024-05-02
2024-05-04,Premier League,Arsenal,Bournemouth,H,0.7571205970980103,0.14851036217013008,0.09436904073185969,0.7978775670629852,0.13316301464085684,0.06895941829615801,2024-05-02
2024-05-04,Premier League,Brentford,Fulham,D,0.5007891808959573,0.2372018746459116,0.2620089444581311,0.4653643576238416,0.2559503966931128,0.2786852456830455,2024-05-02
2024-05-04,Premier League,Burnley,Newcastle,A,0.23583012601656872,0.2287693320517004,0.5354005419317308,0.28828480675812646,0.23076479780876158,0.480950395433112,2024-05-02
2024-05-04,Premier League,Sheffield United,Nott'm Forest,A,0.28283914576596575,0.24354558511938387,0.4736152691146505,0.19114568394980977,0.22740516966394234,0.5814491463862478,2024-05-02
2024-05-04,Premier League,Man City,Wolves,H,0.8045517396845747,0.1326522217610633,0.06279603855436186,0.8870636550308008,0.07227926078028747,0.0406570841889117,2024-05-02
2024-05-05,Premier League,Brighton,Aston Villa,H,0.4159143395267727,0.24242017059997575,0.34166548987325157,0.4041113357406059,0.25296319977528836,0.34292546448410577,2024-05-02
2024-05-05,Premier League,Chelsea,West Ham,H,0.5763288724991069,0.20837598527790688,0.21529514222298624,0.6472201843641351,0.18851073330994228,0.16426908232592263,2024-05-02
2024-05-05,Premier League,Liverpool,Tottenham,H,0.6344298188949751,0.18619417697080876,0.1793760041342161,0.6837359214862566,0.16456017093398037,0.15170390757976315,2024-05-02
2024-05-06,Premier League,Crystal Palace,Man United,H,0.34719381903973934,0.2617076414051526,0.3910985395551079,0.48809511752969886,0.2398294528108891,0.272075429659412,2024-05-02
2024-05-11,Premier League,West Ham,Luton,H,0.5895793114271846,0.19281463922252556,0.2176060493502899,0.515741787903156,0.22707132582153003,0.2571868862753139,2024-05-02
2024-05-11,Premier League,Wolves,Crystal Palace,A,0.38384053615731417,0.28476874641977173,0.33139071742291404,0.2938724605336571,0.2679663483103044,0.4381611911560383,2024-05-02
2024-05-11,Premier League,Tottenham,Burnley,H,0.6819022900563061,0.17933586367471976,0.13876184626897434,0.7363420620711247,0.1477194642133497,0.11593847371552565,2024-05-02
2024-05-11,Premier League,Nott'm Forest,Chelsea,A,0.28562432787416453,0.24176623690148893,0.47260943522434673,0.24015303240384123,0.24377342987726594,0.5160735377188929,2024-05-02
2024-05-11,Premier League,Everton,Sheffield United,H,0.6378733429692143,0.20688534792521734,0.15524130910556846,0.6716547852583853,0.19076585616806208,0.13757935857355258,2024-05-02
2024-05-11,Premier League,Bournemouth,Brentford,A,0.3629957460164417,0.24355960218101966,0.3934446518025385,0.4501835006497493,0.2506176189184172,0.29919888043183346,2024-05-02
2024-05-11,Premier League,Fulham,Man City,A,0.14326275796329763,0.19195385142200314,0.6647833906146994,0.08878396160693551,0.13077637588048607,0.7804396625125785,2024-05-02
2024-05-11,Premier League,Newcastle,Brighton,D,0.5234305286535099,0.2216460965703453,0.254923374776145,0.6060827226282481,0.20035792483578452,0.19355935253596745,2024-05-02
2024-05-12,Premier League,Man United,Arsenal,A,0.2642425797476412,0.23472463458908488,0.5010327856632739,0.09880374393112769,0.13664347564943194,0.7645527804194404,2024-05-02
2024-05-13,Premier League,Aston Villa,Liverpool,D,0.2793246322812176,0.2298676622273616,0.4908077054914208,0.2488679587031335,0.2119181307734106,0.5392139105234559,2024-05-02
2024-05-14,Premier League,Tottenham,Man City,A,0.2135864219974444,0.20758077948189463,0.5788327985206609,0.1465850353791338,0.15235609976413908,0.7010588648567271,2024-05-02
2024-05-15,Premier League,Brighton,Chelsea,A,0.39999321967828105,0.24044404807834327,0.35956273224337565,0.30400733494647003,0.23052688905893462,0.4654657759945953,2024-05-02
2024-05-15,Premier League,Man United,Newcastle,H,0.42565946379233793,0.23279601282948026,0.34154452337818186,0.3564727954971857,0.24953095684803003,0.3939962476547842,2024-05-02
2024-05-19,Premier League,Sheffield United,Tottenham,A,0.14627789385822595,0.17003996834934415,0.6836821377924299,0.12156265152039898,0.15896654429590634,0.7194708041836947,2024-05-02
2024-05-19,Premier League,Man City,West Ham,H,0.807151785383072,0.12311771705816392,0.06973049755876394,0.901128441916046,0.06423767040973813,0.034633887674215845,2024-05-02
2024-05-19,Premier League,Luton,Fulham,A,0.3473016917878546,0.22528509062792026,0.427413217584225,0.31254493363235436,0.24361271769338896,0.44384234867425665,2024-05-02
2024-05-19,Premier League,Crystal Palace,Aston Villa,H,0.34503233656724613,0.26064772152480403,0.3943199419079498,0.5959665898765782,0.20935895290922898,0.19467445721419285,2024-05-02
2024-05-19,Premier League,Liverpool,Wolves,H,0.7391996882952265,0.16341934629796437,0.09738096540680906,0.850948500203776,0.08995058982509513,0.05910090997112888,2024-05-02
2024-05-19,Premier League,Burnley,Nott'm Forest,A,0.386049502913252,0.2682228354737474,0.34572766161300056,0.33972755073672506,0.24826244092299143,0.4120100083402836,2024-05-02
2024-05-19,Premier League,Brighton,Man United,A,0.41822320677948044,0.2431091539877688,0.3386676392327507,0.36594778660612937,0.2415437003405221,0.3925085130533485,2024-05-02
2024-05-19,Premier League,Brentford,Newcastle,A,0.39240234510398897,0.23645060383440542,0.3711470510616056,0.32540505253039015,0.24023731038663373,0.43435763708297614,2024-05-02
2024-05-19,Premier League,Arsenal,Everton,H,0.7236694291598307,0.17397929331665857,0.10235127752351078,0.7913053919355194,0.13483136566499074,0.07386324239948994,2024-05-02
2024-05-19,Premier League,Chelsea,Bournemouth,H,0.602098469660594,0.20333233297305625,0.1945691973663498,0.6924800860809031,0.17342971744423333,0.13409019647486364,2024-05-02
2024-08-16,Premier League,Man United,Fulham,H,0.529582081782488,0.23018194116279633,0.2402359770547158,0.5873470450403541,0.22910700338453524,0.18354595157511064,2024-08-16
2024-08-17,Premier League,West Ham,Aston Villa,A,0.37134999834751165,0.23548019991248975,0.3931698017399985,0.3828837762792543,0.2770725902419675,0.34004363347877836,2024-08-16
2024-08-17,Premier League,Nott'm Forest,Bournemouth,D,0.4327092910036915,0.24687375179634702,0.3204169571999615,0.4338981305041974,0.27769480352268633,0.2884070659731163,2024-08-16
2024-08-17,Premier League,Newcastle,Southampton,H,0.6891540820485387,0.17585728800355205,0.1349886299479093,0.6832856239744854,0.18306897849882442,0.13364539752669,2024-08-16
2024-08-17,Premier League,Everton,Brighton,A,0.35342634014557556,0.2713209014531553,0.3752527584012691,0.30899926374808856,0.2854392025825451,0.40556153366936626,2024-08-16
2024-08-17,Premier League,Arsenal,Wolves,H,0.7606906884013829,0.15584205471749865,0.08346725688111836,0.8414870179595014,0.10692928957496425,0.05158369246553446,2024-08-16
2024-08-18,Premier League,Brentford,Crystal Palace,H,0.45851445909166305,0.2547111308844929,0.28677441002384413,0.3334468243159589,0.3005138046304321,0.366039371053609,2024-08-16
2024-08-18,Premier League,Chelsea,Man City,A,0.21178995100775766,0.21664807026489954,0.5715619787273428,0.25338245694830513,0.2501422720768434,0.49647527097485156,2024-08-16
2024-08-19,Premier League,Leicester,Tottenham,D,0.3734952382584477,0.2302688986660042,0.396235863075548,0.20898450179086028,0.22394644071815048,0.5670690574909892,2024-08-16
2024-08-24,Premier League,Aston Villa,Arsenal,A,0.2463240989237364,0.2301830230534903,0.5234928780227732,0.20048712873546176,0.24068380553638352,0.5588290657281548,2024-08-16
2024-08-24,Premier League,Tottenham,Everton,H,0.5850626088895323,0.21834906994609907,0.19658832116436856,0.7075641229986468,0.171265520937835,0.12117035606351827,2024-08-16
2024-08-24,Premier League,Southampton,Nott'm Forest,A,0.3893372442219061,0.2605124314101962,0.3501503243678978,0.41538792404136754,0.2734050460498266,0.3112070299088059,2024-08-16
2024-08-24,Premier League,Crystal Palace,West Ham,A,0.47984287383987456,0.24459347462297834,0.27556365153714696,0.49357326478149094,0.2532133676092545,0.2532133676092545,2024-08-16
2024-08-24,Premier League,Fulham,Leicester,H,0.4216239955225985,0.24657710961500925,0.3317988948623923,0.5168618759195215,0.2550394558343046,0.2280986682461738,2024-08-16
2024-08-24,Premier League,Brighton,Man United,H,0.4224869205391851,0.24616335661282945,0.33134972284798564,0.4016433853738701,0.25850451930977814,0.3398520953163517,2024-08-16
2024-08-25,Premier League,Bournemouth,Newcastle,D,0.2920046280290645,0.22406236132339497,0.48393301064754046,0.3703809991315184,0.2661480950043424,0.3634709058641392,2024-08-16
2024-08-25,Premier League,Wolves,Chelsea,A,0.26666746798492647,0.24498293957062903,0.4883495924444446,0.24886192192015288,0.24696703418979638,0.5041710438900507,2024-08-16
2024-08-25,Premier League,Liverpool,Brentford,H,0.6801443144280298,0.178512203295697,0.14134348227627344,0.7968004606020728,0.125431814443165,0.0777677249547623,2024-08-16
2024-08-31,Premier League,Arsenal,Brighton,D,0.6761689925314361,0.18814196629653127,0.1356890411720326,0.7079571698509343,0.17698929246273357,0.11505353768633216,2024-08-16
2024-08-31,Premier League,Brentford,Southampton,H,0.5932266144534147,0.2189597285627852,0.18781365698380026,0.5337475514201763,0.2484451518119491,0.21780729676787464,2024-08-16
2024-08-31,Premier League,Everton,Bournemouth,A,0.4424366103672745,0.2609072665721501,0.2966561230605757,0.310178271157239,0.28230718012571904,0.40751454871704207,2024-08-16
2024-08-31,Premier League,Leicester,Aston Villa,A,0.4038629386093104,0.239999754919077,0.3561373064716125,0.24244085316314445,0.2512113233034132,0.5063478235334423,2024-08-16
2024-08-31,Premier League,Nott'm Forest,Wolves,D,0.44602951124754964,0.26304860505063915,0.29092188370181127,0.4863802683290419,0.26290825315083344,0.2507114785201247,2024-08-16
2024-08-31,Premier League,West Ham,Man City,A,0.12494953228241852,0.17151112118458742,0.7035393465329943,0.1261406333870102,0.1850062623009483,0.6888531043120416,2024-08-16
2024-09-01,Premier League,Man United,Liverpool,A,0.27114178007832684,0.2271349769675444,0.5017232429541286,0.2770839443000597,0.23663373345333563,0.4862823222466048,2024-08-16
2024-09-01,Premier League,Newcastle,Tottenham,H,0.4919925806184591,0.21229677279925918,0.2957106465822818,0.38439163561661144,0.2500027861465365,0.3656055782368522,2024-08-16
2024-09-01,Premier League,Chelsea,Crystal Palace,D,0.5410215174309322,0.23184828589295306,0.22713019667611478,0.5784025586722567,0.22917837230410165,0.1924190690236418,2024-08-16
2024-09-14,Premier League,Southampton,Man United,A,0.2737893774472857,0.24427698425979757,0.4819336382929168,0.23110113910942354,0.23558853986882983,0.5333103210217466,2024-08-16
2024-09-14,Premier League,Crystal Palace,Leicester,D,0.4411555442538673,0.2549423357400048,0.3039021200061278,0.580391969178492,0.2411081065990253,0.1784999242224828,2024-08-16
2024-09-14,Premier League,Fulham,West Ham,D,0.4606793940565085,0.23788834398849226,0.3014322619549993,0.4119830029394828,0.28512606655049244,0.3028909305100247,2024-08-16
2024-09-14,Premier League,Liverpool,Nott'm Forest,A,0.7651302100373225,0.14416578121808843,0.09070400874458888,0.7900155901832469,0.1355582306643546,0.07442617915239855,2024-08-16
2024-09-14,Premier League,Man City,Brentford,H,0.7680767469777858,0.14557352261007425,0.08634973041213997,0.7968249122271408,0.13391085330483896,0.06926423446802013,2024-08-16
2024-09-14,Premier League,Aston Villa,Everton,H,0.537591069555889,0.23998937871225962,0.22241955173185152,0.578428036747193,0.24293977543382106,0.17863218781898604,2024-08-16
2024-09-14,Premier League,Bournemouth,Chelsea,A,0.2935249657658778,0.2312031710978243,0.4752718631362977,0.3069427748582718,0.25673050034319833,0.4363267247985299,2024-08-16
2024-09-15,Premier League,Tottenham,Arsenal,A,0.2751165617403434,0.22973751354906288,0.49514592471059377,0.35125578333862717,0.27879040683323697,0.36995380982813586,2024-09-15
2024-09-15,Premier League,Wolves,Newcastle,A,0.25845706323650863,0.23598210134440573,0.5055608354190856,0.26995814846282135,0.2605494194279241,0.46949243210925456,2024-09-15
2024-09-21,Premier League,Tottenham,Brentford,H,0.5176139339183636,0.22032413527290587,0.2620619308087304,0.6545546687981806,0.18994919800417792,0.15549613319764163,2024-09-15
2024-09-21,Premier League,Crystal Palace,Man United,D,0.37357423339712165,0.2597374964293741,0.36668827017350414,0.34743616595898624,0.2740341590662427,0.378529674974771,2024-09-15
2024-09-21,Premier League,Southampton,Ipswich,D,0.48738973363884,0.3044978002962378,0.20811246606492198,0.40221184789013287,0.27969904364773607,0.31808910846213123,2024-09-15
2024-09-21,Premier League,Liverpool,Bournemouth,H,0.7531050442856018,0.14842554003888173,0.09846941567551641,0.7709770100120185,0.14068923540365302,0.08833375458432842,2024-09-15
2024-09-21,Premier League,Leicester,Everton,D,0.49445397614524117,0.24866655729892995,0.2568794665558288,0.461745195486637,0.2754729859437323,0.26278181856963084,2024-09-15
2024-09-21,Premier League,Fulham,Newcastle,H,0.3242853819919148,0.2386322060211133,0.43708241198697195,0.322679488285396,0.2729669620789624,0.4043535496356414,2024-09-15
2024-09-21,Premier League,Aston Villa,Wolves,H,0.589897007742254,0.21908790525557895,0.19101508700216716,0.581287879801453,0.2305821280922628,0.18812999210628417,2024-09-15
2024-09-21,Premier League,West Ham,Chelsea,A,0.3116688140059964,0.2291647840610321,0.4591664019329717,0.2704722352193826,0.2464455138166455,0.4830822509639719,2024-09-15
2024-09-22,Premier League,Brighton,Nott'm Forest,D,0.5347468952941642,0.23980577689256397,0.22544732781327176,0.5276603405782255,0.25416100174448564,0.21817865767728878,2024-09-15
2024-09-22,Premier League,Man City,Arsenal,D,0.5271535071260003,0.23893682006640707,0.23390967280759276,0.5367194009969447,0.26542680759684967,0.19785379140620568,2024-09-15
2024-09-28,Premier League,Newcastle,Man City,D,0.2037664191096678,0.20922217988998332,0.5870114010003489,0.19771439318300615,0.22903085735147286,0.5732547494655209,2024-09-15
2024-09-28,Premier League,Arsenal,Leicester,H,0.7178382367554187,0.16945800229985522,0.11270376094472591,0.8031857451403888,0.14173866090712742,0.05507559395248379,2024-09-15
2024-09-28,Premier League,Brentford,West Ham,D,0.5151773039668895,0.2268875128244179,0.2579351832086924,0.4299294604276693,0.2729327473501496,0.2971377922221812,2024-09-15
2024-09-28,Premier League,Chelsea,Brighton,H,0.5100801100108823,0.23089529631328048,0.2590245936758371,0.5355908245886276,0.23081414107271808,0.23359503433865442,2024-09-15
2024-09-28,Premier League,Everton,Crystal Palace,H,0.35504101185084674,0.2784388495794946,0.36652013856965865,0.3488977608054157,0.290574553028988,0.3605276861655962,2024-09-15
2024-09-28,Premier League,Nott'm Forest,Fulham,A,0.39517646656455113,0.2624681036677855,0.3423554297676635,0.3673849015656488,0.3080917687180282,0.32452332971632303,2024-09-15
2024-09-28,Premier League,Wolves,Liverpool,A,0.15046651526911284,0.2000159323272867,0.6495175524036004,0.11084094006451424,0.16244252056513683,0.726716539370349,2024-09-15
2024-09-29,Premier League,Man United,Tottenham,A,0.4161283015323951,0.2314037807871079,0.3524679176804969,0.45593290202333364,0.24847757128263945,0.2955895266940267,2024-09-15
2024-09-29,Premier League,Ipswich,Aston Villa,D,0.1628068102499223,0.25574299357130115,0.5814501961787767,0.2668615887804153,0.27057832400019827,0.4625600872193866,2024-09-15
2024-09-30,Premier League,Bournemouth,Southampton,H,0.5408384591655597,0.23442843551238055,0.2247331053220599,0.6505598535657596,0.20668106222025198,0.1427590842139885,2024-09-15
2024-10-05,Premier League,Crystal Palace,Liverpool,A,0.21015686927523775,0.22889935020859448,0.5609437805161678,0.18885460730016135,0.23675919061532424,0.5743862020845144,2024-09-15
2024-10-05,Premier League,Arsenal,Southampton,H,0.8119467007066806,0.12752709792322842,0.06052620137009088,0.8306971008498688,0.11780056686868555,0.05150233228144563,2024-09-15
2024-10-05,Premier League,Brentford,Wolves,H,0.559158757003492,0.23295075699209375,0.20789048600441432,0.4607023974533041,0.2692748084837872,0.2700227940629088,2024-09-15
2024-10-05,Premier League,Leicester,Bournemouth,H,0.48487451488723143,0.23456398305176643,0.28056150206100217,0.2629633172971791,0.2553712005248196,0.4816654821780013,2024-09-15
2024-10-05,Premier League,Man City,Fulham,H,0.7958979622763482,0.133325233696501,0.0707768040271506,0.7668303097633484,0.1481911334818741,0.08497855675477742,2024-09-15
2024-10-05,Premier League,West Ham,Ipswich,H,0.6214883987269707,0.23890337462534147,0.13960822664768788,0.5065666041275798,0.2532833020637899,0.24015009380863042,2024-09-15
2024-10-05,Premier League,Everton,Newcastle,D,0.2734327543858872,0.2417091269399211,0.48485811867419165,0.26047874196367804,0.25633319169369917,0.48318806634262285,2024-09-15
2024-10-06,Premier League,Aston Villa,Man United,D,0.4469973886504123,0.23660390845073062,0.316398702898857,0.43607391255446754,0.2532408398428288,0.31068524760270366,2024-09-15
2024-10-06,Premier League,Chelsea,Nott'm Forest,D,0.6115433392498059,0.20875930973780563,0.17969735101238832,0.6397330974606473,0.20689240598727318,0.15337449655207946,2024-09-15
2024-10-06,Premier League,Brighton,Tottenham,H,0.3994209183864873,0.23705310280322128,0.3635259788102914,0.3308448652585579,0.24624908958485062,0.4229060451565914,2024-09-15
2024-10-19,Premier League,Southampton,Leicester,A,0.30895130439222973,0.25528675601716616,0.4357619395906041,0.4364712206931609,0.27809452061307105,0.28543425869376793,2024-10-19
2024-10-19,Premier League,Bournemouth,Arsenal,H,0.16367208038780579,0.20747570924374928,0.628852210368445,0.18758097645757624,0.26139990519829354,0.5510191183441302,2024-10-19
2024-10-19,Premier League,Newcastle,Brighton,A,0.5092069435214794,0.22981368693990684,0.2609793695386136,0.5544300924457531,0.23780702494609512,0.20776288260815162,2024-10-19
2024-10-19,Premier League,Man United,Brentford,H,0.4601258771716109,0.24460917084773567,0.2952649519806535,0.5820329789716806,0.22040704645866357,0.19755997456965577,2024-10-19
2024-10-19,Premier League,Ipswich,Everton,A,0.29968769905491405,0.27733732249183074,0.42297497845325527,0.39860394813796457,0.28355499517686106,0.3178410566851744,2024-10-19
2024-10-19,Premier League,Fulham,Aston Villa,A,0.38602117303860073,0.25195326109924615,0.3620255658621531,0.39231413134464654,0.28119625599269465,0.32648961266265886,2024-10-19
2024-10-19,Premier League,Tottenham,West Ham,H,0.6075552444393435,0.19676278029345834,0.19568197526719824,0.66753221302239,0.17760031355641565,0.15486747342119447,2024-10-19
2024-10-20,Premier League,Wolves,Man City,A,0.09771615172827985,0.1671335961304603,0.7351502521412598,0.11997707079392375,0.17754848571701537,0.702474443489061,2024-10-19
2024-10-20,Premier League,Liverpool,Chelsea,H,0.6006443687985991,0.20691191391991415,0.19244371728148696,0.5653131529903428,0.22098605071440672,0.21370079629525046,2024-10-19
2024-10-21,Premier League,Nott'm Forest,Crystal Palace,H,0.37739581513438986,0.28136004726192115,0.34124413760368877,0.40906213735626124,0.29502057179027324,0.2959172908534656,2024-10-19
2024-10-25,Premier League,Leicester,Nott'm Forest,A,0.4649702090634182,0.2531496461240462,0.28188014481253576,0.3173687685454311,0.2865653292454334,0.39606590220913557,2024-10-19
2024-10-26,Premier League,Aston Villa,Bournemouth,D,0.5568587842456719,0.2223417234535009,0.2207994923008272,0.5419599659617461,0.2443597831414422,0.21368025089681178,2024-10-19
2024-10-26,Premier League,Brentford,Ipswich,H,0.6763982642880627,0.1900402041110755,0.13356153160086173,0.5788559294768677,0.23376874075027348,0.1873753297728589,2024-10-19
2024-10-26,Premier League,Brighton,Wolves,D,0.575104125508008,0.2291194322790669,0.19577644221292495,0.6130602954628943,0.21964518522253357,0.1672945193145722,2024-10-19
2024-10-26,Premier League,Man City,Southampton,H,0.8738057487708405,0.09034784709999633,0.035846404129163276,0.8655293527345709,0.09232313095835423,0.04214751630707476,2024-10-19
2024-10-26,Premier League,Everton,Fulham,D,0.35705633709836104,0.2763282440587064,0.36661541884293253,0.35724216897031164,0.28813282080641206,0.35462501022327636,2024-10-19
2024-10-27,Premier League,Arsenal,Liverpool,D,0.4529149891926635,0.25028120648987673,0.2968038043174599,0.4285075250372462,0.2811306594897541,0.29036181547299966,2024-10-19
2024-10-27,Premier League,West Ham,Man United,H,0.3689111039040196,0.2467634669051279,0.3843254291908522,0.2866944112871138,0.2612618425439021,0.45204374616898413,2024-10-19
2024-10-27,Premier League,Chelsea,Newcastle,H,0.4768485237437589,0.22746667561293676,0.2956848006433042,0.533090151120375,0.2407503908285565,0.22615945805106824,2024-10-19
2024-10-27,Premier League,Crystal Palace,Tottenham,H,0.3255747736692309,0.2510267544196974,0.42339847191107166,0.25702959251770474,0.2447284281402831,0.4982419793420123,2024-10-19
2024-11-02,Premier League,Newcastle,Arsenal,H,0.2740809741931342,0.23739759371618321,0.48852143209068266,0.24106473256693736,0.2632766591449208,0.4956586082881417,2024-10-19
2024-11-02,Premier League,Bournemouth,Man City,H,0.11937152299805939,0.17601659362578934,0.7046118833761514,0.15875486381322956,0.21945525291828794,0.6217898832684825,2024-10-19
2024-11-02,Premier League,Ipswich,Leicester,D,0.2675557308257,0.24751368293013015,0.48493058624416974,0.4114513981358189,0.2743009320905459,0.3142476697736351,2024-10-19
2024-11-02,Premier League,Liverpool,Brighton,H,0.6661994710149386,0.19032589529523566,0.14347463368982563,0.7110411482038408,0.1670148465556517,0.12194400524050739,2024-10-19
2024-11-02,Premier League,Nott'm Forest,West Ham,H,0.40879898490225625,0.2552430483789373,0.3359579667188064,0.4736030494672096,0.2806029628346184,0.245793987698172,2024-10-19
2024-11-02,Premier League,Southampton,Everton,H,0.33986227046292866,0.281587343211325,0.3785503863257465,0.3580147717791031,0.29419944992119657,0.34778577829970025,2024-10-19
2024-11-02,Premier League,Wolves,Crystal Palace,D,0.3394599857080091,0.2789002998337113,0.38163971445827966,0.3983918295796654,0.29104073777676154,0.310567432643573,2024-10-19
2024-11-03,Premier League,Tottenham,Aston Villa,H,0.5126426921781763,0.22081338053975086,0.26654392728207277,0.48854560704408956,0.24064498960835104,0.27080940334755943,2024-10-19
2024-11-03,Premier League,Man United,Chelsea,D,0.3749675163738398,0.24548636142115596,0.3795461222050041,0.3577307455073166,0.26658291172052084,0.3756863427721626,2024-10-19
2024-11-04,Premier League,Fulham,Brentford,H,0.410951884241442,0.252091747822282,0.3369563679362759,0.48104930268293855,0.2584360615477489,0.2605146357693126,2024-10-19
2024-11-09,Premier League,Brighton,Man City,H,0.17291735556064342,0.21063697789060237,0.6164456665487543,0.23649669131957968,0.23364733359283768,0.5298559750875828,2024-10-19
2024-11-09,Premier League,Liverpool,Aston Villa,H,0.657854464338263,0.19035052884318943,0.1517950068185476,0.662251655629139,0.19867549668874168,0.1390728476821192,2024-10-19
2024-11-09,Premier League,West Ham,Everton,D,0.4765738221576478,0.2533764873116199,0.27004969053073263,0.4481876778687135,0.2755148048088126,0.276297517322474,2024-10-19
2024-11-09,Premier League,Crystal Palace,Fulham,A,0.41447591070600853,0.27166191377464083,0.3138621755193508,0.2889018586693005,0.29503007991380087,0.41606806141689867,2024-10-19
2024-11-09,Premier League,Wolves,Southampton,H,0.4836487514037898,0.2600027016700344,0.25634854692617576,0.4984338487545369,0.25918560135235913,0.24238054989310395,2024-10-19
2024-11-09,Premier League,Brentford,Bournemouth,H,0.5284387043239175,0.230033244984587,0.24152805069149547,0.36881601525262153,0.2758284080076263,0.35535557673975215,2024-10-19
2024-11-10,Premier League,Man United,Leicester,H,0.5190014111004563,0.23476952561105588,0.2462290632884876,0.7187060981739704,0.1726429239385872,0.10865097788744235,2024-10-19
2024-11-10,Premier League,Nott'm Forest,Newcastle,A,0.29235743747779486,0.24755754884007547,0.4600850136821297,0.346668108542341,0.29519314697090243,0.35813874448675664,2024-10-19
2024-11-10,Premier League,Tottenham,Ipswich,A,0.762544385909238,0.14629815267307028,0.09115746141769164,0.7658733722496632,0.14360125729681186,0.09052537045352492,2024-10-19
2024-11-10,Premier League,Chelsea,Arsenal,D,0.29139931924609264,0.241888386218576,0.46671229453533136,0.3240442192538001,0.2901888530631046,0.3857669276830954,2024-10-19
2024-11-23,Premier League,Fulham,Wolves,A,0.5343196681931055,0.2414650511281951,0.22421528067869945,0.6172636631765573,0.2187593569271321,0.16397697989631052,2024-11-23
2024-11-23,Premier League,Everton,Brentford,D,0.34494193210012397,0.26499371599605825,0.39006435190381783,0.40910937570532213,0.2847018462510721,0.30618877804360584,2024-11-23
2024-11-23,Premier League,Bournemouth,Brighton,A,0.36979970237735893,0.2503239823177933,0.37987631530484756,0.39119804400977987,0.27057864710676444,0.33822330888345553,2024-11-23
2024-11-23,Premier League,Man City,Tottenham,A,0.6913838631634273,0.17296134091871923,0.1356547959178536,0.6723446893787575,0.18336673346693386,0.1442885771543086,2024-11-23
2024-11-23,Premier League,Arsenal,Nott'm Forest,H,0.7091847900573827,0.1809644109074559,0.10985079903516129,0.6882823045027723,0.20218292694768936,0.10953476854953827,2024-11-23
2024-11-23,Premier League,Leicester,Chelsea,A,0.2871893531869978,0.23040187864919162,0.4824087681638107,0.13862463912158643,0.19215296511903068,0.6692223957593828,2024-11-23
2024-11-23,Premier League,Aston Villa,Crystal Palace,D,0.504317564168317,0.24793408346748108,0.24774835236420192,0.5540072395531865,0.2524772576088741,0.19351550283793942,2024-11-23
2024-11-24,Premier League,Southampton,Liverpool,A,0.10985044983993954,0.1771915112249234,0.712958038935137,0.09695314978014667,0.16294647021873387,0.7401003800011196,2024-11-23
2024-11-24,Premier League,Ipswich,Man United,D,0.24791823653350464,0.2316091236099021,0.5204726398565932,0.18855625822883165,0.23342902160540455,0.5780147201657637,2024-11-23
2024-11-25,Premier League,Newcastle,West Ham,A,0.6080780196501082,0.20163394173603524,0.1902880386138567,0.6475111492068223,0.20621374178561222,0.1462751090075653,2024-11-23
2024-11-29,Premier League,Brighton,Southampton,D,0.6444946159192633,0.2070146392709341,0.1484907448098024,0.6976893909873033,0.1695090421764927,0.13280156683620392,2024-11-23
2024-11-30,Premier League,Brentford,Leicester,H,0.5330254283792855,0.22064277582370823,0.2463317957970062,0.5963643759692879,0.22295273688760076,0.18068288714311143,2024-11-23
2024-11-30,Premier League,Crystal Palace,Newcastle,D,0.3241017859000735,0.25883193042406005,0.4170662836758664,0.29510810920300073,0.27588010208779107,0.4290117887092081,2024-11-23
2024-11-30,Premier League,Nott'm Forest,Ipswich,H,0.568815812670575,0.2254366817919225,0.20574750553750235,0.5588425899607754,0.24431811721903246,0.19683929282019216,2024-11-23
2024-11-30,Premier League,Wolves,Bournemouth,A,0.37385566632595707,0.25746801095519456,0.3686763227188484,0.35409956468185055,0.27982005829743933,0.3660803770207101,2024-11-23
2024-11-30,Premier League,West Ham,Arsenal,A,0.18168680330661616,0.21116122248558883,0.6071519742077949,0.13222106399682246,0.19846679135719358,0.669312144645984,2024-11-23
2024-12-01,Premier League,Tottenham,Fulham,D,0.5536165770120498,0.21859967546092623,0.22778374752702396,0.49112025520051467,0.2395118485953249,0.2693678962041604,2024-11-23
2024-12-01,Premier League,Chelsea,Aston Villa,H,0.5252717722003379,0.22332738575983402,0.25140084203982815,0.554597408936525,0.2384632593707417,0.2069393316927332,2024-11-23
2024-12-01,Premier League,Man United,Everton,H,0.5419039787224411,0.24969183479671958,0.20840418648083947,0.5991836453337798,0.23849570158248726,0.16232065308373297,2024-11-23
2024-12-01,Premier League,Liverpool,Man City,H,0.37978985747226024,0.251550387828463,0.3686597546992768,0.4716770740410348,0.25841882247992864,0.2699041034790366,2024-11-23
2024-12-03,Premier League,Leicester,West Ham,H,0.4459855623281454,0.23587049143950542,0.31814394623234915,0.32055389300548015,0.27842395278190274,0.40102215421261705,2024-11-23
2024-12-03,Premier League,Ipswich,Crystal Palace,A,0.30565307925649016,0.2584165916883022,0.4359303290552077,0.2902991604147663,0.2868738015898133,0.42282703799542054,2024-11-23
2024-12-04,Premier League,Everton,Wolves,H,0.4415656652861926,0.2766188257883703,0.28181550892543694,0.4545325093270299,0.2894939196309059,0.2559735710420642,2024-11-23
2024-12-04,Premier League,Man City,Nott'm Forest,H,0.7742776355564766,0.14683119355450597,0.07889117088901745,0.7388101812491066,0.16459886691094042,0.09659095183995306,2024-11-23
2024-12-04,Premier League,Newcastle,Liverpool,D,0.29150380529279196,0.23603970991501472,0.4724564847921932,0.264,0.25976470588235295,0.4762352941176471,2024-11-23
2024-12-04,Premier League,Southampton,Chelsea,A,0.19273818755474623,0.2219030520371739,0.5853587604080799,0.10702148002991489,0.1631403065329963,0.7298382134370888,2024-11-23
2024-12-04,Premier League,Arsenal,Man United,H,0.6414281290174784,0.20506802288259343,0.15350384809992818,0.6555012718536762,0.1983930229741188,0.14610570517220495,2024-11-23
2024-12-04,Premier League,Aston Villa,Brentford,H,0.484390939918021,0.22994743852370025,0.2856616215582788,0.5783091513333873,0.22968306719623893,0.1920077814703737,2024-11-23
2024-12-05,Premier League,Fulham,Brighton,H,0.39885648772594035,0.25578921702459684,0.34535429524946293,0.37022427589315904,0.26777865434464104,0.3619970697621999,2024-11-23
2024-12-05,Premier League,Bournemouth,Tottenham,H,0.32411513633485084,0.23216376158801158,0.4437211020771377,0.43880871968068774,0.24427387166103776,0.3169174086582745,2024-11-23
2024-12-07,Premier League,Crystal Palace,Man City,D,0.15586119968162337,0.21656485764778735,0.6275739426705892,0.20722537624881965,0.2405660927244961,0.5522085310266843,2024-11-23
2024-12-07,Premier League,Man United,Nott'm Forest,A,0.519159281624806,0.24530283649388038,0.23553788188131367,0.5741529150979909,0.24379859962703632,0.18204848527497272,2024-11-23
2024-12-07,Premier League,Aston Villa,Southampton,H,0.6551749590074436,0.19899978885555475,0.14582525213700168,0.729450282261462,0.16755939126213204,0.102990326476406,2024-11-23
2024-12-07,Premier League,Brentford,Newcastle,H,0.3742373674126306,0.23589701033975577,0.3898656222476136,0.3222039814239655,0.26017540745999346,0.4176206111160411,2024-11-23
2024-12-08,Premier League,Fulham,Arsenal,D,0.2173969560648805,0.23715111423252208,0.5454519297025974,0.1765791632485644,0.2312346185397867,0.5921862182116489,2024-11-23
2024-12-08,Premier League,Ipswich,Bournemouth,A,0.31748757263003163,0.24020886741025868,0.4423035599597097,0.24774340315424678,0.2542288325561904,0.4980277642895628,2024-11-23
2024-12-08,Premier League,Leicester,Brighton,D,0.349705451620134,0.2453434851671122,0.40495106321275365,0.19491041880634483,0.22731941116056148,0.5777701700330937,2024-11-23
2024-12-08,Premier League,Tottenham,Chelsea,A,0.4439404314237861,0.22721300721393214,0.32884656136228185,0.3314708682919818,0.23688040099890412,0.4316487307091141,2024-11-23
2024-12-09,Premier League,West Ham,Wolves,H,0.4962430784404038,0.240836049953434,0.2629208716061622,0.5340122199592667,0.24358452138492873,0.2224032586558045,2024-11-23
2024-12-14,Premier League,Wolves,Ipswich,A,0.5097674751214442,0.2382100480144946,0.2520224768640612,0.4861800742259655,0.26640004067176193,0.24741988510227253,2024-11-23
2024-12-14,Premier League,Newcastle,Leicester,H,0.6154252513974972,0.1995340995823604,0.1850406490201426,0.7457010330013254,0.15293391614812557,0.10136505085054899,2024-11-23
2024-12-14,Premier League,Nott'm Forest,Aston Villa,H,0.35827556671234795,0.2554572746625935,0.38626715862505856,0.3566528006191351,0.2968482151494631,0.34649898423140174,2024-11-23
2024-12-14,Premier League,Arsenal,Everton,D,0.7224376356023415,0.18072036397829272,0.09684200041936565,0.7761194029850745,0.14925373134328357,0.07462686567164178,2024-11-23
2024-12-14,Premier League,Liverpool,Fulham,D,0.6953649287225216,0.18060597420763722,0.12402909706984104,0.7437509538001289,0.15651529044081017,0.09973375575906096,2024-11-23
2024-12-15,Premier League,Chelsea,Brentford,H,0.5579394086986226,0.21406028735344307,0.2280003039479345,0.7301808066759388,0.15299026425591097,0.11682892906815022,2024-11-23
2024-12-15,Premier League,Southampton,Tottenham,A,0.20294847218829884,0.21812280880068033,0.5789287190110208,0.24057195367618228,0.21646117880885887,0.5429668675149589,2024-11-23
2024-12-15,Premier League,Brighton,Crystal Palace,A,0.4959586666349787,0.2552594595905573,0.24878187377446392,0.505429979772589,0.2601677107676597,0.23440230945975138,2024-11-23
2024-12-15,Premier League,Man City,Man United,A,0.7129289699145633,0.17308209266051583,0.11398893742492099,0.6354114713216958,0.19840399002493764,0.1661845386533666,2024-11-23
2024-12-16,Premier League,Bournemouth,West Ham,D,0.466583609667651,0.23735443027171457,0.2960619600606345,0.5453431958319392,0.23503895607284547,0.21961784809521534,2024-11-23
2024-12-21,Premier League,Crystal Palace,Arsenal,A,0.19999779720712135,0.24463940338450127,0.5553627994083774,0.12784058683404542,0.21121488259537943,0.660944530570575,2024-11-23
2024-12-21,Premier League,West Ham,Brighton,D,0.35680905179968503,0.24544585316136666,0.3977450950389483,0.34362480797614386,0.26425494743817585,0.3921202445856803,2024-11-23
2024-12-21,Premier League,Ipswich,Newcastle,A,0.20780145849495246,0.20864168351115792,0.5835568579938898,0.21079856999988505,0.22869656179232808,0.5605048682077869,2024-11-23
2024-12-21,Premier League,Brentford,Nott'm Forest,A,0.5012858921538235,0.2400028458654305,0.25871126198074634,0.3844189209611607,0.2657322049267039,0.34984887411213544,2024-11-23
2024-12-21,Premier League,Aston Villa,Man City,H,0.19764289780015282,0.2140800873194659,0.5882770148803814,0.3029749153731987,0.26285121036431564,0.43417387426248566,2024-11-23
2024-12-22,Premier League,Everton,Chelsea,D,0.26436011458187825,0.25542399672828386,0.48021588868983783,0.19292076691691734,0.23516619032938096,0.5719130427537017,2024-11-23
2024-12-22,Premier League,Fulham,Southampton,D,0.5995396486469594,0.2258433125241405,0.1746170388289,0.5915292201181023,0.2394624312767257,0.16900834860517205,2024-11-23
2024-12-22,Premier League,Leicester,Wolves,A,0.48864687631964293,0.2423839717268204,0.2689691519535367,0.31902953411452345,0.27721939574054033,0.4037510701449363,2024-11-23
2024-12-22,Premier League,Man United,Bournemouth,A,0.523760766452286,0.23464465020637162,0.24159458334134246,0.5162383326940289,0.2554021224907301,0.228359544815241,2024-11-23
2024-12-22,Premier League,Tottenham,Liverpool,A,0.29324812554816837,0.2289314505285113,0.4778204239233205,0.19815242494226326,0.2133949191685912,0.5884526558891455,2024-11-23
2024-12-26,Premier League,Wolves,Man United,H,0.2951272606617622,0.257912193406074,0.4469605459321638,0.21863186972957255,0.24207618493748184,0.5392919453329457,2024-12-26
2024-12-26,Premier League,Southampton,West Ham,A,0.28733819132544025,0.25451072569399547,0.45815108298056406,0.3115115851415962,0.2677454946671571,0.4207429201912468,2024-12-26
2024-12-26,Premier League,Nott'm Forest,Tottenham,H,0.31632762762759575,0.2443660688169318,0.4393063035554725,0.4500798722044728,0.24800319488817893,0.3019169329073482,2024-12-26
2024-12-26,Premier League,Liverpool,Leicester,H,0.795021516858652,0.12828447090979891,0.076694012231549,0.8854651201702664,0.07878832497841554,0.03574655485131816,2024-12-26
2024-12-26,Premier League,Chelsea,Fulham,A,0.5719203128219471,0.22364980415119712,0.2044298830268557,0.6629653105461261,0.19593711607233685,0.14109757338153703,2024-12-26
2024-12-26,Premier League,Bournemouth,Crystal Palace,D,0.4336890872607017,0.2634917059720803,0.3028192067672182,0.4565087239137873,0.2656731098186795,0.27781816626753336,2024-12-26
2024-12-26,Premier League,Man City,Everton,D,0.7353505240428784,0.1745941651580883,0.09005531079903344,0.7151112395261485,0.17682750650101128,0.10806125397284022,2024-12-26
2024-12-26,Premier League,Newcastle,Aston Villa,H,0.4989141151327471,0.23075548324913045,0.27033040161812233,0.4999983393504203,0.25064516236170936,0.24935649828787024,2024-12-26
2024-12-27,Premier League,Brighton,Brentford,D,0.45379006746482226,0.24314015827124663,0.3030697742639311,0.596260218945315,0.2112835123654051,0.1924562686892799,2024-12-26
2024-12-27,Premier League,Arsenal,Ipswich,H,0.8528399186308341,0.10432791406622761,0.042832167302938574,0.8545202598449185,0.10439004255402788,0.04108969760105353,2024-12-26
2024-12-29,Premier League,West Ham,Liverpool,A,0.16795170436117543,0.19528539070135525,0.6367629049374692,0.12524061104967849,0.1764754064790924,0.698283982471229,2024-12-26
2024-12-29,Premier League,Tottenham,Wolves,D,0.6554617161103659,0.1877519825511359,0.15678630133849816,0.5789428001041576,0.2096172207273674,0.21143997916847496,2024-12-26
2024-12-29,Premier League,Fulham,Bournemouth,D,0.4336196681205612,0.25711671612653997,0.3092636157528989,0.4283807319264746,0.2778355032780278,0.29378376479549767,2024-12-26
2024-12-29,Premier League,Crystal Palace,Southampton,H,0.5911887006372785,0.23847849690281875,0.17033280245990284,0.6322042249320038,0.2173645986844867,0.15043117638350947,2024-12-26
2024-12-29,Premier League,Leicester,Man City,A,0.12969579887144458,0.17572008880870116,0.6945841123198544,0.09374320932580177,0.14966789650926293,0.7565888941649355,2024-12-26
2024-12-29,Premier League,Everton,Nott'm Forest,A,0.3656545814025519,0.2986403886920969,0.3357050299053511,0.35892859230622337,0.3168392459771549,0.3242321617166218,2024-12-26
2024-12-30,Premier League,Aston Villa,Brighton,D,0.45661293010634263,0.24633161888533628,0.29705545100832126,0.5219762004742224,0.24958245061235315,0.22844134891342444,2024-12-26
2024-12-30,Premier League,Ipswich,Chelsea,H,0.14474067662918347,0.1918821506997078,0.6633771726711087,0.12783177117559577,0.18278974855601288,0.6893784802683914,2024-12-26
2024-12-30,Premier League,Man United,Newcastle,A,0.38413107620722503,0.24856381838564853,0.36730510540712635,0.35673956628949366,0.2685456179568133,0.374714815753693,2024-12-26
2025-01-01,Premier League,Brentford,Arsenal,A,0.2050077455545825,0.22427098803705964,0.5707212664083581,0.16182572614107885,0.2157676348547718,0.6224066390041494,2024-12-26
2025-01-04,Premier League,Southampton,Brentford,A,0.23663051462987256,0.24091679686280315,0.5224526885073243,0.28288076238590043,0.2666054308513692,0.45051380676273023,2024-12-26
2025-01-04,Premier League,Brighton,Arsenal,D,0.21563120231693172,0.23839915637401846,0.5459696413090497,0.19690610099761,0.2637899668256025,0.5393039321767874,2024-12-26
2025-01-04,Premier League,Man City,West Ham,H,0.7663518424431395,0.1446274995620055,0.08902065799485492,0.77470859026512,0.13482497565387447,0.09046643408100567,2024-12-26
2025-01-04,Premier League,Bournemouth,Everton,H,0.47796104469168094,0.2691364983097761,0.2529024569985431,0.5703662600163173,0.2442374413168109,0.18539629866687177,2024-12-26
2025-01-04,Premier League,Aston Villa,Leicester,H,0.5909353966283083,0.21038139136527406,0.19868321200641786,0.7160458721424445,0.16862943210384457,0.11532469575371102,2024-12-26
2025-01-04,Premier League,Tottenham,Newcastle,A,0.45518663871651155,0.22318654424089154,0.32162681704259694,0.2493561964053928,0.2073537667336955,0.5432900368609116,2024-12-26
2025-01-04,Premier League,Crystal Palace,Chelsea,D,0.2953898188456623,0.25482647803697095,0.44978370311736665,0.26710415706266777,0.2467662770832768,0.48612956585405537,2024-12-26
2025-01-05,Premier League,Fulham,Ipswich,D,0.6335546856849095,0.21347023031064832,0.1529750840044422,0.6108332446525487,0.2312440140470363,0.15792274130041503,2024-12-26
2025-01-05,Premier League,Liverpool,Man United,D,0.6572372900541218,0.19376879460860685,0.14899391533727147,0.7121952317701884,0.17451991264999214,0.11328485557981945,2024-12-26
2025-01-06,Premier League,Wolves,Nott'm Forest,A,0.3538002577169401,0.27382793434022773,0.37237180794283226,0.24226019631676246,0.2744246856582535,0.48331511802498384,2024-12-26
2025-01-14,Premier League,Brentford,Man City,D,0.19911080709789397,0.21229594842017266,0.5885932444819334,0.1863602881730476,0.21404574118323427,0.5995939706437182,2024-12-26
2025-01-14,Premier League,Chelsea,Bournemouth,D,0.5864391616840277,0.21262047607719659,0.20094036223877573,0.6287190262746195,0.20171402092977378,0.16956695279560666,2024-12-26
2025-01-14,Premier League,West Ham,Fulham,H,0.3873636445805519,0.2557531422504038,0.35688321316904426,0.30244959173471087,0.29511748041993,0.4024329278453591,2024-12-26
2025-01-14,Premier League,Nott'm Forest,Liverpool,D,0.1859210568501348,0.22356365332725686,0.5905152898226085,0.17111274871039056,0.22682387619749447,0.6020633750921149,2024-12-26
2025-01-15,Premier League,Newcastle,Wolves,H,0.6411886016739771,0.19961833410553453,0.1591930642204884,0.7067736322621376,0.17931108818502378,0.11391527955283864,2024-12-26
2025-01-15,Premier League,Everton,Aston Villa,A,0.3120844773906585,0.2767567953383287,0.411158727271013,0.27436170014360584,0.311177008150096,0.41446129170629814,2024-12-26
2025-01-15,Premier League,Leicester,Crystal Palace,A,0.3544093313177083,0.2610141387133346,0.3845765299689571,0.2388229675618089,0.2677712060541494,0.49340582638404173,2024-12-26
2025-01-15,Premier League,Arsenal,Tottenham,H,0.6282234108546411,0.19829432944127132,0.17348225970408757,0.7011459348878837,0.1808563346065943,0.11799773050552188,2024-12-26
2025-01-16,Premier League,Man United,Southampton,H,0.659785811748224,0.2045197258167142,0.135694462435062,0.752588072993192,0.15915387117397012,0.08825805583283797,2024-12-26
2025-01-16,Premier League,Ipswich,Brighton,A,0.21573174000070128,0.2367632969599828,0.5475049630393157,0.24687294272547727,0.2593811718235681,0.49374588545095455,2024-12-26
2025-01-18,Premier League,Newcastle,Bournemouth,A,0.5518243873003629,0.22155691273235067,0.2266186999672866,0.5848572260301163,0.22843835181411598,0.18670442215576785,2024-12-26
2025-01-18,Premier League,Brentford,Liverpool,A,0.2132539440649849,0.21308462028503813,0.5736614356499771,0.1535079133844477,0.19434101834471076,0.6521510682708415,2024-12-26
2025-01-18,Premier League,Leicester,Fulham,A,0.34629768532706817,0.2538692081668265,0.39983310650610515,0.20850823254781928,0.2558214462657942,0.5356703211863867,2024-12-26
2025-01-18,Premier League,West Ham,Crystal Palace,A,0.39478907083210113,0.2621074587082883,0.3431034704596107,0.3405259504897046,0.29334464409655275,0.3661294054137425,2024-12-26
2025-01-18,Premier League,Arsenal,Aston Villa,D,0.657193038230502,0.19793582198469753,0.14487113978480035,0.6179337004995168,0.22302434707683713,0.15904195242364613,2024-12-26
2025-01-19,Premier League,Everton,Tottenham,H,0.2739307906442176,0.2529474635508868,0.47312174580489563,0.3805768286976272,0.27757170412134635,0.3418514671810265,2024-12-26
2025-01-19,Premier League,Man United,Brighton,A,0.4478241291797706,0.25412976440534196,0.2980461064148875,0.41696881798404645,0.2828136330674402,0.30021754894851344,2024-12-26
2025-01-19,Premier League,Nott'm Forest,Southampton,H,0.5797124107332335,0.24162885113190566,0.17865873813486038,0.7069893552623555,0.18807289644843245,0.10493774828921204,2024-12-26
2025-01-19,Premier League,Ipswich,Man City,A,0.07597845779162672,0.14094985104084656,0.7830716911675266,0.11428788108600031,0.17662672531472778,0.709085393599272,2024-12-26
2025-01-20,Premier League,Chelsea,Wolves,H,0.6731588514313428,0.1877943249021059,0.13904682366655144,0.6729246776747343,0.18457362587649853,0.14250169644876726,2024-12-26
2025-01-25,Premier League,Wolves,Arsenal,A,0.12973555724367222,0.19904338240758987,0.671221060348738,0.16360867127182085,0.2337829929257584,0.6026083358024208,2025-01-25
2025-01-25,Premier League,Man City,Chelsea,H,0.6060572195642889,0.2058592836245621,0.18808349681114908,0.407665351478759,0.2504679151758956,0.3418667333453453,2025-01-25
2025-01-25,Premier League,Southampton,Newcastle,A,0.1469961775046306,0.19666474233203332,0.656339080163336,0.1466943866943867,0.19268191268191268,0.6606237006237007,2025-01-25
2025-01-25,Premier League,Brighton,Everton,A,0.5076517789864178,0.2686647122915626,0.22368350872201956,0.5578558039898246,0.26305395635292544,0.17909023965724996,2025-01-25
2025-01-25,Premier League,Bournemouth,Nott'm Forest,H,0.4337550501612681,0.2628068642279063,0.3034380856108258,0.49306014540647713,0.2604097818902842,0.24653007270323857,2025-01-25
2025-01-25,Premier League,Liverpool,Ipswich,H,0.8576074180850887,0.09925065299031882,0.04314192892459243,0.8812949640287769,0.07913669064748201,0.039568345323741004,2025-01-25
2025-01-26,Premier League,Crystal Palace,Brentford,A,0.3960765341845,0.2629462853752445,0.3409771804402554,0.49226118990108897,0.2551985642381961,0.25254024586071494,2025-01-25
2025-01-26,Premier League,Tottenham,Leicester,A,0.6528515836485526,0.1837514165611271,0.16339699979032019,0.6422073193265437,0.19202634696694673,0.16576633370650956,2025-01-25
2025-01-26,Premier League,Aston Villa,West Ham,D,0.5486639823056888,0.22275481985062134,0.22858119784368974,0.660919540229885,0.19827586206896547,0.14080459770114942,2025-01-25
2025-01-26,Premier League,Fulham,Man United,A,0.3984667188424904,0.26146401770620487,0.34006926345130467,0.40516413356686826,0.2739137804395729,0.320922085993559,2025-01-25
2025-02-01,Premier League,Nott'm Forest,Brighton,H,0.37633058718427687,0.2717815304612724,0.3518878823544508,0.3629877660105521,0.2819731051908057,0.35503912879864225,2025-01-25
2025-02-01,Premier League,Bournemouth,Liverpool,A,0.20060586602073685,0.2160167734426097,0.5833773605366537,0.2081945786213559,0.22774336534636583,0.5640620560322782,2025-01-25
2025-02-01,Premier League,Everton,Leicester,H,0.4395707827813298,0.27548678740164306,0.284942429817027,0.49517270269739555,0.2905803884092501,0.21424690889335435,2025-01-25
2025-02-01,Premier League,Ipswich,Southampton,A,0.4251887658469873,0.2701852786422215,0.30462595551079125,0.5085768608072989,0.2590351477711842,0.23238799142151698,2025-01-25
2025-02-01,Premier League,Newcastle,Fulham,A,0.5326234125066539,0.23227657033710428,0.2351000171562419,0.5482938351218857,0.25405237910097844,0.19765378577713594,2025-01-25
2025-02-01,Premier League,Wolves,Aston Villa,H,0.28302715211843715,0.24911027050128715,0.46786257738027576,0.2932410856838744,0.2797587369167997,0.42700017739932594,2025-01-25
2025-02-02,Premier League,Man United,Crystal Palace,A,0.4387596066687474,0.26997389015042356,0.29126650318082903,0.544852031354246,0.26000981657119515,0.19513815207455892,2025-01-25
2025-02-02,Premier League,Arsenal,Man City,H,0.4095119902709899,0.2593136270015242,0.3311743827274861,0.5089926601761946,0.23313572684329298,0.2578716129805124,2025-01-25
2025-02-02,Premier League,Brentford,Tottenham,A,0.38154847799283387,0.22746661325333742,0.39098490875382885,0.49280819062546893,0.2306014573710627,0.2765903520034683,2025-01-25
2025-02-03,Premier League,Chelsea,West Ham,H,0.6309454911195448,0.19556151727586035,0.173492991604595,0.7499318491594729,0.14769650159018627,0.10237164925034076,2025-01-25
2025-02-12,Premier League,Everton,Liverpool,D,0.14633043288341957,0.21944288464721945,0.6342266824693611,0.12274154644336228,0.2085286487962499,0.6687298047603878,2025-01-25
2025-02-14,Premier League,Brighton,Chelsea,H,0.35157119378214896,0.2489628198545857,0.3994659863632654,0.3299869052815364,0.257529463116543,0.4124836316019206,2025-01-25
2025-02-15,Premier League,Leicester,Arsenal,A,0.1246779203028401,0.18657238256557812,0.6887496971315817,0.09550781783577536,0.1756167302596232,0.7288754519046015,2025-01-25
2025-02-15,Premier League,Aston Villa,Ipswich,D,0.6771150692486052,0.19179165803771694,0.13109327271367793,0.6743501501862967,0.19460204734835013,0.13104780246535322,2025-01-25
2025-02-15,Premier League,Fulham,Nott'm Forest,H,0.4201554574797219,0.27056704785180963,0.3092774946684682,0.4584621514794668,0.2737858482074563,0.26775200031307705,2025-01-25
2025-02-15,Premier League,Man City,Newcastle,H,0.6142214152310949,0.2037785306951277,0.18200005407377745,0.46538211568604965,0.23898000535229572,0.2956378789616546,2025-01-25
2025-02-15,Premier League,Southampton,Bournemouth,A,0.20922722209169248,0.23456552875391162,0.5562072491543959,0.15373154313915946,0.20283577299363004,0.6434326838672106,2025-01-25
2025-02-15,Premier League,West Ham,Brentford,A,0.3441853415677655,0.23824768251881245,0.4175669759134218,0.4055128831655246,0.26232639342244174,0.33216072341203373,2025-01-25
2025-02-15,Premier League,Crystal Palace,Everton,A,0.4581662219743369,0.29334969401248423,0.2484840840131789,0.48617188144968215,0.2991826962767275,0.21464542227359035,2025-01-25
2025-02-16,Premier League,Tottenham,Man United,H,0.4953193805273372,0.2278928576809718,0.2767877617916911,0.43999812567358604,0.2493322712150321,0.3106696031113818,2025-01-25
2025-02-16,Premier League,Liverpool,Wolves,H,0.7872322743198897,0.1373031459229841,0.07546457975712641,0.7875814008117243,0.13644015816879168,0.07597844101948399,2025-01-25
2025-02-19,Premier League,Aston Villa,Liverpool,D,0.22254681302782614,0.2219236919815794,0.5555294949905943,0.24423749742745418,0.24000565960074086,0.5157568429718048,2025-01-25
2025-02-21,Premier League,Leicester,Brentford,A,0.298961841785695,0.23701533806794464,0.4640228201463603,0.2598543998051447,0.25177602468166876,0.48836957551318655,2025-01-25
2025-02-22,Premier League,Everton,Man United,D,0.31242561502907656,0.285923109510061,0.4016512754608624,0.36408532100451824,0.30860565304192494,0.32730902595355676,2025-01-25
2025-02-22,Premier League,Arsenal,West Ham,A,0.747859646618299,0.15804573756397042,0.09409461581773068,0.7558665185307613,0.16753742421042647,0.07659605725881241,2025-01-25
2025-02-22,Premier League,Bournemouth,Wolves,A,0.545365370316463,0.2349124475516785,0.2197221821318585,0.5850383007897478,0.23068018510949675,0.18428151410075547,2025-01-25
2025-02-22,Premier League,Fulham,Crystal Palace,A,0.41533835722702334,0.275510862683846,0.3091507800891306,0.46323138508553585,0.27873521738671214,0.2580333975277521,2025-01-25
2025-02-22,Premier League,Ipswich,Tottenham,A,0.16924249951347295,0.19886269665214465,0.6318948038343825,0.28434268833087145,0.2525849335302806,0.46307237813884783,2025-01-25
2025-02-22,Premier League,Southampton,Brighton,A,0.19331588519623627,0.2333012265799076,0.5733828882238561,0.16649853857892968,0.21522981816300668,0.6182716432580637,2025-01-25
2025-02-22,Premier League,Aston Villa,Chelsea,H,0.36005411542825144,0.24232985329328208,0.3976160312784668,0.36314736574385137,0.26959416625859334,0.3672584679975554,2025-01-25
2025-02-23,Premier League,Newcastle,Nott'm Forest,H,0.5322759495341517,0.23873599419244781,0.2289880562734007,0.5066758717711576,0.2507262045877893,0.242597923641053,2025-01-25
2025-02-23,Premier League,Man City,Liverpool,A,0.4423695493149231,0.24217675349026957,0.31545369719480737,0.30273008187059985,0.25344844063585104,0.44382147749354917,2025-01-25
2025-02-25,Premier League,Wolves,Fulham,A,0.3299200868770489,0.2628530428052239,0.4072268703177272,0.4020314124997153,0.2939323317973749,0.3040362557029097,2025-02-25
2025-02-25,Premier League,Chelsea,Southampton,H,0.7698530245035289,0.14215024366072743,0.08799673183574348,0.8218410484699437,0.117548174205398,0.06061077732465834,2025-02-25
2025-02-25,Premier League,Brighton,Bournemouth,H,0.438802105269645,0.2439310937600957,0.31726680097025906,0.48391605537814864,0.2481304263546119,0.2679535182672393,2025-02-25
2025-02-25,Premier League,Crystal Palace,Aston Villa,H,0.391039130085793,0.26203431846595904,0.3469265514482479,0.4281269768457034,0.2737600668844357,0.29811295626986095,2025-02-25
2025-02-26,Premier League,Brentford,Everton,D,0.49318227428994765,0.2537809784647996,0.2530367472452529,0.47942293715116363,0.2644642832654516,0.25611277958338474,2025-02-25
2025-02-26,Premier League,Man United,Ipswich,H,0.6563632597232746,0.19951112559818954,0.14412561467853582,0.639037001131039,0.21489739861043788,0.1460656002585232,2025-02-25
2025-02-26,Premier League,Nott'm Forest,Arsenal,D,0.19346137744615385,0.22820050708855447,0.5783381154652918,0.22240714123609953,0.2817157122323928,0.49587714653150766,2025-02-25
2025-02-26,Premier League,Tottenham,Man City,A,0.25607730232097586,0.21216644811889016,0.5317562495601342,0.24475921932181663,0.23132374904878134,0.523917031629402,2025-02-25
2025-02-26,Premier League,Liverpool,Newcastle,H,0.6238066428994243,0.19291731243183682,0.18327604466873892,0.7073497077487656,0.1715166547992582,0.12113363745197611,2025-02-25
2025-02-27,Premier League,West Ham,Leicester,H,0.5094212947021328,0.2298892913661723,0.26068941393169487,0.5426242385617525,0.2562789939381364,0.20109676750011116,2025-02-25
2025-03-08,Premier League,Brentford,Aston Villa,A,0.43355178274474077,0.23780066866165345,0.3286475485936058,0.45193425557558364,0.24536834583017803,0.3026973985942383,2025-02-25
2025-03-08,Premier League,Nott'm Forest,Man City,H,0.19247497071344044,0.21050993865146356,0.5970150906350961,0.24839784416160182,0.25096526373949946,0.5006368920988985,2025-02-25
2025-03-08,Premier League,Brighton,Fulham,H,0.4493406477481207,0.25134422975891707,0.2993151224929623,0.483396027301663,0.2736974689792514,0.24290650371908562,2025-02-25
2025-03-08,Premier League,Crystal Palace,Ipswich,H,0.6283164240725972,0.21820178995252118,0.15348178597488144,0.6178109907472688,0.23039507255895775,0.15179393669377342,2025-02-25
2025-03-08,Premier League,Liverpool,Southampton,H,0.8803188893257239,0.08323138124891259,0.036449729425363606,0.8777981651376147,0.08472660550458716,0.03747522935779817,2025-02-25
2025-03-08,Premier League,Wolves,Everton,D,0.3656692684334263,0.28322247128448874,0.351108260282085,0.3378378378378379,0.32432432432432434,0.3378378378378379,2025-02-25
2025-03-09,Premier League,Tottenham,Bournemouth,D,0.5076251280353151,0.21910323137574161,0.2732716405889433,0.34032092055476165,0.25412998245081414,0.40554909699442426,2025-02-25
2025-03-09,Premier League,Chelsea,Leicester,H,0.6809311244453474,0.17646565310580706,0.14260322244884563,0.7834494650900901,0.141821509009009,0.0747290259009009,2025-02-25
2025-03-09,Premier League,Man United,Arsenal,D,0.20583036649496209,0.23513882808752992,0.5590308054175079,0.1925073989871092,0.261333969055081,0.5461586319578098,2025-02-25
2025-03-10,Premier League,West Ham,Newcastle,A,0.282710279339017,0.22517706680287516,0.49211265385810793,0.2871948486405527,0.274250855462387,0.4385542958970602,2025-02-25
2025-03-15,Premier League,Bournemouth,Brentford,A,0.4169449467628966,0.23939498973635764,0.3436600635007456,0.5518748237947562,0.2232872850296025,0.22483789117564135,2025-02-25
2025-03-15,Premier League,Southampton,Wolves,A,0.27696936648658854,0.25412703543598225,0.46890359807742915,0.24538017839924522,0.2840114601297386,0.47060836147101626,2025-02-25
2025-03-15,Premier League,Man City,Brighton,D,0.6708563987048763,0.18430759795868967,0.1448360033364341,0.5307213318609119,0.243413543184328,0.2258651249547602,2025-02-25
2025-03-15,Premier League,Everton,West Ham,D,0.4229886946344205,0.2675608062844698,0.30945049908110955,0.4584422742626171,0.2936246590443348,0.24793306669304804,2025-02-25
2025-03-15,Premier League,Ipswich,Nott'm Forest,A,0.22283466544487618,0.23563211808735215,0.5415332164677715,0.24333711706690409,0.27120533438462213,0.48545754854847367,2025-02-25
2025-03-16,Premier League,Arsenal,Chelsea,H,0.5973466645167151,0.2137265224408244,0.18892681304246048,0.5606853296619244,0.2593544439345265,0.17996022640354903,2025-02-25
2025-03-16,Premier League,Fulham,Tottenham,H,0.35246633988995213,0.23778277414908408,0.409750885960964,0.5250306016760302,0.2369040519757698,0.23806534634820004,2025-02-25
2025-03-16,Premier League,Leicester,Man United,A,0.2806549275517441,0.24147809740822643,0.4778669750400293,0.2134234580791706,0.2547672693301094,0.5318092725907201,2025-02-25
2025-04-01,Premier League,Arsenal,Fulham,H,0.6586425405082954,0.2036472623791353,0.13771019711256943,0.6452249797626805,0.22657900452131335,0.12819601571600622,2025-04-01
2025-04-01,Premier League,Wolves,West Ham,H,0.39070417416403064,0.25263833888714055,0.35665748694882865,0.40694564752786844,0.29562312996705337,0.29743122250507814,2025-04-01
2025-04-01,Premier League,Nott'm Forest,Man United,H,0.4129524578682391,0.2519418376897483,0.3351057044420128,0.41392992285738933,0.28113737535111705,0.30493270179149373,2025-04-01
2025-04-02,Premier League,Southampton,Crystal Palace,D,0.19312932654292045,0.23158067654430292,0.5752899969127765,0.16965858600623504,0.23497508764059669,0.5953663263531682,2025-04-01
2025-04-02,Premier League,Newcastle,Brentford,H,0.5067507202663188,0.22139425062433607,0.2718550291093451,0.5685876657783706,0.22531445963245453,0.20609787458917483,2025-04-01
2025-04-02,Premier League,Liverpool,Everton,H,0.7085460948157425,0.18094741386662005,0.11050649131763746,0.647109125179908,0.22010514461901634,0.13278573020107554,2025-04-01
2025-04-02,Premier League,Brighton,Aston Villa,A,0.44535357738816417,0.23880858759129908,0.3158378350205368,0.40895224069009045,0.2780875236692615,0.312960235640648,2025-04-01
2025-04-02,Premier League,Bournemouth,Ipswich,A,0.6722619791957645,0.18446385488511008,0.14327416591912534,0.6918359002317024,0.17936486302303395,0.12879923674526372,2025-04-01
2025-04-02,Premier League,Man City,Leicester,H,0.8226609680482289,0.11486595106957923,0.062473080882191896,0.8071748878923767,0.1210762331838565,0.07174887892376682,2025-04-01
2025-04-03,Premier League,Chelsea,Tottenham,H,0.47800586664806194,0.21875229766335783,0.3032418356885803,0.5813293897630889,0.217672663879901,0.20099794635701002,2025-04-01
2025-04-05,Premier League,Everton,Arsenal,D,0.1685929161017307,0.24326717381573235,0.5881399100825369,0.23208761056121616,0.304842347414262,0.4630700420245218,2025-04-01
2025-04-05,Premier League,Crystal Palace,Brighton,H,0.397950678029704,0.25911947793084805,0.34292984403944804,0.3771368915568315,0.28618034712253687,0.3366827613206316,2025-04-01
2025-04-05,Premier League,Ipswich,Wolves,A,0.3045093457157375,0.2519284320080667,0.44356222227619574,0.3416332927041616,0.2977537872192234,0.360612920076615,2025-04-01
2025-04-05,Premier League,West Ham,Bournemouth,D,0.3540629050948733,0.2414428450647282,0.40449424984039856,0.32020444978953694,0.27420324714371613,0.4055923030667468,2025-04-01
2025-04-05,Premier League,Aston Villa,Nott'm Forest,H,0.44255667731346515,0.2435298815985224,0.31391344108801245,0.4523617604384975,0.2819066043312376,0.2657316352302649,2025-04-01
2025-04-06,Premier League,Brentford,Chelsea,D,0.3608819000614915,0.23488452565211126,0.4042335742863973,0.3310868554807563,0.26668365893518453,0.4022294855840593,2025-04-01
2025-04-06,Premier League,Fulham,Liverpool,H,0.1992725364577623,0.21686211563002286,0.5838653479122149,0.2262550469626237,0.27341807083652275,0.5003268822008535,2025-04-01
2025-04-06,Premier League,Tottenham,Southampton,H,0.7679498049758208,0.13905845027058553,0.09299174475359379,0.7057229849512286,0.17142561868496156,0.12285139636380982,2025-04-01
2025-04-06,Premier League,Man United,Man City,D,0.21625870023346738,0.2192273288551808,0.5645139709113519,0.2795412873207491,0.2594143146336552,0.4610443980455957,2025-04-01
2025-04-07,Premier League,Leicester,Newcastle,A,0.20576051536969123,0.2084868641600854,0.5857526204702236,0.13030990874137213,0.20016676703571595,0.6695233242229119,2025-04-01
2025-04-12,Premier League,Southampton,Aston Villa,A,0.18436943030230504,0.20924796875104448,0.6063826009466505,0.15589514760103035,0.20931611412810758,0.6347887382708621,2025-04-01
2025-04-12,Premier League,Nott'm Forest,Everton,A,0.4619608406772012,0.2680361491110117,0.2700030102117872,0.4887039357568546,0.2877280568509292,0.2235680073922163,2025-04-01
2025-04-12,Premier League,Arsenal,Brentford,D,0.6556572293107809,0.19723647448211135,0.1471062962071075,0.5994145327751746,0.22902159035277897,0.17156387687204647,2025-04-01
2025-04-12,Premier League,Man City,Crystal Palace,H,0.6592572412687264,0.19599929905404806,0.14474345967722568,0.5929631439520588,0.2235539209382475,0.18348293510969368,2025-04-01
2025-04-12,Premier League,Brighton,Leicester,D,0.6262597694535745,0.20219457008316774,0.17154566046325767,0.7491587824722639,0.16242266040154962,0.08841855712618668,2025-04-01
2025-04-13,Premier League,Chelsea,Ipswich,D,0.7558721591407184,0.1474813997128928,0.09664644114638862,0.7994951386765532,0.13020041962296494,0.07030444170048179,2025-04-01
2025-04-13,Premier League,Liverpool,West Ham,H,0.7593839352262325,0.14535608799933397,0.09525997677443353,0.7528872694647508,0.15746661845014395,0.08964611208510521,2025-04-01
2025-04-13,Premier League,Wolves,Tottenham,H,0.271189595458357,0.22678402326067876,0.5020263812809643,0.42453154896946327,0.267817423454565,0.3076510275759718,2025-04-01
2025-04-13,Premier League,Newcastle,Man United,H,0.5069372125419315,0.22754870604978503,0.2655140814082834,0.5989237940050778,0.22304748190533935,0.17802872408958276,2025-04-01
2025-04-14,Premier League,Bournemouth,Fulham,H,0.4355553748958589,0.24737402987455462,0.3170705952295865,0.43434135813571084,0.282007142673621,0.2836514991906683,2025-04-01
2025-04-16,Premier League,Newcastle,Crystal Palace,H,0.5026615632197162,0.23766968666421906,0.25966875011606455,0.5741637831603229,0.24175317185697806,0.18408304498269892,2025-04-01
2025-04-19,Premier League,Brentford,Brighton,H,0.4228538548993242,0.23935407874563794,0.337792066355038,0.36020894844424256,0.2657279127867363,0.37406313876902114,2025-04-01
2025-04-19,Premier League,Crystal Palace,Bournemouth,D,0.42112283990029414,0.25500326797706757,0.32387389212263834,0.37594637494147604,0.27505681104475227,0.3489968140137717,2025-04-01
2025-04-19,Premier League,Everton,Man City,A,0.17127584092156298,0.22293356271570328,0.6057905963627336,0.23545284172861874,0.2607024762303473,0.5038446820410339,2025-04-01
2025-04-19,Premier League,West Ham,Southampton,D,0.6212066879823073,0.2059274695547572,0.1728658424629356,0.5903967361456182,0.22517456913460787,0.18442869471977405,2025-04-01
2025-04-19,Premier League,Aston Villa,Newcastle,H,0.3680533735284334,0.23360907533593836,0.39833755113562813,0.3788467799076965,0.2646737777437331,0.35647944234857043,2025-04-01
2025-04-20,Premier League,Leicester,Liverpool,A,0.10100385070895976,0.15235836470387315,0.7466377845871672,0.07179965906323565,0.13369591687636984,0.7945044240603946,2025-04-01
2025-04-20,Premier League,Man United,Wolves,A,0.5382126999590116,0.23510504193850337,0.226682258102485,0.37433155080213903,0.27807486631016043,0.3475935828877006,2025-04-01
2025-04-20,Premier League,Fulham,Chelsea,A,0.3347053135240171,0.24554037882329194,0.419754307652691,0.3090031904131974,0.2696288226597152,0.4213679869270874,2025-04-01
2025-04-20,Premier League,Ipswich,Arsenal,A,0.07962674068899106,0.1480158675773375,0.7723573917336712,0.10835438128124049,0.1853648706592869,0.7062807480594726,2025-04-01
2025-04-21,Premier League,Tottenham,Nott'm Forest,A,0.5027687108373198,0.22375018848494665,0.27348110067773346,0.4064429228869682,0.2747783140644292,0.31877876304860253,2025-04-01
2025-04-22,Premier League,Man City,Aston Villa,H,0.6748580110096175,0.18000486454660222,0.1451371244437802,0.5120939743532574,0.240911204683429,0.24699482096331354,2025-04-01
2025-04-23,Premier League,Arsenal,Crystal Palace,D,0.6404041449288211,0.21528116190838248,0.1443146931627962,0.6932380428807037,0.20010995052226496,0.10665200659703132,2025-04-01
2025-04-26,Premier League,Chelsea,Everton,H,0.5609349716722626,0.2352488495873554,0.2038161787403818,0.674350171652771,0.196174595389897,0.12947523295733204,2025-04-01
2025-04-26,Premier League,Brighton,West Ham,H,0.533391759322736,0.22624772900428405,0.24036051167298003,0.5408781387000733,0.24204296706828282,0.21707889423164378,2025-04-01
2025-04-26,Premier League,Newcastle,Ipswich,H,0.751437988981925,0.14821783448533063,0.10034417653274456,0.8302171122397722,0.11427694368476864,0.05550594407545905,2025-04-01
2025-04-26,Premier League,Southampton,Fulham,A,0.19885569786329046,0.22684732632421484,0.5742969758124946,0.19012060135470016,0.23499091359656368,0.5748884850487362,2025-04-01
2025-04-26,Premier League,Wolves,Leicester,H,0.4815453447987005,0.24592499377049734,0.27252966143080204,0.6232153740270153,0.21658830263270712,0.16019632334027756,2025-04-01
2025-04-27,Premier League,Bournemouth,Man United,D,0.42301930969437734,0.24410736964831956,0.33287332065730296,0.4911410775836005,0.24744512305738647,0.2614137993590131,2025-04-01
2025-04-27,Premier League,Liverpool,Tottenham,H,0.6540741735150133,0.17952751626901453,0.1663983102159722,0.8076134537596278,0.12190391754862305,0.07048262869174933,2025-04-01
2025-05-01,Premier League,Nott'm Forest,Brentford,A,0.3940941904017824,0.2491570328801164,0.35674877671810123,0.4200298467553398,0.2734266315443348,0.30654352170032556,2025-05-01
2025-05-02,Premier League,Man City,Wolves,H,0.7499821416491761,0.15393587989070406,0.09608197846012016,0.7278495777539308,0.17286427471655857,0.09928614752951055,2025-05-01
2025-05-03,Premier League,Arsenal,Bournemouth,A,0.6596826361122257,0.19799371321505996,0.14232365067271432,0.5764304013663535,0.2391118701964133,0.1844577284372331,2025-05-01
2025-05-03,Premier League,Leicester,Southampton,H,0.5042203044558766,0.24398847647561034,0.25179121906851326,0.39673176203118676,0.2692500878050991,0.334018150163714,2025-05-01
2025-05-03,Premier League,Aston Villa,Fulham,H,0.4734403331758219,0.24227785422682946,0.2842818125973486,0.5163670718006332,0.2568174854458176,0.22681544275354917,2025-05-01
2025-05-03,Premier League,Everton,Ipswich,D,0.5796789867973022,0.2391723870191587,0.18114862618353905,0.6161748546446648,0.22497547018421482,0.15884967517112047,2025-05-01
2025-05-04,Premier League,Brentford,Man United,H,0.44990102280479904,0.245197604257051,0.30490137293814995,0.5838237766941314,0.2219606524297965,0.19421557087607197,2025-05-01
2025-05-04,Premier League,Brighton,Newcastle,D,0.3475970811442357,0.2290127234531456,0.42339019540261874,0.3105954270091585,0.2592436497436443,0.4301609232471974,2025-05-01
2025-05-04,Premier League,West Ham,Tottenham,D,0.3170715106922041,0.22548498872978592,0.4574435005780102,0.5244545125615493,0.24563059449085217,0.22991489294759865,2025-05-01
2025-05-04,Premier League,Chelsea,Liverpool,H,0.27774304989695686,0.23044081452998177,0.49181613557306136,0.41621657370869247,0.2536319746037345,0.330151451687573,2025-05-01
2025-05-05,Premier League,Crystal Palace,Nott'm Forest,D,0.41242996410701455,0.2628595509086169,0.3247104849843684,0.4441624365482234,0.2779187817258883,0.2779187817258883,2025-05-01
2025-05-10,Premier League,Fulham,Everton,A,0.44695187473805525,0.27884210187148145,0.2742060233904632,0.546358641314446,0.2578812787004185,0.1957600799851355,2025-05-01
2025-05-10,Premier League,Ipswich,Brentford,A,0.1932597656359116,0.20872097960850056,0.5980192547555877,0.16556094662837906,0.1994256857114566,0.6350133676601645,2025-05-01
2025-05-10,Premier League,Southampton,Man City,D,0.06380732978638547,0.12116730853045367,0.8150253616831611,0.0645993078645586,0.12112370224604738,0.8142769898893941,2025-05-01
2025-05-10,Premier League,Wolves,Brighton,A,0.3382996154315914,0.24739954512375067,0.41430083944465784,0.3158861585154815,0.28699981363648464,0.39711402784803385,2025-05-01
2025-05-10,Premier League,Bournemouth,Aston Villa,A,0.38730222443023365,0.24292135896742084,0.36977641660234556,0.3715330575999026,0.27190408126026394,0.3565628611398333,2025-05-01
2025-05-11,Premier League,Liverpool,Arsenal,D,0.42907801669272616,0.25240689703301383,0.3185150862742599,0.43396226415094336,0.2641509433962264,0.3018867924528302,2025-05-01
2025-05-11,Premier League,Tottenham,Crystal Palace,A,0.49272900167683414,0.22988038492768822,0.2773906133954777,0.31038028231077686,0.2597567603296074,0.4298629573596158,2025-05-01
2025-05-11,Premier League,Newcastle,Chelsea,H,0.44682204470917153,0.2292302624561073,0.32394769283472113,0.4250524744795745,0.2609571492113205,0.313990376309105,2025-05-01
2025-05-11,Premier League,Man United,West Ham,A,0.5036132545352585,0.24003956495730222,0.25634718050743915,0.4786933596738965,0.2627610289514323,0.2585456113746713,2025-05-01
2025-05-11,Premier League,Nott'm Forest,Leicester,D,0.5999517927789573,0.21811438805245079,0.18193381916859222,0.692736817415574,0.18553066978952748,0.12173251279489856,2025-05-01
2025-05-16,Premier League,Aston Villa,Tottenham,H,0.4424505821192939,0.2236617859760143,0.3338876319046917,0.7724719101123596,0.13904494382022473,0.08848314606741574,2025-05-01
2025-05-16,Premier League,Chelsea,Man United,H,0.5139081153608415,0.23603208219109403,0.25005980244806425,0.6237450088859141,0.20703025826851618,0.16922473284556974,2025-05-01
2025-05-18,Premier League,Arsenal,Newcastle,H,0.5805702709341825,0.21615292979077586,0.20327679927504178,0.5001724252271371,0.2560249353405398,0.24380263943232305,2025-05-01
2025-05-18,Premier League,Everton,Southampton,H,0.6005214738342172,0.23677363439474397,0.16270489177103875,0.6770266257547264,0.19558546966247647,0.12738790458279717,2025-05-01
2025-05-18,Premier League,West Ham,Nott'm Forest,A,0.3581151317774786,0.25304739428944845,0.3888374739330729,0.31881371640407785,0.28266913809082483,0.3985171455050973,2025-05-01
2025-05-18,Premier League,Brentford,Fulham,A,0.45671373130784537,0.24466747636646904,0.29861879232568544,0.4700054690684121,0.2567048340294493,0.2732896969021385,2025-05-01
2025-05-18,Premier League,Leicester,Ipswich,H,0.47770952108137715,0.24314101578620712,0.2791494631324157,0.4288117678468892,0.25819700610409513,0.3129912260490156,2025-05-01
2025-05-19,Premier League,Brighton,Liverpool,H,0.2096768201284891,0.20929605956216824,0.5810271203093429,0.4418224625606072,0.2436113828654977,0.31456615457389514,2025-05-01
2025-05-20,Premier League,Man City,Bournemouth,H,0.6854013961520714,0.17875072798497135,0.1358478758629572,0.723800443085897,0.1672228609888107,0.10897669592529236,2025-05-01
2025-05-20,Premier League,Crystal Palace,Wolves,H,0.485861428913428,0.2528811525223389,0.2612574185642331,0.4023507204621963,0.2974433240226666,0.30020595551513723,2025-05-01
2025-05-25,Premier League,Wolves,Brentford,D,0.32165723229266735,0.2468141540040119,0.4315286137033206,0.3242498401569769,0.25464647132746876,0.4211036885155544,2025-05-01
2025-05-25,Premier League,Tottenham,Brighton,A,0.48397782775372705,0.21859694885714576,0.2974252233891271,0.2539268891740991,0.2395418683588177,0.5065312424670833,2025-05-01
2025-05-25,Premier League,Nott'm Forest,Chelsea,A,0.3321923457875067,0.24935246652635562,0.41845518768613765,0.27814755788881595,0.25155463891753377,0.47029780319365017,2025-05-01
2025-05-25,Premier League,Southampton,Arsenal,A,0.0704160310935376,0.14069008327355692,0.7888938856329054,0.08211813560190333,0.14728527990983578,0.7705965844882608,2025-05-01
2025-05-25,Premier League,Newcastle,Everton,A,0.5641466610017359,0.23338265353160118,0.2024706854666629,0.7516890862289656,0.15543813091649045,0.092872782854544,2025-05-01
2025-05-25,Premier League,Fulham,Man City,A,0.20446388905307925,0.22099994931372738,0.5745361616331934,0.15288586822551675,0.21143078494207135,0.6356833468324119,2025-05-01
2025-05-25,Premier League,Liverpool,Crystal Palace,D,0.6849993136903362,0.18377740791093145,0.13122327839873257,0.7033564928075156,0.1607006556414522,0.1359428515510324,2025-05-01
2025-05-25,Premier League,Ipswich,West Ham,A,0.27406351730255907,0.2374054773801305,0.4885310053173103,0.29634605739556374,0.26777274607643226,0.4358811965280041,2025-05-01
2025-05-25,Premier League,Bournemouth,Leicester,H,0.6143132643315568,0.2088884920261686,0.1767982436422748,0.7219928799469741,0.17062971060475227,0.10737740944827363,2025-05-01
2025-05-25,Premier League,Man United,Aston Villa,H,0.38810665836298286,0.24955384737297673,0.36233949426404044,0.20112539928662615,0.22183625276007735,0.5770383479532964,2025-05-01
2025-08-15,Premier League,Liverpool,Bournemouth,H,0.6652775338006884,0.1826118764004711,0.1521105897988402,0.7523015213895712,0.1481632003958087,0.09953527821462019,2025-08-15
2025-08-16,Premier League,Tottenham,Burnley,H,0.6330697947085535,0.19446934206212477,0.17246086322932178,0.6233386496544391,0.2315257841573631,0.14513556618819776,2025-08-15
2025-08-16,Premier League,Sunderland,West Ham,H,0.19240352288604726,0.240136284901102,0.5674601922128507,0.27428089800414773,0.30052382343047046,0.4251952785653818,2025-08-15
2025-08-16,Premier League,Wolves,Man City,A,0.14822512389404707,0.19480593086410342,0.6569689452418495,0.15587226503521526,0.20628201883383807,0.6378457161309466,2025-08-15
2025-08-16,Premier League,Aston Villa,Newcastle,D,0.3764173851682678,0.2360529276572257,0.3875296871745066,0.41756812961582124,0.26687549881782513,0.3155563715663535,2025-08-15
2025-08-16,Premier League,Brighton,Fulham,D,0.46679400898044465,0.23866040320893503,0.2945455878106203,0.5065243179122183,0.265717674970344,0.2277580071174377,2025-08-15
2025-08-17,Premier League,Chelsea,Crystal Palace,D,0.5116927522310444,0.23903189057739657,0.249275357191559,0.5550739973039179,0.236921828117526,0.208004174578556,2025-08-15
2025-08-17,Premier League,Nott'm Forest,Brentford,H,0.37804148001211285,0.24704066988390116,0.37491785010398604,0.44592835760459304,0.28846404141780796,0.2656076009775991,2025-08-15
2025-08-17,Premier League,Man United,Arsenal,A,0.21755574171523812,0.238029011294719,0.5444152469900427,0.25284191587383803,0.26170160564839295,0.48545647847776896,2025-08-15
2025-08-18,Premier League,Leeds,Everton,H,0.32899733445888424,0.2649738175121822,0.4060288480289337,0.4122020226342403,0.29478690103539607,0.2930110763303636,2025-08-15
2025-08-22,Premier League,West Ham,Chelsea,A,0.2706067702369014,0.23423271176412488,0.4951605179989738,0.18775206102913783,0.2344633225895272,0.5777846163813348,2025-08-15
2025-08-23,Premier League,Burnley,Sunderland,H,0.552659116461417,0.25425424651627565,0.19308663702230727,0.4142655583956767,0.30517995681186216,0.28055448479246115,2025-08-15
2025-08-23,Premier League,Man City,Tottenham,A,0.6828684226028565,0.17103553136563457,0.14609604603150914,0.6430651271835668,0.19696315254506813,0.15997172027136503,2025-08-15
2025-08-23,Premier League,Bournemouth,Wolves,H,0.5167624949271857,0.23770314011982427,0.2455343649529899,0.5373945002851547,0.25069176430828094,0.21191373540656427,2025-08-15
2025-08-23,Premier League,Brentford,Aston Villa,H,0.41908479271126553,0.23809787379152975,0.34281733349720495,0.295675725813932,0.2795325108988035,0.4247917632872647,2025-08-15
2025-08-23,Premier League,Arsenal,Leeds,H,0.7782032428535378,0.139604907543489,0.08219184960297295,0.7248552578430052,0.17501009829002293,0.10013464386697188,2025-08-15
2025-08-24,Premier League,Everton,Brighton,H,0.3517108704185966,0.2678591357057079,0.3804299938756953,0.3099136851215013,0.2896217176433078,0.40046459723519096,2025-08-15
2025-08-24,Premier League,Crystal Palace,Nott'm Forest,D,0.43934021226824266,0.2582419285098798,0.3024178592218775,0.39728479217045254,0.29949161255926426,0.3032235952702831,2025-08-15
2025-08-24,Premier League,Fulham,Man United,D,0.40989091638129177,0.25547422717159807,0.33463485644710994,0.27542690409907583,0.2785836594469162,0.44598943645400807,2025-08-15
2025-08-25,Premier League,Newcastle,Liverpool,A,0.3092431824337827,0.22288287641021196,0.4678739411560053,0.3275904303094635,0.2601453417163387,0.4122642279741978,2025-08-15
2025-08-30,Premier League,Chelsea,Fulham,H,0.5344954347236218,0.2310441601994896,0.23446040507688887,0.5797624589357203,0.24387992605104605,0.17635761501323366,2025-08-15
2025-08-30,Premier League,Man United,Burnley,H,0.5808356539316942,0.22735171683940833,0.19181262922889733,0.6899353341071133,0.1890233792074283,0.12104128668545845,2025-08-15
2025-08-30,Premier League,Sunderland,Brentford,H,0.13231126645941724,0.1988143548585938,0.6688743786819892,0.31563960672648145,0.2954923977864933,0.3888679954870252,2025-08-15
2025-08-30,Premier League,Tottenham,Bournemouth,A,0.4555201535873466,0.22617778353266632,0.31830206287998725,0.4932866238198424,0.26193386763479504,0.24477950854536262,2025-08-15
2025-08-30,Premier League,Wolves,Everton,A,0.3599661069873637,0.2831023881902983,0.356931504822338,0.3032618996667787,0.3042095931032374,0.3925285072299838,2025-08-15
2025-08-30,Premier League,Leeds,Newcastle,D,0.21319422635860608,0.20206508512587154,0.5847406885155222,0.3080369279354096,0.2741962513453224,0.417766820719268,2025-08-15
2025-08-31,Premier League,Brighton,Man City,H,0.2253706251201499,0.21683304998714187,0.5577963248927084,0.25775036299276055,0.2563902027658858,0.4858594342413536,2025-08-15
2025-08-31,Premier League,Nott'm Forest,West Ham,A,0.47457406953061376,0.244518613518423,0.2809073169509632,0.5716291707783611,0.24151332465385753,0.18685750456778147,2025-08-15
2025-08-31,Premier League,Liverpool,Arsenal,H,0.421422202238599,0.2455865610625683,0.3329912366988326,0.4053881055029464,0.27561797541276806,0.3189939190842857,2025-08-15
2025-08-31,Premier League,Aston Villa,Crystal Palace,A,0.4588509991370298,0.24810532179668082,0.2930436790662894,0.4788359697681195,0.2769336235411061,0.24423040669077445,2025-08-15
2025-09-13,Premier League,Brentford,Chelsea,D,0.3655566264022523,0.23924431817515682,0.3951990554225908,0.23094500066831733,0.25188560953720623,0.5171693897944766,2025-08-15
2025-09-13,Premier League,West Ham,Tottenham,A,0.3453539278138097,0.22707222054953638,0.42757385163665396,0.2827895212285456,0.27097380307136404,0.4462366757000903,2025-08-15
2025-09-13,Premier League,Newcastle,Wolves,H,0.6259689494403636,0.19974156271382743,0.174289487845809,0.708431215158366,0.18664437783980026,0.10492440700183368,2025-08-15
2025-09-13,Premier League,Fulham,Leeds,H,0.5560811671084438,0.22006289912441382,0.2238559337671423,0.46093995017284456,0.2877465369422195,0.25131351288493586,2025-08-15
2025-09-13,Premier League,Everton,Aston Villa,D,0.3328725912733739,0.2734993497940907,0.39362805893253555,0.3607143409833021,0.29875114130518887,0.34053451771150905,2025-08-15
2025-09-13,Premier League,Crystal Palace,Sunderland,D,0.711133132572876,0.1880512008122852,0.10081566661483861,0.571960466286883,0.2619547935026646,0.16608474021045228,2025-08-15
2025-09-13,Premier League,Bournemouth,Brighton,H,0.4099776559474999,0.24012471814084382,0.3498976259116566,0.3940302575984735,0.2749307164599518,0.33103902594157464,2025-08-15
2025-09-13,Premier League,Arsenal,Nott'm Forest,H,0.6536879914444589,0.20313791362296774,0.14317409493257327,0.6966715511827507,0.18777475402972574,0.11555369478752353,2025-08-15
2025-09-14,Premier League,Burnley,Liverpool,A,0.11243625039748546,0.16007805229351404,0.7274856973090004,0.10194174757281553,0.16990291262135923,0.7281553398058253,2025-09-14
2025-09-14,Premier League,Man City,Man United,H,0.6642981249926051,0.19045070765234062,0.14525116735505442,0.5471161330148421,0.23911001368796805,0.21377385329718995,2025-09-14
2025-09-20,Premier League,Liverpool,Everton,H,0.669925704410431,0.19592164820840716,0.13415264738116178,0.6301502666020358,0.22055259331071253,0.14929714008725156,2025-09-14
2025-09-20,Premier League,Brighton,Tottenham,D,0.4273236428254075,0.22572489021176126,0.34695146696283125,0.42641931355096885,0.2599561590631574,0.3136245273858738,2025-09-14
2025-09-20,Premier League,Burnley,Nott'm Forest,D,0.29539708980651563,0.253683579105232,0.45091933108825255,0.2810820785355772,0.28858872158252136,0.4303291998819014,2025-09-14
2025-09-20,Premier League,West Ham,Crystal Palace,A,0.3248203516118077,0.2535297230413966,0.42164992534679563,0.2983306085104468,0.28604640698354605,0.4156229845060071,2025-09-14
2025-09-20,Premier League,Wolves,Leeds,A,0.46203291617929393,0.25452784555163555,0.2834392382690704,0.34153769559585995,0.3070607042423346,0.3514016001618054,2025-09-14
2025-09-20,Premier League,Man United,Chelsea,H,0.3211083306836653,0.2473794771897316,0.431512192126603,0.35909157774433365,0.26372308284204454,0.37718533941362176,2025-09-14
2025-09-20,Premier League,Fulham,Brentford,H,0.38436757156477264,0.24813379482593872,0.3674986336092886,0.4444572744101123,0.293181153903056,0.2623615716868318,2025-09-14
2025-09-21,Premier League,Arsenal,Man City,D,0.4310859856633344,0.256969660094112,0.31194435424255357,0.47464075118020377,0.26657905203271715,0.25878019678707914,2025-09-14
2025-09-21,Premier League,Sunderland,Aston Villa,D,0.38063642639785955,0.30984838717158864,0.30951518643055187,0.2692895088747452,0.29281178525235846,0.4378987058728963,2025-09-14
2025-09-21,Premier League,Bournemouth,Newcastle,D,0.3461047122088273,0.24396675674040763,0.409928531050765,0.3860254104276696,0.2819663867471674,0.3320082028251629,2025-09-14
2025-09-27,Premier League,Brentford,Man United,H,0.45534351832346115,0.23919458400155322,0.3054618976749856,0.2868213210554277,0.2545351514078272,0.45864352753674514,2025-09-14
2025-09-27,Premier League,Chelsea,Brighton,A,0.5262221663799755,0.22408333378791365,0.2496944998321108,0.5086493149170193,0.24847063721010404,0.24288004787287668,2025-09-14
2025-09-27,Premier League,Crystal Palace,Liverpool,H,0.23640616581761503,0.22813833641031345,0.5354554977720714,0.22552175968660648,0.2613864061057703,0.5130918342076233,2025-09-14
2025-09-27,Premier League,Leeds,Bournemouth,D,0.26993514702537424,0.24611067345420762,0.4839541795204181,0.322874870179392,0.2883837861246201,0.388741343695988,2025-09-14
2025-09-27,Premier League,Man City,Burnley,H,0.8058239052083469,0.1263620211117863,0.06781407367986664,0.8057523291452697,0.12909249599123146,0.0651551748634989,2025-09-14
2025-09-27,Premier League,Nott'm Forest,Sunderland,A,0.34203228030872507,0.3147856465458688,0.34318207314540616,0.5441951486455943,0.2535778441332874,0.20222700722111853,2025-09-14
2025-09-27,Premier League,Tottenham,Wolves,D,0.5817731180077672,0.210669628469996,0.20755725352223675,0.6112986502042421,0.22101873394112187,0.16768261585463587,2025-09-14
2025-09-28,Premier League,Aston Villa,Fulham,H,0.46446467000593383,0.2518019610369753,0.28373336895709106,0.4090176041478266,0.2995267378067161,0.2914556580454573,2025-09-14
2025-09-28,Premier League,Newcastle,Arsenal,A,0.2836314596126639,0.24856757522835338,0.4678009651589827,0.25697988592014415,0.2891023716601621,0.4539177424196938,2025-09-14
2025-09-29,Premier League,Everton,West Ham,D,0.45608414609675735,0.2650704863441557,0.2788453675590869,0.575221238938053,0.24778761061946902,0.17699115044247785,2025-09-14
2025-10-03,Premier League,Bournemouth,Fulham,H,0.4535873504828198,0.2522452023381888,0.29416744717899135,0.48156757420005725,0.27401873236172275,0.24441369343821998,2025-09-14
2025-10-04,Premier League,Chelsea,Liverpool,H,0.3167153424538271,0.23171093225912,0.4515737252870529,0.33533862336224396,0.25259272928584603,0.41206864735190996,2025-09-14
2025-10-04,Premier League,Man United,Sunderland,H,0.3688025961244706,0.31107790333185664,0.3201195005436728,0.6143882221649101,0.21872777977299518,0.16688399806209495,2025-09-14
2025-10-04,Premier League,Leeds,Tottenham,A,0.2543881952875552,0.22432258667009955,0.5212892180423452,0.3511012116208068,0.2818986539680101,0.367000134411183,2025-09-14
2025-10-04,Premier League,Arsenal,West Ham,H,0.7406446886302858,0.16155770980504724,0.09779760156466703,0.7926810446111058,0.14179924844949396,0.06551970693940035,2025-09-14
2025-10-05,Premier League,Aston Villa,Burnley,H,0.6150582285269399,0.21206677789228778,0.17287499358077224,0.585494917304004,0.2470758602433777,0.16742922245261815,2025-09-14
2025-10-05,Premier League,Everton,Crystal Palace,H,0.35302460589489426,0.2894114911408862,0.35756390296421975,0.3730008226510994,0.3014031415230246,0.3255960358258761,2025-09-14
2025-10-05,Premier League,Newcastle,Nott'm Forest,H,0.5611155737539893,0.22279234277560028,0.21609208347041026,0.6160357489689167,0.2203134683100682,0.1636507827210151,2025-09-14
2025-10-05,Premier League,Wolves,Brighton,D,0.30535618326048164,0.24382801568220291,0.45081580105731545,0.2545091003711363,0.26419151179829903,0.48129938783056464,2025-09-14
2025-10-05,Premier League,Brentford,Man City,A,0.23271239140498168,0.21863979659247704,0.5486478120025413,0.19221124529323258,0.22067076908380234,0.587117985622965,2025-09-14
2025-10-18,Premier League,Fulham,Arsenal,A,0.18909250028042573,0.23818797187853274,0.5727195278410417,0.1341421180223955,0.23434466401502826,0.6315132179625762,2025-10-18
2025-10-18,Premier League,Nott'm Forest,Chelsea,A,0.2891037529411457,0.25079616889851775,0.4601000781603365,0.3004526299360075,0.2781332917121898,0.4214140783518027,2025-10-18
2025-10-18,Premier League,Brighton,Newcastle,H,0.35879738208138523,0.241937580365656,0.3992650375529586,0.3389920990817852,0.27797352124706387,0.383034379671151,2025-10-18
2025-10-18,Premier League,Burnley,Leeds,H,0.3616439797166027,0.26107272275446,0.3772832975289372,0.2724014336917563,0.3010752688172043,0.42652329749103945,2025-10-18
2025-10-18,Premier League,Crystal Palace,Bournemouth,D,0.42712392688637457,0.26101897501958815,0.31185709809403733,0.43432474792522363,0.28530423324120263,0.2803710188335738,2025-10-18
2025-10-18,Premier League,Man City,Everton,H,0.6706017557545503,0.20532228624195636,0.1240759580034934,0.6712451334927543,0.2124380202702343,0.11631684623701156,2025-10-18
2025-10-18,Premier League,Sunderland,Wolves,H,0.44896370854561035,0.3106950151311666,0.24034127632322314,0.3671144145298647,0.32107366287265393,0.3118119225974812,2025-10-18
2025-10-19,Premier League,Liverpool,Man United,A,0.6618100132428906,0.18715589145875006,0.1510340952983596,0.5938841006382215,0.21704732826015719,0.1890685711016213,2025-10-18
2025-10-19,Premier League,Tottenham,Aston Villa,A,0.43749840343955265,0.2378193115379703,0.32468228502247704,0.41948090692124107,0.28290572792362767,0.29761336515513126,2025-10-18
2025-10-20,Premier League,West Ham,Brentford,A,0.3232615769444033,0.23925781468855017,0.4374806083670467,0.3701704118189215,0.2941233181521944,0.335706270028884,2025-10-18
2025-10-24,Premier League,Leeds,West Ham,H,0.4025256736955708,0.24998807132751816,0.34748625497691116,0.5359800216552711,0.2614889054436767,0.20253107290105232,2025-10-18
2025-10-25,Premier League,Chelsea,Sunderland,A,0.4974308735630513,0.28677432090698957,0.21579480552995917,0.6696918818350955,0.2066070699278486,0.12370104823705584,2025-10-18
2025-10-25,Premier League,Newcastle,Fulham,H,0.5539453144753179,0.22984469195560459,0.21620999356907766,0.6037607749475649,0.23423008377483842,0.16200914127759658,2025-10-18
2025-10-25,Premier League,Man United,Brighton,H,0.4052459028520992,0.24646073528796603,0.34829336185993476,0.4786658003032272,0.24915168579885927,0.2721825138979135,2025-10-18
2025-10-25,Premier League,Brentford,Liverpool,H,0.24696157514365452,0.2165525395993494,0.5364858852569964,0.22755085114440507,0.24723718432229252,0.5252119645333024,2025-10-18
2025-10-26,Premier League,Arsenal,Crystal Palace,H,0.6291868609087019,0.22012982754952326,0.15068331154177467,0.6981073533974558,0.19407384424449267,0.10781880235805148,2025-10-18
2025-10-26,Premier League,Aston Villa,Man City,H,0.22910208923749048,0.2341634763769435,0.5367344343855659,0.22707132582153003,0.2571868862753139,0.515741787903156,2025-10-18
2025-10-26,Premier League,Bournemouth,Nott'm Forest,H,0.4851684458158599,0.2517453041443983,0.26308625003974195,0.4811950982936925,0.27458025382860424,0.2442246478777032,2025-10-18
2025-10-26,Premier League,Wolves,Burnley,A,0.4869501469874682,0.25685536705070355,0.25619448596182803,0.5024726102149407,0.28439065622135934,0.21313673356370008,2025-10-18
2025-10-26,Premier League,Everton,Tottenham,A,0.36010213849460154,0.26481920514683455,0.37507865635856413,0.42677508220030214,0.2870345685594952,0.2861903492402026,2025-10-18
2025-11-01,Premier League,Liverpool,Aston Villa,H,0.631496826368114,0.19797959577706017,0.1705235778548258,0.5785161583978151,0.22394173873463813,0.19754210286754664,2025-10-18
2025-11-01,Premier League,Tottenham,Chelsea,A,0.37007514065262037,0.2355094843797471,0.39441537496763257,0.3439457660206428,0.27731239824456383,0.3787418357347934,2025-10-18
2025-11-01,Premier League,Nott'm Forest,Man United,D,0.37518708934352674,0.26223635293941233,0.3625765577170609,0.27931246163290363,0.2578268876611418,0.46286065070595456,2025-10-18
2025-11-01,Premier League,Crystal Palace,Brentford,H,0.43176193795053647,0.25003513433119634,0.3182029277182675,0.4695476397456979,0.27534380007750553,0.2551085601767965,2025-10-18
2025-11-01,Premier League,Burnley,Arsenal,A,0.10268206280203467,0.18206052414080942,0.7152574130571561,0.0790454273710762,0.1591309261549297,0.7618236464739941,2025-10-18
2025-11-01,Premier League,Brighton,Leeds,H,0.5858967382062619,0.21402980552383738,0.20007345626990086,0.47851569225683366,0.26982968202260343,0.2516546257205628,2025-10-18
2025-11-01,Premier League,Fulham,Wolves,H,0.5024644887807534,0.2519396669529629,0.2455958442662836,0.5423835011570823,0.26028591610487334,0.19733058273804419,2025-10-18
2025-11-02,Premier League,West Ham,Newcastle,H,0.24918682252411406,0.23128658268910712,0.5195265947867789,0.18728077679869964,0.22944114124390452,0.5832780819573958,2025-10-18
2025-11-02,Premier League,Man City,Bournemouth,H,0.6595489122941095,0.19561583286415649,0.14483525484173404,0.6767805486052331,0.18089648308513706,0.1423229683096299,2025-10-18
2025-11-03,Premier League,Sunderland,Everton,D,0.3705353656180784,0.34572930780301536,0.28373532657890627,0.29330666909068875,0.3043056691815896,0.4023876617277218,2025-10-18
2025-11-08,Premier League,Tottenham,Man United,D,0.46925129299163676,0.23398372994507616,0.29676497706328697,0.3249788592566654,0.2724753109645022,0.40254582977883246,2025-10-18
2025-11-08,Premier League,Everton,Fulham,H,0.3958554709922585,0.28596596500410476,0.3181785640036369,0.40899533502649016,0.30043484486513783,0.2905698201083721,2025-10-18
2025-11-08,Premier League,West Ham,Burnley,H,0.5164144008548903,0.24067964982299253,0.24290594932211723,0.5162397072278133,0.26517230863068003,0.21858798414150654,2025-10-18
2025-11-08,Premier League,Sunderland,Arsenal,D,0.1870464524686099,0.2987003074743853,0.5142532400570046,0.1216551724137931,0.2162758620689655,0.6620689655172414,2025-10-18
2025-11-08,Premier League,Chelsea,Wolves,H,0.6313665327551715,0.2079297591771716,0.1607037080676572,0.7144500690289921,0.17993557294063506,0.10561435803037277,2025-10-18
2025-11-09,Premier League,Man City,Liverpool,H,0.4708847509060614,0.23472643886782577,0.2943888102261128,0.5031217007077593,0.24401402484326326,0.2528642744489775,2025-10-18
2025-11-09,Premier League,Nott'm Forest,Leeds,H,0.4927607475475019,0.24849323173787957,0.2587460207146186,0.43634211910466947,0.2948614926070948,0.26879638828823565,2025-10-18
2025-11-09,Premier League,Brentford,Newcastle,H,0.352396113387097,0.24111939709753444,0.4064844895153686,0.3320643315514117,0.2771933024061642,0.3907423660424242,2025-10-18
2025-11-09,Premier League,Aston Villa,Bournemouth,H,0.43792025233843995,0.254080699236114,0.3079990484254462,0.4102254731920669,0.28595128572505846,0.30382324108287456,2025-10-18
2025-11-09,Premier League,Crystal Palace,Brighton,D,0.4246180572039389,0.2512225503708437,0.3241593924252174,0.4006604854908814,0.28220434195444694,0.31713517255467166,2025-10-18
2025-11-22,Premier League,Burnley,Chelsea,A,0.1885665369546674,0.21413401025428616,0.5972994527910466,0.16758305678353191,0.22870158337517296,0.6037153598412951,2025-11-22
2025-11-22,Premier League,Bournemouth,West Ham,D,0.5408246878658164,0.22572157891757158,0.2334537332166119,0.575081837555199,0.2362194344970011,0.1886987279477997,2025-11-22
2025-11-22,Premier League,Brighton,Brentford,H,0.43589802183222315,0.23461890858504458,0.3294830695827322,0.44846728467284674,0.2804536045360454,0.2710791107911079,2025-11-22
2025-11-22,Premier League,Fulham,Sunderland,H,0.3383715268216306,0.2954171868852367,0.36621128629313277,0.46949987151260913,0.28753394497961565,0.24296618350777519,2025-11-22
2025-11-22,Premier League,Liverpool,Nott'm Forest,A,0.697866071140994,0.17405927132083948,0.1280746575381668,0.6560230385614947,0.20561916134016997,0.13835780009833532,2025-11-22
2025-11-22,Premier League,Wolves,Crystal Palace,A,0.27726524177080486,0.26203753465813545,0.4606972235710596,0.21362426099473042,0.2546626058700339,0.5317131331352356,2025-11-22
2025-11-22,Premier League,Newcastle,Man City,H,0.2703486578916043,0.23891354915561405,0.4907377929527816,0.24049026937628856,0.253607920433177,0.5059018101905345,2025-11-22
2025-11-23,Premier League,Leeds,Aston Villa,A,0.24871853024721424,0.24349842968955143,0.5077830400632344,0.2945677066293906,0.28094607857716447,0.42448621479344495,2025-11-22
2025-11-23,Premier League,Arsenal,Tottenham,H,0.6623124352420157,0.19370841849999507,0.14397914625798916,0.657887635288376,0.21635230959147939,0.12576005512014468,2025-11-22
2025-11-24,Premier League,Man United,Everton,A,0.4653824269873701,0.26860062124963174,0.266016951762998,0.5110796061447631,0.25091763609174417,0.23800275776349264,2025-11-22
2025-11-29,Premier League,Man City,Leeds,H,0.8169169944701087,0.121774885413999,0.06130812011589219,0.7980610073303382,0.12981792385906835,0.07212106881059352,2025-11-22
2025-11-29,Premier League,Tottenham,Fulham,A,0.49809504956271494,0.23325333620748548,0.2686516142297997,0.40536620739666424,0.2828136330674402,0.31182015953589554,2025-11-22
2025-11-29,Premier League,Everton,Newcastle,A,0.3126630301643008,0.27193650590711577,0.4154004639285833,0.353884793000081,0.2896378514137568,0.35647735558616217,2025-11-22
2025-11-29,Premier League,Brentford,Burnley,H,0.6555133797227137,0.1904877235068557,0.15399889677043077,0.6483249962103986,0.21373351523419737,0.137941488555404,2025-11-22
2025-11-29,Premier League,Sunderland,Bournemouth,H,0.45500517264855966,0.27722233970895926,0.26777248764248107,0.2955583988301956,0.28349479071467737,0.42094681045512705,2025-11-22
2025-11-30,Premier League,Crystal Palace,Man United,A,0.44416081041147326,0.2561984750339691,0.29964071455455765,0.4651405874359778,0.2604787289641476,0.27438068359987455,2025-11-22
2025-11-30,Premier League,Aston Villa,Wolves,H,0.6016135059997119,0.22197234685043213,0.17641414714985595,0.6583765415824472,0.2081319389518704,0.1334915194656824,2025-11-22
2025-11-30,Premier League,Nott'm Forest,Brighton,A,0.3548289694592954,0.2508392438192531,0.3943317867214515,0.33020116209944966,0.2907741576696646,0.3790246802308858,2025-11-22
2025-11-30,Premier League,West Ham,Liverpool,A,0.17842986845795122,0.1932410790677615,0.628329052474287,0.1885739098070839,0.20445381800136464,0.6069722721915514,2025-11-22
2025-11-30,Premier League,Chelsea,Arsenal,D,0.29485736584937855,0.2612249503047487,0.44391768384587316,0.3051361602092354,0.3070613094850034,0.3878025303057613,2025-11-22
2025-12-02,Premier League,Fulham,Man City,A,0.1880994958402411,0.22370714828438107,0.5881933558753779,0.1825090998366833,0.23478112357631586,0.5827097765870008,2025-11-22
2025-12-02,Premier League,Bournemouth,Everton,A,0.4560419975881174,0.26958969285924506,0.27436830955263775,0.4364712206931609,0.27809452061307105,0.28543425869376793,2025-11-22
2025-12-02,Premier League,Newcastle,Tottenham,D,0.506522748302406,0.22288898821852368,0.2705882634790705,0.5247110121241589,0.2495412268456797,0.22574776103016142,2025-11-22
2025-12-03,Premier League,Leeds,Chelsea,H,0.19706918720174582,0.2185290151267641,0.5844017976714899,0.23642715544950002,0.27527354359700995,0.48829930095349,2025-11-22
2025-12-03,Premier League,Wolves,Nott'm Forest,A,0.34990481545207797,0.2656055420345579,0.38448964251336415,0.3073141122913505,0.2934294385432474,0.39925644916540215,2025-11-22
2025-12-03,Premier League,Liverpool,Sunderland,D,0.5595667224575114,0.24128369426484972,0.19914958327763888,0.7100995264418536,0.17655125337493982,0.11334922018320667,2025-11-22
2025-12-03,Premier League,Brighton,Aston Villa,A,0.42091292976864986,0.24796488524519858,0.3311221849861515,0.42087768189906993,0.281805056575899,0.297317261525031,2025-11-22
2025-12-03,Premier League,Arsenal,Brentford,H,0.6446720586204681,0.20367693735200137,0.1516510040275308,0.671990587780231,0.20810031105452315,0.11990910116524568,2025-11-22
2025-12-03,Premier League,Burnley,Crystal Palace,A,0.2506693074644985,0.24911456479900976,0.5002161277364915,0.19198129721628276,0.2571632761119968,0.5508554266717205,2025-11-22
2025-12-04,Premier League,Man United,West Ham,D,0.5511813738535221,0.2237131345694964,0.22510549157698173,0.6964794506092166,0.186174314682079,0.11734623470870437,2025-11-22
2025-12-06,Premier League,Aston Villa,Arsenal,H,0.2399279043038284,0.25722411724174143,0.5028479784544301,0.21725940624284515,0.2761772113256506,0.5065633824315043,2025-11-22
2025-12-06,Premier League,Bournemouth,Chelsea,D,0.3307260476356854,0.2460261006762853,0.4232478516880293,0.2879967255456836,0.2528386837258209,0.45916459072849547,2025-11-22
2025-12-06,Premier League,Everton,Nott'm Forest,H,0.4242518281375575,0.28234544468182016,0.2934027271806225,0.45847091334230844,0.288414936583292,0.2531141500743995,2025-11-22
2025-12-06,Premier League,Man City,Sunderland,H,0.594283875132263,0.24202814483427854,0.16368798003345855,0.7619896575610962,0.1500351728841228,0.0879751695547811,2025-11-22
2025-12-06,Premier League,Newcastle,Burnley,H,0.6910455462767757,0.1790319306780741,0.12992252304515,0.727226115193984,0.16821056229704326,0.10456332250897285,2025-11-22
2025-12-06,Premier League,Tottenham,Brentford,H,0.43963807783965403,0.22817259783018318,0.33218932433016285,0.39124433950427173,0.2840228587071827,0.3247328017885456,2025-11-22
2025-12-06,Premier League,Leeds,Liverpool,D,0.13858573976687819,0.1773405427209052,0.6840737175122166,0.21152471902812967,0.23803027350094197,0.5504450074709284,2025-11-22
2025-12-07,Premier League,Brighton,West Ham,D,0.5729958100645101,0.2138863546268612,0.21311783530862874,0.5954558829173435,0.22312484808167127,0.18141926900098507,2025-11-22
2025-12-07,Premier League,Fulham,Crystal Palace,A,0.37041841280690135,0.2687737027387949,0.3608078844543039,0.38478596662945236,0.28632602810956304,0.32888800526098455,2025-11-22
2025-12-08,Premier League,Wolves,Man United,A,0.29270614769645464,0.2523307637111271,0.454963088592418,0.18128310771041792,0.23092014910731803,0.5877967431822642,2025-11-22
2025-12-13,Premier League,Chelsea,Everton,H,0.5599430548103527,0.24434767773937238,0.19570926745027512,0.5532036296837564,0.24759753246715444,0.19919883784908923,2025-11-22
2025-12-13,Premier League,Liverpool,Brighton,H,0.6332263227150119,0.190125248789341,0.17664842849564696,0.5377543515567542,0.23608727629320916,0.22615837215003678,2025-11-22
2025-12-13,Premier League,Burnley,Fulham,A,0.29790057164715866,0.2545202937746782,0.447579134578163,0.23942944991396953,0.2769468850856741,0.48362366500035636,2025-11-22
2025-12-13,Premier League,Arsenal,Wolves,H,0.7698531725013928,0.15439375370414896,0.07575307379445805,0.8619378475454744,0.10198845735354826,0.03607369510097726,2025-11-22
2025-12-14,Premier League,Crystal Palace,Man City,A,0.22856350595523173,0.24358960135590418,0.5278468926888643,0.2307526006562047,0.2555192410407712,0.5137281583030241,2025-11-22
2025-12-14,Premier League,Nott'm Forest,Tottenham,H,0.3585996682818312,0.24394126604983396,0.39745906566833467,0.35403930341542444,0.2906292789231096,0.3553314176614661,2025-11-22
2025-12-14,Premier League,Sunderland,Newcastle,H,0.38715126248380144,0.28204404560433494,0.3308046919118634,0.2696550604951406,0.28380605492345695,0.44653888458140245,2025-11-22
2025-12-14,Premier League,West Ham,Aston Villa,A,0.3030572094838153,0.24756279050817562,0.449380000008009,0.29064550164104397,0.27273457436904686,0.4366199239899091,2025-11-22
2025-12-14,Premier League,Brentford,Leeds,D,0.6427567385176771,0.1954607461092402,0.1617825153730827,0.43652118029817827,0.29232499461409533,0.27115382508772634,2025-11-22
2025-12-15,Premier League,Man United,Bournemouth,D,0.4482214516421539,0.24471831833443938,0.30706023002340677,0.5355908245886275,0.23359503433865436,0.23081414107271803,2025-11-22
2025-12-20,Premier League,Leeds,Crystal Palace,H,0.25999143378068706,0.25222741582348834,0.48778115039582476,0.3320642664806581,0.3128451127936747,0.35509062072566727,2025-11-22
2025-12-20,Premier League,Tottenham,Liverpool,A,0.2780085288093419,0.2158883163301786,0.5061031548604794,0.2619235269405568,0.264058773084094,0.47401769997534926,2025-11-22
2025-12-20,Premier League,Wolves,Brentford,A,0.27286984432848477,0.24076098139585672,0.48636917427565857,0.2803270263275877,0.27952148889561185,0.44015148477680055,2025-11-22
2025-12-20,Premier League,Everton,Arsenal,A,0.18418576375131743,0.2617709898389931,0.5540432464096893,0.14606741573033707,0.23127340823970036,0.6226591760299625,2025-11-22
2025-12-20,Premier League,Brighton,Sunderland,D,0.3942327766389146,0.2791877523327576,0.32657947102832763,0.5199995060325772,0.2693110389369821,0.21068945503044076,2025-11-22
2025-12-20,Premier League,Bournemouth,Burnley,D,0.6114285948254489,0.21002104962316798,0.17855035555138304,0.6573399014778326,0.20267980295566504,0.13998029556650246,2025-11-22
2025-12-20,Premier League,Newcastle,Chelsea,D,0.4081840360362466,0.2442625729968801,0.3475533909668734,0.3392890328404173,0.27429845753577403,0.38641250962380863,2025-11-22
2025-12-20,Premier League,Man City,West Ham,H,0.7777407045558292,0.14022380435551435,0.08203549108865639,0.8135091827930482,0.11734253666954271,0.0691482805374091,2025-11-22
2025-12-21,Premier League,Aston Villa,Man United,H,0.46326270756752874,0.24864265974996513,0.28809463268250635,0.4792592894726108,0.2607170534731003,0.26002365705428887,2025-11-22
2025-12-22,Premier League,Fulham,Nott'm Forest,H,0.44892891660083467,0.256788209010943,0.29428287438822226,0.36576990890957706,0.29043222617894776,0.3437978649114753,2025-12-22
2025-12-26,Premier League,Man United,Newcastle,H,0.3725269948556652,0.2408776503741325,0.3865953547702022,0.3877025944998273,0.256068822361955,0.35622858313821776,2025-12-22
2025-12-27,Premier League,Chelsea,Aston Villa,A,0.4863698521365686,0.24308761691160377,0.2705425309518277,0.5412191489555307,0.23400538082859906,0.2247754702158701,2025-12-22
2025-12-27,Premier League,West Ham,Fulham,A,0.3586627140390281,0.25035068254528137,0.39098660341569047,0.31804675118858955,0.2879358161648178,0.3940174326465927,2025-12-22
2025-12-27,Premier League,Liverpool,Wolves,H,0.767371980573329,0.14573698310238875,0.08689103632428231,0.7711448585218018,0.14582920925147536,0.08302593222672285,2025-12-22
2025-12-27,Premier League,Brentford,Bournemouth,H,0.4753819633012013,0.23561620492340346,0.28900183177539523,0.41968358118113364,0.2712161304568886,0.3091002883619777,2025-12-22
2025-12-27,Premier League,Arsenal,Brighton,H,0.6528873528761276,0.20303441917950188,0.14407822794437064,0.7285912749848776,0.1715090965893606,0.0998996284257616,2025-12-22
2025-12-27,Premier League,Nott'm Forest,Man City,A,0.17871812127726477,0.21625847825310773,0.6050234004696274,0.17477947124459114,0.23374122058011582,0.5914793081752932,2025-12-22
2025-12-27,Premier League,Burnley,Everton,D,0.29399213889145287,0.2813610800974315,0.4246467810111156,0.26020816653322654,0.2994395516413131,0.4403522818254604,2025-12-22
2025-12-28,Premier League,Sunderland,Leeds,D,0.49245316553746527,0.2687493841493744,0.23879745031316033,0.3234775532347755,0.3091007730910077,0.36742167367421674,2025-12-22
2025-12-28,Premier League,Crystal Palace,Tottenham,A,0.4360060896451232,0.24582594279890696,0.31816796755596993,0.42526846494686227,0.2822796477473376,0.2924518873058002,2025-12-22
2025-12-30,Premier League,Arsenal,Aston Villa,H,0.6140210169127658,0.22262628606565643,0.16335269702157773,0.7066381156316915,0.17601713062098498,0.11734475374732332,2025-12-22
2025-12-30,Premier League,Man United,Wolves,D,0.6050716865875717,0.21630690440103198,0.17862140901139645,0.7028255004969475,0.17961096123810877,0.11756353826494392,2025-12-22
2025-12-30,Premier League,West Ham,Brighton,D,0.3193033758656512,0.24024015326302978,0.4404564708713189,0.2753138998295744,0.2662624839447664,0.45842361622565914,2025-12-22
2025-12-30,Premier League,Burnley,Newcastle,A,0.20030710958762468,0.21782920437561745,0.581863686036758,0.1616738438494664,0.22046433252199962,0.617861823628534,2025-12-22
2025-12-30,Premier League,Chelsea,Bournemouth,D,0.550614904778214,0.2251888835281989,0.22419621169358703,0.6107758307278411,0.21580746019050387,0.1734167090816549,2025-12-22
2025-12-30,Premier League,Nott'm Forest,Everton,A,0.4036865124648757,0.2890232273818691,0.3072902601532552,0.5068293338280736,0.27882874525785134,0.21434192091407514,2025-12-22
2026-01-01,Premier League,Crystal Palace,Fulham,D,0.4611466428648909,0.25581145529826516,0.28304190183684413,0.4252088894154058,0.29417775128739554,0.28061335929719866,2025-12-22
2026-01-01,Premier League,Liverpool,Leeds,D,0.7199334870838306,0.15743448474106725,0.1226320281751021,0.6568500423774221,0.2090619489717386,0.13408800865083925,2025-12-22
2026-01-01,Premier League,Brentford,Tottenham,D,0.46210083473666885,0.22981026446833192,0.30808890079499907,0.3864618338934229,0.28228516562650025,0.3312530004800768,2025-12-22
2026-01-01,Premier League,Sunderland,Man City,D,0.22335326037301478,0.27379500081522706,0.502851738811758,0.12557171077218773,0.198608318058052,0.6758199711697603,2025-12-22
2026-01-03,Premier League,Aston Villa,Nott'm Forest,H,0.5228038250801876,0.24304994723544143,0.23414622768437093,0.4954220423614122,0.27823129026600796,0.2263466673725799,2025-12-22
2026-01-03,Premier League,Brighton,Burnley,H,0.641043033184179,0.19879760733262852,0.16015935948319246,0.6603854308287619,0.2110362137648435,0.1285783554063947,2025-12-22
2026-01-03,Premier League,Wolves,West Ham,H,0.37211444596588084,0.260097038070459,0.3677885159636601,0.356300759758973,0.28608855121823423,0.35761068902279275,2025-12-22
2026-01-03,Premier League,Bournemouth,Arsenal,A,0.20424494302773888,0.23673197863705062,0.5590230783352106,0.15379262352122477,0.2129436325678497,0.6332637439109257,2025-12-22
2026-01-04,Premier League,Man City,Chelsea,D,0.587427759005188,0.21565569878256602,0.19691654221224592,0.6552478059645073,0.19203302036187542,0.15271917367361745,2025-12-22
2026-01-04,Premier League,Fulham,Liverpool,D,0.24539886243488185,0.22462802007340157,0.5299731174917166,0.2224884862835215,0.2661374536197982,0.5113740600966802,2025-12-22
2026-01-04,Premier League,Tottenham,Sunderland,D,0.4070769512506479,0.2811529174454778,0.31177013130387415,0.4860909514614821,0.28238231573340433,0.2315267328051135,2025-12-22
2026-01-04,Premier League,Everton,Brentford,A,0.35449141738477635,0.27526354374237766,0.3702450388728458,0.3846694715002017,0.3003746181776266,0.31495591032217163,2025-12-22
2026-01-04,Premier League,Leeds,Man United,D,0.35600075346126914,0.23559921462775862,0.40840003191097235,0.3510880956784415,0.28603353677331855,0.3628783675482399,2025-12-22
2026-01-04,Premier League,Newcastle,Crystal Palace,H,0.5030935783000429,0.24167257187909272,0.25523384982086456,0.5720410789422201,0.24168735585308798,0.18627156520469207,2025-12-22
2026-01-06,Premier League,West Ham,Nott'm Forest,A,0.37702841692688743,0.25751046253971266,0.3654611205333999,0.3187770450293834,0.2777914249541769,0.40343153001643955,2025-12-22
2026-01-07,Premier League,Bournemouth,Tottenham,H,0.42540632023675173,0.23494357480425168,0.33965010495899656,0.4320165204834152,0.2670431788702429,0.3009403006463419,2025-12-22
2026-01-07,Premier League,Brentford,Sunderland,H,0.414141118670018,0.2878436313450972,0.2980152499848845,0.467317594947992,0.3066311033097235,0.22605130174228455,2025-12-22
2026-01-07,Premier League,Crystal Palace,Aston Villa,D,0.38913895422857353,0.2626709085418931,0.34819013722953346,0.31615302869287987,0.2863974495217853,0.39744952178533466,2025-12-22
2026-01-07,Premier League,Everton,Wolves,D,0.5086887905127105,0.27217864800902064,0.21913256147826887,0.513399368397022,0.27566045632681013,0.21094017527616776,2025-12-22
2026-01-07,Premier League,Fulham,Chelsea,H,0.31144595693770605,0.24983027562766955,0.4387237674346245,0.26289123438224665,0.27170323106545047,0.4654055345523028,2025-12-22
2026-01-07,Premier League,Man City,Brighton,D,0.6779387648411827,0.18130400669969174,0.14075722845912575,0.6324017742986437,0.20897942001661446,0.1586188056847418,2025-12-22
2026-01-07,Premier League,Burnley,Man United,D,0.25288633563088353,0.23561452637284402,0.5114991379962727,0.1942165922541792,0.2499221264666182,0.5558612812792026,2025-12-22
2026-01-07,Premier League,Newcastle,Leeds,H,0.612103971336906,0.1989687657972032,0.18892726286589082,0.5866321856759639,0.23958987781320307,0.17377793651083312,2025-12-22
2026-01-08,Premier League,Arsenal,Liverpool,D,0.5029321232412303,0.24336508139765772,0.25370279536111234,0.6105433353041254,0.22062815980308167,0.16882850489279294,2025-12-22
2026-01-17,Premier League,Nott'm Forest,Arsenal,D,0.17906412522639512,0.23900951775809537,0.5819263570155098,,,,2025-12-22
2026-01-17,Premier League,Tottenham,West Ham,A,0.5674907995007654,0.21231756930645487,0.22019163119277976,,,,2025-12-22
2026-01-17,Premier League,Sunderland,Crystal Palace,H,0.3995405006540109,0.3064027676919563,0.29405673165403284,,,,2025-12-22
2026-01-17,Premier League,Liverpool,Burnley,D,0.7949813156043416,0.12923662036424888,0.0757820640314096,,,,2025-12-22
2026-01-17,Premier League,Chelsea,Brentford,H,0.5183690621301621,0.23095073162611598,0.2506802062437219,,,,2025-12-22
2026-01-17,Premier League,Man United,Man City,H,0.22143582583979035,0.21964115991813193,0.5589230142420776,,,,2025-12-22
2026-01-17,Premier League,Leeds,Fulham,H,0.3922435726380217,0.2425821434450699,0.3651742839169084,,,,2025-12-22
2026-01-18,Premier League,Wolves,Newcastle,D,0.21626080574740345,0.23165391118780745,0.5520852830647892,,,,2025-12-22
2026-01-18,Premier League,Aston Villa,Everton,A,0.4986333793938433,0.26590338535749936,0.2354632352486573,,,,2025-12-22
2026-01-19,Premier League,Brighton,Bournemouth,D,0.4691048026729275,0.2363189936171123,0.29457620370996007,,,,2025-12-22
2026-01-24,Premier League,West Ham,Sunderland,H,0.32827382518846443,0.30203374990273024,0.36969242490880544,,,,2026-01-24
2026-01-24,Premier League,Burnley,Tottenham,D,0.2485303955009648,0.24421640093474659,0.5072532035642885,,,,2026-01-24
2026-01-24,Premier League,Fulham,Brighton,H,0.3865556093479841,0.2618251616161702,0.35161922903584575,,,,2026-01-24
2026-01-24,Premier League,Man City,Wolves,H,0.77362597537765,0.1522046515996689,0.074169373022681,,,,2026-01-24
2026-01-24,Premier League,Bournemouth,Liverpool,H,0.2602234049504387,0.23254545090650486,0.5072311441430566,,,,2026-01-24
2026-01-25,Premier League,Newcastle,Aston Villa,A,0.47004013830029945,0.2482716378818497,0.2816882238178509,,,,2026-01-24
2026-01-25,Premier League,Arsenal,Man United,A,0.6434936692759369,0.21550690621285865,0.1409994245112043,,,,2026-01-24
2026-01-25,Premier League,Crystal Palace,Chelsea,A,0.32517062298395455,0.2712575941336351,0.40357178288241036,,,,2026-01-24
2026-01-25,Premier League,Brentford,Nott'm Forest,A,0.5296998213536381,0.24355504873858588,0.22674512990777612,,,,2026-01-24
2026-01-26,Premier League,Everton,Leeds,D,0.42053827386871356,0.2799122659915573,0.2995494601397293,,,,2026-01-24
2026-01-31,Premier League,Brighton,Everton,D,0.47258806489053473,0.2743661074212351,0.25304582768823014,,,,2026-01-24
2026-01-31,Premier League,Leeds,Arsenal,A,0.16893258414224435,0.2264241879082068,0.6046432279495488,,,,2026-01-24
2026-01-31,Premier League,Wolves,Bournemouth,A,0.29688318001895136,0.262929674959789,0.44018714502125955,,,,2026-01-24
2026-01-31,Premier League,Chelsea,West Ham,H,0.6488198566286685,0.2011305257899597,0.15004961758137195,,,,2026-01-24
2026-01-31,Premier League,Liverpool,Newcastle,H,0.5390460666342342,0.2278570282107516,0.23309690515501436,,,,2026-01-24
2026-02-01,Premier League,Aston Villa,Brentford,A,0.44247589514433316,0.24958239160513077,0.307941713250536,,,,2026-01-24
2026-02-01,Premier League,Man United,Fulham,H,0.4729929218074488,0.25581824889614263,0.2711888292964084,,,,2026-01-24
2026-02-01,Premier League,Nott'm Forest,Crystal Palace,D,0.3616647969830884,0.286187211290143,0.3521479917267686,,,,2026-01-24
2026-02-01,Premier League,Tottenham,Man City,D,0.22429323167003623,0.22780134702893548,0.5479054213010283,,,,2026-01-24
2026-02-02,Premier League,Sunderland,Burnley,H,0.5368849596424298,0.2789438063857757,0.18417123397179444,,,,2026-01-24
2026-02-06,Premier League,Leeds,Nott'm Forest,H,0.4366292841922868,0.26105420468358886,0.3023165111241245,,,,2026-01-24
2026-02-07,Premier League,Newcastle,Brentford,A,0.4849192869175975,0.2380264433315411,0.2770542697508614,,,,2026-01-24
2026-02-07,Premier League,Wolves,Chelsea,A,0.2114137135077529,0.24957176801816705,0.5390145184740799,,,,2026-01-24
2026-02-07,Premier League,Fulham,Everton,A,0.42267499124033125,0.2938666600198257,0.283458348739843,,,,2026-01-24
2026-02-07,Premier League,Man United,Tottenham,H,0.45518646737819585,0.2445535527683335,0.30025997985347075,,,,2026-01-24
2026-02-07,Premier League,Bournemouth,Aston Villa,D,0.37913831125220504,0.2535430461917315,0.3673186425560635,,,,2026-01-24
2026-02-07,Premier League,Arsenal,Sunderland,H,0.6240394265086974,0.25193944719759065,0.12402112629371166,,,,2026-01-24
2026-02-07,Premier League,Burnley,West Ham,A,0.35130901583021157,0.26580681096538716,0.38288417320440127,,,,2026-01-24
2026-02-08,Premier League,Brighton,Crystal Palace,A,0.4494584896385045,0.26208868283142017,0.2884528275300751,,,,2026-01-24
2026-02-08,Premier League,Liverpool,Man City,A,0.3778084242571972,0.2522421454061845,0.3699494303366185,,,,2026-01-24
2026-02-10,Premier League,Tottenham,Newcastle,A,0.3618172452727968,0.2459711084406437,0.39221164628655947,,,,2026-01-24
2026-02-10,Premier League,Chelsea,Leeds,D,0.593582175495952,0.2166331848148738,0.18978463968917386,,,,2026-01-24
2026-02-10,Premier League,Everton,Bournemouth,A,0.380925879557755,0.282644311856373,0.33642980858587235,,,,2026-01-24
2026-02-10,Premier League,West Ham,Man United,D,0.30232129857694806,0.25170744410447604,0.44597125731857584,,,,2026-01-24
2026-02-11,Premier League,Sunderland,Liverpool,A,0.24039036258805838,0.28209796760826455,0.477511669803677,,,,2026-01-24
2026-02-11,Premier League,Nott'm Forest,Wolves,D,0.4897297252358166,0.2728960992870198,0.23737417547716327,,,,2026-01-24
2026-02-11,Premier League,Aston Villa,Brighton,H,0.4613198228748491,0.2501003879509314,0.2885797891742195,,,,2026-01-24
2026-02-11,Premier League,Crystal Palace,Burnley,A,0.5937903211604996,0.23649656528850216,0.16971311355099844,,,,2026-01-24
2026-02-11,Premier League,Man City,Fulham,H,0.6809292757010303,0.19304842144731532,0.12602230285165442,,,,2026-01-24
2026-02-12,Premier League,Brentford,Arsenal,D,0.2326878516371959,0.25275598083845474,0.5145561675243492,,,,2026-01-24
2026-02-18,Premier League,Wolves,Arsenal,D,0.12095989028334127,0.21824601269345736,0.660794097023201,,,,2026-01-24
2026-02-21,Premier League,Aston Villa,Leeds,D,0.538109084363182,0.23292601455374173,0.2289649010830762,,,,2026-01-24
2026-02-21,Premier League,Brentford,Brighton,A,0.4614449360030688,0.24200061226644293,0.2965544517304884,,,,2026-01-24
2026-02-21,Premier League,Chelsea,Burnley,D,0.7077717752984285,0.1822146937385935,0.11001353096297803,,,,2026-01-24
2026-02-21,Premier League,West Ham,Bournemouth,D,0.332727265034709,0.24855753914808013,0.4187151958172109,,,,2026-01-24
2026-02-21,Premier League,Man City,Newcastle,H,0.5922759041600363,0.2181750672889145,0.1895490285510493,,,,2026-01-24
2026-02-22,Premier League,Crystal Palace,Wolves,H,0.542633024031278,0.2588266405956595,0.19854033537306265,,,,2026-01-24
2026-02-22,Premier League,Nott'm Forest,Liverpool,A,0.21708849747628087,0.24100247269378544,0.5419090298299338,,,,2026-01-24
2026-02-22,Premier League,Sunderland,Fulham,A,0.3920610689920831,0.3102242381309079,0.29771469287700886,,,,2026-01-24
2026-02-22,Premier League,Tottenham,Arsenal,A,0.2075542771279731,0.24273817986020832,0.5497075430118189,,,,2026-01-24
2026-02-23,Premier League,Everton,Man United,A,0.3391981214214736,0.2901265959125132,0.37067528266601324,,,,2026-02-23
2026-02-27,Premier League,Wolves,Aston Villa,H,0.235788005645163,0.27074128577376655,0.49347070858107034,,,,2026-02-23
2026-02-28,Premier League,Leeds,Man City,A,0.1764743519149018,0.210625842723282,0.6128998053618159,,,,2026-02-23
2026-02-28,Premier League,Newcastle,Everton,A,0.5161011531284782,0.2627339013250912,0.22116494554643076,,,,2026-02-23
2026-02-28,Premier League,Bournemouth,Sunderland,D,0.47291378124706696,0.2778168907790295,0.24926932797390355,,,,2026-02-23
2026-02-28,Premier League,Burnley,Brentford,A,0.22078300640808582,0.23884251346863555,0.5403744801232787,,,,2026-02-23
2026-02-28,Premier League,Liverpool,West Ham,H,0.7142136815967097,0.17171061696994458,0.11407570143334562,,,,2026-02-23
2026-03-01,Premier League,Brighton,Nott'm Forest,H,0.49285602346457663,0.26174704187216613,0.24539693466325718,,,,2026-02-23
2026-03-01,Premier League,Fulham,Tottenham,H,0.41509100247547215,0.2523879567460003,0.3325210407785278,,,,2026-02-23
2026-03-01,Premier League,Man United,Crystal Palace,H,0.4592158842948654,0.2645210137559252,0.2762631019492094,,,,2026-02-23
2026-03-01,Premier League,Arsenal,Chelsea,H,0.5763757977502538,0.2372278070479803,0.18639639520176574,,,,2026-02-23
2026-03-03,Premier League,Bournemouth,Brentford,D,0.40015165543564235,0.2486664689564431,0.3511818756079145,,,,2026-02-23
2026-03-03,Premier League,Everton,Burnley,H,0.5361016014372864,0.2683991820175291,0.1954992165451844,,,,2026-02-23
2026-03-03,Premier League,Leeds,Sunderland,A,0.42929192541391675,0.28199365849691127,0.288714416089172,,,,2026-02-23
2026-03-03,Premier League,Wolves,Liverpool,H,0.15072637830349422,0.2158108926336718,0.6334627290628339,,,,2026-02-23
2026-03-04,Premier League,Newcastle,Man United,H,0.46997444402686644,0.24510541936707525,0.2849201366060582,,,,2026-02-23
2026-03-04,Premier League,Man City,Nott'm Forest,D,0.7022245114706234,0.18968995296087385,0.10808553556850302,,,,2026-02-23
2026-03-04,Premier League,Fulham,West Ham,A,0.5009941284267165,0.24846752175647008,0.25053834981681355,,,,2026-02-23
2026-03-04,Premier League,Brighton,Arsenal,A,0.20873012227587676,0.251006648309722,0.5402632294144013,,,,2026-02-23
2026-03-04,Premier League,Aston Villa,Chelsea,A,0.37488766751641556,0.2649633807027772,0.3601489517808071,,,,2026-02-23
2026-03-05,Premier League,Tottenham,Crystal Palace,A,0.42659432889475957,0.2604573967591511,0.3129482743460892,,,,2026-02-23
2026-03-14,Premier League,Burnley,Bournemouth,D,0.2468059591849082,0.24587381141804276,0.5073202293970489,,,,2026-02-23
2026-03-14,Premier League,Sunderland,Brighton,A,0.3254556504499666,0.29705183500825166,0.3774925145417819,,,,2026-02-23
2026-03-14,Premier League,Arsenal,Everton,H,0.6618377624544974,0.22500964724495207,0.11315259030055047,,,,2026-02-23
2026-03-14,Premier League,Chelsea,Newcastle,A,0.46691007619305464,0.24363919090274277,0.28945073290420253,,,,2026-02-23
2026-03-14,Premier League,West Ham,Man City,D,0.14557576541891798,0.20162831231238995,0.652795922268692,,,,2026-02-23
2026-03-15,Premier League,Crystal Palace,Leeds,D,0.46219831105347514,0.25651811774515476,0.28128357120137,,,,2026-02-23
2026-03-15,Premier League,Man United,Aston Villa,H,0.40394859263752353,0.26597459573189675,0.3300768116305797,,,,2026-02-23
2026-03-15,Premier League,Nott'm Forest,Fulham,D,0.37698045525513174,0.27975265039232333,0.34326689435254504,,,,2026-02-23
2026-03-15,Premier League,Liverpool,Tottenham,D,0.6369754483636669,0.19680759956627475,0.16621695207005835,,,,2026-02-23
2026-03-16,Premier League,Brentford,Wolves,D,0.6048703319591474,0.22733352722364583,0.16779614081720678,,,,2026-02-23
2026-03-20,Premier League,Bournemouth,Man United,D,0.40087933665179654,0.2523998471836619,0.3467208161645415,,,,2026-02-23
2026-03-21,Premier League,Brighton,Liverpool,H,0.27677394734522476,0.2451863575115448,0.4780396951432306,,,,2026-02-23
2026-03-21,Premier League,Fulham,Burnley,H,0.5868200880637463,0.23188034364426485,0.18129956829198876,,,,2026-02-23
2026-03-21,Premier League,Everton,Chelsea,H,0.28360751339785584,0.28226101020733574,0.4341314763948084,,,,2026-02-23
2026-03-21,Premier League,Leeds,Brentford,D,0.35138443729400237,0.245322569654092,0.4032929930519056,,,,2026-02-23
2026-03-22,Premier League,Newcastle,Sunderland,A,0.5361656535805138,0.261419764712048,0.20241458170743823,,,,2026-02-23
2026-03-22,Premier League,Aston Villa,West Ham,H,0.5710797233575733,0.2341274518842932,0.19479282475813353,,,,2026-02-23
2026-03-22,Premier League,Tottenham,Nott'm Forest,A,0.47734670056895956,0.25558163126581446,0.2670716681652259,,,,2026-02-23
2026-04-10,Premier League,West Ham,Wolves,H,0.45446640693053053,0.26952335258617455,0.2760102404832948,,,,2026-04-10
2026-04-11,Premier League,Arsenal,Bournemouth,A,0.6716719870613818,0.20259395230533936,0.12573406063327902,,,,2026-04-10
2026-04-11,Premier League,Brentford,Everton,D,0.46490076495597127,0.27545871972822256,0.25964051531580606,,,,2026-04-10
2026-04-11,Premier League,Burnley,Brighton,A,0.2196719387048682,0.2443115871290549,0.5360164741660769,,,,2026-04-10
2026-04-11,Premier League,Liverpool,Fulham,H,0.6200233751518772,0.2113908813427887,0.16858574350533415,,,,2026-04-10
2026-04-12,Premier League,Chelsea,Man City,A,0.2936604707850445,0.25317956854041207,0.45315996067454334,,,,2026-04-10
2026-04-12,Premier League,Sunderland,Tottenham,H,0.3797056246382517,0.290909998825008,0.3293843765367403,,,,2026-04-10
2026-04-12,Premier League,Nott'm Forest,Aston Villa,D,0.33647744066728424,0.2827114998474865,0.38081105948522925,,,,2026-04-10
2026-04-12,Premier League,Crystal Palace,Newcastle,H,0.35425863607548247,0.26719888136814895,0.3785424825563684,,,,2026-04-10
2026-04-13,Premier League,Man United,Leeds,A,0.5243920918236409,0.24238837950307854,0.2332195286732805,,,,2026-04-10
2026-04-18,Premier League,Brentford,Fulham,D,0.4806504742009382,0.2510202677990958,0.26832925799996593,,,,2026-04-10
2026-04-18,Premier League,Leeds,Wolves,H,0.49195283826785274,0.2650234344133156,0.24302372731883176,,,,2026-04-10
2026-04-18,Premier League,Newcastle,Bournemouth,A,0.49644836229922856,0.23833586521519962,0.2652157724855719,,,,2026-04-10
2026-04-18,Premier League,Tottenham,Brighton,D,0.3791547194541135,0.2536585749108302,0.3671867056350562,,,,2026-04-10
2026-04-18,Premier League,Chelsea,Man United,A,0.48692361223883196,0.24440046813170713,0.26867591962946097,,,,2026-04-10
2026-04-19,Premier League,Aston Villa,Sunderland,H,0.4640369779708858,0.2951570604384112,0.24080596159070292,,,,2026-04-10
2026-04-19,Premier League,Everton,Liverpool,A,0.24565203507575167,0.2675245971105817,0.48682336781366664,,,,2026-04-10
2026-04-19,Premier League,Nott'm Forest,Burnley,H,0.5556030763405037,0.24913769886584317,0.19525922479365315,,,,2026-04-10
2026-04-19,Premier League,Man City,Arsenal,H,0.3821526327335443,0.2818364997707129,0.3360108674957427,,,,2026-04-10
2026-04-20,Premier League,Crystal Palace,West Ham,D,0.5023159871056809,0.2582120268460238,0.23947198604829553,,,,2026-04-10
2026-04-21,Premier League,Brighton,Chelsea,H,0.35875653215924985,0.258962338848939,0.3822811289918111,,,,2026-04-10
2026-04-22,Premier League,Burnley,Man City,A,0.09639782992901678,0.16964351235435562,0.7339586577166275,,,,2026-04-10
2026-04-22,Premier League,Bournemouth,Leeds,D,0.4837760538174969,0.24926640822330337,0.26695753795919974,,,,2026-04-10
2026-04-24,Premier League,Sunderland,Nott'm Forest,A,0.3856046317788748,0.31809986612623914,0.2962955020948861,,,,2026-04-10
2026-04-25,Premier League,Fulham,Aston Villa,H,0.36563111598082976,0.2722669545122307,0.36210192950693953,,,,2026-04-10
2026-04-25,Premier League,Liverpool,Crystal Palace,H,0.5952214765193902,0.2256530032201261,0.17912552026048384,,,,2026-04-10
2026-04-25,Premier League,West Ham,Everton,H,0.3437012387781161,0.29090551152084754,0.36539324970103626,,,,2026-04-10
2026-04-25,Premier League,Wolves,Tottenham,A,0.31013839996390746,0.2644443184952369,0.4254172815408557,,,,2026-04-10
2026-04-25,Premier League,Arsenal,Newcastle,H,0.6208553452003073,0.2204811687447902,0.15866348605490257,,,,2026-04-10
2026-04-27,Premier League,Man United,Brentford,H,0.43985994441069787,0.250520371819014,0.3096196837702882,,,,2026-04-10
2026-05-01,Premier League,Leeds,Burnley,H,0.5644382842477225,0.23634137518921236,0.19922034056306526,,,,2026-04-10
2026-05-02,Premier League,Brentford,West Ham,H,0.563707719007582,0.22752042842348344,0.20877185256893474,,,,2026-04-10
2026-05-02,Premier League,Newcastle,Brighton,H,0.46181672180856276,0.24920031509302162,0.2889829630984159,,,,2026-04-10
2026-05-02,Premier League,Wolves,Sunderland,D,0.3131971519936764,0.32031281950812973,0.3664900284981939,,,,2026-04-10
2026-05-02,Premier League,Arsenal,Fulham,H,0.6800273072303352,0.20378324510981705,0.11618944765984773,,,,2026-04-10
2026-05-03,Premier League,Aston Villa,Tottenham,A,0.48326102594907205,0.24683186288705009,0.26990711116387783,,,,2026-04-10
2026-05-03,Premier League,Man United,Liverpool,H,0.3108572207275343,0.24671608851737936,0.4424266907550864,,,,2026-04-10
2026-05-03,Premier League,Bournemouth,Crystal Palace,H,0.4267968748246405,0.2681224470471753,0.30508067812818407,,,,2026-04-10
2026-05-04,Premier League,Chelsea,Nott'm Forest,A,0.5618893921384555,0.2406872204768585,0.19742338738468576,,,,2026-04-10
2026-05-04,Premier League,Everton,Man City,D,0.19460295586560347,0.26219214722283035,0.5432048969115663,,,,2026-04-10
2026-05-09,Premier League,Liverpool,Chelsea,D,0.5055647468725887,0.23494493847228193,0.25949031465512945,,,,2026-04-10
2026-05-09,Premier League,Brighton,Wolves,H,0.5739726563624442,0.24255397541807075,0.1834733682194852,,,,2026-04-10
2026-05-09,Premier League,Fulham,Bournemouth,A,0.4009388695988636,0.2617957849202714,0.337265345480865,,,,2026-04-10
2026-05-09,Premier League,Sunderland,Man United,D,0.32105579913714477,0.2995897448178249,0.37935445604503054,,,,2026-04-10
2026-05-09,Premier League,Man City,Brentford,H,0.6360954967540075,0.2062669125125503,0.15763759073344227,,,,2026-04-10
2026-05-10,Premier League,Nott'm Forest,Newcastle,D,0.3571936459100246,0.2627762674657825,0.38003008662419296,,,,2026-05-10
2026-05-10,Premier League,Burnley,Aston Villa,D,0.21153277959919045,0.24398849097280279,0.5444787294280067,,,,2026-05-10
2026-05-10,Premier League,Crystal Palace,Everton,D,0.41224295814937456,0.2967800277282421,0.29097701412238336,,,,2026-05-10
2026-05-10,Premier League,West Ham,Arsenal,A,0.14393820940721763,0.2174273892408615,0.6386344013519207,,,,2026-05-10
2026-05-11,Premier League,Tottenham,Leeds,D,0.440124467413926,0.24753283931823147,0.3123426932678426,,,,2026-05-10
2026-05-13,Premier League,Man City,Crystal Palace,H,0.6709874143420722,0.20249811819427052,0.1265144674636574,,,,2026-05-10
2026-05-15,Premier League,Aston Villa,Liverpool,H,0.30452821457377316,0.25040149729205163,0.4450702881341754,,,,2026-05-10
2026-05-17,Premier League,Man United,Nott'm Forest,H,0.4828552036375156,0.2590707863380602,0.2580740100244241,,,,2026-05-10
2026-05-17,Premier League,Brentford,Crystal Palace,D,0.4660560731631744,0.261057167540209,0.2728867592966167,,,,2026-05-10
2026-05-17,Premier League,Everton,Sunderland,A,0.4346141037517942,0.3108822954627691,0.25450360078543705,,,,2026-05-10
2026-05-17,Premier League,Leeds,Brighton,H,0.3674377209208554,0.2605069377390342,0.37205534134011037,,,,2026-05-10
2026-05-17,Premier League,Wolves,Fulham,D,0.29175702155030014,0.28476763613780154,0.4234753423118983,,,,2026-05-10
2026-05-17,Premier League,Newcastle,West Ham,H,0.5866581509304338,0.21832427645431368,0.19501757261525246,,,,2026-05-10
2026-05-18,Premier League,Arsenal,Burnley,H,0.8311725225877314,0.12186764090947862,0.04695983650278987,,,,2026-05-10
2026-05-19,Premier League,Chelsea,Tottenham,H,0.5337965245604248,0.2301680408106281,0.23603543462894688,,,,2026-05-10
2026-05-19,Premier League,Bournemouth,Man City,D,0.22630999190271334,0.23563868768065538,0.5380513204166312,,,,2026-05-10
2026-05-24,Premier League,Nott'm Forest,Bournemouth,D,0.3871151570600608,0.26705143672595905,0.34583340621398045,,,,2026-05-10
2026-05-24,Premier League,Man City,Aston Villa,A,0.6453760071049627,0.20688005243774088,0.14774394045729644,,,,2026-05-10
2026-05-24,Premier League,Sunderland,Chelsea,H,0.2772145095861952,0.2825795119869912,0.44020597842681375,,,,2026-05-10
2026-05-24,Premier League,Liverpool,Brentford,D,0.5793972596238549,0.21623818671636413,0.20436455365978115,,,,2026-05-10
2026-05-24,Premier League,Tottenham,Everton,H,0.42672400764802515,0.2729175309253789,0.30035846142659584,,,,2026-05-10
2026-05-24,Premier League,Crystal Palace,Arsenal,A,0.18912153926240532,0.25934658164710533,0.5515318790904894,,,,2026-05-10
2026-05-24,Premier League,Burnley,Wolves,D,0.36755638654350403,0.28449970565008703,0.34794390780640905,,,,2026-05-10
2026-05-24,Premier League,Brighton,Man United,A,0.4244796449642005,0.25923952520019095,0.3162808298356084,,,,2026-05-10
2026-05-24,Premier League,Fulham,Newcastle,H,0.3437558647558883,0.26175915575228664,0.3944849794918252,,,,2026-05-10
2026-05-24,Premier League,West Ham,Leeds,H,0.36500759605275546,0.25840237459215365,0.37659002935509106,,,,2026-05-10
