Date,liga,HomeTeam,AwayTeam,FTR,prob_casa_modelo,prob_empate_modelo,prob_fora_modelo,prob_casa_odds,prob_empate_odds,prob_fora_odds,data_corte_modelo
2023-05-25,La Liga,Mallorca,Valencia,H,0.37705502122901624,0.28507278933467756,0.3378721894363063,0.31867567765765703,0.3294054984542111,0.35191882388813206,2023-05-25
2023-05-25,La Liga,Osasuna,Ath Bilbao,H,0.32287505320010723,0.30415650768742014,0.37296843911247274,0.3027955565917826,0.29637262054286595,0.4008318228653515,2023-05-25
2023-05-27,La Liga,Sevilla,Real Madrid,A,0.2897907054540059,0.25231799904467866,0.4578912955013154,0.3036393543744217,0.27310578801274804,0.42325485761283027,2023-05-25
2023-05-28,La Liga,Vallecano,Villarreal,H,0.29158247734408654,0.2504483631090469,0.4579691595468666,0.31580078824793983,0.25102113937656756,0.4331780723754927,2023-05-25
2023-05-28,La Liga,Valencia,Espanol,D,0.5277397003831967,0.23680604252499982,0.2354542570918035,0.45883804041873555,0.2784401783737626,0.2627217812075018,2023-05-25
2023-05-28,La Liga,Girona,Betis,A,0.46541333952674063,0.24144874564471916,0.29313791482854007,0.4889743555620617,0.27015157765859765,0.24087406677934078,2023-05-25
2023-05-28,La Liga,Getafe,Osasuna,H,0.41920036982904135,0.3241218628400949,0.2566777673308637,0.39442981931315063,0.3338518607155677,0.27171831997128154,2023-05-25
2023-05-28,La Liga,Cadiz,Celta,H,0.34926915054327545,0.28391893197576384,0.3668119174809607,0.3736102995374985,0.3252023205276566,0.301187379934845,2023-05-25
2023-05-28,La Liga,Barcelona,Mallorca,H,0.771408244122426,0.1546842148113895,0.07390754106618466,0.7632943512797882,0.15870476610767875,0.0780008826125331,2023-05-25
2023-05-28,La Liga,Ath Madrid,Sociedad,H,0.529651735405588,0.25819019410191735,0.21215807049249466,0.4180300206887445,0.31759423649729285,0.2643757428139627,2023-05-25
2023-05-28,La Liga,Ath Bilbao,Elche,A,0.6470703284301876,0.21804879987507242,0.13488087169474003,0.6818264846537503,0.19638815582318975,0.1217853595230598,2023-05-25
2023-05-28,La Liga,Almeria,Valladolid,D,0.5623004632046131,0.21629300385229366,0.22140653294309323,0.42351669919398416,0.2835720507646677,0.2929112500413483,2023-05-25
2023-06-04,La Liga,Valladolid,Getafe,D,0.33672190120966894,0.3073831087501746,0.35589499004015657,0.485845733688122,0.29179923945232555,0.22235502685955238,2023-05-25
2023-06-04,La Liga,Espanol,Almeria,D,0.49205256811497905,0.22025827241103746,0.2876891594739834,0.39979847074862196,0.25671270227016774,0.3434888269812104,2023-05-25
2023-06-04,La Liga,Elche,Cadiz,D,0.4067669874442106,0.2831896710709005,0.3100433414848889,0.3874166458481465,0.3038799315871399,0.3087034225647135,2023-05-25
2023-06-04,La Liga,Celta,Barcelona,H,0.1993032896879127,0.2370325952048166,0.5636641151072708,0.33954678224462576,0.272206498615105,0.3882467191402693,2023-05-25
2023-06-04,La Liga,Betis,Valencia,D,0.5118316418750921,0.25180811615621784,0.23636024196869013,0.3099140994345394,0.3129036245094707,0.3771822760559898,2023-05-25
2023-06-04,La Liga,Mallorca,Vallecano,H,0.4147285918044751,0.28179933734984086,0.303472070845684,0.30694275274056027,0.30694275274056027,0.3861144945188794,2023-05-25
2023-06-04,La Liga,Sociedad,Sevilla,H,0.49147475523195155,0.26960006271572157,0.23892518205232688,0.6174483618191979,0.22284917886348066,0.15970245931732135,2023-05-25
2023-06-04,La Liga,Real Madrid,Ath Bilbao,D,0.6300346545025293,0.21544589514675405,0.1545194503507167,0.5778112121410349,0.22162621835546545,0.2005625695034997,2023-05-25
2023-06-04,La Liga,Osasuna,Girona,H,0.3573101717082603,0.26696858459086054,0.3757212437008793,0.4657767679636467,0.2638139417463473,0.270409290290006,2023-05-25
2023-06-04,La Liga,Villarreal,Ath Madrid,D,0.385358342229921,0.254965818046404,0.35967583972367506,0.3538706479617892,0.2551593619513953,0.3909699900868155,2023-05-25
2023-08-11,La Liga,Sevilla,Valencia,A,0.5190544395869404,0.2538367465138534,0.22710881389920617,0.5039625497703883,0.28256859727010214,0.21346885295950946,2023-08-11
2023-08-11,La Liga,Almeria,Vallecano,A,0.46212778537278376,0.23962218313430778,0.2982500314929085,0.36803807395958466,0.3012250082253832,0.33073691781503217,2023-08-11
2023-08-12,La Liga,Las Palmas,Mallorca,D,0.3166938510911804,0.2768504438846909,0.40645570502412903,0.3708917323735302,0.33418231176318075,0.29492595586328907,2023-08-11
2023-08-12,La Liga,Ath Bilbao,Real Madrid,A,0.28646190614201134,0.2668722771184929,0.4466658167394957,0.2842062525375559,0.2793341453511977,0.43645960211124646,2023-08-11
2023-08-12,La Liga,Sociedad,Girona,D,0.5564294360550134,0.23404768701052833,0.20952287693445829,0.5289127605140711,0.27180239081973107,0.1992848486661979,2023-08-11
2023-08-13,La Liga,Getafe,Barcelona,D,0.18542969506480084,0.2725860738080666,0.5419842311271328,0.1305578837196696,0.2410796565714691,0.6283624597088614,2023-08-11
2023-08-13,La Liga,Celta,Osasuna,A,0.4723808313662752,0.2782949839592208,0.249324184674504,0.45287375624501447,0.303791091145724,0.24333515260926156,2023-08-11
2023-08-13,La Liga,Villarreal,Betis,A,0.544290294114477,0.23193228848794434,0.22377741739757845,0.5579816174903754,0.23816288551418466,0.20385549699543987,2023-08-11
2023-08-14,La Liga,Cadiz,Alaves,H,0.4717993796432779,0.2785594530348812,0.2496411673218408,0.4196267679935607,0.3303143139949312,0.25005891801150804,2023-08-11
2023-08-14,La Liga,Ath Madrid,Granada,H,0.7492837650958042,0.1563857192577449,0.09433051564645113,0.7425030563079799,0.1648608480955006,0.09263609559651939,2023-08-11
2023-08-18,La Liga,Mallorca,Villarreal,A,0.27391745024185854,0.25915556865141004,0.4669269811067317,0.3467391304347826,0.3065217391304348,0.3467391304347826,2023-08-11
2023-08-18,La Liga,Valencia,Las Palmas,H,0.6658037736087459,0.20010808923592407,0.13408813715532977,0.5987442498664988,0.24707674108415006,0.15417900904935117,2023-08-11
2023-08-19,La Liga,Sociedad,Celta,D,0.5701880468894897,0.24818560187577404,0.18162635123473644,0.5774535198871876,0.2695846543119743,0.1529618258008381,2023-08-11
2023-08-19,La Liga,Almeria,Real Madrid,A,0.18416618407398047,0.1947324627592996,0.6211013531667201,0.14120500325615862,0.18512946037591788,0.6736655363679235,2023-08-11
2023-08-19,La Liga,Osasuna,Ath Bilbao,A,0.33622354676270627,0.3054480026588676,0.3583284505784259,0.3309083053992231,0.32541148969491707,0.34368020490585977,2023-08-11
2023-08-20,La Liga,Girona,Getafe,H,0.5081846400500271,0.26524835391731416,0.22656700603265864,0.49360452925141546,0.30446634514573284,0.20192912560285178,2023-08-11
2023-08-20,La Liga,Barcelona,Cadiz,H,0.7984676841921768,0.13987623882247308,0.061656076985350174,0.7677182510073124,0.15305775257424267,0.07922399641844502,2023-08-11
2023-08-20,La Liga,Betis,Ath Madrid,D,0.3123789164590028,0.2657876630539033,0.42183342048709405,0.25321240128289135,0.27688381556712766,0.469903783149981,2023-08-11
2023-08-21,La Liga,Alaves,Sevilla,H,0.26632299910546736,0.26879476112390027,0.4648822397706323,0.2877810597383808,0.3176803906202905,0.39453854964132856,2023-08-11
2023-08-21,La Liga,Granada,Vallecano,A,0.4443229080247764,0.2533549971572058,0.30232209481801786,0.3326319197151182,0.31045645840077696,0.3569116218841049,2023-08-11
2023-08-25,La Liga,Celta,Real Madrid,A,0.22895389463890686,0.23970475928466597,0.5313413460764269,0.22129684711481262,0.26234384295062463,0.5163593099345629,2023-08-11
2023-08-25,La Liga,Las Palmas,Sociedad,D,0.17231597727776066,0.23523534331845064,0.5924486794037884,0.20618850434980815,0.29261482353835055,0.5011966721118415,2023-08-11
2023-08-26,La Liga,Cadiz,Almeria,D,0.423705932784118,0.2543319770502126,0.3219620901656693,0.454486582893056,0.27998457112322933,0.26552884598371473,2023-08-11
2023-08-26,La Liga,Granada,Mallorca,H,0.4549394701049689,0.2622370603458225,0.2828234695492087,0.34953454414453083,0.3263096574904092,0.3241557983650599,2023-08-11
2023-08-26,La Liga,Sevilla,Girona,A,0.505572964639887,0.23711400336596988,0.25731303199414296,0.4938710250488541,0.27162906377686974,0.23449991117427604,2023-08-11
2023-08-27,La Liga,Villarreal,Barcelona,A,0.3152132172830664,0.25065663167574154,0.43413015104119207,0.2738225629791895,0.2606790799561884,0.4654983570646221,2023-08-11
2023-08-27,La Liga,Valencia,Osasuna,A,0.47861650174635767,0.2769920530691513,0.24439144518449127,0.5496259351620948,0.2748129675810474,0.17556109725685784,2023-08-11
2023-08-27,La Liga,Ath Bilbao,Betis,H,0.44901725173370366,0.2775727471153456,0.2734100011509508,0.48823198384587374,0.2846833725048826,0.22708464364924358,2023-08-11
2023-08-28,La Liga,Getafe,Alaves,H,0.5122760507483627,0.28953075956328916,0.19819318968834812,0.3733089771136382,0.3609112620065433,0.2657797608798185,2023-08-11
2023-08-28,La Liga,Vallecano,Ath Madrid,A,0.22474835445074406,0.2486157097691257,0.5266359357801301,0.24123472209831387,0.28905343920064236,0.46971183870104377,2023-08-11
2023-09-01,La Liga,Cadiz,Villarreal,H,0.24358970248755732,0.25258110102362896,0.5038291964888137,0.2987950233484636,0.26695620938510267,0.43424876726643374,2023-08-11
2023-09-01,La Liga,Almeria,Celta,A,0.4192520884058963,0.24509139827904813,0.3356565133150558,0.33154388953099334,0.28936522902852974,0.37909088144047687,2023-08-11
2023-09-02,La Liga,Betis,Vallecano,H,0.5623155697478839,0.23901881235815167,0.1986656178939644,0.46785943456762163,0.2918884233571132,0.24025214207526513,2023-08-11
2023-09-02,La Liga,Alaves,Valencia,H,0.3220321279883857,0.278201461885662,0.3997664101259524,0.2938442034089308,0.3283561064938723,0.3777996900971967,2023-08-11
2023-09-02,La Liga,Real Madrid,Getafe,H,0.6903132091834765,0.20325157102127292,0.10643521979525035,0.7079392069927416,0.19753089889614175,0.09452989411111658,2023-08-11
2023-09-02,La Liga,Sociedad,Granada,H,0.6497658685266393,0.2075992412347632,0.14263489023859716,0.6625172737825438,0.2145155049472113,0.12296722127024487,2023-08-11
2023-09-03,La Liga,Girona,Las Palmas,H,0.7336867304464484,0.15885997496752374,0.10745329458602784,0.5598108376150748,0.25104919006449233,0.18913997232043303,2023-08-11
2023-09-03,La Liga,Mallorca,Ath Bilbao,D,0.31917722822331274,0.29947038276808946,0.3813523890085976,0.30259137630197414,0.32463445669483326,0.37277416700319255,2023-08-11
2023-09-03,La Liga,Osasuna,Barcelona,A,0.1779700011712104,0.24530214807356754,0.5767278507552219,0.1436160070854664,0.208197080935462,0.6481869119790715,2023-08-11
2023-09-15,La Liga,Vallecano,Alaves,H,0.5198768258627485,0.2539953911279641,0.22612778300928738,0.4792856929197452,0.2990039185187401,0.2217103885615148,2023-09-15
2023-09-16,La Liga,Ath Bilbao,Cadiz,H,0.5756995309975316,0.2572307059863681,0.16706976301610044,0.6052260999377006,0.24299601518695713,0.15177788487534236,2023-09-15
2023-09-16,La Liga,Valencia,Ath Madrid,H,0.23868527583547622,0.2567361599419051,0.5045785642226187,0.2769089949472394,0.3035679354545823,0.4195230695981782,2023-09-15
2023-09-16,La Liga,Celta,Mallorca,A,0.49487744901851,0.27129146003830396,0.23383109094318613,0.459802365470278,0.31190415237315033,0.22829348215657155,2023-09-15
2023-09-16,La Liga,Barcelona,Betis,H,0.6769019488686319,0.19515269945847435,0.12794535167289378,0.7363703409542179,0.16066261984455665,0.1029670392012254,2023-09-15
2023-09-17,La Liga,Sevilla,Las Palmas,H,0.5952733861151076,0.2710724165838366,0.133654197301056,0.6090310442144873,0.2348071495766698,0.15616180620884287,2023-09-15
2023-09-17,La Liga,Real Madrid,Sociedad,H,0.5872780497766583,0.23163807377540183,0.18108387644793977,0.5559264783418999,0.2580560575857626,0.18601746407233746,2023-09-15
2023-09-17,La Liga,Getafe,Osasuna,H,0.4051071904914701,0.326870970275683,0.2680218392328467,0.36365347025142186,0.33160265592417787,0.3047438738244002,2023-09-15
2023-09-17,La Liga,Villarreal,Almeria,H,0.7071236056799645,0.16117398181239487,0.1317024125076404,0.6352252920080942,0.19515957766513733,0.16961513032676862,2023-09-15
2023-09-18,La Liga,Granada,Girona,A,0.33086097864947234,0.22673310343021064,0.4424059179203167,0.3247317045857519,0.2730286119561769,0.40223968345807126,2023-09-15
2023-09-22,La Liga,Alaves,Ath Bilbao,A,0.26546430226177925,0.28147750482277983,0.45305819291544086,0.23049120512202675,0.3159960070221335,0.45351278785583965,2023-09-15
2023-09-23,La Liga,Girona,Mallorca,H,0.5859721758409151,0.2273113335081263,0.1867164906509586,0.5119913104657048,0.2876186479380871,0.20039004159620824,2023-09-15
2023-09-23,La Liga,Osasuna,Sevilla,D,0.3602962019381889,0.28521203037819237,0.35449176768361873,0.39950077440115483,0.30209163496383623,0.298407590635009,2023-09-15
2023-09-23,La Liga,Barcelona,Celta,H,0.7362755429472666,0.1687559658081115,0.0949684912446218,0.7760635680415138,0.14443723718350185,0.07949919477498435,2023-09-15
2023-09-23,La Liga,Almeria,Valencia,D,0.38917744835827145,0.24658284755349283,0.3642397040882357,0.3599051080460469,0.28540579996654447,0.35468909198740867,2023-09-15
2023-09-24,La Liga,Sociedad,Getafe,H,0.538901381373045,0.2865270531131686,0.17457156551378644,0.5703251418050438,0.2843311931447886,0.14534366505016766,2023-09-15
2023-09-24,La Liga,Vallecano,Villarreal,D,0.30095014961841127,0.24807703764185857,0.4509728127397303,0.3707114740969636,0.27724597496203507,0.3520425509410014,2023-09-15
2023-09-24,La Liga,Betis,Cadiz,D,0.579848797231348,0.2453164073862972,0.1748347953823544,0.540091683038638,0.26709452084697666,0.1928137961143855,2023-09-15
2023-09-24,La Liga,Las Palmas,Granada,H,0.3356726802763494,0.31037900236041277,0.35394831736323784,0.5004008311110384,0.2616036516532238,0.23799551723573778,2023-09-15
2023-09-24,La Liga,Ath Madrid,Real Madrid,H,0.4356259076442408,0.2557673133968882,0.3086067789588711,0.34104884800347257,0.2895888147248421,0.36936233727168544,2023-09-15
2023-09-26,La Liga,Sevilla,Almeria,H,0.6187936228931344,0.20070263479255449,0.18050374231431124,0.5679087351668411,0.24461560129352605,0.18747566353963288,2023-09-15
2023-09-26,La Liga,Mallorca,Barcelona,D,0.15724697638159035,0.22867059712476098,0.6140824264936487,0.12979351032448377,0.22123893805309733,0.6489675516224188,2023-09-15
2023-09-27,La Liga,Valencia,Sociedad,A,0.3285605682765055,0.2861851973198071,0.3852542344036873,0.38060028251276445,0.3238883198866903,0.2955113976005452,2023-09-15
2023-09-27,La Liga,Cadiz,Vallecano,D,0.39965911825926737,0.28540624659265657,0.31493463514807607,0.359548656605984,0.31446056140459056,0.32599078198942555,2023-09-15
2023-09-27,La Liga,Villarreal,Girona,A,0.5469278664910954,0.2154270136251928,0.23764511988371181,0.4508899143045485,0.26301911667765326,0.2860909690177983,2023-09-15
2023-09-27,La Liga,Real Madrid,Las Palmas,H,0.7707709912005465,0.17027919441273628,0.05894981438671715,0.8203343483935118,0.120999316388043,0.05866633521844509,2023-09-15
2023-09-27,La Liga,Ath Bilbao,Getafe,D,0.4977023016942701,0.3034676381156427,0.19883006019008742,0.6350103697708533,0.23930193737670094,0.12568769285244574,2023-09-15
2023-09-28,La Liga,Celta,Alaves,D,0.5561828946494352,0.24601857922354542,0.19779852612701923,0.6131386861313868,0.24433346139070303,0.14252785247791008,2023-09-15
2023-09-28,La Liga,Granada,Betis,D,0.32297731909227945,0.24487839966363759,0.4321442812440828,0.351197194300734,0.2831908011846959,0.36561200451457004,2023-09-15
2023-09-28,La Liga,Osasuna,Ath Madrid,A,0.21499433812497454,0.2622501733471017,0.5227554885279239,0.23232594984007413,0.2810609910421586,0.48661305911776725,2023-09-15
2023-09-29,La Liga,Barcelona,Sevilla,H,0.6897979733399495,0.18798889522418083,0.1222131314358697,0.7192360871068095,0.16915831316972002,0.11160559972347046,2023-09-15
2023-09-30,La Liga,Getafe,Villarreal,D,0.30283763002275116,0.2884986904581134,0.4086636795191354,0.34915475653566813,0.3102362327179981,0.34060901074633365,2023-09-15
2023-09-30,La Liga,Vallecano,Mallorca,D,0.45956691617605455,0.2762489799864105,0.2641841038375349,0.48126522614129863,0.2996835610634467,0.21905121279525475,2023-09-15
2023-09-30,La Liga,Girona,Real Madrid,A,0.2720515515418536,0.23098617824809364,0.4969622702100528,0.23951299108823898,0.24069285803941262,0.5197941508723485,2023-09-15
2023-09-30,La Liga,Sociedad,Ath Bilbao,H,0.46798634846545634,0.2857330482349018,0.24628060329964183,0.4214548708395065,0.31139340775403024,0.2671517214064631,2023-09-15
2023-10-01,La Liga,Ath Madrid,Cadiz,H,0.7367045656166631,0.17526598837757484,0.08802944600576201,0.724523939099618,0.18283654960329346,0.09263951129708856,2023-09-15
2023-10-01,La Liga,Betis,Valencia,H,0.509247296357511,0.2571025377702085,0.2336501658722805,0.4718284534161704,0.28641785881861365,0.24175368776521602,2023-09-15
2023-10-01,La Liga,Almeria,Granada,D,0.4953506347209696,0.21418662547561554,0.29046273980341475,0.49332246099382465,0.26187090422728493,0.2448066347788904,2023-09-15
2023-10-01,La Liga,Alaves,Osasuna,A,0.35537809505994905,0.2920455186194907,0.35257638632056026,0.3791129428668658,0.32513328543880216,0.2957537716943321,2023-09-15
2023-10-02,La Liga,Las Palmas,Celta,H,0.26722468750142325,0.3411512045967675,0.39162410790180907,0.32387191245038727,0.31653500828484454,0.35959307926476813,2023-09-15
2023-10-06,La Liga,Ath Bilbao,Almeria,H,0.6235103881438462,0.2093001768734006,0.16718943498275343,0.728071302612333,0.16979754760570312,0.10213114978196382,2023-09-15
2023-10-07,La Liga,Cadiz,Girona,A,0.3133240810361719,0.26304808434618404,0.4236278346176441,0.28446546448944826,0.28114808297936716,0.4343864525311844,2023-09-15
2023-10-07,La Liga,Real Madrid,Osasuna,H,0.723970897003685,0.17758060804622686,0.0984484949500879,0.7660410283505964,0.1513020382589825,0.0826569333904212,2023-09-15
2023-10-07,La Liga,Mallorca,Valencia,D,0.3741080591014735,0.28975989444517614,0.3361320464533504,0.38112212973321447,0.3264946244714537,0.2923832457953317,2023-09-15
2023-10-07,La Liga,Sevilla,Vallecano,D,0.5525351556479362,0.24032045106669103,0.20714439328537265,0.5329359787351786,0.25732792640775115,0.2097360948570703,2023-09-15
2023-10-08,La Liga,Villarreal,Las Palmas,A,0.6747996943170717,0.2215458468499007,0.10365445883302762,0.5897424735546946,0.23618327217603058,0.17407425426927478,2023-09-15
2023-10-08,La Liga,Ath Madrid,Sociedad,H,0.552405205106957,0.2500083181517914,0.19758647674125163,0.48433362753751097,0.2906001765225066,0.22506619593998234,2023-09-15
2023-10-08,La Liga,Alaves,Betis,D,0.2803245379672899,0.26871729606795286,0.45095816596475713,0.3801358474411067,0.3005997316688136,0.3192644208900798,2023-09-15
2023-10-08,La Liga,Celta,Getafe,D,0.43796204969021885,0.30662997594069386,0.25540797436908713,0.47942908473899587,0.2972751771633895,0.22329573809761452,2023-09-15
2023-10-08,La Liga,Granada,Barcelona,D,0.1413968345239707,0.18143522269410184,0.6771679427819274,0.1423216653081603,0.18729421465409146,0.6703841200377482,2023-09-15
2023-10-20,La Liga,Osasuna,Granada,H,0.4984557029553028,0.2465680026842328,0.25497629436046443,0.5771981566337893,0.2507621811596668,0.17203966220654388,2023-10-20
2023-10-21,La Liga,Celta,Ath Madrid,A,0.23680595670492896,0.25195771102788694,0.5112363322671842,0.2853625743009671,0.275716515451357,0.438920910247676,2023-10-20
2023-10-21,La Liga,Sevilla,Real Madrid,D,0.2647540693163806,0.2502657318143235,0.4849801988692958,0.20321699441776814,0.23618440029183704,0.5605986052903948,2023-10-20
2023-10-21,La Liga,Sociedad,Mallorca,H,0.6144549207751621,0.232967693881093,0.15257738534374504,0.5758791764507073,0.27109632540437195,0.15302449814492064,2023-10-20
2023-10-21,La Liga,Getafe,Betis,D,0.36084963552794647,0.3051117826112204,0.3340385818608331,0.39257020125686104,0.3103173971839949,0.2971124015591441,2023-10-20
2023-10-22,La Liga,Las Palmas,Vallecano,A,0.38627725186723694,0.3312891276212752,0.28243362051148774,0.3677221654749745,0.3217568947906027,0.3105209397344229,2023-10-20
2023-10-22,La Liga,Girona,Almeria,H,0.7009792507393096,0.15794739310074216,0.1410733561599482,0.6995563979834825,0.18243590866736217,0.1180076933491554,2023-10-20
2023-10-22,La Liga,Villarreal,Alaves,D,0.6956146226084957,0.1856819339615429,0.11870344342996154,0.46771083591969725,0.2909272759143355,0.24136188816596724,2023-10-20
2023-10-22,La Liga,Barcelona,Ath Bilbao,H,0.638172583407034,0.21761546842051366,0.14421194817245234,0.5249291286604005,0.2576169338544446,0.2174539374851548,2023-10-20
2023-10-23,La Liga,Valencia,Cadiz,H,0.5281057146817077,0.27005240097465993,0.2018418843436325,0.5765228350858306,0.2639123604752576,0.1595648044389119,2023-10-20
2023-10-27,La Liga,Girona,Celta,H,0.5711961242465399,0.2188304930748665,0.2099733826785936,0.5547151485542964,0.2356192985364123,0.2096655529092913,2023-10-20
2023-10-28,La Liga,Almeria,Las Palmas,A,0.40807476773122686,0.28770812770552706,0.3042171045632462,0.4209748892171344,0.2946824224519941,0.28434268833087145,2023-10-20
2023-10-28,La Liga,Barcelona,Real Madrid,A,0.48257286161871304,0.24575766699371177,0.2716694713875751,0.3772281273990444,0.278867784724795,0.3439040878761606,2023-10-20
2023-10-28,La Liga,Mallorca,Getafe,D,0.39315286032965185,0.3102324468460578,0.2966146928242903,0.41935788548303893,0.3301026598565813,0.2505394546603797,2023-10-20
2023-10-28,La Liga,Cadiz,Sevilla,D,0.29426932253230176,0.2881512972793451,0.41757938018835306,0.25047097873867413,0.27989593612631203,0.4696330851350139,2023-10-20
2023-10-29,La Liga,Ath Bilbao,Valencia,D,0.522298475257979,0.26642793123340786,0.21127359350861322,0.5887076466802831,0.2446769816177499,0.1666153717019669,2023-10-20
2023-10-29,La Liga,Ath Madrid,Alaves,H,0.7876678008829566,0.14417313393104245,0.0681590651860011,0.6692921120547235,0.21235745349657528,0.11835043444870111,2023-10-20
2023-10-29,La Liga,Vallecano,Sociedad,D,0.2983718999691346,0.27982612438464405,0.42180197564622135,0.28849084790776985,0.3085756537747664,0.40293349831746367,2023-10-20
2023-10-29,La Liga,Betis,Osasuna,H,0.5314367776215838,0.26287151391654295,0.2056917084618732,0.48871767937133465,0.2802732512821199,0.2310090693465454,2023-10-20
2023-10-30,La Liga,Granada,Villarreal,A,0.29610421440437507,0.22627207534197635,0.47762371025364847,0.32547055104323724,0.2673508097855163,0.4071786391712466,2023-10-20
2023-11-03,La Liga,Las Palmas,Ath Madrid,H,0.19998448002259658,0.29927253594632797,0.5007429840310754,0.17423626820108493,0.26253486482331495,0.5632288669756002,2023-10-20
2023-11-04,La Liga,Osasuna,Girona,A,0.34591707212919176,0.26060300925031027,0.39347991862049797,0.32559587164600057,0.2941183251424597,0.38028580321153976,2023-10-20
2023-11-04,La Liga,Betis,Mallorca,H,0.554654811324859,0.24919026143859824,0.19615492723654257,0.5110625771531668,0.2814547526350774,0.2074826702117558,2023-10-20
2023-11-04,La Liga,Celta,Sevilla,D,0.3816955921358875,0.27286093137442824,0.3454434764896843,0.4037609657003862,0.2853559904216806,0.31088304387793314,2023-10-20
2023-11-04,La Liga,Sociedad,Barcelona,A,0.3061048802845939,0.27092698434128665,0.4229681353741196,0.28752161372476215,0.2953869466230079,0.41709143965223006,2023-10-20
2023-11-05,La Liga,Alaves,Almeria,H,0.4338879093230942,0.24358135307074824,0.32253073760615747,0.5481838712027391,0.2573701464267502,0.19444598237051064,2023-10-20
2023-11-05,La Liga,Valencia,Granada,H,0.5521435761326325,0.2265887684000966,0.22126765546727123,0.5820384269704627,0.2342178730218488,0.18374370000768858,2023-10-20
2023-11-05,La Liga,Villarreal,Ath Bilbao,A,0.46922270493978385,0.2611398071257041,0.26963748793451203,0.25454894840770237,0.24679618855772154,0.49865486303457596,2023-10-20
2023-11-05,La Liga,Real Madrid,Vallecano,D,0.7575705984690592,0.1559634707788407,0.08646593075210002,0.7903780068728522,0.13974799541809851,0.06987399770904926,2023-10-20
2023-11-06,La Liga,Getafe,Cadiz,H,0.4820355447658865,0.3045856927061518,0.21337876252796165,0.46671764794242754,0.3131524863613708,0.22012986569620166,2023-10-20
2023-11-10,La Liga,Ath Bilbao,Celta,H,0.5397717869372355,0.2572186896241259,0.2030095234386387,0.5673588123181864,0.24014444778814326,0.1924967398936704,2023-10-20
2023-11-11,La Liga,Real Madrid,Valencia,H,0.7228668375041643,0.17423801107594436,0.10289515141989145,0.7360826609024343,0.16781159108656535,0.09610574801100034,2023-10-20
2023-11-11,La Liga,Osasuna,Las Palmas,D,0.4092418055332853,0.34313789200243594,0.247620302464279,0.4933337274957873,0.2892462628472325,0.21742000965698013,2023-10-20
2023-11-11,La Liga,Almeria,Sociedad,A,0.2544903935838284,0.23284103685111154,0.5126685695650601,0.2212291909242534,0.25499575164427096,0.5237750574314755,2023-10-20
2023-11-11,La Liga,Vallecano,Girona,A,0.3572189587508459,0.2485123388212047,0.39426870242794954,0.3257612446273988,0.27829317755312066,0.39594557781948064,2023-10-20
2023-11-11,La Liga,Granada,Getafe,D,0.40149875454263734,0.27160604971106334,0.3268951957462995,0.3904528763769889,0.3047735618115055,0.3047735618115055,2023-10-20
2023-11-12,La Liga,Barcelona,Alaves,H,0.8309363930973377,0.1183732402824431,0.05069036662021932,0.7719602298640883,0.14822585058834262,0.0798139195475691,2023-10-20
2023-11-12,La Liga,Sevilla,Betis,D,0.4586729623039987,0.2654323673208935,0.2758946703751081,0.434335129421092,0.2811880606656781,0.2844768099132299,2023-10-20
2023-11-12,La Liga,Ath Madrid,Villarreal,H,0.6009885577378001,0.21597066798763026,0.18304077427456963,0.7240974152316556,0.16700353466616502,0.10889905010217941,2023-10-20
2023-11-24,La Liga,Alaves,Granada,H,0.44384106700319736,0.2525078189484753,0.30365111404832723,0.5576061532800115,0.26436912989297556,0.17802471682701285,2023-11-24
2023-11-25,La Liga,Vallecano,Barcelona,D,0.18362987092110153,0.23552515794531045,0.5808449711335877,0.19407447675998915,0.22832291383528136,0.5776026094047296,2023-11-24
2023-11-25,La Liga,Valencia,Celta,D,0.4706779382735225,0.2652386097780828,0.2640834519483948,0.42348194951202867,0.29337604936074274,0.2831420011272285,2023-11-24
2023-11-25,La Liga,Getafe,Almeria,H,0.5510465675305767,0.2425773540075436,0.20637607846187944,0.5448183041722745,0.2635262449528936,0.19165545087483177,2023-11-24
2023-11-25,La Liga,Ath Madrid,Mallorca,H,0.7260979431865853,0.17851175837530275,0.09539029843811193,0.7118766562274149,0.18983377499397736,0.09828956877860755,2023-11-24
2023-11-26,La Liga,Cadiz,Real Madrid,A,0.1430263342981521,0.2205941051810439,0.6363795605208038,0.14024759062865438,0.2058953990080245,0.653857010363321,2023-11-24
2023-11-26,La Liga,Villarreal,Osasuna,H,0.585301537621318,0.22959754482052303,0.18510091755815908,0.4423138382869926,0.2812400127836369,0.2764461489293704,2023-11-24
2023-11-26,La Liga,Sociedad,Sevilla,H,0.514996020931315,0.2598830244275472,0.2251209546411379,0.5951282387489578,0.2455845643445066,0.1592871969065355,2023-11-24
2023-11-26,La Liga,Betis,Las Palmas,H,0.4937460366547384,0.30141993537092165,0.20483402797433986,0.5650346528454532,0.2598555087952351,0.17510983835931163,2023-11-24
2023-11-27,La Liga,Girona,Ath Bilbao,D,0.4741449675599293,0.24019156172415437,0.28566347071591625,0.42802595706533164,0.2654696509667494,0.3065043919679189,2023-11-24
2023-11-29,La Liga,Mallorca,Cadiz,D,0.4646298076026832,0.29289861444023874,0.242471577957078,0.5195700319022271,0.291770558455605,0.1886594096421679,2023-11-24
2023-12-01,La Liga,Las Palmas,Getafe,H,0.37160082557282076,0.36289991037943786,0.2654992640477415,0.4041268318997812,0.32682740432163515,0.26904576377858364,2023-11-24
2023-12-02,La Liga,Girona,Valencia,H,0.5690193879824924,0.21961377862923037,0.21136683338827728,0.5813387659455438,0.2415014276440443,0.17715980641041204,2023-11-24
2023-12-02,La Liga,Ath Bilbao,Vallecano,H,0.562061119480579,0.24774008110060225,0.19019879941881856,0.6558386437273586,0.20348871964706305,0.14067263662557836,2023-11-24
2023-12-02,La Liga,Real Madrid,Granada,H,0.8355393387996982,0.10663543299630081,0.05782522820400086,0.8111078162884404,0.12454429695267666,0.06434788675888294,2023-11-24
2023-12-02,La Liga,Osasuna,Sociedad,D,0.2850939532774407,0.29080908656473686,0.4240969601578224,0.2430912550768269,0.30673975404016013,0.45016899088301277,2023-11-24
2023-12-03,La Liga,Mallorca,Alaves,D,0.4710307047319386,0.2826983054203001,0.24627098984776136,0.3537481244763148,0.33545080769305713,0.310801067830628,2023-11-24
2023-12-03,La Liga,Almeria,Betis,D,0.2872594201734082,0.2346815358944618,0.47805904393213017,0.27416379128230406,0.25603126540384485,0.46980494331385114,2023-11-24
2023-12-03,La Liga,Sevilla,Villarreal,D,0.43474468655523313,0.2510303619268382,0.3142249515179288,0.5115539263972096,0.24606391396321475,0.24238215963957566,2023-11-24
2023-12-03,La Liga,Barcelona,Ath Madrid,H,0.5051114026585435,0.249238660065772,0.2456499372756846,0.4983585661602398,0.24790796020726213,0.25373347363249804,2023-11-24
2023-12-04,La Liga,Celta,Cadiz,D,0.5204353399575535,0.2664461627740243,0.213118497268422,0.6267300618367544,0.22696999902966575,0.14629993913357975,2023-11-24
2023-12-08,La Liga,Getafe,Valencia,H,0.40103381378405834,0.30955014222539357,0.28941604399054793,0.36427830666868644,0.33082417646441925,0.3048975168668943,2023-11-24
2023-12-09,La Liga,Mallorca,Sevilla,H,0.331120816499643,0.28394847109006627,0.3849307124102907,0.3733106347496786,0.31737483931487337,0.309314525935448,2023-11-24
2023-12-09,La Liga,Villarreal,Sociedad,A,0.41544578259149545,0.26101694632903516,0.32353727107946934,0.27633468215637647,0.2795109428708175,0.444154374972806,2023-11-24
2023-12-09,La Liga,Alaves,Las Palmas,A,0.3448200503242884,0.3368565689542767,0.31832338072143496,0.48141994569842367,0.2986586700166146,0.2199213842849617,2023-11-24
2023-12-09,La Liga,Betis,Real Madrid,D,0.2619347905963033,0.2534251732390689,0.48464003616462775,0.2042784295606772,0.23158055857117346,0.5641410118681494,2023-11-24
2023-12-10,La Liga,Ath Madrid,Almeria,H,0.8324843524608115,0.10754332982375715,0.05997231771543103,0.8033561061612569,0.1220287756194314,0.07461511821931179,2023-11-24
2023-12-10,La Liga,Cadiz,Osasuna,D,0.36626880636747844,0.30757610607500746,0.3261550875575141,0.34309690231888007,0.3173925741321236,0.33951052354899625,2023-11-24
2023-12-10,La Liga,Barcelona,Girona,A,0.6811455149575428,0.17835406289511938,0.14050042214733804,0.6641199611163796,0.18123647537007745,0.15464356351354297,2023-11-24
2023-12-11,La Liga,Vallecano,Celta,D,0.4355557387789851,0.2707466948035509,0.2936975664174641,0.35415688116486616,0.30530765617660877,0.3405354626585252,2023-11-24
2023-12-11,La Liga,Granada,Ath Bilbao,D,0.2910984889281712,0.24600094809197326,0.46290056297985543,0.23306203795517244,0.26337905102251197,0.5035589110223156,2023-11-24
2023-12-15,La Liga,Osasuna,Vallecano,H,0.42731853886752275,0.28630001484789197,0.28638144628458506,0.42535457268878296,0.3063087960557588,0.2683366312554581,2023-11-24
2023-12-16,La Liga,Sevilla,Getafe,A,0.49218117263834543,0.28659183905509533,0.22122698830655912,0.5333718851235328,0.2813729944709652,0.18525512040550188,2023-11-24
2023-12-16,La Liga,Celta,Granada,H,0.5455406987540099,0.22486726188702796,0.22959203935896225,0.566604933005677,0.2536372867643214,0.17975778023000147,2023-11-24
2023-12-16,La Liga,Ath Bilbao,Ath Madrid,H,0.31580907854982704,0.27099127817442886,0.4131996432757441,0.3702853975317386,0.291572034583375,0.3381425678848863,2023-11-24
2023-12-16,La Liga,Valencia,Barcelona,D,0.20828294900591657,0.24641434466169732,0.5453027063323862,0.16073718969171572,0.21290627757411468,0.6263565327341696,2023-11-24
2023-12-17,La Liga,Real Madrid,Villarreal,H,0.6721579083893726,0.18510044520792437,0.14274164640270307,0.7892499482558232,0.13208298173828592,0.07866707000589088,2023-11-24
2023-12-17,La Liga,Las Palmas,Cadiz,D,0.4551251523985871,0.33001190880381837,0.21486293879759458,0.4835601589786824,0.2945320968324701,0.22190774418884737,2023-11-24
2023-12-17,La Liga,Almeria,Mallorca,D,0.4120613410612524,0.2504739551554515,0.33746470378329635,0.40554194156456175,0.3139679547596607,0.2804901036757776,2023-11-24
2023-12-17,La Liga,Sociedad,Betis,D,0.5042061803202277,0.2645147898903999,0.2312790297893722,0.6096866911670074,0.23191431553960334,0.1583989932933892,2023-11-24
2023-12-18,La Liga,Girona,Alaves,H,0.6750739871906842,0.1874143013761242,0.13751171143319155,0.5970352374279854,0.2347565739401302,0.16820818863188458,2023-11-24
2023-12-19,La Liga,Granada,Sevilla,A,0.3239603409924199,0.24469882970494913,0.4313408293026309,0.3117443569007208,0.3068272534795738,0.3814283896197055,2023-11-24
2023-12-19,La Liga,Vallecano,Valencia,A,0.4094084463876972,0.2796087620545094,0.3109827915577934,0.4269501666997858,0.3070808769954295,0.26596895630478457,2023-11-24
2023-12-19,La Liga,Ath Madrid,Getafe,D,0.6573981986931973,0.22228779667828227,0.1203140046285204,0.6547280354430977,0.2134355710255032,0.13183639353139928,2023-11-24
2023-12-20,La Liga,Ath Bilbao,Las Palmas,H,0.5111827126625551,0.2991795996131037,0.18963768772434103,0.7009929479468856,0.1863911884714262,0.11261586358168825,2023-11-24
2023-12-20,La Liga,Villarreal,Celta,H,0.5791408151988566,0.22127903169802948,0.19958015310311386,0.3971828093566629,0.2878987819301255,0.31491840871321175,2023-11-24
2023-12-20,La Liga,Barcelona,Almeria,H,0.8637745048797286,0.09062890215031219,0.04559659296995906,0.8426966292134832,0.10674157303370785,0.05056179775280898,2023-11-24
2023-12-21,La Liga,Cadiz,Sociedad,D,0.23445827860007612,0.2861003809322068,0.4794413404677172,0.15488082261370803,0.2705021609437185,0.5746170164425736,2023-11-24
2023-12-21,La Liga,Alaves,Real Madrid,A,0.14289035427836752,0.21110389112393013,0.6460057545977024,0.16032141921333812,0.23446522325631047,0.6052133575303514,2023-11-24
2023-12-21,La Liga,Betis,Girona,D,0.44439052371932836,0.24110450332703917,0.31450497295363267,0.36434149933423116,0.27402586006264706,0.3616326406031216,2023-11-24
2023-12-21,La Liga,Mallorca,Osasuna,H,0.4101352904323062,0.29627575079027707,0.29358895877741675,0.4303201979274983,0.3330560436014199,0.23662375847108177,2023-11-24
2023-12-23,La Liga,Ath Madrid,Sevilla,H,0.6329338379472332,0.21277997913145016,0.15428618292131652,0.610572274991824,0.22735595251451995,0.16207177249365612,2023-11-24
2024-01-02,La Liga,Sociedad,Alaves,D,0.6532463248544447,0.22829874610535894,0.11845492904019642,0.6333916176548509,0.2504106395379643,0.11619774280718488,2024-01-02
2024-01-02,La Liga,Valencia,Villarreal,H,0.3843514967636866,0.2651563867160977,0.3504921165202158,0.4368501914072907,0.28401630520065835,0.27913350339205106,2024-01-02
2024-01-02,La Liga,Getafe,Vallecano,A,0.4635737343035516,0.3033850481835844,0.2330412175128642,0.40228041024465705,0.3272789778261616,0.2704406119291812,2024-01-02
2024-01-03,La Liga,Real Madrid,Mallorca,H,0.7567957673873257,0.1671090472942576,0.07609518531841647,0.7884436230631133,0.14250388446474047,0.06905249247214632,2024-01-02
2024-01-03,La Liga,Girona,Ath Madrid,H,0.37032548407795,0.24291790947172284,0.38675660645032706,0.3615035790578271,0.26308885807442944,0.3754075628677435,2024-01-02
2024-01-03,La Liga,Granada,Cadiz,H,0.4499804290330741,0.2733546016130616,0.27666496935386453,0.4328706225892916,0.31216631436727754,0.2549630630434309,2024-01-02
2024-01-03,La Liga,Celta,Betis,H,0.3588164923388979,0.28961681247064824,0.3515666951904541,0.44055705659419375,0.2941483670915916,0.26529457631421477,2024-01-02
2024-01-04,La Liga,Sevilla,Ath Bilbao,A,0.3768508730596107,0.287966354483667,0.33518277245672246,0.3150555696173405,0.29862629144711106,0.3863181389355484,2024-01-02
2024-01-04,La Liga,Las Palmas,Barcelona,A,0.18745713637444225,0.28825956699553323,0.5242832966300243,0.1523894137359213,0.2067676874408334,0.6408428988232453,2024-01-02
2024-01-04,La Liga,Osasuna,Almeria,H,0.5312495004632988,0.2381137997573975,0.23063669977930387,0.558824520418707,0.25454310615930636,0.18663237342198663,2024-01-02
2024-01-12,La Liga,Sevilla,Alaves,A,0.5843773069807491,0.25120066626356513,0.16442202675568574,0.4694331921209685,0.30084418194749374,0.22972262593153775,2024-01-02
2024-01-13,La Liga,Las Palmas,Villarreal,H,0.3279852906998624,0.30256000595468996,0.36945470334544767,0.3629299890899,0.2781429261116327,0.3589270847984672,2024-01-02
2024-01-13,La Liga,Mallorca,Celta,D,0.3949664430352707,0.29931173265421157,0.30572182431051786,0.40397199845849346,0.330024581791515,0.2660034197499916,2024-01-02
2024-01-13,La Liga,Ath Bilbao,Sociedad,H,0.41433456103079985,0.29473365312405864,0.29093178584514134,0.4528996494890438,0.31467702919043955,0.23242332132051652,2024-01-02
2024-01-13,La Liga,Betis,Granada,H,0.6408281598748817,0.20994459918765718,0.14922724093746104,0.5517654651055591,0.2555545312067853,0.19268000368765556,2024-01-02
2024-01-14,La Liga,Almeria,Girona,D,0.25769130253851347,0.2068611481006469,0.5354475493608398,0.2531052959164344,0.2584905149784862,0.4884041891050794,2024-01-02
2024-01-14,La Liga,Cadiz,Valencia,A,0.32880828608948215,0.3121834187409042,0.35900829516961374,0.3087985969014908,0.3413037123648056,0.34989769073370364,2024-01-02
2024-01-19,La Liga,Alaves,Cadiz,H,0.415730126849968,0.3138172812943245,0.2704525918557077,0.5774127093127674,0.27172362791189053,0.15086366277534202,2024-01-02
2024-01-20,La Liga,Vallecano,Las Palmas,A,0.39372295443779803,0.33781102404761537,0.26846602151458654,0.5623785292277367,0.2614300189923532,0.1761914517799102,2024-01-02
2024-01-20,La Liga,Villarreal,Mallorca,D,0.5895849783424615,0.23240357030030018,0.17801145135723834,0.4584910546723949,0.28504429205439213,0.25646465327321305,2024-01-02
2024-01-20,La Liga,Valencia,Ath Bilbao,H,0.33096491232486547,0.2967131065069081,0.37232198116822635,0.27376987707124373,0.30182703838599845,0.4244030845427577,2024-01-02
2024-01-20,La Liga,Celta,Sociedad,A,0.29862849754032095,0.29095244362580824,0.41041905883387075,0.3861508810572687,0.32764317180616737,0.2862059471365639,2024-01-02
2024-01-21,La Liga,Girona,Sevilla,H,0.5436056366149162,0.22801493934974837,0.22837942403533568,0.530442058290336,0.24328545530609397,0.22627248640356992,2024-01-02
2024-01-21,La Liga,Betis,Barcelona,A,0.27002026775878374,0.27016525048541,0.4598144817558063,0.23677569276130037,0.23562629619449793,0.5275980110442018,2024-01-02
2024-01-21,La Liga,Real Madrid,Almeria,H,0.8561400374318539,0.09660652917010307,0.047253433398043075,0.8583485641560529,0.09948039769193227,0.04217103815201477,2024-01-02
2024-01-21,La Liga,Osasuna,Getafe,H,0.38209607573713195,0.3163124369515357,0.3015914873113325,0.3922151334703025,0.3346545507425789,0.2731303157871187,2024-01-02
2024-01-22,La Liga,Granada,Ath Madrid,A,0.17518056732653958,0.21246864593679152,0.6123507867366691,0.1837341259119157,0.24344771683328828,0.572818157254796,2024-01-02
2024-01-26,La Liga,Almeria,Alaves,A,0.469291455918466,0.25663223308002087,0.27407631100151325,0.33889040721508606,0.31374692538945065,0.34736266739546323,2024-01-02
2024-01-27,La Liga,Sociedad,Vallecano,D,0.6066418233175652,0.24459335608686383,0.14876482059557108,0.5333949631943407,0.2941754039435455,0.1724296328621137,2024-01-02
2024-01-27,La Liga,Las Palmas,Real Madrid,A,0.17583692309657598,0.2833528100375023,0.5408102668659218,0.1421688904808812,0.19921196382197548,0.6586191456971434,2024-01-02
2024-01-27,La Liga,Barcelona,Villarreal,A,0.6780066061769063,0.1845622306506786,0.13743116317241505,0.7122422596516029,0.16063838691976454,0.12711935342863256,2024-01-02
2024-01-27,La Liga,Mallorca,Betis,A,0.31643022033209744,0.3055160123041603,0.37805376736374224,0.4283040858270003,0.30963384548639833,0.26206206868660126,2024-01-02
2024-01-28,La Liga,Celta,Girona,A,0.3372396577486566,0.24897049863649504,0.41378984361484833,0.3514115474672098,0.2741999961927243,0.3743884563400658,2024-01-02
2024-01-28,La Liga,Cadiz,Ath Bilbao,D,0.24093971183329496,0.29493704930452763,0.46412323886217755,0.18922012098751978,0.2888985775791596,0.5218813014333206,2024-01-02
2024-01-28,La Liga,Sevilla,Osasuna,D,0.5261876767800364,0.26484777740579807,0.20896454581416532,0.4570428395369496,0.30139357529836,0.24156358516469045,2024-01-02
2024-01-28,La Liga,Ath Madrid,Valencia,H,0.6505281201984774,0.21581585717844437,0.13365602262307824,0.6065001470406876,0.24019807803591586,0.15330177492339656,2024-01-02
2024-01-29,La Liga,Getafe,Granada,H,0.5489078217620945,0.2549089128877526,0.1961832653501529,0.5198353707230173,0.2825849253639659,0.1975797039130168,2024-01-02
2024-01-31,La Liga,Ath Madrid,Vallecano,H,0.6972897345275028,0.1946099715672217,0.10810029390527544,0.5922360599083997,0.25359455306782647,0.15416938702377386,2024-01-02
2024-01-31,La Liga,Barcelona,Osasuna,H,0.7413291183531495,0.17141615986233946,0.08725472178451105,0.7226376441186555,0.16782226050589227,0.10954009537545231,2024-01-02
2024-02-01,La Liga,Getafe,Real Madrid,A,0.197939122649809,0.2633721169856497,0.5386887603645413,0.14654263654235164,0.25462263882161884,0.5988347246360295,2024-02-01
2024-02-02,La Liga,Ath Bilbao,Mallorca,H,0.5806988011368128,0.2610376559683396,0.15826354289484773,0.6344364800976056,0.24889431142290683,0.11666920847948754,2024-02-01
2024-02-03,La Liga,Valencia,Almeria,H,0.5939073026935945,0.22146725904430103,0.18462543826210454,0.559223637951497,0.25472490315068186,0.18605145889782118,2024-02-01
2024-02-03,La Liga,Granada,Las Palmas,D,0.33677587895769023,0.29763101621504984,0.3655931048272598,0.4399848542218856,0.2928814842862552,0.2671336614918591,2024-02-01
2024-02-03,La Liga,Alaves,Barcelona,A,0.17720543783714937,0.23186073607175395,0.5909338260910968,0.2261203501806229,0.2700881960490774,0.5037914537702999,2024-02-01
2024-02-03,La Liga,Girona,Sociedad,D,0.45307769598743236,0.2535570541634963,0.2933652498490714,0.471963427239492,0.2793806494578602,0.24865592330264794,2024-02-01
2024-02-04,La Liga,Villarreal,Cadiz,D,0.6545444826999719,0.20648446736960002,0.13897104993042825,0.6010927606467278,0.23319502280511606,0.16571221654815613,2024-02-01
2024-02-04,La Liga,Osasuna,Celta,A,0.4247414127235493,0.28786446149778355,0.2873941257786673,0.44622806643043167,0.31178755923664775,0.2419843743329207,2024-02-01
2024-02-04,La Liga,Betis,Getafe,D,0.48809703649712904,0.28852137590221116,0.2233815876006597,0.46077197435352113,0.30382152058935297,0.2354065050571258,2024-02-01
2024-02-04,La Liga,Real Madrid,Ath Madrid,D,0.5289218053967978,0.24287577300602287,0.22820242159717913,0.5643193762421302,0.23388658485215996,0.20179403890570977,2024-02-01
2024-02-05,La Liga,Vallecano,Sevilla,A,0.38316489982392754,0.28602902938232977,0.33080607079374263,0.4526153944485674,0.2985040178111718,0.2488805877402609,2024-02-01
2024-02-09,La Liga,Cadiz,Betis,A,0.26464459956399145,0.29825182193711786,0.43710357849889075,0.31856748798286755,0.32172162152725237,0.35971089048988,2024-02-01
2024-02-10,La Liga,Las Palmas,Valencia,H,0.4011053242838052,0.31793105088130075,0.2809636248348943,0.37430469715698395,0.3243974042027194,0.3012978986402967,2024-02-01
2024-02-10,La Liga,Real Madrid,Girona,H,0.6515702622343519,0.18838411753793197,0.16004562022771604,0.6760093338782491,0.17640389551932412,0.1475867706024269,2024-02-01
2024-02-10,La Liga,Sociedad,Osasuna,A,0.5772542486614849,0.25726789041751885,0.1654778609209962,0.5514751989709784,0.29147037543210863,0.15705442559691293,2024-02-01
2024-02-10,La Liga,Alaves,Villarreal,D,0.3202373425216315,0.2580726566605924,0.42169000081777624,0.43796645886381597,0.27939239617174466,0.28264114496443943,2024-02-01
2024-02-11,La Liga,Getafe,Celta,H,0.4343013432483288,0.2995249617593539,0.26617369499231736,0.4386016514459119,0.3161349565616638,0.2452633919924243,2024-02-01
2024-02-11,La Liga,Mallorca,Vallecano,H,0.4048222225702962,0.30967459809075243,0.28550317933895153,0.38746028687889816,0.34609441995232537,0.26644529316877646,2024-02-01
2024-02-11,La Liga,Sevilla,Ath Madrid,H,0.2761012235905519,0.2600553177049652,0.46384345870448324,0.257194942745446,0.2685626750214878,0.47424238223306625,2024-02-01
2024-02-11,La Liga,Barcelona,Granada,D,0.8168314552836956,0.11998025427505543,0.06318829044124877,0.8118977259954728,0.11987075607129188,0.06823151793323536,2024-02-01
2024-02-12,La Liga,Almeria,Ath Bilbao,D,0.2392569880566188,0.24479058405562742,0.5159524278877535,0.20583043201098422,0.26616976413475213,0.5279998038542638,2024-02-01
2024-02-16,La Liga,Villarreal,Getafe,D,0.5326023964708699,0.24861668555486616,0.21878091797426388,0.46763395983305783,0.2701885101257668,0.2621775300411753,2024-02-01
2024-02-17,La Liga,Ath Madrid,Las Palmas,H,0.6146811259726764,0.2436266573110653,0.14169221671625803,0.6563609199996193,0.21829531721335654,0.12534376278702408,2024-02-01
2024-02-17,La Liga,Osasuna,Cadiz,H,0.5091035670119176,0.28562923005766494,0.20526720293041748,0.5368916797488227,0.28414442700156983,0.17896389324960754,2024-02-01
2024-02-17,La Liga,Celta,Barcelona,A,0.21041905787870757,0.24005472051078214,0.5495262216105102,0.24484182964083098,0.25659423746359084,0.49856393289557815,2024-02-01
2024-02-17,La Liga,Valencia,Sevilla,D,0.43769913850897063,0.2765336551154051,0.2857672063756242,0.4212374401936075,0.30695851320101997,0.27180404660537244,2024-02-01
2024-02-18,La Liga,Betis,Alaves,D,0.5578120474638515,0.25766278713051993,0.1845251654056287,0.39684378608476273,0.3146496038536145,0.28850661006162276,2024-02-01
2024-02-18,La Liga,Mallorca,Sociedad,A,0.2671111993804259,0.31060385105384997,0.42228494956572427,0.250096942525085,0.34621961082654124,0.40368344664837374,2024-02-01
2024-02-18,La Liga,Granada,Almeria,D,0.4855425657803963,0.23170996083043613,0.2827474733891676,0.42495817924874724,0.28454802060807927,0.29049380014317344,2024-02-01
2024-02-18,La Liga,Vallecano,Real Madrid,D,0.17931051382513946,0.2416391768548656,0.5790503093199947,0.18026421409232526,0.24694357899892516,0.5727922069087495,2024-02-01
2024-02-19,La Liga,Ath Bilbao,Girona,H,0.46529903513596843,0.24773662837396682,0.28696433649006464,0.5190802163306986,0.2652131159941001,0.2157066676752014,2024-02-01
2024-02-23,La Liga,Sociedad,Villarreal,A,0.5197836495851571,0.245400298662576,0.23481605175226702,0.5869794309355607,0.23913976815893218,0.17388080090550723,2024-02-01
2024-02-24,La Liga,Barcelona,Getafe,H,0.6871420141966406,0.20022383185715908,0.11263415394620026,0.6832364712023664,0.19173829824256133,0.1250252305550722,2024-02-01
2024-02-24,La Liga,Alaves,Mallorca,D,0.40584514081789796,0.30887718782677204,0.28527767135532994,0.5104227018897697,0.31054843998471426,0.1790288581255162,2024-02-01
2024-02-24,La Liga,Almeria,Ath Madrid,D,0.17174617724899244,0.20230309775232103,0.6259507249986869,0.17981072555205047,0.24605678233438485,0.5741324921135647,2024-02-01
2024-02-25,La Liga,Cadiz,Celta,D,0.33037334274067354,0.3054594025765093,0.3641672546828171,0.2853768013229388,0.32223009685802034,0.3923931018190409,2024-02-01
2024-02-25,La Liga,Betis,Ath Bilbao,H,0.37753571726086615,0.2930543470251517,0.3294099357139822,0.24142430178385652,0.29305419764727164,0.46552150056887176,2024-02-01
2024-02-25,La Liga,Las Palmas,Osasuna,D,0.44111145681664327,0.31374233382590283,0.24514620935745385,0.39398182949025656,0.31290518290705266,0.2931129876026909,2024-02-01
2024-02-25,La Liga,Real Madrid,Sevilla,H,0.7108549065258517,0.18013229283372076,0.10901280064042768,0.747485445873157,0.1562813979216163,0.09623315620522681,2024-02-01
2024-02-26,La Liga,Girona,Vallecano,H,0.6334721369315646,0.20568870775238235,0.16083915531605317,0.5837248835907886,0.2374959085197816,0.1787792078894297,2024-02-01
2024-03-01,La Liga,Celta,Almeria,H,0.556749291973736,0.23049920788523814,0.21275150014102595,0.5316067760078133,0.25268581820631125,0.21570740578587547,2024-02-01
2024-03-02,La Liga,Valencia,Real Madrid,D,0.20174232578596457,0.2619533466975658,0.5363043275164696,0.1696899596580811,0.24205151352723783,0.588258526814681,2024-03-02
2024-03-02,La Liga,Getafe,Las Palmas,D,0.40537577889754345,0.3327380946586364,0.2618861264438204,0.46944287505684246,0.298081825572903,0.23247529937025452,2024-03-02
2024-03-02,La Liga,Vallecano,Cadiz,D,0.4968260395697685,0.29691533210515575,0.2062586283250757,0.551257123888004,0.276413828502247,0.17232904760974901,2024-03-02
2024-03-02,La Liga,Sevilla,Sociedad,H,0.3501416017393079,0.3037495488209221,0.34610884943976994,0.3434626748079575,0.34104392357691554,0.31549340161512707,2024-03-02
2024-03-03,La Liga,Villarreal,Granada,H,0.6620818560981931,0.188639053661934,0.14927909023987276,0.5450255603617774,0.2449862367282737,0.20998820290994885,2024-03-02
2024-03-03,La Liga,Ath Madrid,Betis,H,0.5926068131832848,0.23865333468175315,0.16873985213496207,0.6331507436792141,0.22269439950096495,0.14415485681982104,2024-03-02
2024-03-03,La Liga,Mallorca,Girona,H,0.28341720673668214,0.2627255802877063,0.45385721297561166,0.25973969787648266,0.29259833435483296,0.44766196776868444,2024-03-02
2024-03-03,La Liga,Ath Bilbao,Barcelona,D,0.3286903709625655,0.27380283244265397,0.39750679659478044,0.2959520926731895,0.27439815875301327,0.4296497485737971,2024-03-02
2024-03-04,La Liga,Osasuna,Alaves,H,0.46094422381303257,0.29747469440580476,0.2415810817811626,0.3953954487951348,0.3168315322592937,0.2877730189455715,2024-03-02
2024-03-08,La Liga,Barcelona,Mallorca,H,0.74387756351955,0.17235403673545988,0.08376839974499031,0.6673073038195442,0.20719391660349873,0.12549877957695707,2024-03-02
2024-03-09,La Liga,Valencia,Getafe,H,0.4425576901029153,0.30636132641052416,0.25108098348656055,0.5165620146371828,0.2988112576978165,0.18462672766500068,2024-03-02
2024-03-09,La Liga,Cadiz,Ath Madrid,H,0.15794392288977888,0.25076687413655135,0.5912892029736696,0.19518213275730115,0.2628875880227064,0.5419302792199925,2024-03-02
2024-03-09,La Liga,Granada,Sociedad,A,0.24829034577960288,0.27369420804191735,0.47801544617847985,0.20495791792807214,0.2906119731815948,0.504430108890333,2024-03-02
2024-03-09,La Liga,Girona,Osasuna,H,0.6230399164597294,0.21287717278013965,0.16408291076013076,0.6334308212460755,0.21584613730656912,0.15072304144735543,2024-03-02
2024-03-10,La Liga,Betis,Villarreal,A,0.4591318888011638,0.2574760866632393,0.2833920245355969,0.45036714713081316,0.26896926842534674,0.2806635844438401,2024-03-02
2024-03-10,La Liga,Real Madrid,Celta,H,0.7419726357288547,0.17188248461099218,0.08614487966015313,0.7450538225061918,0.16035926643345189,0.09458691106035638,2024-03-02
2024-03-10,La Liga,Alaves,Vallecano,H,0.4009411207204799,0.30751453721503785,0.29154434206448226,0.46049267227938884,0.31142292900945845,0.22808439871115269,2024-03-02
2024-03-10,La Liga,Las Palmas,Ath Bilbao,A,0.2987956667066491,0.32388182081345046,0.37732251247990034,0.20077384873762444,0.27786180212112493,0.5213643491412506,2024-03-02
2024-03-11,La Liga,Almeria,Sevilla,D,0.3174725163848406,0.264238736291783,0.41828874732337634,0.2773443041566179,0.2821676833593417,0.44048801248404024,2024-03-02
2024-03-15,La Liga,Sociedad,Cadiz,H,0.6394775527579412,0.24485136070278568,0.11567108653927319,0.6716685598134752,0.22598194535780472,0.10234949482872004,2024-03-02
2024-03-16,La Liga,Mallorca,Granada,H,0.47287439587117647,0.277207804167092,0.24991779996173144,0.5220053994310667,0.28982986356471163,0.1881647370042217,2024-03-02
2024-03-16,La Liga,Osasuna,Real Madrid,A,0.1735752318357702,0.24910183843606126,0.5773229297281685,0.13285246766851455,0.21715123078553164,0.6499963015459538,2024-03-02
2024-03-16,La Liga,Getafe,Girona,H,0.3268584372727833,0.2684770466939358,0.40466451603328096,0.2605091158044123,0.28329416966485643,0.45619671453073135,2024-03-02
2024-03-16,La Liga,Ath Bilbao,Alaves,H,0.6101162840546582,0.24691356451012514,0.14297015143521677,0.6028780024251795,0.25746248909934727,0.13965950847547323,2024-03-02
2024-03-17,La Liga,Ath Madrid,Barcelona,A,0.42837348379948426,0.25719738807669373,0.31442912812382173,0.4299213969995863,0.2730420014370632,0.29703660156335054,2024-03-02
2024-03-17,La Liga,Sevilla,Celta,A,0.4903082052892752,0.27211495206024916,0.23757684265047554,0.48384335544618023,0.27241600684784933,0.24374063770597043,2024-03-02
2024-03-17,La Liga,Las Palmas,Almeria,A,0.5270273967375404,0.26773279289747476,0.2052398103649851,0.5506317040602211,0.24534475927746552,0.20402353666231346,2024-03-02
2024-03-17,La Liga,Villarreal,Valencia,H,0.5231098374334763,0.24797998677528807,0.22891017579123565,0.4325517220915828,0.2833087302588145,0.2841395476496028,2024-03-02
2024-03-17,La Liga,Vallecano,Betis,H,0.32874420393365644,0.3024039966724769,0.36885179939386664,0.37552682196223525,0.31173540669300936,0.3127377713447554,2024-03-02
2024-03-29,La Liga,Cadiz,Granada,H,0.4007911655236538,0.2919376824962441,0.3072711519801023,0.521688500727802,0.2887918486171761,0.18951965065502183,2024-03-02
2024-03-30,La Liga,Getafe,Sevilla,A,0.38407353908413777,0.3056765300539774,0.31024993086188485,0.35929820195358675,0.3245660424314067,0.3161357556150065,2024-03-02
2024-03-30,La Liga,Almeria,Osasuna,A,0.3769054638337683,0.275641307500602,0.34745322866562967,0.3849404312265377,0.2978285293587585,0.3172310394147037,2024-03-02
2024-03-30,La Liga,Valencia,Mallorca,D,0.48655389213264677,0.29573409827928,0.21771200958807338,0.4481199420495245,0.32199346829386366,0.22988658965661182,2024-03-02
2024-03-30,La Liga,Barcelona,Las Palmas,H,0.6891257883935871,0.20492073674832695,0.10595347485808598,0.7649848640999712,0.1445098843727082,0.09050525152732053,2024-03-02
2024-03-31,La Liga,Celta,Vallecano,D,0.4634627843019846,0.2861441279825669,0.2503930877154482,0.506658767162103,0.27325416655933643,0.22008706627856056,2024-03-02
2024-03-31,La Liga,Girona,Betis,H,0.5192144560843366,0.23983153448339944,0.24095400943226394,0.5610099934212588,0.23846370727734092,0.20052629930140034,2024-03-02
2024-03-31,La Liga,Alaves,Sociedad,A,0.2600154257866651,0.30889481048422973,0.4310897637291051,0.23547079456428138,0.32328663544138964,0.44124256999432904,2024-03-02
2024-03-31,La Liga,Real Madrid,Ath Bilbao,H,0.6059062285533167,0.23679070131830993,0.15730307012837383,0.6141876904384027,0.22620432421740708,0.1596079853441902,2024-03-02
2024-04-01,La Liga,Villarreal,Ath Madrid,A,0.35544679857516215,0.2431670903087821,0.4013861111160557,0.2901930568969821,0.26860844935919004,0.44119849374382797,2024-04-01
2024-04-04,La Liga,Granada,Valencia,A,0.33159610541317436,0.2751888906975446,0.39321500388928116,0.3090507726269316,0.30708854549914155,0.38386068187392697,2024-04-01
2024-04-12,La Liga,Betis,Celta,H,0.5156273287620713,0.26168842793739233,0.2226842433005367,0.5166222835810026,0.2660958611321328,0.21728185528686464,2024-04-01
2024-04-13,La Liga,Mallorca,Real Madrid,A,0.1616504230688038,0.24869378994001307,0.5896557869911832,0.1863689006913817,0.27222423696493964,0.5414068623436787,2024-04-01
2024-04-13,La Liga,Cadiz,Barcelona,A,0.14114917835294125,0.22865826944421946,0.6301925522028393,0.2586246028143441,0.28268270540172497,0.45869269178393096,2024-04-01
2024-04-13,La Liga,Ath Madrid,Girona,H,0.5720800765207809,0.21396254642423598,0.21395737705498313,0.5114671490406356,0.24917630337877122,0.23935654758059305,2024-04-01
2024-04-13,La Liga,Vallecano,Getafe,D,0.3959367917384519,0.3127308447039173,0.2913323635576307,0.38154612507831326,0.32539886921394606,0.2930550057077406,2024-04-01
2024-04-14,La Liga,Sociedad,Almeria,D,0.6921266097115367,0.19108185627465477,0.11679153401380836,0.7496716641393794,0.17279666017397044,0.07753167568665022,2024-04-01
2024-04-14,La Liga,Ath Bilbao,Villarreal,D,0.5148661601508593,0.24496569066001106,0.24016814918912976,0.5989050764636684,0.22721925617591168,0.17387566736041987,2024-04-01
2024-04-14,La Liga,Granada,Alaves,H,0.41617596178793503,0.2788213594005274,0.30500267881153753,0.358958571211454,0.31999267367863177,0.3210487551099143,2024-04-01
2024-04-14,La Liga,Las Palmas,Sevilla,A,0.35960482906941343,0.30553463814584714,0.3348605327847392,0.34500370929966095,0.30121066880032316,0.35378562190001595,2024-04-01
2024-04-15,La Liga,Osasuna,Valencia,A,0.394684005155673,0.2995678687305761,0.3057481261137507,0.3987504928274649,0.32004973766414946,0.28119976950838566,2024-04-01
2024-04-19,La Liga,Ath Bilbao,Granada,D,0.6962169805563085,0.19068300109409236,0.11310001834959911,0.7566446458749424,0.16141752445332103,0.08193782967173657,2024-04-01
2024-04-20,La Liga,Celta,Las Palmas,H,0.4485308935265296,0.2996277657550871,0.25184134071838327,0.5741076650647807,0.24688090431538917,0.17901143061983016,2024-04-01
2024-04-20,La Liga,Vallecano,Osasuna,H,0.4157969567931721,0.3000185777158622,0.28418446549096577,0.45607119621752695,0.316427246887079,0.22750155689539403,2024-04-01
2024-04-20,La Liga,Valencia,Betis,A,0.3982026910398445,0.29237640423536176,0.30942090472479367,0.3474856727742352,0.31108241181693436,0.34143191540883033,2024-04-01
2024-04-20,La Liga,Girona,Cadiz,H,0.6925793969345788,0.19079134647323545,0.11662925659218547,0.692552225249773,0.19391462306993643,0.11353315168029066,2024-04-01
2024-04-21,La Liga,Getafe,Sociedad,D,0.3052558795450244,0.3108595699585222,0.38388455049645337,0.24906499545132926,0.31618315980996664,0.43475184473870415,2024-04-01
2024-04-21,La Liga,Almeria,Villarreal,A,0.2749973491696491,0.22450815087502335,0.5004944999553275,0.2727923450404155,0.23919722865612789,0.48801042630345676,2024-04-01
2024-04-21,La Liga,Alaves,Ath Madrid,H,0.2055349339288438,0.2606141958729802,0.533850870198176,0.1799608780699848,0.2811562703760052,0.53888285155401,2024-04-01
2024-04-21,La Liga,Real Madrid,Barcelona,H,0.4996136771578745,0.24591823763422035,0.25446808520790487,0.5628178329641531,0.22128973886999653,0.2158924281658503,2024-04-01
2024-04-22,La Liga,Sevilla,Mallorca,H,0.512203659453271,0.278448538898711,0.20934780164801806,0.4582245248502283,0.30937451996257453,0.23240095518719717,2024-04-01
2024-04-26,La Liga,Sociedad,Real Madrid,A,0.28889784869183627,0.27856278957223574,0.43253936173592794,0.41061411528346814,0.30316369259246717,0.2862221921240646,2024-04-01
2024-04-27,La Liga,Ath Madrid,Ath Bilbao,H,0.5118949159123503,0.2611066692643137,0.22699841482333633,0.49309681086957247,0.27833831444500223,0.22856487468542536,2024-04-01
2024-04-27,La Liga,Alaves,Celta,H,0.3743974558100305,0.29914235324366767,0.32646019094630185,0.3651155172144829,0.3132926696098466,0.32159181317567037,2024-04-01
2024-04-27,La Liga,Las Palmas,Girona,A,0.3006671380098632,0.2711708870334931,0.4281619749566438,0.18442458351852545,0.23705306222990957,0.578522354251565,2024-04-01
2024-04-27,La Liga,Almeria,Getafe,A,0.355597974171363,0.27886592352181133,0.36553610230682554,0.3755563798219585,0.30021327893175076,0.32423034124629085,2024-04-01
2024-04-28,La Liga,Cadiz,Mallorca,D,0.3522584147323244,0.3345678612314422,0.31317372403623345,0.34018175866315414,0.34997116179015136,0.3098470795466945,2024-04-01
2024-04-28,La Liga,Granada,Osasuna,H,0.37106977513085676,0.27290263056335706,0.3560275943057862,0.4070373358872458,0.3118010361443966,0.2811616279683577,2024-04-01
2024-04-28,La Liga,Villarreal,Vallecano,H,0.5923377580298833,0.22630329377914296,0.18135894819097362,0.5423979429745515,0.25617211554734753,0.20142994147810106,2024-04-01
2024-04-28,La Liga,Betis,Sevilla,D,0.4681929956965811,0.2685566960602179,0.26325030824320084,0.49100087136804776,0.276974850515309,0.23202427811664308,2024-04-01
2024-04-29,La Liga,Barcelona,Valencia,H,0.6956697735213586,0.19291772546293032,0.11141250101571105,0.7279283528392326,0.16521240772631046,0.10685923943445688,2024-04-01
2024-05-03,La Liga,Getafe,Ath Bilbao,A,0.31304395628550435,0.3120230830982516,0.3749329606162439,0.24715896815451754,0.3113252387330942,0.44151579311238814,2024-05-03
2024-05-04,La Liga,Sociedad,Las Palmas,H,0.6127006400335538,0.2525497177684282,0.13474964219801813,0.7187036071760832,0.1906188349091773,0.09067755791473948,2024-05-03
2024-05-04,La Liga,Real Madrid,Cadiz,H,0.8097490001089768,0.13842628314919497,0.05182471674182799,0.7108396847018602,0.192195222901497,0.0969650923966429,2024-05-03
2024-05-04,La Liga,Girona,Barcelona,H,0.3388893040031372,0.2317702587667478,0.4293404372301148,0.33214601129421767,0.2501768157048992,0.41767717300088325,2024-05-03
2024-05-04,La Liga,Mallorca,Ath Madrid,A,0.22559890192729984,0.27847326427381913,0.49592783379888106,0.24951076320939342,0.31800391389432486,0.43248532289628183,2024-05-03
2024-05-05,La Liga,Vallecano,Almeria,A,0.5136237409160878,0.2553421081791947,0.2310341509047175,0.5817778347669305,0.24472770379364578,0.17349446143942387,2024-05-03
2024-05-05,La Liga,Sevilla,Granada,H,0.6067688727000958,0.22025638156553623,0.17297474573436802,0.5637604228624015,0.2461086109957691,0.1901309661418295,2024-05-03
2024-05-05,La Liga,Osasuna,Betis,A,0.3487527338606876,0.2913764978783571,0.3598707682609552,0.284325637910085,0.3001215066828676,0.41555285540704745,2024-05-03
2024-05-05,La Liga,Celta,Villarreal,H,0.3614649341173656,0.25118650172711093,0.38734856415552343,0.34262481103516923,0.26659026392873436,0.3907849250360965,2024-05-03
2024-05-05,La Liga,Valencia,Alaves,A,0.49076547575972956,0.28989912279688834,0.21933540144338176,0.4360587078051237,0.31267232103068354,0.25126897116419267,2024-05-03
2024-05-10,La Liga,Alaves,Girona,D,0.2865460573321007,0.2567439169172788,0.45671002575062036,0.3049469457459064,0.2665152758710798,0.4285377783830138,2024-05-03
2024-05-11,La Liga,Mallorca,Las Palmas,H,0.4452431173962233,0.32230903352255774,0.232447849081219,0.5908883784512662,0.27452037979038996,0.13459124175834397,2024-05-03
2024-05-11,La Liga,Villarreal,Sevilla,H,0.5247580319827617,0.2335246177880418,0.24171735022919646,0.48179684515037396,0.2508323781452978,0.26737077670432835,2024-05-03
2024-05-11,La Liga,Granada,Real Madrid,A,0.12993801627187673,0.19096969206063985,0.6790922916674833,0.16798067379538945,0.21070619299986895,0.6213131332047417,2024-05-03
2024-05-11,La Liga,Ath Bilbao,Osasuna,D,0.5870205364683341,0.25262334219318916,0.16035612133847674,0.6855448999055848,0.21151385314373622,0.10294124695067886,2024-05-03
2024-05-12,La Liga,Cadiz,Getafe,H,0.3214034728310938,0.32734189490207327,0.3512546322668331,0.45661544524633085,0.30204686284928095,0.24133769190438825,2024-05-03
2024-05-12,La Liga,Ath Madrid,Celta,H,0.6788690221655649,0.19485881301217034,0.1262721648222646,0.6972768760665105,0.19041549267828087,0.11230763125520851,2024-05-03
2024-05-12,La Liga,Valencia,Vallecano,D,0.48278341489087695,0.29164453364070825,0.22557205146841486,0.4265521869426927,0.31271350039528595,0.2607343126620213,2024-05-03
2024-05-12,La Liga,Betis,Almeria,H,0.6436434295721297,0.2040708022582411,0.15228576816962916,0.7066381156316915,0.17601713062098498,0.11734475374732332,2024-05-03
2024-05-13,La Liga,Barcelona,Sociedad,H,0.5938791711951572,0.23321303955934522,0.1729077892454977,0.5608028569726642,0.244380086287836,0.19481705673949976,2024-05-03
2024-05-14,La Liga,Girona,Villarreal,A,0.5372333698380477,0.20859954224724195,0.25416708791471015,0.563713349844212,0.21642566110090275,0.21986098905488535,2024-05-03
2024-05-14,La Liga,Real Madrid,Alaves,H,0.773448667790841,0.15779348498204715,0.06875784722711195,0.8020563126773725,0.12953803165717995,0.06840565566544754,2024-05-03
2024-05-14,La Liga,Osasuna,Mallorca,D,0.43096949160432446,0.3105106766604278,0.2585198317352477,0.3517419936711321,0.3359742491272538,0.31228375720161405,2024-05-03
2024-05-15,La Liga,Sevilla,Cadiz,A,0.589679409992047,0.25153495572459306,0.15878563428336007,0.4440334232744364,0.2843371920967882,0.2716293846287753,2024-05-03
2024-05-15,La Liga,Vallecano,Granada,H,0.4884183445883577,0.2688941990753858,0.24268745633625638,0.6245106458916562,0.22992672235916084,0.14556263174918302,2024-05-03
2024-05-15,La Liga,Celta,Ath Bilbao,H,0.3156740745033367,0.28785357670913564,0.39647234878752763,0.4234713901703928,0.30061240660243926,0.2759162032271681,2024-05-03
2024-05-15,La Liga,Getafe,Ath Madrid,A,0.2598969025258828,0.2796330883013593,0.46047000917275793,0.19019624794674506,0.25866689720757324,0.5511368548456816,2024-05-03
2024-05-16,La Liga,Las Palmas,Betis,D,0.2950783540514247,0.30412090490945337,0.40080074103912183,0.30049261083743845,0.30049261083743845,0.3990147783251232,2024-05-03
2024-05-16,La Liga,Almeria,Barcelona,A,0.14238823133973735,0.18298577037076794,0.6746259982894947,0.13553713489395428,0.17716462787783785,0.6872982372282079,2024-05-03
2024-05-16,La Liga,Sociedad,Valencia,H,0.5305631705660564,0.2742539893624807,0.19518284007146286,0.6591807608392526,0.2258731278400236,0.11494611132072377,2024-05-03
2024-05-18,La Liga,Alaves,Getafe,H,0.37661480060304525,0.31805082235445603,0.30533437704249855,0.48810545902805846,0.2865279833232556,0.22536655764868596,2024-05-03
2024-05-19,La Liga,Mallorca,Almeria,D,0.501304316513968,0.26607262910484525,0.2326230543811868,0.6983045673807159,0.2052100102873562,0.09648542233192792,2024-05-03
2024-05-19,La Liga,Villarreal,Real Madrid,D,0.2616487209119972,0.23562500135527506,0.5027262777327278,0.32207690806168265,0.24562430867330343,0.432298783265014,2024-05-03
2024-05-19,La Liga,Valencia,Girona,A,0.35436240060463153,0.25727333789607226,0.3883642614992962,0.24393002814577242,0.25820252979259956,0.4978674420616279,2024-05-03
2024-05-19,La Liga,Granada,Celta,A,0.38659487454162134,0.26422546183355194,0.3491796636248267,0.24142430178385652,0.29305419764727164,0.46552150056887176,2024-05-03
2024-05-19,La Liga,Cadiz,Las Palmas,D,0.3895173800184958,0.33009610704816,0.28038651293334427,0.5037779084753063,0.2834668697834813,0.21275522174121247,2024-05-03
2024-05-19,La Liga,Betis,Sociedad,A,0.38493980579695325,0.2935991318120303,0.3214610623910167,0.28045074942010284,0.3190701968812318,0.4004790536986653,2024-05-03
2024-05-19,La Liga,Barcelona,Vallecano,H,0.7440948162522097,0.1700155534627454,0.08588963028504483,0.7432524566838103,0.15944359631830915,0.09730394699788052,2024-05-03
2024-05-19,La Liga,Ath Madrid,Osasuna,A,0.6856345458731943,0.198171347567224,0.11619410655958157,0.7399275954688777,0.16828214410837322,0.09179026042274903,2024-05-03
2024-05-19,La Liga,Ath Bilbao,Sevilla,H,0.519235898005551,0.26529499503790194,0.21546910695654678,0.620674583273905,0.22465251737988212,0.15467289934621276,2024-05-03
2024-05-24,La Liga,Girona,Granada,H,0.7241096420765573,0.1588346805039738,0.11705567741946894,0.7907618618799612,0.1272730173474344,0.0819651207726043,2024-05-03
2024-05-25,La Liga,Osasuna,Villarreal,D,0.3323188112553623,0.26147773600176305,0.4062034527428746,0.377199289223995,0.25277251070075507,0.3700282000752499,2024-05-03
2024-05-25,La Liga,Sociedad,Ath Madrid,A,0.3710747650090127,0.2832302801626661,0.3456949548283213,0.3618338573109341,0.29054718691534703,0.3476189557737188,2024-05-03
2024-05-25,La Liga,Almeria,Cadiz,H,0.4630237304326882,0.272220238342067,0.26475603122524477,0.4379072127819794,0.25924106996693186,0.3028517172510886,2024-05-03
2024-05-25,La Liga,Vallecano,Ath Bilbao,A,0.2811743954280893,0.3060183752985181,0.41280722927339264,0.29580746223988424,0.300372392212722,0.40382014554739387,2024-05-03
2024-05-25,La Liga,Real Madrid,Betis,D,0.695364335416007,0.1911790302437353,0.11345663434025764,0.8011652093335042,0.11957689691544841,0.0792578937510474,2024-05-03
2024-05-26,La Liga,Las Palmas,Alaves,D,0.38336192365974636,0.32313359926771973,0.29350447707253374,0.4093628634407474,0.2783667471397082,0.31227038941954444,2024-05-03
2024-05-26,La Liga,Sevilla,Barcelona,A,0.2597986325964484,0.2494069090720711,0.49079445833148067,0.20507497754128945,0.22095777762421395,0.5739672448344966,2024-05-03
2024-05-26,La Liga,Getafe,Mallorca,A,0.45052672319124054,0.31590087049417254,0.23357240631458687,0.4037609657003862,0.31088304387793314,0.2853559904216806,2024-05-03
2024-05-26,La Liga,Celta,Valencia,D,0.41789907360542994,0.2851802051614894,0.2969207212330807,0.5087681175871542,0.2570759535956256,0.23415592881722033,2024-05-03
2024-08-15,La Liga,Ath Bilbao,Getafe,D,0.5666380312413555,0.26340476465442014,0.16995720410422438,0.6030649276556632,0.2617074214354765,0.13522765090886044,2024-08-15
2024-08-15,La Liga,Betis,Girona,D,0.3948040645773745,0.2403032466415933,0.3648926887810322,0.41369865072536194,0.2834378510800584,0.3028634981945796,2024-08-15
2024-08-16,La Liga,Celta,Alaves,H,0.49086588343396953,0.2693965366592686,0.23973757990676184,0.4524494652187677,0.29748206428756896,0.2500684704936634,2024-08-15
2024-08-16,La Liga,Las Palmas,Sevilla,D,0.31043556797625677,0.2959373634400417,0.39362706858370144,0.36767119056352443,0.29979343230564304,0.33253537713083264,2024-08-15
2024-08-17,La Liga,Osasuna,Leganes,D,0.4408260986584663,0.30784512328971303,0.2513287780518208,0.5166875083467893,0.29615015722315974,0.18716233443005084,2024-08-15
2024-08-17,La Liga,Valencia,Barcelona,A,0.22561120969246298,0.2495832714074773,0.5248055189000597,0.2279323555589954,0.2610193103982044,0.5110483340428003,2024-08-15
2024-08-18,La Liga,Sociedad,Vallecano,A,0.572518977278702,0.2664568861813321,0.16102413653996586,0.5411609917655332,0.2882970759703287,0.17054193226413814,2024-08-15
2024-08-18,La Liga,Mallorca,Real Madrid,D,0.163920153980401,0.2459499809309483,0.590129865088651,0.10343472451465849,0.20576907961958657,0.6907961958657549,2024-08-15
2024-08-19,La Liga,Valladolid,Espanol,H,0.37535081638804657,0.26907446838643617,0.3555747152255173,0.41744637761207765,0.32859799318788546,0.2539556292000368,2024-08-15
2024-08-19,La Liga,Villarreal,Ath Madrid,D,0.3598570622037087,0.2397809154045722,0.4003620223917188,0.27657742962899207,0.2727037961607989,0.4507187742102092,2024-08-15
2024-08-23,La Liga,Sevilla,Villarreal,A,0.4229301207185743,0.2416375968298641,0.3354322824515616,0.4396613050917329,0.26767258519358944,0.29266610971467766,2024-08-15
2024-08-23,La Liga,Celta,Valencia,H,0.4423595130285872,0.27613758056601784,0.2815029064053947,0.44645903590557434,0.28541955961118826,0.2681214044832375,2024-08-15
2024-08-24,La Liga,Getafe,Vallecano,D,0.4372933877942488,0.30966957643642157,0.25303703576932957,0.3553065718811575,0.3514584862651161,0.2932349418537264,2024-08-15
2024-08-24,La Liga,Espanol,Sociedad,A,0.2925255471215517,0.2708991921093582,0.43657526076909003,0.24932830646559195,0.31266250650025995,0.43800918703414793,2024-08-15
2024-08-24,La Liga,Osasuna,Mallorca,H,0.4343882984955856,0.3045029246293063,0.261108776875108,0.40070248324048724,0.3202983665376264,0.27899915022188654,2024-08-15
2024-08-24,La Liga,Barcelona,Ath Bilbao,H,0.590958968405858,0.2295536619916608,0.17948736960248118,0.6056894508099566,0.22125642038719878,0.17305412880284474,2024-08-15
2024-08-25,La Liga,Real Madrid,Valladolid,H,0.846427426515201,0.10966256198148946,0.04391001150330976,0.8513215338303204,0.1004665164147583,0.048211949754921275,2024-08-15
2024-08-25,La Liga,Leganes,Las Palmas,H,0.44170412570492223,0.3258197478227639,0.2324761264723136,0.4040437445976925,0.3224322597617348,0.2735239956405728,2024-08-15
2024-08-25,La Liga,Alaves,Betis,D,0.3360565787018961,0.2918027838960682,0.37214063740203546,0.38774178032775625,0.32768749785275014,0.28457072181949356,2024-08-15
2024-08-25,La Liga,Ath Madrid,Girona,H,0.5584308575065943,0.211031289339712,0.23053785315369368,0.647002772002772,0.21006583506583507,0.14293139293139293,2024-08-15
2024-08-26,La Liga,Villarreal,Celta,H,0.5814392480741151,0.21293167268653543,0.20562907923934934,0.5769425523921531,0.23188121722938212,0.1911762303784649,2024-08-15
2024-08-27,La Liga,Mallorca,Sevilla,D,0.3590997863221321,0.2996802004739221,0.3412200132039458,0.41056976337305334,0.30407823099816766,0.285352005628779,2024-08-15
2024-08-27,La Liga,Vallecano,Barcelona,A,0.1870568939562042,0.2440612551291581,0.5688818509146378,0.18328472450618774,0.2430015520395321,0.57371372345428,2024-08-15
2024-08-28,La Liga,Ath Bilbao,Valencia,H,0.5461786004009925,0.26461595886475087,0.18920544073425666,0.5540049148444819,0.26062059166071055,0.1853744934948075,2024-08-15
2024-08-28,La Liga,Valladolid,Leganes,D,0.34949639690399226,0.31975596038071274,0.33074764271529467,0.43895693401817465,0.32161201106282106,0.23943105491900435,2024-08-15
2024-08-28,La Liga,Ath Madrid,Espanol,D,0.733053740190073,0.163239314688919,0.103706945121008,0.762100545135622,0.16920763851787415,0.0686918163465039,2024-08-15
2024-08-28,La Liga,Sociedad,Alaves,A,0.5795645708306415,0.25865235451941837,0.1617830746499402,0.5914321860991192,0.25865300938734814,0.14991480451353253,2024-08-15
2024-08-29,La Liga,Las Palmas,Real Madrid,D,0.13133881557273455,0.22171328401639165,0.6469479004108737,0.0975129686177845,0.17370589750193152,0.7287811338802841,2024-08-15
2024-08-29,La Liga,Girona,Osasuna,H,0.6612581101951549,0.18906637358028872,0.14967551622455635,0.5782055826672388,0.24224074286308261,0.1795536744696786,2024-08-15
2024-08-31,La Liga,Barcelona,Valladolid,H,0.8226973301330778,0.12210316866998727,0.05519950119693513,0.8107818317618847,0.12433381182946429,0.06488435640865116,2024-08-15
2024-08-31,La Liga,Ath Bilbao,Ath Madrid,A,0.3731120873329007,0.27852528503573226,0.34836262763136694,0.34532474478524755,0.3005604260167895,0.35411482919796294,2024-08-15
2024-08-31,La Liga,Espanol,Vallecano,H,0.44602754152521146,0.27447559208952316,0.27949686638526533,0.3367439096386248,0.33558272374331927,0.3276733666180558,2024-08-15
2024-08-31,La Liga,Leganes,Mallorca,A,0.39191078478231683,0.33730147739935895,0.2707877378183242,0.34176050679491804,0.3529048711469263,0.30533462205815565,2024-08-15
2024-08-31,La Liga,Valencia,Villarreal,D,0.3754949922731809,0.2574335438741764,0.3670714638526427,0.36433756277162205,0.30590606685541843,0.3297563703729596,2024-08-15
2024-09-01,La Liga,Alaves,Las Palmas,H,0.46309956107794087,0.3033272736356509,0.23357316528640856,0.5590539087697742,0.26724005529104594,0.17370603593917988,2024-08-15
2024-09-01,La Liga,Osasuna,Celta,H,0.42217915156898284,0.27507015413236224,0.3027506942986549,0.3905684442759143,0.29470164431728085,0.31472991140680484,2024-08-15
2024-09-01,La Liga,Sevilla,Girona,A,0.3723475354672257,0.2354859662947732,0.392166498238001,0.32620645693501815,0.26705913232592143,0.4067344107390603,2024-08-15
2024-09-01,La Liga,Getafe,Sociedad,D,0.29987895069694614,0.31110488755208293,0.3890161617509711,0.3049135422016778,0.3549905838041431,0.3400958739941791,2024-08-15
2024-09-01,La Liga,Real Madrid,Betis,H,0.698972303502273,0.18586344677840022,0.11516424971932689,0.7634190216445192,0.1561538907909244,0.08042708756455638,2024-08-15
2024-09-13,La Liga,Betis,Leganes,H,0.5301325427936685,0.2786362333596507,0.1912312238466806,0.5749201215962745,0.26904339952137635,0.15603647888234912,2024-08-15
2024-09-14,La Liga,Espanol,Alaves,H,0.4204044114531793,0.2833506124231025,0.29624497612371814,0.3234953861494895,0.3224242093741601,0.35408040447635036,2024-09-14
2024-09-14,La Liga,Sevilla,Getafe,H,0.48671024017501724,0.2849744357243376,0.22831532410064498,0.42327701895325115,0.31711307608875494,0.259609904957994,2024-09-14
2024-09-14,La Liga,Mallorca,Villarreal,A,0.33006074989291606,0.27796802101041945,0.3919712290966644,0.4028101097439309,0.3017958097771866,0.29539408047888266,2024-09-14
2024-09-14,La Liga,Sociedad,Real Madrid,A,0.26350116382956584,0.2795036591683085,0.45699517700212544,0.19319843308019027,0.2577687316693255,0.5490328352504843,2024-09-14
2024-09-15,La Liga,Ath Madrid,Valencia,H,0.6593807990366988,0.21492237778492387,0.12569682317837716,0.6958931646240271,0.19862248435880853,0.1054843510171644,2024-09-14
2024-09-15,La Liga,Las Palmas,Ath Bilbao,A,0.24134887250568715,0.3017911483359962,0.4568599791583167,0.2502190292623095,0.28628000700893647,0.4635009637287542,2024-09-14
2024-09-15,La Liga,Celta,Valladolid,H,0.6315716230870314,0.2213602767741415,0.14706810013882707,0.5886151362570626,0.2409962716685244,0.17038859207441284,2024-09-14
2024-09-15,La Liga,Girona,Barcelona,A,0.36298965658802756,0.2283899177371281,0.4086204256748443,0.22025514189013276,0.22910700338453524,0.550637854725332,2024-09-14
2024-09-16,La Liga,Vallecano,Osasuna,H,0.4203829071613332,0.30332935646209264,0.27628773637657433,0.45062563408860323,0.31197159283057146,0.23740277308082516,2024-09-14
2024-09-17,La Liga,Mallorca,Sociedad,H,0.3013790536072519,0.33282307232285735,0.3657978740698907,0.316446282912319,0.36503915781645796,0.3185145592712231,2024-09-14
2024-09-18,La Liga,Betis,Getafe,H,0.5145807535520728,0.2841805474726968,0.2012386989752301,0.5035744906582121,0.30952190030902843,0.18690360903275946,2024-09-14
2024-09-19,La Liga,Leganes,Ath Bilbao,A,0.21584714816659784,0.32400483092887866,0.4601480209045236,0.2315989847715736,0.32423857868020306,0.4441624365482234,2024-09-14
2024-09-20,La Liga,Alaves,Sevilla,H,0.3868122970283091,0.29137407915340763,0.3218136238182831,0.4443770774011238,0.2940138367095048,0.26160908588937126,2024-09-14
2024-09-21,La Liga,Valladolid,Sociedad,D,0.20693067846353416,0.28626766141197385,0.506801660124492,0.24057979301275087,0.317628223454743,0.44179198353250615,2024-09-14
2024-09-21,La Liga,Osasuna,Las Palmas,H,0.4989870355848573,0.2844814476749811,0.21653151674016163,0.5253367543296985,0.2669980756895446,0.20766516998075693,2024-09-14
2024-09-21,La Liga,Valencia,Girona,H,0.3074986227128879,0.25278030957452374,0.43972106771258856,0.3831202321660881,0.3079510726904632,0.3089286951434488,2024-09-14
2024-09-21,La Liga,Real Madrid,Espanol,H,0.8121239194193555,0.1273724841550484,0.06050359642559614,0.8554874762373168,0.09914880493827363,0.04536371882440957,2024-09-14
2024-09-22,La Liga,Vallecano,Ath Madrid,D,0.21781501173717577,0.27687375948837795,0.5053112287744462,0.16455294863665187,0.2742549143944198,0.5611921369689284,2024-09-14
2024-09-22,La Liga,Villarreal,Barcelona,A,0.2967338420979165,0.22465048097533083,0.4786156769267527,0.2505612095792614,0.23365587495704618,0.5157829154636924,2024-09-14
2024-09-22,La Liga,Getafe,Leganes,D,0.48686417401141663,0.3263293938844815,0.1868064321041016,0.4713894210639836,0.34434830049354836,0.184262278442468,2024-09-14
2024-09-22,La Liga,Ath Bilbao,Celta,H,0.5646254658309274,0.24579043671630085,0.18958409745277163,0.532008830022075,0.2660044150110375,0.20198675496688742,2024-09-14
2024-09-23,La Liga,Betis,Mallorca,A,0.5132122672430213,0.29121876145604525,0.19556897130093337,0.5168284194862248,0.30651022985302917,0.17666135066074592,2024-09-14
2024-09-24,La Liga,Sevilla,Valladolid,H,0.64220641440175,0.2231335064765354,0.1346600791217145,0.6019840145665507,0.24169433003794183,0.15632165539550752,2024-09-14
2024-09-24,La Liga,Valencia,Osasuna,D,0.4655316221018559,0.2866430686185342,0.24782530927961,0.4861702931523321,0.30290983997030035,0.2109198668773675,2024-09-14
2024-09-24,La Liga,Real Madrid,Alaves,H,0.7601906632370612,0.16363966330546562,0.0761696734574733,0.8347360009127376,0.11939503835496616,0.045868960732296335,2024-09-14
2024-09-25,La Liga,Girona,Vallecano,D,0.6721201874220735,0.19603354709572982,0.13184626548219666,0.56973293768546,0.2522255192878338,0.17804154302670622,2024-09-14
2024-09-25,La Liga,Barcelona,Getafe,H,0.7321676979761257,0.17787506952911772,0.08995723249475653,0.7579316326552042,0.16115489863765142,0.0809134687071444,2024-09-14
2024-09-26,La Liga,Espanol,Villarreal,A,0.32247674295333023,0.23847132699198073,0.4390519300546892,0.2679580765188741,0.2732269151021104,0.45881500837901545,2024-09-14
2024-09-26,La Liga,Las Palmas,Betis,D,0.27964174536781683,0.30019107019489527,0.4201671844372881,0.2637913524492751,0.28969943170768603,0.446509215843039,2024-09-14
2024-09-26,La Liga,Celta,Ath Madrid,A,0.2597090643350123,0.25245324255408064,0.48783769311090697,0.23008735486301843,0.2719800105103467,0.49793263462663484,2024-09-14
2024-09-27,La Liga,Valladolid,Mallorca,A,0.29962621704202447,0.3285383412913295,0.3718354416666461,0.28846900827240873,0.3317885863064906,0.3797424054211006,2024-09-14
2024-09-28,La Liga,Sociedad,Valencia,H,0.5267743641411499,0.27940034381944767,0.1938252920394026,0.521492241465009,0.2930439785875881,0.18546377994740282,2024-09-14
2024-09-28,La Liga,Osasuna,Barcelona,H,0.18637971476764306,0.2298069660583837,0.5838133191739733,0.21721969676348096,0.24335138960720795,0.539428913629311,2024-09-14
2024-09-28,La Liga,Getafe,Alaves,H,0.4213400085258362,0.31535235896377084,0.26330763251039296,0.3771853394136218,0.35909157774433376,0.2637230828420446,2024-09-14
2024-09-28,La Liga,Vallecano,Leganes,D,0.4749821495102453,0.3268694652860492,0.19814838520370567,0.5113382593186553,0.31039702642346484,0.17826471425787982,2024-09-14
2024-09-29,La Liga,Celta,Girona,D,0.32324206781215253,0.23127640006889627,0.44548153211895125,0.37431394072447854,0.28540065861690445,0.3402854006586169,2024-09-14
2024-09-29,La Liga,Ath Bilbao,Sevilla,D,0.5280195649762219,0.26472263040602306,0.20725780461775478,0.5589958614993246,0.25503259463629663,0.18597154386437875,2024-09-14
2024-09-29,La Liga,Betis,Espanol,H,0.5802845830570939,0.2384351739442495,0.18128024299865675,0.6447198033088776,0.23014820401806263,0.12513199267305977,2024-09-14
2024-09-29,La Liga,Ath Madrid,Real Madrid,D,0.3724109666236374,0.2694458061238242,0.35814322725253844,0.34243910031909097,0.3039147015331932,0.35364619814771575,2024-09-14
2024-09-30,La Liga,Villarreal,Las Palmas,H,0.6726702468433343,0.19610078012925214,0.13122897302741363,0.6442078208187995,0.2023131999265651,0.1534789792546356,2024-09-14
2024-10-04,La Liga,Leganes,Valencia,D,0.29978410797127064,0.34011937995071145,0.36009651207801807,0.32476635514018687,0.3504672897196262,0.32476635514018687,2024-09-14
2024-10-05,La Liga,Espanol,Mallorca,H,0.4121644888624212,0.30189023131491166,0.2859452798226671,0.25689298622697565,0.3322950231400128,0.4108119906330116,2024-09-14
2024-10-05,La Liga,Getafe,Osasuna,D,0.4347437796734597,0.3044533606573546,0.26080285966918554,0.4404764027314707,0.31916486886444273,0.2403587284040865,2024-09-14
2024-10-05,La Liga,Las Palmas,Celta,A,0.3406603132363186,0.28590478332205277,0.37343490344162866,0.2551190086899651,0.27303466941257504,0.4718463218974598,2024-09-14
2024-10-05,La Liga,Valladolid,Vallecano,A,0.3134182745203945,0.3160680284106062,0.3705136970689993,0.27708797152657016,0.329910762085147,0.39300126638828276,2024-09-14
2024-10-05,La Liga,Real Madrid,Villarreal,H,0.7159094501423525,0.1650488511975273,0.11904169866012043,0.7590132827324478,0.1469431202850928,0.0940435969824594,2024-09-14
2024-10-06,La Liga,Sociedad,Ath Madrid,D,0.3354933993283926,0.2937972636668217,0.3707093370047858,0.3372564414507208,0.3133990726021168,0.34934448594716244,2024-09-14
2024-10-06,La Liga,Sevilla,Betis,H,0.4119794952303829,0.2800779354433361,0.30794256932628106,0.35126286067168727,0.3012378093066792,0.34749933002163347,2024-09-14
2024-10-06,La Liga,Alaves,Barcelona,A,0.19181459008856924,0.24091317554799443,0.5672722343634363,0.19860460831036997,0.23345589774944928,0.5679394939401807,2024-09-14
2024-10-06,La Liga,Girona,Ath Bilbao,H,0.5110567871817494,0.24236837673890174,0.24657483607934885,0.4020041753653445,0.29302713987473905,0.3049686847599165,2024-09-14
2024-10-18,La Liga,Alaves,Valladolid,A,0.5739895095009472,0.258720291945447,0.16729019855360566,0.5990439561772807,0.24568385038156826,0.15527219344115117,2024-10-18
2024-10-19,La Liga,Ath Bilbao,Espanol,H,0.6428799320039662,0.21793752685708717,0.13918254113894668,0.686880727110184,0.21008716382328835,0.1030321090665276,2024-10-18
2024-10-19,La Liga,Osasuna,Betis,A,0.3589256280433266,0.29427350136657865,0.34680087059009473,0.3991333581234396,0.3101545840194881,0.2907120578570724,2024-10-18
2024-10-19,La Liga,Girona,Sociedad,A,0.5003833646135949,0.25438712948650355,0.24522950589990156,0.34739299610894936,0.3039688715953307,0.3486381322957198,2024-10-18
2024-10-19,La Liga,Celta,Real Madrid,A,0.18821075380328697,0.23214567312923823,0.5796435730674748,0.1631195173409335,0.21472591331383947,0.6221545693452271,2024-10-18
2024-10-20,La Liga,Mallorca,Vallecano,H,0.4149186670335548,0.33128823221500514,0.25379310075144007,0.4723866343616498,0.30794824898259443,0.2196651166557559,2024-10-18
2024-10-20,La Liga,Ath Madrid,Leganes,H,0.7258444756282032,0.20251972898582,0.07163579538597685,0.6875330333603612,0.21074382109524117,0.10172314554439763,2024-10-18
2024-10-20,La Liga,Villarreal,Getafe,D,0.5811129367176507,0.23676237625584,0.18212468702650927,0.5217963617755226,0.2780920438115966,0.20011159441288084,2024-10-18
2024-10-20,La Liga,Barcelona,Sevilla,H,0.7228721983709018,0.17238407684590848,0.10474372478318975,0.7479929227423295,0.15740797232261097,0.09459910493505935,2024-10-18
2024-10-21,La Liga,Valencia,Las Palmas,A,0.5222750196832731,0.2851434644244237,0.19258151589230332,0.5039369323576519,0.28690214733046254,0.20916092031188557,2024-10-18
2024-10-25,La Liga,Espanol,Sevilla,A,0.35893390466153685,0.2725865150751106,0.3684795802633527,0.3150219943888331,0.3032454712341103,0.38173253437705656,2024-10-18
2024-10-26,La Liga,Real Madrid,Barcelona,A,0.5083408859166801,0.24094998957750025,0.2507091245058199,0.48800561355647665,0.2404320339961178,0.27156235244740573,2024-10-18
2024-10-26,La Liga,Las Palmas,Girona,H,0.21967003225240322,0.24121684365614135,0.5391131240914554,0.36471908040324563,0.3016812146545365,0.33359970494221786,2024-10-18
2024-10-26,La Liga,Vallecano,Alaves,H,0.4348630126986833,0.3071774647808457,0.257959522520471,0.4655241104781234,0.31385335190299285,0.22062253761888384,2024-10-18
2024-10-26,La Liga,Valladolid,Villarreal,A,0.20344105482998925,0.22989016764571654,0.5666687775242942,0.24241767617603044,0.27153488309102847,0.48604744073294104,2024-10-18
2024-10-27,La Liga,Leganes,Celta,H,0.2894857186751171,0.3249386191280117,0.385575662196871,0.2511025979461095,0.2990052474004443,0.4498921546534462,2024-10-18
2024-10-27,La Liga,Getafe,Valencia,D,0.4109608292868774,0.324442546927016,0.26459662378610666,0.45460498778034314,0.3366279148269669,0.20876709739268978,2024-10-18
2024-10-27,La Liga,Betis,Ath Madrid,H,0.2986815013266815,0.288035760753925,0.41328273791939363,0.2685450990937302,0.29893093599424403,0.4325239649120257,2024-10-18
2024-10-27,La Liga,Sociedad,Osasuna,A,0.55195126978212,0.269080042479721,0.17896868773815897,0.5914487204127797,0.254586850781354,0.15396442880586647,2024-10-18
2024-10-28,La Liga,Mallorca,Ath Bilbao,D,0.2990591731887199,0.3244716498375791,0.37646917697370097,0.383047511948271,0.32175991003654764,0.29519257801518134,2024-10-18
2024-11-01,La Liga,Alaves,Mallorca,H,0.4043122089000834,0.3204147401433207,0.27527305095659566,0.40737560177698473,0.3322961393334449,0.2603282588895704,2024-10-18
2024-11-02,La Liga,Osasuna,Valladolid,H,0.5931995293451259,0.24781575926752245,0.1589847113873517,0.5644991821835158,0.26456092462006736,0.17093989319641675,2024-10-18
2024-11-02,La Liga,Girona,Leganes,H,0.7060229309962298,0.19828165138323006,0.09569541762054028,0.5637098421092231,0.27083266157202895,0.16545749631874807,2024-10-18
2024-11-03,La Liga,Sevilla,Sociedad,A,0.3737872601423013,0.303404856520115,0.3228078833375838,0.28296661951058,0.3080396111127833,0.4089937693766367,2024-10-18
2024-11-03,La Liga,Ath Bilbao,Betis,D,0.49358561073530816,0.28130146648152415,0.22511292278316763,0.5027817092021418,0.2756729257841289,0.22154536501372915,2024-10-18
2024-11-03,La Liga,Ath Madrid,Las Palmas,H,0.7592817039469542,0.16876494095502265,0.07195335509802324,0.7215567081193028,0.17741027318896618,0.10103301869173101,2024-10-18
2024-11-03,La Liga,Barcelona,Espanol,H,0.8253551882086014,0.1159712101435732,0.05867360164782564,0.8326983781430283,0.11363883748775444,0.05366278436921737,2024-10-18
2024-11-04,La Liga,Celta,Getafe,H,0.4655351338866203,0.2890316259691593,0.2454332401442205,0.45115121344119474,0.3248288736776602,0.22401991288114503,2024-10-18
2024-11-08,La Liga,Vallecano,Las Palmas,A,0.5072918490231151,0.2935858571701024,0.19912229380678242,0.5133464429871193,0.28452339508670244,0.20213016192617822,2024-10-18
2024-11-09,La Liga,Real Madrid,Osasuna,H,0.7747460576698834,0.15368784577324027,0.07156609655687625,0.769914124962985,0.1492448919159017,0.08084098312111342,2024-10-18
2024-11-09,La Liga,Villarreal,Alaves,H,0.617958984006941,0.21292316134117933,0.16911785465187945,0.6140554170181601,0.23434965190548146,0.1515949310763583,2024-10-18
2024-11-09,La Liga,Leganes,Sevilla,H,0.26603117497225803,0.3331317977062981,0.4008370273214439,0.30512383008523597,0.3233704378644195,0.3715057320503445,2024-10-18
2024-11-10,La Liga,Betis,Celta,D,0.5115544622992847,0.2610063299317241,0.22743920776899132,0.4296481864720618,0.3004901426859819,0.26986167084195617,2024-10-18
2024-11-10,La Liga,Mallorca,Ath Madrid,A,0.22718622680037265,0.29879821773785104,0.4740155554617762,0.2725055859902231,0.3320289904385995,0.3954654235711775,2024-10-18
2024-11-10,La Liga,Getafe,Girona,A,0.30250957885480245,0.2737175673299131,0.42377285381528434,0.37393086655673535,0.3375764767526083,0.2884926566906564,2024-10-18
2024-11-10,La Liga,Valladolid,Ath Bilbao,D,0.1869470724953156,0.2701864288718658,0.5428664986328186,0.20738775785141728,0.2897237930580993,0.5028884490904834,2024-10-18
2024-11-10,La Liga,Sociedad,Barcelona,H,0.2861101599359323,0.27453379774259323,0.4393560423214746,0.23863462121928858,0.2568942624207645,0.5044711163599469,2024-10-18
2024-11-22,La Liga,Getafe,Valladolid,H,0.5538201808419165,0.2745893464815992,0.17159047267648395,0.5807164196533705,0.2770846916631796,0.14219888868344993,2024-11-22
2024-11-23,La Liga,Celta,Barcelona,D,0.203615511108905,0.21576760299490558,0.5806168858961896,0.21921838812579209,0.22584592079006016,0.5549356910841479,2024-11-22
2024-11-23,La Liga,Las Palmas,Mallorca,A,0.36427854209860877,0.3227263668909101,0.3129950910104813,0.339012211477929,0.3243216823138854,0.33666610620818554,2024-11-22
2024-11-23,La Liga,Girona,Espanol,H,0.715723566361553,0.16337732598123308,0.12089910765721402,0.5416308962229361,0.2656217271887824,0.19274737658828145,2024-11-22
2024-11-23,La Liga,Ath Madrid,Alaves,H,0.7142494760670945,0.18808497724281967,0.09766554669008597,0.6637697414837999,0.21975143368851424,0.11647882482768603,2024-11-22
2024-11-23,La Liga,Valencia,Betis,H,0.3553207393632818,0.2952761034244619,0.3494031572122563,0.3786357974943219,0.32009671038171295,0.30126749212396514,2024-11-22
2024-11-24,La Liga,Osasuna,Villarreal,D,0.3496817519012561,0.2470637708035975,0.4032544772951462,0.3660145086832271,0.2923719498790943,0.3416135414376786,2024-11-22
2024-11-24,La Liga,Sevilla,Vallecano,H,0.49237474057085395,0.27895577754457107,0.22866948188457503,0.4763461067080643,0.2944685023286216,0.22918539096331397,2024-11-22
2024-11-24,La Liga,Leganes,Real Madrid,A,0.15183665063068313,0.2319790318938424,0.6161843174754746,0.09569410727921113,0.18695451074625802,0.7173513819745307,2024-11-22
2024-11-24,La Liga,Ath Bilbao,Sociedad,H,0.43820088834785703,0.30305973854407386,0.2587393731080692,0.4004522087359528,0.3343982361609503,0.26514955510309685,2024-11-22
2024-11-29,La Liga,Mallorca,Valencia,H,0.4156091937538281,0.3218169219174719,0.2625738843286999,0.44152391480013575,0.3416739835379142,0.21680210166195005,2024-11-22
2024-11-30,La Liga,Barcelona,Las Palmas,A,0.8242888211717407,0.1198207520426273,0.055890426785631935,0.8561073562542854,0.10183171711235182,0.042060926633362715,2024-11-22
2024-11-30,La Liga,Alaves,Leganes,D,0.4442892887630176,0.2979947111050505,0.2577160001319318,0.5246405418703619,0.30714715267726883,0.1682123054523691,2024-11-22
2024-11-30,La Liga,Espanol,Celta,H,0.3839781315475049,0.25643053245174,0.3595913360007551,0.25418306101427174,0.31505537983322357,0.4307615591525048,2024-11-22
2024-11-30,La Liga,Valladolid,Ath Madrid,A,0.13788679593774308,0.22093790921755496,0.6411752948447019,0.12175403718491216,0.2115376488508102,0.6667083139642777,2024-11-22
2024-12-01,La Liga,Sociedad,Betis,H,0.47347777918117623,0.2903291402461732,0.2361930805726505,0.5777499668263338,0.2574588711586846,0.1647911620149815,2024-11-22
2024-12-01,La Liga,Vallecano,Ath Bilbao,A,0.29163223118133735,0.30508641305408607,0.40328135576457647,0.2855210876993817,0.32346408938700727,0.3910148229136111,2024-11-22
2024-12-01,La Liga,Villarreal,Girona,D,0.4698006756261001,0.21506186013068834,0.3151374642432114,0.5364930870250181,0.24771747130491903,0.21578944167006278,2024-11-22
2024-12-01,La Liga,Real Madrid,Getafe,H,0.7317206771534389,0.18332484287997597,0.084954479966585,0.7261067023496006,0.19054887616331467,0.0833444214870846,2024-11-22
2024-12-02,La Liga,Sevilla,Osasuna,D,0.4980811516926459,0.2632171392930354,0.23870170901431875,0.49283378846288173,0.27979324589967636,0.22737296563744194,2024-11-22
2024-12-03,La Liga,Mallorca,Barcelona,A,0.1872518024480985,0.25249214836514344,0.5602560491867581,0.16743057427878136,0.2341601509840928,0.598409274737126,2024-11-22
2024-12-04,La Liga,Ath Bilbao,Real Madrid,H,0.2953559864771436,0.2730389174526003,0.4316050960702562,0.2876633592595731,0.2802023499416015,0.4321342907988253,2024-11-22
2024-12-06,La Liga,Celta,Mallorca,H,0.46070561595722487,0.29037403156695635,0.24892035247581898,0.5108537001956461,0.29502189373000837,0.19412440607434553,2024-11-22
2024-12-07,La Liga,Las Palmas,Valladolid,H,0.5188459410105962,0.2686737815445531,0.2124802774448506,0.5887920370530192,0.2549408820229568,0.15626708092402403,2024-11-22
2024-12-07,La Liga,Betis,Barcelona,D,0.2573951099550903,0.2461934202565713,0.4964114697883382,0.16194661314423645,0.2009213167225174,0.6371320701332461,2024-11-22
2024-12-07,La Liga,Valencia,Vallecano,A,0.43967421457695405,0.30279846040406205,0.25752732501898395,0.44198541731417085,0.3167322208766045,0.24128236180922477,2024-11-22
2024-12-07,La Liga,Girona,Real Madrid,A,0.3051069834402823,0.23473541895264521,0.46015759760707264,0.2270934044562983,0.24178103758033753,0.5311255579633642,2024-11-22
2024-12-08,La Liga,Ath Madrid,Sevilla,H,0.6564380861383802,0.21033467771003544,0.13322723615158416,0.7027957780147843,0.1975271229450921,0.09967709904012356,2024-11-22
2024-12-08,La Liga,Leganes,Sociedad,A,0.2693643930911547,0.31775128664850194,0.41288432026034316,0.15537975458620099,0.31225354527419236,0.5323667001396066,2024-11-22
2024-12-08,La Liga,Ath Bilbao,Villarreal,H,0.5063937656143557,0.24002026715439473,0.25358596723124954,0.5195796029583495,0.2736940443752433,0.20672635266640715,2024-11-22
2024-12-08,La Liga,Osasuna,Alaves,D,0.476445791346413,0.2755827269039684,0.24797148174961867,0.4300355268351877,0.3155455489115338,0.25441892425327856,2024-11-22
2024-12-09,La Liga,Getafe,Espanol,H,0.49324579214424624,0.27774323070819973,0.22901097714755395,0.5250925907781545,0.31539652368168375,0.15951088554016188,2024-11-22
2024-12-13,La Liga,Valladolid,Valencia,H,0.3104277784863056,0.2964467573303789,0.39312546418331545,0.29032429518378755,0.30778050280559754,0.401895202010615,2024-11-22
2024-12-14,La Liga,Vallecano,Real Madrid,D,0.1729299257774273,0.24416691088242357,0.5829031633401491,0.14874907938491755,0.22554511571852615,0.6257058048965565,2024-11-22
2024-12-14,La Liga,Sevilla,Celta,H,0.47864094387959316,0.25670941357668664,0.26464964254372036,0.377217708506052,0.29945282706018905,0.32332946443375893,2024-11-22
2024-12-14,La Liga,Espanol,Osasuna,D,0.40754666002074813,0.2669216961692841,0.32553164380996763,0.350239948976814,0.3081224867580831,0.3416375642651027,2024-11-22
2024-12-14,La Liga,Mallorca,Girona,H,0.3118978771016356,0.27809225190877257,0.4100098709895917,0.34889148191365227,0.32555425904317387,0.32555425904317387,2024-11-22
2024-12-15,La Liga,Ath Madrid,Getafe,H,0.6540370932415982,0.22865625101528456,0.1173066557431172,0.7362885048835462,0.19534184823441023,0.06836964688204358,2024-11-22
2024-12-15,La Liga,Alaves,Ath Bilbao,D,0.2788820984377534,0.29048405672973543,0.43063384483251116,0.23933932968120725,0.325789656121242,0.4348710141975507,2024-11-22
2024-12-15,La Liga,Sociedad,Las Palmas,D,0.6137571911650821,0.24661416210138024,0.13962864673353773,0.7221401491554384,0.19199757933894596,0.08586227150561558,2024-11-22
2024-12-15,La Liga,Villarreal,Betis,A,0.5086679067802871,0.23528912012402925,0.25604297309568375,0.5024248078780706,0.2627858751232185,0.23478931699871092,2024-11-22
2024-12-15,La Liga,Barcelona,Leganes,A,0.7972095737290136,0.1385244847412946,0.06426594152969203,0.8714480439958834,0.08636672578887773,0.04218523021523902,2024-11-22
2024-12-18,La Liga,Espanol,Valencia,D,0.3989067844156243,0.2773632218139099,0.3237299937704655,0.3730326195994327,0.33806081151198586,0.2889065688885814,2024-11-22
2024-12-18,La Liga,Villarreal,Vallecano,D,0.6064674142820475,0.2196947008727921,0.17383788484516033,0.550561797752809,0.2516853932584269,0.19775280898876402,2024-11-22
2024-12-20,La Liga,Girona,Valladolid,H,0.7725087667206101,0.14479629110277592,0.08269494217661418,0.7072135661878322,0.1930044991389104,0.09978193467325747,2024-11-22
2024-12-21,La Liga,Barcelona,Ath Madrid,A,0.5396360837649103,0.23480169862988998,0.2255622176051998,0.47426971315296085,0.2678382677585591,0.25789201908848003,2024-11-22
2024-12-21,La Liga,Osasuna,Ath Bilbao,A,0.3068859976943652,0.28772750751565496,0.40538649478997985,0.21171775875517643,0.3165421865427556,0.4717400547020678,2024-11-22
2024-12-21,La Liga,Getafe,Mallorca,A,0.3995629994598601,0.3430376968219684,0.25739930371817143,0.4019669551534225,0.3712824547600314,0.22675059008654602,2024-11-22
2024-12-21,La Liga,Celta,Sociedad,H,0.34319867074185567,0.29048804312860604,0.36631328612953845,0.35248698150475855,0.32537259831208476,0.3221404201831568,2024-11-22
2024-12-22,La Liga,Valencia,Alaves,D,0.4636621124198525,0.2814239533719397,0.25491393420820785,0.4588869293949848,0.3083603251666936,0.23275274543832158,2024-12-22
2024-12-22,La Liga,Real Madrid,Sevilla,H,0.7415586765051574,0.16342236764258136,0.0950189558522615,0.7719900439396525,0.1448930262649498,0.08311692979539757,2024-12-22
2024-12-22,La Liga,Las Palmas,Espanol,H,0.4686344483317718,0.2631134714295821,0.268252080238646,0.45675364118816403,0.2943214952337106,0.2489248635781254,2024-12-22
2024-12-22,La Liga,Leganes,Villarreal,A,0.2846871871601219,0.257647431127179,0.4576653817126991,0.22238470846301672,0.2714584290456377,0.5061568624913454,2024-12-22
2024-12-22,La Liga,Betis,Vallecano,D,0.5259190037530902,0.2667457254813146,0.20733527076559538,0.5535852496517087,0.265354913056191,0.18105983729210023,2024-12-22
2025-01-03,La Liga,Valencia,Real Madrid,A,0.17469859361200973,0.2311595417896861,0.5941418645983043,0.12961582426320759,0.19800208737140298,0.6723820883653893,2024-12-22
2025-01-10,La Liga,Vallecano,Celta,H,0.40725212946232536,0.28080912031160016,0.3119387502260745,0.3342489737953038,0.30683423146508965,0.3589167947396067,2024-12-22
2025-01-11,La Liga,Espanol,Leganes,D,0.44907001955487713,0.28160286776724924,0.26932711267787357,0.45159941459335146,0.3236462471252352,0.2247543382814133,2024-12-22
2025-01-11,La Liga,Alaves,Girona,A,0.292368940636749,0.24541898800792608,0.4622120713553249,0.2996733337153992,0.3091867728809674,0.3911398934036334,2024-12-22
2025-01-11,La Liga,Valladolid,Betis,H,0.21549611211468359,0.26028225894298734,0.5242216289423289,0.19046672474173165,0.26686271873154704,0.5426705565267214,2024-12-22
2025-01-11,La Liga,Sevilla,Valencia,D,0.4866564944776606,0.270520639039608,0.24282286648273152,0.45416070513839574,0.30467207178563227,0.24116722307597194,2024-12-22
2025-01-12,La Liga,Ath Madrid,Osasuna,H,0.7059008276417685,0.18612250440915226,0.10797666794907906,0.7279498899610631,0.18198747249026578,0.09006263754867107,2024-12-22
2025-01-12,La Liga,Las Palmas,Getafe,A,0.38656625991120125,0.31628858313154,0.29714515695725857,0.37882127601355975,0.34770381405530304,0.2734749099311372,2024-12-22
2025-01-13,La Liga,Sociedad,Villarreal,H,0.4862694715724923,0.2547401527575123,0.2589903756699957,0.4832834880625375,0.2832069419841691,0.2335095699532933,2024-12-22
2025-01-17,La Liga,Espanol,Valladolid,H,0.566057483701963,0.24129905983122682,0.19264345646681025,0.5331239409844195,0.28205975947431505,0.18481629954126547,2024-12-22
2025-01-18,La Liga,Girona,Sevilla,A,0.5899236381206328,0.21263103730695093,0.19744532457241631,0.5058978907433543,0.2728438062436068,0.22125830301303878,2024-12-22
2025-01-18,La Liga,Leganes,Ath Madrid,H,0.17631543970097202,0.25539739532042816,0.5682871649786001,0.1322574147741578,0.23498162042398915,0.6327609648018531,2024-12-22
2025-01-18,La Liga,Betis,Alaves,A,0.5652507605790629,0.24585621192891902,0.18889302749201795,0.52197334320622,0.27660125879303965,0.20142539800074047,2024-12-22
2025-01-18,La Liga,Getafe,Barcelona,D,0.1929492456748365,0.24644120264212543,0.5606095516830382,0.13343960731238633,0.21198502168225924,0.6545753710053546,2024-12-22
2025-01-19,La Liga,Celta,Ath Bilbao,A,0.329509460650416,0.2751050783648564,0.3953854609847277,0.27869427345644465,0.30206304793881733,0.4192426786047379,2024-12-22
2025-01-19,La Liga,Real Madrid,Las Palmas,H,0.8045763964536755,0.1327871229662229,0.06263648058010166,0.8377336290135233,0.10985104599379154,0.05241532499268508,2024-12-22
2025-01-19,La Liga,Osasuna,Vallecano,D,0.4326709097846477,0.28999545285626016,0.2773336373590922,0.4171972736212008,0.30664657651022015,0.27615614986857895,2024-12-22
2025-01-19,La Liga,Valencia,Sociedad,H,0.3039931152471055,0.3125977983832687,0.38340908636962573,0.30034891835310534,0.33789253314724355,0.3617585484996511,2024-12-22
2025-01-20,La Liga,Villarreal,Mallorca,H,0.5732880548109803,0.23199937003220641,0.19471257515681312,0.5582771823638583,0.2618335033188985,0.17988931431724323,2024-12-22
2025-01-24,La Liga,Las Palmas,Osasuna,D,0.3964045631082777,0.27965450083032245,0.3239409360613996,0.38733187519460005,0.3000626564007549,0.31260546840464504,2025-01-24
2025-01-25,La Liga,Valladolid,Real Madrid,A,0.08754926220697104,0.157552612882583,0.7548981249104464,0.07227472691749673,0.14210486748337223,0.785620405599131,2025-01-24
2025-01-25,La Liga,Sevilla,Espanol,D,0.5792863793384386,0.22847937342981436,0.19223424723174704,0.5432756789782233,0.267160292684346,0.18956402833743075,2025-01-24
2025-01-25,La Liga,Mallorca,Betis,A,0.3557813537756779,0.2975736533379335,0.34664499288638867,0.45882836025184776,0.3220914316999727,0.21908020804817957,2025-01-24
2025-01-25,La Liga,Ath Madrid,Villarreal,D,0.6199215017385499,0.19875055933737207,0.18132793892407822,0.4758826454500248,0.2789656887120835,0.24515166583789158,2025-01-24
2025-01-26,La Liga,Vallecano,Girona,H,0.3238337521862405,0.25869732643833915,0.41746892137542047,0.3849404312265377,0.3172310394147037,0.2978285293587585,2025-01-24
2025-01-26,La Liga,Sociedad,Getafe,A,0.514839685590186,0.30456723879594894,0.18059307561386517,0.49499393389786894,0.32666266344775186,0.17834340265437923,2025-01-24
2025-01-26,La Liga,Ath Bilbao,Leganes,D,0.6570856328628186,0.2193646904695133,0.1235496766676678,0.7078440944477274,0.20415713881966033,0.08799876673261221,2025-01-24
2025-01-26,La Liga,Barcelona,Valencia,H,0.7530589977416317,0.15409902634940567,0.09284197590896273,0.7819263005441517,0.14397744755528544,0.0740962519005629,2025-01-24
2025-01-27,La Liga,Alaves,Celta,D,0.4080412484963103,0.2646418308893985,0.32731692061429135,0.419171477888221,0.3106957919171478,0.2701327301946313,2025-01-24
2025-01-31,La Liga,Leganes,Vallecano,A,0.36217244048981717,0.3036555182788946,0.33417204123128813,0.2828325789105933,0.32004739192514503,0.39712002916426153,2025-01-24
2025-02-01,La Liga,Espanol,Real Madrid,H,0.12940978158690092,0.18027912793284237,0.6903110904802565,0.09347440553028749,0.16232551967088515,0.7442000747988273,2025-01-24
2025-02-01,La Liga,Getafe,Sevilla,D,0.38085872549344707,0.30217176376541205,0.31696951074114094,0.3485838779956427,0.3376906318082789,0.3137254901960785,2025-01-24
2025-02-01,La Liga,Villarreal,Valladolid,H,0.7672754010396662,0.14426504774178928,0.08845955121854458,0.8064834260165228,0.13095806647088326,0.06255850751259387,2025-01-24
2025-02-01,La Liga,Ath Madrid,Mallorca,H,0.6762907542303278,0.2103469409206061,0.11336230484906616,0.6510116467450173,0.2304055471852912,0.11858280606969143,2025-01-24
2025-02-02,La Liga,Osasuna,Sociedad,H,0.30471536509788893,0.305864630725127,0.3894200041769841,0.2950148738308632,0.3171169653556511,0.3878681608134856,2025-01-24
2025-02-02,La Liga,Betis,Ath Bilbao,D,0.3522530947510982,0.28380057689007326,0.3639463283588284,0.30328532494041716,0.29772045659288654,0.39899421846669636,2025-01-24
2025-02-02,La Liga,Barcelona,Alaves,H,0.7748451076321109,0.14161579908808986,0.08353909327979926,0.8354108099506711,0.11075160451917467,0.05383758553015435,2025-01-24
2025-02-02,La Liga,Valencia,Celta,H,0.42199213869286134,0.26802802284825994,0.3099798384588786,0.425049495094732,0.30900423611648764,0.26594626878878036,2025-01-24
2025-02-03,La Liga,Girona,Las Palmas,H,0.6776972964156343,0.18405144197246595,0.13825126161189988,0.6474219971032756,0.21203777197705534,0.14054023091966908,2025-01-24
2025-02-07,La Liga,Vallecano,Valladolid,H,0.5803036419546339,0.25327906988275833,0.16641728816260745,0.6775329816389178,0.21772408174014662,0.10474293662093541,2025-01-24
2025-02-08,La Liga,Celta,Betis,H,0.4191640732122443,0.2598069876116539,0.3210289391761018,0.4459844409740298,0.28764676962230323,0.2663687894036671,2025-01-24
2025-02-08,La Liga,Ath Bilbao,Girona,H,0.4984886393382027,0.2420726031710396,0.2594387574907577,0.5490361663808628,0.2633588115160237,0.1876050221031134,2025-01-24
2025-02-08,La Liga,Las Palmas,Villarreal,A,0.2865935956876267,0.2343557416862821,0.47905066262609114,0.17188237104533563,0.2323290422024274,0.595788586752237,2025-01-24
2025-02-08,La Liga,Real Madrid,Ath Madrid,D,0.536969513973354,0.2346714773574631,0.22835900866918288,0.49164063442691086,0.2561706463592851,0.25218871921380404,2025-01-24
2025-02-09,La Liga,Alaves,Getafe,A,0.41129827050134676,0.30714721004997136,0.2815545194486819,0.4125451557530351,0.34748427097477863,0.23997057327218624,2025-01-24
2025-02-09,La Liga,Valencia,Leganes,H,0.5043584905603784,0.27427853026794824,0.2213629791716733,0.5454652479565866,0.28389711735752166,0.17063763468589174,2025-01-24
2025-02-09,La Liga,Sociedad,Espanol,H,0.6237405303350576,0.23288338155884575,0.1433760881060968,0.5951008611509245,0.2628765321615195,0.14202260668755592,2025-01-24
2025-02-09,La Liga,Sevilla,Barcelona,A,0.2355041495422072,0.22354507909504504,0.5409507713627478,0.14937641838018456,0.194578500896032,0.6560450807237835,2025-01-24
2025-02-10,La Liga,Mallorca,Osasuna,D,0.42304831577033464,0.2971261392523698,0.27982554497729556,0.42252937826784703,0.3155251850701455,0.26194543666200754,2025-01-24
2025-02-14,La Liga,Girona,Getafe,A,0.5891225354151671,0.23339314488253643,0.17748431970229658,0.500094736443215,0.30508924172950846,0.19481602182727645,2025-01-24
2025-02-15,La Liga,Villarreal,Valencia,D,0.6033018357796938,0.20997494358211,0.18672322063819627,0.5614102372485598,0.24588347099747043,0.1927062917539699,2025-01-24
2025-02-15,La Liga,Ath Madrid,Celta,D,0.6827578103829942,0.18919658571827158,0.1280456038987343,0.693717384534568,0.1986102941407761,0.10767232132465579,2025-01-24
2025-02-15,La Liga,Leganes,Alaves,D,0.38220115292374424,0.2895137389974149,0.328285108078841,0.24706053975200581,0.33336250911743254,0.41957695113056165,2025-01-24
2025-02-15,La Liga,Osasuna,Real Madrid,D,0.17074018398955706,0.21571082775718434,0.6135489882532583,0.14409089003479647,0.19720789837756258,0.6587012115876411,2025-01-24
2025-02-16,La Liga,Espanol,Ath Bilbao,D,0.2358236366808883,0.25882623642837876,0.5053501268907331,0.1757077439591801,0.2784137031788727,0.5458785528619472,2025-01-24
2025-02-16,La Liga,Valladolid,Sevilla,A,0.2565140096560731,0.26689338669786083,0.4765926036460661,0.22632439830423604,0.2870781453416563,0.4865974563541075,2025-01-24
2025-02-16,La Liga,Mallorca,Las Palmas,H,0.4701603406039781,0.28679202222013855,0.24304763717588335,0.5259668508287293,0.2861878453038674,0.18784530386740333,2025-01-24
2025-02-16,La Liga,Betis,Sociedad,H,0.3733333231829752,0.30197214770082154,0.3246945291162034,0.4018497847233296,0.30872269175570083,0.28942752352096957,2025-01-24
2025-02-17,La Liga,Barcelona,Vallecano,H,0.74607879546459,0.1603639946704965,0.0935572098649134,0.7967287343121976,0.12922811910425724,0.07404314658354524,2025-01-24
2025-02-21,La Liga,Celta,Osasuna,H,0.4968359735847556,0.2522519008066125,0.25091212560863185,0.5642276781771616,0.25538726485913626,0.18038505696370222,2025-01-24
2025-02-22,La Liga,Las Palmas,Barcelona,A,0.15712068624822242,0.1959435214122757,0.6469357923395018,0.0851005254381273,0.1380140326589686,0.7768854419029041,2025-01-24
2025-02-22,La Liga,Alaves,Espanol,A,0.507600443117312,0.2534368074034151,0.23896274947927304,0.5154841285447839,0.30863380944719543,0.17588206200802065,2025-01-24
2025-02-22,La Liga,Vallecano,Villarreal,A,0.3377103420750782,0.25316686499701996,0.409122792927902,0.34509834228525055,0.2931257003748213,0.3617759573399281,2025-01-24
2025-02-22,La Liga,Valencia,Ath Madrid,A,0.22758080021467939,0.2617589328655011,0.5106602669198194,0.23497149856970848,0.30399437627456033,0.4610341251557313,2025-01-24
2025-02-23,La Liga,Sociedad,Leganes,H,0.5978908177814187,0.25082750646312163,0.1512816757554596,0.5914321860991192,0.25865300938734814,0.14991480451353253,2025-02-23
2025-02-23,La Liga,Getafe,Betis,A,0.36976811413941835,0.30334617433205524,0.3268857115285262,0.3191858014766714,0.33802663003605826,0.3427875684872704,2025-02-23
2025-02-23,La Liga,Ath Bilbao,Valladolid,H,0.7728111642273463,0.15812804104188952,0.06906079473076436,0.8177357804833728,0.12865709612938397,0.05360712338724332,2025-02-23
2025-02-23,La Liga,Real Madrid,Girona,H,0.7109476682649769,0.16147122019728513,0.12758111153773807,0.7522338122182841,0.1502120561059912,0.0975541316757248,2025-02-23
2025-02-24,La Liga,Sevilla,Mallorca,D,0.49071050351414,0.2760053765486465,0.23328411993721346,0.4914026732621165,0.29044098300268373,0.21815634373519968,2025-02-23
2025-02-28,La Liga,Valladolid,Las Palmas,D,0.3191187964949827,0.28339452104739754,0.3974866824576199,0.31816596526308444,0.3130507568183403,0.3687832779185751,2025-02-23
2025-03-01,La Liga,Girona,Celta,D,0.5647934818036018,0.21104522469903175,0.22416129349736658,0.44645903590557434,0.28541955961118826,0.2681214044832375,2025-02-23
2025-03-01,La Liga,Vallecano,Sevilla,D,0.39964504340830065,0.28920012993716304,0.31115482665453614,0.36585024927392173,0.322238961281004,0.3119107894450743,2025-02-23
2025-03-01,La Liga,Betis,Real Madrid,H,0.23836929123184697,0.23723262327887915,0.524398085489274,0.2531052959164344,0.2584905149784862,0.4884041891050794,2025-02-23
2025-03-01,La Liga,Ath Madrid,Ath Bilbao,H,0.5169255408149483,0.26278687543243734,0.22028758375261412,0.4463152395676699,0.2966445701053999,0.2570401903269303,2025-02-23
2025-03-02,La Liga,Leganes,Getafe,H,0.3252634570306403,0.31800997858567054,0.35672656438368905,0.30831654810278375,0.3568792278405849,0.33480422405663124,2025-02-23
2025-03-02,La Liga,Barcelona,Sociedad,H,0.652183508775845,0.20534017852588687,0.14247631269826797,0.7650309478703946,0.15497411484191273,0.0799949372876927,2025-02-23
2025-03-02,La Liga,Mallorca,Alaves,D,0.429970740197378,0.2986405773170793,0.27138868248554254,0.3788976149479045,0.34047792671892124,0.28062445833317423,2025-02-23
2025-03-02,La Liga,Osasuna,Valencia,D,0.4435196369047059,0.2764806970276023,0.2799996660676918,0.43573327110777293,0.3065252979717141,0.25774143092051294,2025-02-23
2025-03-08,La Liga,Alaves,Villarreal,H,0.31181596907128795,0.24406982176083014,0.4441142091678819,0.3119062307217767,0.307958050586058,0.3801357186921654,2025-02-23
2025-03-08,La Liga,Valencia,Valladolid,H,0.6276506684227694,0.2269720904478242,0.1453772411294064,0.6834881857114059,0.20782724276449602,0.10868457152409815,2025-02-23
2025-03-08,La Liga,Celta,Leganes,H,0.5787056285216988,0.234569993481239,0.1867243779970623,0.616759274187139,0.23850050750586416,0.14474021830699674,2025-02-23
2025-03-09,La Liga,Getafe,Ath Madrid,H,0.23385783889159975,0.2926771996756102,0.4734649614327901,0.19162268721650247,0.301375619523168,0.5070016932603295,2025-02-23
2025-03-09,La Liga,Real Madrid,Vallecano,H,0.7361938192581655,0.17256151991196586,0.09124466082986869,0.7447676413403987,0.1635469482673173,0.09168541039228395,2025-02-23
2025-03-09,La Liga,Ath Bilbao,Mallorca,D,0.5905231154227091,0.2549889065046537,0.15448797807263717,0.5579659129979206,0.2734818841172907,0.16855220288478853,2025-02-23
2025-03-09,La Liga,Betis,Las Palmas,H,0.6016909393103793,0.2277009626378324,0.17060809805178836,0.7235830232718149,0.1819139308037959,0.0945030459243891,2025-02-23
2025-03-09,La Liga,Sociedad,Sevilla,A,0.48526697717045225,0.2769294691792323,0.2378035536503155,0.38734437604580835,0.31981394206413777,0.2928416818900539,2025-02-23
2025-03-10,La Liga,Espanol,Girona,D,0.30367402283653355,0.23706547359449978,0.4592605035689665,0.2696288226597152,0.3090031904131974,0.4213679869270874,2025-02-23
2025-03-14,La Liga,Las Palmas,Alaves,D,0.3923271820618059,0.2828932550354526,0.32477956290274157,0.33571891267530884,0.32025817327578804,0.34402291404890306,2025-02-23
2025-03-15,La Liga,Valladolid,Celta,A,0.23175138028519596,0.2514753309548285,0.5167732887599756,0.20162049568103182,0.2524183868006684,0.5459611175182997,2025-02-23
2025-03-15,La Liga,Mallorca,Espanol,H,0.4655530719391402,0.282918543723425,0.2515283843374349,0.521664719784847,0.2913802939338785,0.18695498628127463,2025-02-23
2025-03-15,La Liga,Villarreal,Real Madrid,A,0.28516256757025954,0.2198966846094215,0.49494074782031894,0.30384930384930386,0.2620802620802621,0.43407043407043405,2025-02-23
2025-03-15,La Liga,Girona,Valencia,D,0.5955291007637661,0.2129747011058069,0.19149619813042693,0.4959368993172931,0.27151852588321074,0.2325445747994963,2025-02-23
2025-03-16,La Liga,Vallecano,Sociedad,D,0.3358933736604717,0.3203626663370848,0.34374396000244334,0.3980731400131654,0.33471201738131207,0.26721484260552264,2025-02-23
2025-03-16,La Liga,Osasuna,Getafe,A,0.4010926522251541,0.308903494864511,0.2900038529103348,0.3970270647163689,0.3342667726993484,0.26870616258428287,2025-02-23
2025-03-16,La Liga,Ath Madrid,Barcelona,A,0.41881629080733057,0.24647709273689225,0.3347066164557774,0.3127764442897191,0.25870604833537936,0.4285175073749015,2025-02-23
2025-03-16,La Liga,Leganes,Betis,A,0.28809362545708556,0.2738284250422678,0.43807794950064655,0.24006854650257048,0.2902321233837046,0.4696993301137249,2025-02-23
2025-03-16,La Liga,Sevilla,Ath Bilbao,A,0.32686730783817447,0.2794916634565408,0.3936410287052847,0.3674535393772184,0.3224343971356387,0.31011206348714293,2025-02-23
2025-03-27,La Liga,Barcelona,Osasuna,H,0.7917303147129742,0.13157262690485474,0.07669705838217117,0.8171448654866126,0.12441689564828423,0.0584382388651032,2025-03-27
2025-03-29,La Liga,Real Madrid,Leganes,H,0.8338693125706246,0.1142800262529253,0.051850661176450354,0.8024051837750769,0.1295943769219505,0.06800043930297262,2025-03-27
2025-03-29,La Liga,Alaves,Vallecano,A,0.4015822402782993,0.29695838827216153,0.301459371449539,0.45673461161573686,0.31382087830371597,0.22944451008054703,2025-03-27
2025-03-29,La Liga,Sociedad,Valladolid,H,0.7114796436104158,0.19390632691961487,0.09461402946996934,0.7034229133917643,0.19891877468865463,0.09765831191958095,2025-03-27
2025-03-29,La Liga,Espanol,Ath Madrid,D,0.19335354106445313,0.2359469366265816,0.5706995223089654,0.16548826777995965,0.2606885078469257,0.5738232243731146,2025-03-27
2025-03-30,La Liga,Getafe,Villarreal,A,0.34341647552804455,0.2693594226334415,0.3872241018385139,0.29080525500562393,0.3082903810977342,0.400904363896642,2025-03-27
2025-03-30,La Liga,Barcelona,Girona,H,0.7287342751521853,0.1498840651281306,0.12138165971968402,0.7448783209775318,0.15179984740300412,0.10332183161946408,2025-03-27
2025-03-30,La Liga,Ath Bilbao,Osasuna,D,0.6256139682532046,0.2244540817618416,0.14993194998495396,0.6438212280913271,0.22406771279280532,0.13211105911586743,2025-03-27
2025-03-30,La Liga,Valencia,Mallorca,H,0.43340445136036987,0.2920498061961015,0.27454574244352875,0.4837973165082132,0.30106272637198406,0.21513995711980274,2025-03-27
2025-03-30,La Liga,Betis,Sevilla,H,0.5063213714013093,0.2503029317437414,0.2433756968549492,0.5449687460282615,0.27096211394701264,0.18406914002472588,2025-03-27
2025-03-31,La Liga,Celta,Las Palmas,D,0.5770997643127788,0.23154654988163356,0.1913536858055878,0.6024972059829705,0.23716882680503243,0.1603339672119971,2025-03-27
2025-04-04,La Liga,Vallecano,Espanol,A,0.5030672120342793,0.2714477022937218,0.22548508567199912,0.5783312501905314,0.26546352467762097,0.1562052251318477,2025-03-27
2025-04-05,La Liga,Girona,Alaves,A,0.5936951236757599,0.2162106899111258,0.19009418641311437,0.4648308000796482,0.2935034356998383,0.24166576422051364,2025-03-27
2025-04-05,La Liga,Real Madrid,Valencia,A,0.7607526345612625,0.15342830075057434,0.08581906468816312,0.7567645782086528,0.1513529156417306,0.09188250614961656,2025-03-27
2025-04-05,La Liga,Mallorca,Celta,A,0.3966748791587142,0.28349411060391094,0.31983101023737487,0.3322838252821443,0.3071266902450103,0.36058948447284545,2025-03-27
2025-04-05,La Liga,Barcelona,Betis,D,0.7079907167267329,0.1678388679582957,0.1241704153149715,0.7018298819574927,0.17047995359605764,0.12769016444644954,2025-03-27
2025-04-06,La Liga,Villarreal,Ath Bilbao,D,0.4111485159286403,0.24878178703393644,0.3400696970374231,0.4160942760942761,0.2915151515151515,0.29239057239057237,2025-03-27
2025-04-06,La Liga,Valladolid,Getafe,A,0.23269857791928214,0.29326801407994113,0.47403340800077665,0.20845055470035567,0.31538298211157706,0.4761664631880673,2025-03-27
2025-04-06,La Liga,Las Palmas,Sociedad,A,0.28510462392882047,0.29306507918192093,0.4218302968892586,0.2929940146843764,0.29656711242442974,0.41043887289119385,2025-03-27
2025-04-06,La Liga,Sevilla,Ath Madrid,A,0.2721813638009561,0.26068213598630097,0.4671365002127429,0.2654593218224645,0.3007991076997586,0.43374157047777684,2025-03-27
2025-04-07,La Liga,Leganes,Osasuna,D,0.35738023315577266,0.2788457657771784,0.363774001067049,0.35247687082796586,0.32645508841784754,0.32106804075418666,2025-03-27
2025-04-11,La Liga,Valencia,Sevilla,H,0.4054189354119859,0.2733566611078227,0.3212244034801912,0.4008970743144517,0.3183594413673587,0.2807434843181895,2025-03-27
2025-04-12,La Liga,Sociedad,Mallorca,A,0.4974596952323901,0.294280471319191,0.2082598334484188,0.47143557281367066,0.3153208421442257,0.2132435850421038,2025-03-27
2025-04-12,La Liga,Getafe,Las Palmas,A,0.5085354176394324,0.2831785613315455,0.20828602102902202,0.5664456244108002,0.26683802141665797,0.1667163541725419,2025-03-27
2025-04-12,La Liga,Celta,Espanol,A,0.561679401947491,0.2333897201247242,0.20493087792778486,0.5848351178166481,0.25281934780615517,0.16234553437719662,2025-03-27
2025-04-12,La Liga,Leganes,Barcelona,A,0.11901575800737421,0.17250501104157961,0.708479230951046,0.09082957147817831,0.14649037595108635,0.7626800525707353,2025-03-27
2025-04-13,La Liga,Osasuna,Girona,H,0.35663638856057234,0.2464501624045571,0.3969134490348705,0.37461874058916644,0.31118489633604884,0.3141963630747848,2025-03-27
2025-04-13,La Liga,Alaves,Real Madrid,A,0.17308651886432075,0.22124831934642683,0.6056651617892524,0.18579360692671787,0.2514245953475844,0.5627817977256977,2025-03-27
2025-04-13,La Liga,Betis,Villarreal,A,0.44022895214243063,0.23500949853122552,0.324761549326344,0.4419779323997788,0.2786107310256485,0.2794113365745728,2025-03-27
2025-04-13,La Liga,Ath Bilbao,Vallecano,H,0.5840065410900362,0.25300435966261986,0.162989099247344,0.5256563508683303,0.29558183863416754,0.17876181049750206,2025-03-27
2025-04-14,La Liga,Ath Madrid,Valladolid,H,0.8529222750036376,0.10532036570389229,0.04175735929246998,0.8624151114680259,0.10076639723468514,0.036818491297288806,2025-03-27
2025-04-18,La Liga,Espanol,Getafe,H,0.3586197610042402,0.30394585167434585,0.33743438732141395,0.33821484845676153,0.36481601631291133,0.2969691352303272,2025-03-27
2025-04-19,La Liga,Las Palmas,Ath Madrid,H,0.1805856285627513,0.23396551623537296,0.5854488552018756,0.16613068377695564,0.24940956124869432,0.58445975497435,2025-03-27
2025-04-19,La Liga,Mallorca,Leganes,D,0.5141517437031559,0.2760061281131819,0.20984212818366205,0.5270517272893438,0.3068908791811369,0.1660573935295193,2025-03-27
2025-04-19,La Liga,Vallecano,Valencia,D,0.443435178617113,0.28778216518957067,0.2687826561933163,0.39598861273807395,0.3132257194005344,0.2907856678613916,2025-03-27
2025-04-19,La Liga,Barcelona,Celta,H,0.7634127345291231,0.14196278574148655,0.09462447972939049,0.769920366220018,0.13709408230413428,0.09298555147584758,2025-03-27
2025-04-20,La Liga,Valladolid,Osasuna,A,0.254097094065967,0.2649731029021421,0.48092980303189126,0.18976342994862685,0.2592757024164393,0.5509608676349337,2025-03-27
2025-04-20,La Liga,Villarreal,Sociedad,D,0.49954092936759964,0.2469997624806719,0.25345930815172835,0.5853155679124934,0.23640482791599485,0.1782796041715117,2025-03-27
2025-04-20,La Liga,Sevilla,Alaves,D,0.5045902407585938,0.26048683409457174,0.23492292514683438,0.44849573354876515,0.32879585871649336,0.2227084077347415,2025-03-27
2025-04-20,La Liga,Real Madrid,Ath Bilbao,H,0.5807538562950628,0.23080624730930502,0.18843989639563258,0.6719859016022375,0.20720764417713536,0.12080645422062698,2025-03-27
2025-04-21,La Liga,Girona,Betis,A,0.4841999306302275,0.23327728975861406,0.28252277961115857,0.3729975976919452,0.28300108429534215,0.34400131801271266,2025-03-27
2025-04-22,La Liga,Valencia,Espanol,D,0.5062275986355764,0.25766447874837006,0.23610792261605362,0.47196051429584285,0.3019374718787069,0.2261020138254503,2025-03-27
2025-04-22,La Liga,Barcelona,Mallorca,H,0.7620529700354929,0.15386149598494467,0.0840855339795626,0.7470933578911017,0.16461379072176818,0.08829285138713021,2025-03-27
2025-04-23,La Liga,Getafe,Real Madrid,A,0.19763965590299862,0.25768153618888484,0.5446788079081166,0.1574319081630623,0.25123848556592326,0.5913296062710145,2025-03-27
2025-04-23,La Liga,Ath Bilbao,Las Palmas,H,0.6886059748981737,0.19881385063350598,0.11258017446832051,0.6981996840883284,0.1919353713230863,0.10986494458858531,2025-03-27
2025-04-23,La Liga,Celta,Villarreal,H,0.3844990738371529,0.23424768108706465,0.3812532450757825,0.4037927948928107,0.2718269932099648,0.3243802118972246,2025-03-27
2025-04-23,La Liga,Alaves,Sociedad,H,0.3336442777783686,0.30150655919799585,0.3648491630236355,0.4075908762930922,0.3225636405100962,0.26984548319681173,2025-03-27
2025-04-24,La Liga,Betis,Valladolid,H,0.7524871136410267,0.16144400935147435,0.08606887700749902,0.8262550696618824,0.1176056486015088,0.05613928173660873,2025-03-27
2025-04-24,La Liga,Ath Madrid,Vallecano,H,0.647622511503041,0.2199293301163165,0.13244815838064236,0.6389584429920363,0.21977841661001707,0.14126314039794652,2025-03-27
2025-04-24,La Liga,Leganes,Girona,D,0.2678689052290333,0.24035935129664426,0.49177174347432256,0.29930924812403714,0.3068627938180191,0.3938279580579436,2025-03-27
2025-04-24,La Liga,Osasuna,Sevilla,H,0.4013272959771979,0.270936035028184,0.3277366689946183,0.412310349448357,0.32327323079671844,0.2644164197549246,2025-03-27
2025-04-27,La Liga,Villarreal,Espanol,H,0.6184327071317371,0.2009768427446401,0.1805904501236226,0.6960221547582673,0.18247771847595023,0.12150012676578233,2025-04-27
2025-05-02,La Liga,Vallecano,Getafe,H,0.38490939017926995,0.3144522863015561,0.3006383235191741,0.3984512069695686,0.32845302196140114,0.27309577106903016,2025-04-27
2025-05-03,La Liga,Valladolid,Barcelona,A,0.05810676552709468,0.10604451387182012,0.8358487206010852,0.11886317134037447,0.16086149188064008,0.7202753367789855,2025-04-27
2025-05-03,La Liga,Alaves,Ath Madrid,D,0.2250527317384034,0.25817969973767496,0.5167675685239218,0.23885387262673521,0.30474459610997257,0.4564015312632922,2025-04-27
2025-05-03,La Liga,Villarreal,Osasuna,H,0.6015955212866049,0.20706580038144912,0.19133867833194607,0.6764460707364865,0.19660932543763732,0.12694460382587608,2025-04-27
2025-05-03,La Liga,Las Palmas,Valencia,A,0.3685427843198947,0.2787707320828488,0.35268648359725685,0.3647439027225594,0.3062472390783753,0.3290088581990654,2025-04-27
2025-05-04,La Liga,Sevilla,Leganes,D,0.5454396278010097,0.2532795573528022,0.201280814846188,0.5818628996005932,0.25688628014281506,0.16125082025659176,2025-04-27
2025-05-04,La Liga,Espanol,Betis,A,0.3282373559458479,0.26375675788122693,0.40800588617292516,0.28312085361089084,0.31225225977021087,0.40462688661889823,2025-04-27
2025-05-04,La Liga,Real Madrid,Celta,H,0.7225800989273446,0.1651025139610606,0.11231738711159463,0.7145834122684045,0.16777175766301672,0.1176448300685788,2025-04-27
2025-05-04,La Liga,Sociedad,Ath Bilbao,D,0.33362027647649406,0.3046258994883274,0.3617538240351784,0.3760281119567886,0.3358320034372698,0.28813988460594153,2025-04-27
2025-05-05,La Liga,Girona,Mallorca,H,0.5297734106282109,0.24762808926546995,0.2225985001063191,0.47486860233709244,0.29499413175486044,0.23013726590804712,2025-04-27
2025-05-09,La Liga,Las Palmas,Vallecano,A,0.38479258116348064,0.28673421017234013,0.3284732086641793,0.3636223006002104,0.3026421632324732,0.3337355361673164,2025-04-27
2025-05-10,La Liga,Valencia,Getafe,H,0.4113428224548619,0.30238732966814275,0.2862698478769954,0.4811163565676201,0.3085254096084421,0.21035823382393778,2025-04-27
2025-05-10,La Liga,Celta,Sevilla,H,0.4665457622643827,0.2541157021674027,0.27933853556821464,0.510945789377401,0.2689188365144216,0.2201353741081773,2025-04-27
2025-05-10,La Liga,Girona,Villarreal,A,0.43813681719747355,0.21798375079245752,0.34387943201006926,0.310103052924294,0.2719898285425372,0.4179071185331688,2025-04-27
2025-05-10,La Liga,Mallorca,Valladolid,H,0.6348911687186967,0.2253247312938493,0.1397840999874541,0.7127945449837443,0.18429668843686167,0.1029087665793941,2025-04-27
2025-05-10,La Liga,Ath Madrid,Sociedad,H,0.5769410533085733,0.24460257583222555,0.1784563708592009,0.5308691206850542,0.2759916167197868,0.1931392625951589,2025-04-27
2025-05-11,La Liga,Leganes,Espanol,H,0.3754952437257636,0.28149144528401604,0.34301331099022037,0.41589760862243186,0.30037049511620073,0.28373189626136747,2025-04-27
2025-05-11,La Liga,Barcelona,Real Madrid,H,0.48687942521119093,0.22516687627260845,0.2879536985162006,0.5206755969714618,0.21898660454280724,0.2603377984857309,2025-04-27
2025-05-11,La Liga,Ath Bilbao,Alaves,H,0.6047999256460245,0.24256786326747187,0.15263221108650382,0.46686255305256286,0.3379040156709109,0.19523343127652626,2025-04-27
2025-05-11,La Liga,Betis,Osasuna,D,0.5593517468519297,0.23680581497892106,0.20384243816914938,0.585582562325163,0.24095043088192497,0.17346700679291185,2025-04-27
2025-05-13,La Liga,Sevilla,Las Palmas,H,0.5379749257488474,0.24892498790318943,0.21310008634796326,0.5643138659978503,0.2508061626657112,0.18487997133643855,2025-04-27
2025-05-13,La Liga,Sociedad,Celta,A,0.47097252787382493,0.26700543270575056,0.2620220394204246,0.42461456118701774,0.28599039562302075,0.2893950431899615,2025-04-27
2025-05-13,La Liga,Valladolid,Girona,A,0.1800999191871804,0.1985476131203822,0.6213524676924376,0.19224444861520015,0.24331690864831096,0.5644386427364888,2025-04-27
2025-05-14,La Liga,Alaves,Valencia,H,0.4076269124382311,0.28663913801425295,0.30573394954751565,0.4132754364786219,0.342469505053963,0.244255058467415,2025-04-27
2025-05-14,La Liga,Villarreal,Leganes,H,0.6728864528365739,0.18712981958026154,0.13998372758316469,0.739622127974091,0.16339038577505216,0.09698748625085678,2025-04-27
2025-05-14,La Liga,Real Madrid,Mallorca,H,0.7202482994816669,0.182588708861047,0.09716299165728627,0.6716586423777493,0.19325389509057977,0.13508746253167106,2025-04-27
2025-05-15,La Liga,Vallecano,Betis,D,0.32599579276803764,0.2778890580616939,0.3961151491702685,0.2956616938552848,0.2886430186302335,0.4156952875144817,2025-04-27
2025-05-15,La Liga,Osasuna,Ath Madrid,H,0.23463623683863125,0.25052779478877085,0.5148359683725978,0.26801603105386534,0.28364378796662715,0.4483401809795075,2025-04-27
2025-05-15,La Liga,Espanol,Barcelona,A,0.16559919831412553,0.19703868243666778,0.6373621192492067,0.12324470021454742,0.16537964045883713,0.7113756593266155,2025-04-27
2025-05-15,La Liga,Getafe,Ath Bilbao,A,0.2787022814079541,0.3113281987947991,0.4099695197972468,0.2912487241080268,0.3844943630517034,0.3242569128402698,2025-04-27
2025-05-18,La Liga,Valladolid,Alaves,A,0.25416750229262547,0.2623342357748876,0.4834982619324868,0.17714542291070326,0.2625806813717237,0.5602738957175731,2025-04-27
2025-05-18,La Liga,Sociedad,Girona,H,0.4536985917628606,0.2559411377654758,0.2903602704716638,0.5646788787368048,0.2503215648008516,0.18499955646234362,2025-04-27
2025-05-18,La Liga,Sevilla,Real Madrid,A,0.21145570293985883,0.23220661556761288,0.5563376814925283,0.3068656738247328,0.26079468794219923,0.432339638233068,2025-04-27
2025-05-18,La Liga,Osasuna,Espanol,H,0.45652234684997384,0.26535402553738363,0.2781236276126423,0.4763109215145909,0.2849484691758843,0.23874060930952468,2025-04-27
2025-05-18,La Liga,Valencia,Ath Bilbao,A,0.28030312678574415,0.2854696194319354,0.43422725378232047,0.3830307316248251,0.3221516749427337,0.2948175934324411,2025-04-27
2025-05-18,La Liga,Las Palmas,Leganes,A,0.4509315077544398,0.27548229708963123,0.27358619515592897,0.28618239553188374,0.2787167678223564,0.43510083664575994,2025-04-27
2025-05-18,La Liga,Celta,Vallecano,A,0.503098924827172,0.25733464168389086,0.23956643348893727,0.50328853302831,0.2759508149842722,0.22076065198741773,2025-04-27
2025-05-18,La Liga,Barcelona,Villarreal,A,0.7058974730622939,0.1567544589228574,0.13734806801484878,0.5641507317087204,0.21202148378503557,0.22382778450624408,2025-04-27
2025-05-18,La Liga,Mallorca,Getafe,A,0.3821053005992984,0.32844504363212523,0.2894496557685765,0.3806764750492947,0.345578644016381,0.27374488093432425,2025-04-27
2025-05-18,La Liga,Ath Madrid,Betis,H,0.5791728426150751,0.2271758963986747,0.19365126098625013,0.6229154136366122,0.22035103067417572,0.1567335556892121,2025-04-27
2025-05-23,La Liga,Betis,Valencia,D,0.5425337513286914,0.24458651242639784,0.21287973624491086,0.5006170654155515,0.24712394577765134,0.2522589888067973,2025-04-27
2025-05-24,La Liga,Real Madrid,Sociedad,H,0.6534661321485982,0.20885597257779395,0.13767789527360796,0.6983942495779629,0.17241217610332535,0.12919357431871162,2025-04-27
2025-05-24,La Liga,Espanol,Las Palmas,H,0.4894840782021693,0.25940397970902207,0.25111194208880866,0.7028739039535682,0.1830124504633819,0.11411364558304989,2025-04-27
2025-05-24,La Liga,Leganes,Valladolid,H,0.5830304765766371,0.23439974066917643,0.18256978275418678,0.7225555649454914,0.169863939829291,0.10758049522521762,2025-04-27
2025-05-24,La Liga,Alaves,Osasuna,D,0.422037568692294,0.2809801735621433,0.2969822577455627,0.2914556580454573,0.2995267378067161,0.4090176041478266,2025-04-27
2025-05-24,La Liga,Getafe,Celta,A,0.40150237195398536,0.28602896555279866,0.3124686624932162,0.19614711033274956,0.2521891418563923,0.5516637478108581,2025-04-27
2025-05-24,La Liga,Vallecano,Mallorca,D,0.40496168639232794,0.3106428164352421,0.2843954971724299,0.644114636642784,0.2226202661207779,0.13326509723643806,2025-04-27
2025-05-25,La Liga,Girona,Ath Madrid,A,0.3084889087700992,0.23845539471186894,0.45305569651803174,0.2918816063002519,0.27225931343973075,0.4358590802600174,2025-04-27
2025-05-25,La Liga,Villarreal,Sevilla,H,0.5622987630971021,0.2180598259214928,0.21964141098140508,0.5445808862786973,0.23758675920982378,0.21783235451147887,2025-04-27
2025-05-25,La Liga,Ath Bilbao,Barcelona,A,0.32840222421612236,0.2557276917759178,0.4158700840079597,0.2910322082660866,0.2460879938249947,0.46287979790891864,2025-04-27
2025-08-15,La Liga,Girona,Vallecano,A,0.5169504751604402,0.24039613947248958,0.24265338536707023,0.4248941845066086,0.293074603168715,0.28203121232467643,2025-08-15
2025-08-16,La Liga,Mallorca,Barcelona,A,0.17461025142788436,0.21816889978223847,0.6072208487898769,0.12024358575433872,0.18251662922409986,0.6972397850215613,2025-08-15
2025-08-16,La Liga,Alaves,Levante,H,0.4640071972636906,0.24934804660522888,0.28664475613108054,0.443517170736967,0.30933203946304383,0.24715078979998922,2025-08-15
2025-08-16,La Liga,Valencia,Sociedad,D,0.3819566033783736,0.2882579430639332,0.3297854535576933,0.38477765589401736,0.3202261412539026,0.29499620285207995,2025-08-15
2025-08-17,La Liga,Celta,Getafe,A,0.490547328319189,0.2624629615121118,0.24698971016869917,0.6022904247584228,0.25996986162494923,0.13773971361662796,2025-08-15
2025-08-17,La Liga,Ath Bilbao,Sevilla,H,0.5758210913634649,0.24324347662755658,0.1809354320089783,0.5813268297116543,0.263093714259746,0.15557945602859974,2025-08-15
2025-08-17,La Liga,Espanol,Ath Madrid,H,0.2066723135568683,0.2359043328734979,0.5574233535696336,0.16708497854965665,0.2491241325419045,0.583790888908439,2025-08-15
2025-08-18,La Liga,Elche,Betis,D,0.2551639035582208,0.25132704396872363,0.4935090524730557,0.2916358476610261,0.3025042643440457,0.40585988799492806,2025-08-15
2025-08-19,La Liga,Real Madrid,Osasuna,H,0.7404173062535712,0.15770730760413398,0.10187538614229513,0.7924994848547291,0.13208324747578815,0.0754172676694828,2025-08-15
2025-08-22,La Liga,Betis,Alaves,H,0.5376053050883305,0.24938206058425455,0.21301263432741502,0.4932096142507518,0.28746240830591163,0.21932797744333665,2025-08-15
2025-08-23,La Liga,Mallorca,Celta,D,0.3714287868818093,0.27758453212355017,0.35098668099464064,0.2988498733945514,0.3083071478690625,0.39284297873638613,2025-08-15
2025-08-23,La Liga,Ath Madrid,Elche,D,0.7854769295297689,0.1428376899776475,0.07168538049258372,0.7635471106429136,0.16242961985201013,0.07402326950507637,2025-08-15
2025-08-23,La Liga,Levante,Barcelona,A,0.15945804244114525,0.16665341812617107,0.6738885394326836,0.08740440728913351,0.13021955673252503,0.7823760359783415,2025-08-15
2025-08-24,La Liga,Sociedad,Espanol,D,0.5180467649504826,0.2629747541251145,0.2189784809244032,0.5448058154015466,0.27012656028266097,0.1850676243157925,2025-08-15
2025-08-24,La Liga,Villarreal,Girona,H,0.577410144004775,0.1951190810167221,0.22747077497850274,0.6297005762376549,0.21312942580351396,0.15716999795883121,2025-08-15
2025-08-24,La Liga,Osasuna,Valencia,H,0.43716853770701153,0.2669584829409158,0.2958729793520728,0.392147551279891,0.3058257632623049,0.3020266854578042,2025-08-15
2025-08-25,La Liga,Sevilla,Getafe,A,0.45465761503884533,0.2821614339656559,0.26318095099549854,0.45873219056099734,0.30971727515583264,0.2315505342831701,2025-08-15
2025-08-25,La Liga,Ath Bilbao,Vallecano,H,0.5838617347537916,0.25247871325865084,0.1636595519875575,0.5678861166386039,0.26174804836981475,0.17036583499158117,2025-08-15
2025-08-27,La Liga,Celta,Betis,D,0.4210363089813309,0.24305612334037252,0.3359075676782964,0.40522133938706023,0.2860385925085131,0.3087400681044268,2025-08-15
2025-08-29,La Liga,Elche,Levante,H,0.360945692059129,0.24649553106292899,0.39255877687794205,0.4341446270099288,0.30014937175995077,0.26570600123012034,2025-08-15
2025-08-29,La Liga,Valencia,Getafe,H,0.4398727216723604,0.29076136494775234,0.26936591337988697,0.40907427735089646,0.32345407976582513,0.26747164288327846,2025-08-15
2025-08-30,La Liga,Alaves,Ath Madrid,D,0.21690313845339448,0.2562894657934157,0.5268073957531897,0.16962816895270677,0.26952031289152295,0.5608515181557703,2025-08-15
2025-08-30,La Liga,Girona,Sevilla,A,0.4986568966762631,0.23168610006722762,0.26965700325650926,0.3834738358137302,0.3053365338454153,0.3111896303408545,2025-08-15
2025-08-30,La Liga,Real Madrid,Mallorca,H,0.7323562429268765,0.17219058609125112,0.09545317098187228,0.8086414730999236,0.12813360226217166,0.06322492463790468,2025-08-15
2025-08-31,La Liga,Celta,Villarreal,D,0.38433398270949626,0.22525938411661472,0.3904066331738889,0.3296353777471211,0.2860071659864727,0.38435745626640605,2025-08-15
2025-08-31,La Liga,Betis,Ath Bilbao,A,0.3576933297220638,0.27530190827424006,0.367004762003696,0.3078848560700876,0.29662077596996245,0.39549436795994997,2025-08-15
2025-08-31,La Liga,Espanol,Osasuna,H,0.40685208852250954,0.2675043248615338,0.3256435866159566,0.40722102886826006,0.3022541177003545,0.2905248534313855,2025-08-15
2025-08-31,La Liga,Vallecano,Barcelona,D,0.18264347171349024,0.2118895690621686,0.605466959224341,0.14246213975316577,0.17933781466134088,0.6782000455854934,2025-08-15
2025-09-12,La Liga,Sevilla,Elche,D,0.5840329288690062,0.2328375200843149,0.18312955104667905,0.5030554153661195,0.28724761883331673,0.20969696580056382,2025-08-15
2025-09-13,La Liga,Ath Madrid,Villarreal,H,0.5969182787608691,0.20215661188945946,0.2009251093496714,0.5421283513225995,0.25140148934389983,0.20647015933350069,2025-08-15
2025-09-13,La Liga,Ath Bilbao,Alaves,A,0.5868576634126523,0.253119283788821,0.1600230527985269,0.6008514320078535,0.2525772338205337,0.14657133417161278,2025-08-15
2025-09-13,La Liga,Sociedad,Real Madrid,A,0.2449194608178768,0.24874530242461057,0.5063352367575128,0.1727078891257996,0.2302771855010661,0.5970149253731344,2025-08-15
2025-09-14,La Liga,Celta,Girona,D,0.4917463033769967,0.22456521244333136,0.28368848417967196,0.5468871418475695,0.2595148099383909,0.19359804821403961,2025-09-14
2025-09-14,La Liga,Levante,Betis,D,0.3328153188030849,0.2310550031979812,0.4361296779989337,0.27645421454571406,0.26881735779030763,0.45472842766397825,2025-09-14
2025-09-14,La Liga,Osasuna,Vallecano,H,0.4317088958531338,0.28211199282489496,0.2861791113219715,0.3659093379715186,0.31601261006631154,0.3180780519621698,2025-09-14
2025-09-14,La Liga,Barcelona,Valencia,H,0.7494809819744577,0.15051399853965114,0.10000501948589124,0.7455881172805732,0.16030144521532325,0.09411043750410367,2025-09-14
2025-09-15,La Liga,Espanol,Mallorca,H,0.43947467000687673,0.28783459442735365,0.27269073556576984,0.42652329749103945,0.3010752688172043,0.2724014336917563,2025-09-14
2025-09-19,La Liga,Betis,Sociedad,H,0.46992667466882393,0.2637330709978401,0.26634025433333586,0.5046327248771293,0.254292730812757,0.24107454431011371,2025-09-14
2025-09-20,La Liga,Girona,Levante,A,0.5662332955515432,0.19795608025325095,0.23581062419520596,0.5427677910668672,0.24784549643104398,0.20938671250208887,2025-09-14
2025-09-20,La Liga,Real Madrid,Espanol,H,0.7585066506149276,0.14939220803131625,0.09210114135375615,0.7947131216777865,0.1375683658412191,0.06771851248099447,2025-09-14
2025-09-20,La Liga,Alaves,Sevilla,A,0.4089518025077994,0.2807736612426603,0.3102745362495401,0.38483664241582843,0.319225149282638,0.29593820830153367,2025-09-14
2025-09-20,La Liga,Villarreal,Osasuna,H,0.604102810955764,0.20726733722458812,0.18862985181964798,0.5763271200492072,0.24890220094670126,0.1747706790040917,2025-09-14
2025-09-20,La Liga,Valencia,Ath Bilbao,H,0.29440508016315214,0.2860929016389483,0.4195020181978996,0.2699690815668305,0.30562537535867607,0.42440554307449346,2025-09-14
2025-09-21,La Liga,Barcelona,Getafe,H,0.7405071411722466,0.16189837266454019,0.09759448616321306,0.7617173129276728,0.15963382630662448,0.0786488607657028,2025-09-14
2025-09-21,La Liga,Elche,Oviedo,H,0.6103469038272324,0.28825136954907576,0.10140172662369186,0.4839030888352344,0.296538173341104,0.21955873782366167,2025-09-14
2025-09-21,La Liga,Mallorca,Ath Madrid,D,0.21118880076541263,0.26732601227067576,0.5214851869639117,0.19043853426521382,0.2639229686827691,0.5456384970520171,2025-09-14
2025-09-21,La Liga,Vallecano,Celta,D,0.41221640365386897,0.26779488699075565,0.3199887093553753,0.4364506113014889,0.28626025388303533,0.27728913481547585,2025-09-14
2025-09-23,La Liga,Ath Bilbao,Girona,D,0.6069493315401581,0.21586728327534552,0.17718338518449653,0.6629743464333816,0.215577404408182,0.1214482491584363,2025-09-14
2025-09-23,La Liga,Espanol,Valencia,D,0.41039442500015255,0.27043254974187003,0.3191730252579773,0.41948090692124107,0.29761336515513126,0.28290572792362767,2025-09-14
2025-09-23,La Liga,Levante,Real Madrid,A,0.15640564576305757,0.17226271494698817,0.6713316392899544,0.11204906255475731,0.1608957420711407,0.7270551953741019,2025-09-14
2025-09-23,La Liga,Sevilla,Villarreal,A,0.3421623644882681,0.2344909676980349,0.423346667813697,0.302234573928719,0.28539452435497803,0.4123709017163031,2025-09-14
2025-09-24,La Liga,Getafe,Alaves,D,0.4152384755159243,0.30963042893925835,0.27513109554481735,0.4054595247209871,0.3462999499396331,0.24824052533937985,2025-09-14
2025-09-24,La Liga,Ath Madrid,Vallecano,H,0.654784095352435,0.21085312279718574,0.1343627818503792,0.650063147358943,0.22164624475167619,0.1282906078893808,2025-09-14
2025-09-24,La Liga,Sociedad,Mallorca,H,0.4861037637025167,0.29129552187587415,0.22260071442160922,0.5436538596614455,0.2688066306103814,0.18753950972817304,2025-09-14
2025-09-25,La Liga,Osasuna,Elche,D,0.5009309646673127,0.2642860369917622,0.23478299834092511,0.4904630197393312,0.30158906182729056,0.20794791843337812,2025-09-14
2025-09-25,La Liga,Oviedo,Barcelona,A,0.0423779718545603,0.14005203984463374,0.817569988300806,0.07623848927303814,0.13513058070586254,0.7886309300210994,2025-09-14
2025-09-26,La Liga,Girona,Espanol,D,0.5022782969291587,0.23131775130675164,0.26640395176408993,0.3755424823994599,0.29474394830745493,0.32971356929308515,2025-09-14
2025-09-27,La Liga,Villarreal,Ath Bilbao,H,0.42159442512380313,0.25251392286866187,0.3258916520075353,0.46200968283766425,0.2904851299278728,0.24750518723446302,2025-09-14
2025-09-27,La Liga,Mallorca,Alaves,H,0.3864578476597833,0.3167388247623547,0.296803327577862,0.37860522952575043,0.33436956696947717,0.28702520350477245,2025-09-14
2025-09-27,La Liga,Getafe,Levante,D,0.4980018420934088,0.24667680172867823,0.25532135617791313,0.4528413617105272,0.3061663294583753,0.2409923088310974,2025-09-14
2025-09-27,La Liga,Ath Madrid,Real Madrid,H,0.4095326475089185,0.24705718016617154,0.3434101723249099,0.3152137415402524,0.27206996127356975,0.4127162971861779,2025-09-14
2025-09-28,La Liga,Vallecano,Sevilla,A,0.4249711750353614,0.2732587722197091,0.3017700527449295,0.4782455431854973,0.28554072137251746,0.23621373544198523,2025-09-14
2025-09-28,La Liga,Elche,Celta,H,0.35011228591133026,0.2646018091580486,0.3852859049306211,0.33140399814039984,0.30639237563923755,0.3622036262203627,2025-09-14
2025-09-28,La Liga,Barcelona,Sociedad,H,0.7059358126493468,0.17332077167106905,0.12074341567958416,0.746268656716418,0.16044776119402987,0.09328358208955224,2025-09-14
2025-09-28,La Liga,Betis,Osasuna,H,0.5219660738016083,0.24574879777685898,0.23228512842153248,0.5093159167814314,0.2740263101556434,0.21665777306292516,2025-09-14
2025-09-30,La Liga,Valencia,Oviedo,A,0.6779000154311113,0.24574466579567567,0.07635531877321318,0.5470104448676671,0.2766309964045059,0.17635855872782707,2025-09-14
2025-10-03,La Liga,Osasuna,Getafe,H,0.42948465448307316,0.29168924015098063,0.27882610536594604,0.44204861233247733,0.32966337190896616,0.2282880157585564,2025-09-14
2025-10-04,La Liga,Oviedo,Levante,A,0.1625540596454409,0.28452328290029616,0.5529226574542631,0.3938279580579436,0.29930924812403714,0.3068627938180191,2025-09-14
2025-10-04,La Liga,Girona,Valencia,H,0.4640235963742696,0.2414335078522326,0.29454289577349785,0.4160899071448346,0.29064190528922773,0.2932681875659377,2025-09-14
2025-10-04,La Liga,Ath Bilbao,Mallorca,H,0.5880960896959551,0.25943000522345394,0.15247390508059117,0.5897900500256036,0.2600149682908575,0.15019498168353881,2025-09-14
2025-10-04,La Liga,Real Madrid,Villarreal,H,0.64596564747674,0.1810167651588974,0.1730175873643625,0.6893227577791337,0.17937766931055524,0.1312995729103112,2025-09-14
2025-10-05,La Liga,Sociedad,Vallecano,A,0.46520539544465017,0.2844318484434249,0.2503627561119248,0.45014256282292364,0.2834717013695379,0.2663857358075384,2025-09-14
2025-10-05,La Liga,Celta,Ath Madrid,D,0.2658500020752294,0.24276837092640705,0.4913816269983635,0.2039629094242499,0.24946232768042872,0.5465747628953214,2025-09-14
2025-10-05,La Liga,Espanol,Betis,A,0.3545471820917708,0.26010363665713,0.3853491812510991,0.36449071728014004,0.2829041323075505,0.3526051504123094,2025-09-14
2025-10-05,La Liga,Alaves,Elche,H,0.4721778283210888,0.2844018200866149,0.24342035159229627,0.4069122136830548,0.319907957467928,0.27317982884901715,2025-09-14
2025-10-05,La Liga,Sevilla,Barcelona,H,0.20191333612113052,0.20273029645925406,0.5953563674196155,0.16359599579324582,0.19183578078136562,0.6445682234253886,2025-09-14
2025-10-17,La Liga,Oviedo,Espanol,A,0.23619326488422077,0.3041226870773833,0.4596840480383958,0.3276622558286075,0.3119092627599244,0.3604284814114682,2025-10-17
2025-10-18,La Liga,Sevilla,Mallorca,A,0.49584547498410364,0.27217210224307675,0.23198242277281966,0.5195911835804864,0.27840559120215175,0.2020032252173617,2025-10-17
2025-10-18,La Liga,Barcelona,Girona,H,0.8026651076400557,0.11701359896684789,0.0803212933930964,0.7960235155888687,0.12825412168608938,0.07572236272504175,2025-10-17
2025-10-18,La Liga,Villarreal,Betis,D,0.5257460102753737,0.22119722398013286,0.25305676574449343,0.4654712679213201,0.2665301232754956,0.26799860880318427,2025-10-17
2025-10-18,La Liga,Ath Madrid,Osasuna,H,0.6736661835183454,0.19757312486531733,0.1287606916163373,0.7178968408405801,0.1874585561189136,0.09464460304050618,2025-10-17
2025-10-19,La Liga,Elche,Ath Bilbao,D,0.26000691525032554,0.2823629049801206,0.4576301797695539,0.24271264173771137,0.2883571086913705,0.4689302495709181,2025-10-17
2025-10-19,La Liga,Celta,Sociedad,D,0.43161079905163396,0.27084189963282496,0.297547301315541,0.4463447060013584,0.2780089883094175,0.27564630568922416,2025-10-17
2025-10-19,La Liga,Levante,Vallecano,A,0.49840775230804457,0.2355707016224523,0.26602154606950285,0.3401050815075037,0.28863517303010694,0.37125974546238943,2025-10-17
2025-10-19,La Liga,Getafe,Real Madrid,A,0.19518078795989657,0.24054561389168416,0.5642735981484194,0.13084617994340367,0.2104418867798724,0.6587119332767238,2025-10-17
2025-10-20,La Liga,Alaves,Valencia,D,0.4253832653761504,0.28668465471570104,0.28793207990814856,0.4360898963324078,0.30107754452670876,0.26283255914088355,2025-10-17
2025-10-24,La Liga,Sociedad,Sevilla,H,0.45196850398774197,0.2724051444721567,0.2756263515401014,0.49119527198166685,0.2686648172717404,0.2401399107465927,2025-10-17
2025-10-25,La Liga,Valencia,Villarreal,A,0.3262360515355283,0.2416036636126318,0.4321602848518399,0.25384110446891484,0.2809859624612555,0.4651729330698297,2025-10-17
2025-10-25,La Liga,Ath Bilbao,Getafe,A,0.5608179353135566,0.27244400648882444,0.16673805819761897,0.5860106480631541,0.26858821369561225,0.14540113824123369,2025-10-17
2025-10-25,La Liga,Espanol,Elche,H,0.4798398688336857,0.260442309174034,0.2597178219922803,0.4789228550488215,0.29550559141310256,0.225571553538076,2025-10-17
2025-10-25,La Liga,Girona,Oviedo,D,0.6494601097979589,0.2218060006896638,0.12873388951237716,0.550344124394596,0.25898547030333924,0.19067040530206472,2025-10-17
2025-10-26,La Liga,Mallorca,Levante,D,0.39400973011514573,0.2558740969160006,0.35011617296885356,0.4907914385266302,0.28581383773021407,0.22339472374315583,2025-10-17
2025-10-26,La Liga,Real Madrid,Barcelona,H,0.47647230812650315,0.21522545242423477,0.30830223944926205,0.5194482497992348,0.21730832821578727,0.2632434219849781,2025-10-17
2025-10-26,La Liga,Osasuna,Celta,A,0.42454084525084335,0.26361307660786343,0.31184607814129306,0.4051954449855051,0.29922125168160374,0.2955833033328912,2025-10-17
2025-10-26,La Liga,Vallecano,Alaves,H,0.4205885690327356,0.3010935561508099,0.27831787481645437,0.43640375387122476,0.31596765296520496,0.24762859316357028,2025-10-17
2025-10-27,La Liga,Betis,Ath Madrid,A,0.31983172183657677,0.2536869972086607,0.4264812809547624,0.2829365208611537,0.27263351029758226,0.44442996884126423,2025-10-17
2025-10-31,La Liga,Getafe,Girona,H,0.43028877524940023,0.26974674640708984,0.29996447834350987,0.43954833379234365,0.3180941889286698,0.2423574772789865,2025-10-17
2025-11-01,La Liga,Sociedad,Ath Bilbao,H,0.32512715652450086,0.3053842180404026,0.36948862543509636,0.3604633072483159,0.32659427166793725,0.3129424210837469,2025-10-17
2025-11-01,La Liga,Real Madrid,Valencia,H,0.7447100274428967,0.15637579840811738,0.09891417414898603,0.8246016284914331,0.11940394868007137,0.055994422828495455,2025-10-17
2025-11-01,La Liga,Villarreal,Vallecano,H,0.6074546932931213,0.21431296199536656,0.17823234471151214,0.5537525354969574,0.24847870182555784,0.19776876267748478,2025-10-17
2025-11-01,La Liga,Ath Madrid,Sevilla,H,0.6646218889922406,0.19508548137623924,0.14029262963151998,0.7204753291407898,0.17747002592806221,0.10205464493114783,2025-10-17
2025-11-02,La Liga,Betis,Mallorca,H,0.5587388777851026,0.25218979161274646,0.18907133060215106,0.6182569068641413,0.21771575049843356,0.16402734263742524,2025-10-17
2025-11-02,La Liga,Barcelona,Elche,H,0.8086296635707358,0.12117047447203791,0.07019986195722623,0.8078620861280306,0.12356759415068848,0.06857031972128078,2025-10-17
2025-11-02,La Liga,Levante,Celta,A,0.4784913851716462,0.22048062601803578,0.30102798881031806,0.30896878704069536,0.2821019359936784,0.40892927696562625,2025-10-17
2025-11-02,La Liga,Alaves,Espanol,H,0.43888703022946746,0.28228649017203367,0.2788264795984988,0.38941525504832997,0.3110345487606469,0.2995501961910231,2025-10-17
2025-11-03,La Liga,Oviedo,Osasuna,D,0.22422567262081405,0.3105805953200595,0.4651937320591266,0.30098876645076433,0.30381053613624026,0.3952006974129954,2025-10-17
2025-11-07,La Liga,Elche,Sociedad,D,0.35300652766997404,0.28918919268894744,0.35780427964107864,0.30876108272922914,0.3068130632798334,0.38442585399093754,2025-10-17
2025-11-08,La Liga,Girona,Alaves,H,0.45444470489371613,0.2610283579939313,0.2845269371123527,0.4460534484501104,0.29113668192252723,0.26280986962736236,2025-10-17
2025-11-08,La Liga,Sevilla,Osasuna,H,0.4720329381876371,0.26121860662685314,0.2667484551855097,0.4162303664921467,0.306282722513089,0.2774869109947644,2025-10-17
2025-11-08,La Liga,Ath Madrid,Levante,H,0.7124634854291086,0.1599294895804158,0.12760702499047571,0.7869656572030951,0.13560707652369716,0.07742726627320773,2025-10-17
2025-11-08,La Liga,Espanol,Villarreal,A,0.3147494595985435,0.2381560636985421,0.44709447670291447,0.33914220908127707,0.28212699711978706,0.3787307937989359,2025-10-17
2025-11-09,La Liga,Celta,Barcelona,A,0.21582537369967267,0.20329344341899294,0.5808811828813344,0.2282309477686684,0.22504632989282652,0.5467227223385052,2025-10-17
2025-11-09,La Liga,Mallorca,Getafe,H,0.38706050366776873,0.3232547270006487,0.2896847693315827,0.36878279421092086,0.34402352534163644,0.2871936804474428,2025-10-17
2025-11-09,La Liga,Valencia,Betis,D,0.36180389558541987,0.2636898397620507,0.37450626465252945,0.2764318692513891,0.2772194244344415,0.4463487063141695,2025-10-17
2025-11-09,La Liga,Ath Bilbao,Oviedo,H,0.7162118699648091,0.20860537588869857,0.07518275414649232,0.6004632310364795,0.2641381972592164,0.13539857170430422,2025-10-17
2025-11-09,La Liga,Vallecano,Real Madrid,D,0.20172344667969497,0.23220335451428548,0.5660731988060197,0.15630250250470665,0.20717612216362616,0.6365213753316672,2025-10-17
2025-11-21,La Liga,Valencia,Levante,H,0.48224087682065253,0.23113347086967817,0.28662565230966913,0.46735048483829383,0.2761616501317191,0.25648786502998716,2025-11-21
2025-11-22,La Liga,Alaves,Celta,A,0.4033588147644858,0.2774712240215257,0.31916996121398844,0.35166196086067575,0.32255087138545424,0.3257871677538701,2025-11-21
2025-11-22,La Liga,Barcelona,Ath Bilbao,H,0.6080486953986052,0.21259543290836777,0.17935587169302725,0.6772009029345373,0.18445662689455014,0.1383424701709126,2025-11-21
2025-11-22,La Liga,Osasuna,Sociedad,A,0.3787553323668503,0.29147127197686035,0.32977339565628927,0.35929820195358675,0.3245660424314067,0.3161357556150065,2025-11-21
2025-11-22,La Liga,Villarreal,Mallorca,H,0.6406703899951771,0.2081853313548495,0.1511442786499734,0.6853390174233468,0.19249562043165716,0.12216536214499606,2025-11-21
2025-11-23,La Liga,Getafe,Ath Madrid,A,0.2161346647382579,0.2718428641051854,0.5120224711565566,0.1955028613060508,0.28974226451046453,0.5147548741834848,2025-11-21
2025-11-23,La Liga,Oviedo,Vallecano,D,0.23144010477939062,0.3052397881830413,0.4633201070375684,0.27023709922932615,0.30119305177262357,0.42856984899805023,2025-11-21
2025-11-23,La Liga,Betis,Girona,D,0.5783111205966641,0.21264065742852492,0.20904822197481074,0.6314375520511513,0.21373881739784545,0.15482363055100343,2025-11-21
2025-11-23,La Liga,Elche,Real Madrid,D,0.1584109438247103,0.21270336417182495,0.6288856920034649,0.13658248992826963,0.1736759359339688,0.6897415741377617,2025-11-21
2025-11-24,La Liga,Espanol,Sevilla,H,0.4265986979536365,0.2603792236465576,0.31302207839980595,0.5248351853872169,0.2589186914576937,0.21624612315508937,2025-11-21
2025-11-28,La Liga,Getafe,Elche,H,0.44891300858218164,0.30314247567373886,0.24794451574407952,0.42325425433816755,0.32777265487467516,0.24897309078715738,2025-11-21
2025-11-29,La Liga,Ath Madrid,Oviedo,H,0.8298394185129243,0.12477305186112223,0.0453875296259535,0.770999140292606,0.15469485158358864,0.07430600812380549,2025-11-21
2025-11-29,La Liga,Levante,Ath Bilbao,A,0.29590696473697664,0.24645681676757045,0.4576362184954528,0.24646337956434516,0.27984602751686455,0.4736905929187903,2025-11-21
2025-11-29,La Liga,Barcelona,Alaves,H,0.7462418134464587,0.1584353877653934,0.09532279878814803,0.7688983173404554,0.14474742419812792,0.08635425846141681,2025-11-21
2025-11-29,La Liga,Mallorca,Osasuna,D,0.3920456476561638,0.30139910027188516,0.3065552520719512,0.38957159371411354,0.3214287076849121,0.2889996986009744,2025-11-21
2025-11-30,La Liga,Girona,Real Madrid,D,0.1886622877967893,0.1960227232021361,0.6153149890010748,0.1368479368955223,0.16800420974388988,0.6951478533605879,2025-11-21
2025-11-30,La Liga,Celta,Espanol,A,0.4992676493011366,0.24289850659588672,0.25783384410297655,0.5065397415060754,0.2724247349276372,0.22103552356628742,2025-11-21
2025-11-30,La Liga,Sevilla,Betis,A,0.37202484744028347,0.2570327686799591,0.37094238387975753,0.3503370405219886,0.2915978960033318,0.3580650634746795,2025-11-21
2025-11-30,La Liga,Sociedad,Villarreal,A,0.3559035989330192,0.2551121275689088,0.38898427349807213,0.33570063242893317,0.28549320646448856,0.3788061611065783,2025-11-21
2025-12-01,La Liga,Vallecano,Valencia,D,0.4474377147782875,0.2828069485768539,0.2697553366448586,0.4606802778097862,0.3028147620494233,0.23650496014079048,2025-11-21
2025-12-02,La Liga,Barcelona,Ath Madrid,H,0.5184423846028301,0.22008272297225817,0.261474892424912,0.5710647802165264,0.21494420458038518,0.21399101520308858,2025-11-21
2025-12-03,La Liga,Ath Bilbao,Real Madrid,A,0.3062252911769722,0.26797634615339483,0.42579836266963295,0.2235911936982428,0.2629771763280146,0.5134316299737428,2025-11-21
2025-12-05,La Liga,Oviedo,Mallorca,D,0.25591305399486636,0.3206798745545489,0.4234070714505847,0.370020814034163,0.3190671281671635,0.31091205779867365,2025-11-21
2025-12-06,La Liga,Villarreal,Getafe,H,0.6130637351169275,0.22197600358814015,0.1649602612949323,0.5892387991732932,0.2556485795355029,0.15511262129120398,2025-11-21
2025-12-06,La Liga,Alaves,Sociedad,H,0.3650856910363905,0.30751766283764065,0.32739664612596886,0.35127792783650014,0.32219862917453823,0.3265234429889616,2025-11-21
2025-12-06,La Liga,Betis,Barcelona,A,0.28003332205357456,0.22109329268915678,0.49887338525726865,0.25750443656450817,0.23557583491059628,0.5069197285248958,2025-11-21
2025-12-06,La Liga,Ath Bilbao,Ath Madrid,H,0.3390782727703481,0.2848529604205135,0.3760687668091385,0.3255995697876407,0.3042320980203268,0.3701683321920326,2025-11-21
2025-12-07,La Liga,Real Madrid,Celta,A,0.7422075268617041,0.15327471125390232,0.10451776188439361,0.7578408643541402,0.1539740168846507,0.08818511876120905,2025-11-21
2025-12-07,La Liga,Elche,Girona,H,0.3994928927697522,0.2589565415218499,0.34155056570839815,0.4525315438542608,0.2887070680375848,0.25876138810815447,2025-11-21
2025-12-07,La Liga,Valencia,Sevilla,D,0.4189331455522707,0.2658865088103041,0.3151803456374254,0.4832571911152715,0.2815498417802016,0.23519296710452678,2025-11-21
2025-12-07,La Liga,Espanol,Vallecano,H,0.42036522414051297,0.28163484481462375,0.29799993104486333,0.3955750895626595,0.3031510032162437,0.30127390722109676,2025-11-21
2025-12-08,La Liga,Osasuna,Levante,H,0.4923454990362135,0.23295085726882173,0.2747036436949649,0.5687203791469194,0.24170616113744073,0.18957345971563982,2025-11-21
2025-12-12,La Liga,Sociedad,Girona,A,0.5113327909890014,0.24342503207294383,0.24524217693805453,0.5280148907277874,0.26328807902775236,0.20869703024446026,2025-11-21
2025-12-13,La Liga,Ath Madrid,Valencia,H,0.7010348512574098,0.18549265255003472,0.11347249619255532,0.7253662701411071,0.17414027784976038,0.10049345200913255,2025-11-21
2025-12-13,La Liga,Mallorca,Elche,H,0.435949433990518,0.2997681292734343,0.26428243673604784,0.37118862247588325,0.32202456651881267,0.30678681100530414,2025-11-21
2025-12-13,La Liga,Barcelona,Osasuna,H,0.7603848889175305,0.1463596801474105,0.09325543093505888,0.8043504006948009,0.11843196083849829,0.07721763846670089,2025-11-21
2025-12-13,La Liga,Getafe,Espanol,A,0.42090162608592524,0.2939015248281347,0.2851968490859402,0.3580147717791031,0.34778577829970025,0.29419944992119657,2025-11-21
2025-12-14,La Liga,Sevilla,Oviedo,H,0.650059207909905,0.2219331766874797,0.12800761540261507,0.45232593010743205,0.3087303967399933,0.23894367315257464,2025-11-21
2025-12-14,La Liga,Celta,Ath Bilbao,H,0.33763407898466696,0.27497685607697675,0.38738906493835606,0.32003463822086914,0.3128312862351904,0.36713407554394045,2025-11-21
2025-12-14,La Liga,Alaves,Real Madrid,A,0.19097020799811426,0.2398444494445572,0.5691853425573289,0.1680733591614069,0.23375251164923824,0.598174129189355,2025-11-21
2025-12-15,La Liga,Vallecano,Betis,D,0.3524077441966405,0.27838542964980256,0.3692068261535569,,,,2025-11-21
2025-12-19,La Liga,Valencia,Mallorca,D,0.44300443254185096,0.28993111237219515,0.2670644550859537,0.46031267737889187,0.301633462506044,0.23805386011506416,2025-11-21
2025-12-20,La Liga,Real Madrid,Sevilla,H,0.7461849998993632,0.1545319008353576,0.09928309926527923,0.7939555916674379,0.1360745419146742,0.06996986641788783,2025-11-21
2025-12-20,La Liga,Osasuna,Alaves,H,0.42558106364336484,0.2974002857873326,0.27701865056930264,0.4356794495525449,0.31959380674413657,0.24472674370331868,2025-11-21
2025-12-20,La Liga,Oviedo,Celta,D,0.21786730838840138,0.2639237117339299,0.5182089798776687,0.27047386892612224,0.2986828000411166,0.43084333103276107,2025-11-21
2025-12-20,La Liga,Levante,Sociedad,D,0.38301144830870054,0.24623129525020512,0.37075725644109425,0.30620102368981295,0.28808261992118495,0.40571635638900216,2025-11-21
2025-12-21,La Liga,Betis,Getafe,H,0.5369794566879378,0.2648227461184959,0.19819779719356667,0.5487016507761734,0.28150780344168896,0.1697905457821376,2025-12-21
2025-12-21,La Liga,Elche,Vallecano,H,0.38416975719906793,0.2957092815013427,0.3201209612995894,0.38028580321153976,0.32559587164600057,0.2941183251424597,2025-12-21
2025-12-21,La Liga,Girona,Ath Madrid,A,0.23641070572778317,0.22648614309552664,0.5371031511766902,0.19447057823577857,0.2563710275415967,0.5491583942226248,2025-12-21
2025-12-21,La Liga,Villarreal,Barcelona,A,0.34059416688295696,0.20904257171124033,0.4503632614058029,0.23097069559299666,0.21601946753005713,0.5530098368769463,2025-12-21
2025-12-22,La Liga,Ath Bilbao,Espanol,A,0.5415966285814835,0.26088240413833735,0.19752096728017887,0.5170251423017758,0.28338404301088577,0.19959081468733847,2025-12-21
2026-01-02,La Liga,Vallecano,Getafe,D,0.42137238975952673,0.32225242302007,0.2563751872204034,0.45278973574118214,0.3391978856597706,0.20801237859904737,2025-12-21
2026-01-03,La Liga,Celta,Valencia,H,0.5037690649438308,0.2519462834601895,0.24428465159597976,0.47140190263627413,0.2951635013467248,0.2334345960170011,2025-12-21
2026-01-03,La Liga,Osasuna,Ath Bilbao,D,0.32546468049098004,0.29504778469157267,0.37948753481744735,0.3141486438230682,0.32247046220248726,0.3633808939744445,2025-12-21
2026-01-03,La Liga,Elche,Villarreal,A,0.2609761131336218,0.23441513219717303,0.5046087546692053,0.3003769552699534,0.2764833338280253,0.42313971090202135,2025-12-21
2026-01-03,La Liga,Espanol,Barcelona,A,0.19644475360602165,0.20274639058862232,0.600808855805356,0.16237928382189554,0.2030595675583283,0.6345611486197761,2025-12-21
2026-01-04,La Liga,Mallorca,Girona,A,0.4199348332813337,0.2649028381117161,0.3151623286069505,0.432339638233068,0.3068656738247328,0.26079468794219923,2025-12-21
2026-01-04,La Liga,Sociedad,Ath Madrid,D,0.2734252940274025,0.2675517723665519,0.45902293360604546,0.2285127275859539,0.25490264888196956,0.5165846235320767,2025-12-21
2026-01-04,La Liga,Alaves,Oviedo,D,0.5922619992859716,0.2835743136150544,0.12416368709897406,0.5027264167224262,0.32021847665817904,0.1770551066193946,2025-12-21
2026-01-04,La Liga,Real Madrid,Betis,H,0.6721111376018757,0.1837911230529243,0.14409773934520012,0.6428504149616435,0.21334156628397397,0.14380801875438246,2025-12-21
2026-01-04,La Liga,Sevilla,Levante,A,0.5627616641011494,0.21527099951427844,0.221967336384572,0.5424558029917073,0.26602627050826194,0.19151792650003077,2025-12-21
2026-01-09,La Liga,Getafe,Sociedad,A,0.3528972165100178,0.3172486783438449,0.32985410514613733,0.2673508097855163,0.32547055104323724,0.4071786391712466,2025-12-21
2026-01-10,La Liga,Oviedo,Betis,D,0.14899597862302552,0.26239742094339175,0.5886066004335826,0.24904261372562023,0.2783838412047881,0.4725735450695916,2025-12-21
2026-01-10,La Liga,Villarreal,Alaves,H,0.6343664648269238,0.2092916376583832,0.15634189751469293,0.6496334269361439,0.2256302578402924,0.12473631522356372,2025-12-21
2026-01-10,La Liga,Girona,Osasuna,H,0.45320754705585736,0.24994159689624554,0.29685085604789724,0.3729432565121344,0.30999423550849386,0.3170625079793716,2025-12-21
2026-01-10,La Liga,Valencia,Elche,D,0.4762214142153033,0.26865306260133226,0.25512552318336457,0.4762139511954646,0.2891298989401035,0.23465614986443184,2025-12-21
2026-01-11,La Liga,Vallecano,Mallorca,H,0.4402926989489284,0.3037676435101353,0.2559396575409364,0.5036953904287659,0.29911757031615943,0.19718703925507466,2025-12-21
2026-01-11,La Liga,Levante,Espanol,D,0.3899275829484813,0.24704041673702226,0.3630320003144964,0.30221439260480004,0.2939970828360895,0.40378852455911046,2025-12-21
2026-01-12,La Liga,Sevilla,Celta,A,0.42934614695473783,0.25384773471414496,0.3168061183311174,0.36615134255492265,0.30919446704637915,0.3246541903986981,2025-12-21
2026-01-16,La Liga,Espanol,Girona,A,0.46816074921570644,0.24509379866168662,0.286745452122607,,,,2025-12-21
2026-01-17,La Liga,Osasuna,Oviedo,H,0.637560047689591,0.25044681276294123,0.11199313954746776,,,,2025-12-21
2026-01-17,La Liga,Betis,Villarreal,H,0.405959128183044,0.23497941336043793,0.3590614584565182,,,,2025-12-21
2026-01-17,La Liga,Real Madrid,Levante,H,0.8398490661957495,0.101110831769293,0.059040102034957416,,,,2025-12-21
2026-01-17,La Liga,Mallorca,Ath Bilbao,H,0.29107850477898206,0.3068434416584611,0.4020780535625569,,,,2025-12-21
2026-01-18,La Liga,Sociedad,Barcelona,H,0.23141820463856297,0.22111391227514227,0.5474678830862945,,,,2025-12-21
2026-01-18,La Liga,Celta,Vallecano,H,0.47982748986636714,0.2696027150342209,0.2505697950994121,,,,2025-12-21
2026-01-18,La Liga,Getafe,Valencia,A,0.4055235163688658,0.30853489344715584,0.2859415901839784,,,,2025-12-21
2026-01-18,La Liga,Ath Madrid,Alaves,H,0.6742579931350873,0.20702710461242282,0.11871490225249007,,,,2025-12-21
2026-01-19,La Liga,Elche,Sevilla,D,0.3865085376791137,0.2686024819504026,0.34488898037048366,,,,2025-12-21
2026-01-23,La Liga,Levante,Elche,H,0.455037154206061,0.24274586476813795,0.30221698102580097,,,,2026-01-23
2026-01-24,La Liga,Vallecano,Osasuna,A,0.40278269954617635,0.29475596945766525,0.30246133099615863,,,,2026-01-23
2026-01-24,La Liga,Valencia,Espanol,H,0.42406623069602983,0.280206939682237,0.29572682962173336,,,,2026-01-23
2026-01-24,La Liga,Sevilla,Ath Bilbao,H,0.33384452360176986,0.28161053827499094,0.38454493812323925,,,,2026-01-23
2026-01-24,La Liga,Villarreal,Real Madrid,A,0.329539345121162,0.22806296592966077,0.4423976889491772,,,,2026-01-23
2026-01-25,La Liga,Ath Madrid,Mallorca,H,0.6909395477939833,0.198062004899263,0.1109984473067538,,,,2026-01-23
2026-01-25,La Liga,Barcelona,Oviedo,H,0.8903397559247818,0.07963343508975664,0.030026808985461475,,,,2026-01-23
2026-01-25,La Liga,Sociedad,Celta,H,0.44141788192041526,0.26774374481540375,0.29083837326418094,,,,2026-01-23
2026-01-25,La Liga,Alaves,Betis,H,0.3220244293080478,0.28167244353624143,0.3963031271557108,,,,2026-01-23
2026-01-26,La Liga,Girona,Getafe,D,0.48384868890704685,0.27164215590212093,0.24450915519083216,,,,2026-01-23
2026-01-30,La Liga,Espanol,Alaves,A,0.44705918346287177,0.29243326826551813,0.26050754827160993,,,,2026-01-23
2026-01-31,La Liga,Elche,Barcelona,A,0.16241376496728896,0.18405314200766418,0.6535330930250469,,,,2026-01-23
2026-01-31,La Liga,Levante,Ath Madrid,D,0.19999955849241852,0.21897015515203863,0.5810302863555429,,,,2026-01-23
2026-01-31,La Liga,Oviedo,Girona,H,0.2510056996652282,0.2701559522254922,0.47883834810927967,,,,2026-01-23
2026-01-31,La Liga,Osasuna,Villarreal,D,0.3116358405889322,0.24815837647900876,0.4402057829320591,,,,2026-01-23
2026-02-01,La Liga,Real Madrid,Vallecano,H,0.7467629760538094,0.164390079947583,0.08884694399860772,,,,2026-01-23
2026-02-01,La Liga,Betis,Valencia,H,0.5654147011939761,0.2351409786329583,0.19944432017306563,,,,2026-01-23
2026-02-01,La Liga,Getafe,Celta,D,0.33297873083230317,0.2973876318799921,0.36963363728770454,,,,2026-01-23
2026-02-01,La Liga,Ath Bilbao,Sociedad,D,0.47710273308771906,0.2822600848835905,0.24063718202869044,,,,2026-01-23
2026-02-02,La Liga,Mallorca,Sevilla,H,0.41079468994279683,0.27992753869994447,0.30927777135725865,,,,2026-01-23
2026-02-06,La Liga,Celta,Osasuna,A,0.5048171489464208,0.2536113751269411,0.24157147592663816,,,,2026-01-23
2026-02-07,La Liga,Sociedad,Elche,H,0.528389927841399,0.253321334481096,0.21828873767750495,,,,2026-01-23
2026-02-07,La Liga,Barcelona,Mallorca,H,0.7898638426135213,0.13409949836033208,0.07603665902614692,,,,2026-01-23
2026-02-08,La Liga,Valencia,Real Madrid,A,0.1836851859241354,0.22152210300312655,0.594792711072738,,,,2026-01-23
2026-02-08,La Liga,Ath Madrid,Betis,A,0.6028799600049957,0.21846363519119832,0.17865640480380612,,,,2026-01-23
2026-02-08,La Liga,Alaves,Getafe,A,0.414665808064997,0.3263840394203905,0.2589501525146125,,,,2026-01-23
2026-02-08,La Liga,Ath Bilbao,Levante,H,0.6059649247810732,0.22123147286573638,0.17280360235319056,,,,2026-01-23
2026-02-08,La Liga,Sevilla,Girona,D,0.4562975499191948,0.24452713896604464,0.29917531111476064,,,,2026-01-23
2026-02-09,La Liga,Villarreal,Espanol,H,0.6272893098123989,0.20458102613496484,0.1681296640526359,,,,2026-01-23
2026-02-13,La Liga,Elche,Osasuna,D,0.4111895227709613,0.2717525716029996,0.317057905626039,,,,2026-01-23
2026-02-14,La Liga,Espanol,Celta,D,0.3861961694100534,0.26919855628637324,0.34460527430357324,,,,2026-01-23
2026-02-14,La Liga,Getafe,Villarreal,H,0.26348084549337497,0.26670463723084314,0.46981451727578183,,,,2026-01-23
2026-02-14,La Liga,Sevilla,Alaves,D,0.4568986793342012,0.2806932215920193,0.26240809907377927,,,,2026-01-23
2026-02-14,La Liga,Real Madrid,Sociedad,H,0.6864551615631629,0.18908935497780746,0.12445548345902986,,,,2026-01-23
2026-02-15,La Liga,Mallorca,Betis,A,0.32326313748466634,0.2737307607776924,0.4030061017376412,,,,2026-01-23
2026-02-15,La Liga,Levante,Valencia,A,0.43161988188050565,0.2544456138043161,0.3139345043151783,,,,2026-01-23
2026-02-15,La Liga,Vallecano,Ath Madrid,H,0.21447030806877265,0.2645400914416255,0.520989600489602,,,,2026-01-23
2026-02-15,La Liga,Oviedo,Ath Bilbao,A,0.17801271601232582,0.28189130776741467,0.5400959762202596,,,,2026-01-23
2026-02-16,La Liga,Girona,Barcelona,H,0.18603952199526483,0.18391260551445807,0.6300478724902772,,,,2026-01-23
2026-02-18,La Liga,Levante,Villarreal,A,0.27308979610317957,0.2171671162378388,0.5097430876589817,,,,2026-01-23
2026-02-20,La Liga,Ath Bilbao,Elche,H,0.5765073219018855,0.24231230042901175,0.18118037766910278,,,,2026-01-23
2026-02-21,La Liga,Ath Madrid,Espanol,H,0.6776078317608479,0.1997363170053237,0.12265585123382836,,,,2026-01-23
2026-02-21,La Liga,Sociedad,Oviedo,D,0.6479695284207122,0.23331545497557432,0.11871501660371356,,,,2026-01-23
2026-02-21,La Liga,Betis,Vallecano,D,0.5595989480579303,0.24532457031637342,0.1950764816256962,,,,2026-01-23
2026-02-21,La Liga,Osasuna,Real Madrid,H,0.1972382983068413,0.22820135846827586,0.5745603432248829,,,,2026-01-23
2026-02-22,La Liga,Celta,Mallorca,H,0.526544424075132,0.2556356468642009,0.217819929060667,,,,2026-02-22
2026-02-22,La Liga,Villarreal,Valencia,H,0.6300218764171881,0.2061007151369205,0.16387740844589146,,,,2026-02-22
2026-02-22,La Liga,Getafe,Sevilla,A,0.40768671998864253,0.30250603071713267,0.28980724929422474,,,,2026-02-22
2026-02-22,La Liga,Barcelona,Levante,H,0.8495114302737353,0.09574213117241931,0.054746438553845464,,,,2026-02-22
2026-02-23,La Liga,Alaves,Girona,D,0.41345584346212394,0.27707334797705735,0.30947080856081877,,,,2026-02-22
2026-02-27,La Liga,Levante,Alaves,H,0.41062746129329347,0.2768583669208243,0.31251417178588226,,,,2026-02-22
2026-02-28,La Liga,Oviedo,Ath Madrid,A,0.13795020822578885,0.22998539241971108,0.6320643993545002,,,,2026-02-22
2026-02-28,La Liga,Mallorca,Sociedad,A,0.3530834627041278,0.2908820367282737,0.35603450056759844,,,,2026-02-22
2026-02-28,La Liga,Vallecano,Ath Bilbao,D,0.3214491436564013,0.3018870182231568,0.37666383812044174,,,,2026-02-22
2026-02-28,La Liga,Barcelona,Villarreal,H,0.6706173028227146,0.16938163801573738,0.16000105916154814,,,,2026-02-22
2026-03-01,La Liga,Elche,Espanol,D,0.4158738570224689,0.2604476255833179,0.32367851739421327,,,,2026-02-22
2026-03-01,La Liga,Valencia,Osasuna,H,0.4074323161743751,0.2841717067445061,0.3083959770811187,,,,2026-02-22
2026-03-01,La Liga,Betis,Sevilla,D,0.5815942027701938,0.22543779188016722,0.19296800534963887,,,,2026-02-22
2026-03-01,La Liga,Girona,Celta,A,0.41703657529089255,0.2501361180693168,0.33282730663979065,,,,2026-02-22
2026-03-02,La Liga,Real Madrid,Getafe,A,0.7313310529132289,0.181271349978309,0.08739759710846214,,,,2026-02-22
2026-03-04,La Liga,Vallecano,Oviedo,H,0.5567477135931365,0.27113956424329944,0.17211272216356413,,,,2026-02-22
2026-03-06,La Liga,Celta,Real Madrid,A,0.23401186291116557,0.23073926513168974,0.5352488719571448,,,,2026-02-22
2026-03-07,La Liga,Osasuna,Mallorca,D,0.48111635725417184,0.27900449802107014,0.2398791447247581,,,,2026-02-22
2026-03-07,La Liga,Levante,Girona,D,0.40176057722188585,0.24421105260245107,0.3540283701756633,,,,2026-02-22
2026-03-07,La Liga,Ath Madrid,Sociedad,H,0.6088786199989681,0.22795455031969428,0.16316682968133753,,,,2026-02-22
2026-03-07,La Liga,Ath Bilbao,Barcelona,A,0.27818120363051885,0.24100438703072802,0.48081440933875313,,,,2026-02-22
2026-03-08,La Liga,Valencia,Alaves,H,0.4371235837999884,0.2947784708443625,0.268097945355649,,,,2026-02-22
2026-03-08,La Liga,Sevilla,Vallecano,D,0.4336055600057763,0.28030572800012155,0.28608871199410224,,,,2026-02-22
2026-03-08,La Liga,Villarreal,Elche,H,0.7001709489896124,0.17154996936417116,0.12827908164621643,,,,2026-02-22
2026-03-08,La Liga,Getafe,Betis,H,0.31037384851092104,0.2989295029111476,0.39069664857793107,,,,2026-02-22
2026-03-09,La Liga,Espanol,Oviedo,D,0.5708964211144355,0.2516202718181098,0.17748330706745485,,,,2026-02-22
2026-03-13,La Liga,Alaves,Villarreal,D,0.28923666695320177,0.263333728505444,0.44742960454135444,,,,2026-02-22
2026-03-14,La Liga,Girona,Ath Bilbao,H,0.3514180757850239,0.26949177929922546,0.3790901449157506,,,,2026-02-22
2026-03-14,La Liga,Ath Madrid,Getafe,H,0.6487135880825274,0.23135590660951988,0.11993050530795242,,,,2026-02-22
2026-03-14,La Liga,Oviedo,Valencia,H,0.29314245522273336,0.2985438596395128,0.4083136851377538,,,,2026-02-22
2026-03-14,La Liga,Real Madrid,Elche,H,0.8155773305762426,0.12058822166219765,0.06383444776155986,,,,2026-02-22
2026-03-15,La Liga,Betis,Celta,D,0.5128526995468372,0.2409031747513353,0.24624412570182733,,,,2026-02-22
2026-03-15,La Liga,Mallorca,Espanol,H,0.42951411974105747,0.27978311877024625,0.2907027614886963,,,,2026-02-22
2026-03-15,La Liga,Barcelona,Sevilla,H,0.803190519755923,0.12257996165457047,0.07422951858950669,,,,2026-02-22
2026-03-15,La Liga,Sociedad,Osasuna,H,0.4753655354968794,0.27114218537387613,0.25349227912924466,,,,2026-02-22
2026-03-16,La Liga,Vallecano,Levante,D,0.4936480695939094,0.2596235476932967,0.24672838271279396,,,,2026-02-22
2026-03-20,La Liga,Villarreal,Sociedad,H,0.561553315829803,0.22548539909582022,0.21296128507437703,,,,2026-02-22
2026-03-21,La Liga,Elche,Mallorca,H,0.41509029400189834,0.2755342567651686,0.30937544923293314,,,,2026-02-22
2026-03-21,La Liga,Espanol,Getafe,A,0.4315514751773446,0.3008905590845534,0.2675579657381019,,,,2026-02-22
2026-03-21,La Liga,Levante,Oviedo,H,0.5510852559776952,0.24834984286580053,0.20056490115650438,,,,2026-02-22
2026-03-21,La Liga,Osasuna,Girona,H,0.4690240010561842,0.25637060461942895,0.27460539432438663,,,,2026-02-22
2026-03-21,La Liga,Sevilla,Valencia,A,0.44153778341840927,0.2697264150790324,0.2887358015025583,,,,2026-02-22
2026-03-22,La Liga,Barcelona,Vallecano,H,0.7715523735453736,0.1452847997011686,0.08316282675345768,,,,2026-02-22
2026-03-22,La Liga,Celta,Alaves,A,0.5107000806862262,0.26608960673205617,0.22321031258171734,,,,2026-02-22
2026-03-22,La Liga,Ath Bilbao,Betis,H,0.4538584572654581,0.2677497187260378,0.27839182400850426,,,,2026-02-22
2026-03-22,La Liga,Real Madrid,Ath Madrid,H,0.5321465538206387,0.23749558624359007,0.23035785993577124,,,,2026-02-22
2026-04-03,La Liga,Vallecano,Elche,H,0.4990917208099623,0.2598384544825507,0.24106982470748717,,,,2026-04-03
2026-04-04,La Liga,Ath Madrid,Barcelona,A,0.38797931790070794,0.23652992753784605,0.3754907545614457,,,,2026-04-03
2026-04-04,La Liga,Betis,Espanol,D,0.5909659809384307,0.21988127505639307,0.18915274400517645,,,,2026-04-03
2026-04-04,La Liga,Sociedad,Levante,H,0.5700702201523459,0.22366385506081113,0.2062659247868431,,,,2026-04-03
2026-04-04,La Liga,Mallorca,Real Madrid,H,0.1749337043953085,0.22154559512431315,0.6035207004803784,,,,2026-04-03
2026-04-05,La Liga,Getafe,Ath Bilbao,H,0.31622899309041835,0.32461682862954566,0.3591541782800361,,,,2026-04-03
2026-04-05,La Liga,Valencia,Celta,A,0.3977606148212862,0.26568335685255645,0.3365560283261576,,,,2026-04-03
2026-04-05,La Liga,Oviedo,Sevilla,H,0.3147253186245267,0.27945512173101217,0.40581955964446115,,,,2026-04-03
2026-04-05,La Liga,Alaves,Osasuna,D,0.4004989336676791,0.28757693230331477,0.31192413402900604,,,,2026-04-03
2026-04-06,La Liga,Girona,Villarreal,H,0.34047205770858235,0.23118823525238927,0.4283397070390283,,,,2026-04-03
2026-04-10,La Liga,Real Madrid,Girona,D,0.7617156825005952,0.14404929126179822,0.09423502623760653,,,,2026-04-03
2026-04-11,La Liga,Sociedad,Alaves,D,0.5213346672529726,0.2598878137108269,0.21877751903620046,,,,2026-04-03
2026-04-11,La Liga,Elche,Valencia,H,0.4069830104995212,0.26262400257945934,0.3303929869210196,,,,2026-04-03
2026-04-11,La Liga,Barcelona,Espanol,H,0.8217137963105609,0.11236695203491183,0.06591925165452736,,,,2026-04-03
2026-04-11,La Liga,Sevilla,Ath Madrid,H,0.23815956280653688,0.24529354364027567,0.5165468935531875,,,,2026-04-03
2026-04-12,La Liga,Ath Bilbao,Villarreal,A,0.4205583102432946,0.2545014270644693,0.32494026269223625,,,,2026-04-03
2026-04-12,La Liga,Mallorca,Vallecano,H,0.3908775131254569,0.3002781470535044,0.30884433982103865,,,,2026-04-03
2026-04-12,La Liga,Osasuna,Betis,D,0.3815936819957768,0.26669970251441255,0.3517066154898106,,,,2026-04-03
2026-04-12,La Liga,Celta,Oviedo,A,0.6588925864521343,0.20781547620854868,0.1332919373393168,,,,2026-04-03
2026-04-13,La Liga,Levante,Getafe,H,0.4150332620084335,0.2867839482514661,0.29818278974010043,,,,2026-04-03
2026-04-21,La Liga,Ath Bilbao,Osasuna,H,0.518206327025983,0.2654815304189768,0.21631214255503986,,,,2026-04-03
2026-04-21,La Liga,Mallorca,Valencia,D,0.4017659721810074,0.2864855556686504,0.31174847215034224,,,,2026-04-03
2026-04-21,La Liga,Girona,Betis,A,0.38859157180824616,0.2471631364986355,0.3642452916931183,,,,2026-04-03
2026-04-21,La Liga,Real Madrid,Alaves,H,0.7554095959580506,0.15743469180790348,0.08715571223404586,,,,2026-04-03
2026-04-22,La Liga,Elche,Ath Madrid,H,0.21400388429484427,0.23012803201222565,0.55586808369293,,,,2026-04-03
2026-04-22,La Liga,Sociedad,Getafe,A,0.48788039772509395,0.2903760850340328,0.2217435172408732,,,,2026-04-03
2026-04-22,La Liga,Barcelona,Celta,H,0.7514044179758793,0.1444215959756341,0.10417398604848636,,,,2026-04-03
2026-04-23,La Liga,Levante,Sevilla,H,0.450076637693328,0.24406622103760345,0.30585714126906866,,,,2026-04-03
2026-04-23,La Liga,Vallecano,Espanol,H,0.47290785273861224,0.271670917143588,0.25542123011779977,,,,2026-04-03
2026-04-23,La Liga,Oviedo,Villarreal,D,0.18825579425080438,0.22342094006437682,0.5883232656848186,,,,2026-04-03
2026-04-24,La Liga,Betis,Real Madrid,D,0.2761616492779465,0.23538465354313765,0.48845369717891596,,,,2026-04-03
2026-04-25,La Liga,Alaves,Mallorca,H,0.44729917601231217,0.28719529216066714,0.2655055318270206,,,,2026-04-03
2026-04-25,La Liga,Getafe,Barcelona,A,0.18071894709213426,0.2329372635131984,0.5863437893946674,,,,2026-04-03
2026-04-25,La Liga,Valencia,Girona,H,0.4457649745942244,0.2563722700202153,0.29786275538556023,,,,2026-04-03
2026-04-25,La Liga,Ath Madrid,Ath Bilbao,H,0.5566538265353917,0.24772607624158588,0.19562009722302237,,,,2026-04-03
2026-04-26,La Liga,Vallecano,Sociedad,D,0.3846759656414653,0.28800556226588,0.32731847209265474,,,,2026-04-03
2026-04-26,La Liga,Oviedo,Elche,A,0.34483555738855015,0.273833554264241,0.381330888347209,,,,2026-04-03
2026-04-26,La Liga,Osasuna,Sevilla,H,0.4875900546580648,0.2582620179868792,0.2541479273550559,,,,2026-04-03
2026-04-26,La Liga,Villarreal,Celta,H,0.576341236783851,0.2101449998238673,0.2135137633922817,,,,2026-04-03
2026-04-27,La Liga,Espanol,Levante,D,0.4784815758325644,0.24019984560739963,0.2813185785600361,,,,2026-04-03
2026-05-01,La Liga,Girona,Mallorca,A,0.5073076155308416,0.25072844958410134,0.2419639348850568,,,,2026-04-03
2026-05-02,La Liga,Osasuna,Barcelona,A,0.1995669766682796,0.21141282853812243,0.589020194793598,,,,2026-04-03
2026-05-02,La Liga,Alaves,Ath Bilbao,A,0.32249453957099994,0.29532920764751897,0.38217625278148115,,,,2026-04-03
2026-05-02,La Liga,Valencia,Ath Madrid,A,0.2525739526716558,0.26057174430560387,0.48685430302274046,,,,2026-04-03
2026-05-02,La Liga,Villarreal,Levante,H,0.6897362492630514,0.16928690558157344,0.14097684515537529,,,,2026-04-03
2026-05-03,La Liga,Celta,Elche,H,0.5639715834535335,0.22065642166046287,0.21537199488600361,,,,2026-05-03
2026-05-03,La Liga,Getafe,Vallecano,A,0.3982517291345968,0.322743489526765,0.2790047813386383,,,,2026-05-03
2026-05-03,La Liga,Betis,Oviedo,H,0.6514177746881252,0.20958904425698016,0.13899318105489458,,,,2026-05-03
2026-05-03,La Liga,Espanol,Real Madrid,A,0.18532484922442383,0.21399296209601953,0.6006821886795566,,,,2026-05-03
2026-05-04,La Liga,Sevilla,Sociedad,H,0.37676288647410894,0.25995938574875527,0.36327772777713574,,,,2026-05-03
2026-05-08,La Liga,Levante,Osasuna,H,0.3970402682708847,0.26058590201952914,0.34237382970958624,,,,2026-05-03
2026-05-09,La Liga,Ath Madrid,Celta,A,0.6223406291823607,0.20687488274125107,0.17078448807638813,,,,2026-05-03
2026-05-09,La Liga,Sociedad,Betis,D,0.42954695941675064,0.2535742134333744,0.3168788271498751,,,,2026-05-03
2026-05-09,La Liga,Sevilla,Espanol,H,0.4690303997793937,0.2560782772728316,0.2748913229477748,,,,2026-05-03
2026-05-09,La Liga,Elche,Alaves,D,0.44355328433970775,0.2548689071149945,0.3015778085452979,,,,2026-05-03
2026-05-10,La Liga,Mallorca,Villarreal,D,0.29915958161888623,0.24735990654802745,0.4534805118330863,,,,2026-05-03
2026-05-10,La Liga,Ath Bilbao,Valencia,A,0.5406201635678398,0.2523935902011472,0.20698624623101308,,,,2026-05-03
2026-05-10,La Liga,Oviedo,Getafe,D,0.32930544779981563,0.3264949704752046,0.3441995817249799,,,,2026-05-03
2026-05-10,La Liga,Barcelona,Real Madrid,H,0.5351700862085516,0.20981914198252932,0.2550107718089191,,,,2026-05-03
2026-05-11,La Liga,Vallecano,Girona,D,0.43915581577016005,0.2647873423668371,0.2960568418630028,,,,2026-05-03
2026-05-12,La Liga,Betis,Elche,H,0.6036043368168507,0.21070336254295974,0.18569230064018963,,,,2026-05-03
2026-05-12,La Liga,Osasuna,Ath Madrid,A,0.2884746029277287,0.26084431205889463,0.4506810850133766,,,,2026-05-03
2026-05-12,La Liga,Celta,Levante,A,0.5702310874867837,0.2190721037708198,0.2106968087423965,,,,2026-05-03
2026-05-13,La Liga,Alaves,Barcelona,H,0.17145942631964792,0.19717817005728247,0.6313624036230696,,,,2026-05-03
2026-05-13,La Liga,Getafe,Mallorca,H,0.41860925374679214,0.31534329415268036,0.26604745210052744,,,,2026-05-03
2026-05-13,La Liga,Espanol,Ath Bilbao,H,0.3265599917153913,0.27452975047008105,0.3989102578145276,,,,2026-05-03
2026-05-13,La Liga,Villarreal,Sevilla,A,0.6628339850356086,0.18524348776310356,0.1519225272012878,,,,2026-05-03
2026-05-14,La Liga,Girona,Sociedad,D,0.4190572790273303,0.24980137863434654,0.3311413423383234,,,,2026-05-03
2026-05-14,La Liga,Real Madrid,Oviedo,H,0.8163667654702542,0.12453335415899049,0.059099880370755344,,,,2026-05-03
2026-05-14,La Liga,Valencia,Vallecano,D,0.4347418783202044,0.2812834042956382,0.2839747173841574,,,,2026-05-03
2026-05-17,La Liga,Sociedad,Valencia,A,0.5200733443938235,0.24783494981254836,0.23209170579362798,,,,2026-05-03
2026-05-17,La Liga,Sevilla,Real Madrid,A,0.19365309361553082,0.21464521223175378,0.5917016941527153,,,,2026-05-03
2026-05-17,La Liga,Vallecano,Villarreal,H,0.316927323768129,0.2533032216075302,0.42976945462434085,,,,2026-05-03
2026-05-17,La Liga,Oviedo,Alaves,A,0.34919360968884794,0.28652472577034976,0.36428166454080246,,,,2026-05-03
2026-05-17,La Liga,Barcelona,Betis,H,0.7203665870178105,0.15849457412489767,0.12113883885729175,,,,2026-05-03
2026-05-17,La Liga,Levante,Mallorca,H,0.4388477702747028,0.26078881570310386,0.30036341402219313,,,,2026-05-03
2026-05-17,La Liga,Elche,Getafe,H,0.4165816888436322,0.29073635540428244,0.2926819557520852,,,,2026-05-03
2026-05-17,La Liga,Ath Madrid,Girona,H,0.6665707426542089,0.18914146976825033,0.1442877875775409,,,,2026-05-03
2026-05-17,La Liga,Ath Bilbao,Celta,D,0.496766149404643,0.25215805681078984,0.2510757937845671,,,,2026-05-03
2026-05-17,La Liga,Osasuna,Espanol,A,0.5082355233933776,0.2560904674809349,0.2356740091256874,,,,2026-05-03
2026-05-23,La Liga,Mallorca,Oviedo,H,0.5218158279206669,0.267403767701257,0.21078040437807596,,,,2026-05-03
2026-05-23,La Liga,Girona,Elche,D,0.5237148357386466,0.22808978135368704,0.24819538290766638,,,,2026-05-03
2026-05-23,La Liga,Real Madrid,Ath Bilbao,H,0.6431548419251207,0.2039087775062161,0.15293638056866313,,,,2026-05-03
2026-05-23,La Liga,Getafe,Osasuna,H,0.38437984562275623,0.3151753141699378,0.3004448402073062,,,,2026-05-03
2026-05-23,La Liga,Valencia,Barcelona,H,0.1785817238136164,0.20072806479995392,0.62069021138643,,,,2026-05-03
2026-05-23,La Liga,Celta,Sevilla,H,0.5446653948042423,0.2325874951025168,0.22274711009324086,,,,2026-05-03
2026-05-23,La Liga,Betis,Levante,H,0.609699748081108,0.20885509069946587,0.18144516121942605,,,,2026-05-03
2026-05-23,La Liga,Alaves,Vallecano,A,0.42550829821012676,0.28244036600387384,0.2920513357859996,,,,2026-05-03
2026-05-23,La Liga,Espanol,Sociedad,D,0.3633765952458064,0.2631645620698818,0.37345884268431173,,,,2026-05-03
2026-05-24,La Liga,Villarreal,Ath Madrid,H,0.4213816775302036,0.23609237462671967,0.3425259478430768,,,,2026-05-03
