Date,liga,HomeTeam,AwayTeam,FTR,prob_casa_modelo,prob_empate_modelo,prob_fora_modelo,prob_casa_odds,prob_empate_odds,prob_fora_odds,data_corte_modelo
2023-05-25,La Liga,Mallorca,Valencia,H,0.3895718198764782,0.2838680466509478,0.3265601334725738,0.31867567765765703,0.3294054984542111,0.35191882388813206,2023-05-25
2023-05-25,La Liga,Osasuna,Ath Bilbao,H,0.3195593901681942,0.3009295415843245,0.379511068247481,0.3027955565917826,0.29637262054286595,0.4008318228653515,2023-05-25
2023-05-27,La Liga,Sevilla,Real Madrid,A,0.2958127107344683,0.24960043851657693,0.45458685074895483,0.3036393543744217,0.27310578801274804,0.42325485761283027,2023-05-25
2023-05-28,La Liga,Vallecano,Villarreal,H,0.30254992856750434,0.24932240892975457,0.4481276625027411,0.31580078824793983,0.25102113937656756,0.4331780723754927,2023-05-25
2023-05-28,La Liga,Valencia,Espanol,D,0.5225622036358046,0.23761019550728593,0.2398276008569093,0.45883804041873555,0.2784401783737626,0.2627217812075018,2023-05-25
2023-05-28,La Liga,Girona,Betis,A,0.4643996226726746,0.24191443173403043,0.293685945593295,0.4889743555620617,0.27015157765859765,0.24087406677934078,2023-05-25
2023-05-28,La Liga,Getafe,Osasuna,H,0.4233382638805131,0.31907285882550906,0.25758887729397806,0.39442981931315063,0.3338518607155677,0.27171831997128154,2023-05-25
2023-05-28,La Liga,Cadiz,Celta,H,0.3535524769174418,0.2798755133371518,0.36657200974540644,0.3736102995374985,0.3252023205276566,0.301187379934845,2023-05-25
2023-05-28,La Liga,Barcelona,Mallorca,H,0.7608924840336219,0.15946217822239045,0.07964533774398769,0.7632943512797882,0.15870476610767875,0.0780008826125331,2023-05-25
2023-05-28,La Liga,Ath Madrid,Sociedad,H,0.5151412693491688,0.2589181894663581,0.22594054118447326,0.4180300206887445,0.31759423649729285,0.2643757428139627,2023-05-25
2023-05-28,La Liga,Ath Bilbao,Elche,A,0.6594682163589209,0.21082052868708787,0.12971125495399116,0.6818264846537503,0.19638815582318975,0.1217853595230598,2023-05-25
2023-05-28,La Liga,Almeria,Valladolid,D,0.5448456125932557,0.22014459282568627,0.23500979458105806,0.42351669919398416,0.2835720507646677,0.2929112500413483,2023-05-25
2023-06-04,La Liga,Valladolid,Getafe,D,0.3425817633118043,0.3030834631921815,0.354334773496014,0.485845733688122,0.29179923945232555,0.22235502685955238,2023-05-25
2023-06-04,La Liga,Espanol,Almeria,D,0.5087962747346608,0.2192554599190961,0.2719482653462432,0.39979847074862196,0.25671270227016774,0.3434888269812104,2023-05-25
2023-06-04,La Liga,Elche,Cadiz,D,0.4119753971484096,0.2741553783695693,0.31386922448202104,0.3874166458481465,0.3038799315871399,0.3087034225647135,2023-05-25
2023-06-04,La Liga,Celta,Barcelona,H,0.208822977881998,0.2394532182922838,0.5517238038257182,0.33954678224462576,0.272206498615105,0.3882467191402693,2023-05-25
2023-06-04,La Liga,Betis,Valencia,D,0.5166554723609433,0.24805666091658143,0.23528786672247531,0.3099140994345394,0.3129036245094707,0.3771822760559898,2023-05-25
2023-06-04,La Liga,Mallorca,Vallecano,H,0.420583464896394,0.2826418402311662,0.29677469487243996,0.30694275274056027,0.30694275274056027,0.3861144945188794,2023-05-25
2023-06-04,La Liga,Sociedad,Sevilla,H,0.5093504565157341,0.26183172048819303,0.22881782299607267,0.6174483618191979,0.22284917886348066,0.15970245931732135,2023-05-25
2023-06-04,La Liga,Real Madrid,Ath Bilbao,D,0.6169315875977336,0.2183867979073044,0.16468161449496188,0.5778112121410349,0.22162621835546545,0.2005625695034997,2023-05-25
2023-06-04,La Liga,Osasuna,Girona,H,0.36529976732563346,0.26715244078322264,0.3675477918911437,0.4657767679636467,0.2638139417463473,0.270409290290006,2023-05-25
2023-06-04,La Liga,Villarreal,Ath Madrid,D,0.3923592421529169,0.2508653972042988,0.3567753606427844,0.3538706479617892,0.2551593619513953,0.3909699900868155,2023-05-25
2023-08-11,La Liga,Sevilla,Valencia,A,0.5191248765122582,0.2517931587192821,0.22908196476845968,0.5039625497703883,0.28256859727010214,0.21346885295950946,2023-08-11
2023-08-11,La Liga,Almeria,Vallecano,A,0.44924503784993164,0.24317895518372284,0.30757600696634546,0.36803807395958466,0.3012250082253832,0.33073691781503217,2023-08-11
2023-08-12,La Liga,Las Palmas,Mallorca,D,0.3318864219463928,0.2769045999210709,0.39120897813253624,0.3708917323735302,0.33418231176318075,0.29492595586328907,2023-08-11
2023-08-12,La Liga,Ath Bilbao,Real Madrid,A,0.3082746405451873,0.26568653940656456,0.4260388200482481,0.2842062525375559,0.2793341453511977,0.43645960211124646,2023-08-11
2023-08-12,La Liga,Sociedad,Girona,D,0.572780106064779,0.228916728061217,0.19830316587400407,0.5289127605140711,0.27180239081973107,0.1992848486661979,2023-08-11
2023-08-13,La Liga,Getafe,Barcelona,D,0.1924323173131984,0.2694767510810888,0.5380909316057128,0.1305578837196696,0.2410796565714691,0.6283624597088614,2023-08-11
2023-08-13,La Liga,Celta,Osasuna,A,0.4738207408583929,0.27820606513460816,0.24797319400699913,0.45287375624501447,0.303791091145724,0.24333515260926156,2023-08-11
2023-08-13,La Liga,Villarreal,Betis,A,0.5469620766454721,0.2278054528484093,0.22523247050611858,0.5579816174903754,0.23816288551418466,0.20385549699543987,2023-08-11
2023-08-14,La Liga,Cadiz,Alaves,H,0.47265109686333007,0.27194965243821295,0.2553992506984568,0.4196267679935607,0.3303143139949312,0.25005891801150804,2023-08-11
2023-08-14,La Liga,Ath Madrid,Granada,H,0.740826170707208,0.1612586963344162,0.0979151329583757,0.7425030563079799,0.1648608480955006,0.09263609559651939,2023-08-11
2023-08-18,La Liga,Mallorca,Villarreal,A,0.28310416617283674,0.25802297595026985,0.45887285787689347,0.3467391304347826,0.3065217391304348,0.3467391304347826,2023-08-11
2023-08-18,La Liga,Valencia,Las Palmas,H,0.6520937309512485,0.20401870229227237,0.14388756675647932,0.5987442498664988,0.24707674108415006,0.15417900904935117,2023-08-11
2023-08-19,La Liga,Sociedad,Celta,D,0.580595569951765,0.2442468015228865,0.17515762852534855,0.5774535198871876,0.2695846543119743,0.1529618258008381,2023-08-11
2023-08-19,La Liga,Almeria,Real Madrid,A,0.18651361895120303,0.19481424438677464,0.6186721366620225,0.14120500325615862,0.18512946037591788,0.6736655363679235,2023-08-11
2023-08-19,La Liga,Osasuna,Ath Bilbao,A,0.3276793552326649,0.3016131158807293,0.3707075288866056,0.3309083053992231,0.32541148969491707,0.34368020490585977,2023-08-11
2023-08-20,La Liga,Girona,Getafe,H,0.5021802712845115,0.2666655906169019,0.2311541380985867,0.49360452925141546,0.30446634514573284,0.20192912560285178,2023-08-11
2023-08-20,La Liga,Barcelona,Cadiz,H,0.8039439003183951,0.1337014471043864,0.06235465257721835,0.7677182510073124,0.15305775257424267,0.07922399641844502,2023-08-11
2023-08-20,La Liga,Betis,Ath Madrid,D,0.3217710495889233,0.2642621839366423,0.4139667664744343,0.25321240128289135,0.27688381556712766,0.469903783149981,2023-08-11
2023-08-21,La Liga,Alaves,Sevilla,H,0.27976840806079295,0.2701493088203677,0.4500822831188393,0.2877810597383808,0.3176803906202905,0.39453854964132856,2023-08-11
2023-08-21,La Liga,Granada,Vallecano,A,0.4342196819343778,0.25738067759277394,0.30839964047284807,0.3326319197151182,0.31045645840077696,0.3569116218841049,2023-08-11
2023-08-25,La Liga,Celta,Real Madrid,A,0.23827604246963502,0.24174726483594394,0.5199766926944208,0.22129684711481262,0.26234384295062463,0.5163593099345629,2023-08-11
2023-08-25,La Liga,Las Palmas,Sociedad,D,0.17805743066715848,0.23441027586294091,0.5875322934699007,0.20618850434980815,0.29261482353835055,0.5011966721118415,2023-08-11
2023-08-26,La Liga,Cadiz,Almeria,D,0.44052255564041626,0.24854661271897224,0.3109308316406112,0.454486582893056,0.27998457112322933,0.26552884598371473,2023-08-11
2023-08-26,La Liga,Granada,Mallorca,H,0.4459910625420655,0.2659382787825905,0.28807065867534387,0.34953454414453083,0.3263096574904092,0.3241557983650599,2023-08-11
2023-08-26,La Liga,Sevilla,Girona,A,0.5059317123871281,0.23795382931365128,0.2561144582992204,0.4938710250488541,0.27162906377686974,0.23449991117427604,2023-08-11
2023-08-27,La Liga,Villarreal,Barcelona,A,0.3185469659197678,0.24516195234622434,0.4362910817340078,0.2738225629791895,0.2606790799561884,0.4654983570646221,2023-08-11
2023-08-27,La Liga,Valencia,Osasuna,A,0.4827025362594819,0.27284303793642606,0.24445442580409196,0.5496259351620948,0.2748129675810474,0.17556109725685784,2023-08-11
2023-08-27,La Liga,Ath Bilbao,Betis,H,0.46845079693452985,0.2711826655157564,0.2603665375497138,0.48823198384587374,0.2846833725048826,0.22708464364924358,2023-08-11
2023-08-28,La Liga,Getafe,Alaves,H,0.5083840741165284,0.28844479079251556,0.20317113509095602,0.3733089771136382,0.3609112620065433,0.2657797608798185,2023-08-11
2023-08-28,La Liga,Vallecano,Ath Madrid,A,0.23744415657711307,0.2529865583582656,0.5095692850646212,0.24123472209831387,0.28905343920064236,0.46971183870104377,2023-08-11
2023-09-01,La Liga,Cadiz,Villarreal,H,0.2539130504628979,0.2457370442250151,0.5003499053120873,0.2987950233484636,0.26695620938510267,0.43424876726643374,2023-08-11
2023-09-01,La Liga,Almeria,Celta,A,0.40928150451409545,0.24888804456035235,0.3418304509255523,0.33154388953099334,0.28936522902852974,0.37909088144047687,2023-08-11
2023-09-02,La Liga,Betis,Vallecano,H,0.557450735329092,0.23960284288147676,0.20294642178943137,0.46785943456762163,0.2918884233571132,0.24025214207526513,2023-08-11
2023-09-02,La Liga,Alaves,Valencia,H,0.3342880420023756,0.27652200781817426,0.3891899501794501,0.2938442034089308,0.3283561064938723,0.3777996900971967,2023-08-11
2023-09-02,La Liga,Real Madrid,Getafe,H,0.6867537593622028,0.20243560269269453,0.11081063794510265,0.7079392069927416,0.19753089889614175,0.09452989411111658,2023-08-11
2023-09-02,La Liga,Sociedad,Granada,H,0.6648240919860473,0.20145046469758046,0.13372544331637237,0.6625172737825438,0.2145155049472113,0.12296722127024487,2023-08-11
2023-09-03,La Liga,Girona,Las Palmas,H,0.7116560813824818,0.16875879100294836,0.11958512761456973,0.5598108376150748,0.25104919006449233,0.18913997232043303,2023-08-11
2023-09-03,La Liga,Mallorca,Ath Bilbao,D,0.3121508393334825,0.29761372692926,0.3902354337372576,0.30259137630197414,0.32463445669483326,0.37277416700319255,2023-08-11
2023-09-03,La Liga,Osasuna,Barcelona,A,0.18276909663749705,0.2421743940001168,0.5750565093623863,0.1436160070854664,0.208197080935462,0.6481869119790715,2023-08-11
2023-09-15,La Liga,Vallecano,Alaves,H,0.5199777663476074,0.2537112342417503,0.22631099941064223,0.4792856929197452,0.2990039185187401,0.2217103885615148,2023-09-15
2023-09-16,La Liga,Ath Bilbao,Cadiz,H,0.5945222564276685,0.24492653014001348,0.16055121343231807,0.6052260999377006,0.24299601518695713,0.15177788487534236,2023-09-15
2023-09-16,La Liga,Valencia,Ath Madrid,H,0.2528034110879966,0.25782778921037947,0.4893687997016241,0.2769089949472394,0.3035679354545823,0.4195230695981782,2023-09-15
2023-09-16,La Liga,Celta,Mallorca,A,0.4923079114591307,0.2726728747746218,0.23501921376624765,0.459802365470278,0.31190415237315033,0.22829348215657155,2023-09-15
2023-09-16,La Liga,Barcelona,Betis,H,0.6835782255986792,0.18977152110914666,0.126650253292174,0.7363703409542179,0.16066261984455665,0.1029670392012254,2023-09-15
2023-09-17,La Liga,Sevilla,Las Palmas,H,0.5884999190120439,0.25897143436664827,0.1525286466213081,0.6090310442144873,0.2348071495766698,0.15616180620884287,2023-09-15
2023-09-17,La Liga,Real Madrid,Sociedad,H,0.5751061939744633,0.23170334760579586,0.19319045841974086,0.5559264783418999,0.2580560575857626,0.18601746407233746,2023-09-15
2023-09-17,La Liga,Getafe,Osasuna,H,0.4162761335495368,0.3193013219091465,0.26442254454131653,0.36365347025142186,0.33160265592417787,0.3047438738244002,2023-09-15
2023-09-17,La Liga,Villarreal,Almeria,H,0.7084283586639257,0.16030072521258296,0.13127091612349148,0.6352252920080942,0.19515957766513733,0.16961513032676862,2023-09-15
2023-09-18,La Liga,Granada,Girona,A,0.3342851970568852,0.23150595178610578,0.4342088511570089,0.3247317045857519,0.2730286119561769,0.40223968345807126,2023-09-15
2023-09-22,La Liga,Alaves,Ath Bilbao,A,0.2653362560031088,0.27998082002459856,0.4546829239722924,0.23049120512202675,0.3159960070221335,0.45351278785583965,2023-09-15
2023-09-23,La Liga,Girona,Mallorca,H,0.5720076607829261,0.23233512099265088,0.19565721822442328,0.5119913104657048,0.2876186479380871,0.20039004159620824,2023-09-15
2023-09-23,La Liga,Osasuna,Sevilla,D,0.3624334502952405,0.28385055026944744,0.3537159994353121,0.39950077440115483,0.30209163496383623,0.298407590635009,2023-09-15
2023-09-23,La Liga,Barcelona,Celta,H,0.7335648074755905,0.16923349079318953,0.09720170173121995,0.7760635680415138,0.14443723718350185,0.07949919477498435,2023-09-15
2023-09-23,La Liga,Almeria,Valencia,D,0.3891263698016235,0.24555483180662951,0.3653187983917472,0.3599051080460469,0.28540579996654447,0.35468909198740867,2023-09-15
2023-09-24,La Liga,Sociedad,Getafe,H,0.5507519554505079,0.27774556065858813,0.1715024838909038,0.5703251418050438,0.2843311931447886,0.14534366505016766,2023-09-15
2023-09-24,La Liga,Vallecano,Villarreal,D,0.3140375655204861,0.24816413006634044,0.4377983044131733,0.3707114740969636,0.27724597496203507,0.3520425509410014,2023-09-15
2023-09-24,La Liga,Betis,Cadiz,D,0.5826190351090255,0.2388110958020053,0.17856986908896916,0.540091683038638,0.26709452084697666,0.1928137961143855,2023-09-15
2023-09-24,La Liga,Las Palmas,Granada,H,0.38906760879574975,0.29004649968618773,0.3208858915180627,0.5004008311110384,0.2616036516532238,0.23799551723573778,2023-09-15
2023-09-24,La Liga,Ath Madrid,Real Madrid,H,0.4367934266422279,0.2519450590171819,0.3112615143405901,0.34104884800347257,0.2895888147248421,0.36936233727168544,2023-09-15
2023-09-26,La Liga,Sevilla,Almeria,H,0.6199704726281823,0.201108548901744,0.17892097847007363,0.5679087351668411,0.24461560129352605,0.18747566353963288,2023-09-15
2023-09-26,La Liga,Mallorca,Barcelona,D,0.16485306500965935,0.22924372153471595,0.6059032134556247,0.12979351032448377,0.22123893805309733,0.6489675516224188,2023-09-15
2023-09-27,La Liga,Valencia,Sociedad,A,0.3248365989990621,0.2816271603346215,0.39353624066631654,0.38060028251276445,0.3238883198866903,0.2955113976005452,2023-09-15
2023-09-27,La Liga,Cadiz,Vallecano,D,0.40161800390428465,0.27905579748575216,0.3193261986099629,0.359548656605984,0.31446056140459056,0.32599078198942555,2023-09-15
2023-09-27,La Liga,Villarreal,Girona,A,0.555599204538013,0.21325273984992174,0.23114805561206495,0.4508899143045485,0.26301911667765326,0.2860909690177983,2023-09-15
2023-09-27,La Liga,Real Madrid,Las Palmas,H,0.7698790013177259,0.1618121400541696,0.06830885862810457,0.8203343483935118,0.120999316388043,0.05866633521844509,2023-09-15
2023-09-27,La Liga,Ath Bilbao,Getafe,D,0.5114171181918034,0.295130069652728,0.19345281215546906,0.6350103697708533,0.23930193737670094,0.12568769285244574,2023-09-15
2023-09-28,La Liga,Celta,Alaves,D,0.5483968424309335,0.24909618026695934,0.20250697730210743,0.6131386861313868,0.24433346139070303,0.14252785247791008,2023-09-15
2023-09-28,La Liga,Granada,Betis,D,0.32240102913389945,0.246987318775298,0.4306116520908025,0.351197194300734,0.2831908011846959,0.36561200451457004,2023-09-15
2023-09-28,La Liga,Osasuna,Ath Madrid,A,0.22640104056413288,0.26360470672015096,0.5099942527157163,0.23232594984007413,0.2810609910421586,0.48661305911776725,2023-09-15
2023-09-29,La Liga,Barcelona,Sevilla,H,0.6903996531273792,0.18632309130319663,0.12327725556942437,0.7192360871068095,0.16915831316972002,0.11160559972347046,2023-09-15
2023-09-30,La Liga,Getafe,Villarreal,D,0.31297643357854177,0.2839145828895912,0.4031089835318671,0.34915475653566813,0.3102362327179981,0.34060901074633365,2023-09-15
2023-09-30,La Liga,Vallecano,Mallorca,D,0.4645312417397216,0.27493802605756085,0.2605307322027176,0.48126522614129863,0.2996835610634467,0.21905121279525475,2023-09-15
2023-09-30,La Liga,Girona,Real Madrid,A,0.2764230802226536,0.22990643478718661,0.49367048499015975,0.23951299108823898,0.24069285803941262,0.5197941508723485,2023-09-15
2023-09-30,La Liga,Sociedad,Ath Bilbao,H,0.468550700073972,0.2829117310482132,0.2485375688778146,0.4214548708395065,0.31139340775403024,0.2671517214064631,2023-09-15
2023-10-01,La Liga,Ath Madrid,Cadiz,H,0.7316179943079276,0.17493265448881368,0.09344935120325867,0.724523939099618,0.18283654960329346,0.09263951129708856,2023-09-15
2023-10-01,La Liga,Betis,Valencia,H,0.5094384390890723,0.25412699782610404,0.23643456308482347,0.4718284534161704,0.28641785881861365,0.24175368776521602,2023-09-15
2023-10-01,La Liga,Almeria,Granada,D,0.4992850005399363,0.21688020485420995,0.28383479460585365,0.49332246099382465,0.26187090422728493,0.2448066347788904,2023-09-15
2023-10-01,La Liga,Alaves,Osasuna,A,0.3685538060758941,0.28954878762451924,0.34189740629958665,0.3791129428668658,0.32513328543880216,0.2957537716943321,2023-09-15
2023-10-02,La Liga,Las Palmas,Celta,H,0.30612393996063864,0.3200364861581846,0.3738395738811767,0.32387191245038727,0.31653500828484454,0.35959307926476813,2023-09-15
2023-10-06,La Liga,Ath Bilbao,Almeria,H,0.6402442252843995,0.2032460716478894,0.15650970306771095,0.728071302612333,0.16979754760570312,0.10213114978196382,2023-09-15
2023-10-07,La Liga,Cadiz,Girona,A,0.32860564292577565,0.25973017587781116,0.4116641811964134,0.28446546448944826,0.28114808297936716,0.4343864525311844,2023-09-15
2023-10-07,La Liga,Real Madrid,Osasuna,H,0.7239710340626764,0.1751689273367278,0.10086003860059571,0.7660410283505964,0.1513020382589825,0.0826569333904212,2023-09-15
2023-10-07,La Liga,Mallorca,Valencia,D,0.38163648457400495,0.286835438972082,0.33152807645391313,0.38112212973321447,0.3264946244714537,0.2923832457953317,2023-09-15
2023-10-07,La Liga,Sevilla,Vallecano,D,0.5441668956359677,0.24306086901537316,0.2127722353486592,0.5329359787351786,0.25732792640775115,0.2097360948570703,2023-09-15
2023-10-08,La Liga,Villarreal,Las Palmas,A,0.6706458768818693,0.2109331729668229,0.11842095015130794,0.5897424735546946,0.23618327217603058,0.17407425426927478,2023-09-15
2023-10-08,La Liga,Ath Madrid,Sociedad,H,0.5336034517914814,0.25349662009288765,0.21289992811563085,0.48433362753751097,0.2906001765225066,0.22506619593998234,2023-09-15
2023-10-08,La Liga,Alaves,Betis,D,0.2949723375414338,0.26908509708174855,0.4359425653768175,0.3801358474411067,0.3005997316688136,0.3192644208900798,2023-09-15
2023-10-08,La Liga,Celta,Getafe,D,0.4389184274123311,0.30434309039572527,0.25673848219194373,0.47942908473899587,0.2972751771633895,0.22329573809761452,2023-09-15
2023-10-08,La Liga,Granada,Barcelona,D,0.1426422320329436,0.18267809035036744,0.674679677616689,0.1423216653081603,0.18729421465409146,0.6703841200377482,2023-09-15
2023-10-20,La Liga,Osasuna,Granada,H,0.5027641165364248,0.24739934981968328,0.24983653364389194,0.5771981566337893,0.2507621811596668,0.17203966220654388,2023-10-20
2023-10-21,La Liga,Celta,Ath Madrid,A,0.25239007259595486,0.25735492913662583,0.4902549982674192,0.2853625743009671,0.275716515451357,0.438920910247676,2023-10-20
2023-10-21,La Liga,Sevilla,Real Madrid,D,0.2753937501365398,0.2479388562478249,0.4766673936156353,0.20321699441776814,0.23618440029183704,0.5605986052903948,2023-10-20
2023-10-21,La Liga,Sociedad,Mallorca,H,0.6196214891984145,0.2297417001909498,0.1506368106106354,0.5758791764507073,0.27109632540437195,0.15302449814492064,2023-10-20
2023-10-21,La Liga,Getafe,Betis,D,0.36721205067099466,0.30208226215743006,0.3307056871715755,0.39257020125686104,0.3103173971839949,0.2971124015591441,2023-10-20
2023-10-22,La Liga,Las Palmas,Vallecano,A,0.3896380059902449,0.31671086488080846,0.2936511291289464,0.3677221654749745,0.3217568947906027,0.3105209397344229,2023-10-20
2023-10-22,La Liga,Girona,Almeria,H,0.6875083942584662,0.16353065830918098,0.14896094743235275,0.6995563979834825,0.18243590866736217,0.1180076933491554,2023-10-20
2023-10-22,La Liga,Villarreal,Alaves,D,0.6793328193959003,0.190050197614937,0.13061698298916297,0.46771083591969725,0.2909272759143355,0.24136188816596724,2023-10-20
2023-10-22,La Liga,Barcelona,Ath Bilbao,H,0.6269088070452077,0.21969940935107246,0.15339178360371966,0.5249291286604005,0.2576169338544446,0.2174539374851548,2023-10-20
2023-10-23,La Liga,Valencia,Cadiz,H,0.5366548790117431,0.26094237617334215,0.2024027448149145,0.5765228350858306,0.2639123604752576,0.1595648044389119,2023-10-20
2023-10-27,La Liga,Girona,Celta,H,0.5552081362010572,0.22417462401067087,0.22061723978827186,0.5547151485542964,0.2356192985364123,0.2096655529092913,2023-10-20
2023-10-28,La Liga,Almeria,Las Palmas,A,0.4220662077052726,0.2746187031632901,0.3033150891314371,0.4209748892171344,0.2946824224519941,0.28434268833087145,2023-10-20
2023-10-28,La Liga,Barcelona,Real Madrid,A,0.49917079044029355,0.2371291067429161,0.26370010281679024,0.3772281273990444,0.278867784724795,0.3439040878761606,2023-10-20
2023-10-28,La Liga,Mallorca,Getafe,D,0.39475655204957566,0.3092120934226336,0.29603135452779045,0.41935788548303893,0.3301026598565813,0.2505394546603797,2023-10-20
2023-10-28,La Liga,Cadiz,Sevilla,D,0.3025992714538924,0.2817836491303861,0.4156170794157213,0.25047097873867413,0.27989593612631203,0.4696330851350139,2023-10-20
2023-10-29,La Liga,Ath Bilbao,Valencia,D,0.5397655828779536,0.25918545583949654,0.20104896128254984,0.5887076466802831,0.2446769816177499,0.1666153717019669,2023-10-20
2023-10-29,La Liga,Ath Madrid,Alaves,H,0.7656274677971155,0.15502563973499964,0.07934689246788501,0.6692921120547235,0.21235745349657528,0.11835043444870111,2023-10-20
2023-10-29,La Liga,Vallecano,Sociedad,D,0.3051712177800171,0.27901411662888187,0.4158146655911011,0.28849084790776985,0.3085756537747664,0.40293349831746367,2023-10-20
2023-10-29,La Liga,Betis,Osasuna,H,0.5349135948921229,0.25898531214695425,0.2061010929609228,0.48871767937133465,0.2802732512821199,0.2310090693465454,2023-10-20
2023-10-30,La Liga,Granada,Villarreal,A,0.2972810347469008,0.2283031796332236,0.47441578561987546,0.32547055104323724,0.2673508097855163,0.4071786391712466,2023-10-20
2023-11-03,La Liga,Las Palmas,Ath Madrid,H,0.20944489535994343,0.28678088046706735,0.5037742241729897,0.17423626820108493,0.26253486482331495,0.5632288669756002,2023-10-20
2023-11-04,La Liga,Osasuna,Girona,A,0.3573947499375755,0.2598688542410483,0.38273639582137636,0.32559587164600057,0.2941183251424597,0.38028580321153976,2023-10-20
2023-11-04,La Liga,Betis,Mallorca,H,0.5548275845453815,0.2479682760075425,0.19720413944707618,0.5110625771531668,0.2814547526350774,0.2074826702117558,2023-10-20
2023-11-04,La Liga,Celta,Sevilla,D,0.3920891895916412,0.2730342010899195,0.33487660931843954,0.4037609657003862,0.2853559904216806,0.31088304387793314,2023-10-20
2023-11-04,La Liga,Sociedad,Barcelona,A,0.31671117406414145,0.26716784121711407,0.4161209847187445,0.28752161372476215,0.2953869466230079,0.41709143965223006,2023-10-20
2023-11-05,La Liga,Alaves,Almeria,H,0.4586218889300465,0.23908126847847655,0.30229684259147704,0.5481838712027391,0.2573701464267502,0.19444598237051064,2023-10-20
2023-11-05,La Liga,Valencia,Granada,H,0.5550013373803319,0.22756094269390312,0.21743771992576497,0.5820384269704627,0.2342178730218488,0.18374370000768858,2023-10-20
2023-11-05,La Liga,Villarreal,Ath Bilbao,A,0.45673974026759145,0.26059036911521055,0.28266989061719794,0.25454894840770237,0.24679618855772154,0.49865486303457596,2023-10-20
2023-11-05,La Liga,Real Madrid,Vallecano,D,0.745103174106513,0.16058206850473952,0.09431475738874756,0.7903780068728522,0.13974799541809851,0.06987399770904926,2023-10-20
2023-11-06,La Liga,Getafe,Cadiz,H,0.491937248566405,0.294936719298938,0.21312603213465706,0.46671764794242754,0.3131524863613708,0.22012986569620166,2023-10-20
2023-11-10,La Liga,Ath Bilbao,Celta,H,0.5485807943503382,0.25446820207611565,0.19695100357354614,0.5673588123181864,0.24014444778814326,0.1924967398936704,2023-10-20
2023-11-11,La Liga,Real Madrid,Valencia,H,0.7205727276715144,0.1726474575517451,0.10677981477674042,0.7360826609024343,0.16781159108656535,0.09610574801100034,2023-10-20
2023-11-11,La Liga,Osasuna,Las Palmas,D,0.4261885438732592,0.32336661498624647,0.2504448411404942,0.4933337274957873,0.2892462628472325,0.21742000965698013,2023-10-20
2023-11-11,La Liga,Almeria,Sociedad,A,0.2560922162530571,0.23238680762008107,0.5115209761268618,0.2212291909242534,0.25499575164427096,0.5237750574314755,2023-10-20
2023-11-11,La Liga,Vallecano,Girona,A,0.3765764242270237,0.24983135922857855,0.3735922165443976,0.3257612446273988,0.27829317755312066,0.39594557781948064,2023-10-20
2023-11-11,La Liga,Granada,Getafe,D,0.39541937334701405,0.2750930263359275,0.3294876003170584,0.3904528763769889,0.3047735618115055,0.3047735618115055,2023-10-20
2023-11-12,La Liga,Barcelona,Alaves,H,0.820251228400805,0.12301791126097356,0.05673086033822137,0.7719602298640883,0.14822585058834262,0.0798139195475691,2023-10-20
2023-11-12,La Liga,Sevilla,Betis,D,0.45977485706201804,0.26356461475053533,0.2766605281874467,0.434335129421092,0.2811880606656781,0.2844768099132299,2023-10-20
2023-11-12,La Liga,Ath Madrid,Villarreal,H,0.5956914976339754,0.21644277865598635,0.18786572371003818,0.7240974152316556,0.16700353466616502,0.10889905010217941,2023-10-20
2023-11-24,La Liga,Alaves,Granada,H,0.47076223373199133,0.24769040382106428,0.2815473624469441,0.5576061532800115,0.26436912989297556,0.17802471682701285,2023-11-24
2023-11-25,La Liga,Vallecano,Barcelona,D,0.18996647748252185,0.23496567962689682,0.575067842890581,0.19407447675998915,0.22832291383528136,0.5776026094047296,2023-11-24
2023-11-25,La Liga,Valencia,Celta,D,0.46839235214500474,0.2649675880528266,0.26664005980216865,0.42348194951202867,0.29337604936074274,0.2831420011272285,2023-11-24
2023-11-25,La Liga,Getafe,Almeria,H,0.5520978728803738,0.24248955743177417,0.20541256968785207,0.5448183041722745,0.2635262449528936,0.19165545087483177,2023-11-24
2023-11-25,La Liga,Ath Madrid,Mallorca,H,0.7169980821512926,0.1826459923950841,0.10035592545362326,0.7118766562274149,0.18983377499397736,0.09828956877860755,2023-11-24
2023-11-26,La Liga,Cadiz,Real Madrid,A,0.15340165116322377,0.21683024652945515,0.6297681023073212,0.14024759062865438,0.2058953990080245,0.653857010363321,2023-11-24
2023-11-26,La Liga,Villarreal,Osasuna,H,0.5845036172803735,0.22776579336892255,0.187730589350704,0.4423138382869926,0.2812400127836369,0.2764461489293704,2023-11-24
2023-11-26,La Liga,Sociedad,Sevilla,H,0.5294168199783416,0.25366376821672304,0.2169194118049355,0.5951282387489578,0.2455845643445066,0.1592871969065355,2023-11-24
2023-11-26,La Liga,Betis,Las Palmas,H,0.5185864896509388,0.28600553725335476,0.19540797309570637,0.5650346528454532,0.2598555087952351,0.17510983835931163,2023-11-24
2023-11-27,La Liga,Girona,Ath Bilbao,D,0.4521632236667174,0.24351700631041792,0.30431977002286464,0.42802595706533164,0.2654696509667494,0.3065043919679189,2023-11-24
2023-11-29,La Liga,Mallorca,Cadiz,D,0.4733543063306583,0.28411216095939384,0.24253353270994804,0.5195700319022271,0.291770558455605,0.1886594096421679,2023-11-24
2023-12-01,La Liga,Las Palmas,Getafe,H,0.3663925570814522,0.3526725555908526,0.28093488732769534,0.4041268318997812,0.32682740432163515,0.26904576377858364,2023-11-24
2023-12-02,La Liga,Girona,Valencia,H,0.5573847722190615,0.2227314012797211,0.21988382650121735,0.5813387659455438,0.2415014276440443,0.17715980641041204,2023-11-24
2023-12-02,La Liga,Ath Bilbao,Vallecano,H,0.574052369197835,0.2429013928433707,0.18304623795879438,0.6558386437273586,0.20348871964706305,0.14067263662557836,2023-11-24
2023-12-02,La Liga,Real Madrid,Granada,H,0.8270093923114197,0.11078967654077326,0.062200931147807,0.8111078162884404,0.12454429695267666,0.06434788675888294,2023-11-24
2023-12-02,La Liga,Osasuna,Sociedad,D,0.28599030570760453,0.28719691968070576,0.42681277461168954,0.2430912550768269,0.30673975404016013,0.45016899088301277,2023-11-24
2023-12-03,La Liga,Mallorca,Alaves,D,0.4597872659597047,0.2798409669340618,0.2603717671062336,0.3537481244763148,0.33545080769305713,0.310801067830628,2023-11-24
2023-12-03,La Liga,Almeria,Betis,D,0.29190011371525443,0.2358805657271386,0.47221932055760696,0.27416379128230406,0.25603126540384485,0.46980494331385114,2023-11-24
2023-12-03,La Liga,Sevilla,Villarreal,D,0.4357494016696851,0.24850681330572963,0.31574378502458506,0.5115539263972096,0.24606391396321475,0.24238215963957566,2023-11-24
2023-12-03,La Liga,Barcelona,Ath Madrid,H,0.5131443003635304,0.2456156904314296,0.24124000920504,0.4983585661602398,0.24790796020726213,0.25373347363249804,2023-11-24
2023-12-04,La Liga,Celta,Cadiz,D,0.5315902059445662,0.258644825665447,0.2097649683899866,0.6267300618367544,0.22696999902966575,0.14629993913357975,2023-11-24
2023-12-08,La Liga,Getafe,Valencia,H,0.4047934489565214,0.3058661147424035,0.2893404363010753,0.36427830666868644,0.33082417646441925,0.3048975168668943,2023-11-24
2023-12-09,La Liga,Mallorca,Sevilla,H,0.34283135900080164,0.28210284305962696,0.3750657979395713,0.3733106347496786,0.31737483931487337,0.309314525935448,2023-11-24
2023-12-09,La Liga,Villarreal,Sociedad,A,0.411994872909844,0.25757976827935475,0.33042535881080126,0.27633468215637647,0.2795109428708175,0.444154374972806,2023-11-24
2023-12-09,La Liga,Alaves,Las Palmas,A,0.38489189709881916,0.32110820491621933,0.29399989798496157,0.48141994569842367,0.2986586700166146,0.2199213842849617,2023-11-24
2023-12-09,La Liga,Betis,Real Madrid,D,0.2772740730164246,0.25032252747937367,0.4724033995042017,0.2042784295606772,0.23158055857117346,0.5641410118681494,2023-11-24
2023-12-10,La Liga,Ath Madrid,Almeria,H,0.8205881707682949,0.11455671387165225,0.064855115360053,0.8033561061612569,0.1220287756194314,0.07461511821931179,2023-11-24
2023-12-10,La Liga,Cadiz,Osasuna,D,0.37406966823663523,0.29941423383708865,0.3265160979262764,0.34309690231888007,0.3173925741321236,0.33951052354899625,2023-11-24
2023-12-10,La Liga,Barcelona,Girona,A,0.6890172697418966,0.17447494036067185,0.13650778989743156,0.6641199611163796,0.18123647537007745,0.15464356351354297,2023-11-24
2023-12-11,La Liga,Vallecano,Celta,D,0.43307167635806204,0.27071247938816206,0.2962158442537759,0.35415688116486616,0.30530765617660877,0.3405354626585252,2023-11-24
2023-12-11,La Liga,Granada,Ath Bilbao,D,0.2808294487369892,0.24632981548657235,0.4728407357764384,0.23306203795517244,0.26337905102251197,0.5035589110223156,2023-11-24
2023-12-15,La Liga,Osasuna,Vallecano,H,0.428817361795841,0.2843993932033675,0.28678324500079144,0.42535457268878296,0.3063087960557588,0.2683366312554581,2023-11-24
2023-12-16,La Liga,Sevilla,Getafe,A,0.48790409404838303,0.28507038385638295,0.22702552209523397,0.5333718851235328,0.2813729944709652,0.18525512040550188,2023-11-24
2023-12-16,La Liga,Celta,Granada,H,0.5523894599707317,0.2253393007540456,0.22227123927522272,0.566604933005677,0.2536372867643214,0.17975778023000147,2023-11-24
2023-12-16,La Liga,Ath Bilbao,Ath Madrid,H,0.33667734229421953,0.27241527185352143,0.39090738585225904,0.3702853975317386,0.291572034583375,0.3381425678848863,2023-11-24
2023-12-16,La Liga,Valencia,Barcelona,D,0.21525090658020288,0.24504184522437772,0.5397072481954195,0.16073718969171572,0.21290627757411468,0.6263565327341696,2023-11-24
2023-12-17,La Liga,Real Madrid,Villarreal,H,0.669877281041218,0.1826798114846176,0.1474429074741644,0.7892499482558232,0.13208298173828592,0.07866707000589088,2023-11-24
2023-12-17,La Liga,Las Palmas,Cadiz,D,0.45400854799533225,0.3171819783279198,0.22880947367674778,0.4835601589786824,0.2945320968324701,0.22190774418884737,2023-11-24
2023-12-17,La Liga,Almeria,Mallorca,D,0.4120936443714292,0.2513224745932013,0.3365838810353696,0.40554194156456175,0.3139679547596607,0.2804901036757776,2023-11-24
2023-12-17,La Liga,Sociedad,Betis,D,0.5133263423058421,0.2589514663264202,0.22772219136773775,0.6096866911670074,0.23191431553960334,0.1583989932933892,2023-11-24
2023-12-18,La Liga,Girona,Alaves,H,0.6479695985445734,0.19605912769535608,0.15597127376007053,0.5970352374279854,0.2347565739401302,0.16820818863188458,2023-11-24
2023-12-19,La Liga,Granada,Sevilla,A,0.3310980330173887,0.24715418944090087,0.4217477775417105,0.3117443569007208,0.3068272534795738,0.3814283896197055,2023-11-24
2023-12-19,La Liga,Vallecano,Valencia,A,0.41213975328263025,0.2777681172561656,0.3100921294612041,0.4269501666997858,0.3070808769954295,0.26596895630478457,2023-11-24
2023-12-19,La Liga,Ath Madrid,Getafe,D,0.6500001977700179,0.2248102962121595,0.12518950601782247,0.6547280354430977,0.2134355710255032,0.13183639353139928,2023-11-24
2023-12-20,La Liga,Ath Bilbao,Las Palmas,H,0.5461825599306069,0.28058566515598743,0.1732317749134056,0.7009929479468856,0.1863911884714262,0.11261586358168825,2023-11-24
2023-12-20,La Liga,Villarreal,Celta,H,0.5703178095847212,0.2226453633320506,0.2070368270832284,0.3971828093566629,0.2878987819301255,0.31491840871321175,2023-11-24
2023-12-20,La Liga,Barcelona,Almeria,H,0.8598523390760541,0.09273918440290933,0.04740847652103633,0.8426966292134832,0.10674157303370785,0.05056179775280898,2023-11-24
2023-12-21,La Liga,Cadiz,Sociedad,D,0.2370985060042415,0.27729602949428694,0.4856054645014716,0.15488082261370803,0.2705021609437185,0.5746170164425736,2023-11-24
2023-12-21,La Liga,Alaves,Real Madrid,A,0.16578138823175603,0.21663924756313443,0.6175793642051093,0.16032141921333812,0.23446522325631047,0.6052133575303514,2023-11-24
2023-12-21,La Liga,Betis,Girona,D,0.45631372470226667,0.23916163581578492,0.30452463948194847,0.36434149933423116,0.27402586006264706,0.3616326406031216,2023-11-24
2023-12-21,La Liga,Mallorca,Osasuna,H,0.4156038176163672,0.29310155810187793,0.2912946242817548,0.4303201979274983,0.3330560436014199,0.23662375847108177,2023-11-24
2023-12-23,La Liga,Ath Madrid,Sevilla,H,0.632184499301976,0.2128250504147317,0.15499045028329203,0.610572274991824,0.22735595251451995,0.16207177249365612,2023-11-24
2024-01-02,La Liga,Sociedad,Alaves,D,0.6432042314319424,0.22884592570280007,0.12794984286525748,0.6333916176548509,0.2504106395379643,0.11619774280718488,2024-01-02
2024-01-02,La Liga,Valencia,Villarreal,H,0.390612580896721,0.26199768228106696,0.3473897368222121,0.4368501914072907,0.28401630520065835,0.27913350339205106,2024-01-02
2024-01-02,La Liga,Getafe,Vallecano,A,0.4606605618001574,0.30169063649979244,0.23764880170005018,0.40228041024465705,0.3272789778261616,0.2704406119291812,2024-01-02
2024-01-03,La Liga,Real Madrid,Mallorca,H,0.7487633077382112,0.16912667914481583,0.08211001311697307,0.7884436230631133,0.14250388446474047,0.06905249247214632,2024-01-02
2024-01-03,La Liga,Girona,Ath Madrid,H,0.3701842238420501,0.2426127064915318,0.387203069666418,0.3615035790578271,0.26308885807442944,0.3754075628677435,2024-01-02
2024-01-03,La Liga,Granada,Cadiz,H,0.45606456052650923,0.26991580388969,0.2740196355838006,0.4328706225892916,0.31216631436727754,0.2549630630434309,2024-01-02
2024-01-03,La Liga,Celta,Betis,H,0.3723231740966526,0.2851997054493895,0.3424771204539579,0.44055705659419375,0.2941483670915916,0.26529457631421477,2024-01-02
2024-01-04,La Liga,Sevilla,Ath Bilbao,A,0.36296551512684117,0.2865227258554362,0.3505117590177226,0.3150555696173405,0.29862629144711106,0.3863181389355484,2024-01-02
2024-01-04,La Liga,Las Palmas,Barcelona,A,0.1704779630566795,0.26332325228339026,0.5661987846599305,0.1523894137359213,0.2067676874408334,0.6408428988232453,2024-01-02
2024-01-04,La Liga,Osasuna,Almeria,H,0.5314210680489164,0.23748283228457878,0.23109609966650485,0.558824520418707,0.25454310615930636,0.18663237342198663,2024-01-02
2024-01-12,La Liga,Sevilla,Alaves,A,0.5635229720796868,0.2551911612086816,0.1812858667116313,0.4694331921209685,0.30084418194749374,0.22972262593153775,2024-01-02
2024-01-13,La Liga,Las Palmas,Villarreal,H,0.3113924716925043,0.28871083839125333,0.3998966899162424,0.3629299890899,0.2781429261116327,0.3589270847984672,2024-01-02
2024-01-13,La Liga,Mallorca,Celta,D,0.39409203183849123,0.29712137261001736,0.3087865955514915,0.40397199845849346,0.330024581791515,0.2660034197499916,2024-01-02
2024-01-13,La Liga,Ath Bilbao,Sociedad,H,0.4302030122807343,0.28872283759466044,0.2810741501246053,0.4528996494890438,0.31467702919043955,0.23242332132051652,2024-01-02
2024-01-13,La Liga,Betis,Granada,H,0.6354909885664047,0.21170276952172498,0.15280624191187026,0.5517654651055591,0.2555545312067853,0.19268000368765556,2024-01-02
2024-01-14,La Liga,Almeria,Girona,D,0.27740352932151746,0.21184657048118813,0.5107499001972946,0.2531052959164344,0.2584905149784862,0.4884041891050794,2024-01-02
2024-01-14,La Liga,Cadiz,Valencia,A,0.3367644185038825,0.30429132830825034,0.3589442531878672,0.3087985969014908,0.3413037123648056,0.34989769073370364,2024-01-02
2024-01-19,La Liga,Alaves,Cadiz,H,0.4433403796519583,0.29921676635771616,0.25744285399032546,0.5774127093127674,0.27172362791189053,0.15086366277534202,2024-01-02
2024-01-20,La Liga,Vallecano,Las Palmas,A,0.43693441081968576,0.31869021608555176,0.24437537309476234,0.5623785292277367,0.2614300189923532,0.1761914517799102,2024-01-02
2024-01-20,La Liga,Villarreal,Mallorca,D,0.588272029199913,0.23048661210252472,0.1812413586975624,0.4584910546723949,0.28504429205439213,0.25646465327321305,2024-01-02
2024-01-20,La Liga,Valencia,Ath Bilbao,H,0.32383628564332684,0.29368157362437847,0.3824821407322949,0.27376987707124373,0.30182703838599845,0.4244030845427577,2024-01-02
2024-01-20,La Liga,Celta,Sociedad,A,0.30906520838325835,0.28835705226498304,0.4025777393517589,0.3861508810572687,0.32764317180616737,0.2862059471365639,2024-01-02
2024-01-21,La Liga,Girona,Sevilla,H,0.5384529600229541,0.22902676613471087,0.23252027384233498,0.530442058290336,0.24328545530609397,0.22627248640356992,2024-01-02
2024-01-21,La Liga,Betis,Barcelona,A,0.27076303821929754,0.2630750381713449,0.4661619236093576,0.23677569276130037,0.23562629619449793,0.5275980110442018,2024-01-02
2024-01-21,La Liga,Real Madrid,Almeria,H,0.8461696153899352,0.10135426960340126,0.05247611500666348,0.8583485641560529,0.09948039769193227,0.04217103815201477,2024-01-02
2024-01-21,La Liga,Osasuna,Getafe,H,0.3870326700647589,0.3129274262703242,0.300039903664917,0.3922151334703025,0.3346545507425789,0.2731303157871187,2024-01-02
2024-01-22,La Liga,Granada,Ath Madrid,A,0.18881707976064802,0.22110024464512212,0.5900826755942299,0.1837341259119157,0.24344771683328828,0.572818157254796,2024-01-02
2024-01-26,La Liga,Almeria,Alaves,A,0.45487199723139105,0.25576105687767936,0.28936694589092943,0.33889040721508606,0.31374692538945065,0.34736266739546323,2024-01-02
2024-01-27,La Liga,Sociedad,Vallecano,D,0.6047075145581948,0.24277280097903833,0.1525196844627669,0.5333949631943407,0.2941754039435455,0.1724296328621137,2024-01-02
2024-01-27,La Liga,Las Palmas,Real Madrid,A,0.16948321043911932,0.2628383694270446,0.5676784201338361,0.1421688904808812,0.19921196382197548,0.6586191456971434,2024-01-02
2024-01-27,La Liga,Barcelona,Villarreal,A,0.6892811958509393,0.17757216136187898,0.13314664278718183,0.7122422596516029,0.16063838691976454,0.12711935342863256,2024-01-02
2024-01-27,La Liga,Mallorca,Betis,A,0.3254071557545237,0.3001416148230764,0.3744512294224,0.4283040858270003,0.30963384548639833,0.26206206868660126,2024-01-02
2024-01-28,La Liga,Celta,Girona,A,0.3610761872760109,0.25002661128185144,0.3888972014421377,0.3514115474672098,0.2741999961927243,0.3743884563400658,2024-01-02
2024-01-28,La Liga,Cadiz,Ath Bilbao,D,0.23766230382323925,0.2858592475882313,0.4764784485885294,0.18922012098751978,0.2888985775791596,0.5218813014333206,2024-01-02
2024-01-28,La Liga,Sevilla,Osasuna,D,0.5209379191248378,0.264763446678129,0.21429863419703316,0.4570428395369496,0.30139357529836,0.24156358516469045,2024-01-02
2024-01-28,La Liga,Ath Madrid,Valencia,H,0.6443435508182107,0.21712418473982803,0.13853226444196134,0.6065001470406876,0.24019807803591586,0.15330177492339656,2024-01-02
2024-01-29,La Liga,Getafe,Granada,H,0.5441431787645279,0.2575295090363717,0.19832731219910035,0.5198353707230173,0.2825849253639659,0.1975797039130168,2024-01-02
2024-01-31,La Liga,Ath Madrid,Vallecano,H,0.6832853881645331,0.20025713220016486,0.11645747963530227,0.5922360599083997,0.25359455306782647,0.15416938702377386,2024-01-02
2024-01-31,La Liga,Barcelona,Osasuna,H,0.7471200453160816,0.16657926534680273,0.08630068933711545,0.7226376441186555,0.16782226050589227,0.10954009537545231,2024-01-02
2024-02-01,La Liga,Getafe,Real Madrid,A,0.21085691828371084,0.2630738804202319,0.5260692012960572,0.14654263654235164,0.25462263882161884,0.5988347246360295,2024-02-01
2024-02-02,La Liga,Ath Bilbao,Mallorca,H,0.5908071820895368,0.25444551598862386,0.15474730192183941,0.6344364800976056,0.24889431142290683,0.11666920847948754,2024-02-01
2024-02-03,La Liga,Valencia,Almeria,H,0.5869868891208938,0.22259819859322388,0.19041491228588214,0.559223637951497,0.25472490315068186,0.18605145889782118,2024-02-01
2024-02-03,La Liga,Granada,Las Palmas,D,0.3925500635759697,0.28999364379748505,0.3174562926265454,0.4399848542218856,0.2928814842862552,0.2671336614918591,2024-02-01
2024-02-03,La Liga,Alaves,Barcelona,A,0.18732440474030396,0.23146307621260356,0.5812125190470926,0.2261203501806229,0.2700881960490774,0.5037914537702999,2024-02-01
2024-02-03,La Liga,Girona,Sociedad,D,0.43967645278635253,0.25323505793652884,0.30708848927711874,0.471963427239492,0.2793806494578602,0.24865592330264794,2024-02-01
2024-02-04,La Liga,Villarreal,Cadiz,D,0.659338838713934,0.20079005479082665,0.13987110649523943,0.6010927606467278,0.23319502280511606,0.16571221654815613,2024-02-01
2024-02-04,La Liga,Osasuna,Celta,A,0.4250065716816212,0.28524591085904893,0.28974751745932975,0.44622806643043167,0.31178755923664775,0.2419843743329207,2024-02-01
2024-02-04,La Liga,Betis,Getafe,D,0.49429314920506295,0.28258297746742683,0.22312387332751046,0.46077197435352113,0.30382152058935297,0.2354065050571258,2024-02-01
2024-02-04,La Liga,Real Madrid,Ath Madrid,D,0.5287200623230726,0.23977702676883697,0.2315029109080905,0.5643193762421302,0.23388658485215996,0.20179403890570977,2024-02-01
2024-02-05,La Liga,Vallecano,Sevilla,A,0.39894017948898103,0.2838315861677016,0.3172282343433175,0.4526153944485674,0.2985040178111718,0.2488805877402609,2024-02-01
2024-02-09,La Liga,Cadiz,Betis,A,0.2762290846841276,0.28904052625466486,0.4347303890612073,0.31856748798286755,0.32172162152725237,0.35971089048988,2024-02-01
2024-02-10,La Liga,Las Palmas,Valencia,H,0.37355447169335193,0.3121043252798425,0.3143412030268056,0.37430469715698395,0.3243974042027194,0.3012978986402967,2024-02-01
2024-02-10,La Liga,Real Madrid,Girona,H,0.6599780075335315,0.18359806288665403,0.15642392957981432,0.6760093338782491,0.17640389551932412,0.1475867706024269,2024-02-01
2024-02-10,La Liga,Sociedad,Osasuna,A,0.5829645853549194,0.2521687592947373,0.16486665535034334,0.5514751989709784,0.29147037543210863,0.15705442559691293,2024-02-01
2024-02-10,La Liga,Alaves,Villarreal,D,0.3383581167000529,0.2559009787924045,0.40574090450754263,0.43796645886381597,0.27939239617174466,0.28264114496443943,2024-02-01
2024-02-11,La Liga,Getafe,Celta,H,0.43224539290706543,0.2974695792412508,0.2702850278516839,0.4386016514459119,0.3161349565616638,0.2452633919924243,2024-02-01
2024-02-11,La Liga,Mallorca,Vallecano,H,0.40743592041226306,0.3054847328504023,0.2870793467373347,0.38746028687889816,0.34609441995232537,0.26644529316877646,2024-02-01
2024-02-11,La Liga,Sevilla,Ath Madrid,H,0.28446973523468294,0.26106561016301527,0.4544646546023015,0.257194942745446,0.2685626750214878,0.47424238223306625,2024-02-01
2024-02-11,La Liga,Barcelona,Granada,D,0.8136905797387499,0.12137741364662748,0.06493200661462231,0.8118977259954728,0.11987075607129188,0.06823151793323536,2024-02-01
2024-02-12,La Liga,Almeria,Ath Bilbao,D,0.23955882210487142,0.2432211465400583,0.5172200313550702,0.20583043201098422,0.26616976413475213,0.5279998038542638,2024-02-01
2024-02-16,La Liga,Villarreal,Getafe,D,0.5374525363960813,0.24599627617642528,0.21655118742749357,0.46763395983305783,0.2701885101257668,0.2621775300411753,2024-02-01
2024-02-17,La Liga,Ath Madrid,Las Palmas,H,0.6603444989828624,0.2188916691720323,0.12076383184510531,0.6563609199996193,0.21829531721335654,0.12534376278702408,2024-02-01
2024-02-17,La Liga,Osasuna,Cadiz,H,0.5163858160754395,0.2768798299606581,0.20673435396390227,0.5368916797488227,0.28414442700156983,0.17896389324960754,2024-02-01
2024-02-17,La Liga,Celta,Barcelona,A,0.2166464319963336,0.23916563190719,0.5441879360964764,0.24484182964083098,0.25659423746359084,0.49856393289557815,2024-02-01
2024-02-17,La Liga,Valencia,Sevilla,D,0.44037156276249906,0.2752138760911294,0.2844145611463716,0.4212374401936075,0.30695851320101997,0.27180404660537244,2024-02-01
2024-02-18,La Liga,Betis,Alaves,D,0.5526747477321807,0.2541347523183528,0.1931904999494665,0.39684378608476273,0.3146496038536145,0.28850661006162276,2024-02-01
2024-02-18,La Liga,Mallorca,Sociedad,A,0.2764512069093221,0.3059345683723951,0.4176142247182827,0.250096942525085,0.34621961082654124,0.40368344664837374,2024-02-01
2024-02-18,La Liga,Granada,Almeria,D,0.4915438819634014,0.23101723282434247,0.2774388852122562,0.42495817924874724,0.28454802060807927,0.29049380014317344,2024-02-01
2024-02-18,La Liga,Vallecano,Real Madrid,D,0.19911214867745364,0.2458324917219706,0.555055359600576,0.18026421409232526,0.24694357899892516,0.5727922069087495,2024-02-01
2024-02-19,La Liga,Ath Bilbao,Girona,H,0.4986360413656422,0.24156010199548192,0.25980385663887584,0.5190802163306986,0.2652131159941001,0.2157066676752014,2024-02-01
2024-02-23,La Liga,Sociedad,Villarreal,A,0.5260444105683733,0.2415667152490963,0.23238887418253024,0.5869794309355607,0.23913976815893218,0.17388080090550723,2024-02-01
2024-02-24,La Liga,Barcelona,Getafe,H,0.6961766327893996,0.19429577751903643,0.10952758969156379,0.6832364712023664,0.19173829824256133,0.1250252305550722,2024-02-01
2024-02-24,La Liga,Alaves,Mallorca,D,0.4195433937892152,0.30092631650173074,0.2795302897090541,0.5104227018897697,0.31054843998471426,0.1790288581255162,2024-02-01
2024-02-24,La Liga,Almeria,Ath Madrid,D,0.18596790505744445,0.2081008988297879,0.6059311961127678,0.17981072555205047,0.24605678233438485,0.5741324921135647,2024-02-01
2024-02-25,La Liga,Cadiz,Celta,D,0.33610389073661373,0.2973967604627429,0.3664993488006434,0.2853768013229388,0.32223009685802034,0.3923931018190409,2024-02-01
2024-02-25,La Liga,Betis,Ath Bilbao,H,0.3717166661788876,0.28854747673854203,0.3397358570825703,0.24142430178385652,0.29305419764727164,0.46552150056887176,2024-02-01
2024-02-25,La Liga,Las Palmas,Osasuna,D,0.40941362792842706,0.3105409638264283,0.2800454082451446,0.39398182949025656,0.31290518290705266,0.2931129876026909,2024-02-01
2024-02-25,La Liga,Real Madrid,Sevilla,H,0.7061700652719965,0.18044447002917394,0.1133854646988296,0.747485445873157,0.1562813979216163,0.09623315620522681,2024-02-01
2024-02-26,La Liga,Girona,Vallecano,H,0.6084094025887538,0.21384883066805346,0.17774176674319267,0.5837248835907886,0.2374959085197816,0.1787792078894297,2024-02-01
2024-03-01,La Liga,Celta,Almeria,H,0.5611989019161412,0.2279954945608506,0.21080560352300826,0.5316067760078133,0.25268581820631125,0.21570740578587547,2024-02-01
2024-03-02,La Liga,Valencia,Real Madrid,D,0.21416532589505613,0.260687831619166,0.525146842485778,0.1696899596580811,0.24205151352723783,0.588258526814681,2024-03-02
2024-03-02,La Liga,Getafe,Las Palmas,D,0.4379824699129801,0.32115782247453317,0.24085970761248685,0.46944287505684246,0.298081825572903,0.23247529937025452,2024-03-02
2024-03-02,La Liga,Vallecano,Cadiz,D,0.5107111454553299,0.28623795012137815,0.20305090442329188,0.551257123888004,0.276413828502247,0.17232904760974901,2024-03-02
2024-03-02,La Liga,Sevilla,Sociedad,H,0.34817967653509774,0.29940060289446946,0.3524197205704327,0.3434626748079575,0.34104392357691554,0.31549340161512707,2024-03-02
2024-03-03,La Liga,Villarreal,Granada,H,0.6554085294705501,0.1916043790111253,0.1529870915183248,0.5450255603617774,0.2449862367282737,0.20998820290994885,2024-03-02
2024-03-03,La Liga,Ath Madrid,Betis,H,0.5933442741023838,0.23556649583688252,0.17108923006073376,0.6331507436792141,0.22269439950096495,0.14415485681982104,2024-03-02
2024-03-03,La Liga,Mallorca,Girona,H,0.3080800298999278,0.2650178426843108,0.42690212741576145,0.25973969787648266,0.29259833435483296,0.44766196776868444,2024-03-02
2024-03-03,La Liga,Ath Bilbao,Barcelona,D,0.3379910022597236,0.2733260027034147,0.3886829950368617,0.2959520926731895,0.27439815875301327,0.4296497485737971,2024-03-02
2024-03-04,La Liga,Osasuna,Alaves,H,0.45518556126429366,0.2938770131525051,0.2509374255832014,0.3953954487951348,0.3168315322592937,0.2877730189455715,2024-03-02
2024-03-08,La Liga,Barcelona,Mallorca,H,0.7433833984338594,0.17164042116821068,0.08497618039792995,0.6673073038195442,0.20719391660349873,0.12549877957695707,2024-03-02
2024-03-09,La Liga,Valencia,Getafe,H,0.4433438096979459,0.3039362113344363,0.25271997896761766,0.5165620146371828,0.2988112576978165,0.18462672766500068,2024-03-02
2024-03-09,La Liga,Cadiz,Ath Madrid,H,0.17162783830936776,0.2511391352938535,0.5772330263967791,0.19518213275730115,0.2628875880227064,0.5419302792199925,2024-03-02
2024-03-09,La Liga,Granada,Sociedad,A,0.2534880129899753,0.2741390260466078,0.4723729609634169,0.20495791792807214,0.2906119731815948,0.504430108890333,2024-03-02
2024-03-09,La Liga,Girona,Osasuna,H,0.6114857872924389,0.21605969876181128,0.17245451394574995,0.6334308212460755,0.21584613730656912,0.15072304144735543,2024-03-02
2024-03-10,La Liga,Betis,Villarreal,A,0.46260458517093594,0.2531021638196153,0.2842932510094486,0.45036714713081316,0.26896926842534674,0.2806635844438401,2024-03-02
2024-03-10,La Liga,Real Madrid,Celta,H,0.7319421395090006,0.17498156806274232,0.09307629242825737,0.7450538225061918,0.16035926643345189,0.09458691106035638,2024-03-02
2024-03-10,La Liga,Alaves,Vallecano,H,0.4077832630074185,0.3016636134947358,0.2905531234978455,0.46049267227938884,0.31142292900945845,0.22808439871115269,2024-03-02
2024-03-10,La Liga,Las Palmas,Ath Bilbao,A,0.2737185332801881,0.3156165992961264,0.41066486742368546,0.20077384873762444,0.27786180212112493,0.5213643491412506,2024-03-02
2024-03-11,La Liga,Almeria,Sevilla,D,0.3307267181995078,0.2629335206361948,0.40633976116429754,0.2773443041566179,0.2821676833593417,0.44048801248404024,2024-03-02
2024-03-15,La Liga,Sociedad,Cadiz,H,0.6486904378753129,0.2350825289250084,0.11622703319967867,0.6716685598134752,0.22598194535780472,0.10234949482872004,2024-03-02
2024-03-16,La Liga,Mallorca,Granada,H,0.4773127738375864,0.27660020506354444,0.24608702109886924,0.5220053994310667,0.28982986356471163,0.1881647370042217,2024-03-02
2024-03-16,La Liga,Osasuna,Real Madrid,A,0.18666607336871405,0.24911584468790807,0.564218081943378,0.13285246766851455,0.21715123078553164,0.6499963015459538,2024-03-02
2024-03-16,La Liga,Getafe,Girona,H,0.34521515154389926,0.2684651266996906,0.38631972175641005,0.2605091158044123,0.28329416966485643,0.45619671453073135,2024-03-02
2024-03-16,La Liga,Ath Bilbao,Alaves,H,0.6125968594620864,0.24341481049827304,0.14398833003964048,0.6028780024251795,0.25746248909934727,0.13965950847547323,2024-03-02
2024-03-17,La Liga,Ath Madrid,Barcelona,A,0.41881579747883446,0.2567374084587554,0.32444679406240995,0.4299213969995863,0.2730420014370632,0.29703660156335054,2024-03-02
2024-03-17,La Liga,Sevilla,Celta,A,0.48619482718904566,0.27169285821256023,0.24211231459839416,0.48384335544618023,0.27241600684784933,0.24374063770597043,2024-03-02
2024-03-17,La Liga,Las Palmas,Almeria,A,0.5002802984270556,0.2708469894826431,0.2288727120903013,0.5506317040602211,0.24534475927746552,0.20402353666231346,2024-03-02
2024-03-17,La Liga,Villarreal,Valencia,H,0.5302929440490719,0.24465430833679003,0.22505274761413802,0.4325517220915828,0.2833087302588145,0.2841395476496028,2024-03-02
2024-03-17,La Liga,Vallecano,Betis,H,0.3484916265629032,0.29758626887471645,0.35392210456238027,0.37552682196223525,0.31173540669300936,0.3127377713447554,2024-03-02
2024-03-29,La Liga,Cadiz,Granada,H,0.409575873125228,0.28669838651060275,0.30372574036416916,0.521688500727802,0.2887918486171761,0.18951965065502183,2024-03-02
2024-03-30,La Liga,Getafe,Sevilla,A,0.39299982912303083,0.30216807709989707,0.304832093777072,0.35929820195358675,0.3245660424314067,0.3161357556150065,2024-03-02
2024-03-30,La Liga,Almeria,Osasuna,A,0.38702041333741977,0.2727350333722265,0.3402445532903535,0.3849404312265377,0.2978285293587585,0.3172310394147037,2024-03-02
2024-03-30,La Liga,Valencia,Mallorca,D,0.4803298917496513,0.29507591888820056,0.2245941893621481,0.4481199420495245,0.32199346829386366,0.22988658965661182,2024-03-02
2024-03-30,La Liga,Barcelona,Las Palmas,H,0.7252859505899861,0.1843893952796116,0.09032465413040225,0.7649848640999712,0.1445098843727082,0.09050525152732053,2024-03-02
2024-03-31,La Liga,Celta,Vallecano,D,0.4585694426135605,0.28570601427219655,0.255724543114243,0.506658767162103,0.27325416655933643,0.22008706627856056,2024-03-02
2024-03-31,La Liga,Girona,Betis,H,0.5127472780750977,0.2386558593357628,0.24859686258913943,0.5610099934212588,0.23846370727734092,0.20052629930140034,2024-03-02
2024-03-31,La Liga,Alaves,Sociedad,A,0.2720493414372153,0.3038412442986578,0.42410941426412685,0.23547079456428138,0.32328663544138964,0.44124256999432904,2024-03-02
2024-03-31,La Liga,Real Madrid,Ath Bilbao,H,0.588347092701832,0.24004863001095733,0.1716042772872105,0.6141876904384027,0.22620432421740708,0.1596079853441902,2024-03-02
2024-04-01,La Liga,Villarreal,Ath Madrid,A,0.36239707842550295,0.24285124212419917,0.3947516794502979,0.2901930568969821,0.26860844935919004,0.44119849374382797,2024-04-01
2024-04-04,La Liga,Granada,Valencia,A,0.3451374782107508,0.2761685456423637,0.37869397614688566,0.3090507726269316,0.30708854549914155,0.38386068187392697,2024-04-01
2024-04-12,La Liga,Betis,Celta,H,0.5139274841022912,0.25969562786668254,0.22637688803102612,0.5166222835810026,0.2660958611321328,0.21728185528686464,2024-04-01
2024-04-13,La Liga,Mallorca,Real Madrid,A,0.17710734295195546,0.2503392094832654,0.5725534475647793,0.1863689006913817,0.27222423696493964,0.5414068623436787,2024-04-01
2024-04-13,La Liga,Cadiz,Barcelona,A,0.1460734466515095,0.22401431082436618,0.6299122425241244,0.2586246028143441,0.28268270540172497,0.45869269178393096,2024-04-01
2024-04-13,La Liga,Ath Madrid,Girona,H,0.5809035547339908,0.21152418087825187,0.20757226438775742,0.5114671490406356,0.24917630337877122,0.23935654758059305,2024-04-01
2024-04-13,La Liga,Vallecano,Getafe,D,0.409015173170357,0.3079313408568163,0.2830534859728267,0.38154612507831326,0.32539886921394606,0.2930550057077406,2024-04-01
2024-04-14,La Liga,Sociedad,Almeria,D,0.6948199829840483,0.1884426042106977,0.11673741280525395,0.7496716641393794,0.17279666017397044,0.07753167568665022,2024-04-01
2024-04-14,La Liga,Ath Bilbao,Villarreal,D,0.5277333145964557,0.24119671462382786,0.23106997077971667,0.5989050764636684,0.22721925617591168,0.17387566736041987,2024-04-01
2024-04-14,La Liga,Granada,Alaves,H,0.4141480889351462,0.2766522254021795,0.30919968566267436,0.358958571211454,0.31999267367863177,0.3210487551099143,2024-04-01
2024-04-14,La Liga,Las Palmas,Sevilla,A,0.34997880445866497,0.30109296062254376,0.34892823491879116,0.34500370929966095,0.30121066880032316,0.35378562190001595,2024-04-01
2024-04-15,La Liga,Osasuna,Valencia,A,0.39932812314143584,0.2961635743335786,0.30450830252498556,0.3987504928274649,0.32004973766414946,0.28119976950838566,2024-04-01
2024-04-19,La Liga,Ath Bilbao,Granada,D,0.6940157666962372,0.19251082455122406,0.11347340875253852,0.7566446458749424,0.16141752445332103,0.08193782967173657,2024-04-01
2024-04-20,La Liga,Celta,Las Palmas,H,0.4772664652145328,0.2900810482453687,0.23265248654009868,0.5741076650647807,0.24688090431538917,0.17901143061983016,2024-04-01
2024-04-20,La Liga,Vallecano,Osasuna,H,0.4335384415205483,0.29520187162565725,0.2712596868537944,0.45607119621752695,0.316427246887079,0.22750155689539403,2024-04-01
2024-04-20,La Liga,Valencia,Betis,A,0.40304801179744454,0.2876667581781811,0.3092852300243744,0.3474856727742352,0.31108241181693436,0.34143191540883033,2024-04-01
2024-04-20,La Liga,Girona,Cadiz,H,0.6845389514577649,0.19125780264752107,0.12420324589471406,0.692552225249773,0.19391462306993643,0.11353315168029066,2024-04-01
2024-04-21,La Liga,Getafe,Sociedad,D,0.30872413794488257,0.3067294268491282,0.38454643520598925,0.24906499545132926,0.31618315980996664,0.43475184473870415,2024-04-01
2024-04-21,La Liga,Almeria,Villarreal,A,0.2860269293271128,0.2255445520278608,0.48842851864502645,0.2727923450404155,0.23919722865612789,0.48801042630345676,2024-04-01
2024-04-21,La Liga,Alaves,Ath Madrid,H,0.2229363430887007,0.2616391417394212,0.515424515171878,0.1799608780699848,0.2811562703760052,0.53888285155401,2024-04-01
2024-04-21,La Liga,Real Madrid,Barcelona,H,0.4890307402733906,0.24394159583292702,0.2670276638936824,0.5628178329641531,0.22128973886999653,0.2158924281658503,2024-04-01
2024-04-22,La Liga,Sevilla,Mallorca,H,0.5088292221245385,0.27571778556562687,0.21545299230983458,0.4582245248502283,0.30937451996257453,0.23240095518719717,2024-04-01
2024-04-26,La Liga,Sociedad,Real Madrid,A,0.30892074353862214,0.27529594308397765,0.4157833133774001,0.41061411528346814,0.30316369259246717,0.2862221921240646,2024-04-01
2024-04-27,La Liga,Ath Madrid,Ath Bilbao,H,0.5030209145047374,0.26253402278431515,0.2344450627109475,0.49309681086957247,0.27833831444500223,0.22856487468542536,2024-04-01
2024-04-27,La Liga,Alaves,Celta,H,0.39006012329168493,0.29248552717413595,0.3174543495341792,0.3651155172144829,0.3132926696098466,0.32159181317567037,2024-04-01
2024-04-27,La Liga,Las Palmas,Girona,A,0.29562860786793377,0.26773243514448175,0.43663895698758437,0.18442458351852545,0.23705306222990957,0.578522354251565,2024-04-01
2024-04-27,La Liga,Almeria,Getafe,A,0.3633308634264175,0.27628516636603084,0.36038397020755164,0.3755563798219585,0.30021327893175076,0.32423034124629085,2024-04-01
2024-04-28,La Liga,Cadiz,Mallorca,D,0.36162267197405595,0.3235481219234836,0.31482920610246085,0.34018175866315414,0.34997116179015136,0.3098470795466945,2024-04-01
2024-04-28,La Liga,Granada,Osasuna,H,0.38444981131908973,0.2738790965383264,0.34167109214258373,0.4070373358872458,0.3118010361443966,0.2811616279683577,2024-04-01
2024-04-28,La Liga,Villarreal,Vallecano,H,0.5825960677706723,0.2283171454781881,0.18908678675113966,0.5423979429745515,0.25617211554734753,0.20142994147810106,2024-04-01
2024-04-28,La Liga,Betis,Sevilla,D,0.47521179561066984,0.26399718060352345,0.260791023785807,0.49100087136804776,0.276974850515309,0.23202427811664308,2024-04-01
2024-04-29,La Liga,Barcelona,Valencia,H,0.7061529606180257,0.18631125593828862,0.10753578344368551,0.7279283528392326,0.16521240772631046,0.10685923943445688,2024-04-01
2024-05-03,La Liga,Getafe,Ath Bilbao,A,0.30872022743772143,0.3088324462865346,0.382447326275744,0.24715896815451754,0.3113252387330942,0.44151579311238814,2024-05-03
2024-05-04,La Liga,Sociedad,Las Palmas,H,0.6356127643042787,0.23908860396666556,0.12529863172905586,0.7187036071760832,0.1906188349091773,0.09067755791473948,2024-05-03
2024-05-04,La Liga,Real Madrid,Cadiz,H,0.805362125724281,0.13831474454480785,0.05632312973091115,0.7108396847018602,0.192195222901497,0.0969650923966429,2024-05-03
2024-05-04,La Liga,Girona,Barcelona,H,0.32923598223080985,0.2297935389622655,0.4409704788069245,0.33214601129421767,0.2501768157048992,0.41767717300088325,2024-05-03
2024-05-04,La Liga,Mallorca,Ath Madrid,A,0.2374817846486764,0.27934026283092983,0.48317795252039364,0.24951076320939342,0.31800391389432486,0.43248532289628183,2024-05-03
2024-05-05,La Liga,Vallecano,Almeria,A,0.5198931062872735,0.2518998566664067,0.2282070370463197,0.5817778347669305,0.24472770379364578,0.17349446143942387,2024-05-03
2024-05-05,La Liga,Sevilla,Granada,H,0.5972556953650839,0.2236913157626718,0.17905298887224416,0.5637604228624015,0.2461086109957691,0.1901309661418295,2024-05-03
2024-05-05,La Liga,Osasuna,Betis,A,0.3580760051279533,0.28742360418838436,0.35450039068366235,0.284325637910085,0.3001215066828676,0.41555285540704745,2024-05-03
2024-05-05,La Liga,Celta,Villarreal,H,0.3725241428918317,0.2502115786686122,0.3772642784395561,0.34262481103516923,0.26659026392873436,0.3907849250360965,2024-05-03
2024-05-05,La Liga,Valencia,Alaves,A,0.4833949024870593,0.2861376665256055,0.23046743098733524,0.4360587078051237,0.31267232103068354,0.25126897116419267,2024-05-03
2024-05-10,La Liga,Alaves,Girona,D,0.31210010572429187,0.25561748151352864,0.43228241276217966,0.3049469457459064,0.2665152758710798,0.4285377783830138,2024-05-03
2024-05-11,La Liga,Mallorca,Las Palmas,H,0.4707072131034675,0.31028349082718554,0.2190092960693471,0.5908883784512662,0.27452037979038996,0.13459124175834397,2024-05-03
2024-05-11,La Liga,Villarreal,Sevilla,H,0.5314594651190122,0.23026795282947543,0.23827258205151255,0.48179684515037396,0.2508323781452978,0.26737077670432835,2024-05-03
2024-05-11,La Liga,Granada,Real Madrid,A,0.14386506476643318,0.19910803096282154,0.6570269042707451,0.16798067379538945,0.21070619299986895,0.6213131332047417,2024-05-03
2024-05-11,La Liga,Ath Bilbao,Osasuna,D,0.596421205560891,0.24784454500250072,0.15573424943660832,0.6855448999055848,0.21151385314373622,0.10294124695067886,2024-05-03
2024-05-12,La Liga,Cadiz,Getafe,H,0.3367403016606839,0.3182831984735305,0.3449764998657856,0.45661544524633085,0.30204686284928095,0.24133769190438825,2024-05-03
2024-05-12,La Liga,Ath Madrid,Celta,H,0.6701813158742373,0.19838927510224366,0.1314294090235188,0.6972768760665105,0.19041549267828087,0.11230763125520851,2024-05-03
2024-05-12,La Liga,Valencia,Vallecano,D,0.4717504175503057,0.29154757739399456,0.23670200505569988,0.4265521869426927,0.31271350039528595,0.2607343126620213,2024-05-03
2024-05-12,La Liga,Betis,Almeria,H,0.6362444806640734,0.2046211459488448,0.15913437338708192,0.7066381156316915,0.17601713062098498,0.11734475374732332,2024-05-03
2024-05-13,La Liga,Barcelona,Sociedad,H,0.5957942021987473,0.2305443590614751,0.17366143873977746,0.5608028569726642,0.244380086287836,0.19481705673949976,2024-05-03
2024-05-14,La Liga,Girona,Villarreal,A,0.5292472701880097,0.20952405719589454,0.26122867261609584,0.563713349844212,0.21642566110090275,0.21986098905488535,2024-05-03
2024-05-14,La Liga,Real Madrid,Alaves,H,0.7644943215907596,0.15986140675639998,0.07564427165284072,0.8020563126773725,0.12953803165717995,0.06840565566544754,2024-05-03
2024-05-14,La Liga,Osasuna,Mallorca,D,0.4325319587434031,0.30610227606273116,0.2613657651938657,0.3517419936711321,0.3359742491272538,0.31228375720161405,2024-05-03
2024-05-15,La Liga,Sevilla,Cadiz,A,0.5863960951109123,0.24741274648164668,0.1661911584074413,0.4440334232744364,0.2843371920967882,0.2716293846287753,2024-05-03
2024-05-15,La Liga,Vallecano,Granada,H,0.495833357050652,0.2679813260856845,0.23618531686366367,0.6245106458916562,0.22992672235916084,0.14556263174918302,2024-05-03
2024-05-15,La Liga,Celta,Ath Bilbao,H,0.3150102457129873,0.2867615069217209,0.39822824736529194,0.4234713901703928,0.30061240660243926,0.2759162032271681,2024-05-03
2024-05-15,La Liga,Getafe,Ath Madrid,A,0.26676023264462706,0.2791804455118452,0.4540593218435278,0.19019624794674506,0.25866689720757324,0.5511368548456816,2024-05-03
2024-05-16,La Liga,Las Palmas,Betis,D,0.2908808373937181,0.29726766972770596,0.41185149287857586,0.30049261083743845,0.30049261083743845,0.3990147783251232,2024-05-03
2024-05-16,La Liga,Almeria,Barcelona,A,0.1507889482984133,0.18609603868627567,0.6631150130153107,0.13553713489395428,0.17716462787783785,0.6872982372282079,2024-05-03
2024-05-16,La Liga,Sociedad,Valencia,H,0.5445659048990195,0.26678407599805803,0.18865001910292248,0.6591807608392526,0.2258731278400236,0.11494611132072377,2024-05-03
2024-05-18,La Liga,Alaves,Getafe,H,0.3940287755171812,0.3093616988724119,0.29660952561040693,0.48810545902805846,0.2865279833232556,0.22536655764868596,2024-05-03
2024-05-19,La Liga,Mallorca,Almeria,D,0.5040804871275449,0.26204203045909125,0.23387748241336387,0.6983045673807159,0.2052100102873562,0.09648542233192792,2024-05-03
2024-05-19,La Liga,Villarreal,Real Madrid,D,0.27576374288322775,0.23473641068821927,0.48949984642855293,0.32207690806168265,0.24562430867330343,0.432298783265014,2024-05-03
2024-05-19,La Liga,Valencia,Girona,A,0.364847450520858,0.25550308053197396,0.379649468947168,0.24393002814577242,0.25820252979259956,0.4978674420616279,2024-05-03
2024-05-19,La Liga,Granada,Celta,A,0.3889534196182339,0.2655840814316928,0.3454624989500733,0.24142430178385652,0.29305419764727164,0.46552150056887176,2024-05-03
2024-05-19,La Liga,Cadiz,Las Palmas,D,0.41922457607404207,0.31625442290395955,0.2645210010219983,0.5037779084753063,0.2834668697834813,0.21275522174121247,2024-05-03
2024-05-19,La Liga,Betis,Sociedad,A,0.38404791912174924,0.28911859462606104,0.32683348625218966,0.28045074942010284,0.3190701968812318,0.4004790536986653,2024-05-03
2024-05-19,La Liga,Barcelona,Vallecano,H,0.7379674993761749,0.17221546967129606,0.089817030952529,0.7432524566838103,0.15944359631830915,0.09730394699788052,2024-05-03
2024-05-19,La Liga,Ath Madrid,Osasuna,A,0.6803540822224574,0.20006964824073595,0.11957626953680651,0.7399275954688777,0.16828214410837322,0.09179026042274903,2024-05-03
2024-05-19,La Liga,Ath Bilbao,Sevilla,H,0.5367200772984851,0.2586688750246509,0.20461104767686397,0.620674583273905,0.22465251737988212,0.15467289934621276,2024-05-03
2024-05-24,La Liga,Girona,Granada,H,0.7052832184501244,0.16737419083353983,0.12734259071633575,0.7907618618799612,0.1272730173474344,0.0819651207726043,2024-05-03
2024-05-25,La Liga,Osasuna,Villarreal,D,0.3406552357482541,0.260141254156522,0.39920351009522376,0.377199289223995,0.25277251070075507,0.3700282000752499,2024-05-03
2024-05-25,La Liga,Sociedad,Ath Madrid,A,0.38294594356843015,0.28122595541110335,0.33582810102046656,0.3618338573109341,0.29054718691534703,0.3476189557737188,2024-05-03
2024-05-25,La Liga,Almeria,Cadiz,H,0.47095560362274397,0.2645526810986316,0.2644917152786242,0.4379072127819794,0.25924106996693186,0.3028517172510886,2024-05-03
2024-05-25,La Liga,Vallecano,Ath Bilbao,A,0.28639907705337536,0.3049721829679624,0.4086287399786623,0.29580746223988424,0.300372392212722,0.40382014554739387,2024-05-03
2024-05-25,La Liga,Real Madrid,Betis,D,0.6939106431521181,0.18881453133691997,0.11727482551096183,0.8011652093335042,0.11957689691544841,0.0792578937510474,2024-05-03
2024-05-26,La Liga,Las Palmas,Alaves,D,0.36928185770269534,0.3161200137435849,0.3145981285537198,0.4093628634407474,0.2783667471397082,0.31227038941954444,2024-05-03
2024-05-26,La Liga,Sevilla,Barcelona,A,0.2584806592526122,0.24627348212771907,0.49524585861966874,0.20507497754128945,0.22095777762421395,0.5739672448344966,2024-05-03
2024-05-26,La Liga,Getafe,Mallorca,A,0.45052629642992775,0.3110280243149478,0.23844567925512428,0.4037609657003862,0.31088304387793314,0.2853559904216806,2024-05-03
2024-05-26,La Liga,Celta,Valencia,D,0.43153369405880754,0.2811284374431077,0.2873378684980846,0.5087681175871542,0.2570759535956256,0.23415592881722033,2024-05-03
2024-08-15,La Liga,Ath Bilbao,Getafe,D,0.5698891557162371,0.2594125732540288,0.1706982710297343,0.6030649276556632,0.2617074214354765,0.13522765090886044,2024-08-15
2024-08-15,La Liga,Betis,Girona,D,0.41336378219790865,0.23703780892840184,0.3495984088736896,0.41369865072536194,0.2834378510800584,0.3028634981945796,2024-08-15
2024-08-16,La Liga,Celta,Alaves,H,0.4889321374875257,0.265412396941512,0.24565546557096252,0.4524494652187677,0.29748206428756896,0.2500684704936634,2024-08-15
2024-08-16,La Liga,Las Palmas,Sevilla,D,0.3134686428688441,0.28960612630769317,0.39692523082346287,0.36767119056352443,0.29979343230564304,0.33253537713083264,2024-08-15
2024-08-17,La Liga,Osasuna,Leganes,D,0.42894516620894063,0.30915693426046525,0.261897899530594,0.5166875083467893,0.29615015722315974,0.18716233443005084,2024-08-15
2024-08-17,La Liga,Valencia,Barcelona,A,0.23123489954033538,0.24700422817787804,0.5217608722817867,0.2279323555589954,0.2610193103982044,0.5110483340428003,2024-08-15
2024-08-18,La Liga,Sociedad,Vallecano,A,0.5632456984096639,0.2661278314470028,0.17062647014333326,0.5411609917655332,0.2882970759703287,0.17054193226413814,2024-08-15
2024-08-18,La Liga,Mallorca,Real Madrid,D,0.1817740483373773,0.2504397867530261,0.5677861649095968,0.10343472451465849,0.20576907961958657,0.6907961958657549,2024-08-15
2024-08-19,La Liga,Valladolid,Espanol,H,0.38392275027866585,0.267563964156685,0.3485132855646492,0.41744637761207765,0.32859799318788546,0.2539556292000368,2024-08-15
2024-08-19,La Liga,Villarreal,Ath Madrid,D,0.36243306081372445,0.24030580899744125,0.39726113018883413,0.27657742962899207,0.2727037961607989,0.4507187742102092,2024-08-15
2024-08-23,La Liga,Sevilla,Villarreal,A,0.4310644744566945,0.23909347579981566,0.3298420497434897,0.4396613050917329,0.26767258519358944,0.29266610971467766,2024-08-15
2024-08-23,La Liga,Celta,Valencia,H,0.45263441898738294,0.27155864846136624,0.2758069325512508,0.44645903590557434,0.28541955961118826,0.2681214044832375,2024-08-15
2024-08-24,La Liga,Getafe,Vallecano,D,0.43395606641287665,0.30457318631114255,0.26147074727598074,0.3553065718811575,0.3514584862651161,0.2932349418537264,2024-08-15
2024-08-24,La Liga,Espanol,Sociedad,A,0.29708655148178925,0.2710862696466242,0.4318271788715868,0.24932830646559195,0.31266250650025995,0.43800918703414793,2024-08-15
2024-08-24,La Liga,Osasuna,Mallorca,H,0.43239942264406417,0.3027444913828665,0.2648560859730694,0.40070248324048724,0.3202983665376264,0.27899915022188654,2024-08-15
2024-08-24,La Liga,Barcelona,Ath Bilbao,H,0.5907443781377838,0.22801194082763415,0.1812436810345822,0.6056894508099566,0.22125642038719878,0.17305412880284474,2024-08-15
2024-08-25,La Liga,Real Madrid,Valladolid,H,0.8396931241175161,0.11233000922807163,0.04797686665441224,0.8513215338303204,0.1004665164147583,0.048211949754921275,2024-08-15
2024-08-25,La Liga,Leganes,Las Palmas,H,0.46816873221676636,0.3149096887440978,0.2169215790391358,0.4040437445976925,0.3224322597617348,0.2735239956405728,2024-08-15
2024-08-25,La Liga,Alaves,Betis,D,0.3586426594730699,0.28463737909173303,0.35671996143519685,0.38774178032775625,0.32768749785275014,0.28457072181949356,2024-08-15
2024-08-25,La Liga,Ath Madrid,Girona,H,0.5744075127099133,0.2070090380747794,0.21858344921530734,0.647002772002772,0.21006583506583507,0.14293139293139293,2024-08-15
2024-08-26,La Liga,Villarreal,Celta,H,0.5737800476013049,0.21476989744864097,0.21145005495005406,0.5769425523921531,0.23188121722938212,0.1911762303784649,2024-08-15
2024-08-27,La Liga,Mallorca,Sevilla,D,0.3734383169772925,0.2948940224845259,0.33166766053818136,0.41056976337305334,0.30407823099816766,0.285352005628779,2024-08-15
2024-08-27,La Liga,Vallecano,Barcelona,A,0.20545435129951822,0.24760674982742126,0.5469388988730606,0.18328472450618774,0.2430015520395321,0.57371372345428,2024-08-15
2024-08-28,La Liga,Ath Bilbao,Valencia,H,0.5560124213164878,0.25833463529516726,0.18565294338834476,0.5540049148444819,0.26062059166071055,0.1853744934948075,2024-08-15
2024-08-28,La Liga,Valladolid,Leganes,D,0.3449342495153883,0.31568866671406787,0.3393770837705437,0.43895693401817465,0.32161201106282106,0.23943105491900435,2024-08-15
2024-08-28,La Liga,Ath Madrid,Espanol,D,0.7270117526092763,0.16693442609058157,0.10605382130014196,0.762100545135622,0.16920763851787415,0.0686918163465039,2024-08-15
2024-08-28,La Liga,Sociedad,Alaves,A,0.5770232277417516,0.25455108573302015,0.1684256865252282,0.5914321860991192,0.25865300938734814,0.14991480451353253,2024-08-15
2024-08-29,La Liga,Las Palmas,Real Madrid,D,0.139178759472387,0.2206034014512021,0.6402178390764109,0.0975129686177845,0.17370589750193152,0.7287811338802841,2024-08-15
2024-08-29,La Liga,Girona,Osasuna,H,0.6495517304477118,0.19272606982457438,0.15772219972771379,0.5782055826672388,0.24224074286308261,0.1795536744696786,2024-08-15
2024-08-31,La Liga,Barcelona,Valladolid,H,0.8235442552042836,0.12042877917123052,0.05602696562448597,0.8107818317618847,0.12433381182946429,0.06488435640865116,2024-08-15
2024-08-31,La Liga,Ath Bilbao,Ath Madrid,A,0.3835516698725956,0.27768403744778497,0.33876429267961927,0.34532474478524755,0.3005604260167895,0.35411482919796294,2024-08-15
2024-08-31,La Liga,Espanol,Vallecano,H,0.43203860673238065,0.2752708446410346,0.29269054862658483,0.3367439096386248,0.33558272374331927,0.3276733666180558,2024-08-15
2024-08-31,La Liga,Leganes,Mallorca,A,0.4047755950363843,0.3327239824099714,0.2625004225536444,0.34176050679491804,0.3529048711469263,0.30533462205815565,2024-08-15
2024-08-31,La Liga,Valencia,Villarreal,D,0.38614494825154483,0.2545734949570662,0.35928155679138885,0.36433756277162205,0.30590606685541843,0.3297563703729596,2024-08-15
2024-09-01,La Liga,Alaves,Las Palmas,H,0.49287528149064935,0.28795725714083414,0.21916746136851656,0.5590539087697742,0.26724005529104594,0.17370603593917988,2024-08-15
2024-09-01,La Liga,Osasuna,Celta,H,0.4211964561645027,0.2745116580564438,0.3042918857790535,0.3905684442759143,0.29470164431728085,0.31472991140680484,2024-08-15
2024-09-01,La Liga,Sevilla,Girona,A,0.39124316125574027,0.23297025502834903,0.3757865837159106,0.32620645693501815,0.26705913232592143,0.4067344107390603,2024-08-15
2024-09-01,La Liga,Getafe,Sociedad,D,0.31059455821585413,0.30641762535089156,0.3829878164332545,0.3049135422016778,0.3549905838041431,0.3400958739941791,2024-08-15
2024-09-01,La Liga,Real Madrid,Betis,H,0.6946366084893488,0.18516117463628629,0.12020221687436473,0.7634190216445192,0.1561538907909244,0.08042708756455638,2024-08-15
2024-09-13,La Liga,Betis,Leganes,H,0.5170907222162894,0.2802981296058933,0.20261114817781756,0.5749201215962745,0.26904339952137635,0.15603647888234912,2024-08-15
2024-09-14,La Liga,Espanol,Alaves,H,0.41514155198992303,0.27793347596845264,0.30692497204162444,0.3234953861494895,0.3224242093741601,0.35408040447635036,2024-09-14
2024-09-14,La Liga,Sevilla,Getafe,H,0.48419878064152616,0.281039295632859,0.234761923725615,0.42327701895325115,0.31711307608875494,0.259609904957994,2024-09-14
2024-09-14,La Liga,Mallorca,Villarreal,A,0.3466566212721326,0.27649190767837994,0.37685147104948746,0.4028101097439309,0.3017958097771866,0.29539408047888266,2024-09-14
2024-09-14,La Liga,Sociedad,Real Madrid,A,0.27988849654196096,0.27612517371180595,0.443986329746233,0.19319843308019027,0.2577687316693255,0.5490328352504843,2024-09-14
2024-09-15,La Liga,Ath Madrid,Valencia,H,0.6597602351834906,0.21307742365406349,0.12716234116244615,0.6958931646240271,0.19862248435880853,0.1054843510171644,2024-09-14
2024-09-15,La Liga,Las Palmas,Ath Bilbao,A,0.2371013737624755,0.2951514252401009,0.46774720099742373,0.2502190292623095,0.28628000700893647,0.4635009637287542,2024-09-14
2024-09-15,La Liga,Celta,Valladolid,H,0.6250417614208735,0.22247842760941725,0.15247981096970925,0.5886151362570626,0.2409962716685244,0.17038859207441284,2024-09-14
2024-09-15,La Liga,Girona,Barcelona,A,0.35358309575581137,0.22641878734781287,0.41999811689637584,0.22025514189013276,0.22910700338453524,0.550637854725332,2024-09-14
2024-09-16,La Liga,Vallecano,Osasuna,H,0.4404057059458447,0.29797954207111876,0.2616147519830364,0.45062563408860323,0.31197159283057146,0.23740277308082516,2024-09-14
2024-09-17,La Liga,Mallorca,Sociedad,H,0.31348157597506227,0.3274407576268614,0.3590776663980763,0.316446282912319,0.36503915781645796,0.3185145592712231,2024-09-14
2024-09-18,La Liga,Betis,Getafe,H,0.5124279337995236,0.28005568291335703,0.20751638328711935,0.5035744906582121,0.30952190030902843,0.18690360903275946,2024-09-14
2024-09-19,La Liga,Leganes,Ath Bilbao,A,0.2198026486796152,0.31839687615802575,0.46180047516235917,0.2315989847715736,0.32423857868020306,0.4441624365482234,2024-09-14
2024-09-20,La Liga,Alaves,Sevilla,H,0.408030177820433,0.2823472514366906,0.3096225707428764,0.4443770774011238,0.2940138367095048,0.26160908588937126,2024-09-14
2024-09-21,La Liga,Valladolid,Sociedad,D,0.21963273435560832,0.2845570173199362,0.49581024832445536,0.24057979301275087,0.317628223454743,0.44179198353250615,2024-09-14
2024-09-21,La Liga,Osasuna,Las Palmas,H,0.509583367161715,0.279034320946107,0.21138231189217813,0.5253367543296985,0.2669980756895446,0.20766516998075693,2024-09-14
2024-09-21,La Liga,Valencia,Girona,H,0.32546261908838975,0.2511677530922726,0.42336962781933746,0.3831202321660881,0.3079510726904632,0.3089286951434488,2024-09-14
2024-09-21,La Liga,Real Madrid,Espanol,H,0.8036008515265907,0.13066545195400384,0.06573369651940544,0.8554874762373168,0.09914880493827363,0.04536371882440957,2024-09-14
2024-09-22,La Liga,Vallecano,Ath Madrid,D,0.23502877783448883,0.2798502075284282,0.48512101463708274,0.16455294863665187,0.2742549143944198,0.5611921369689284,2024-09-14
2024-09-22,La Liga,Villarreal,Barcelona,A,0.29612748512047055,0.2237991193367831,0.4800733955427463,0.2505612095792614,0.23365587495704618,0.5157829154636924,2024-09-14
2024-09-22,La Liga,Getafe,Leganes,D,0.4996441289423641,0.315712742266195,0.18464312879144096,0.4713894210639836,0.34434830049354836,0.184262278442468,2024-09-14
2024-09-22,La Liga,Ath Bilbao,Celta,H,0.5659160582701601,0.2449409939059573,0.18914294782388266,0.532008830022075,0.2660044150110375,0.20198675496688742,2024-09-14
2024-09-23,La Liga,Betis,Mallorca,A,0.5107221178713129,0.2873421509711422,0.20193573115754465,0.5168284194862248,0.30651022985302917,0.17666135066074592,2024-09-14
2024-09-24,La Liga,Sevilla,Valladolid,H,0.6360077906848942,0.2225255715769482,0.14146663773815774,0.6019840145665507,0.24169433003794183,0.15632165539550752,2024-09-14
2024-09-24,La Liga,Valencia,Osasuna,D,0.47154359209202357,0.283008436665151,0.24544797124282547,0.4861702931523321,0.30290983997030035,0.2109198668773675,2024-09-14
2024-09-24,La Liga,Real Madrid,Alaves,H,0.7460735505481846,0.1679036588825277,0.08602279056928755,0.8347360009127376,0.11939503835496616,0.045868960732296335,2024-09-14
2024-09-25,La Liga,Girona,Vallecano,D,0.6459443950759157,0.20473136936592554,0.14932423555815882,0.56973293768546,0.2522255192878338,0.17804154302670622,2024-09-14
2024-09-25,La Liga,Barcelona,Getafe,H,0.7283749742199435,0.17814536077976295,0.0934796650002934,0.7579316326552042,0.16115489863765142,0.0809134687071444,2024-09-14
2024-09-26,La Liga,Espanol,Villarreal,A,0.33354435240220603,0.23849559557339037,0.4279600520244036,0.2679580765188741,0.2732269151021104,0.45881500837901545,2024-09-14
2024-09-26,La Liga,Las Palmas,Betis,D,0.27915276479566087,0.2928510075728899,0.4279962276314492,0.2637913524492751,0.28969943170768603,0.446509215843039,2024-09-14
2024-09-26,La Liga,Celta,Ath Madrid,A,0.2675380196167462,0.2547784331394788,0.4776835472437748,0.23008735486301843,0.2719800105103467,0.49793263462663484,2024-09-14
2024-09-27,La Liga,Valladolid,Mallorca,A,0.3077254081725473,0.32272982943591555,0.369544762391537,0.28846900827240873,0.3317885863064906,0.3797424054211006,2024-09-14
2024-09-28,La Liga,Sociedad,Valencia,H,0.5319439831049771,0.27319492283782115,0.19486109405720184,0.521492241465009,0.2930439785875881,0.18546377994740282,2024-09-14
2024-09-28,La Liga,Osasuna,Barcelona,H,0.1897479631023536,0.23057628325218832,0.5796757536454583,0.21721969676348096,0.24335138960720795,0.539428913629311,2024-09-14
2024-09-28,La Liga,Getafe,Alaves,H,0.42426200538934195,0.3071426244389854,0.2685953701716726,0.3771853394136218,0.35909157774433376,0.2637230828420446,2024-09-14
2024-09-28,La Liga,Vallecano,Leganes,D,0.49491369141337804,0.3143109071935228,0.19077540139309904,0.5113382593186553,0.31039702642346484,0.17826471425787982,2024-09-14
2024-09-29,La Liga,Celta,Girona,D,0.3437909048722844,0.23287562718975788,0.42333346793795756,0.37431394072447854,0.28540065861690445,0.3402854006586169,2024-09-14
2024-09-29,La Liga,Ath Bilbao,Sevilla,D,0.5368224813491199,0.2593062171213924,0.20387130152948785,0.5589958614993246,0.25503259463629663,0.18597154386437875,2024-09-14
2024-09-29,La Liga,Betis,Espanol,H,0.5823511587441101,0.23474364419517943,0.18290519706071026,0.6447198033088776,0.23014820401806263,0.12513199267305977,2024-09-14
2024-09-29,La Liga,Ath Madrid,Real Madrid,D,0.3899970565962646,0.2656881930548505,0.3443147503488848,0.34243910031909097,0.3039147015331932,0.35364619814771575,2024-09-14
2024-09-30,La Liga,Villarreal,Las Palmas,H,0.6789703515841566,0.19186517283481094,0.12916447558103247,0.6442078208187995,0.2023131999265651,0.1534789792546356,2024-09-14
2024-10-04,La Liga,Leganes,Valencia,D,0.30734632558497893,0.33178121625538554,0.36087245815963553,0.32476635514018687,0.3504672897196262,0.32476635514018687,2024-09-14
2024-10-05,La Liga,Espanol,Mallorca,H,0.4107616640857691,0.2982013208238893,0.29103701509034163,0.25689298622697565,0.3322950231400128,0.4108119906330116,2024-09-14
2024-10-05,La Liga,Getafe,Osasuna,D,0.44678712361101874,0.2999555406819818,0.25325733570699954,0.4404764027314707,0.31916486886444273,0.2403587284040865,2024-09-14
2024-10-05,La Liga,Las Palmas,Celta,A,0.33441617853792366,0.2827371635089387,0.3828466579531377,0.2551190086899651,0.27303466941257504,0.4718463218974598,2024-09-14
2024-10-05,La Liga,Valladolid,Vallecano,A,0.3148896105738745,0.30995408117737855,0.37515630824874685,0.27708797152657016,0.329910762085147,0.39300126638828276,2024-09-14
2024-10-05,La Liga,Real Madrid,Villarreal,H,0.7093833507584428,0.16632599638028905,0.12429065286126799,0.7590132827324478,0.1469431202850928,0.0940435969824594,2024-09-14
2024-10-06,La Liga,Sociedad,Ath Madrid,D,0.34051669748273034,0.2911511635378255,0.3683321389794441,0.3372564414507208,0.3133990726021168,0.34934448594716244,2024-09-14
2024-10-06,La Liga,Sevilla,Betis,H,0.41841969791533695,0.27426215840072937,0.30731814368393373,0.35126286067168727,0.3012378093066792,0.34749933002163347,2024-09-14
2024-10-06,La Liga,Alaves,Barcelona,A,0.20581367998583844,0.24063467455093654,0.5535516454632248,0.19860460831036997,0.23345589774944928,0.5679394939401807,2024-09-14
2024-10-06,La Liga,Girona,Ath Bilbao,H,0.49667396509315803,0.24383982421169234,0.2594862106951497,0.4020041753653445,0.29302713987473905,0.3049686847599165,2024-09-14
2024-10-18,La Liga,Alaves,Valladolid,A,0.5844465341024498,0.25049301691342335,0.16506044898412692,0.5990439561772807,0.24568385038156826,0.15527219344115117,2024-10-18
2024-10-19,La Liga,Ath Bilbao,Espanol,H,0.6527448773227933,0.2129896338106911,0.1342654888665154,0.686880727110184,0.21008716382328835,0.1030321090665276,2024-10-18
2024-10-19,La Liga,Osasuna,Betis,A,0.3595206167798637,0.2917355850541817,0.3487437981659546,0.3991333581234396,0.3101545840194881,0.2907120578570724,2024-10-18
2024-10-19,La Liga,Girona,Sociedad,A,0.4974008157289539,0.2511384187076607,0.25146076556338526,0.34739299610894936,0.3039688715953307,0.3486381322957198,2024-10-18
2024-10-19,La Liga,Celta,Real Madrid,A,0.20681957439845783,0.23764879709703324,0.5555316285045088,0.1631195173409335,0.21472591331383947,0.6221545693452271,2024-10-18
2024-10-20,La Liga,Mallorca,Vallecano,H,0.41657360368255864,0.3261444702288793,0.25728192608856204,0.4723866343616498,0.30794824898259443,0.2196651166557559,2024-10-18
2024-10-20,La Liga,Ath Madrid,Leganes,H,0.7205917390878618,0.2032497882261743,0.07615847268596408,0.6875330333603612,0.21074382109524117,0.10172314554439763,2024-10-18
2024-10-20,La Liga,Villarreal,Getafe,D,0.576743062787543,0.23592696608095745,0.1873299711314994,0.5217963617755226,0.2780920438115966,0.20011159441288084,2024-10-18
2024-10-20,La Liga,Barcelona,Sevilla,H,0.724189748306332,0.17011936517313184,0.10569088652053635,0.7479929227423295,0.15740797232261097,0.09459910493505935,2024-10-18
2024-10-21,La Liga,Valencia,Las Palmas,A,0.5378947105203693,0.2742679713569112,0.1878373181227195,0.5039369323576519,0.28690214733046254,0.20916092031188557,2024-10-18
2024-10-25,La Liga,Espanol,Sevilla,A,0.35681730972817005,0.2694750124155125,0.3737076778563173,0.3150219943888331,0.3032454712341103,0.38173253437705656,2024-10-18
2024-10-26,La Liga,Real Madrid,Barcelona,A,0.5000098885013766,0.23926322771921812,0.26072688377940506,0.48800561355647665,0.2404320339961178,0.27156235244740573,2024-10-18
2024-10-26,La Liga,Las Palmas,Girona,H,0.2249458894816817,0.23856953959427965,0.5364845709240389,0.36471908040324563,0.3016812146545365,0.33359970494221786,2024-10-18
2024-10-26,La Liga,Vallecano,Alaves,H,0.4399256702609595,0.30069833304688043,0.25937599669216005,0.4655241104781234,0.31385335190299285,0.22062253761888384,2024-10-18
2024-10-26,La Liga,Valladolid,Villarreal,A,0.2165754134895171,0.23256350473442308,0.5508610817760597,0.24241767617603044,0.27153488309102847,0.48604744073294104,2024-10-18
2024-10-27,La Liga,Leganes,Celta,H,0.29910756270151584,0.3208209716850008,0.3800714656134835,0.2511025979461095,0.2990052474004443,0.4498921546534462,2024-10-18
2024-10-27,La Liga,Getafe,Valencia,D,0.42606536311606147,0.3144009320385066,0.2595337048454319,0.45460498778034314,0.3366279148269669,0.20876709739268978,2024-10-18
2024-10-27,La Liga,Betis,Ath Madrid,H,0.3087160736198663,0.284592449721627,0.4066914766585069,0.2685450990937302,0.29893093599424403,0.4325239649120257,2024-10-18
2024-10-27,La Liga,Sociedad,Osasuna,A,0.5577652251851082,0.2651653167188251,0.17706945809606656,0.5914487204127797,0.254586850781354,0.15396442880586647,2024-10-18
2024-10-28,La Liga,Mallorca,Ath Bilbao,D,0.30840331543715793,0.32143402499938645,0.3701626595634556,0.383047511948271,0.32175991003654764,0.29519257801518134,2024-10-18
2024-11-01,La Liga,Alaves,Mallorca,H,0.41670977180690744,0.3126450735352768,0.27064515465781563,0.40737560177698473,0.3322961393334449,0.2603282588895704,2024-10-18
2024-11-02,La Liga,Osasuna,Valladolid,H,0.5815119642527851,0.2512474893150658,0.1672405464321492,0.5644991821835158,0.26456092462006736,0.17093989319641675,2024-10-18
2024-11-02,La Liga,Girona,Leganes,H,0.6969025885211747,0.1999769371241727,0.10312047435465262,0.5637098421092231,0.27083266157202895,0.16545749631874807,2024-10-18
2024-11-03,La Liga,Sevilla,Sociedad,A,0.3798687519560976,0.296341698623358,0.32378954942054444,0.28296661951058,0.3080396111127833,0.4089937693766367,2024-10-18
2024-11-03,La Liga,Ath Bilbao,Betis,D,0.49950170060407023,0.275785738494009,0.22471256090192054,0.5027817092021418,0.2756729257841289,0.22154536501372915,2024-10-18
2024-11-03,La Liga,Ath Madrid,Las Palmas,H,0.76487161658114,0.16410403610189955,0.07102434731696049,0.7215567081193028,0.17741027318896618,0.10103301869173101,2024-10-18
2024-11-03,La Liga,Barcelona,Espanol,H,0.8287258672584599,0.11366969273574995,0.057604440005790285,0.8326983781430283,0.11363883748775444,0.05366278436921737,2024-10-18
2024-11-04,La Liga,Celta,Getafe,H,0.4655381340905718,0.28643199359768284,0.24802987231174536,0.45115121344119474,0.3248288736776602,0.22401991288114503,2024-10-18
2024-11-08,La Liga,Vallecano,Las Palmas,A,0.532576225296689,0.28065309395766913,0.18677068074564193,0.5133464429871193,0.28452339508670244,0.20213016192617822,2024-10-18
2024-11-09,La Liga,Real Madrid,Osasuna,H,0.7645477460405108,0.15858864968597589,0.07686360427351314,0.769914124962985,0.1492448919159017,0.08084098312111342,2024-10-18
2024-11-09,La Liga,Villarreal,Alaves,H,0.6066230485462764,0.21483065585140843,0.1785462956023154,0.6140554170181601,0.23434965190548146,0.1515949310763583,2024-10-18
2024-11-09,La Liga,Leganes,Sevilla,H,0.279680450418938,0.3257949396048295,0.3945246099762325,0.30512383008523597,0.3233704378644195,0.3715057320503445,2024-10-18
2024-11-10,La Liga,Betis,Celta,D,0.5132081813995634,0.25813854954696175,0.22865326905347488,0.4296481864720618,0.3004901426859819,0.26986167084195617,2024-10-18
2024-11-10,La Liga,Mallorca,Ath Madrid,A,0.239903519497149,0.2993596239384014,0.46073685656444957,0.2725055859902231,0.3320289904385995,0.3954654235711775,2024-10-18
2024-11-10,La Liga,Getafe,Girona,A,0.32270516070284444,0.27112747396040976,0.40616736533674574,0.37393086655673535,0.3375764767526083,0.2884926566906564,2024-10-18
2024-11-10,La Liga,Valladolid,Ath Bilbao,D,0.19731536979866876,0.2708526625731569,0.5318319676281745,0.20738775785141728,0.2897237930580993,0.5028884490904834,2024-10-18
2024-11-10,La Liga,Sociedad,Barcelona,H,0.29396322540760594,0.2705215254262623,0.4355152491661315,0.23863462121928858,0.2568942624207645,0.5044711163599469,2024-10-18
2024-11-22,La Liga,Getafe,Valladolid,H,0.5681536146146074,0.26408954533431367,0.16775684005107894,0.5807164196533705,0.2770846916631796,0.14219888868344993,2024-11-22
2024-11-23,La Liga,Celta,Barcelona,D,0.21845991581228336,0.22138909354989697,0.5601509906378198,0.21921838812579209,0.22584592079006016,0.5549356910841479,2024-11-22
2024-11-23,La Liga,Las Palmas,Mallorca,A,0.35071146889629107,0.3165996287464866,0.33268890235722215,0.339012211477929,0.3243216823138854,0.33666610620818554,2024-11-22
2024-11-23,La Liga,Girona,Espanol,H,0.7082911161189704,0.1669943504668513,0.12471453341417843,0.5416308962229361,0.2656217271887824,0.19274737658828145,2024-11-22
2024-11-23,La Liga,Ath Madrid,Alaves,H,0.7039423200335794,0.19122408831524296,0.10483359165117766,0.6637697414837999,0.21975143368851424,0.11647882482768603,2024-11-22
2024-11-23,La Liga,Valencia,Betis,H,0.3631185347046695,0.2867067311338242,0.3501747341615061,0.3786357974943219,0.32009671038171295,0.30126749212396514,2024-11-22
2024-11-24,La Liga,Osasuna,Villarreal,D,0.3533773359553206,0.24802016562945733,0.3986024984152221,0.3660145086832271,0.2923719498790943,0.3416135414376786,2024-11-22
2024-11-24,La Liga,Sevilla,Vallecano,H,0.48498181412571106,0.2760328614263428,0.2389853244479461,0.4763461067080643,0.2944685023286216,0.22918539096331397,2024-11-22
2024-11-24,La Liga,Leganes,Real Madrid,A,0.15237871091201272,0.23158930944829972,0.6160319796396877,0.09569410727921113,0.18695451074625802,0.7173513819745307,2024-11-22
2024-11-24,La Liga,Ath Bilbao,Sociedad,H,0.4466642919827964,0.2960986501182746,0.2572370578989291,0.4004522087359528,0.3343982361609503,0.26514955510309685,2024-11-22
2024-11-29,La Liga,Mallorca,Valencia,H,0.4341391835825591,0.3112634748411463,0.2545973415762945,0.44152391480013575,0.3416739835379142,0.21680210166195005,2024-11-22
2024-11-30,La Liga,Barcelona,Las Palmas,A,0.8335726260072189,0.11367979786808052,0.052747576124700414,0.8561073562542854,0.10183171711235182,0.042060926633362715,2024-11-22
2024-11-30,La Liga,Alaves,Leganes,D,0.47973832634853814,0.28904623558708187,0.23121543806438005,0.5246405418703619,0.30714715267726883,0.1682123054523691,2024-11-22
2024-11-30,La Liga,Espanol,Celta,H,0.37974566331334014,0.25851023342785123,0.36174410325880846,0.25418306101427174,0.31505537983322357,0.4307615591525048,2024-11-22
2024-11-30,La Liga,Valladolid,Ath Madrid,A,0.147422288416885,0.22411329964085208,0.6284644119422629,0.12175403718491216,0.2115376488508102,0.6667083139642777,2024-11-22
2024-12-01,La Liga,Sociedad,Betis,H,0.4864802901641868,0.2790964582151035,0.2344232516207097,0.5777499668263338,0.2574588711586846,0.1647911620149815,2024-11-22
2024-12-01,La Liga,Vallecano,Ath Bilbao,A,0.30795726821988756,0.3016742774363767,0.39036845434373557,0.2855210876993817,0.32346408938700727,0.3910148229136111,2024-11-22
2024-12-01,La Liga,Villarreal,Girona,D,0.4817326100213045,0.21405113841300788,0.3042162515656877,0.5364930870250181,0.24771747130491903,0.21578944167006278,2024-11-22
2024-12-01,La Liga,Real Madrid,Getafe,H,0.7204726707527219,0.18619623508510683,0.09333109416217109,0.7261067023496006,0.19054887616331467,0.0833444214870846,2024-11-22
2024-12-02,La Liga,Sevilla,Osasuna,D,0.5034525595100567,0.26069207258306343,0.23585536790688,0.49283378846288173,0.27979324589967636,0.22737296563744194,2024-11-22
2024-12-03,La Liga,Mallorca,Barcelona,A,0.2026282768559076,0.2544399370096922,0.5429317861344003,0.16743057427878136,0.2341601509840928,0.598409274737126,2024-11-22
2024-12-04,La Liga,Ath Bilbao,Real Madrid,H,0.31499045065885395,0.27153905506902515,0.413470494272121,0.2876633592595731,0.2802023499416015,0.4321342907988253,2024-11-22
2024-12-06,La Liga,Celta,Mallorca,H,0.4619109221880427,0.2876577834828624,0.2504312943290948,0.5108537001956461,0.29502189373000837,0.19412440607434553,2024-11-22
2024-12-07,La Liga,Las Palmas,Valladolid,H,0.5057281026590927,0.26836034743939524,0.22591154990151197,0.5887920370530192,0.2549408820229568,0.15626708092402403,2024-11-22
2024-12-07,La Liga,Betis,Barcelona,D,0.267721377960569,0.2430140210006158,0.48926460103881536,0.16194661314423645,0.2009213167225174,0.6371320701332461,2024-11-22
2024-12-07,La Liga,Valencia,Vallecano,A,0.43348891202634127,0.2974031941630621,0.26910789381059674,0.44198541731417085,0.3167322208766045,0.24128236180922477,2024-11-22
2024-12-07,La Liga,Girona,Real Madrid,A,0.3168219285039088,0.23409020125536428,0.4490878702407269,0.2270934044562983,0.24178103758033753,0.5311255579633642,2024-11-22
2024-12-08,La Liga,Ath Madrid,Sevilla,H,0.6574819597909494,0.20821117946236675,0.1343068607466836,0.7027957780147843,0.1975271229450921,0.09967709904012356,2024-11-22
2024-12-08,La Liga,Leganes,Sociedad,A,0.2585371274110122,0.3124461489980274,0.42901672359096044,0.15537975458620099,0.31225354527419236,0.5323667001396066,2024-11-22
2024-12-08,La Liga,Ath Bilbao,Villarreal,H,0.5136344219093513,0.237874161703897,0.24849141638675185,0.5195796029583495,0.2736940443752433,0.20672635266640715,2024-11-22
2024-12-08,La Liga,Osasuna,Alaves,D,0.466340050917413,0.2752405378903662,0.25841941119222084,0.4300355268351877,0.3155455489115338,0.25441892425327856,2024-11-22
2024-12-09,La Liga,Getafe,Espanol,H,0.5105608948778484,0.2705069589937865,0.21893214612836512,0.5250925907781545,0.31539652368168375,0.15951088554016188,2024-11-22
2024-12-13,La Liga,Valladolid,Valencia,H,0.32265030806243805,0.2911415884052694,0.3862081035322924,0.29032429518378755,0.30778050280559754,0.401895202010615,2024-11-22
2024-12-14,La Liga,Vallecano,Real Madrid,D,0.19632134244077115,0.2494212547059052,0.5542574028533235,0.14874907938491755,0.22554511571852615,0.6257058048965565,2024-11-22
2024-12-14,La Liga,Sevilla,Celta,H,0.4758549399125241,0.2563567504138346,0.2677883096736414,0.377217708506052,0.29945282706018905,0.32332946443375893,2024-11-22
2024-12-14,La Liga,Espanol,Osasuna,D,0.41078478561878545,0.26819404964005555,0.321021164741159,0.350239948976814,0.3081224867580831,0.3416375642651027,2024-11-22
2024-12-14,La Liga,Mallorca,Girona,H,0.3335710412742537,0.2760910597074713,0.3903378990182748,0.34889148191365227,0.32555425904317387,0.32555425904317387,2024-11-22
2024-12-15,La Liga,Ath Madrid,Getafe,H,0.6484504490519979,0.22814713552943133,0.12340241541857062,0.7362885048835462,0.19534184823441023,0.06836964688204358,2024-11-22
2024-12-15,La Liga,Alaves,Ath Bilbao,D,0.2940498386402821,0.28790329117091495,0.418046870188803,0.23933932968120725,0.325789656121242,0.4348710141975507,2024-11-22
2024-12-15,La Liga,Sociedad,Las Palmas,D,0.6376782545926795,0.23202794222476922,0.13029380318255146,0.7221401491554384,0.19199757933894596,0.08586227150561558,2024-11-22
2024-12-15,La Liga,Villarreal,Betis,A,0.5149844237122837,0.23070378532317598,0.2543117909645404,0.5024248078780706,0.2627858751232185,0.23478931699871092,2024-11-22
2024-12-15,La Liga,Barcelona,Leganes,A,0.8058726886362867,0.13386287839247152,0.0602644329712416,0.8714480439958834,0.08636672578887773,0.04218523021523902,2024-11-22
2024-12-18,La Liga,Espanol,Valencia,D,0.40364294096933223,0.27496305964256695,0.3213939993881007,0.3730326195994327,0.33806081151198586,0.2889065688885814,2024-11-22
2024-12-18,La Liga,Villarreal,Vallecano,D,0.5946028504716828,0.22171293847847554,0.18368421104984162,0.550561797752809,0.2516853932584269,0.19775280898876402,2024-11-22
2024-12-20,La Liga,Girona,Valladolid,H,0.7633767026046945,0.14849462998776336,0.08812866740754223,0.7072135661878322,0.1930044991389104,0.09978193467325747,2024-11-22
2024-12-21,La Liga,Barcelona,Ath Madrid,A,0.5421401189927776,0.2328645299129496,0.22499535109427274,0.47426971315296085,0.2678382677585591,0.25789201908848003,2024-11-22
2024-12-21,La Liga,Osasuna,Ath Bilbao,A,0.30807322687877375,0.2870654889141526,0.40486128420707357,0.21171775875517643,0.3165421865427556,0.4717400547020678,2024-11-22
2024-12-21,La Liga,Getafe,Mallorca,A,0.40999037201791294,0.33226971111267406,0.257739916869413,0.4019669551534225,0.3712824547600314,0.22675059008654602,2024-11-22
2024-12-21,La Liga,Celta,Sociedad,H,0.353062584231579,0.28720903596829517,0.3597283798001259,0.35248698150475855,0.32537259831208476,0.3221404201831568,2024-11-22
2024-12-22,La Liga,Valencia,Alaves,D,0.4624722283061279,0.2765872711712296,0.26094050052264267,0.4588869293949848,0.3083603251666936,0.23275274543832158,2024-12-22
2024-12-22,La Liga,Real Madrid,Sevilla,H,0.7372085410296819,0.1641199230938442,0.09867153587647405,0.7719900439396525,0.1448930262649498,0.08311692979539757,2024-12-22
2024-12-22,La Liga,Las Palmas,Espanol,H,0.45557736704772617,0.26465946353430186,0.27976316941797197,0.45675364118816403,0.2943214952337106,0.2489248635781254,2024-12-22
2024-12-22,La Liga,Leganes,Villarreal,A,0.2723773187293257,0.2560415215803141,0.47158115969036024,0.22238470846301672,0.2714584290456377,0.5061568624913454,2024-12-22
2024-12-22,La Liga,Betis,Vallecano,D,0.5243248206520404,0.2619775192092162,0.21369766013874322,0.5535852496517087,0.265354913056191,0.18105983729210023,2024-12-22
2025-01-03,La Liga,Valencia,Real Madrid,A,0.18826267536324676,0.23325778752786655,0.5784795371088866,0.12961582426320759,0.19800208737140298,0.6723820883653893,2024-12-22
2025-01-10,La Liga,Vallecano,Celta,H,0.4188509574936712,0.27778610786449404,0.30336293464183484,0.3342489737953038,0.30683423146508965,0.3589167947396067,2024-12-22
2025-01-11,La Liga,Espanol,Leganes,D,0.46632656094691244,0.2795614570545127,0.25411198199857504,0.45159941459335146,0.3236462471252352,0.2247543382814133,2024-12-22
2025-01-11,La Liga,Alaves,Girona,A,0.3140008936873856,0.24685263167216215,0.4391464746404522,0.2996733337153992,0.3091867728809674,0.3911398934036334,2024-12-22
2025-01-11,La Liga,Valladolid,Betis,H,0.22644007216346893,0.25860595332900754,0.5149539745075237,0.19046672474173165,0.26686271873154704,0.5426705565267214,2024-12-22
2025-01-11,La Liga,Sevilla,Valencia,D,0.4897971554745727,0.2662196029083129,0.2439832416171144,0.45416070513839574,0.30467207178563227,0.24116722307597194,2024-12-22
2025-01-12,La Liga,Ath Madrid,Osasuna,H,0.7022045620112664,0.18797057087989555,0.10982486710883796,0.7279498899610631,0.18198747249026578,0.09006263754867107,2024-12-22
2025-01-12,La Liga,Las Palmas,Getafe,A,0.3747650839024622,0.30992564416763413,0.3153092719299036,0.37882127601355975,0.34770381405530304,0.2734749099311372,2024-12-22
2025-01-13,La Liga,Sociedad,Villarreal,H,0.48965586164190283,0.2505784552033563,0.25976568315474086,0.4832834880625375,0.2832069419841691,0.2335095699532933,2024-12-22
2025-01-17,La Liga,Espanol,Valladolid,H,0.5574701550049056,0.2433061282231867,0.19922371677190787,0.5331239409844195,0.28205975947431505,0.18481629954126547,2024-12-22
2025-01-18,La Liga,Girona,Sevilla,A,0.5881019054128218,0.2129813950164733,0.19891669957070499,0.5058978907433543,0.2728438062436068,0.22125830301303878,2024-12-22
2025-01-18,La Liga,Leganes,Ath Madrid,H,0.1739718134374194,0.25437102327369276,0.5716571632888879,0.1322574147741578,0.23498162042398915,0.6327609648018531,2024-12-22
2025-01-18,La Liga,Betis,Alaves,A,0.5660912527195275,0.24092961216069006,0.19297913511978235,0.52197334320622,0.27660125879303965,0.20142539800074047,2024-12-22
2025-01-18,La Liga,Getafe,Barcelona,D,0.20217328572778434,0.2438998112614246,0.5539269030107907,0.13343960731238633,0.21198502168225924,0.6545753710053546,2024-12-22
2025-01-19,La Liga,Celta,Ath Bilbao,A,0.34051975321037775,0.27566734934634834,0.3838128974432738,0.27869427345644465,0.30206304793881733,0.4192426786047379,2024-12-22
2025-01-19,La Liga,Real Madrid,Las Palmas,H,0.8121200798493805,0.12756703964287452,0.06031288050774515,0.8377336290135233,0.10985104599379154,0.05241532499268508,2024-12-22
2025-01-19,La Liga,Osasuna,Vallecano,D,0.42330691685922545,0.2891143753225519,0.28757870781822265,0.4171972736212008,0.30664657651022015,0.27615614986857895,2024-12-22
2025-01-19,La Liga,Valencia,Sociedad,H,0.312801429025963,0.3049559201106006,0.3822426508634366,0.30034891835310534,0.33789253314724355,0.3617585484996511,2024-12-22
2025-01-20,La Liga,Villarreal,Mallorca,H,0.573298109972544,0.23022851066554195,0.19647337936191378,0.5582771823638583,0.2618335033188985,0.17988931431724323,2024-12-22
2025-01-24,La Liga,Las Palmas,Osasuna,D,0.38570658360355553,0.27869799030217,0.33559542609427434,0.38733187519460005,0.3000626564007549,0.31260546840464504,2025-01-24
2025-01-25,La Liga,Valladolid,Real Madrid,A,0.1000464032581726,0.16653311255109188,0.7334204841907356,0.07227472691749673,0.14210486748337223,0.785620405599131,2025-01-24
2025-01-25,La Liga,Sevilla,Espanol,D,0.582518334352173,0.22680206220307886,0.19067960344474813,0.5432756789782233,0.267160292684346,0.18956402833743075,2025-01-24
2025-01-25,La Liga,Mallorca,Betis,A,0.366109270714396,0.29123658727291346,0.3426541420126907,0.45882836025184776,0.3220914316999727,0.21908020804817957,2025-01-24
2025-01-25,La Liga,Ath Madrid,Villarreal,D,0.6150808546772498,0.19997946303410763,0.18493968228864263,0.4758826454500248,0.2789656887120835,0.24515166583789158,2025-01-24
2025-01-26,La Liga,Vallecano,Girona,H,0.34511241129563686,0.25802021946393944,0.3968673692404237,0.3849404312265377,0.3172310394147037,0.2978285293587585,2025-01-24
2025-01-26,La Liga,Sociedad,Getafe,A,0.5249542430514397,0.29177839595911,0.18326736098945026,0.49499393389786894,0.32666266344775186,0.17834340265437923,2025-01-24
2025-01-26,La Liga,Ath Bilbao,Leganes,D,0.6749542910049852,0.21015585683802365,0.11488985215699132,0.7078440944477274,0.20415713881966033,0.08799876673261221,2025-01-24
2025-01-26,La Liga,Barcelona,Valencia,H,0.7560465933680317,0.15123290968613926,0.09272049694582896,0.7819263005441517,0.14397744755528544,0.0740962519005629,2025-01-24
2025-01-27,La Liga,Alaves,Celta,D,0.41468196215314757,0.2629170201218339,0.3224010177250187,0.419171477888221,0.3106957919171478,0.2701327301946313,2025-01-24
2025-01-31,La Liga,Leganes,Vallecano,A,0.34409675929361905,0.2997795207623507,0.3561237199440303,0.2828325789105933,0.32004739192514503,0.39712002916426153,2025-01-24
2025-02-01,La Liga,Espanol,Real Madrid,H,0.13757671933367746,0.1845064602937486,0.677916820372574,0.09347440553028749,0.16232551967088515,0.7442000747988273,2025-01-24
2025-02-01,La Liga,Getafe,Sevilla,D,0.3910488698613729,0.29428302466566786,0.3146681054729593,0.3485838779956427,0.3376906318082789,0.3137254901960785,2025-01-24
2025-02-01,La Liga,Villarreal,Valladolid,H,0.7591182393251449,0.14764672187153222,0.09323503880332276,0.8064834260165228,0.13095806647088326,0.06255850751259387,2025-01-24
2025-02-01,La Liga,Ath Madrid,Mallorca,H,0.6688098374115039,0.211984529604709,0.11920563298378718,0.6510116467450173,0.2304055471852912,0.11858280606969143,2025-01-24
2025-02-02,La Liga,Osasuna,Sociedad,H,0.3093808554078569,0.3009487307722783,0.3896704138198646,0.2950148738308632,0.3171169653556511,0.3878681608134856,2025-01-24
2025-02-02,La Liga,Betis,Ath Bilbao,D,0.36121010301674406,0.27945594682742236,0.35933395015583347,0.30328532494041716,0.29772045659288654,0.39899421846669636,2025-01-24
2025-02-02,La Liga,Barcelona,Alaves,H,0.7682114330266576,0.1437401424004185,0.08804842457292375,0.8354108099506711,0.11075160451917467,0.05383758553015435,2025-01-24
2025-02-02,La Liga,Valencia,Celta,H,0.41878184786974426,0.26665066223357436,0.3145674898966813,0.425049495094732,0.30900423611648764,0.26594626878878036,2025-01-24
2025-02-03,La Liga,Girona,Las Palmas,H,0.6884668139834996,0.17912210303271628,0.13241108298378412,0.6474219971032756,0.21203777197705534,0.14054023091966908,2025-01-24
2025-02-07,La Liga,Vallecano,Valladolid,H,0.5838979244996606,0.24836713438501956,0.16773494111531975,0.6775329816389178,0.21772408174014662,0.10474293662093541,2025-01-24
2025-02-08,La Liga,Celta,Betis,H,0.4272326514745318,0.2567304244020567,0.31603692412341156,0.4459844409740298,0.28764676962230323,0.2663687894036671,2025-01-24
2025-02-08,La Liga,Ath Bilbao,Girona,H,0.510450185478449,0.23953525598943,0.25001455853212096,0.5490361663808628,0.2633588115160237,0.1876050221031134,2025-01-24
2025-02-08,La Liga,Las Palmas,Villarreal,A,0.27226105496474556,0.23036622312935034,0.49737272190590415,0.17188237104533563,0.2323290422024274,0.595788586752237,2025-01-24
2025-02-08,La Liga,Real Madrid,Ath Madrid,D,0.5341780914498678,0.233262252664932,0.23255965588520003,0.49164063442691086,0.2561706463592851,0.25218871921380404,2025-01-24
2025-02-09,La Liga,Alaves,Getafe,A,0.4278751840235756,0.2968953301339315,0.27522948584249274,0.4125451557530351,0.34748427097477863,0.23997057327218624,2025-01-24
2025-02-09,La Liga,Valencia,Leganes,H,0.526948435136366,0.2652535719956025,0.2077979928680312,0.5454652479565866,0.28389711735752166,0.17063763468589174,2025-01-24
2025-02-09,La Liga,Sociedad,Espanol,H,0.630493771880597,0.2270860917002383,0.14242013641916432,0.5951008611509245,0.2628765321615195,0.14202260668755592,2025-01-24
2025-02-09,La Liga,Sevilla,Barcelona,A,0.23865954791708158,0.22232118298794595,0.5390192690949726,0.14937641838018456,0.194578500896032,0.6560450807237835,2025-01-24
2025-02-10,La Liga,Mallorca,Osasuna,D,0.43766064048134,0.29289557762248797,0.26944378189617185,0.42252937826784703,0.3155251850701455,0.26194543666200754,2025-01-24
2025-02-14,La Liga,Girona,Getafe,A,0.5848084218831593,0.23155152369881293,0.18364005441802814,0.500094736443215,0.30508924172950846,0.19481602182727645,2025-01-24
2025-02-15,La Liga,Villarreal,Valencia,D,0.6074875388812978,0.20747030349487033,0.18504215762383192,0.5614102372485598,0.24588347099747043,0.1927062917539699,2025-01-24
2025-02-15,La Liga,Ath Madrid,Celta,D,0.6715217289928012,0.19368218131452267,0.13479608969267626,0.693717384534568,0.1986102941407761,0.10767232132465579,2025-01-24
2025-02-15,La Liga,Leganes,Alaves,D,0.3605493414377606,0.2872860213631477,0.3521646371990918,0.24706053975200581,0.33336250911743254,0.41957695113056165,2025-01-24
2025-02-15,La Liga,Osasuna,Real Madrid,D,0.17994616176709288,0.21907238665999879,0.6009814515729079,0.14409089003479647,0.19720789837756258,0.6587012115876411,2025-01-24
2025-02-16,La Liga,Espanol,Ath Bilbao,D,0.23729742299220755,0.2585929639982777,0.5041096130095148,0.1757077439591801,0.2784137031788727,0.5458785528619472,2025-01-24
2025-02-16,La Liga,Valladolid,Sevilla,A,0.2720092664143157,0.26684862941959636,0.4611421041660878,0.22632439830423604,0.2870781453416563,0.4865974563541075,2025-01-24
2025-02-16,La Liga,Mallorca,Las Palmas,H,0.5016629381664518,0.2752983053267916,0.22303875650675642,0.5259668508287293,0.2861878453038674,0.18784530386740333,2025-01-24
2025-02-16,La Liga,Betis,Sociedad,H,0.38739659583181285,0.2922486526402809,0.3203547515279062,0.4018497847233296,0.30872269175570083,0.28942752352096957,2025-01-24
2025-02-17,La Liga,Barcelona,Vallecano,H,0.7424185430573693,0.16049576900395743,0.09708568793867325,0.7967287343121976,0.12922811910425724,0.07404314658354524,2025-01-24
2025-02-21,La Liga,Celta,Osasuna,H,0.5085626125165194,0.2506212757031103,0.24081611178037032,0.5642276781771616,0.25538726485913626,0.18038505696370222,2025-01-24
2025-02-22,La Liga,Las Palmas,Barcelona,A,0.14897241373541228,0.18853030546114424,0.6624972808034432,0.0851005254381273,0.1380140326589686,0.7768854419029041,2025-01-24
2025-02-22,La Liga,Alaves,Espanol,A,0.5251086793562528,0.24779510719901165,0.22709621344473546,0.5154841285447839,0.30863380944719543,0.17588206200802065,2025-01-24
2025-02-22,La Liga,Vallecano,Villarreal,A,0.34904438534846033,0.2516612037021906,0.3992944109493492,0.34509834228525055,0.2931257003748213,0.3617759573399281,2025-01-24
2025-02-22,La Liga,Valencia,Ath Madrid,A,0.23518395270649323,0.26020694192507626,0.5046091053684306,0.23497149856970848,0.30399437627456033,0.4610341251557313,2025-01-24
2025-02-23,La Liga,Sociedad,Leganes,H,0.6209861605238337,0.23687298851092614,0.14214085096524023,0.5914321860991192,0.25865300938734814,0.14991480451353253,2025-02-23
2025-02-23,La Liga,Getafe,Betis,A,0.37206016560296296,0.2946920093796742,0.3332478250173628,0.3191858014766714,0.33802663003605826,0.3427875684872704,2025-02-23
2025-02-23,La Liga,Ath Bilbao,Valladolid,H,0.7651028356618503,0.16125039960850288,0.0736467647296467,0.8177357804833728,0.12865709612938397,0.05360712338724332,2025-02-23
2025-02-23,La Liga,Real Madrid,Girona,H,0.7132619278812232,0.15976987287409117,0.1269681992446858,0.7522338122182841,0.1502120561059912,0.0975541316757248,2025-02-23
2025-02-24,La Liga,Sevilla,Mallorca,D,0.4845854977423144,0.27504636418005884,0.24036813807762666,0.4914026732621165,0.29044098300268373,0.21815634373519968,2025-02-23
2025-02-28,La Liga,Valladolid,Las Palmas,D,0.34995430222248847,0.28069504342354473,0.3693506543539668,0.31816596526308444,0.3130507568183403,0.3687832779185751,2025-02-23
2025-03-01,La Liga,Girona,Celta,D,0.5473576881818122,0.21625573306423604,0.2363865787539517,0.44645903590557434,0.28541955961118826,0.2681214044832375,2025-02-23
2025-03-01,La Liga,Vallecano,Sevilla,D,0.41872005338780477,0.2816645613618884,0.29961538525030684,0.36585024927392173,0.322238961281004,0.3119107894450743,2025-02-23
2025-03-01,La Liga,Betis,Real Madrid,H,0.25311045287975303,0.2366804000891166,0.5102091470311302,0.2531052959164344,0.2584905149784862,0.4884041891050794,2025-02-23
2025-03-01,La Liga,Ath Madrid,Ath Bilbao,H,0.5137551420425288,0.2605951093566202,0.2256497486008508,0.4463152395676699,0.2966445701053999,0.2570401903269303,2025-02-23
2025-03-02,La Liga,Leganes,Getafe,H,0.3250478606346087,0.308619275593139,0.3663328637722522,0.30831654810278375,0.3568792278405849,0.33480422405663124,2025-02-23
2025-03-02,La Liga,Barcelona,Sociedad,H,0.6529955632316805,0.2020731026662217,0.14493133410209771,0.7650309478703946,0.15497411484191273,0.0799949372876927,2025-02-23
2025-03-02,La Liga,Mallorca,Alaves,D,0.43112207130001956,0.2947850199229657,0.2740929087770147,0.3788976149479045,0.34047792671892124,0.28062445833317423,2025-02-23
2025-03-02,La Liga,Osasuna,Valencia,D,0.44143942602333064,0.27409803281811596,0.2844625411585535,0.43573327110777293,0.3065252979717141,0.25774143092051294,2025-02-23
2025-03-08,La Liga,Alaves,Villarreal,H,0.32896578478756805,0.2450731934003911,0.42596102181204076,0.3119062307217767,0.307958050586058,0.3801357186921654,2025-02-23
2025-03-08,La Liga,Valencia,Valladolid,H,0.6224227236055025,0.2267126391561625,0.15086463723833507,0.6834881857114059,0.20782724276449602,0.10868457152409815,2025-02-23
2025-03-08,La Liga,Celta,Leganes,H,0.6009420581628953,0.22625423117743002,0.1728037106596749,0.616759274187139,0.23850050750586416,0.14474021830699674,2025-02-23
2025-03-09,La Liga,Getafe,Ath Madrid,H,0.24243248305454443,0.2858502902557142,0.4717172266897415,0.19162268721650247,0.301375619523168,0.5070016932603295,2025-02-23
2025-03-09,La Liga,Real Madrid,Vallecano,H,0.7291959810941339,0.1728310514478671,0.09797296745799891,0.7447676413403987,0.1635469482673173,0.09168541039228395,2025-02-23
2025-03-09,La Liga,Ath Bilbao,Mallorca,D,0.5885424774548312,0.2531670164454193,0.15829050609974954,0.5579659129979206,0.2734818841172907,0.16855220288478853,2025-02-23
2025-03-09,La Liga,Betis,Las Palmas,H,0.6248270904035372,0.21646596543037142,0.15870694416609124,0.7235830232718149,0.1819139308037959,0.0945030459243891,2025-02-23
2025-03-09,La Liga,Sociedad,Sevilla,A,0.4970092861723147,0.27004744792084545,0.23294326590683964,0.38734437604580835,0.31981394206413777,0.2928416818900539,2025-02-23
2025-03-10,La Liga,Espanol,Girona,D,0.31046041671013025,0.2384234618518082,0.4511161214380615,0.2696288226597152,0.3090031904131974,0.4213679869270874,2025-02-23
2025-03-14,La Liga,Las Palmas,Alaves,D,0.37240766907890005,0.28013064321626385,0.3474616877048361,0.33571891267530884,0.32025817327578804,0.34402291404890306,2025-02-23
2025-03-15,La Liga,Valladolid,Celta,A,0.24226247490724623,0.25381368626392664,0.5039238388288271,0.20162049568103182,0.2524183868006684,0.5459611175182997,2025-02-23
2025-03-15,La Liga,Mallorca,Espanol,H,0.48364044039709875,0.2769529496994127,0.23940660990348872,0.521664719784847,0.2913802939338785,0.18695498628127463,2025-02-23
2025-03-15,La Liga,Villarreal,Real Madrid,A,0.29926932826656977,0.22075488448819428,0.4799757872452359,0.30384930384930386,0.2620802620802621,0.43407043407043405,2025-02-23
2025-03-15,La Liga,Girona,Valencia,D,0.5846876079518701,0.21538917779161626,0.1999232142565137,0.4959368993172931,0.27151852588321074,0.2325445747994963,2025-02-23
2025-03-16,La Liga,Vallecano,Sociedad,D,0.3506337553581764,0.3095320734016726,0.339834171240151,0.3980731400131654,0.33471201738131207,0.26721484260552264,2025-02-23
2025-03-16,La Liga,Osasuna,Getafe,A,0.4088550647538251,0.30100188230258434,0.29014305294359055,0.3970270647163689,0.3342667726993484,0.26870616258428287,2025-02-23
2025-03-16,La Liga,Ath Madrid,Barcelona,A,0.4192814048953629,0.24366040988491564,0.3370581852197216,0.3127764442897191,0.25870604833537936,0.4285175073749015,2025-02-23
2025-03-16,La Liga,Leganes,Betis,A,0.27996735912744297,0.2673592184594116,0.45267342241314557,0.24006854650257048,0.2902321233837046,0.4696993301137249,2025-02-23
2025-03-16,La Liga,Sevilla,Ath Bilbao,A,0.3284015231504486,0.27747015715525386,0.3941283196942974,0.3674535393772184,0.3224343971356387,0.31011206348714293,2025-02-23
2025-03-27,La Liga,Barcelona,Osasuna,H,0.7904641165688918,0.13193088944294698,0.07760499398816112,0.8171448654866126,0.12441689564828423,0.0584382388651032,2025-03-27
2025-03-29,La Liga,Real Madrid,Leganes,H,0.8352184067022418,0.11274205292158138,0.052039540376176745,0.8024051837750769,0.1295943769219505,0.06800043930297262,2025-03-27
2025-03-29,La Liga,Alaves,Vallecano,A,0.40764552013131716,0.2893827317615924,0.3029717481070902,0.45673461161573686,0.31382087830371597,0.22944451008054703,2025-03-27
2025-03-29,La Liga,Sociedad,Valladolid,H,0.7058239656386915,0.19441881113279463,0.09975722322851388,0.7034229133917643,0.19891877468865463,0.09765831191958095,2025-03-27
2025-03-29,La Liga,Espanol,Ath Madrid,D,0.19536514939322253,0.2351973705595244,0.5694374800472533,0.16548826777995965,0.2606885078469257,0.5738232243731146,2025-03-27
2025-03-30,La Liga,Getafe,Villarreal,A,0.3411881376146452,0.2644286745349286,0.39438318785042636,0.29080525500562393,0.3082903810977342,0.400904363896642,2025-03-27
2025-03-30,La Liga,Barcelona,Girona,H,0.7331097323351424,0.14814568979531825,0.11874457786953944,0.7448783209775318,0.15179984740300412,0.10332183161946408,2025-03-27
2025-03-30,La Liga,Ath Bilbao,Osasuna,D,0.630505078356472,0.2212067377199465,0.14828818392358162,0.6438212280913271,0.22406771279280532,0.13211105911586743,2025-03-27
2025-03-30,La Liga,Valencia,Mallorca,H,0.434103681919127,0.2881250624806826,0.27777125560019045,0.4837973165082132,0.30106272637198406,0.21513995711980274,2025-03-27
2025-03-30,La Liga,Betis,Sevilla,H,0.5198126754279105,0.24422591948549527,0.2359614050865943,0.5449687460282615,0.27096211394701264,0.18406914002472588,2025-03-27
2025-03-31,La Liga,Celta,Las Palmas,D,0.6010040408408748,0.2229744970014608,0.1760214621576646,0.6024972059829705,0.23716882680503243,0.1603339672119971,2025-03-27
2025-04-04,La Liga,Vallecano,Espanol,A,0.529094154988913,0.2608228466657511,0.2100829983453359,0.5783312501905314,0.26546352467762097,0.1562052251318477,2025-03-27
2025-04-05,La Liga,Girona,Alaves,A,0.5778912827511004,0.21979097917803572,0.2023177380708637,0.4648308000796482,0.2935034356998383,0.24166576422051364,2025-03-27
2025-04-05,La Liga,Real Madrid,Valencia,A,0.752421743928049,0.15607943971572963,0.09149881635622154,0.7567645782086528,0.1513529156417306,0.09188250614961656,2025-03-27
2025-04-05,La Liga,Mallorca,Celta,A,0.40316792279277003,0.2814871850429486,0.31534489216428135,0.3322838252821443,0.3071266902450103,0.36058948447284545,2025-03-27
2025-04-05,La Liga,Barcelona,Betis,D,0.7047125040496576,0.16784203884108942,0.1274454571092532,0.7018298819574927,0.17047995359605764,0.12769016444644954,2025-03-27
2025-04-06,La Liga,Villarreal,Ath Bilbao,D,0.4181479235455105,0.246911234713453,0.33494084174103655,0.4160942760942761,0.2915151515151515,0.29239057239057237,2025-03-27
2025-04-06,La Liga,Valladolid,Getafe,A,0.2532815599958599,0.2904995086263781,0.4562189313777618,0.20845055470035567,0.31538298211157706,0.4761664631880673,2025-03-27
2025-04-06,La Liga,Las Palmas,Sociedad,A,0.2767313812625771,0.2856243947695542,0.4376442239678685,0.2929940146843764,0.29656711242442974,0.41043887289119385,2025-03-27
2025-04-06,La Liga,Sevilla,Ath Madrid,A,0.27859866045134657,0.25869731086442554,0.4627040286842279,0.2654593218224645,0.3007991076997586,0.43374157047777684,2025-03-27
2025-04-07,La Liga,Leganes,Osasuna,D,0.35450464576153656,0.2781195938070901,0.3673757604313732,0.35247687082796586,0.32645508841784754,0.32106804075418666,2025-03-27
2025-04-11,La Liga,Valencia,Sevilla,H,0.4185047139671084,0.2696327664466656,0.31186251958622596,0.4008970743144517,0.3183594413673587,0.2807434843181895,2025-03-27
2025-04-12,La Liga,Sociedad,Mallorca,A,0.498334729182011,0.2890234135085773,0.21264185730941168,0.47143557281367066,0.3153208421442257,0.2132435850421038,2025-03-27
2025-04-12,La Liga,Getafe,Las Palmas,A,0.5263949280782898,0.2716554468239708,0.20194962509773928,0.5664456244108002,0.26683802141665797,0.1667163541725419,2025-03-27
2025-04-12,La Liga,Celta,Espanol,A,0.5780454973302401,0.22934781380744504,0.19260668886231494,0.5848351178166481,0.25281934780615517,0.16234553437719662,2025-03-27
2025-04-12,La Liga,Leganes,Barcelona,A,0.11974339341435132,0.17228995387266174,0.707966652712987,0.09082957147817831,0.14649037595108635,0.7626800525707353,2025-03-27
2025-04-13,La Liga,Osasuna,Girona,H,0.3663774577983904,0.24696594930769455,0.386656592893915,0.37461874058916644,0.31118489633604884,0.3141963630747848,2025-03-27
2025-04-13,La Liga,Alaves,Real Madrid,A,0.19049042115479442,0.22490768845629025,0.5846018903889151,0.18579360692671787,0.2514245953475844,0.5627817977256977,2025-03-27
2025-04-13,La Liga,Betis,Villarreal,A,0.4455689215641981,0.2327216125327849,0.3217094659030173,0.4419779323997788,0.2786107310256485,0.2794113365745728,2025-03-27
2025-04-13,La Liga,Ath Bilbao,Vallecano,H,0.5818878943985979,0.24927867491503675,0.16883343068636555,0.5256563508683303,0.29558183863416754,0.17876181049750206,2025-03-27
2025-04-14,La Liga,Ath Madrid,Valladolid,H,0.8410247393210845,0.11176436707832957,0.04721089360058601,0.8624151114680259,0.10076639723468514,0.036818491297288806,2025-03-27
2025-04-18,La Liga,Espanol,Getafe,H,0.3610704182008009,0.2985042512157326,0.3404253305834667,0.33821484845676153,0.36481601631291133,0.2969691352303272,2025-03-27
2025-04-19,La Liga,Las Palmas,Ath Madrid,H,0.17883749705306431,0.22900070655998445,0.5921617963869513,0.16613068377695564,0.24940956124869432,0.58445975497435,2025-03-27
2025-04-19,La Liga,Mallorca,Leganes,D,0.5361166346745897,0.26695994872806333,0.1969234165973471,0.5270517272893438,0.3068908791811369,0.1660573935295193,2025-03-27
2025-04-19,La Liga,Vallecano,Valencia,D,0.4571170478100121,0.2799095944770499,0.2629733577129383,0.39598861273807395,0.3132257194005344,0.2907856678613916,2025-03-27
2025-04-19,La Liga,Barcelona,Celta,H,0.7526824338751912,0.14704624162219312,0.10027132450261571,0.769920366220018,0.13709408230413428,0.09298555147584758,2025-03-27
2025-04-20,La Liga,Valladolid,Osasuna,A,0.27323924563165053,0.26680833009782673,0.45995242427052274,0.18976342994862685,0.2592757024164393,0.5509608676349337,2025-03-27
2025-04-20,La Liga,Villarreal,Sociedad,D,0.5045434071900361,0.24378222505789868,0.25167436775206514,0.5853155679124934,0.23640482791599485,0.1782796041715117,2025-03-27
2025-04-20,La Liga,Sevilla,Alaves,D,0.49597058238456576,0.25934431295292265,0.2446851046625115,0.44849573354876515,0.32879585871649336,0.2227084077347415,2025-03-27
2025-04-20,La Liga,Real Madrid,Ath Bilbao,H,0.5761561861090158,0.2292115560659152,0.19463225782506893,0.6719859016022375,0.20720764417713536,0.12080645422062698,2025-03-27
2025-04-21,La Liga,Girona,Betis,A,0.4755402081291568,0.2331849430937404,0.2912748487771027,0.3729975976919452,0.28300108429534215,0.34400131801271266,2025-03-27
2025-04-22,La Liga,Valencia,Espanol,D,0.522906097488529,0.25263164939903315,0.22446225311243806,0.47196051429584285,0.3019374718787069,0.2261020138254503,2025-03-27
2025-04-22,La Liga,Barcelona,Mallorca,H,0.7541282206063596,0.15666530550774851,0.08920647388589178,0.7470933578911017,0.16461379072176818,0.08829285138713021,2025-03-27
2025-04-23,La Liga,Getafe,Real Madrid,A,0.2048188054208313,0.25229320640792147,0.5428879881712473,0.1574319081630623,0.25123848556592326,0.5913296062710145,2025-03-27
2025-04-23,La Liga,Ath Bilbao,Las Palmas,H,0.7067835100026006,0.1881283894953031,0.10508810050209634,0.6981996840883284,0.1919353713230863,0.10986494458858531,2025-03-27
2025-04-23,La Liga,Celta,Villarreal,H,0.39196790508046464,0.23518323885988734,0.37284885605964824,0.4037927948928107,0.2718269932099648,0.3243802118972246,2025-03-27
2025-04-23,La Liga,Alaves,Sociedad,H,0.345751390701832,0.2959222135008497,0.3583263957973186,0.4075908762930922,0.3225636405100962,0.26984548319681173,2025-03-27
2025-04-24,La Liga,Betis,Valladolid,H,0.7466304150188765,0.16264944618853894,0.09072013879258442,0.8262550696618824,0.1176056486015088,0.05613928173660873,2025-03-27
2025-04-24,La Liga,Ath Madrid,Vallecano,H,0.6392640310461652,0.21977158932969132,0.14096437962414324,0.6389584429920363,0.21977841661001707,0.14126314039794652,2025-03-27
2025-04-24,La Liga,Leganes,Girona,D,0.2711580332884205,0.24127152235275168,0.4875704443588278,0.29930924812403714,0.3068627938180191,0.3938279580579436,2025-03-27
2025-04-24,La Liga,Osasuna,Sevilla,H,0.40757085765285717,0.2688474645131612,0.3235816778339815,0.412310349448357,0.32327323079671844,0.2644164197549246,2025-03-27
2025-04-27,La Liga,Villarreal,Espanol,H,0.6366530373381734,0.19525665300390718,0.16809030965791946,0.6960221547582673,0.18247771847595023,0.12150012676578233,2025-04-27
2025-05-02,La Liga,Vallecano,Getafe,H,0.4056072217813525,0.30239983690461997,0.2919929413140274,0.3984512069695686,0.32845302196140114,0.27309577106903016,2025-04-27
2025-05-03,La Liga,Valladolid,Barcelona,A,0.06769328301038764,0.11652706297985059,0.8157796540097615,0.11886317134037447,0.16086149188064008,0.7202753367789855,2025-04-27
2025-05-03,La Liga,Alaves,Ath Madrid,D,0.24144313078464757,0.25852219411296606,0.5000346751023863,0.23885387262673521,0.30474459610997257,0.4564015312632922,2025-04-27
2025-05-03,La Liga,Villarreal,Osasuna,H,0.6111088928345566,0.20341754536352455,0.1854735618019188,0.6764460707364865,0.19660932543763732,0.12694460382587608,2025-04-27
2025-05-03,La Liga,Las Palmas,Valencia,A,0.357705566965559,0.2747703120750854,0.3675241209593555,0.3647439027225594,0.3062472390783753,0.3290088581990654,2025-04-27
2025-05-04,La Liga,Sevilla,Leganes,D,0.5577798789349486,0.24657574076924174,0.19564438029580972,0.5818628996005932,0.25688628014281506,0.16125082025659176,2025-04-27
2025-05-04,La Liga,Espanol,Betis,A,0.31958365718029674,0.2625792616881496,0.41783708113155366,0.28312085361089084,0.31225225977021087,0.40462688661889823,2025-04-27
2025-05-04,La Liga,Real Madrid,Celta,H,0.7091118206388587,0.17010916292117573,0.12077901643996558,0.7145834122684045,0.16777175766301672,0.1176448300685788,2025-04-27
2025-05-04,La Liga,Sociedad,Ath Bilbao,D,0.34656727782582947,0.2981930075440324,0.35523971463013826,0.3760281119567886,0.3358320034372698,0.28813988460594153,2025-04-27
2025-05-05,La Liga,Girona,Mallorca,H,0.5223011731466533,0.24816605901486888,0.22953276783847815,0.47486860233709244,0.29499413175486044,0.23013726590804712,2025-04-27
2025-05-09,La Liga,Las Palmas,Vallecano,A,0.36829092580469475,0.28046855306793445,0.35124052112737103,0.3636223006002104,0.3026421632324732,0.3337355361673164,2025-04-27
2025-05-10,La Liga,Valencia,Getafe,H,0.42323301099013916,0.29424382080265377,0.2825231682072071,0.4811163565676201,0.3085254096084421,0.21035823382393778,2025-04-27
2025-05-10,La Liga,Celta,Sevilla,H,0.4779500087211261,0.25258828783550535,0.2694617034433686,0.510945789377401,0.2689188365144216,0.2201353741081773,2025-04-27
2025-05-10,La Liga,Girona,Villarreal,A,0.4349049868229171,0.21898377265214208,0.3461112405249408,0.310103052924294,0.2719898285425372,0.4179071185331688,2025-04-27
2025-05-10,La Liga,Mallorca,Valladolid,H,0.63244968986966,0.22447716348247299,0.14307314664786694,0.7127945449837443,0.18429668843686167,0.1029087665793941,2025-04-27
2025-05-10,La Liga,Ath Madrid,Sociedad,H,0.5749987650952968,0.242411467694506,0.18258976721019718,0.5308691206850542,0.2759916167197868,0.1931392625951589,2025-04-27
2025-05-11,La Liga,Leganes,Espanol,H,0.38744365665712993,0.27920609078589054,0.33335025255697953,0.41589760862243186,0.30037049511620073,0.28373189626136747,2025-04-27
2025-05-11,La Liga,Barcelona,Real Madrid,H,0.5028845020672396,0.2196902978938232,0.2774252000389372,0.5206755969714618,0.21898660454280724,0.2603377984857309,2025-04-27
2025-05-11,La Liga,Ath Bilbao,Alaves,H,0.6021572036491262,0.23921585083361988,0.1586269455172539,0.46686255305256286,0.3379040156709109,0.19523343127652626,2025-04-27
2025-05-11,La Liga,Betis,Osasuna,D,0.5685151949784977,0.23260149947355407,0.1988833055479483,0.585582562325163,0.24095043088192497,0.17346700679291185,2025-04-27
2025-05-13,La Liga,Sevilla,Las Palmas,H,0.559897388568739,0.23987125081504554,0.20023136061621566,0.5643138659978503,0.2508061626657112,0.18487997133643855,2025-04-27
2025-05-13,La Liga,Sociedad,Celta,A,0.4704950131922727,0.2664949525206653,0.2630100342870619,0.42461456118701774,0.28599039562302075,0.2893950431899615,2025-04-27
2025-05-13,La Liga,Valladolid,Girona,A,0.20072124417092282,0.20867371903644424,0.5906050367926329,0.19224444861520015,0.24331690864831096,0.5644386427364888,2025-04-27
2025-05-14,La Liga,Alaves,Valencia,H,0.42120558174586514,0.2805552128617033,0.29823920539243176,0.4132754364786219,0.342469505053963,0.244255058467415,2025-04-27
2025-05-14,La Liga,Villarreal,Leganes,H,0.685818020321691,0.18058728764947501,0.133594692028834,0.739622127974091,0.16339038577505216,0.09698748625085678,2025-04-27
2025-05-14,La Liga,Real Madrid,Mallorca,H,0.7151917970896344,0.18198680905987813,0.10282139385048768,0.6716586423777493,0.19325389509057977,0.13508746253167106,2025-04-27
2025-05-15,La Liga,Vallecano,Betis,D,0.34147439728033196,0.2730220338975397,0.38550356882212833,0.2956616938552848,0.2886430186302335,0.4156952875144817,2025-04-27
2025-05-15,La Liga,Osasuna,Ath Madrid,H,0.2411052497664516,0.2499943071474791,0.5089004430860693,0.26801603105386534,0.28364378796662715,0.4483401809795075,2025-04-27
2025-05-15,La Liga,Espanol,Barcelona,A,0.16257674430222652,0.19559670604733576,0.6418265496504376,0.12324470021454742,0.16537964045883713,0.7113756593266155,2025-04-27
2025-05-15,La Liga,Getafe,Ath Bilbao,A,0.2873973749011187,0.3027142516666913,0.4098883734321901,0.2912487241080268,0.3844943630517034,0.3242569128402698,2025-04-27
2025-05-18,La Liga,Valladolid,Alaves,A,0.26394612393270733,0.26158562708732835,0.47446824897996426,0.17714542291070326,0.2625806813717237,0.5602738957175731,2025-04-27
2025-05-18,La Liga,Sociedad,Girona,H,0.46624339407303134,0.25312833296391113,0.2806282729630576,0.5646788787368048,0.2503215648008516,0.18499955646234362,2025-04-27
2025-05-18,La Liga,Sevilla,Real Madrid,A,0.2234349189468587,0.23168866773840127,0.5448764133147403,0.3068656738247328,0.26079468794219923,0.432339638233068,2025-04-27
2025-05-18,La Liga,Osasuna,Espanol,H,0.4701884466613358,0.26289111324235265,0.26692044009631155,0.4763109215145909,0.2849484691758843,0.23874060930952468,2025-04-27
2025-05-18,La Liga,Valencia,Ath Bilbao,A,0.2911654797556399,0.28153856688434487,0.427295953360015,0.3830307316248251,0.3221516749427337,0.2948175934324411,2025-04-27
2025-05-18,La Liga,Las Palmas,Leganes,A,0.4489816770475272,0.2713204167960704,0.2796979061564025,0.28618239553188374,0.2787167678223564,0.43510083664575994,2025-04-27
2025-05-18,La Liga,Celta,Vallecano,A,0.5053763460713108,0.25473937811835906,0.23988427581033014,0.50328853302831,0.2759508149842722,0.22076065198741773,2025-04-27
2025-05-18,La Liga,Barcelona,Villarreal,A,0.7043790698833667,0.1569524135668684,0.13866851654976473,0.5641507317087204,0.21202148378503557,0.22382778450624408,2025-04-27
2025-05-18,La Liga,Mallorca,Getafe,A,0.39872140536031614,0.31761971998545985,0.2836588746542241,0.3806764750492947,0.345578644016381,0.27374488093432425,2025-04-27
2025-05-18,La Liga,Ath Madrid,Betis,H,0.5779004178095144,0.22576673271253658,0.19633284947794905,0.6229154136366122,0.22035103067417572,0.1567335556892121,2025-04-27
2025-05-23,La Liga,Betis,Valencia,D,0.5463129444690038,0.24142629999280732,0.21226075553818902,0.5006170654155515,0.24712394577765134,0.2522589888067973,2025-04-27
2025-05-24,La Liga,Real Madrid,Sociedad,H,0.6501182430018276,0.20672245812474538,0.14315929887342707,0.6983942495779629,0.17241217610332535,0.12919357431871162,2025-04-27
2025-05-24,La Liga,Espanol,Las Palmas,H,0.4960628095171386,0.2567017046655482,0.24723548581731317,0.7028739039535682,0.1830124504633819,0.11411364558304989,2025-04-27
2025-05-24,La Liga,Leganes,Valladolid,H,0.5662452344626878,0.23804211801455147,0.19571264752276063,0.7225555649454914,0.169863939829291,0.10758049522521762,2025-04-27
2025-05-24,La Liga,Alaves,Osasuna,D,0.44114030677193683,0.2746833232338308,0.28417636999423246,0.2914556580454573,0.2995267378067161,0.4090176041478266,2025-04-27
2025-05-24,La Liga,Getafe,Celta,A,0.39871973928893634,0.2833845367587123,0.31789572395235133,0.19614711033274956,0.2521891418563923,0.5516637478108581,2025-04-27
2025-05-24,La Liga,Vallecano,Mallorca,D,0.4172556462960643,0.3010492487508119,0.2816951049531239,0.644114636642784,0.2226202661207779,0.13326509723643806,2025-04-27
2025-05-25,La Liga,Girona,Ath Madrid,A,0.3146076856210007,0.2391285855698523,0.446263728809147,0.2918816063002519,0.27225931343973075,0.4358590802600174,2025-04-27
2025-05-25,La Liga,Villarreal,Sevilla,H,0.5692696135493254,0.2151701597816518,0.21556022666902294,0.5445808862786973,0.23758675920982378,0.21783235451147887,2025-04-27
2025-05-25,La Liga,Ath Bilbao,Barcelona,A,0.3328355188722508,0.2523197919924014,0.4148446891353479,0.2910322082660866,0.2460879938249947,0.46287979790891864,2025-04-27
2025-08-15,La Liga,Girona,Vallecano,A,0.5107689800745501,0.23900680640749364,0.2502242135179564,0.4248941845066086,0.293074603168715,0.28203121232467643,2025-08-15
2025-08-16,La Liga,Mallorca,Barcelona,A,0.18192404088169592,0.21764907541453163,0.6004268837037723,0.12024358575433872,0.18251662922409986,0.6972397850215613,2025-08-15
2025-08-16,La Liga,Alaves,Levante,H,0.4722304282286918,0.2461146671581829,0.2816549046131255,0.443517170736967,0.30933203946304383,0.24715078979998922,2025-08-15
2025-08-16,La Liga,Valencia,Sociedad,D,0.3812133731963576,0.2838615229103673,0.334925103893275,0.38477765589401736,0.3202261412539026,0.29499620285207995,2025-08-15
2025-08-17,La Liga,Celta,Getafe,A,0.498614322807273,0.2587135447469164,0.2426721324458103,0.6022904247584228,0.25996986162494923,0.13773971361662796,2025-08-15
2025-08-17,La Liga,Ath Bilbao,Sevilla,H,0.5732467154415423,0.2411487922249043,0.18560449233355347,0.5813268297116543,0.263093714259746,0.15557945602859974,2025-08-15
2025-08-17,La Liga,Espanol,Ath Madrid,H,0.2092835805772059,0.23624796741077056,0.5544684520120237,0.16708497854965665,0.2491241325419045,0.583790888908439,2025-08-15
2025-08-18,La Liga,Elche,Betis,D,0.2604442607179941,0.2485269005652123,0.49102883871679337,0.2916358476610261,0.3025042643440457,0.40585988799492806,2025-08-15
2025-08-19,La Liga,Real Madrid,Osasuna,H,0.7412326636440941,0.1555692597375161,0.10319807661838974,0.7924994848547291,0.13208324747578815,0.0754172676694828,2025-08-15
2025-08-22,La Liga,Betis,Alaves,H,0.5336262003417992,0.2465720346961407,0.2198017649620601,0.4932096142507518,0.28746240830591163,0.21932797744333665,2025-08-15
2025-08-23,La Liga,Mallorca,Celta,D,0.37433906260602,0.2751609496479921,0.3504999877459878,0.2988498733945514,0.3083071478690625,0.39284297873638613,2025-08-15
2025-08-23,La Liga,Ath Madrid,Elche,D,0.7876800085054015,0.14012047144528167,0.0721995200493168,0.7635471106429136,0.16242961985201013,0.07402326950507637,2025-08-15
2025-08-23,La Liga,Levante,Barcelona,A,0.1718391766466918,0.17366876727373942,0.6544920560795687,0.08740440728913351,0.13021955673252503,0.7823760359783415,2025-08-15
2025-08-24,La Liga,Sociedad,Espanol,D,0.5373204576093373,0.25570655263503844,0.20697298975562428,0.5448058154015466,0.27012656028266097,0.1850676243157925,2025-08-15
2025-08-24,La Liga,Villarreal,Girona,H,0.5807169056228937,0.19499915549581778,0.2242839388812883,0.6297005762376549,0.21312942580351396,0.15716999795883121,2025-08-15
2025-08-24,La Liga,Osasuna,Valencia,H,0.43857070766134787,0.2647043683794491,0.296724923959203,0.392147551279891,0.3058257632623049,0.3020266854578042,2025-08-15
2025-08-25,La Liga,Sevilla,Getafe,A,0.46302913840455123,0.276689103529344,0.26028175806610465,0.45873219056099734,0.30971727515583264,0.2315505342831701,2025-08-15
2025-08-25,La Liga,Ath Bilbao,Vallecano,H,0.5835929835199009,0.24636213847172134,0.17004487800837778,0.5678861166386039,0.26174804836981475,0.17036583499158117,2025-08-15
2025-08-27,La Liga,Celta,Betis,D,0.4309163812947545,0.24314269875553823,0.3259409199497072,0.40522133938706023,0.2860385925085131,0.3087400681044268,2025-08-15
2025-08-29,La Liga,Elche,Levante,H,0.35800529991082713,0.2451220670167994,0.39687263307237336,0.4341446270099288,0.30014937175995077,0.26570600123012034,2025-08-15
2025-08-29,La Liga,Valencia,Getafe,H,0.4462182235834023,0.28432037927857645,0.26946139713802125,0.40907427735089646,0.32345407976582513,0.26747164288327846,2025-08-15
2025-08-30,La Liga,Alaves,Ath Madrid,D,0.23242339829865935,0.25555132369760414,0.5120252780037365,0.16962816895270677,0.26952031289152295,0.5608515181557703,2025-08-15
2025-08-30,La Liga,Girona,Sevilla,A,0.49282449899175323,0.2332996171812,0.27387588382704686,0.3834738358137302,0.3053365338454153,0.3111896303408545,2025-08-15
2025-08-30,La Liga,Real Madrid,Mallorca,H,0.7327159687068071,0.16874712252063573,0.09853690877255691,0.8086414730999236,0.12813360226217166,0.06322492463790468,2025-08-15
2025-08-31,La Liga,Celta,Villarreal,D,0.39603331252093626,0.2266733471511225,0.3772933403279411,0.3296353777471211,0.2860071659864727,0.38435745626640605,2025-08-15
2025-08-31,La Liga,Betis,Ath Bilbao,A,0.36739272660675887,0.2706815273116075,0.36192574608163347,0.3078848560700876,0.29662077596996245,0.39549436795994997,2025-08-15
2025-08-31,La Liga,Espanol,Osasuna,H,0.40601189260993925,0.2672464987936968,0.326741608596364,0.40722102886826006,0.3022541177003545,0.2905248534313855,2025-08-15
2025-08-31,La Liga,Vallecano,Barcelona,D,0.19375999063287042,0.21250770159813542,0.5937323077689941,0.14246213975316577,0.17933781466134088,0.6782000455854934,2025-08-15
2025-09-12,La Liga,Sevilla,Elche,D,0.5941759781342454,0.22705904311391772,0.17876497875183667,0.5030554153661195,0.28724761883331673,0.20969696580056382,2025-08-15
2025-09-13,La Liga,Ath Madrid,Villarreal,H,0.5967095972768877,0.20164314422164337,0.20164725850146928,0.5421283513225995,0.25140148934389983,0.20647015933350069,2025-08-15
2025-09-13,La Liga,Ath Bilbao,Alaves,A,0.584541848950946,0.24789043300112476,0.1675677180479292,0.6008514320078535,0.2525772338205337,0.14657133417161278,2025-08-15
2025-09-13,La Liga,Sociedad,Real Madrid,A,0.26341325997805803,0.24698235247263714,0.48960438754930485,0.1727078891257996,0.2302771855010661,0.5970149253731344,2025-08-15
2025-09-14,La Liga,Celta,Girona,D,0.49958694498585554,0.22514896328002537,0.2752640917341192,0.5468871418475695,0.2595148099383909,0.19359804821403961,2025-09-14
2025-09-14,La Liga,Levante,Betis,D,0.35288001781053974,0.23252433522698127,0.41459564696247914,0.27645421454571406,0.26881735779030763,0.45472842766397825,2025-09-14
2025-09-14,La Liga,Osasuna,Vallecano,H,0.43038666543065585,0.275729186696083,0.2938841478732611,0.3659093379715186,0.31601261006631154,0.3180780519621698,2025-09-14
2025-09-14,La Liga,Barcelona,Valencia,H,0.7494063584482512,0.1496634638986941,0.10093017765305458,0.7455881172805732,0.16030144521532325,0.09411043750410367,2025-09-14
2025-09-15,La Liga,Espanol,Mallorca,H,0.43338305583270975,0.2856067706877618,0.28101017347952845,0.42652329749103945,0.3010752688172043,0.2724014336917563,2025-09-14
2025-09-19,La Liga,Betis,Sociedad,H,0.4659923750922275,0.2606577792119353,0.2733498456958372,0.5046327248771293,0.254292730812757,0.24107454431011371,2025-09-14
2025-09-20,La Liga,Girona,Levante,A,0.5493736639200811,0.2027463440352253,0.24787999204469358,0.5427677910668672,0.24784549643104398,0.20938671250208887,2025-09-14
2025-09-20,La Liga,Real Madrid,Espanol,H,0.761433870296474,0.14662352117177904,0.09194260853174709,0.7947131216777865,0.1375683658412191,0.06771851248099447,2025-09-14
2025-09-20,La Liga,Alaves,Sevilla,A,0.42147002770710423,0.2756914846059157,0.30283848768697996,0.38483664241582843,0.319225149282638,0.29593820830153367,2025-09-14
2025-09-20,La Liga,Villarreal,Osasuna,H,0.6076998825388784,0.20523984226521028,0.18706027519591134,0.5763271200492072,0.24890220094670126,0.1747706790040917,2025-09-14
2025-09-20,La Liga,Valencia,Ath Bilbao,H,0.3014578448647824,0.28184107593758034,0.4167010791976373,0.2699690815668305,0.30562537535867607,0.42440554307449346,2025-09-14
2025-09-21,La Liga,Barcelona,Getafe,H,0.7419090535787507,0.15953586404793893,0.09855508237331036,0.7617173129276728,0.15963382630662448,0.0786488607657028,2025-09-14
2025-09-21,La Liga,Elche,Oviedo,H,0.5793894498714474,0.2984797086999633,0.12213084142858954,0.4839030888352344,0.296538173341104,0.21955873782366167,2025-09-14
2025-09-21,La Liga,Mallorca,Ath Madrid,D,0.22066157103414624,0.2656720777920379,0.513666351173816,0.19043853426521382,0.2639229686827691,0.5456384970520171,2025-09-14
2025-09-21,La Liga,Vallecano,Celta,D,0.4188593567785268,0.26399482756209086,0.3171458156593823,0.4364506113014889,0.28626025388303533,0.27728913481547585,2025-09-14
2025-09-23,La Liga,Ath Bilbao,Girona,D,0.6083210077526846,0.21399348955432185,0.1776855026929936,0.6629743464333816,0.215577404408182,0.1214482491584363,2025-09-14
2025-09-23,La Liga,Espanol,Valencia,D,0.40644908279431824,0.2696478119955435,0.3239031052101382,0.41948090692124107,0.29761336515513126,0.28290572792362767,2025-09-14
2025-09-23,La Liga,Levante,Real Madrid,A,0.17870684748120935,0.18095086439075,0.6403422881280407,0.11204906255475731,0.1608957420711407,0.7270551953741019,2025-09-14
2025-09-23,La Liga,Sevilla,Villarreal,A,0.3491749444450343,0.23561725267827457,0.415207802876691,0.302234573928719,0.28539452435497803,0.4123709017163031,2025-09-14
2025-09-24,La Liga,Getafe,Alaves,D,0.4180377942997396,0.3007793874226767,0.28118281827758357,0.4054595247209871,0.3462999499396331,0.24824052533937985,2025-09-14
2025-09-24,La Liga,Ath Madrid,Vallecano,H,0.6529349767523739,0.20807250534871957,0.1389925178989067,0.650063147358943,0.22164624475167619,0.1282906078893808,2025-09-14
2025-09-24,La Liga,Sociedad,Mallorca,H,0.5002848057107439,0.28119673985843624,0.21851845443082013,0.5436538596614455,0.2688066306103814,0.18753950972817304,2025-09-14
2025-09-25,La Liga,Osasuna,Elche,D,0.5135940081459062,0.259168447213705,0.22723754464038895,0.4904630197393312,0.30158906182729056,0.20794791843337812,2025-09-14
2025-09-25,La Liga,Oviedo,Barcelona,A,0.05407708175586139,0.15460413961368893,0.7913187786304496,0.07623848927303814,0.13513058070586254,0.7886309300210994,2025-09-14
2025-09-26,La Liga,Girona,Espanol,D,0.5127392510799438,0.23018592356557466,0.2570748253544815,0.3755424823994599,0.29474394830745493,0.32971356929308515,2025-09-14
2025-09-27,La Liga,Villarreal,Ath Bilbao,H,0.42724675460448247,0.24939182296066714,0.3233614224348504,0.46200968283766425,0.2904851299278728,0.24750518723446302,2025-09-14
2025-09-27,La Liga,Mallorca,Alaves,H,0.3916532167403939,0.3070931077265267,0.30125367553307947,0.37860522952575043,0.33436956696947717,0.28702520350477245,2025-09-14
2025-09-27,La Liga,Getafe,Levante,D,0.4882162494514801,0.2468015268351815,0.2649822237133382,0.4528413617105272,0.3061663294583753,0.2409923088310974,2025-09-14
2025-09-27,La Liga,Ath Madrid,Real Madrid,H,0.42253445042733595,0.24202442713328007,0.335441122439384,0.3152137415402524,0.27206996127356975,0.4127162971861779,2025-09-14
2025-09-28,La Liga,Vallecano,Sevilla,A,0.4373326101103866,0.26761625149968155,0.29505113838993197,0.4782455431854973,0.28554072137251746,0.23621373544198523,2025-09-14
2025-09-28,La Liga,Elche,Celta,H,0.33754738990659366,0.2649493301075696,0.39750327998583684,0.33140399814039984,0.30639237563923755,0.3622036262203627,2025-09-14
2025-09-28,La Liga,Barcelona,Sociedad,H,0.6991445545899321,0.17422383070224426,0.12663161470782366,0.746268656716418,0.16044776119402987,0.09328358208955224,2025-09-14
2025-09-28,La Liga,Betis,Osasuna,H,0.5284677332123268,0.24217738999433921,0.22935487679333388,0.5093159167814314,0.2740263101556434,0.21665777306292516,2025-09-14
2025-09-30,La Liga,Valencia,Oviedo,A,0.6574810226623676,0.25282392663720227,0.08969505070043025,0.5470104448676671,0.2766309964045059,0.17635855872782707,2025-09-14
2025-10-03,La Liga,Osasuna,Getafe,H,0.4328452138660622,0.28627731622407115,0.28087746990986673,0.44204861233247733,0.32966337190896616,0.2282880157585564,2025-09-14
2025-10-04,La Liga,Oviedo,Levante,A,0.18323300876022394,0.28757986679058284,0.5291871244491932,0.3938279580579436,0.29930924812403714,0.3068627938180191,2025-09-14
2025-10-04,La Liga,Girona,Valencia,H,0.46744989393180086,0.24053020294254113,0.29201990312565784,0.4160899071448346,0.29064190528922773,0.2932681875659377,2025-09-14
2025-10-04,La Liga,Ath Bilbao,Mallorca,H,0.5918389978188683,0.2530198463589816,0.15514115582215007,0.5897900500256036,0.2600149682908575,0.15019498168353881,2025-09-14
2025-10-04,La Liga,Real Madrid,Villarreal,H,0.6427258493017121,0.18007494836972424,0.17719920232856393,0.6893227577791337,0.17937766931055524,0.1312995729103112,2025-09-14
2025-10-05,La Liga,Sociedad,Vallecano,A,0.4774926725019157,0.2739538801799512,0.24855344731813306,0.45014256282292364,0.2834717013695379,0.2663857358075384,2025-09-14
2025-10-05,La Liga,Celta,Ath Madrid,D,0.2785765506840999,0.2460796852853823,0.4753437640305178,0.2039629094242499,0.24946232768042872,0.5465747628953214,2025-09-14
2025-10-05,La Liga,Espanol,Betis,A,0.35121965432733754,0.259336300414345,0.3894440452583173,0.36449071728014004,0.2829041323075505,0.3526051504123094,2025-09-14
2025-10-05,La Liga,Alaves,Elche,H,0.49749710189672147,0.2735186084750305,0.228984289628248,0.4069122136830548,0.319907957467928,0.27317982884901715,2025-09-14
2025-10-05,La Liga,Sevilla,Barcelona,H,0.21003447083060803,0.2056407892462728,0.5843247399231191,0.16359599579324582,0.19183578078136562,0.6445682234253886,2025-09-14
2025-10-17,La Liga,Oviedo,Espanol,A,0.2666277232690918,0.302353791359969,0.4310184853709391,0.3276622558286075,0.3119092627599244,0.3604284814114682,2025-10-17
2025-10-18,La Liga,Sevilla,Mallorca,A,0.4958574775249382,0.2695664791770168,0.23457604329804518,0.5195911835804864,0.27840559120215175,0.2020032252173617,2025-10-17
2025-10-18,La Liga,Barcelona,Girona,H,0.8030042180837542,0.11659285442546034,0.08040292749078548,0.7960235155888687,0.12825412168608938,0.07572236272504175,2025-10-17
2025-10-18,La Liga,Villarreal,Betis,D,0.5275871813548362,0.21962107214943816,0.2527917464957256,0.4654712679213201,0.2665301232754956,0.26799860880318427,2025-10-17
2025-10-18,La Liga,Ath Madrid,Osasuna,H,0.6782303230522871,0.1943179272727027,0.12745174967501038,0.7178968408405801,0.1874585561189136,0.09464460304050618,2025-10-17
2025-10-19,La Liga,Elche,Ath Bilbao,D,0.2627644321618566,0.27574165949870677,0.4614939083394363,0.24271264173771137,0.2883571086913705,0.4689302495709181,2025-10-17
2025-10-19,La Liga,Celta,Sociedad,D,0.4318804015066149,0.2677949632243658,0.30032463526901965,0.4463447060013584,0.2780089883094175,0.27564630568922416,2025-10-17
2025-10-19,La Liga,Levante,Vallecano,A,0.5051451941384529,0.23015846314079164,0.26469634272075543,0.3401050815075037,0.28863517303010694,0.37125974546238943,2025-10-17
2025-10-19,La Liga,Getafe,Real Madrid,A,0.20571608688661547,0.23855746533245908,0.5557264477809253,0.13084617994340367,0.2104418867798724,0.6587119332767238,2025-10-17
2025-10-20,La Liga,Alaves,Valencia,D,0.4377328618860049,0.2801774501780126,0.2820896879359824,0.4360898963324078,0.30107754452670876,0.26283255914088355,2025-10-17
2025-10-24,La Liga,Sociedad,Sevilla,H,0.47106942889325704,0.2661527761369881,0.2627777949697549,0.49119527198166685,0.2686648172717404,0.2401399107465927,2025-10-17
2025-10-25,La Liga,Valencia,Villarreal,A,0.33741137098038626,0.24062990178644225,0.4219587272331714,0.25384110446891484,0.2809859624612555,0.4651729330698297,2025-10-17
2025-10-25,La Liga,Ath Bilbao,Getafe,A,0.56810603719889,0.2647951596079382,0.16709880319317175,0.5860106480631541,0.26858821369561225,0.14540113824123369,2025-10-17
2025-10-25,La Liga,Espanol,Elche,H,0.48622040499618596,0.2560558922196704,0.2577237027841436,0.4789228550488215,0.29550559141310256,0.225571553538076,2025-10-17
2025-10-25,La Liga,Girona,Oviedo,D,0.6262127625881605,0.2274125403169816,0.14637469709485798,0.550344124394596,0.25898547030333924,0.19067040530206472,2025-10-17
2025-10-26,La Liga,Mallorca,Levante,D,0.3925267955267545,0.2529361956545703,0.35453700881867506,0.4907914385266302,0.28581383773021407,0.22339472374315583,2025-10-17
2025-10-26,La Liga,Real Madrid,Barcelona,H,0.47602214957151984,0.2125420264365833,0.3114358239918969,0.5194482497992348,0.21730832821578727,0.2632434219849781,2025-10-17
2025-10-26,La Liga,Osasuna,Celta,A,0.4191384192186047,0.2630958166916602,0.3177657640897352,0.4051954449855051,0.29922125168160374,0.2955833033328912,2025-10-17
2025-10-26,La Liga,Vallecano,Alaves,H,0.42971433656629726,0.28982760952275016,0.2804580539109526,0.43640375387122476,0.31596765296520496,0.24762859316357028,2025-10-17
2025-10-27,La Liga,Betis,Ath Madrid,A,0.3247966633093885,0.2528533917862491,0.4223499449043624,0.2829365208611537,0.27263351029758226,0.44442996884126423,2025-10-17
2025-10-31,La Liga,Getafe,Girona,H,0.4392386200365457,0.26575916995341636,0.29500221001003796,0.43954833379234365,0.3180941889286698,0.2423574772789865,2025-10-17
2025-11-01,La Liga,Sociedad,Ath Bilbao,H,0.3407497770882576,0.2975049872224025,0.36174523568933986,0.3604633072483159,0.32659427166793725,0.3129424210837469,2025-10-17
2025-11-01,La Liga,Real Madrid,Valencia,H,0.7401268685973271,0.1566915304721066,0.10318160093056632,0.8246016284914331,0.11940394868007137,0.055994422828495455,2025-10-17
2025-11-01,La Liga,Villarreal,Vallecano,H,0.60469744437636,0.21086819570745916,0.1844343599161811,0.5537525354969574,0.24847870182555784,0.19776876267748478,2025-10-17
2025-11-01,La Liga,Ath Madrid,Sevilla,H,0.6666896516386148,0.19416796058157448,0.13914238777981067,0.7204753291407898,0.17747002592806221,0.10205464493114783,2025-10-17
2025-11-02,La Liga,Betis,Mallorca,H,0.5622300089908032,0.24787819111904102,0.18989179989015553,0.6182569068641413,0.21771575049843356,0.16402734263742524,2025-10-17
2025-11-02,La Liga,Barcelona,Elche,H,0.8122455850126098,0.11835740414894762,0.06939701083844259,0.8078620861280306,0.12356759415068848,0.06857031972128078,2025-10-17
2025-11-02,La Liga,Levante,Celta,A,0.48343957625330153,0.22044774082304075,0.2961126829236577,0.30896878704069536,0.2821019359936784,0.40892927696562625,2025-10-17
2025-11-02,La Liga,Alaves,Espanol,H,0.45639852209596105,0.274910382273385,0.2686910956306543,0.38941525504832997,0.3110345487606469,0.2995501961910231,2025-10-17
2025-11-03,La Liga,Oviedo,Osasuna,D,0.2544629850142476,0.3085259239913881,0.4370110909943645,0.30098876645076433,0.30381053613624026,0.3952006974129954,2025-10-17
2025-11-07,La Liga,Elche,Sociedad,D,0.34765722963753093,0.28203476657889104,0.3703080037835778,0.30876108272922914,0.3068130632798334,0.38442585399093754,2025-10-17
2025-11-08,La Liga,Girona,Alaves,H,0.4482814878439525,0.2581635315970821,0.29355498055896545,0.4460534484501104,0.29113668192252723,0.26280986962736236,2025-10-17
2025-11-08,La Liga,Sevilla,Osasuna,H,0.47503501350190813,0.2597054784306948,0.2652595080673971,0.4162303664921467,0.306282722513089,0.2774869109947644,2025-10-17
2025-11-08,La Liga,Ath Madrid,Levante,H,0.7032173760314526,0.16333616686964186,0.13344645709890549,0.7869656572030951,0.13560707652369716,0.07742726627320773,2025-10-17
2025-11-08,La Liga,Espanol,Villarreal,A,0.3205749796503389,0.2370116248946531,0.44241339545500796,0.33914220908127707,0.28212699711978706,0.3787307937989359,2025-10-17
2025-11-09,La Liga,Celta,Barcelona,A,0.2276182285845468,0.2072114875533533,0.5651702838621002,0.2282309477686684,0.22504632989282652,0.5467227223385052,2025-10-17
2025-11-09,La Liga,Mallorca,Getafe,H,0.3940631543395425,0.31535138945483737,0.29058545620562026,0.36878279421092086,0.34402352534163644,0.2871936804474428,2025-10-17
2025-11-09,La Liga,Valencia,Betis,D,0.37061302648322386,0.26212961678604235,0.3672573567307337,0.2764318692513891,0.2772194244344415,0.4463487063141695,2025-10-17
2025-11-09,La Liga,Ath Bilbao,Oviedo,H,0.7049990025499662,0.2102823246955736,0.08471867275446031,0.6004632310364795,0.2641381972592164,0.13539857170430422,2025-10-17
2025-11-09,La Liga,Vallecano,Real Madrid,D,0.21746408359847186,0.22915864628941005,0.5533772701121179,0.15630250250470665,0.20717612216362616,0.6365213753316672,2025-10-17
2025-11-21,La Liga,Valencia,Levante,H,0.47824585101478523,0.22968471581000305,0.2920694331752118,0.46735048483829383,0.2761616501317191,0.25648786502998716,2025-11-21
2025-11-22,La Liga,Alaves,Celta,A,0.41916375260238453,0.27227415587136583,0.30856209152624964,0.35166196086067575,0.32255087138545424,0.3257871677538701,2025-11-21
2025-11-22,La Liga,Barcelona,Ath Bilbao,H,0.6081835293544678,0.21037841261655094,0.18143805802898125,0.6772009029345373,0.18445662689455014,0.1383424701709126,2025-11-21
2025-11-22,La Liga,Osasuna,Sociedad,A,0.3734594893819583,0.2862826360386374,0.3402578745794046,0.35929820195358675,0.3245660424314067,0.3161357556150065,2025-11-21
2025-11-22,La Liga,Villarreal,Mallorca,H,0.6407417700753729,0.20548265196016685,0.15377557796446023,0.6853390174233468,0.19249562043165716,0.12216536214499606,2025-11-21
2025-11-23,La Liga,Getafe,Ath Madrid,A,0.22326868516450046,0.2692395266375674,0.5074917881979324,0.1955028613060508,0.28974226451046453,0.5147548741834848,2025-11-21
2025-11-23,La Liga,Oviedo,Vallecano,D,0.24281887855430911,0.28944625288574216,0.46773486855994884,0.27023709922932615,0.30119305177262357,0.42856984899805023,2025-11-21
2025-11-23,La Liga,Betis,Girona,D,0.5822937112235462,0.2109679649708837,0.20673832380557017,0.6314375520511513,0.21373881739784545,0.15482363055100343,2025-11-21
2025-11-23,La Liga,Elche,Real Madrid,D,0.16573827940717417,0.2097694004002556,0.6244923201925703,0.13658248992826963,0.1736759359339688,0.6897415741377617,2025-11-21
2025-11-24,La Liga,Espanol,Sevilla,H,0.4336638134674285,0.25854373903858374,0.3077924474939878,0.5248351853872169,0.2589186914576937,0.21624612315508937,2025-11-21
2025-11-28,La Liga,Getafe,Elche,H,0.4577698072520873,0.29501813535777893,0.24721205739013372,0.42325425433816755,0.32777265487467516,0.24897309078715738,2025-11-21
2025-11-29,La Liga,Ath Madrid,Oviedo,H,0.8279262044108753,0.12328827568667074,0.04878551990245384,0.770999140292606,0.15469485158358864,0.07430600812380549,2025-11-21
2025-11-29,La Liga,Levante,Ath Bilbao,A,0.30966745133156126,0.24417591503736655,0.4461566336310721,0.24646337956434516,0.27984602751686455,0.4736905929187903,2025-11-21
2025-11-29,La Liga,Barcelona,Alaves,H,0.7382622706972142,0.16006076175467568,0.10167696754811023,0.7688983173404554,0.14474742419812792,0.08635425846141681,2025-11-21
2025-11-29,La Liga,Mallorca,Osasuna,D,0.40008541762931665,0.2940908771844792,0.30582370518620405,0.38957159371411354,0.3214287076849121,0.2889996986009744,2025-11-21
2025-11-30,La Liga,Girona,Real Madrid,D,0.1976672254723464,0.19604879393586983,0.6062839805917839,0.1368479368955223,0.16800420974388988,0.6951478533605879,2025-11-21
2025-11-30,La Liga,Celta,Espanol,A,0.5034700919680308,0.24135211097179074,0.2551777970601786,0.5065397415060754,0.2724247349276372,0.22103552356628742,2025-11-21
2025-11-30,La Liga,Sevilla,Betis,A,0.3722196969371733,0.25737577675770024,0.3704045263051264,0.3503370405219886,0.2915978960033318,0.3580650634746795,2025-11-21
2025-11-30,La Liga,Sociedad,Villarreal,A,0.37716989335102713,0.2521177305285905,0.37071237612038244,0.33570063242893317,0.28549320646448856,0.3788061611065783,2025-11-21
2025-12-01,La Liga,Vallecano,Valencia,D,0.4605821252769259,0.2731140950594799,0.2663037796635942,0.4606802778097862,0.3028147620494233,0.23650496014079048,2025-11-21
2025-12-02,La Liga,Barcelona,Ath Madrid,H,0.5245865734270676,0.21772016611231135,0.25769326046062135,0.5710647802165264,0.21494420458038518,0.21399101520308858,2025-11-21
2025-12-03,La Liga,Ath Bilbao,Real Madrid,A,0.3217218385017186,0.2621002416904841,0.4161779198077974,0.2235911936982428,0.2629771763280146,0.5134316299737428,2025-11-21
2025-12-05,La Liga,Oviedo,Mallorca,D,0.27426292015911635,0.30809334031247126,0.4176437395284123,0.370020814034163,0.3190671281671635,0.31091205779867365,2025-11-21
2025-12-06,La Liga,Villarreal,Getafe,H,0.612824155056184,0.21970392413283443,0.16747192081098153,0.5892387991732932,0.2556485795355029,0.15511262129120398,2025-11-21
2025-12-06,La Liga,Alaves,Sociedad,H,0.3743543402927753,0.29839834331267395,0.3272473163945508,0.35127792783650014,0.32219862917453823,0.3265234429889616,2025-11-21
2025-12-06,La Liga,Betis,Barcelona,A,0.2863258563024551,0.22166859702069497,0.4920055466768499,0.25750443656450817,0.23557583491059628,0.5069197285248958,2025-11-21
2025-12-06,La Liga,Ath Bilbao,Ath Madrid,H,0.3502189481236026,0.28013535238042336,0.369645699495974,0.3255995697876407,0.3042320980203268,0.3701683321920326,2025-11-21
2025-12-07,La Liga,Real Madrid,Celta,A,0.7347261933361049,0.1553910167311117,0.10988278993278355,0.7578408643541402,0.1539740168846507,0.08818511876120905,2025-11-21
2025-12-07,La Liga,Elche,Girona,H,0.4049922532025009,0.2552119020064772,0.33979584479102193,0.4525315438542608,0.2887070680375848,0.25876138810815447,2025-11-21
2025-12-07,La Liga,Valencia,Sevilla,D,0.42899561122325286,0.2642551716157351,0.30674921716101194,0.4832571911152715,0.2815498417802016,0.23519296710452678,2025-11-21
2025-12-07,La Liga,Espanol,Vallecano,H,0.42106485889715184,0.2733727638953276,0.3055623772075207,0.3955750895626595,0.3031510032162437,0.30127390722109676,2025-11-21
2025-12-08,La Liga,Osasuna,Levante,H,0.4834647676353749,0.23169985610624264,0.2848353762583825,0.5687203791469194,0.24170616113744073,0.18957345971563982,2025-11-21
2025-12-12,La Liga,Sociedad,Girona,A,0.5300684640975205,0.23668456953652797,0.23324696636595157,0.5280148907277874,0.26328807902775236,0.20869703024446026,2025-11-21
2025-12-13,La Liga,Ath Madrid,Valencia,H,0.6961867344324997,0.1861994637344709,0.11761380183302932,0.7253662701411071,0.17414027784976038,0.10049345200913255,2025-11-21
2025-12-13,La Liga,Mallorca,Elche,H,0.4460799148022958,0.29075561335253425,0.2631644718451698,0.37118862247588325,0.32202456651881267,0.30678681100530414,2025-11-21
2025-12-13,La Liga,Barcelona,Osasuna,H,0.7614298105312579,0.14491121381261146,0.09365897565613042,0.8043504006948009,0.11843196083849829,0.07721763846670089,2025-11-21
2025-12-13,La Liga,Getafe,Espanol,A,0.4262196788511227,0.28812065811091325,0.28565966303796414,0.3580147717791031,0.34778577829970025,0.29419944992119657,2025-11-21
2025-12-14,La Liga,Sevilla,Oviedo,H,0.6429074258749393,0.2202878863885144,0.13680468773654617,0.45232593010743205,0.3087303967399933,0.23894367315257464,2025-11-21
2025-12-14,La Liga,Celta,Ath Bilbao,H,0.3419209148346553,0.2730131366495186,0.3850659485158261,0.32003463822086914,0.3128312862351904,0.36713407554394045,2025-11-21
2025-12-14,La Liga,Alaves,Real Madrid,A,0.21018324990928156,0.2384803030345005,0.551336447056218,0.1680733591614069,0.23375251164923824,0.598174129189355,2025-11-21
2025-12-15,La Liga,Vallecano,Betis,D,0.367208648817933,0.27148810582421945,0.3613032453578475,,,,2025-11-21
2025-12-19,La Liga,Valencia,Mallorca,D,0.45283867173500914,0.2830127262126208,0.26414860205237,0.46031267737889187,0.301633462506044,0.23805386011506416,2025-11-21
2025-12-20,La Liga,Real Madrid,Sevilla,H,0.744173882071434,0.15415869685547326,0.10166742107309286,0.7939555916674379,0.1360745419146742,0.06996986641788783,2025-11-21
2025-12-20,La Liga,Osasuna,Alaves,H,0.42064480286946104,0.2905895046917185,0.2887656924388203,0.4356794495525449,0.31959380674413657,0.24472674370331868,2025-11-21
2025-12-20,La Liga,Oviedo,Celta,D,0.23216562941111427,0.26036721874629654,0.5074671518425894,0.27047386892612224,0.2986828000411166,0.43084333103276107,2025-11-21
2025-12-20,La Liga,Levante,Sociedad,D,0.38833852387382983,0.2426881889000586,0.36897328722611156,0.30620102368981295,0.28808261992118495,0.40571635638900216,2025-11-21
2025-12-21,La Liga,Betis,Getafe,H,0.5385009148743887,0.2615046007562919,0.19999448436931935,0.5487016507761734,0.28150780344168896,0.1697905457821376,2025-12-21
2025-12-21,La Liga,Elche,Vallecano,H,0.37204033186229113,0.2864096063673626,0.3415500617703462,0.38028580321153976,0.32559587164600057,0.2941183251424597,2025-12-21
2025-12-21,La Liga,Girona,Ath Madrid,A,0.24309451500094575,0.22641578521665,0.530489699782404,0.19447057823577857,0.2563710275415967,0.5491583942226248,2025-12-21
2025-12-21,La Liga,Villarreal,Barcelona,A,0.34383306566160626,0.20927266608714698,0.4468942682512466,0.23097069559299666,0.21601946753005713,0.5530098368769463,2025-12-21
2025-12-22,La Liga,Ath Bilbao,Espanol,A,0.5565310987938987,0.25188632286350066,0.1915825783426009,0.5170251423017758,0.28338404301088577,0.19959081468733847,2025-12-21
2026-01-02,La Liga,Vallecano,Getafe,D,0.4410729879284792,0.3075077909966956,0.25141922107482534,0.45278973574118214,0.3391978856597706,0.20801237859904737,2025-12-21
2026-01-03,La Liga,Celta,Valencia,H,0.5005499990540013,0.25157926108037587,0.24787073986562264,0.47140190263627413,0.2951635013467248,0.2334345960170011,2025-12-21
2026-01-03,La Liga,Osasuna,Ath Bilbao,D,0.3240798076528752,0.2894838797117924,0.3864363126353326,0.3141486438230682,0.32247046220248726,0.3633808939744445,2025-12-21
2026-01-03,La Liga,Elche,Villarreal,A,0.2601742310881016,0.2323788511586035,0.5074469177532951,0.3003769552699534,0.2764833338280253,0.42313971090202135,2025-12-21
2026-01-03,La Liga,Espanol,Barcelona,A,0.20227214287824355,0.20338553046343041,0.5943423266583262,0.16237928382189554,0.2030595675583283,0.6345611486197761,2025-12-21
2026-01-04,La Liga,Mallorca,Girona,A,0.4237604636746981,0.26148585274970915,0.31475368357559264,0.432339638233068,0.3068656738247328,0.26079468794219923,2025-12-21
2026-01-04,La Liga,Sociedad,Ath Madrid,D,0.29137933671041155,0.2665561346162892,0.4420645286732993,0.2285127275859539,0.25490264888196956,0.5165846235320767,2025-12-21
2026-01-04,La Liga,Alaves,Oviedo,D,0.6021813280944477,0.26481366911589477,0.1330050027896574,0.5027264167224262,0.32021847665817904,0.1770551066193946,2025-12-21
2026-01-04,La Liga,Real Madrid,Betis,H,0.6735935461899548,0.18051783268002572,0.1458886211300195,0.6428504149616435,0.21334156628397397,0.14380801875438246,2025-12-21
2026-01-04,La Liga,Sevilla,Levante,A,0.5472196077505622,0.21741473789055277,0.23536565435888504,0.5424558029917073,0.26602627050826194,0.19151792650003077,2025-12-21
2026-01-09,La Liga,Getafe,Sociedad,A,0.3500797743564011,0.3115930477033459,0.3383271779402529,0.2673508097855163,0.32547055104323724,0.4071786391712466,2025-12-21
2026-01-10,La Liga,Oviedo,Betis,D,0.17283560209728743,0.2595784541635439,0.5675859437391686,0.24904261372562023,0.2783838412047881,0.4725735450695916,2025-12-21
2026-01-10,La Liga,Villarreal,Alaves,H,0.6193585652102973,0.21144425373132364,0.1691971810583791,0.6496334269361439,0.2256302578402924,0.12473631522356372,2025-12-21
2026-01-10,La Liga,Girona,Osasuna,H,0.45572436341174555,0.24829386703361214,0.2959817695546422,0.3729432565121344,0.30999423550849386,0.3170625079793716,2025-12-21
2026-01-10,La Liga,Valencia,Elche,D,0.4969777248431256,0.2610848151979507,0.241937459958924,0.4762139511954646,0.2891298989401035,0.23465614986443184,2025-12-21
2026-01-11,La Liga,Vallecano,Mallorca,H,0.4641303454947776,0.2885606764813371,0.24730897802388524,0.5036953904287659,0.29911757031615943,0.19718703925507466,2025-12-21
2026-01-11,La Liga,Levante,Espanol,D,0.4127997114210488,0.24181908826109513,0.345381200317856,0.30221439260480004,0.2939970828360895,0.40378852455911046,2025-12-21
2026-01-12,La Liga,Sevilla,Celta,A,0.4279576065599744,0.2549606724196048,0.31708172102042076,0.36615134255492265,0.30919446704637915,0.3246541903986981,2025-12-21
2026-01-16,La Liga,Espanol,Girona,A,0.47097204918383967,0.24289770534330407,0.28613024547285626,,,,2025-12-21
2026-01-17,La Liga,Osasuna,Oviedo,H,0.6266664419280024,0.24580131271401423,0.12753224535798333,,,,2025-12-21
2026-01-17,La Liga,Betis,Villarreal,H,0.4134999887758594,0.23411703988621405,0.3523829713379267,,,,2025-12-21
2026-01-17,La Liga,Real Madrid,Levante,H,0.8319058106014551,0.10334119524687235,0.06475299415167239,,,,2025-12-21
2026-01-17,La Liga,Mallorca,Ath Bilbao,H,0.28977661658093545,0.29861835782369517,0.41160502559536954,,,,2025-12-21
2026-01-18,La Liga,Sociedad,Barcelona,H,0.24942222145400983,0.22443528582888767,0.5261424927171027,,,,2025-12-21
2026-01-18,La Liga,Celta,Vallecano,H,0.4760750023573357,0.2642116292689924,0.25971336837367187,,,,2025-12-21
2026-01-18,La Liga,Getafe,Valencia,A,0.4073874513223965,0.303368073141088,0.2892444755365158,,,,2025-12-21
2026-01-18,La Liga,Ath Madrid,Alaves,H,0.6643478364518004,0.2074425768523363,0.12820958669586352,,,,2025-12-21
2026-01-19,La Liga,Elche,Sevilla,D,0.381784628130822,0.267578839913582,0.35063653195559596,,,,2025-12-21
2026-01-23,La Liga,Levante,Elche,H,0.482739878010996,0.23473824751477795,0.2825218744742261,,,,2026-01-23
2026-01-24,La Liga,Vallecano,Osasuna,A,0.42402591087633107,0.2841820949273792,0.29179199419628987,,,,2026-01-23
2026-01-24,La Liga,Valencia,Espanol,H,0.4364261894458035,0.27424223582954216,0.28933157472465426,,,,2026-01-23
2026-01-24,La Liga,Sevilla,Ath Bilbao,H,0.32971964502160456,0.2781928407366358,0.3920875142417595,,,,2026-01-23
2026-01-24,La Liga,Villarreal,Real Madrid,A,0.33573848485813246,0.22439216257051472,0.439869352571353,,,,2026-01-23
2026-01-25,La Liga,Ath Madrid,Mallorca,H,0.6900638972888677,0.19568049049875919,0.11425561221237308,,,,2026-01-23
2026-01-25,La Liga,Barcelona,Oviedo,H,0.8836321127997143,0.08173827450821344,0.034629612692072174,,,,2026-01-23
2026-01-25,La Liga,Sociedad,Celta,H,0.4542168986805251,0.26398977969192045,0.28179332162755444,,,,2026-01-23
2026-01-25,La Liga,Alaves,Betis,H,0.34150187233643337,0.27617444369574073,0.38232368396782584,,,,2026-01-23
2026-01-26,La Liga,Girona,Getafe,D,0.4800106020795445,0.2699115205316462,0.2500778773888095,,,,2026-01-23
2026-01-30,La Liga,Espanol,Alaves,A,0.4400302666048431,0.2852370796623667,0.2747326537327901,,,,2026-01-23
2026-01-31,La Liga,Elche,Barcelona,A,0.15884509557500415,0.17964267543773746,0.6615122289872586,,,,2026-01-23
2026-01-31,La Liga,Levante,Ath Madrid,D,0.21396740222398752,0.2187130988112874,0.567319498964725,,,,2026-01-23
2026-01-31,La Liga,Oviedo,Girona,H,0.2797956224402725,0.2635539127978024,0.45665046476192517,,,,2026-01-23
2026-01-31,La Liga,Osasuna,Villarreal,D,0.3186217817426835,0.24747692269142035,0.4339012955658959,,,,2026-01-23
2026-02-01,La Liga,Real Madrid,Vallecano,H,0.7410089999622954,0.16249513594491194,0.09649586409279293,,,,2026-01-23
2026-02-01,La Liga,Betis,Valencia,H,0.5581102848215552,0.2356627161344686,0.2062269990439763,,,,2026-01-23
2026-02-01,La Liga,Getafe,Celta,D,0.34170813593761235,0.29524716197932255,0.36304470208306505,,,,2026-01-23
2026-02-01,La Liga,Ath Bilbao,Sociedad,D,0.4828437184695499,0.2758956678115851,0.24126061371886504,,,,2026-01-23
2026-02-02,La Liga,Mallorca,Sevilla,H,0.41265308639304865,0.27728399134175913,0.3100629222651923,,,,2026-01-23
2026-02-06,La Liga,Celta,Osasuna,A,0.5039826443952169,0.25304610369740715,0.24297125190737603,,,,2026-01-23
2026-02-07,La Liga,Sociedad,Elche,H,0.5546983564549014,0.24284284466896539,0.20245879887613344,,,,2026-01-23
2026-02-07,La Liga,Barcelona,Mallorca,H,0.7890543580525959,0.13308756717817713,0.07785807476922682,,,,2026-01-23
2026-02-08,La Liga,Valencia,Real Madrid,A,0.1970883946860145,0.22145787509940942,0.5814537302145759,,,,2026-01-23
2026-02-08,La Liga,Ath Madrid,Betis,A,0.5984215751149263,0.21788109374298378,0.18369733114208997,,,,2026-01-23
2026-02-08,La Liga,Alaves,Getafe,A,0.43209035709113963,0.3144355651815633,0.2534740777272969,,,,2026-01-23
2026-02-08,La Liga,Ath Bilbao,Levante,H,0.6145713480891978,0.213972452176605,0.17145619973419735,,,,2026-01-23
2026-02-08,La Liga,Sevilla,Girona,D,0.4598593934195537,0.24387663679765365,0.296263969782793,,,,2026-01-23
2026-02-09,La Liga,Villarreal,Espanol,H,0.6252979591492862,0.20328312900194945,0.1714189118487643,,,,2026-01-23
2026-02-13,La Liga,Elche,Osasuna,D,0.4009464566061941,0.2698408851889783,0.32921265820482754,,,,2026-01-23
2026-02-14,La Liga,Espanol,Celta,D,0.3910666527634978,0.266404063963565,0.34252928327293714,,,,2026-01-23
2026-02-14,La Liga,Getafe,Villarreal,H,0.2744303602472409,0.2659900988025704,0.45957954095018866,,,,2026-01-23
2026-02-14,La Liga,Sevilla,Alaves,D,0.44704869736390274,0.27727851513743873,0.2756727874986584,,,,2026-01-23
2026-02-14,La Liga,Real Madrid,Sociedad,H,0.678856571979478,0.18871734027502615,0.1324260877454962,,,,2026-01-23
2026-02-15,La Liga,Mallorca,Betis,A,0.3266099502165196,0.270517400938551,0.40287264884492935,,,,2026-01-23
2026-02-15,La Liga,Levante,Valencia,A,0.43498382462713936,0.2496147981989571,0.31540137717390343,,,,2026-01-23
2026-02-15,La Liga,Vallecano,Ath Madrid,H,0.2343267452083406,0.26072456002939176,0.5049486947622676,,,,2026-01-23
2026-02-15,La Liga,Oviedo,Ath Bilbao,A,0.19260261812199683,0.27086848412722025,0.5365288977507827,,,,2026-01-23
2026-02-16,La Liga,Girona,Barcelona,H,0.19181981524774297,0.1847551693324604,0.6234250154197967,,,,2026-01-23
2026-02-18,La Liga,Levante,Villarreal,A,0.28791823847088144,0.21671374447783878,0.49536801705127975,,,,2026-01-23
2026-02-20,La Liga,Ath Bilbao,Elche,H,0.6035671742482891,0.2294279005405592,0.16700492521115168,,,,2026-01-23
2026-02-21,La Liga,Ath Madrid,Espanol,H,0.6761351982399061,0.19743802264804713,0.12642677911204686,,,,2026-01-23
2026-02-21,La Liga,Sociedad,Oviedo,D,0.6486231771505395,0.2246500990887553,0.12672672376070526,,,,2026-01-23
2026-02-21,La Liga,Betis,Vallecano,D,0.5515167102651232,0.24216751449315477,0.206315775241722,,,,2026-01-23
2026-02-21,La Liga,Osasuna,Real Madrid,H,0.2048385343868308,0.22572742055773562,0.5694340450554335,,,,2026-01-23
2026-02-22,La Liga,Celta,Mallorca,H,0.5289460121928061,0.253167690130216,0.2178862976769779,,,,2026-02-22
2026-02-22,La Liga,Villarreal,Valencia,H,0.6173724589531294,0.2094015848536889,0.17322595619318168,,,,2026-02-22
2026-02-22,La Liga,Getafe,Sevilla,A,0.4131216725251494,0.2988998849121493,0.28797844256270133,,,,2026-02-22
2026-02-22,La Liga,Barcelona,Levante,H,0.8410184035159118,0.0989218780577199,0.0600597184263682,,,,2026-02-22
2026-02-23,La Liga,Alaves,Girona,D,0.43646548355039405,0.26734063237819744,0.2961938840714086,,,,2026-02-22
2026-02-27,La Liga,Levante,Alaves,H,0.41052052403766237,0.26835079521825245,0.32112868074408524,,,,2026-02-22
2026-02-28,La Liga,Oviedo,Ath Madrid,A,0.1526772165490231,0.23006775080448533,0.6172550326464915,,,,2026-02-22
2026-02-28,La Liga,Mallorca,Sociedad,A,0.34937326044236683,0.28702962306628654,0.36359711649134696,,,,2026-02-22
2026-02-28,La Liga,Vallecano,Ath Bilbao,D,0.3293649027314606,0.29239432666007226,0.37824077060846706,,,,2026-02-22
2026-02-28,La Liga,Barcelona,Villarreal,H,0.6711127693994634,0.16794116422793656,0.16094606637259987,,,,2026-02-22
2026-03-01,La Liga,Elche,Espanol,D,0.4022789603494419,0.2576389027099186,0.34008213694063955,,,,2026-02-22
2026-03-01,La Liga,Valencia,Osasuna,H,0.4204540533614554,0.27993699452865545,0.29960895210988914,,,,2026-02-22
2026-03-01,La Liga,Betis,Sevilla,D,0.5827003212505576,0.22447390852644228,0.19282577022300007,,,,2026-02-22
2026-03-01,La Liga,Girona,Celta,A,0.4159445079675768,0.24881463944580343,0.3352408525866197,,,,2026-02-22
2026-03-02,La Liga,Real Madrid,Getafe,A,0.7300928759636799,0.1784431884761439,0.09146393556017608,,,,2026-02-22
2026-03-04,La Liga,Vallecano,Oviedo,H,0.5666470947926568,0.25706352830508733,0.17628937690225582,,,,2026-02-22
2026-03-06,La Liga,Celta,Real Madrid,A,0.24565516589380276,0.22953576533824438,0.5248090687679529,,,,2026-02-22
2026-03-07,La Liga,Osasuna,Mallorca,D,0.47949607108493913,0.2761101588971473,0.24439377001791354,,,,2026-02-22
2026-03-07,La Liga,Levante,Girona,D,0.4168784228330031,0.239584999246133,0.3435365779208637,,,,2026-02-22
2026-03-07,La Liga,Ath Madrid,Sociedad,H,0.5973185039582551,0.22985922452244933,0.1728222715192957,,,,2026-02-22
2026-03-07,La Liga,Ath Bilbao,Barcelona,A,0.294766439533741,0.23917601966187044,0.4660575408043887,,,,2026-02-22
2026-03-08,La Liga,Valencia,Alaves,H,0.4343572127957498,0.2877855102346169,0.27785727696963336,,,,2026-02-22
2026-03-08,La Liga,Sevilla,Vallecano,D,0.42453384231325253,0.27551579846039015,0.29995035922635743,,,,2026-02-22
2026-03-08,La Liga,Villarreal,Elche,H,0.712017669666362,0.16528434100436237,0.1226979893292756,,,,2026-02-22
2026-03-08,La Liga,Getafe,Betis,H,0.31486890490630404,0.29469870593932446,0.39043238915437156,,,,2026-02-22
2026-03-09,La Liga,Espanol,Oviedo,D,0.5618774007116756,0.24841497562849885,0.18970762365982557,,,,2026-02-22
2026-03-13,La Liga,Alaves,Villarreal,D,0.31211712624229077,0.2602305546886374,0.42765231906907186,,,,2026-02-22
2026-03-14,La Liga,Girona,Ath Bilbao,H,0.34465472519659235,0.26521333729824126,0.3901319375051665,,,,2026-02-22
2026-03-14,La Liga,Ath Madrid,Getafe,H,0.6462941529839957,0.2294233017224002,0.12428254529360422,,,,2026-02-22
2026-03-14,La Liga,Oviedo,Valencia,H,0.3070945824940756,0.29002923929145874,0.4028761782144658,,,,2026-02-22
2026-03-14,La Liga,Real Madrid,Elche,H,0.8271609286974727,0.11219135733545499,0.060647713967072546,,,,2026-02-22
2026-03-15,La Liga,Betis,Celta,D,0.5112123180013323,0.24044131926780837,0.24834636273085922,,,,2026-02-22
2026-03-15,La Liga,Mallorca,Espanol,H,0.43204010427351086,0.2762164829841008,0.2917434127423882,,,,2026-02-22
2026-03-15,La Liga,Barcelona,Sevilla,H,0.7998827771117509,0.12348411276969778,0.07663311011855127,,,,2026-02-22
2026-03-15,La Liga,Sociedad,Osasuna,H,0.4889285566367006,0.2660320078237288,0.24503943553957033,,,,2026-02-22
2026-03-16,La Liga,Vallecano,Levante,D,0.5041974856741114,0.24967175250327786,0.24613076182261054,,,,2026-02-22
2026-03-20,La Liga,Villarreal,Sociedad,H,0.5478674399212565,0.2280507877801418,0.2240817722986018,,,,2026-02-22
2026-03-21,La Liga,Elche,Mallorca,H,0.40329228216673685,0.27144943605646243,0.32525828177680055,,,,2026-02-22
2026-03-21,La Liga,Espanol,Getafe,A,0.4338680952298006,0.2964175662935798,0.2697143384766197,,,,2026-02-22
2026-03-21,La Liga,Levante,Oviedo,H,0.5526401828737915,0.24026002614117295,0.2070997909850355,,,,2026-02-22
2026-03-21,La Liga,Osasuna,Girona,H,0.46770731719002007,0.25407388096579436,0.2782188018441857,,,,2026-02-22
2026-03-21,La Liga,Sevilla,Valencia,A,0.4338542052857433,0.26940154950117723,0.2967442452130796,,,,2026-02-22
2026-03-22,La Liga,Barcelona,Vallecano,H,0.7645836007125019,0.145435274136155,0.08998112515134332,,,,2026-02-22
2026-03-22,La Liga,Celta,Alaves,A,0.5008545778091279,0.26351115671538733,0.2356342654754846,,,,2026-02-22
2026-03-22,La Liga,Ath Bilbao,Betis,H,0.4660863053649423,0.26263688320176054,0.27127681143329724,,,,2026-02-22
2026-03-22,La Liga,Real Madrid,Ath Madrid,H,0.5344776099327639,0.23180632064955828,0.23371606941767778,,,,2026-02-22
2026-04-03,La Liga,Vallecano,Elche,H,0.5303293376896182,0.24546531484446843,0.2242053474659133,,,,2026-04-03
2026-04-04,La Liga,Ath Madrid,Barcelona,A,0.3940382923565948,0.2319876568994913,0.37397405074391377,,,,2026-04-03
2026-04-04,La Liga,Betis,Espanol,D,0.5941941364132424,0.2178864809381828,0.187919382648575,,,,2026-04-03
2026-04-04,La Liga,Sociedad,Levante,H,0.5729718276355098,0.21998191206456164,0.20704626029992848,,,,2026-04-03
2026-04-04,La Liga,Mallorca,Real Madrid,H,0.18280862357803365,0.21909075154159444,0.5981006248803717,,,,2026-04-03
2026-04-05,La Liga,Getafe,Ath Bilbao,H,0.3103066030109846,0.31659409475248795,0.3730993022365277,,,,2026-04-03
2026-04-05,La Liga,Valencia,Celta,A,0.4042383826825101,0.26443984081045224,0.3313217765070378,,,,2026-04-03
2026-04-05,La Liga,Oviedo,Sevilla,H,0.3406691211915907,0.27533354862704357,0.3839973301813659,,,,2026-04-03
2026-04-05,La Liga,Alaves,Osasuna,D,0.41980980448967836,0.27970675565220854,0.30048343985811293,,,,2026-04-03
2026-04-06,La Liga,Girona,Villarreal,H,0.3467508738388578,0.22977133222491797,0.4234777939362244,,,,2026-04-03
2026-04-10,La Liga,Real Madrid,Girona,D,0.7599985921092148,0.1426712599080426,0.09733014798274259,,,,2026-04-03
2026-04-11,La Liga,Sociedad,Alaves,D,0.5179747110846097,0.25635833896372645,0.22566694995166423,,,,2026-04-03
2026-04-11,La Liga,Elche,Valencia,H,0.39358397647902293,0.2598444992146784,0.3465715243062988,,,,2026-04-03
2026-04-11,La Liga,Barcelona,Espanol,H,0.8174591915233307,0.11344380963419208,0.06909699884247723,,,,2026-04-03
2026-04-11,La Liga,Sevilla,Ath Madrid,H,0.24440147484164054,0.24604485399123868,0.5095536711671206,,,,2026-04-03
2026-04-12,La Liga,Ath Bilbao,Villarreal,A,0.4400046306374684,0.25035930959666863,0.3096360597658629,,,,2026-04-03
2026-04-12,La Liga,Mallorca,Vallecano,H,0.3874359245329836,0.29079181395700926,0.3217722615100071,,,,2026-04-03
2026-04-12,La Liga,Osasuna,Betis,D,0.37993806060401647,0.26462187851111807,0.3554400608848655,,,,2026-04-03
2026-04-12,La Liga,Celta,Oviedo,A,0.6446442177440667,0.21032420785075923,0.1450315744051741,,,,2026-04-03
2026-04-13,La Liga,Levante,Getafe,H,0.42847202952591756,0.2782899503626367,0.29323802011144595,,,,2026-04-03
2026-04-21,La Liga,Ath Bilbao,Osasuna,H,0.535057138723525,0.25749472350185515,0.20744813777462007,,,,2026-04-03
2026-04-21,La Liga,Mallorca,Valencia,D,0.39978449484620066,0.2821411255890853,0.3180743795647142,,,,2026-04-03
2026-04-21,La Liga,Girona,Betis,A,0.38740093430341965,0.24493333447612373,0.3676657312204566,,,,2026-04-03
2026-04-21,La Liga,Real Madrid,Alaves,H,0.74497302116829,0.15927642879023896,0.09575055004147098,,,,2026-04-03
2026-04-22,La Liga,Elche,Ath Madrid,H,0.21308165290256126,0.22583753704691872,0.56108081005052,,,,2026-04-03
2026-04-22,La Liga,Sociedad,Getafe,A,0.49898260122770444,0.28298516372846155,0.21803223504383407,,,,2026-04-03
2026-04-22,La Liga,Barcelona,Celta,H,0.7431463530783976,0.14716134688082927,0.10969230004077303,,,,2026-04-03
2026-04-23,La Liga,Levante,Sevilla,H,0.4606252014014715,0.24114622829056212,0.2982285703079665,,,,2026-04-03
2026-04-23,La Liga,Vallecano,Espanol,H,0.49095958002381845,0.261348008976091,0.24769241100009048,,,,2026-04-03
2026-04-23,La Liga,Oviedo,Villarreal,D,0.21040443083319296,0.22589730566379446,0.5636982635030126,,,,2026-04-03
2026-04-24,La Liga,Betis,Real Madrid,D,0.2904581102720272,0.23382197742655755,0.4757199123014152,,,,2026-04-03
2026-04-25,La Liga,Alaves,Mallorca,H,0.4670582984535491,0.2769914896982655,0.25595021184818517,,,,2026-04-03
2026-04-25,La Liga,Getafe,Barcelona,A,0.186869802085618,0.2287751299096205,0.5843550680047614,,,,2026-04-03
2026-04-25,La Liga,Valencia,Girona,H,0.45686087757511973,0.25155007384458095,0.2915890485802995,,,,2026-04-03
2026-04-25,La Liga,Ath Madrid,Ath Bilbao,H,0.5434712462972784,0.24812542076726232,0.20840333293545926,,,,2026-04-03
2026-04-26,La Liga,Vallecano,Sociedad,D,0.3974411835553758,0.2793416944850424,0.32321712195958185,,,,2026-04-03
2026-04-26,La Liga,Oviedo,Elche,A,0.3824792523100434,0.26536083719817966,0.3521599104917768,,,,2026-04-03
2026-04-26,La Liga,Osasuna,Sevilla,H,0.4885969828162652,0.2577146311851797,0.2536883859985551,,,,2026-04-03
2026-04-26,La Liga,Villarreal,Celta,H,0.568898014295704,0.21257735535770675,0.21852463034658942,,,,2026-04-03
2026-04-27,La Liga,Espanol,Levante,D,0.4769237310582415,0.2372189489596467,0.2858573199821118,,,,2026-04-03
2026-05-01,La Liga,Girona,Mallorca,A,0.511163869313427,0.24624661881144955,0.24258951187512337,,,,2026-04-03
2026-05-02,La Liga,Osasuna,Barcelona,A,0.20705587666374997,0.21011285591914386,0.5828312674171062,,,,2026-04-03
2026-05-02,La Liga,Alaves,Ath Bilbao,A,0.32873021369971117,0.28820415777410874,0.3830656285261799,,,,2026-04-03
2026-05-02,La Liga,Valencia,Ath Madrid,A,0.26569289733247503,0.25930917857973435,0.47499792408779085,,,,2026-04-03
2026-05-02,La Liga,Villarreal,Levante,H,0.6819714369189734,0.17053926113327977,0.1474893019477468,,,,2026-04-03
2026-05-03,La Liga,Celta,Elche,H,0.5806023526908293,0.21561483104589355,0.20378281626327718,,,,2026-05-03
2026-05-03,La Liga,Getafe,Vallecano,A,0.3932822309594289,0.3103698415479032,0.29634792749266803,,,,2026-05-03
2026-05-03,La Liga,Betis,Oviedo,H,0.6486767896156371,0.2067085797417502,0.1446146306426129,,,,2026-05-03
2026-05-03,La Liga,Espanol,Real Madrid,A,0.19288489734075917,0.21221381484851376,0.5949012878107267,,,,2026-05-03
2026-05-04,La Liga,Sevilla,Sociedad,H,0.3711770624917631,0.2609688514711759,0.3678540860370612,,,,2026-05-03
2026-05-08,La Liga,Levante,Osasuna,H,0.40871855350873965,0.25514035097651333,0.33614109551474713,,,,2026-05-03
2026-05-09,La Liga,Ath Madrid,Celta,A,0.6114804777141137,0.21010779094023943,0.17841173134564692,,,,2026-05-03
2026-05-09,La Liga,Sociedad,Betis,D,0.43576218880897927,0.2522048587738737,0.31203295241714674,,,,2026-05-03
2026-05-09,La Liga,Sevilla,Espanol,H,0.4688994704259947,0.25546340161347175,0.2756371279605336,,,,2026-05-03
2026-05-09,La Liga,Elche,Alaves,D,0.42117907606647736,0.25443257063056246,0.3243883533029602,,,,2026-05-03
2026-05-10,La Liga,Mallorca,Villarreal,D,0.30334724857967277,0.2448672405486264,0.4517855108717007,,,,2026-05-03
2026-05-10,La Liga,Ath Bilbao,Valencia,A,0.5451427725922761,0.24852953985789594,0.20632768754982794,,,,2026-05-03
2026-05-10,La Liga,Oviedo,Getafe,D,0.35225387726598767,0.3132103641337583,0.3345357586002539,,,,2026-05-03
2026-05-10,La Liga,Barcelona,Real Madrid,H,0.5383757905822665,0.2047741481414071,0.2568500612763262,,,,2026-05-03
2026-05-11,La Liga,Vallecano,Girona,D,0.4601640928099956,0.2539778341140383,0.2858580730759663,,,,2026-05-03
2026-05-12,La Liga,Betis,Elche,H,0.6197669219493988,0.20417465901206838,0.17605841903853278,,,,2026-05-03
2026-05-12,La Liga,Osasuna,Ath Madrid,A,0.299436384350563,0.25948918141911,0.4410744342303269,,,,2026-05-03
2026-05-12,La Liga,Celta,Levante,A,0.5670318163910849,0.21798345394238136,0.21498472966653362,,,,2026-05-03
2026-05-13,La Liga,Alaves,Barcelona,H,0.19045824672595102,0.2019090221022511,0.6076327311717978,,,,2026-05-03
2026-05-13,La Liga,Getafe,Mallorca,H,0.4242333924238359,0.30665576678252493,0.2691108407936392,,,,2026-05-03
2026-05-13,La Liga,Espanol,Ath Bilbao,H,0.3225836145777749,0.2709022954222461,0.40651408999997907,,,,2026-05-03
2026-05-13,La Liga,Villarreal,Sevilla,A,0.6563121229226826,0.18803576767740676,0.15565210939991092,,,,2026-05-03
2026-05-14,La Liga,Girona,Sociedad,D,0.4148124179820214,0.2480631210828336,0.33712446093514503,,,,2026-05-03
2026-05-14,La Liga,Real Madrid,Oviedo,H,0.812545395086816,0.1238496344426445,0.06360497047053958,,,,2026-05-03
2026-05-14,La Liga,Valencia,Vallecano,D,0.4383866252383465,0.2719373139395192,0.28967606082213426,,,,2026-05-03
2026-05-17,La Liga,Sociedad,Valencia,A,0.521397891340354,0.24544284460618981,0.23315926405345644,,,,2026-05-03
2026-05-17,La Liga,Sevilla,Real Madrid,A,0.20087895668183325,0.21573121096247191,0.5833898323556949,,,,2026-05-03
2026-05-17,La Liga,Vallecano,Villarreal,H,0.33812187083212186,0.2480170885614318,0.41386104060644646,,,,2026-05-03
2026-05-17,La Liga,Oviedo,Alaves,A,0.3543841890200669,0.2783537694677071,0.3672620415122261,,,,2026-05-03
2026-05-17,La Liga,Barcelona,Betis,H,0.7123734307260369,0.16007110799483246,0.12755546127913062,,,,2026-05-03
2026-05-17,La Liga,Levante,Mallorca,H,0.45786625777009765,0.2525087927471851,0.2896249494827173,,,,2026-05-03
2026-05-17,La Liga,Elche,Getafe,H,0.4168412690084204,0.28440037081119246,0.29875836018038715,,,,2026-05-03
2026-05-17,La Liga,Ath Madrid,Girona,H,0.6632126126745542,0.18853153075296192,0.14825585657248366,,,,2026-05-03
2026-05-17,La Liga,Ath Bilbao,Celta,D,0.5027599235131035,0.2508461288305993,0.2463939476562974,,,,2026-05-03
2026-05-17,La Liga,Osasuna,Espanol,A,0.5130557525018221,0.252103334857402,0.23484091264077578,,,,2026-05-03
2026-05-23,La Liga,Mallorca,Oviedo,H,0.5154361841001017,0.2615086351425067,0.22305518075739153,,,,2026-05-03
2026-05-23,La Liga,Girona,Elche,D,0.5396050456501988,0.22201504735961378,0.23837990699018724,,,,2026-05-03
2026-05-23,La Liga,Real Madrid,Ath Bilbao,H,0.6322139763267683,0.20527729066398556,0.1625087330092462,,,,2026-05-03
2026-05-23,La Liga,Getafe,Osasuna,H,0.3835072139688905,0.30865260065614897,0.30784018537496055,,,,2026-05-03
2026-05-23,La Liga,Valencia,Barcelona,H,0.19342243673699508,0.2025037105132271,0.6040738527497781,,,,2026-05-03
2026-05-23,La Liga,Celta,Sevilla,H,0.5464339185512126,0.23384486866224305,0.21972121278654452,,,,2026-05-03
2026-05-23,La Liga,Betis,Levante,H,0.6067242143635582,0.20711962935923156,0.18615615627721038,,,,2026-05-03
2026-05-23,La Liga,Alaves,Vallecano,A,0.4338666837709717,0.27327692426015887,0.2928563919688695,,,,2026-05-03
2026-05-23,La Liga,Espanol,Sociedad,D,0.36102107096259406,0.26070983003221926,0.37826909900518685,,,,2026-05-03
2026-05-24,La Liga,Villarreal,Ath Madrid,H,0.426524852071317,0.23403167174367315,0.3394434761850099,,,,2026-05-03
