Date,liga,HomeTeam,AwayTeam,FTR,prob_casa_modelo,prob_empate_modelo,prob_fora_modelo,prob_casa_odds,prob_empate_odds,prob_fora_odds,data_corte_modelo
2023-05-25,La Liga,Mallorca,Valencia,H,0.35823144896159087,0.28655309719723204,0.35521545384117686,0.31867567765765703,0.3294054984542111,0.35191882388813206,2023-05-25
2023-05-25,La Liga,Osasuna,Ath Bilbao,H,0.32762938835684907,0.30927754394301843,0.3630930677001325,0.3027955565917826,0.29637262054286595,0.4008318228653515,2023-05-25
2023-05-27,La Liga,Sevilla,Real Madrid,A,0.28032746517394597,0.25669037790975097,0.4629821569163034,0.3036393543744217,0.27310578801274804,0.42325485761283027,2023-05-25
2023-05-28,La Liga,Vallecano,Villarreal,H,0.2748280597032842,0.2520179298578645,0.47315401043885136,0.31580078824793983,0.25102113937656756,0.4331780723754927,2023-05-25
2023-05-28,La Liga,Valencia,Espanol,D,0.5355706186809078,0.23560449482990742,0.22882488648918478,0.45883804041873555,0.2784401783737626,0.2627217812075018,2023-05-25
2023-05-28,La Liga,Girona,Betis,A,0.4664367309334586,0.24094884343811107,0.2926144256284303,0.4889743555620617,0.27015157765859765,0.24087406677934078,2023-05-25
2023-05-28,La Liga,Getafe,Osasuna,H,0.4127332220565292,0.33217844943416885,0.25508832850930185,0.39442981931315063,0.3338518607155677,0.27171831997128154,2023-05-25
2023-05-28,La Liga,Cadiz,Celta,H,0.3419063825818323,0.29080626318057423,0.36728735423759357,0.3736102995374985,0.3252023205276566,0.301187379934845,2023-05-25
2023-05-28,La Liga,Barcelona,Mallorca,H,0.7867616859624048,0.14752759129268403,0.06571072274491105,0.7632943512797882,0.15870476610767875,0.0780008826125331,2023-05-25
2023-05-28,La Liga,Ath Madrid,Sociedad,H,0.5513726754455295,0.25665514079339286,0.19197218376107789,0.4180300206887445,0.31759423649729285,0.2643757428139627,2023-05-25
2023-05-28,La Liga,Ath Bilbao,Elche,A,0.6279572084418723,0.22929535704352735,0.1427474345146004,0.6818264846537503,0.19638815582318975,0.1217853595230598,2023-05-25
2023-05-28,La Liga,Almeria,Valladolid,D,0.5884148254138157,0.20997419210795504,0.20161098247822937,0.42351669919398416,0.2835720507646677,0.2929112500413483,2023-05-25
2023-06-04,La Liga,Valladolid,Getafe,D,0.327648412141817,0.3142364642854633,0.35811512357271974,0.485845733688122,0.29179923945232555,0.22235502685955238,2023-05-25
2023-06-04,La Liga,Espanol,Almeria,D,0.46632224530200683,0.22112332115540856,0.31255443354258466,0.39979847074862196,0.25671270227016774,0.3434888269812104,2023-05-25
2023-06-04,La Liga,Elche,Cadiz,D,0.3983204230532087,0.29839529551135124,0.30328428143544,0.3874166458481465,0.3038799315871399,0.3087034225647135,2023-05-25
2023-06-04,La Liga,Celta,Barcelona,H,0.18482731812421005,0.23307960591325447,0.5820930759625356,0.33954678224462576,0.272206498615105,0.3882467191402693,2023-05-25
2023-06-04,La Liga,Betis,Valencia,D,0.5043772987971736,0.2577828138842438,0.2378398873185827,0.3099140994345394,0.3129036245094707,0.3771822760559898,2023-05-25
2023-06-04,La Liga,Mallorca,Vallecano,H,0.40574455126944065,0.28050904233842616,0.31374640639213325,0.30694275274056027,0.30694275274056027,0.3861144945188794,2023-05-25
2023-06-04,La Liga,Sociedad,Sevilla,H,0.46393330904690405,0.2814153499603895,0.2546513409927064,0.6174483618191979,0.22284917886348066,0.15970245931732135,2023-05-25
2023-06-04,La Liga,Real Madrid,Ath Bilbao,D,0.6495851853944419,0.21069863500793562,0.13971617959762245,0.5778112121410349,0.22162621835546545,0.2005625695034997,2023-05-25
2023-06-04,La Liga,Osasuna,Girona,H,0.3451925279021874,0.2666323701753002,0.3881751019225123,0.4657767679636467,0.2638139417463473,0.270409290290006,2023-05-25
2023-06-04,La Liga,Villarreal,Ath Madrid,D,0.375121823439153,0.261704759250811,0.363173417310036,0.3538706479617892,0.2551593619513953,0.3909699900868155,2023-05-25
2023-08-11,La Liga,Sevilla,Valencia,A,0.5188495467516483,0.25710911987730706,0.22404133337104445,0.5039625497703883,0.28256859727010214,0.21346885295950946,2023-08-11
2023-08-11,La Liga,Almeria,Vallecano,A,0.48175739164036746,0.2340156643214608,0.28422694403817167,0.36803807395958466,0.3012250082253832,0.33073691781503217,2023-08-11
2023-08-12,La Liga,Las Palmas,Mallorca,D,0.29358847572444546,0.2761107621794141,0.4303007620961404,0.3708917323735302,0.33418231176318075,0.29492595586328907,2023-08-11
2023-08-12,La Liga,Ath Bilbao,Real Madrid,A,0.25445789578203803,0.2674296997628983,0.47811240445506364,0.2842062525375559,0.2793341453511977,0.43645960211124646,2023-08-11
2023-08-12,La Liga,Sociedad,Girona,D,0.5307878774971718,0.24166143317920616,0.2275506893236219,0.5289127605140711,0.27180239081973107,0.1992848486661979,2023-08-11
2023-08-13,La Liga,Getafe,Barcelona,D,0.1747700791970699,0.27754045153056256,0.5476894692723676,0.1305578837196696,0.2410796565714691,0.6283624597088614,2023-08-11
2023-08-13,La Liga,Celta,Osasuna,A,0.470060691007807,0.278558003326784,0.25138130566540906,0.45287375624501447,0.303791091145724,0.24333515260926156,2023-08-11
2023-08-13,La Liga,Villarreal,Betis,A,0.5400713723342364,0.23862286754205603,0.2213057601237076,0.5579816174903754,0.23816288551418466,0.20385549699543987,2023-08-11
2023-08-14,La Liga,Cadiz,Alaves,H,0.46864460261204816,0.29000973397909446,0.24134566340885727,0.4196267679935607,0.3303143139949312,0.25005891801150804,2023-08-11
2023-08-14,La Liga,Ath Madrid,Granada,H,0.7621879164702783,0.14903342906234524,0.08877865446737652,0.7425030563079799,0.1648608480955006,0.09263609559651939,2023-08-11
2023-08-18,La Liga,Mallorca,Villarreal,A,0.26002747347427024,0.2608242993416219,0.47914822718410804,0.3467391304347826,0.3065217391304348,0.3467391304347826,2023-08-11
2023-08-18,La Liga,Valencia,Las Palmas,H,0.6861143084722058,0.19392402627740057,0.11996166525039344,0.5987442498664988,0.24707674108415006,0.15417900904935117,2023-08-11
2023-08-19,La Liga,Sociedad,Celta,D,0.5534945240364031,0.2544193271327977,0.19208614883079908,0.5774535198871876,0.2695846543119743,0.1529618258008381,2023-08-11
2023-08-19,La Liga,Almeria,Real Madrid,A,0.17989204286349753,0.19450424644314807,0.6256037106933545,0.14120500325615862,0.18512946037591788,0.6736655363679235,2023-08-11
2023-08-19,La Liga,Osasuna,Ath Bilbao,A,0.34923009820989664,0.3112199038671547,0.3395499979229487,0.3309083053992231,0.32541148969491707,0.34368020490585977,2023-08-11
2023-08-20,La Liga,Girona,Getafe,H,0.5172372977032936,0.26313440740501226,0.21962829489169425,0.49360452925141546,0.30446634514573284,0.20192912560285178,2023-08-11
2023-08-20,La Liga,Barcelona,Cadiz,H,0.7893182844747079,0.1503810225178299,0.06030069300746229,0.7677182510073124,0.15305775257424267,0.07922399641844502,2023-08-11
2023-08-20,La Liga,Betis,Ath Madrid,D,0.2984149074692087,0.2681546372589557,0.43343045527183555,0.25321240128289135,0.27688381556712766,0.469903783149981,2023-08-11
2023-08-21,La Liga,Alaves,Sevilla,H,0.24639242780554416,0.26613063738420883,0.4874769348102471,0.2877810597383808,0.3176803906202905,0.39453854964132856,2023-08-11
2023-08-21,La Liga,Granada,Vallecano,A,0.4595700305086295,0.2472844582290068,0.2931455112623636,0.3326319197151182,0.31045645840077696,0.3569116218841049,2023-08-11
2023-08-25,La Liga,Celta,Real Madrid,A,0.21458036937885624,0.23630543951047125,0.5491141911106726,0.22129684711481262,0.26234384295062463,0.5163593099345629,2023-08-11
2023-08-25,La Liga,Las Palmas,Sociedad,D,0.1639075946461604,0.23695323943877067,0.5991391659150689,0.20618850434980815,0.29261482353835055,0.5011966721118415,2023-08-11
2023-08-26,La Liga,Cadiz,Almeria,D,0.3981090044301214,0.26338845581269876,0.3385025397571798,0.454486582893056,0.27998457112322933,0.26552884598371473,2023-08-11
2023-08-26,La Liga,Granada,Mallorca,H,0.46838546046089613,0.2566842979631946,0.27493024157590934,0.34953454414453083,0.3263096574904092,0.3241557983650599,2023-08-11
2023-08-26,La Liga,Sevilla,Girona,A,0.5051808322201725,0.23589655745339982,0.2589226103264277,0.4938710250488541,0.27162906377686974,0.23449991117427604,2023-08-11
2023-08-27,La Liga,Villarreal,Barcelona,A,0.30974238421412387,0.2597239856290614,0.43053363015681456,0.2738225629791895,0.2606790799561884,0.4654983570646221,2023-08-11
2023-08-27,La Liga,Valencia,Osasuna,A,0.4722506709424308,0.28359010748870306,0.24415922156886627,0.5496259351620948,0.2748129675810474,0.17556109725685784,2023-08-11
2023-08-27,La Liga,Ath Bilbao,Betis,H,0.4194850968564256,0.2868305821001887,0.29368432104338577,0.48823198384587374,0.2846833725048826,0.22708464364924358,2023-08-11
2023-08-28,La Liga,Getafe,Alaves,H,0.517826154288618,0.2913803599868918,0.19079348572448962,0.3733089771136382,0.3609112620065433,0.2657797608798185,2023-08-11
2023-08-28,La Liga,Vallecano,Ath Madrid,A,0.20597233916434793,0.24140748589243355,0.5526201749432186,0.24123472209831387,0.28905343920064236,0.46971183870104377,2023-08-11
2023-09-01,La Liga,Cadiz,Villarreal,H,0.22778236593723505,0.26414591206709864,0.5080717219956662,0.2987950233484636,0.26695620938510267,0.43424876726643374,2023-08-11
2023-09-01,La Liga,Almeria,Celta,A,0.4345306109133705,0.23934222639203345,0.3261271626945958,0.33154388953099334,0.28936522902852974,0.37909088144047687,2023-08-11
2023-09-02,La Liga,Betis,Vallecano,H,0.5696679992093822,0.23814930212540014,0.19218269866521778,0.46785943456762163,0.2918884233571132,0.24025214207526513,2023-08-11
2023-09-02,La Liga,Alaves,Valencia,H,0.30377128235457296,0.2805019078928825,0.41572680975254483,0.2938442034089308,0.3283561064938723,0.3777996900971967,2023-08-11
2023-09-02,La Liga,Real Madrid,Getafe,H,0.69564256733392,0.20457252928344033,0.09978490338263964,0.7079392069927416,0.19753089889614175,0.09452989411111658,2023-08-11
2023-09-02,La Liga,Sociedad,Granada,H,0.625834734818909,0.21703568634144765,0.15712957883964315,0.6625172737825438,0.2145155049472113,0.12296722127024487,2023-08-11
2023-09-03,La Liga,Girona,Las Palmas,H,0.7660691746392939,0.14359401332452518,0.09033681203618071,0.5598108376150748,0.25104919006449233,0.18913997232043303,2023-08-11
2023-09-03,La Liga,Mallorca,Ath Bilbao,D,0.3301598866623219,0.30231949361044796,0.36752061972723016,0.30259137630197414,0.32463445669483326,0.37277416700319255,2023-08-11
2023-09-03,La Liga,Osasuna,Barcelona,A,0.17053274994242268,0.25035515904068584,0.5791120910168914,0.1436160070854664,0.208197080935462,0.6481869119790715,2023-08-11
2023-09-15,La Liga,Vallecano,Alaves,H,0.51968323147812,0.25463938582163864,0.22567738270024162,0.4792856929197452,0.2990039185187401,0.2217103885615148,2023-09-15
2023-09-16,La Liga,Ath Bilbao,Cadiz,H,0.5468459061628925,0.2769083531106729,0.1762457407264345,0.6052260999377006,0.24299601518695713,0.15177788487534236,2023-09-15
2023-09-16,La Liga,Valencia,Ath Madrid,H,0.21808638867607574,0.25471449337915364,0.5271991179447706,0.2769089949472394,0.3035679354545823,0.4195230695981782,2023-09-15
2023-09-16,La Liga,Celta,Mallorca,A,0.4987710304362623,0.26931252203008044,0.23191644753365714,0.459802365470278,0.31190415237315033,0.22829348215657155,2023-09-15
2023-09-16,La Liga,Barcelona,Betis,H,0.6666345671021365,0.20375627185201878,0.12960916104584483,0.7363703409542179,0.16066261984455665,0.1029670392012254,2023-09-15
2023-09-17,La Liga,Sevilla,Las Palmas,H,0.6054971171337112,0.29428850583278954,0.10021437703349924,0.6090310442144873,0.2348071495766698,0.15616180620884287,2023-09-15
2023-09-17,La Liga,Real Madrid,Sociedad,H,0.6055047931577937,0.23131048776328633,0.16318471907892004,0.5559264783418999,0.2580560575857626,0.18601746407233746,2023-09-15
2023-09-17,La Liga,Getafe,Osasuna,H,0.38791537556437133,0.3388361485083032,0.2732484759273255,0.36365347025142186,0.33160265592417787,0.3047438738244002,2023-09-15
2023-09-17,La Liga,Villarreal,Almeria,H,0.7052234296343023,0.1625388368026677,0.13223773356303,0.6352252920080942,0.19515957766513733,0.16961513032676862,2023-09-15
2023-09-18,La Liga,Granada,Girona,A,0.3245298826417716,0.21978570876431583,0.45568440859391246,0.3247317045857519,0.2730286119561769,0.40223968345807126,2023-09-15
2023-09-22,La Liga,Alaves,Ath Bilbao,A,0.2656728081118422,0.2841460923943459,0.45018109949381185,0.23049120512202675,0.3159960070221335,0.45351278785583965,2023-09-15
2023-09-23,La Liga,Girona,Mallorca,H,0.6069001352192773,0.21954784495714041,0.17355201982358218,0.5119913104657048,0.2876186479380871,0.20039004159620824,2023-09-15
2023-09-23,La Liga,Osasuna,Sevilla,D,0.35702726743223395,0.2874459466731343,0.35552678589463166,0.39950077440115483,0.30209163496383623,0.298407590635009,2023-09-15
2023-09-23,La Liga,Barcelona,Celta,H,0.7404371734593712,0.16809734847918245,0.09146547806144613,0.7760635680415138,0.14443723718350185,0.07949919477498435,2023-09-15
2023-09-23,La Liga,Almeria,Valencia,D,0.38913919550298526,0.24830199674257353,0.36255880775444116,0.3599051080460469,0.28540579996654447,0.35468909198740867,2023-09-15
2023-09-24,La Liga,Sociedad,Getafe,H,0.5206371398676027,0.3004899116558323,0.178872948476565,0.5703251418050438,0.2843311931447886,0.14534366505016766,2023-09-15
2023-09-24,La Liga,Vallecano,Villarreal,D,0.281495722023737,0.2475755651779628,0.4709287127983003,0.3707114740969636,0.27724597496203507,0.3520425509410014,2023-09-15
2023-09-24,La Liga,Betis,Cadiz,D,0.5750078714197934,0.25623658143399924,0.16875554714620733,0.540091683038638,0.26709452084697666,0.1928137961143855,2023-09-15
2023-09-24,La Liga,Las Palmas,Granada,H,0.24532865442342158,0.3450033966428059,0.40966794893377245,0.5004008311110384,0.2616036516532238,0.23799551723573778,2023-09-15
2023-09-24,La Liga,Ath Madrid,Real Madrid,H,0.4323389336019478,0.2624661103582703,0.30519495603978203,0.34104884800347257,0.2895888147248421,0.36936233727168544,2023-09-15
2023-09-26,La Liga,Sevilla,Almeria,H,0.6168952435461514,0.2001723845949673,0.18293237185888148,0.5679087351668411,0.24461560129352605,0.18747566353963288,2023-09-15
2023-09-26,La Liga,Mallorca,Barcelona,D,0.14595010726477872,0.22777688638719776,0.6262730063480234,0.12979351032448377,0.22123893805309733,0.6489675516224188,2023-09-15
2023-09-27,La Liga,Valencia,Sociedad,A,0.33410012531259814,0.293444947876061,0.37245492681134085,0.38060028251276445,0.3238883198866903,0.2955113976005452,2023-09-15
2023-09-27,La Liga,Cadiz,Vallecano,D,0.3952922195697474,0.29620048966566304,0.30850729076458955,0.359548656605984,0.31446056140459056,0.32599078198942555,2023-09-15
2023-09-27,La Liga,Villarreal,Girona,A,0.5339814813848016,0.2186743480297867,0.24734417058541155,0.4508899143045485,0.26301911667765326,0.2860909690177983,2023-09-15
2023-09-27,La Liga,Real Madrid,Las Palmas,H,0.7689961306480936,0.18773969391325318,0.04326417543865315,0.8203343483935118,0.120999316388043,0.05866633521844509,2023-09-15
2023-09-27,La Liga,Ath Bilbao,Getafe,D,0.4768247813554716,0.3165221561206352,0.20665306252389307,0.6350103697708533,0.23930193737670094,0.12568769285244574,2023-09-15
2023-09-28,La Liga,Celta,Alaves,D,0.5680858918599219,0.24136622533352484,0.1905478828065532,0.6131386861313868,0.24433346139070303,0.14252785247791008,2023-09-15
2023-09-28,La Liga,Granada,Betis,D,0.32272359214004137,0.24193033043288578,0.435346077427073,0.351197194300734,0.2831908011846959,0.36561200451457004,2023-09-15
2023-09-28,La Liga,Osasuna,Ath Madrid,A,0.19830813517954193,0.2600406356333352,0.541651229187123,0.23232594984007413,0.2810609910421586,0.48661305911776725,2023-09-15
2023-09-29,La Liga,Barcelona,Sevilla,H,0.6890347240894424,0.19063779545236217,0.12032748045819551,0.7192360871068095,0.16915831316972002,0.11160559972347046,2023-09-15
2023-09-30,La Liga,Getafe,Villarreal,D,0.28742286500152703,0.29573168553925444,0.41684544945921864,0.34915475653566813,0.3102362327179981,0.34060901074633365,2023-09-15
2023-09-30,La Liga,Vallecano,Mallorca,D,0.45197115009248257,0.27837061505994853,0.26965823484756873,0.48126522614129863,0.2996835610634467,0.21905121279525475,2023-09-15
2023-09-30,La Liga,Girona,Real Madrid,A,0.26420355004049234,0.23275397869359943,0.5030424712659081,0.23951299108823898,0.24069285803941262,0.5197941508723485,2023-09-15
2023-09-30,La Liga,Sociedad,Ath Bilbao,H,0.46667326834233036,0.2905104766236574,0.24281625503401202,0.4214548708395065,0.31139340775403024,0.2671517214064631,2023-09-15
2023-10-01,La Liga,Ath Madrid,Cadiz,H,0.7430748546218274,0.1766077725224069,0.08031737285576546,0.724523939099618,0.18283654960329346,0.09263951129708856,2023-09-15
2023-10-01,La Liga,Betis,Valencia,H,0.5088175212596374,0.2619126707015146,0.22926980803884797,0.4718284534161704,0.28641785881861365,0.24175368776521602,2023-09-15
2023-10-01,La Liga,Almeria,Granada,D,0.4896246628849818,0.2102429640747957,0.3001323730402227,0.49332246099382465,0.26187090422728493,0.2448066347788904,2023-09-15
2023-10-01,La Liga,Alaves,Osasuna,A,0.33559357237114884,0.2955529926779773,0.3688534349508738,0.3791129428668658,0.32513328543880216,0.2957537716943321,2023-09-15
2023-10-02,La Liga,Las Palmas,Celta,H,0.1989690765212728,0.38035863142297793,0.42067229205574924,0.32387191245038727,0.31653500828484454,0.35959307926476813,2023-09-15
2023-10-06,La Liga,Ath Bilbao,Almeria,H,0.5971002162082977,0.21837520469338476,0.1845245790983176,0.728071302612333,0.16979754760570312,0.10213114978196382,2023-09-15
2023-10-07,La Liga,Cadiz,Girona,A,0.2907009018063311,0.26825018486148644,0.4410489133321824,0.28446546448944826,0.28114808297936716,0.4343864525311844,2023-09-15
2023-10-07,La Liga,Real Madrid,Osasuna,H,0.7239941724813922,0.18147783720466587,0.09452799031394217,0.7660410283505964,0.1513020382589825,0.0826569333904212,2023-09-15
2023-10-07,La Liga,Mallorca,Valencia,D,0.3627053711108178,0.29432939444197376,0.34296523444720844,0.38112212973321447,0.3264946244714537,0.2923832457953317,2023-09-15
2023-10-07,La Liga,Sevilla,Vallecano,D,0.5651120938563352,0.23618698510799277,0.19870092103567202,0.5329359787351786,0.25732792640775115,0.2097360948570703,2023-09-15
2023-10-08,La Liga,Villarreal,Las Palmas,A,0.6800381474243624,0.24228174152365348,0.07768011105198382,0.5897424735546946,0.23618327217603058,0.17407425426927478,2023-09-15
2023-10-08,La Liga,Ath Madrid,Sociedad,H,0.5804711797482818,0.2440423794381813,0.17548644081353706,0.48433362753751097,0.2906001765225066,0.22506619593998234,2023-09-15
2023-10-08,La Liga,Alaves,Betis,D,0.2585977117508762,0.26754994967975204,0.47385233856937187,0.3801358474411067,0.3005997316688136,0.3192644208900798,2023-09-15
2023-10-08,La Liga,Celta,Getafe,D,0.4365872144847854,0.31039563985093654,0.2530171456642783,0.47942908473899587,0.2972751771633895,0.22329573809761452,2023-09-15
2023-10-08,La Liga,Granada,Barcelona,D,0.13871248805378414,0.17944536179869142,0.6818421501475243,0.1423216653081603,0.18729421465409146,0.6703841200377482,2023-09-15
2023-10-20,La Liga,Osasuna,Granada,H,0.49192821762689154,0.24545747257427308,0.2626143097988353,0.5771981566337893,0.2507621811596668,0.17203966220654388,2023-10-20
2023-10-21,La Liga,Celta,Ath Madrid,A,0.2138864325422037,0.24289515178459165,0.5432184156732044,0.2853625743009671,0.275716515451357,0.438920910247676,2023-10-20
2023-10-21,La Liga,Sevilla,Real Madrid,D,0.2480433013617961,0.25383363853610336,0.49812306010210067,0.20321699441776814,0.23618440029183704,0.5605986052903948,2023-10-20
2023-10-21,La Liga,Sociedad,Mallorca,H,0.6063828953874365,0.23805305012204214,0.15556405449052152,0.5758791764507073,0.27109632540437195,0.15302449814492064,2023-10-20
2023-10-21,La Liga,Getafe,Betis,D,0.35116196224149454,0.30979988556355953,0.339038152194946,0.39257020125686104,0.3103173971839949,0.2971124015591441,2023-10-20
2023-10-22,La Liga,Las Palmas,Vallecano,A,0.37799437158761184,0.35740257492605726,0.2646030534863308,0.3677221654749745,0.3217568947906027,0.3105209397344229,2023-10-20
2023-10-22,La Liga,Girona,Almeria,H,0.7209190240463941,0.14949528756954863,0.1295856883840573,0.6995563979834825,0.18243590866736217,0.1180076933491554,2023-10-20
2023-10-22,La Liga,Villarreal,Alaves,D,0.719576744270132,0.17864642136320558,0.10177683436666238,0.46771083591969725,0.2909272759143355,0.24136188816596724,2023-10-20
2023-10-22,La Liga,Barcelona,Ath Bilbao,H,0.6548321491195414,0.21429823113048968,0.13086961974996894,0.5249291286604005,0.2576169338544446,0.2174539374851548,2023-10-20
2023-10-23,La Liga,Valencia,Cadiz,H,0.5144457530965051,0.28510431328789126,0.20044993361560362,0.5765228350858306,0.2639123604752576,0.1595648044389119,2023-10-20
2023-10-27,La Liga,Girona,Celta,H,0.5953429455515372,0.21043217331593264,0.19422488113252992,0.5547151485542964,0.2356192985364123,0.2096655529092913,2023-10-20
2023-10-28,La Liga,Almeria,Las Palmas,A,0.38554256305994367,0.31096472819807286,0.30349270874198353,0.4209748892171344,0.2946824224519941,0.28434268833087145,2023-10-20
2023-10-28,La Liga,Barcelona,Real Madrid,A,0.45644756222575383,0.2596579157419938,0.28389452203225224,0.3772281273990444,0.278867784724795,0.3439040878761606,2023-10-20
2023-10-28,La Liga,Mallorca,Getafe,D,0.3907103320481844,0.31186722808558737,0.2974224398662282,0.41935788548303893,0.3301026598565813,0.2505394546603797,2023-10-20
2023-10-28,La Liga,Cadiz,Sevilla,D,0.28162989777071085,0.29869569508220095,0.41967440714708815,0.25047097873867413,0.27989593612631203,0.4696330851350139,2023-10-20
2023-10-29,La Liga,Ath Bilbao,Valencia,D,0.4955265902959693,0.2772321447965807,0.2272412649074499,0.5887076466802831,0.2446769816177499,0.1666153717019669,2023-10-20
2023-10-29,La Liga,Ath Madrid,Alaves,H,0.8187854621192163,0.12787829850316834,0.05333623937761542,0.6692921120547235,0.21235745349657528,0.11835043444870111,2023-10-20
2023-10-29,La Liga,Vallecano,Sociedad,D,0.28834619207874423,0.2811309076332906,0.430522900287965,0.28849084790776985,0.3085756537747664,0.40293349831746367,2023-10-20
2023-10-29,La Liga,Betis,Osasuna,H,0.5260645791707239,0.26902334952495244,0.2049120713043236,0.48871767937133465,0.2802732512821199,0.2310090693465454,2023-10-20
2023-10-30,La Liga,Granada,Villarreal,A,0.2935557673084793,0.22334698593681537,0.48309724675470533,0.32547055104323724,0.2673508097855163,0.4071786391712466,2023-10-20
2023-11-03,La Liga,Las Palmas,Ath Madrid,H,0.1860470082478383,0.3225672498479755,0.4913857419041862,0.17423626820108493,0.26253486482331495,0.5632288669756002,2023-10-20
2023-11-04,La Liga,Osasuna,Girona,A,0.3288386223880411,0.26147482819691265,0.40968654941504623,0.32559587164600057,0.2941183251424597,0.38028580321153976,2023-10-20
2023-11-04,La Liga,Betis,Mallorca,H,0.5543433067056892,0.2511660567817531,0.19449063651255757,0.5110625771531668,0.2814547526350774,0.2074826702117558,2023-10-20
2023-11-04,La Liga,Celta,Sevilla,D,0.3658788226718531,0.27231140324963654,0.3618097740785104,0.4037609657003862,0.2853559904216806,0.31088304387793314,2023-10-20
2023-11-04,La Liga,Sociedad,Barcelona,A,0.2901065949275346,0.2767265526961582,0.4331668523763071,0.28752161372476215,0.2953869466230079,0.41709143965223006,2023-10-20
2023-11-05,La Liga,Alaves,Almeria,H,0.395128378413761,0.24944543755457727,0.35542618403166176,0.5481838712027391,0.2573701464267502,0.19444598237051064,2023-10-20
2023-11-05,La Liga,Valencia,Granada,H,0.5478341317388999,0.22527293640832388,0.22689293185277626,0.5820384269704627,0.2342178730218488,0.18374370000768858,2023-10-20
2023-11-05,La Liga,Villarreal,Ath Bilbao,A,0.48815456754894254,0.26161858134599475,0.2502268511050626,0.25454894840770237,0.24679618855772154,0.49865486303457596,2023-10-20
2023-11-05,La Liga,Real Madrid,Vallecano,D,0.7758681341534567,0.1488668282867351,0.07526503755980832,0.7903780068728522,0.13974799541809851,0.06987399770904926,2023-10-20
2023-11-06,La Liga,Getafe,Cadiz,H,0.46654398375109535,0.32032494067548606,0.2131310755734185,0.46671764794242754,0.3131524863613708,0.22012986569620166,2023-10-20
2023-11-10,La Liga,Ath Bilbao,Celta,H,0.5257197766514998,0.2615762211292408,0.21270400221925936,0.5673588123181864,0.24014444778814326,0.1924967398936704,2023-10-20
2023-11-11,La Liga,Real Madrid,Valencia,H,0.7264649421196526,0.1767760507527892,0.09675900712755821,0.7360826609024343,0.16781159108656535,0.09610574801100034,2023-10-20
2023-11-11,La Liga,Osasuna,Las Palmas,D,0.3811782151253429,0.37780541244376026,0.24101637243089657,0.4933337274957873,0.2892462628472325,0.21742000965698013,2023-10-20
2023-11-11,La Liga,Almeria,Sociedad,A,0.2522271381320876,0.23368370820452117,0.5140891536633913,0.2212291909242534,0.25499575164427096,0.5237750574314755,2023-10-20
2023-11-11,La Liga,Vallecano,Girona,A,0.3282773227428054,0.24537758255902123,0.42634509469817333,0.3257612446273988,0.27829317755312066,0.39594557781948064,2023-10-20
2023-11-11,La Liga,Granada,Getafe,D,0.410369077293655,0.26660714243045297,0.323023780275892,0.3904528763769889,0.3047735618115055,0.3047735618115055,2023-10-20
2023-11-12,La Liga,Barcelona,Alaves,H,0.846153924851306,0.11146583728919489,0.04238023785949901,0.7719602298640883,0.14822585058834262,0.0798139195475691,2023-10-20
2023-11-12,La Liga,Sevilla,Betis,D,0.45684575941400934,0.2684461930757969,0.2747080475101937,0.434335129421092,0.2811880606656781,0.2844768099132299,2023-10-20
2023-11-12,La Liga,Ath Madrid,Villarreal,H,0.6084106505409957,0.21552675890391523,0.17606259055508916,0.7240974152316556,0.16700353466616502,0.10889905010217941,2023-10-20
2023-11-24,La Liga,Alaves,Granada,H,0.40116382681592766,0.25864040986874864,0.34019576331532386,0.5576061532800115,0.26436912989297556,0.17802471682701285,2023-11-24
2023-11-25,La Liga,Vallecano,Barcelona,D,0.17405860015577823,0.23635239799349042,0.5895890018507315,0.19407447675998915,0.22832291383528136,0.5776026094047296,2023-11-24
2023-11-25,La Liga,Valencia,Celta,D,0.4739807684195143,0.26575176969108183,0.260267461889404,0.42348194951202867,0.29337604936074274,0.2831420011272285,2023-11-24
2023-11-25,La Liga,Getafe,Almeria,H,0.5490090522532978,0.2429375741087738,0.20805337363792836,0.5448183041722745,0.2635262449528936,0.19165545087483177,2023-11-24
2023-11-25,La Liga,Ath Madrid,Mallorca,H,0.7394623189610284,0.1723257019516126,0.08821197908735906,0.7118766562274149,0.18983377499397736,0.09828956877860755,2023-11-24
2023-11-26,La Liga,Cadiz,Real Madrid,A,0.12780392863429105,0.22712121398977975,0.645074857375929,0.14024759062865438,0.2058953990080245,0.653857010363321,2023-11-24
2023-11-26,La Liga,Villarreal,Osasuna,H,0.5864962110945544,0.23249403152092393,0.18100975738452174,0.4423138382869926,0.2812400127836369,0.2764461489293704,2023-11-24
2023-11-26,La Liga,Sociedad,Sevilla,H,0.4929468278442559,0.2692664992961075,0.23778667285963667,0.5951282387489578,0.2455845643445066,0.1592871969065355,2023-11-24
2023-11-26,La Liga,Betis,Las Palmas,H,0.4545597557793888,0.3260858965006901,0.21935434771992096,0.5650346528454532,0.2598555087952351,0.17510983835931163,2023-11-24
2023-11-27,La Liga,Girona,Ath Bilbao,D,0.507781414871851,0.2340459237792731,0.25817266134887584,0.42802595706533164,0.2654696509667494,0.3065043919679189,2023-11-24
2023-11-29,La Liga,Mallorca,Cadiz,D,0.45113320288974906,0.30724616390180515,0.24162063320844582,0.5195700319022271,0.291770558455605,0.1886594096421679,2023-11-24
2023-12-01,La Liga,Las Palmas,Getafe,H,0.3790784535380771,0.37923391457437006,0.24168763188755293,0.4041268318997812,0.32682740432163515,0.26904576377858364,2023-11-24
2023-12-02,La Liga,Girona,Valencia,H,0.58636458417317,0.2147705555196698,0.1988648603071601,0.5813387659455438,0.2415014276440443,0.17715980641041204,2023-11-24
2023-12-02,La Liga,Ath Bilbao,Vallecano,H,0.5434774737021685,0.25508213161053295,0.20144039468729857,0.6558386437273586,0.20348871964706305,0.14067263662557836,2023-11-24
2023-12-02,La Liga,Real Madrid,Granada,H,0.8485782078795159,0.10018707735472095,0.05123471476576314,0.8111078162884404,0.12454429695267666,0.06434788675888294,2023-11-24
2023-12-02,La Liga,Osasuna,Sociedad,D,0.2836490731239509,0.29652183357069894,0.4198290933053502,0.2430912550768269,0.30673975404016013,0.45016899088301277,2023-11-24
2023-12-03,La Liga,Mallorca,Alaves,D,0.4884333930694033,0.2869274482729605,0.22463915865763626,0.3537481244763148,0.33545080769305713,0.310801067830628,2023-11-24
2023-12-03,La Liga,Almeria,Betis,D,0.280265366574124,0.23290249882306766,0.4868321346028083,0.27416379128230406,0.25603126540384485,0.46980494331385114,2023-11-24
2023-12-03,La Liga,Sevilla,Villarreal,D,0.43298843853980784,0.255105875397737,0.3119056860624553,0.5115539263972096,0.24606391396321475,0.24238215963957566,2023-11-24
2023-12-03,La Liga,Barcelona,Ath Madrid,H,0.49335857921233256,0.25483829944637354,0.2518031213412939,0.4983585661602398,0.24790796020726213,0.25373347363249804,2023-11-24
2023-12-04,La Liga,Celta,Cadiz,D,0.5035356744048066,0.27895361746110486,0.21751070813408827,0.6267300618367544,0.22696999902966575,0.14629993913357975,2023-11-24
2023-12-08,La Liga,Getafe,Valencia,H,0.39520147331047406,0.3153595407279739,0.28943898596155226,0.36427830666868644,0.33082417646441925,0.3048975168668943,2023-11-24
2023-12-09,La Liga,Mallorca,Sevilla,H,0.3134828734118303,0.28646795605454495,0.4000491705336248,0.3733106347496786,0.31737483931487337,0.309314525935448,2023-11-24
2023-12-09,La Liga,Villarreal,Sociedad,A,0.4205796674923694,0.26641784669788215,0.31300248580974865,0.27633468215637647,0.2795109428708175,0.444154374972806,2023-11-24
2023-12-09,La Liga,Alaves,Las Palmas,A,0.28637577898875377,0.3587815188847552,0.35484270212649105,0.48141994569842367,0.2986586700166146,0.2199213842849617,2023-11-24
2023-12-09,La Liga,Betis,Real Madrid,D,0.2386869510905789,0.25796989591374125,0.50334315299568,0.2042784295606772,0.23158055857117346,0.5641410118681494,2023-11-24
2023-12-10,La Liga,Ath Madrid,Almeria,H,0.8495502449727852,0.09739080924277371,0.0530589457844411,0.8033561061612569,0.1220287756194314,0.07461511821931179,2023-11-24
2023-12-10,La Liga,Cadiz,Osasuna,D,0.35385490844140294,0.3209739959171751,0.325171095641422,0.34309690231888007,0.3173925741321236,0.33951052354899625,2023-11-24
2023-12-10,La Liga,Barcelona,Girona,A,0.6695353340776883,0.18421792594408562,0.14624673997822601,0.6641199611163796,0.18123647537007745,0.15464356351354297,2023-11-24
2023-12-11,La Liga,Vallecano,Celta,D,0.43924538704857796,0.2708700688761487,0.2898845440752733,0.35415688116486616,0.30530765617660877,0.3405354626585252,2023-11-24
2023-12-11,La Liga,Granada,Ath Bilbao,D,0.3073807693538073,0.24541034316309904,0.44720888748309373,0.23306203795517244,0.26337905102251197,0.5035589110223156,2023-11-24
2023-12-15,La Liga,Osasuna,Vallecano,H,0.42494804291210764,0.28929699498713535,0.28575496210075696,0.42535457268878296,0.3063087960557588,0.2683366312554581,2023-11-24
2023-12-16,La Liga,Sevilla,Getafe,A,0.49857589742631775,0.28896554151877196,0.21245856105491034,0.5333718851235328,0.2813729944709652,0.18525512040550188,2023-11-24
2023-12-16,La Liga,Celta,Granada,H,0.5346385879158626,0.22417881826999672,0.24118259381414067,0.566604933005677,0.2536372867643214,0.17975778023000147,2023-11-24
2023-12-16,La Liga,Ath Bilbao,Ath Madrid,H,0.28492548597251827,0.26734528200749574,0.44772923201998577,0.3702853975317386,0.291572034583375,0.3381425678848863,2023-11-24
2023-12-16,La Liga,Valencia,Barcelona,D,0.19771403598835724,0.24850817307969308,0.5537777909319499,0.16073718969171572,0.21290627757411468,0.6263565327341696,2023-11-24
2023-12-17,La Liga,Real Madrid,Villarreal,H,0.6758537588739314,0.1889869155628052,0.13515932556326316,0.7892499482558232,0.13208298173828592,0.07866707000589088,2023-11-24
2023-12-17,La Liga,Las Palmas,Cadiz,D,0.4551259003955937,0.3515116718476285,0.19336242775677784,0.4835601589786824,0.2945320968324701,0.22190774418884737,2023-11-24
2023-12-17,La Liga,Almeria,Mallorca,D,0.4121990955572817,0.2492821040829381,0.3385188003597801,0.40554194156456175,0.3139679547596607,0.2804901036757776,2023-11-24
2023-12-17,La Liga,Sociedad,Betis,D,0.4902215321137898,0.27319622020745743,0.23658224767875266,0.6096866911670074,0.23191431553960334,0.1583989932933892,2023-11-24
2023-12-18,La Liga,Girona,Alaves,H,0.7149153789453099,0.17320222530415894,0.11188239575053137,0.5970352374279854,0.2347565739401302,0.16820818863188458,2023-11-24
2023-12-19,La Liga,Granada,Sevilla,A,0.31264725162906004,0.24089196608051086,0.4464607822904293,0.3117443569007208,0.3068272534795738,0.3814283896197055,2023-11-24
2023-12-19,La Liga,Vallecano,Valencia,A,0.40525266997145876,0.28249868777653625,0.3122486422520049,0.4269501666997858,0.3070808769954295,0.26596895630478457,2023-11-24
2023-12-19,La Liga,Ath Madrid,Getafe,D,0.6682227779553255,0.21856532432537998,0.11321189771929437,0.6547280354430977,0.2134355710255032,0.13183639353139928,2023-11-24
2023-12-20,La Liga,Ath Bilbao,Las Palmas,H,0.4569723710436312,0.32729305923685514,0.21573456971951357,0.7009929479468856,0.1863911884714262,0.11261586358168825,2023-11-24
2023-12-20,La Liga,Villarreal,Celta,H,0.5924314701212862,0.21908714520437342,0.18848138467434064,0.3971828093566629,0.2878987819301255,0.31491840871321175,2023-11-24
2023-12-20,La Liga,Barcelona,Almeria,H,0.8695712357009293,0.08751578635117002,0.042912977947900714,0.8426966292134832,0.10674157303370785,0.05056179775280898,2023-11-24
2023-12-21,La Liga,Cadiz,Sociedad,D,0.22984870644179803,0.30062669805885817,0.4695245954993438,0.15488082261370803,0.2705021609437185,0.5746170164425736,2023-11-24
2023-12-21,La Liga,Alaves,Real Madrid,A,0.11196904269290404,0.20109635452875207,0.6869346027783437,0.16032141921333812,0.23446522325631047,0.6052133575303514,2023-11-24
2023-12-21,La Liga,Betis,Girona,D,0.42659518277356734,0.2438200190901001,0.3295847981363325,0.36434149933423116,0.27402586006264706,0.3616326406031216,2023-11-24
2023-12-21,La Liga,Mallorca,Osasuna,H,0.40176066922811215,0.30121277614402037,0.29702655462786753,0.4303201979274983,0.3330560436014199,0.23662375847108177,2023-11-24
2023-12-23,La Liga,Ath Madrid,Sevilla,H,0.6335445604424981,0.21302958498355856,0.15342585457394356,0.610572274991824,0.22735595251451995,0.16207177249365612,2023-11-24
2024-01-02,La Liga,Sociedad,Alaves,D,0.6681309899107504,0.22734569272468552,0.10452331736456431,0.6333916176548509,0.2504106395379643,0.11619774280718488,2024-01-02
2024-01-02,La Liga,Valencia,Villarreal,H,0.37474485224120946,0.2700577813931045,0.355197366365686,0.4368501914072907,0.28401630520065835,0.27913350339205106,2024-01-02
2024-01-02,La Liga,Getafe,Vallecano,A,0.4679214378048756,0.30602121575117663,0.2260573464439477,0.40228041024465705,0.3272789778261616,0.2704406119291812,2024-01-02
2024-01-03,La Liga,Real Madrid,Mallorca,H,0.7689254952360578,0.16384022195485345,0.06723428280908852,0.7884436230631133,0.14250388446474047,0.06905249247214632,2024-01-02
2024-01-03,La Liga,Girona,Ath Madrid,H,0.37000707741222705,0.24363469738040022,0.38635822520737273,0.3615035790578271,0.26308885807442944,0.3754075628677435,2024-01-02
2024-01-03,La Liga,Granada,Cadiz,H,0.44103143958472385,0.2790549470229015,0.27991361339237464,0.4328706225892916,0.31216631436727754,0.2549630630434309,2024-01-02
2024-01-03,La Liga,Celta,Betis,H,0.33848481415888815,0.2962059966034562,0.36530918923765576,0.44055705659419375,0.2941483670915916,0.26529457631421477,2024-01-02
2024-01-04,La Liga,Sevilla,Ath Bilbao,A,0.3983385487063148,0.2895096857664559,0.31215176552722934,0.3150555696173405,0.29862629144711106,0.3863181389355484,2024-01-02
2024-01-04,La Liga,Las Palmas,Barcelona,A,0.21610628954102695,0.3298093577169004,0.45408435274207243,0.1523894137359213,0.2067676874408334,0.6408428988232453,2024-01-02
2024-01-04,La Liga,Osasuna,Almeria,H,0.5308158816150894,0.2391511165592494,0.23003300182566133,0.558824520418707,0.25454310615930636,0.18663237342198663,2024-01-02
2024-01-12,La Liga,Sevilla,Alaves,A,0.6159528054951505,0.24394247704714017,0.14010471745770908,0.4694331921209685,0.30084418194749374,0.22972262593153775,2024-01-02
2024-01-13,La Liga,Las Palmas,Villarreal,H,0.35598123523159686,0.32490022793942597,0.3191185368289774,0.3629299890899,0.2781429261116327,0.3589270847984672,2024-01-02
2024-01-13,La Liga,Mallorca,Celta,D,0.3960783958567573,0.302785691987413,0.3011359121558295,0.40397199845849346,0.330024581791515,0.2660034197499916,2024-01-02
2024-01-13,La Liga,Ath Bilbao,Sociedad,H,0.39033168343165964,0.30365911890778113,0.3060091976605594,0.4528996494890438,0.31467702919043955,0.23242332132051652,2024-01-02
2024-01-13,La Liga,Betis,Granada,H,0.6484841857261358,0.20753678195741654,0.1439790323164478,0.5517654651055591,0.2555545312067853,0.19268000368765556,2024-01-02
2024-01-14,La Liga,Almeria,Girona,D,0.22880023404608812,0.19809826266227523,0.5731015032916368,0.2531052959164344,0.2584905149784862,0.4884041891050794,2024-01-02
2024-01-14,La Liga,Cadiz,Valencia,A,0.31629525708848216,0.32503611896652607,0.3586686239449918,0.3087985969014908,0.3413037123648056,0.34989769073370364,2024-01-02
2024-01-19,La Liga,Alaves,Cadiz,H,0.3738193653444833,0.33664422258844895,0.28953641206706787,0.5774127093127674,0.27172362791189053,0.15086366277534202,2024-01-02
2024-01-20,La Liga,Vallecano,Las Palmas,A,0.3259007932816155,0.366046385743721,0.3080528209746636,0.5623785292277367,0.2614300189923532,0.1761914517799102,2024-01-02
2024-01-20,La Liga,Villarreal,Mallorca,D,0.5915398995924936,0.23540591311370182,0.17305418729380456,0.4584910546723949,0.28504429205439213,0.25646465327321305,2024-01-02
2024-01-20,La Liga,Valencia,Ath Bilbao,H,0.3418702924037858,0.30124172397192983,0.35688798362428426,0.27376987707124373,0.30182703838599845,0.4244030845427577,2024-01-02
2024-01-20,La Liga,Celta,Sociedad,A,0.282992146199281,0.29478466376316437,0.4222231900375548,0.3861508810572687,0.32764317180616737,0.2862059471365639,2024-01-02
2024-01-21,La Liga,Girona,Sevilla,H,0.5510017679593953,0.22666444461114627,0.2223337874294582,0.530442058290336,0.24328545530609397,0.22627248640356992,2024-01-02
2024-01-21,La Liga,Betis,Barcelona,A,0.2686538649500372,0.28162789370055785,0.44971824134940486,0.23677569276130037,0.23562629619449793,0.5275980110442018,2024-01-02
2024-01-21,La Liga,Real Madrid,Almeria,H,0.8708216715349774,0.08933564107295014,0.03984268739207278,0.8583485641560529,0.09948039769193227,0.04217103815201477,2024-01-02
2024-01-21,La Liga,Osasuna,Getafe,H,0.37453622225478095,0.3215469469405899,0.3039168308046292,0.3922151334703025,0.3346545507425789,0.2731303157871187,2024-01-02
2024-01-22,La Liga,Granada,Ath Madrid,A,0.15515865990442856,0.19875987730893696,0.6460814627866345,0.1837341259119157,0.24344771683328828,0.572818157254796,2024-01-02
2024-01-26,La Liga,Almeria,Alaves,A,0.4924786942761462,0.257444089339641,0.2500772163842129,0.33889040721508606,0.31374692538945065,0.34736266739546323,2024-01-02
2024-01-27,La Liga,Sociedad,Vallecano,D,0.6093600998699459,0.24753326215680946,0.14310663797324474,0.5333949631943407,0.2941754039435455,0.1724296328621137,2024-01-02
2024-01-27,La Liga,Las Palmas,Real Madrid,A,0.18692928756309055,0.32089597158654876,0.49217474085036067,0.1421688904808812,0.19921196382197548,0.6586191456971434,2024-01-02
2024-01-27,La Liga,Barcelona,Villarreal,A,0.6604531033041026,0.19559296361474723,0.14395393308115015,0.7122422596516029,0.16063838691976454,0.12711935342863256,2024-01-02
2024-01-27,La Liga,Mallorca,Betis,A,0.3027260149166997,0.3139449869025506,0.3833289981807497,0.4283040858270003,0.30963384548639833,0.26206206868660126,2024-01-02
2024-01-28,La Liga,Celta,Girona,A,0.30185477472990374,0.24557122307423584,0.45257400219586025,0.3514115474672098,0.2741999961927243,0.3743884563400658,2024-01-02
2024-01-28,La Liga,Cadiz,Ath Bilbao,D,0.24512394101668278,0.30953503893127093,0.4453410200520463,0.18922012098751978,0.2888985775791596,0.5218813014333206,2024-01-02
2024-01-28,La Liga,Sevilla,Osasuna,D,0.5341268689417268,0.2649356629378186,0.20093746812045477,0.4570428395369496,0.30139357529836,0.24156358516469045,2024-01-02
2024-01-28,La Liga,Ath Madrid,Valencia,H,0.6597290464803189,0.2138537407453103,0.12641721277437065,0.6065001470406876,0.24019807803591586,0.15330177492339656,2024-01-02
2024-01-29,La Liga,Getafe,Granada,H,0.5557444451864867,0.2511440219966174,0.19311153281689591,0.5198353707230173,0.2825849253639659,0.1975797039130168,2024-01-02
2024-01-31,La Liga,Ath Madrid,Vallecano,H,0.7180805520701642,0.18581197377563852,0.09610747415419739,0.5922360599083997,0.25359455306782647,0.15416938702377386,2024-01-02
2024-01-31,La Liga,Barcelona,Osasuna,H,0.7322365453839133,0.17911084079938208,0.08865261381670461,0.7226376441186555,0.16782226050589227,0.10954009537545231,2024-01-02
2024-02-01,La Liga,Getafe,Real Madrid,A,0.17858511326524076,0.26329190067696817,0.558122986057791,0.14654263654235164,0.25462263882161884,0.5988347246360295,2024-02-01
2024-02-02,La Liga,Ath Bilbao,Mallorca,H,0.5652146502946449,0.27130514764178304,0.16348020206357214,0.6344364800976056,0.24889431142290683,0.11666920847948754,2024-02-01
2024-02-03,La Liga,Valencia,Almeria,H,0.6044022275302178,0.21963174723277246,0.17596602523700958,0.559223637951497,0.25472490315068186,0.18605145889782118,2024-02-01
2024-02-03,La Liga,Granada,Las Palmas,D,0.2539351887360426,0.30050271377239185,0.4455620974915659,0.4399848542218856,0.2928814842862552,0.2671336614918591,2024-02-01
2024-02-03,La Liga,Alaves,Barcelona,A,0.16211466184437978,0.23222031153420297,0.6056650266214173,0.2261203501806229,0.2700881960490774,0.5037914537702999,2024-02-01
2024-02-03,La Liga,Girona,Sociedad,D,0.47285860294454557,0.25378980900638887,0.27335158804906573,0.471963427239492,0.2793806494578602,0.24865592330264794,2024-02-01
2024-02-04,La Liga,Villarreal,Cadiz,D,0.6470992896034689,0.21573344280914003,0.13716726758739112,0.6010927606467278,0.23319502280511606,0.16571221654815613,2024-02-01
2024-02-04,La Liga,Osasuna,Celta,A,0.4242634663684686,0.29195722644521327,0.283779307186318,0.44622806643043167,0.31178755923664775,0.2419843743329207,2024-02-01
2024-02-04,La Liga,Betis,Getafe,D,0.4786259675120685,0.2978991730054651,0.22347485948246623,0.46077197435352113,0.30382152058935297,0.2354065050571258,2024-02-01
2024-02-04,La Liga,Real Madrid,Ath Madrid,D,0.5300483205227141,0.24781320365854845,0.2221384758187374,0.5643193762421302,0.23388658485215996,0.20179403890570977,2024-02-01
2024-02-05,La Liga,Vallecano,Sevilla,A,0.35919760572829235,0.2886635901979005,0.3521388040738072,0.4526153944485674,0.2985040178111718,0.2488805877402609,2024-02-01
2024-02-09,La Liga,Cadiz,Betis,A,0.24680576414356883,0.31338949971756647,0.4398047361388647,0.31856748798286755,0.32172162152725237,0.35971089048988,2024-02-01
2024-02-10,La Liga,Las Palmas,Valencia,H,0.44615330035589296,0.32480264437992373,0.22904405526418328,0.37430469715698395,0.3243974042027194,0.3012978986402967,2024-02-01
2024-02-10,La Liga,Real Madrid,Girona,H,0.6396961321246671,0.19577755761580787,0.16452631025952505,0.6760093338782491,0.17640389551932412,0.1475867706024269,2024-02-01
2024-02-10,La Liga,Sociedad,Osasuna,A,0.5684471308332225,0.2652603872220667,0.16629248194471097,0.5514751989709784,0.29147037543210863,0.15705442559691293,2024-02-01
2024-02-10,La Liga,Alaves,Villarreal,D,0.29277499519925365,0.26058205041024884,0.4466429543904976,0.43796645886381597,0.27939239617174466,0.28264114496443943,2024-02-01
2024-02-11,La Liga,Getafe,Celta,H,0.4374005348269376,0.3026789081993489,0.2599205569737136,0.4386016514459119,0.3161349565616638,0.2452633919924243,2024-02-01
2024-02-11,La Liga,Mallorca,Vallecano,H,0.4003917789001753,0.31644648255800323,0.28316173854182153,0.38746028687889816,0.34609441995232537,0.26644529316877646,2024-02-01
2024-02-11,La Liga,Sevilla,Ath Madrid,H,0.2634054166212827,0.25825683707476305,0.47833774630395415,0.257194942745446,0.2685626750214878,0.47424238223306625,2024-02-01
2024-02-11,La Liga,Barcelona,Granada,D,0.8211770185759909,0.11807675683220188,0.0607462245918071,0.8118977259954728,0.11987075607129188,0.06823151793323536,2024-02-01
2024-02-12,La Liga,Almeria,Ath Bilbao,D,0.23880156335748023,0.2473427175909407,0.5138557190515789,0.20583043201098422,0.26616976413475213,0.5279998038542638,2024-02-01
2024-02-16,La Liga,Villarreal,Getafe,D,0.52513255011662,0.25262164400339077,0.22224580587998913,0.46763395983305783,0.2701885101257668,0.2621775300411753,2024-02-01
2024-02-17,La Liga,Ath Madrid,Las Palmas,H,0.5339382957595775,0.28515889977050746,0.18090280446991494,0.6563609199996193,0.21829531721335654,0.12534376278702408,2024-02-01
2024-02-17,La Liga,Osasuna,Cadiz,H,0.4978831243230563,0.2998795772401266,0.20223729843681712,0.5368916797488227,0.28414442700156983,0.17896389324960754,2024-02-01
2024-02-17,La Liga,Celta,Barcelona,A,0.2010841126706553,0.24135677867528055,0.5575591086540642,0.24484182964083098,0.25659423746359084,0.49856393289557815,2024-02-01
2024-02-17,La Liga,Valencia,Sevilla,D,0.4336246181289257,0.2785435894224818,0.28783179244859236,0.4212374401936075,0.30695851320101997,0.27180404660537244,2024-02-01
2024-02-18,La Liga,Betis,Alaves,D,0.5653858191790534,0.2632573942952503,0.17135678652569628,0.39684378608476273,0.3146496038536145,0.28850661006162276,2024-02-01
2024-02-18,La Liga,Mallorca,Sociedad,A,0.2529587130894586,0.31781336505042196,0.42922792186011904,0.250096942525085,0.34621961082654124,0.40368344664837374,2024-02-01
2024-02-18,La Liga,Granada,Almeria,D,0.47657098180522206,0.23271154290423232,0.2907174752905458,0.42495817924874724,0.28454802060807927,0.29049380014317344,2024-02-01
2024-02-18,La Liga,Vallecano,Real Madrid,D,0.15114350575161595,0.23368664645366247,0.6151698477947217,0.18026421409232526,0.24694357899892516,0.5727922069087495,2024-02-01
2024-02-19,La Liga,Ath Bilbao,Girona,H,0.41465104987246987,0.2544421797767013,0.330906770350829,0.5190802163306986,0.2652131159941001,0.2157066676752014,2024-02-01
2024-02-23,La Liga,Sociedad,Villarreal,A,0.5102411036216251,0.25133218888592124,0.23842670749245373,0.5869794309355607,0.23913976815893218,0.17388080090550723,2024-02-01
2024-02-24,La Liga,Barcelona,Getafe,H,0.673136067603917,0.20943465978474055,0.11742927261134253,0.6832364712023664,0.19173829824256133,0.1250252305550722,2024-02-01
2024-02-24,La Liga,Alaves,Mallorca,D,0.3846306561022486,0.32144955329081715,0.29391979060693435,0.5104227018897697,0.31054843998471426,0.1790288581255162,2024-02-01
2024-02-24,La Liga,Almeria,Ath Madrid,D,0.15125778047220167,0.1927185654772264,0.656023654050572,0.17981072555205047,0.24605678233438485,0.5741324921135647,2024-02-01
2024-02-25,La Liga,Cadiz,Celta,D,0.3206745510954535,0.3187571581860991,0.36056829071844715,0.2853768013229388,0.32223009685802034,0.3923931018190409,2024-02-01
2024-02-25,La Liga,Betis,Ath Bilbao,H,0.38620248295180526,0.30006426455811985,0.31373325249007483,0.24142430178385652,0.29305419764727164,0.46552150056887176,2024-02-01
2024-02-25,La Liga,Las Palmas,Osasuna,D,0.4914579925992909,0.3153925443537683,0.19314946304694083,0.39398182949025656,0.31290518290705266,0.2931129876026909,2024-02-01
2024-02-25,La Liga,Real Madrid,Sevilla,H,0.718459327107375,0.1794652627813973,0.1020754101112274,0.747485445873157,0.1562813979216163,0.09623315620522681,2024-02-01
2024-02-26,La Liga,Girona,Vallecano,H,0.670444427682182,0.19247421638032092,0.1370813559374973,0.5837248835907886,0.2374959085197816,0.1787792078894297,2024-02-01
2024-03-01,La Liga,Celta,Almeria,H,0.5497578167424444,0.23444514200703784,0.21579704125051816,0.5316067760078133,0.25268581820631125,0.21570740578587547,2024-02-01
2024-03-02,La Liga,Valencia,Real Madrid,D,0.18279918083119248,0.26347593908794464,0.5537248800808631,0.1696899596580811,0.24205151352723783,0.588258526814681,2024-03-02
2024-03-02,La Liga,Getafe,Las Palmas,D,0.3554097806363515,0.3486442496130295,0.2959459697506193,0.46944287505684246,0.298081825572903,0.23247529937025452,2024-03-02
2024-03-02,La Liga,Vallecano,Cadiz,D,0.47607756269946994,0.31405726576202564,0.20986517153850454,0.551257123888004,0.276413828502247,0.17232904760974901,2024-03-02
2024-03-02,La Liga,Sevilla,Sociedad,H,0.35305471703683416,0.31051435627164703,0.33643092669151897,0.3434626748079575,0.34104392357691554,0.31549340161512707,2024-03-02
2024-03-03,La Liga,Villarreal,Granada,H,0.6718274242264477,0.18424194768411742,0.1439306280894349,0.5450255603617774,0.2449862367282737,0.20998820290994885,2024-03-02
2024-03-03,La Liga,Ath Madrid,Betis,H,0.590700402343144,0.24385514979008965,0.16544444786676635,0.6331507436792141,0.22269439950096495,0.14415485681982104,2024-03-02
2024-03-03,La Liga,Mallorca,Girona,H,0.24753905997958106,0.2570798788213949,0.4953810611990239,0.25973969787648266,0.29259833435483296,0.44766196776868444,2024-03-02
2024-03-03,La Liga,Ath Bilbao,Barcelona,D,0.3146443229372365,0.2742652420460274,0.411090435016736,0.2959520926731895,0.27439815875301327,0.4296497485737971,2024-03-02
2024-03-04,La Liga,Osasuna,Alaves,H,0.4699426775733436,0.30297356799333114,0.22708375443332524,0.3953954487951348,0.3168315322592937,0.2877730189455715,2024-03-02
2024-03-08,La Liga,Barcelona,Mallorca,H,0.7446629031583015,0.17343815830144832,0.08189893854024975,0.6673073038195442,0.20719391660349873,0.12549877957695707,2024-03-02
2024-03-09,La Liga,Valencia,Getafe,H,0.4413358599643603,0.3100881883916385,0.24857595164400123,0.5165620146371828,0.2988112576978165,0.18462672766500068,2024-03-02
2024-03-09,La Liga,Cadiz,Ath Madrid,H,0.1382920155954485,0.24986049227930598,0.6118474921252456,0.19518213275730115,0.2628875880227064,0.5419302792199925,2024-03-02
2024-03-09,La Liga,Granada,Sociedad,A,0.24077610627137444,0.2731032780515013,0.48612061567712433,0.20495791792807214,0.2906119731815948,0.504430108890333,2024-03-02
2024-03-09,La Liga,Girona,Osasuna,H,0.6399870877027837,0.20800758574322592,0.15200532655399063,0.6334308212460755,0.21584613730656912,0.15072304144735543,2024-03-02
2024-03-10,La Liga,Betis,Villarreal,A,0.4539734649846262,0.26438314394716855,0.28164339106820535,0.45036714713081316,0.26896926842534674,0.2806635844438401,2024-03-02
2024-03-10,La Liga,Real Madrid,Celta,H,0.7572465574859353,0.16683039724851717,0.07592304526554763,0.7450538225061918,0.16035926643345189,0.09458691106035638,2024-03-02
2024-03-10,La Liga,Alaves,Vallecano,H,0.389488052078692,0.31718131442091946,0.2933306335003887,0.46049267227938884,0.31142292900945845,0.22808439871115269,2024-03-02
2024-03-10,La Liga,Las Palmas,Ath Bilbao,A,0.3394296253726679,0.3339114391111346,0.32665893551619746,0.20077384873762444,0.27786180212112493,0.5213643491412506,2024-03-02
2024-03-11,La Liga,Almeria,Sevilla,D,0.29760100350088425,0.26571235137135624,0.4366866451277595,0.2773443041566179,0.2821676833593417,0.44048801248404024,2024-03-02
2024-03-15,La Liga,Sociedad,Cadiz,H,0.625148319073293,0.2606842459343868,0.11416743499232011,0.6716685598134752,0.22598194535780472,0.10234949482872004,2024-03-02
2024-03-16,La Liga,Mallorca,Granada,H,0.465269308604372,0.27831161458233805,0.25641907681329,0.5220053994310667,0.28982986356471163,0.1881647370042217,2024-03-02
2024-03-16,La Liga,Osasuna,Real Madrid,A,0.1541315764245875,0.24851379025763173,0.5973546333177808,0.13285246766851455,0.21715123078553164,0.6499963015459538,2024-03-02
2024-03-16,La Liga,Getafe,Girona,H,0.29965057756940194,0.26745766651493497,0.4328917559156632,0.2605091158044123,0.28329416966485643,0.45619671453073135,2024-03-02
2024-03-16,La Liga,Ath Bilbao,Alaves,H,0.6068072070838877,0.25233979951213403,0.1408529934039782,0.6028780024251795,0.25746248909934727,0.13965950847547323,2024-03-02
2024-03-17,La Liga,Ath Madrid,Barcelona,A,0.4429832463904446,0.25764467890090287,0.2993720747086524,0.4299213969995863,0.2730420014370632,0.29703660156335054,2024-03-02
2024-03-17,La Liga,Sevilla,Celta,A,0.4965825193235041,0.272689070267042,0.2307284104094538,0.48384335544618023,0.27241600684784933,0.24374063770597043,2024-03-02
2024-03-17,La Liga,Las Palmas,Almeria,A,0.5678781183393566,0.2609240373732204,0.17119784428742277,0.5506317040602211,0.24534475927746552,0.20402353666231346,2024-03-02
2024-03-17,La Liga,Villarreal,Valencia,H,0.5120656553252281,0.25303639972236247,0.2348979449524095,0.4325517220915828,0.2833087302588145,0.2841395476496028,2024-03-02
2024-03-17,La Liga,Vallecano,Betis,H,0.2993799242496964,0.30897883982195123,0.3916412359283523,0.37552682196223525,0.31173540669300936,0.3127377713447554,2024-03-02
2024-03-29,La Liga,Cadiz,Granada,H,0.3855543039814131,0.3006807730204313,0.3137649229981555,0.521688500727802,0.2887918486171761,0.18951965065502183,2024-03-02
2024-03-30,La Liga,Getafe,Sevilla,A,0.3705056579618503,0.31089827847433177,0.31859606356381776,0.35929820195358675,0.3245660424314067,0.3161357556150065,2024-03-02
2024-03-30,La Liga,Almeria,Osasuna,A,0.3615674632428017,0.2798929850786374,0.358539551678561,0.3849404312265377,0.2978285293587585,0.3172310394147037,2024-03-02
2024-03-30,La Liga,Valencia,Mallorca,D,0.49609088602305484,0.2965662771250046,0.20734283685194072,0.4481199420495245,0.32199346829386366,0.22988658965661182,2024-03-02
2024-03-30,La Liga,Barcelona,Las Palmas,H,0.6284421113412062,0.23768410646865698,0.1338737821901366,0.7649848640999712,0.1445098843727082,0.09050525152732053,2024-03-02
2024-03-31,La Liga,Celta,Vallecano,D,0.4710349215478337,0.2868248605617998,0.2421402178903666,0.506658767162103,0.27325416655933643,0.22008706627856056,2024-03-02
2024-03-31,La Liga,Girona,Betis,H,0.527865270395854,0.24199173721165199,0.23014299239249417,0.5610099934212588,0.23846370727734092,0.20052629930140034,2024-03-02
2024-03-31,La Liga,Alaves,Sociedad,A,0.2417349087326794,0.3166752544011705,0.4415898368661502,0.23547079456428138,0.32328663544138964,0.44124256999432904,2024-03-02
2024-03-31,La Liga,Real Madrid,Ath Bilbao,H,0.6325470774543981,0.23097893844277714,0.13647398410282463,0.6141876904384027,0.22620432421740708,0.1596079853441902,2024-03-02
2024-04-01,La Liga,Villarreal,Ath Madrid,A,0.3447797665769445,0.24352625827807547,0.4116939751449799,0.2901930568969821,0.26860844935919004,0.44119849374382797,2024-04-01
2024-04-04,La Liga,Granada,Valencia,A,0.31129430035904254,0.2731025477245296,0.41560315191642805,0.3090507726269316,0.30708854549914155,0.38386068187392697,2024-04-01
2024-04-12,La Liga,Betis,Celta,H,0.5181516039688177,0.26480509128188134,0.21704330474930064,0.5166222835810026,0.2660958611321328,0.21728185528686464,2024-04-01
2024-04-13,La Liga,Mallorca,Real Madrid,A,0.13947136519191164,0.24535524138788484,0.6151733934202036,0.1863689006913817,0.27222423696493964,0.5414068623436787,2024-04-01
2024-04-13,La Liga,Cadiz,Barcelona,A,0.13338768568839116,0.23623310815387785,0.6303792061577309,0.2586246028143441,0.28268270540172497,0.45869269178393096,2024-04-01
2024-04-13,La Liga,Ath Madrid,Girona,H,0.5583333415343125,0.21766986961656143,0.22399678884912597,0.5114671490406356,0.24917630337877122,0.23935654758059305,2024-04-01
2024-04-13,La Liga,Vallecano,Getafe,D,0.3760481926526125,0.31988052120362853,0.304071286143759,0.38154612507831326,0.32539886921394606,0.2930550057077406,2024-04-01
2024-04-14,La Liga,Sociedad,Almeria,D,0.6878029803864201,0.19529234217692673,0.11690467743665323,0.7496716641393794,0.17279666017397044,0.07753167568665022,2024-04-01
2024-04-14,La Liga,Ath Bilbao,Villarreal,D,0.4951081919023413,0.2504205053114088,0.25447130278625,0.5989050764636684,0.22721925617591168,0.17387566736041987,2024-04-01
2024-04-14,La Liga,Granada,Alaves,H,0.4207485314130509,0.2824562096492187,0.29679525893773057,0.358958571211454,0.31999267367863177,0.3210487551099143,2024-04-01
2024-04-14,La Liga,Las Palmas,Sevilla,A,0.3745153027486801,0.3123391449561832,0.31314555229513685,0.34500370929966095,0.30121066880032316,0.35378562190001595,2024-04-01
2024-04-15,La Liga,Osasuna,Valencia,A,0.3874432009096881,0.3048870525038473,0.3076697465864647,0.3987504928274649,0.32004973766414946,0.28119976950838566,2024-04-01
2024-04-19,La Liga,Ath Bilbao,Granada,D,0.6989005519415534,0.1882701941722621,0.11282925388618414,0.7566446458749424,0.16141752445332103,0.08193782967173657,2024-04-01
2024-04-20,La Liga,Celta,Las Palmas,H,0.4044712026332957,0.31269690855469745,0.28283188881200677,0.5741076650647807,0.24688090431538917,0.17901143061983016,2024-04-01
2024-04-20,La Liga,Vallecano,Osasuna,H,0.3887865179384913,0.30667754851256773,0.30453593354894093,0.45607119621752695,0.316427246887079,0.22750155689539403,2024-04-01
2024-04-20,La Liga,Valencia,Betis,A,0.39067715034842326,0.29983002407473364,0.3094928255768432,0.3474856727742352,0.31108241181693436,0.34143191540883033,2024-04-01
2024-04-20,La Liga,Girona,Cadiz,H,0.7040193496567229,0.1903366603816402,0.10564398996163699,0.692552225249773,0.19391462306993643,0.11353315168029066,2024-04-01
2024-04-21,La Liga,Getafe,Sociedad,D,0.2998615174291158,0.3173408439592529,0.3827976386116312,0.24906499545132926,0.31618315980996664,0.43475184473870415,2024-04-01
2024-04-21,La Liga,Almeria,Villarreal,A,0.2584866306914825,0.22253300802534162,0.5189803612831758,0.2727923450404155,0.23919722865612789,0.48801042630345676,2024-04-01
2024-04-21,La Liga,Alaves,Ath Madrid,H,0.18006289748723506,0.2579986087112698,0.5619384938014953,0.1799608780699848,0.2811562703760052,0.53888285155401,2024-04-01
2024-04-21,La Liga,Real Madrid,Barcelona,H,0.5160211350975399,0.24872520655135916,0.23525365835110085,0.5628178329641531,0.22128973886999653,0.2158924281658503,2024-04-01
2024-04-22,La Liga,Sevilla,Mallorca,H,0.5172757899307148,0.28269923269530595,0.20002497737397928,0.4582245248502283,0.30937451996257453,0.23240095518719717,2024-04-01
2024-04-26,La Liga,Sociedad,Real Madrid,A,0.2590192943347464,0.2826640397689048,0.45831666589634906,0.41061411528346814,0.30316369259246717,0.2862221921240646,2024-04-01
2024-04-27,La Liga,Ath Madrid,Ath Bilbao,H,0.5253530007187501,0.2587436124643887,0.21590338681686122,0.49309681086957247,0.27833831444500223,0.22856487468542536,2024-04-01
2024-04-27,La Liga,Alaves,Celta,H,0.34970947595390045,0.3094639431887951,0.34082658085730444,0.3651155172144829,0.3132926696098466,0.32159181317567037,2024-04-01
2024-04-27,La Liga,Las Palmas,Girona,A,0.30918894687742715,0.27698244626140245,0.41382860686117046,0.18442458351852545,0.23705306222990957,0.578522354251565,2024-04-01
2024-04-27,La Liga,Almeria,Getafe,A,0.3439284650464932,0.2827671985627758,0.37330433639073085,0.3755563798219585,0.30021327893175076,0.32423034124629085,2024-04-01
2024-04-28,La Liga,Cadiz,Mallorca,D,0.3369676699637615,0.35281399142212805,0.3102183386141105,0.34018175866315414,0.34997116179015136,0.3098470795466945,2024-04-01
2024-04-28,La Liga,Granada,Osasuna,H,0.3508301287220829,0.2707987073439113,0.3783711639340058,0.4070373358872458,0.3118010361443966,0.2811616279683577,2024-04-01
2024-04-28,La Liga,Villarreal,Vallecano,H,0.6070860869890838,0.2230564992010755,0.1698574138098407,0.5423979429745515,0.25617211554734753,0.20142994147810106,2024-04-01
2024-04-28,La Liga,Betis,Sevilla,D,0.4574358302288954,0.27569048224133,0.26687368752977475,0.49100087136804776,0.276974850515309,0.23202427811664308,2024-04-01
2024-04-29,La Liga,Barcelona,Valencia,H,0.6792729808035579,0.20325826874285857,0.11746875045358374,0.7279283528392326,0.16521240772631046,0.10685923943445688,2024-04-01
2024-05-03,La Liga,Getafe,Ath Bilbao,A,0.31950821482836955,0.3168887446474067,0.36360304052422393,0.24715896815451754,0.3113252387330942,0.44151579311238814,2024-05-03
2024-05-04,La Liga,Sociedad,Las Palmas,H,0.5767153189260861,0.2733432328635443,0.14994144821036962,0.7187036071760832,0.1906188349091773,0.09067755791473948,2024-05-03
2024-05-04,La Liga,Real Madrid,Cadiz,H,0.8158591129516244,0.13883914243347178,0.045301744614903924,0.7108396847018602,0.192195222901497,0.0969650923966429,2024-05-03
2024-05-04,La Liga,Girona,Barcelona,H,0.35367962390816965,0.23457273298804673,0.4117476431037837,0.33214601129421767,0.2501768157048992,0.41767717300088325,2024-05-03
2024-05-04,La Liga,Mallorca,Ath Madrid,A,0.20801251675238866,0.27664489445240653,0.5153425887952049,0.24951076320939342,0.31800391389432486,0.43248532289628183,2024-05-03
2024-05-05,La Liga,Vallecano,Almeria,A,0.503738469099922,0.2608874369136251,0.23537409398645276,0.5817778347669305,0.24472770379364578,0.17349446143942387,2024-05-03
2024-05-05,La Liga,Sevilla,Granada,H,0.6211102878548674,0.21495853716836158,0.16393117497677107,0.5637604228624015,0.2461086109957691,0.1901309661418295,2024-05-03
2024-05-05,La Liga,Osasuna,Betis,A,0.3345597196568018,0.29738491031762926,0.3680553700255689,0.284325637910085,0.3001215066828676,0.41555285540704745,2024-05-03
2024-05-05,La Liga,Celta,Villarreal,H,0.34470165645267065,0.25231333878607304,0.40298500476125637,0.34262481103516923,0.26659026392873436,0.3907849250360965,2024-05-03
2024-05-05,La Liga,Valencia,Alaves,A,0.5018546122614413,0.295625873054661,0.2025195146838975,0.4360587078051237,0.31267232103068354,0.25126897116419267,2024-05-03
2024-05-10,La Liga,Alaves,Girona,D,0.24941407090628245,0.25666596755706483,0.49391996153665246,0.3049469457459064,0.2665152758710798,0.4285377783830138,2024-05-03
2024-05-11,La Liga,Mallorca,Las Palmas,H,0.40656655302980754,0.34001174489045455,0.2534217020797378,0.5908883784512662,0.27452037979038996,0.13459124175834397,2024-05-03
2024-05-11,La Liga,Villarreal,Sevilla,H,0.5143159588249767,0.23857935331918118,0.24710468785584205,0.48179684515037396,0.2508323781452978,0.26737077670432835,2024-05-03
2024-05-11,La Liga,Granada,Real Madrid,A,0.11001538438978863,0.17780831406533773,0.7121763015448737,0.16798067379538945,0.21070619299986895,0.6213131332047417,2024-05-03
2024-05-11,La Liga,Ath Bilbao,Osasuna,D,0.572591632232037,0.25988959018283486,0.16751877758512798,0.6855448999055848,0.21151385314373622,0.10294124695067886,2024-05-03
2024-05-12,La Liga,Cadiz,Getafe,H,0.29772108969203265,0.34167587329698895,0.3606030370109785,0.45661544524633085,0.30204686284928095,0.24133769190438825,2024-05-03
2024-05-12,La Liga,Ath Madrid,Celta,H,0.6918793930850563,0.1894267354499329,0.1186938714650107,0.6972768760665105,0.19041549267828087,0.11230763125520851,2024-05-03
2024-05-12,La Liga,Valencia,Vallecano,D,0.4995455024833714,0.29142907481979624,0.2090254226968323,0.4265521869426927,0.31271350039528595,0.2607343126620213,2024-05-03
2024-05-12,La Liga,Betis,Almeria,H,0.6546669875832005,0.20317931327085578,0.1421536991459438,0.7066381156316915,0.17601713062098498,0.11734475374732332,2024-05-03
2024-05-13,La Liga,Barcelona,Sociedad,H,0.5909473597076227,0.23735762202701524,0.17169501826536201,0.5608028569726642,0.244380086287836,0.19481705673949976,2024-05-03
2024-05-14,La Liga,Girona,Villarreal,A,0.5492261301233117,0.20714549941603316,0.24362837046065536,0.563713349844212,0.21642566110090275,0.21986098905488535,2024-05-03
2024-05-14,La Liga,Real Madrid,Alaves,H,0.7864048886863599,0.1546110893785186,0.05898402193512154,0.8020563126773725,0.12953803165717995,0.06840565566544754,2024-05-03
2024-05-14,La Liga,Osasuna,Mallorca,D,0.4286102069602445,0.3174670197758533,0.2539227732639021,0.3517419936711321,0.3359742491272538,0.31228375720161405,2024-05-03
2024-05-15,La Liga,Sevilla,Cadiz,A,0.5945056180973612,0.2581380582507153,0.1473563236519234,0.4440334232744364,0.2843371920967882,0.2716293846287753,2024-05-03
2024-05-15,La Liga,Vallecano,Granada,H,0.47616646753008557,0.2704511943626063,0.25338233810730815,0.6245106458916562,0.22992672235916084,0.14556263174918302,2024-05-03
2024-05-15,La Liga,Celta,Ath Bilbao,H,0.3165821960427385,0.2895701637246614,0.3938476402326002,0.4234713901703928,0.30061240660243926,0.2759162032271681,2024-05-03
2024-05-15,La Liga,Getafe,Ath Madrid,A,0.2496923691053666,0.2802492643504685,0.47005836654416494,0.19019624794674506,0.25866689720757324,0.5511368548456816,2024-05-03
2024-05-16,La Liga,Las Palmas,Betis,D,0.3013113678367903,0.31497243061292135,0.38371620155028846,0.30049261083743845,0.30049261083743845,0.3990147783251232,2024-05-03
2024-05-16,La Liga,Almeria,Barcelona,A,0.13008628881778475,0.17798671176691427,0.6919269994153009,0.13553713489395428,0.17716462787783785,0.6872982372282079,2024-05-03
2024-05-16,La Liga,Sociedad,Valencia,H,0.5090248067247037,0.28565220254060225,0.20532299073469407,0.6591807608392526,0.2258731278400236,0.11494611132072377,2024-05-03
2024-05-18,La Liga,Alaves,Getafe,H,0.3499952575846706,0.3313856478298453,0.3186190945854843,0.48810545902805846,0.2865279833232556,0.22536655764868596,2024-05-03
2024-05-19,La Liga,Mallorca,Almeria,D,0.49653300743839973,0.2726598706385472,0.2308071219230529,0.6983045673807159,0.2052100102873562,0.09648542233192792,2024-05-03
2024-05-19,La Liga,Villarreal,Real Madrid,D,0.2400662198702347,0.23651344062122795,0.5234203395085376,0.32207690806168265,0.24562430867330343,0.432298783265014,2024-05-03
2024-05-19,La Liga,Valencia,Girona,A,0.3387159169143284,0.2598698342796899,0.40141424880598164,0.24393002814577242,0.25820252979259956,0.4978674420616279,2024-05-03
2024-05-19,La Liga,Granada,Celta,A,0.38309835122196256,0.2621727403261874,0.3547289084518501,0.24142430178385652,0.29305419764727164,0.46552150056887176,2024-05-03
2024-05-19,La Liga,Cadiz,Las Palmas,D,0.3448781532714073,0.35063046312910273,0.3044913835994902,0.5037779084753063,0.2834668697834813,0.21275522174121247,2024-05-03
2024-05-19,La Liga,Betis,Sociedad,A,0.3862288407826828,0.30063453196798456,0.31313662724933267,0.28045074942010284,0.3190701968812318,0.4004790536986653,2024-05-03
2024-05-19,La Liga,Barcelona,Vallecano,H,0.7532549221262828,0.16664879409425207,0.08009628377946482,0.7432524566838103,0.15944359631830915,0.09730394699788052,2024-05-03
2024-05-19,La Liga,Ath Madrid,Osasuna,A,0.6934936895223607,0.1952983516290534,0.11120795884858581,0.7399275954688777,0.16828214410837322,0.09179026042274903,2024-05-03
2024-05-19,La Liga,Ath Bilbao,Sevilla,H,0.49241288962679125,0.2749556820842408,0.23263142828896777,0.620674583273905,0.22465251737988212,0.15467289934621276,2024-05-03
2024-05-24,La Liga,Girona,Granada,H,0.7518065922573721,0.14583257852008497,0.10236082922254294,0.7907618618799612,0.1272730173474344,0.0819651207726043,2024-05-03
2024-05-25,La Liga,Osasuna,Villarreal,D,0.3196687236991461,0.2633344264430203,0.4169968498578336,0.377199289223995,0.25277251070075507,0.3700282000752499,2024-05-03
2024-05-25,La Liga,Sociedad,Ath Madrid,A,0.3532049434015899,0.2859189920251905,0.36087606457321963,0.3618338573109341,0.29054718691534703,0.3476189557737188,2024-05-03
2024-05-25,La Liga,Almeria,Cadiz,H,0.4515637658944331,0.284698914585748,0.2637373195198187,0.4379072127819794,0.25924106996693186,0.3028517172510886,2024-05-03
2024-05-25,La Liga,Vallecano,Ath Bilbao,A,0.272968205292403,0.3076960593686048,0.4193357353389925,0.29580746223988424,0.300372392212722,0.40382014554739387,2024-05-03
2024-05-25,La Liga,Real Madrid,Betis,D,0.6974769353313685,0.19502043601301203,0.1075026286556195,0.8011652093335042,0.11957689691544841,0.0792578937510474,2024-05-03
2024-05-26,La Liga,Las Palmas,Alaves,D,0.40455269522506276,0.3332655970457756,0.2621817077291615,0.4093628634407474,0.2783667471397082,0.31227038941954444,2024-05-03
2024-05-26,La Liga,Sevilla,Barcelona,A,0.26182134876439794,0.25430148226927113,0.483877168966331,0.20507497754128945,0.22095777762421395,0.5739672448344966,2024-05-03
2024-05-26,La Liga,Getafe,Mallorca,A,0.45042319164177097,0.3235919662819043,0.22598484207632508,0.4037609657003862,0.31088304387793314,0.2853559904216806,2024-05-03
2024-05-26,La Liga,Celta,Valencia,D,0.39716348453997513,0.2910011003569312,0.31183541510309354,0.5087681175871542,0.2570759535956256,0.23415592881722033,2024-05-03
2024-08-15,La Liga,Ath Bilbao,Getafe,D,0.5616940006301331,0.26967572668945095,0.16863027268041608,0.6030649276556632,0.2617074214354765,0.13522765090886044,2024-08-15
2024-08-15,La Liga,Betis,Girona,D,0.3670556484182344,0.24472318233928164,0.3882211692424842,0.41369865072536194,0.2834378510800584,0.3028634981945796,2024-08-15
2024-08-16,La Liga,Celta,Alaves,H,0.4944566317261946,0.2757451880920863,0.2297981801817192,0.4524494652187677,0.29748206428756896,0.2500684704936634,2024-08-15
2024-08-16,La Liga,Las Palmas,Sevilla,D,0.30580123255966407,0.30618548533665757,0.3880132821036783,0.36767119056352443,0.29979343230564304,0.33253537713083264,2024-08-15
2024-08-17,La Liga,Osasuna,Leganes,D,0.458632630029991,0.3054750678511779,0.23589230211883125,0.5166875083467893,0.29615015722315974,0.18716233443005084,2024-08-15
2024-08-17,La Liga,Valencia,Barcelona,A,0.21715356762141869,0.2536616763111616,0.5291847560674198,0.2279323555589954,0.2610193103982044,0.5110483340428003,2024-08-15
2024-08-18,La Liga,Sociedad,Vallecano,A,0.5864487748071232,0.2668718657889899,0.14667935940388682,0.5411609917655332,0.2882970759703287,0.17054193226413814,2024-08-15
2024-08-18,La Liga,Mallorca,Real Madrid,D,0.13855560134414407,0.23779047448590085,0.6236539241699552,0.10343472451465849,0.20576907961958657,0.6907961958657549,2024-08-15
2024-08-19,La Liga,Valladolid,Espanol,H,0.36199508696854027,0.2713000357100713,0.3667048773213886,0.41744637761207765,0.32859799318788546,0.2539556292000368,2024-08-15
2024-08-19,La Liga,Villarreal,Ath Madrid,D,0.35590508098732493,0.23899497803273,0.40509994097994484,0.27657742962899207,0.2727037961607989,0.4507187742102092,2024-08-15
2024-08-23,La Liga,Sevilla,Villarreal,A,0.41076270966787687,0.2454987391711462,0.343738551160977,0.4396613050917329,0.26767258519358944,0.29266610971467766,2024-08-15
2024-08-23,La Liga,Celta,Valencia,H,0.42674825851718323,0.28313104864933875,0.29012069283347786,0.44645903590557434,0.28541955961118826,0.2681214044832375,2024-08-15
2024-08-24,La Liga,Getafe,Vallecano,D,0.4420855324976397,0.31804027726295175,0.2398741902394085,0.3553065718811575,0.3514584862651161,0.2932349418537264,2024-08-15
2024-08-24,La Liga,Espanol,Sociedad,A,0.2854869588441944,0.27058842253736226,0.44392461861844335,0.24932830646559195,0.31266250650025995,0.43800918703414793,2024-08-15
2024-08-24,La Liga,Osasuna,Mallorca,H,0.43744680431218025,0.30722957319596844,0.25532362249185114,0.40070248324048724,0.3202983665376264,0.27899915022188654,2024-08-15
2024-08-24,La Liga,Barcelona,Ath Bilbao,H,0.5912914966372951,0.2319442496322467,0.17676425373045848,0.6056894508099566,0.22125642038719878,0.17305412880284474,2024-08-15
2024-08-25,La Liga,Real Madrid,Valladolid,H,0.8561912604075368,0.1056767848321826,0.03813195476028067,0.8513215338303204,0.1004665164147583,0.048211949754921275,2024-08-15
2024-08-25,La Liga,Leganes,Las Palmas,H,0.4022658723840361,0.34111134801103987,0.25662277960492397,0.4040437445976925,0.3224322597617348,0.2735239956405728,2024-08-15
2024-08-25,La Liga,Alaves,Betis,D,0.30206386240729327,0.3021644756330694,0.39577166195963726,0.38774178032775625,0.32768749785275014,0.28457072181949356,2024-08-15
2024-08-25,La Liga,Ath Madrid,Girona,H,0.5330148811210372,0.21699016820726183,0.24999495067170113,0.647002772002772,0.21006583506583507,0.14293139293139293,2024-08-15
2024-08-26,La Liga,Villarreal,Celta,H,0.593003890426284,0.21003948906096423,0.19695662051275192,0.5769425523921531,0.23188121722938212,0.1911762303784649,2024-08-15
2024-08-27,La Liga,Mallorca,Sevilla,D,0.3374709064130465,0.3066940618234234,0.3558350317635301,0.41056976337305334,0.30407823099816766,0.285352005628779,2024-08-15
2024-08-27,La Liga,Vallecano,Barcelona,A,0.16061337386485608,0.23736697372043705,0.6020196524147067,0.18328472450618774,0.2430015520395321,0.57371372345428,2024-08-15
2024-08-28,La Liga,Ath Bilbao,Valencia,H,0.5310309651392041,0.2743996143719543,0.1945694204888413,0.5540049148444819,0.26062059166071055,0.1853744934948075,2024-08-15
2024-08-28,La Liga,Valladolid,Leganes,D,0.3555242258770925,0.32613311467699835,0.318342659445909,0.43895693401817465,0.32161201106282106,0.23943105491900435,2024-08-15
2024-08-28,La Liga,Ath Madrid,Espanol,D,0.7420325860585882,0.15774529770874487,0.10022211623266682,0.762100545135622,0.16920763851787415,0.0686918163465039,2024-08-15
2024-08-28,La Liga,Sociedad,Alaves,A,0.5834491737497315,0.2651979456094146,0.15135288064085392,0.5914321860991192,0.25865300938734814,0.14991480451353253,2024-08-15
2024-08-29,La Liga,Las Palmas,Real Madrid,D,0.11986610243774937,0.22383678363508772,0.6562971139271631,0.0975129686177845,0.17370589750193152,0.7287811338802841,2024-08-15
2024-08-29,La Liga,Girona,Osasuna,H,0.6788028980797601,0.18336284552263382,0.13783425639760602,0.5782055826672388,0.24224074286308261,0.1795536744696786,2024-08-15
2024-08-31,La Liga,Barcelona,Valladolid,H,0.8213659178830771,0.1247449849624593,0.0538890971544636,0.8107818317618847,0.12433381182946429,0.06488435640865116,2024-08-15
2024-08-31,La Liga,Ath Bilbao,Ath Madrid,A,0.3573100587496974,0.27946344661425926,0.36322649463604334,0.34532474478524755,0.3005604260167895,0.35411482919796294,2024-08-15
2024-08-31,La Liga,Espanol,Vallecano,H,0.468325130092931,0.2728099380373187,0.25886493186975035,0.3367439096386248,0.33558272374331927,0.3276733666180558,2024-08-15
2024-08-31,La Liga,Leganes,Mallorca,A,0.3729497093519404,0.3439833827947987,0.28306690785326083,0.34176050679491804,0.3529048711469263,0.30533462205815565,2024-08-15
2024-08-31,La Liga,Valencia,Villarreal,D,0.3595335141921407,0.26169899042502714,0.37876749538283205,0.36433756277162205,0.30590606685541843,0.3297563703729596,2024-08-15
2024-09-01,La Liga,Alaves,Las Palmas,H,0.4173260553248801,0.3267582864548641,0.25591565822025575,0.5590539087697742,0.26724005529104594,0.17370603593917988,2024-08-15
2024-09-01,La Liga,Osasuna,Celta,H,0.4236071905682599,0.275935984227112,0.3004568252046281,0.3905684442759143,0.29470164431728085,0.31472991140680484,2024-08-15
2024-09-01,La Liga,Sevilla,Girona,A,0.3442261330251533,0.2386809450372839,0.41709292193756276,0.32620645693501815,0.26705913232592143,0.4067344107390603,2024-08-15
2024-09-01,La Liga,Getafe,Sociedad,D,0.283683150654548,0.3182740736545031,0.39804277569094865,0.3049135422016778,0.3549905838041431,0.3400958739941791,2024-08-15
2024-09-01,La Liga,Real Madrid,Betis,H,0.705445195692277,0.18709668942139582,0.107458114886327,0.7634190216445192,0.1561538907909244,0.08042708756455638,2024-08-15
2024-09-13,La Liga,Betis,Leganes,H,0.5492861980605056,0.27579171891812065,0.17492208302137371,0.5749201215962745,0.26904339952137635,0.15603647888234912,2024-08-15
2024-09-14,La Liga,Espanol,Alaves,H,0.42882041794599707,0.29194359468856745,0.27923598736543553,0.3234953861494895,0.3224242093741601,0.35408040447635036,2024-09-14
2024-09-14,La Liga,Sevilla,Getafe,H,0.49042414873800905,0.2911613122881158,0.21841453897387517,0.42327701895325115,0.31711307608875494,0.259609904957994,2024-09-14
2024-09-14,La Liga,Mallorca,Villarreal,A,0.3051331803106355,0.2794326356927123,0.41543418399665216,0.4028101097439309,0.3017958097771866,0.29539408047888266,2024-09-14
2024-09-14,La Liga,Sociedad,Real Madrid,A,0.23887050354266262,0.28437280972450624,0.4767566867328311,0.19319843308019027,0.2577687316693255,0.5490328352504843,2024-09-14
2024-09-15,La Liga,Ath Madrid,Valencia,H,0.6585610993011055,0.21793036368409374,0.1235085370148009,0.6958931646240271,0.19862248435880853,0.1054843510171644,2024-09-14
2024-09-15,La Liga,Las Palmas,Ath Bilbao,A,0.2479735533297907,0.3122451715482036,0.43978127512200554,0.2502190292623095,0.28628000700893647,0.4635009637287542,2024-09-14
2024-09-15,La Liga,Celta,Valladolid,H,0.6418865023214927,0.21948667274470873,0.13862682493379846,0.5886151362570626,0.2409962716685244,0.17038859207441284,2024-09-14
2024-09-15,La Liga,Girona,Barcelona,A,0.3773677321672419,0.23131220368632152,0.3913200641464366,0.22025514189013276,0.22910700338453524,0.550637854725332,2024-09-14
2024-09-16,La Liga,Vallecano,Osasuna,H,0.3894248850823485,0.31074431101567657,0.29983080390197486,0.45062563408860323,0.31197159283057146,0.23740277308082516,2024-09-14
2024-09-17,La Liga,Mallorca,Sociedad,H,0.283050980480369,0.34100828474758244,0.3759407347720487,0.316446282912319,0.36503915781645796,0.3185145592712231,2024-09-14
2024-09-18,La Liga,Betis,Getafe,H,0.5176939743412494,0.29069749903672837,0.191608526622022,0.5035744906582121,0.30952190030902843,0.18690360903275946,2024-09-14
2024-09-19,La Liga,Leganes,Ath Bilbao,A,0.20944962066070388,0.33302505264851384,0.45752532669078205,0.2315989847715736,0.32423857868020306,0.4441624365482234,2024-09-14
2024-09-20,La Liga,Alaves,Sevilla,H,0.3542316036573921,0.305124605185283,0.34064379115732496,0.4443770774011238,0.2940138367095048,0.26160908588937126,2024-09-14
2024-09-21,La Liga,Valladolid,Sociedad,D,0.1880848717416444,0.2885592255776644,0.5233559026806912,0.24057979301275087,0.317628223454743,0.44179198353250615,2024-09-14
2024-09-21,La Liga,Osasuna,Las Palmas,H,0.4821298846702413,0.29306061659895905,0.22480949873079975,0.5253367543296985,0.2669980756895446,0.20766516998075693,2024-09-14
2024-09-21,La Liga,Valencia,Girona,H,0.2810903068733329,0.254575971402498,0.46433372172416915,0.3831202321660881,0.3079510726904632,0.3089286951434488,2024-09-14
2024-09-21,La Liga,Real Madrid,Espanol,H,0.8248195669981517,0.12225438416037183,0.05292604884147639,0.8554874762373168,0.09914880493827363,0.04536371882440957,2024-09-14
2024-09-22,La Liga,Vallecano,Ath Madrid,D,0.19254348218010828,0.27108989403330896,0.536366623786583,0.16455294863665187,0.2742549143944198,0.5611921369689284,2024-09-14
2024-09-22,La Liga,Villarreal,Barcelona,A,0.2974370027802855,0.2259883248198992,0.4765746723998154,0.2505612095792614,0.23365587495704618,0.5157829154636924,2024-09-14
2024-09-22,La Liga,Getafe,Leganes,D,0.4671520247968088,0.34330933038816824,0.18953864481502322,0.4713894210639836,0.34434830049354836,0.184262278442468,2024-09-14
2024-09-22,La Liga,Ath Bilbao,Celta,H,0.5625644633669655,0.2471280810004896,0.1903074556325447,0.532008830022075,0.2660044150110375,0.20198675496688742,2024-09-14
2024-09-23,La Liga,Betis,Mallorca,A,0.5168404623539784,0.29733275444200435,0.18582678320401722,0.5168284194862248,0.30651022985302917,0.17666135066074592,2024-09-14
2024-09-24,La Liga,Sevilla,Valladolid,H,0.651481070508093,0.22405727936102324,0.12446165013088381,0.6019840145665507,0.24169433003794183,0.15632165539550752,2024-09-14
2024-09-24,La Liga,Valencia,Osasuna,D,0.4562941531105551,0.2923062398413226,0.2513996070481224,0.4861702931523321,0.30290983997030035,0.2109198668773675,2024-09-14
2024-09-24,La Liga,Real Madrid,Alaves,H,0.7805600905942932,0.15692636538369226,0.06251354402201457,0.8347360009127376,0.11939503835496616,0.045868960732296335,2024-09-14
2024-09-25,La Liga,Girona,Vallecano,D,0.7104209918805786,0.18181074447412587,0.10776826364529561,0.56973293768546,0.2522255192878338,0.17804154302670622,2024-09-14
2024-09-25,La Liga,Barcelona,Getafe,H,0.73788545886926,0.17744455486025298,0.0846699862704869,0.7579316326552042,0.16115489863765142,0.0809134687071444,2024-09-14
2024-09-26,La Liga,Espanol,Villarreal,A,0.3058670886533782,0.2380993545051827,0.45603355684143904,0.2679580765188741,0.2732269151021104,0.45881500837901545,2024-09-14
2024-09-26,La Liga,Las Palmas,Betis,D,0.28024159789797787,0.3120365286104166,0.4077218734916054,0.2637913524492751,0.28969943170768603,0.446509215843039,2024-09-14
2024-09-26,La Liga,Celta,Ath Madrid,A,0.24785336794969906,0.2486347886101237,0.5035118434401772,0.23008735486301843,0.2719800105103467,0.49793263462663484,2024-09-14
2024-09-27,La Liga,Valladolid,Mallorca,A,0.287029546580323,0.3379353576244503,0.37503509579522676,0.28846900827240873,0.3317885863064906,0.3797424054211006,2024-09-14
2024-09-28,La Liga,Sociedad,Valencia,H,0.5187181851795285,0.2892850974184687,0.19199671740200308,0.521492241465009,0.2930439785875881,0.18546377994740282,2024-09-14
2024-09-28,La Liga,Osasuna,Barcelona,H,0.1811843947044845,0.22856117300880116,0.5902544322867143,0.21721969676348096,0.24335138960720795,0.539428913629311,2024-09-14
2024-09-28,La Liga,Getafe,Alaves,H,0.4168735905851797,0.3288319487573781,0.2542944606574424,0.3771853394136218,0.35909157774433376,0.2637230828420446,2024-09-14
2024-09-28,La Liga,Vallecano,Leganes,D,0.4443826912805115,0.3466365089904596,0.20898079972902905,0.5113382593186553,0.31039702642346484,0.17826471425787982,2024-09-14
2024-09-29,La Liga,Celta,Girona,D,0.2924775523662753,0.22757290046243794,0.47994954717128674,0.37431394072447854,0.28540065861690445,0.3402854006586169,2024-09-14
2024-09-29,La Liga,Ath Bilbao,Sevilla,D,0.5144599475787444,0.2731344387289687,0.21240561369228683,0.5589958614993246,0.25503259463629663,0.18597154386437875,2024-09-14
2024-09-29,La Liga,Betis,Espanol,H,0.5770692321848104,0.24427485419956035,0.17865591361562905,0.6447198033088776,0.23014820401806263,0.12513199267305977,2024-09-14
2024-09-29,La Liga,Ath Madrid,Real Madrid,D,0.34462532325246303,0.274847332988876,0.38052734375866093,0.34243910031909097,0.3039147015331932,0.35364619814771575,2024-09-14
2024-09-30,La Liga,Villarreal,Las Palmas,H,0.6619944784155264,0.2031897394587172,0.13481578212575632,0.6442078208187995,0.2023131999265651,0.1534789792546356,2024-09-14
2024-10-04,La Liga,Leganes,Valencia,D,0.28782003989292226,0.3536404957845075,0.35853946432257017,0.32476635514018687,0.3504672897196262,0.32476635514018687,2024-09-14
2024-10-05,La Liga,Espanol,Mallorca,H,0.4143342969754642,0.30770265193303986,0.2779630510914959,0.25689298622697565,0.3322950231400128,0.4108119906330116,2024-09-14
2024-10-05,La Liga,Getafe,Osasuna,D,0.41612461814376206,0.31118933137801247,0.2726860504782256,0.4404764027314707,0.31916486886444273,0.2403587284040865,2024-09-14
2024-10-05,La Liga,Las Palmas,Celta,A,0.3505067338262449,0.2907761251283397,0.35871714104541524,0.2551190086899651,0.27303466941257504,0.4718463218974598,2024-09-14
2024-10-05,La Liga,Valladolid,Vallecano,A,0.31067740764439117,0.3263038147150038,0.363018777640605,0.27708797152657016,0.329910762085147,0.39300126638828276,2024-09-14
2024-10-05,La Liga,Real Madrid,Villarreal,H,0.7265092655074743,0.16285271395495152,0.11063802053757431,0.7590132827324478,0.1469431202850928,0.0940435969824594,2024-09-14
2024-10-06,La Liga,Sociedad,Ath Madrid,D,0.32801574654126736,0.29795078947532594,0.37403346398340653,0.3372564414507208,0.3133990726021168,0.34934448594716244,2024-09-14
2024-10-06,La Liga,Sevilla,Betis,H,0.401982673922106,0.2893326632693434,0.3086846628085505,0.35126286067168727,0.3012378093066792,0.34749933002163347,2024-09-14
2024-10-06,La Liga,Alaves,Barcelona,A,0.17107319820011482,0.24081662300646983,0.5881101787934153,0.19860460831036997,0.23345589774944928,0.5679394939401807,2024-09-14
2024-10-06,La Liga,Girona,Ath Bilbao,H,0.5328388337226752,0.23967353980610262,0.2274876264712223,0.4020041753653445,0.29302713987473905,0.3049686847599165,2024-09-14
2024-10-18,La Liga,Alaves,Valladolid,A,0.5570846859216019,0.27228655162506965,0.17062876245332856,0.5990439561772807,0.24568385038156826,0.15527219344115117,2024-10-18
2024-10-19,La Liga,Ath Bilbao,Espanol,H,0.627605525211981,0.22550454943769924,0.14688992535031992,0.686880727110184,0.21008716382328835,0.1030321090665276,2024-10-18
2024-10-19,La Liga,Osasuna,Betis,A,0.35774143012341136,0.2984045521747868,0.34385401770180213,0.3991333581234396,0.3101545840194881,0.2907120578570724,2024-10-18
2024-10-19,La Liga,Girona,Sociedad,A,0.504325165828468,0.25969856177058276,0.23597627240094923,0.34739299610894936,0.3039688715953307,0.3486381322957198,2024-10-18
2024-10-19,La Liga,Celta,Real Madrid,A,0.16106876833574596,0.2223271914358139,0.6166040402284398,0.1631195173409335,0.21472591331383947,0.6221545693452271,2024-10-18
2024-10-20,La Liga,Mallorca,Vallecano,H,0.4121106316111368,0.3396518207637176,0.2482375476251456,0.4723866343616498,0.30794824898259443,0.2196651166557559,2024-10-18
2024-10-20,La Liga,Ath Madrid,Leganes,H,0.7335335766919168,0.20152497568196373,0.06494144762611945,0.6875330333603612,0.21074382109524117,0.10172314554439763,2024-10-18
2024-10-20,La Liga,Villarreal,Getafe,D,0.5879445970820822,0.23802753714809988,0.17402786576981785,0.5217963617755226,0.2780920438115966,0.20011159441288084,2024-10-18
2024-10-20,La Liga,Barcelona,Sevilla,H,0.7206017555092418,0.17607900395619233,0.10331924053456588,0.7479929227423295,0.15740797232261097,0.09459910493505935,2024-10-18
2024-10-21,La Liga,Valencia,Las Palmas,A,0.4980192694049213,0.3024031949316231,0.1995775356634558,0.5039369323576519,0.28690214733046254,0.20916092031188557,2024-10-18
2024-10-25,La Liga,Espanol,Sevilla,A,0.36187526024840283,0.27750113609817084,0.3606236036534263,0.3150219943888331,0.3032454712341103,0.38173253437705656,2024-10-18
2024-10-26,La Liga,Real Madrid,Barcelona,A,0.5216283307551702,0.24353501848766687,0.23483665075716267,0.48800561355647665,0.2404320339961178,0.27156235244740573,2024-10-18
2024-10-26,La Liga,Las Palmas,Girona,H,0.21202123045664942,0.24568604493846247,0.5422927246048879,0.36471908040324563,0.3016812146545365,0.33359970494221786,2024-10-18
2024-10-26,La Liga,Vallecano,Alaves,H,0.4270554753676602,0.3178309858274117,0.2551135388049282,0.4655241104781234,0.31385335190299285,0.22062253761888384,2024-10-18
2024-10-26,La Liga,Valladolid,Villarreal,A,0.1838184440974167,0.2251091287943333,0.5910724271082498,0.24241767617603044,0.27153488309102847,0.48604744073294104,2024-10-18
2024-10-27,La Liga,Leganes,Celta,H,0.2739938844325748,0.33149198271809244,0.39451413284933257,0.2511025979461095,0.2990052474004443,0.4498921546534462,2024-10-18
2024-10-27,La Liga,Getafe,Valencia,D,0.3877365440330423,0.34029080185830496,0.27197265410865284,0.45460498778034314,0.3366279148269669,0.20876709739268978,2024-10-18
2024-10-27,La Liga,Betis,Ath Madrid,H,0.2837303202908353,0.2933673350412075,0.42290234466795723,0.2685450990937302,0.29893093599424403,0.4325239649120257,2024-10-18
2024-10-27,La Liga,Sociedad,Osasuna,A,0.5430946209576316,0.27523971352131926,0.18166566552104912,0.5914487204127797,0.254586850781354,0.15396442880586647,2024-10-18
2024-10-28,La Liga,Mallorca,Ath Bilbao,D,0.2847983065373725,0.32900987219201294,0.3861918212706147,0.383047511948271,0.32175991003654764,0.29519257801518134,2024-10-18
2024-11-01,La Liga,Alaves,Mallorca,H,0.384832244619903,0.33285369960019756,0.2823140557798996,0.40737560177698473,0.3322961393334449,0.2603282588895704,2024-10-18
2024-11-02,La Liga,Osasuna,Valladolid,H,0.6112577805987232,0.24223757880824567,0.1465046405930313,0.5644991821835158,0.26456092462006736,0.17093989319641675,2024-10-18
2024-11-02,La Liga,Girona,Leganes,H,0.7194108445089105,0.19567879676321825,0.084910358727871,0.5637098421092231,0.27083266157202895,0.16545749631874807,2024-10-18
2024-11-03,La Liga,Sevilla,Sociedad,A,0.36428209248280113,0.3147539865733317,0.3209639209438671,0.28296661951058,0.3080396111127833,0.4089937693766367,2024-10-18
2024-11-03,La Liga,Ath Bilbao,Betis,D,0.4843880750256037,0.29006932670728597,0.2255425982671103,0.5027817092021418,0.2756729257841289,0.22154536501372915,2024-10-18
2024-11-03,La Liga,Ath Madrid,Las Palmas,H,0.749952457150647,0.17652327992226155,0.07352426292709137,0.7215567081193028,0.17741027318896618,0.10103301869173101,2024-10-18
2024-11-03,La Liga,Barcelona,Espanol,H,0.8200876086158985,0.11960199103688966,0.06031040034721179,0.8326983781430283,0.11363883748775444,0.05366278436921737,2024-10-18
2024-11-04,La Liga,Celta,Getafe,H,0.4659216709545895,0.2931612467073783,0.24091708233803216,0.45115121344119474,0.3248288736776602,0.22401991288114503,2024-10-18
2024-11-08,La Liga,Vallecano,Las Palmas,A,0.4683153411560947,0.31310804286387783,0.2185766159800274,0.5133464429871193,0.28452339508670244,0.20213016192617822,2024-10-18
2024-11-09,La Liga,Real Madrid,Osasuna,H,0.7904502388575568,0.1459696238913556,0.06358013725108755,0.769914124962985,0.1492448919159017,0.08084098312111342,2024-10-18
2024-11-09,La Liga,Villarreal,Alaves,H,0.6355647264267292,0.20963460654738125,0.1548006670258896,0.6140554170181601,0.23434965190548146,0.1515949310763583,2024-10-18
2024-11-09,La Liga,Leganes,Sevilla,H,0.24516984558066132,0.3446983581120819,0.4101317963072566,0.30512383008523597,0.3233704378644195,0.3715057320503445,2024-10-18
2024-11-10,La Liga,Betis,Celta,D,0.5086640530123727,0.2656930908175228,0.22564285617010452,0.4296481864720618,0.3004901426859819,0.26986167084195617,2024-10-18
2024-11-10,La Liga,Mallorca,Ath Madrid,A,0.20835481722719099,0.2973359607675942,0.4943092220052148,0.2725055859902231,0.3320289904385995,0.3954654235711775,2024-10-18
2024-11-10,La Liga,Getafe,Girona,A,0.272615499401789,0.27667560862677903,0.4507088919714323,0.37393086655673535,0.3375764767526083,0.2884926566906564,2024-10-18
2024-11-10,La Liga,Valladolid,Ath Bilbao,D,0.1714082636753912,0.2687389407536346,0.5598527955709741,0.20738775785141728,0.2897237930580993,0.5028884490904834,2024-10-18
2024-11-10,La Liga,Sociedad,Barcelona,H,0.274403412708295,0.2809370862991672,0.44465950099253787,0.23863462121928858,0.2568942624207645,0.5044711163599469,2024-10-18
2024-11-22,La Liga,Getafe,Valladolid,H,0.5307975756157242,0.291724138446143,0.17747828593813295,0.5807164196533705,0.2770846916631796,0.14219888868344993,2024-11-22
2024-11-23,La Liga,Celta,Barcelona,D,0.18185786538694046,0.20644160832522493,0.6117005262878344,0.21921838812579209,0.22584592079006016,0.5549356910841479,2024-11-22
2024-11-23,La Liga,Las Palmas,Mallorca,A,0.38499408464433793,0.3316334749667355,0.2833724403889268,0.339012211477929,0.3243216823138854,0.33666610620818554,2024-11-22
2024-11-23,La Liga,Girona,Espanol,H,0.7269316280407192,0.15791186649997094,0.11515650545930968,0.5416308962229361,0.2656217271887824,0.19274737658828145,2024-11-22
2024-11-23,La Liga,Ath Madrid,Alaves,H,0.7297561997059647,0.1830954945934277,0.0871483057006077,0.6637697414837999,0.21975143368851424,0.11647882482768603,2024-11-22
2024-11-23,La Liga,Valencia,Betis,H,0.34310039914783963,0.30933569040987025,0.3475639104422902,0.3786357974943219,0.32009671038171295,0.30126749212396514,2024-11-22
2024-11-24,La Liga,Osasuna,Villarreal,D,0.3439297955122992,0.24559384233587456,0.4104763621518262,0.3660145086832271,0.2923719498790943,0.3416135414376786,2024-11-22
2024-11-24,La Liga,Sevilla,Vallecano,H,0.5036766197048753,0.2834994819973185,0.21282389829780596,0.4763461067080643,0.2944685023286216,0.22918539096331397,2024-11-22
2024-11-24,La Liga,Leganes,Real Madrid,A,0.14997314371148945,0.23268168916906398,0.6173451671194465,0.09569410727921113,0.18695451074625802,0.7173513819745307,2024-11-22
2024-11-24,La Liga,Ath Bilbao,Sociedad,H,0.4250408891759902,0.3142324481740096,0.26072666265000016,0.4004522087359528,0.3343982361609503,0.26514955510309685,2024-11-22
2024-11-29,La Liga,Mallorca,Valencia,H,0.38719198220445017,0.3383050443628535,0.2745029734326965,0.44152391480013575,0.3416739835379142,0.21680210166195005,2024-11-22
2024-11-30,La Liga,Barcelona,Las Palmas,A,0.8088220288535831,0.13005891500003175,0.0611190561463854,0.8561073562542854,0.10183171711235182,0.042060926633362715,2024-11-22
2024-11-30,La Liga,Alaves,Leganes,D,0.39060247435036927,0.30851545342377207,0.30088207222585883,0.5246405418703619,0.30714715267726883,0.1682123054523691,2024-11-22
2024-11-30,La Liga,Espanol,Celta,H,0.39020133889997693,0.2533378072034891,0.35646085389653415,0.25418306101427174,0.31505537983322357,0.4307615591525048,2024-11-22
2024-11-30,La Liga,Valladolid,Ath Madrid,A,0.12400232026100429,0.2157194102070521,0.6602782695319437,0.12175403718491216,0.2115376488508102,0.6667083139642777,2024-11-22
2024-12-01,La Liga,Sociedad,Betis,H,0.4531663800942801,0.3087079878512168,0.2381256320545031,0.5777499668263338,0.2574588711586846,0.1647911620149815,2024-11-22
2024-12-01,La Liga,Vallecano,Ath Bilbao,A,0.2668582290405069,0.3098317361553424,0.4233100348041508,0.2855210876993817,0.32346408938700727,0.3910148229136111,2024-11-22
2024-12-01,La Liga,Villarreal,Girona,D,0.4512316257790161,0.21634876707945028,0.3324196071415337,0.5364930870250181,0.24771747130491903,0.21578944167006278,2024-11-22
2024-12-01,La Liga,Real Madrid,Getafe,H,0.7480866141944622,0.17889990499823027,0.07301348080730746,0.7261067023496006,0.19054887616331467,0.0833444214870846,2024-11-22
2024-12-02,La Liga,Sevilla,Osasuna,D,0.4898104803326317,0.26716272961212667,0.24302679005524178,0.49283378846288173,0.27979324589967636,0.22737296563744194,2024-11-22
2024-12-03,La Liga,Mallorca,Barcelona,A,0.16495139249532165,0.24875349333892297,0.5862951141657554,0.16743057427878136,0.2341601509840928,0.598409274737126,2024-11-22
2024-12-04,La Liga,Ath Bilbao,Real Madrid,H,0.26593627078451054,0.27435424446527673,0.45970948475021284,0.2876633592595731,0.2802023499416015,0.4321342907988253,2024-11-22
2024-12-06,La Liga,Celta,Mallorca,H,0.45940521064272144,0.29479344106446553,0.2458013482928132,0.5108537001956461,0.29502189373000837,0.19412440607434553,2024-11-22
2024-12-07,La Liga,Las Palmas,Valladolid,H,0.5386235573265167,0.2687392075475886,0.19263723512589462,0.5887920370530192,0.2549408820229568,0.15626708092402403,2024-11-22
2024-12-07,La Liga,Betis,Barcelona,D,0.2422431676855554,0.2513943790668027,0.5063624532476418,0.16194661314423645,0.2009213167225174,0.6371320701332461,2024-11-22
2024-12-07,La Liga,Valencia,Vallecano,A,0.44885083019746613,0.31140621255039796,0.23974295725213604,0.44198541731417085,0.3167322208766045,0.24128236180922477,2024-11-22
2024-12-07,La Liga,Girona,Real Madrid,A,0.28654120028892394,0.23558599890515805,0.477872800805918,0.2270934044562983,0.24178103758033753,0.5311255579633642,2024-11-22
2024-12-08,La Liga,Ath Madrid,Sevilla,H,0.6546796306531721,0.21378480544820683,0.13153556389862092,0.7027957780147843,0.1975271229450921,0.09967709904012356,2024-11-22
2024-12-08,La Liga,Leganes,Sociedad,A,0.28515744586788033,0.3257547309878141,0.38908782314430573,0.15537975458620099,0.31225354527419236,0.5323667001396066,2024-11-22
2024-12-08,La Liga,Ath Bilbao,Villarreal,H,0.49526523949041823,0.24327903831360534,0.26145572219597646,0.5195796029583495,0.2736940443752433,0.20672635266640715,2024-11-22
2024-12-08,La Liga,Osasuna,Alaves,D,0.49234987347037173,0.2758684451667664,0.23178168136286192,0.4300355268351877,0.3155455489115338,0.25441892425327856,2024-11-22
2024-12-09,La Liga,Getafe,Espanol,H,0.46578675946905396,0.2889222497513458,0.2452909907796003,0.5250925907781545,0.31539652368168375,0.15951088554016188,2024-11-22
2024-12-13,La Liga,Valladolid,Valencia,H,0.2920452058241536,0.3046838750401841,0.4032709191356624,0.29032429518378755,0.30778050280559754,0.401895202010615,2024-11-22
2024-12-14,La Liga,Vallecano,Real Madrid,D,0.14038228651104523,0.23409960180054507,0.62551811168841,0.14874907938491755,0.22554511571852615,0.6257058048965565,2024-11-22
2024-12-14,La Liga,Sevilla,Celta,H,0.4825603786664795,0.2574126141089521,0.2600270072245684,0.377217708506052,0.29945282706018905,0.32332946443375893,2024-11-22
2024-12-14,La Liga,Espanol,Osasuna,D,0.402338264600923,0.2649947138733053,0.3326670215257718,0.350239948976814,0.3081224867580831,0.3416375642651027,2024-11-22
2024-12-14,La Liga,Mallorca,Girona,H,0.2796762117590168,0.27991092469578893,0.44041286354519416,0.34889148191365227,0.32555425904317387,0.32555425904317387,2024-11-22
2024-12-15,La Liga,Ath Madrid,Getafe,H,0.6624583820715589,0.2294650382537696,0.1080765796746716,0.7362885048835462,0.19534184823441023,0.06836964688204358,2024-11-22
2024-12-15,La Liga,Alaves,Ath Bilbao,D,0.2559024328100206,0.2939825976268538,0.4501149695631253,0.23933932968120725,0.325789656121242,0.4348710141975507,2024-11-22
2024-12-15,La Liga,Sociedad,Las Palmas,D,0.5762454930000934,0.26955056980427283,0.1542039371956334,0.7221401491554384,0.19199757933894596,0.08586227150561558,2024-11-22
2024-12-15,La Liga,Villarreal,Betis,A,0.49848452332330706,0.2427836329724944,0.2587318437041987,0.5024248078780706,0.2627858751232185,0.23478931699871092,2024-11-22
2024-12-15,La Liga,Barcelona,Leganes,A,0.7835133425247515,0.14585877121873778,0.07062788625651098,0.8714480439958834,0.08636672578887773,0.04218523021523902,2024-11-22
2024-12-18,La Liga,Espanol,Valencia,D,0.39145289091036245,0.28122425528586736,0.32732285380376996,0.3730326195994327,0.33806081151198586,0.2889065688885814,2024-11-22
2024-12-18,La Liga,Villarreal,Vallecano,D,0.6247631727940977,0.2162974488793539,0.1589393783265484,0.550561797752809,0.2516853932584269,0.19775280898876402,2024-11-22
2024-12-20,La Liga,Girona,Valladolid,H,0.785945205880254,0.1391966700042791,0.07485812411546683,0.7072135661878322,0.1930044991389104,0.09978193467325747,2024-11-22
2024-12-21,La Liga,Barcelona,Ath Madrid,A,0.535540560223209,0.23801808075809572,0.2264413590186952,0.47426971315296085,0.2678382677585591,0.25789201908848003,2024-11-22
2024-12-21,La Liga,Osasuna,Ath Bilbao,A,0.3049696713264278,0.2888037114820448,0.40622661719152714,0.21171775875517643,0.3165421865427556,0.4717400547020678,2024-11-22
2024-12-21,La Liga,Getafe,Mallorca,A,0.3829312220769085,0.360814912430061,0.2562538654930305,0.4019669551534225,0.3712824547600314,0.22675059008654602,2024-11-22
2024-12-21,La Liga,Celta,Sociedad,H,0.32839418485511046,0.29566099948957447,0.37594481565531507,0.35248698150475855,0.32537259831208476,0.3221404201831568,2024-11-22
2024-12-22,La Liga,Valencia,Alaves,D,0.46534457640815513,0.2892726164199426,0.24538280717190242,0.4588869293949848,0.3083603251666936,0.23275274543832158,2024-12-22
2024-12-22,La Liga,Real Madrid,Sevilla,H,0.7479894406423304,0.16248940336272216,0.08952115599494753,0.7719900439396525,0.1448930262649498,0.08311692979539757,2024-12-22
2024-12-22,La Liga,Las Palmas,Espanol,H,0.4889130041579866,0.2604176801539163,0.2506693156880971,0.45675364118816403,0.2943214952337106,0.2489248635781254,2024-12-22
2024-12-22,La Liga,Leganes,Villarreal,A,0.3039715733613841,0.25970916846153974,0.4363192581770761,0.22238470846301672,0.2714584290456377,0.5061568624913454,2024-12-22
2024-12-22,La Liga,Betis,Vallecano,D,0.5279735644059984,0.2745954422025856,0.19743099339141615,0.5535852496517087,0.265354913056191,0.18105983729210023,2024-12-22
2025-01-03,La Liga,Valencia,Real Madrid,A,0.15514481401209612,0.22753163867418663,0.6173235473137172,0.12961582426320759,0.19800208737140298,0.6723820883653893,2024-12-22
2025-01-10,La Liga,Vallecano,Celta,H,0.3885255928308158,0.28554038858522585,0.3259340185839585,0.3342489737953038,0.30683423146508965,0.3589167947396067,2024-12-22
2025-01-11,La Liga,Espanol,Leganes,D,0.42243103772263735,0.2839230796768511,0.2936458826005115,0.45159941459335146,0.3236462471252352,0.2247543382814133,2024-12-22
2025-01-11,La Liga,Alaves,Girona,A,0.2603281772166882,0.24179303996649834,0.49787878281681364,0.2996733337153992,0.3091867728809674,0.3911398934036334,2024-12-22
2025-01-11,La Liga,Valladolid,Betis,H,0.19946035410494997,0.2629368588743681,0.5376027870206819,0.19046672474173165,0.26686271873154704,0.5426705565267214,2024-12-22
2025-01-11,La Liga,Sevilla,Valencia,D,0.4817416917932895,0.27740833280615224,0.24084997540055827,0.45416070513839574,0.30467207178563227,0.24116722307597194,2024-12-22
2025-01-12,La Liga,Ath Madrid,Osasuna,H,0.7114693904098307,0.18338245717451304,0.10514815241565634,0.7279498899610631,0.18198747249026578,0.09006263754867107,2024-12-22
2025-01-12,La Liga,Las Palmas,Getafe,A,0.4039211991580372,0.326056131295205,0.2700226695467578,0.37882127601355975,0.34770381405530304,0.2734749099311372,2024-12-22
2025-01-13,La Liga,Sociedad,Villarreal,H,0.4810118299865783,0.26149684304393495,0.2574913269694867,0.4832834880625375,0.2832069419841691,0.2335095699532933,2024-12-22
2025-01-17,La Liga,Espanol,Valladolid,H,0.5792249546792216,0.23815487240361147,0.18262017291716698,0.5331239409844195,0.28205975947431505,0.18481629954126547,2024-12-22
2025-01-18,La Liga,Girona,Sevilla,A,0.5922235635999721,0.21232410822643105,0.19545232817359695,0.5058978907433543,0.2728438062436068,0.22125830301303878,2024-12-22
2025-01-18,La Liga,Leganes,Ath Madrid,H,0.17980112456204655,0.2572182120524541,0.5629806633854992,0.1322574147741578,0.23498162042398915,0.6327609648018531,2024-12-22
2025-01-18,La Liga,Betis,Alaves,A,0.5636735250804193,0.25394326591108934,0.18238320900849142,0.52197334320622,0.27660125879303965,0.20142539800074047,2024-12-22
2025-01-18,La Liga,Getafe,Barcelona,D,0.17914762314933957,0.2505530919218994,0.5702992849287609,0.13343960731238633,0.21198502168225924,0.6545753710053546,2024-12-22
2025-01-19,La Liga,Celta,Ath Bilbao,A,0.31292675428742023,0.27389015761950786,0.4131830880930719,0.27869427345644465,0.30206304793881733,0.4192426786047379,2024-12-22
2025-01-19,La Liga,Real Madrid,Las Palmas,H,0.7922095557507105,0.1414835848344948,0.06630685941479497,0.8377336290135233,0.10985104599379154,0.05241532499268508,2024-12-22
2025-01-19,La Liga,Osasuna,Vallecano,D,0.44734445492333597,0.291205074682635,0.261450470394029,0.4171972736212008,0.30664657651022015,0.27615614986857895,2024-12-22
2025-01-19,La Liga,Valencia,Sociedad,H,0.29045343884603714,0.3250049638179592,0.38454159733600357,0.30034891835310534,0.33789253314724355,0.3617585484996511,2024-12-22
2025-01-20,La Liga,Villarreal,Mallorca,H,0.5734308111689066,0.23482230623439695,0.19174688259669642,0.5582771823638583,0.2618335033188985,0.17988931431724323,2024-12-22
2025-01-24,La Liga,Las Palmas,Osasuna,D,0.41317286770431694,0.28098726683886077,0.30583986545682224,0.38733187519460005,0.3000626564007549,0.31260546840464504,2025-01-24
2025-01-25,La Liga,Valladolid,Real Madrid,A,0.07061260429689784,0.1436074970571883,0.7857798986459138,0.07227472691749673,0.14210486748337223,0.785620405599131,2025-01-24
2025-01-25,La Liga,Sevilla,Espanol,D,0.5743192315777118,0.23110750037730704,0.19457326804498107,0.5432756789782233,0.267160292684346,0.18956402833743075,2025-01-24
2025-01-25,La Liga,Mallorca,Betis,A,0.34003587505813704,0.3077526681558868,0.35221145678597604,0.45882836025184776,0.3220914316999727,0.21908020804817957,2025-01-24
2025-01-25,La Liga,Ath Madrid,Villarreal,D,0.6273779231947588,0.19687847049588264,0.17574360630935815,0.4758826454500248,0.2789656887120835,0.24515166583789158,2025-01-24
2025-01-26,La Liga,Vallecano,Girona,H,0.2922035109141262,0.2585036642685754,0.44929282481729826,0.3849404312265377,0.3172310394147037,0.2978285293587585,2025-01-24
2025-01-26,La Liga,Sociedad,Getafe,A,0.49846041878647446,0.32592143252014716,0.17561814869337855,0.49499393389786894,0.32666266344775186,0.17834340265437923,2025-01-24
2025-01-26,La Liga,Ath Bilbao,Leganes,D,0.6289045015490096,0.23353378363211197,0.13756171481887824,0.7078440944477274,0.20415713881966033,0.08799876673261221,2025-01-24
2025-01-26,La Liga,Barcelona,Valencia,H,0.7483416939804757,0.15870843267251686,0.09294987334700755,0.7819263005441517,0.14397744755528544,0.0740962519005629,2025-01-24
2025-01-27,La Liga,Alaves,Celta,D,0.39704621926470174,0.26750655365502723,0.3354472270802708,0.419171477888221,0.3106957919171478,0.2701327301946313,2025-01-24
2025-01-31,La Liga,Leganes,Vallecano,A,0.3899318584438259,0.308505657825803,0.30156248373037114,0.2828325789105933,0.32004739192514503,0.39712002916426153,2025-01-24
2025-02-01,La Liga,Espanol,Real Madrid,H,0.11728365467218972,0.17356283732252115,0.7091535080052893,0.09347440553028749,0.16232551967088515,0.7442000747988273,2025-01-24
2025-02-01,La Liga,Getafe,Sevilla,D,0.36504476648524437,0.3150278415657604,0.3199273919489951,0.3485838779956427,0.3376906318082789,0.3137254901960785,2025-01-24
2025-02-01,La Liga,Villarreal,Valladolid,H,0.7795559660207194,0.13909173026550775,0.08135230371377299,0.8064834260165228,0.13095806647088326,0.06255850751259387,2025-01-24
2025-02-01,La Liga,Ath Madrid,Mallorca,H,0.687497551208753,0.2078156147036746,0.10468683408757216,0.6510116467450173,0.2304055471852912,0.11858280606969143,2025-01-24
2025-02-02,La Liga,Osasuna,Sociedad,H,0.297063203382805,0.3139285755303969,0.3890082210867978,0.2950148738308632,0.3171169653556511,0.3878681608134856,2025-01-24
2025-02-02,La Liga,Betis,Ath Bilbao,D,0.3384991003745849,0.2906451863242429,0.37085571330117234,0.30328532494041716,0.29772045659288654,0.39899421846669636,2025-01-24
2025-02-02,La Liga,Barcelona,Alaves,H,0.7847707732259048,0.13836210256484557,0.07686712420924975,0.8354108099506711,0.11075160451917467,0.05383758553015435,2025-01-24
2025-02-02,La Liga,Valencia,Celta,H,0.4264133593382252,0.2703436243655075,0.30324301629626704,0.425049495094732,0.30900423611648764,0.26594626878878036,2025-01-24
2025-02-03,La Liga,Girona,Las Palmas,H,0.6596382018185544,0.19229433942615806,0.14806745875528737,0.6474219971032756,0.21203777197705534,0.14054023091966908,2025-01-24
2025-02-07,La Liga,Vallecano,Valladolid,H,0.574089010760744,0.2615614264234777,0.16434956281577834,0.6775329816389178,0.21772408174014662,0.10474293662093541,2025-01-24
2025-02-08,La Liga,Celta,Betis,H,0.4072756987870336,0.2646570388973517,0.32806726231561467,0.4459844409740298,0.28764676962230323,0.2663687894036671,2025-01-24
2025-02-08,La Liga,Ath Bilbao,Girona,H,0.4802028983180468,0.24572600494862362,0.2740710967333293,0.5490361663808628,0.2633588115160237,0.1876050221031134,2025-01-24
2025-02-08,La Liga,Las Palmas,Villarreal,A,0.30956709204573024,0.2400881399210472,0.4503447680332227,0.17188237104533563,0.2323290422024274,0.595788586752237,2025-01-24
2025-02-08,La Liga,Real Madrid,Ath Madrid,D,0.5411959044168806,0.23706821010946685,0.2217358854736527,0.49164063442691086,0.2561706463592851,0.25218871921380404,2025-01-24
2025-02-09,La Liga,Alaves,Getafe,A,0.386099986169532,0.32361121020038963,0.29028880363007853,0.4125451557530351,0.34748427097477863,0.23997057327218624,2025-01-24
2025-02-09,La Liga,Valencia,Leganes,H,0.4698975516676357,0.2875340630546198,0.24256838527774435,0.5454652479565866,0.28389711735752166,0.17063763468589174,2025-01-24
2025-02-09,La Liga,Sociedad,Espanol,H,0.6133182862276929,0.2422029451697069,0.14447876860260017,0.5951008611509245,0.2628765321615195,0.14202260668755592,2025-01-24
2025-02-09,La Liga,Sevilla,Barcelona,A,0.23064124010298165,0.22551636832445282,0.5438423915725654,0.14937641838018456,0.194578500896032,0.6560450807237835,2025-01-24
2025-02-10,La Liga,Mallorca,Osasuna,D,0.40054338537381456,0.3033041516582212,0.2961524629679642,0.42252937826784703,0.3155251850701455,0.26194543666200754,2025-01-24
2025-02-14,La Liga,Girona,Getafe,A,0.5947015652442891,0.2368216781911476,0.16847675656456348,0.500094736443215,0.30508924172950846,0.19481602182727645,2025-01-24
2025-02-15,La Liga,Villarreal,Valencia,D,0.5967735589868101,0.21397432664493485,0.18925211436825512,0.5614102372485598,0.24588347099747043,0.1927062917539699,2025-01-24
2025-02-15,La Liga,Ath Madrid,Celta,D,0.699490116961567,0.18234622500424746,0.11816365803418552,0.693717384534568,0.1986102941407761,0.10767232132465579,2025-01-24
2025-02-15,La Liga,Leganes,Alaves,D,0.4156979059048251,0.29137015128360416,0.2929319428115706,0.24706053975200581,0.33336250911743254,0.41957695113056165,2025-01-24
2025-02-15,La Liga,Osasuna,Real Madrid,D,0.15685176281753635,0.21023987007397552,0.6329083671084882,0.14409089003479647,0.19720789837756258,0.6587012115876411,2025-01-24
2025-02-16,La Liga,Espanol,Ath Bilbao,D,0.23347749017419447,0.25922030687802006,0.5073022029477855,0.1757077439591801,0.2784137031788727,0.5458785528619472,2025-01-24
2025-02-16,La Liga,Valladolid,Sevilla,A,0.23350841760673305,0.2663062635882818,0.500185318804985,0.22632439830423604,0.2870781453416563,0.4865974563541075,2025-01-24
2025-02-16,La Liga,Mallorca,Las Palmas,H,0.4221573916183663,0.3028326221486039,0.2750099862330299,0.5259668508287293,0.2861878453038674,0.18784530386740333,2025-01-24
2025-02-16,La Liga,Betis,Sociedad,H,0.3516244552456289,0.3177632839235558,0.33061226083081513,0.4018497847233296,0.30872269175570083,0.28942752352096957,2025-01-24
2025-02-17,La Liga,Barcelona,Vallecano,H,0.7515980202764294,0.16021033805795035,0.0881916416656203,0.7967287343121976,0.12922811910425724,0.07404314658354524,2025-01-24
2025-02-21,La Liga,Celta,Osasuna,H,0.47878578602356875,0.2544363156473431,0.2667778983290884,0.5642276781771616,0.25538726485913626,0.18038505696370222,2025-01-24
2025-02-22,La Liga,Las Palmas,Barcelona,A,0.17020831168099804,0.2077052032156253,0.6220864851033765,0.0851005254381273,0.1380140326589686,0.7768854419029041,2025-01-24
2025-02-22,La Liga,Alaves,Espanol,A,0.4803074299413744,0.2617452047492671,0.25794736530935847,0.5154841285447839,0.30863380944719543,0.17588206200802065,2025-01-24
2025-02-22,La Liga,Vallecano,Villarreal,A,0.32017513049972546,0.2553091082349423,0.4245157612653321,0.34509834228525055,0.2931257003748213,0.3617759573399281,2025-01-24
2025-02-22,La Liga,Valencia,Ath Madrid,A,0.21613754141982033,0.2642039136808825,0.5196585448992974,0.23497149856970848,0.30399437627456033,0.4610341251557313,2025-01-24
2025-02-23,La Liga,Sociedad,Leganes,H,0.5615677245633359,0.27287815170011803,0.16555412373654596,0.5914321860991192,0.25865300938734814,0.14991480451353253,2025-02-23
2025-02-23,La Liga,Getafe,Betis,A,0.36583000628519596,0.31769989713037877,0.3164700965844252,0.3191858014766714,0.33802663003605826,0.3427875684872704,2025-02-23
2025-02-23,La Liga,Ath Bilbao,Valladolid,H,0.7841349050730372,0.15348795023166706,0.062377144695295685,0.8177357804833728,0.12865709612938397,0.05360712338724332,2025-02-23
2025-02-23,La Liga,Real Madrid,Girona,H,0.7078762214121912,0.16406623566019846,0.12805754292761057,0.7522338122182841,0.1502120561059912,0.0975541316757248,2025-02-23
2025-02-24,La Liga,Sevilla,Mallorca,D,0.5000732304784389,0.2774903717366952,0.2224363977848658,0.4914026732621165,0.29044098300268373,0.21815634373519968,2025-02-23
2025-02-28,La Liga,Valladolid,Las Palmas,D,0.27396948129292803,0.2847703936056258,0.44126012510144613,0.31816596526308444,0.3130507568183403,0.3687832779185751,2025-02-23
2025-03-01,La Liga,Girona,Celta,D,0.5911308885423124,0.20275963904269717,0.2061094724149906,0.44645903590557434,0.28541955961118826,0.2681214044832375,2025-02-23
2025-03-01,La Liga,Vallecano,Sevilla,D,0.3701399064821917,0.3007478852588935,0.3291122082589149,0.36585024927392173,0.322238961281004,0.3119107894450743,2025-02-23
2025-03-01,La Liga,Betis,Real Madrid,H,0.21652720152279978,0.2376392705044573,0.5458335279727429,0.2531052959164344,0.2584905149784862,0.4884041891050794,2025-02-23
2025-03-01,La Liga,Ath Madrid,Ath Bilbao,H,0.521728804595425,0.26633102850599844,0.21194016689857623,0.4463152395676699,0.2966445701053999,0.2570401903269303,2025-02-23
2025-03-02,La Liga,Leganes,Getafe,H,0.324687494964636,0.333591896642536,0.34172060839282803,0.30831654810278375,0.3568792278405849,0.33480422405663124,2025-02-23
2025-03-02,La Liga,Barcelona,Sociedad,H,0.6505732721124706,0.2107839629952593,0.13864276489227015,0.7650309478703946,0.15497411484191273,0.0799949372876927,2025-02-23
2025-03-02,La Liga,Mallorca,Alaves,D,0.42769906638058885,0.30514588041287755,0.26715505320653377,0.3788976149479045,0.34047792671892124,0.28062445833317423,2025-02-23
2025-03-02,La Liga,Osasuna,Valencia,D,0.4466270667582955,0.28028630363064183,0.27308662961106267,0.43573327110777293,0.3065252979717141,0.25774143092051294,2025-02-23
2025-03-08,La Liga,Alaves,Villarreal,H,0.2858492067311227,0.2416837820252187,0.4724670112436584,0.3119062307217767,0.307958050586058,0.3801357186921654,2025-02-23
2025-03-08,La Liga,Valencia,Valladolid,H,0.6352582005179772,0.227662484190671,0.13707931529135184,0.6834881857114059,0.20782724276449602,0.10868457152409815,2025-02-23
2025-03-08,La Liga,Celta,Leganes,H,0.5436538087160852,0.24683043678897112,0.20951575449494358,0.616759274187139,0.23850050750586416,0.14474021830699674,2025-02-23
2025-03-09,La Liga,Getafe,Ath Madrid,H,0.22102043355395798,0.30419441034630235,0.4747851560997397,0.19162268721650247,0.301375619523168,0.5070016932603295,2025-02-23
2025-03-09,La Liga,Real Madrid,Vallecano,H,0.746406522590232,0.17227828940689624,0.08131518800287177,0.7447676413403987,0.1635469482673173,0.09168541039228395,2025-02-23
2025-03-09,La Liga,Ath Bilbao,Mallorca,D,0.5934560363461812,0.2579517153693161,0.1485922482845026,0.5579659129979206,0.2734818841172907,0.16855220288478853,2025-02-23
2025-03-09,La Liga,Betis,Las Palmas,H,0.5654635494725274,0.24491283956368695,0.18962361096378558,0.7235830232718149,0.1819139308037959,0.0945030459243891,2025-02-23
2025-03-09,La Liga,Sociedad,Sevilla,A,0.46711943891224816,0.2878358894158086,0.24504467167194313,0.38734437604580835,0.31981394206413777,0.2928416818900539,2025-02-23
2025-03-10,La Liga,Espanol,Girona,D,0.2933280213033054,0.23496610858343484,0.4717058701132598,0.2696288226597152,0.3090031904131974,0.4213679869270874,2025-02-23
2025-03-14,La Liga,Las Palmas,Alaves,D,0.42313055572544256,0.28586519926454795,0.2910042450100093,0.33571891267530884,0.32025817327578804,0.34402291404890306,2025-02-23
2025-03-15,La Liga,Valladolid,Celta,A,0.21534040038045418,0.24760272708083272,0.5370568725387129,0.20162049568103182,0.2524183868006684,0.5459611175182997,2025-02-23
2025-03-15,La Liga,Mallorca,Espanol,H,0.4377121744086606,0.2915971501551686,0.2706906754361709,0.521664719784847,0.2913802939338785,0.18695498628127463,2025-02-23
2025-03-15,La Liga,Villarreal,Real Madrid,A,0.26354197985458544,0.21802767818443317,0.5184303419609814,0.30384930384930386,0.2620802620802621,0.43407043407043405,2025-02-23
2025-03-15,La Liga,Girona,Valencia,D,0.6117371369251409,0.2092059807856835,0.17905688228917552,0.4959368993172931,0.27151852588321074,0.2325445747994963,2025-02-23
2025-03-16,La Liga,Vallecano,Sociedad,D,0.3129809185551463,0.3381522405728836,0.34886684087196995,0.3980731400131654,0.33471201738131207,0.26721484260552264,2025-02-23
2025-03-16,La Liga,Osasuna,Getafe,A,0.3885640300873783,0.32192137665746984,0.289514593255152,0.3970270647163689,0.3342667726993484,0.26870616258428287,2025-02-23
2025-03-16,La Liga,Ath Madrid,Barcelona,A,0.418172787278682,0.25112440121036544,0.33070281151095265,0.3127764442897191,0.25870604833537936,0.4285175073749015,2025-02-23
2025-03-16,La Liga,Leganes,Betis,A,0.3006562233786623,0.2839100629777981,0.41543371364353954,0.24006854650257048,0.2902321233837046,0.4696993301137249,2025-02-23
2025-03-16,La Liga,Sevilla,Ath Bilbao,A,0.32438886000250244,0.2827350691861844,0.39287607081131326,0.3674535393772184,0.3224343971356387,0.31011206348714293,2025-02-23
2025-03-27,La Liga,Barcelona,Osasuna,H,0.7936664672308875,0.13104111974307592,0.07529241302603654,0.8171448654866126,0.12441689564828423,0.0584382388651032,2025-03-27
2025-03-29,La Liga,Real Madrid,Leganes,H,0.8319001165422896,0.11668908083676718,0.05141080262094338,0.8024051837750769,0.1295943769219505,0.06800043930297262,2025-03-27
2025-03-29,La Liga,Alaves,Vallecano,A,0.39237444643009856,0.30952744569913015,0.2980981078707711,0.45673461161573686,0.31382087830371597,0.22944451008054703,2025-03-27
2025-03-29,La Liga,Sociedad,Valladolid,H,0.7194501592404775,0.19347895355226125,0.08707088720726136,0.7034229133917643,0.19891877468865463,0.09765831191958095,2025-03-27
2025-03-29,La Liga,Espanol,Ath Madrid,D,0.18999346487546387,0.2371593450947965,0.5728471900297395,0.16548826777995965,0.2606885078469257,0.5738232243731146,2025-03-27
2025-03-30,La Liga,Getafe,Villarreal,A,0.34684785188318373,0.2773965858295665,0.3757555622872499,0.29080525500562393,0.3082903810977342,0.400904363896642,2025-03-27
2025-03-30,La Liga,Barcelona,Girona,H,0.7220288076574811,0.15256052891926922,0.1254106634232494,0.7448783209775318,0.15179984740300412,0.10332183161946408,2025-03-27
2025-03-30,La Liga,Ath Bilbao,Osasuna,D,0.6181155883747013,0.2295013440367751,0.15238306758852366,0.6438212280913271,0.22406771279280532,0.13211105911586743,2025-03-27
2025-03-30,La Liga,Valencia,Mallorca,H,0.4323922341112494,0.2983931405410946,0.26921462534765617,0.4837973165082132,0.30106272637198406,0.21513995711980274,2025-03-27
2025-03-30,La Liga,Betis,Sevilla,H,0.48557816256086894,0.2596389411848933,0.2547828962542378,0.5449687460282615,0.27096211394701264,0.18406914002472588,2025-03-27
2025-03-31,La Liga,Celta,Las Palmas,D,0.5395263798138635,0.2439977478147543,0.21647587237138186,0.6024972059829705,0.23716882680503243,0.1603339672119971,2025-03-27
2025-04-04,La Liga,Vallecano,Espanol,A,0.46272762593678873,0.2871498934131664,0.25012248065004483,0.5783312501905314,0.26546352467762097,0.1562052251318477,2025-03-27
2025-04-05,La Liga,Girona,Alaves,A,0.6175395315590507,0.21029954575208182,0.1721609226888674,0.4648308000796482,0.2935034356998383,0.24166576422051364,2025-03-27
2025-04-05,La Liga,Real Madrid,Valencia,A,0.7731587972496393,0.14933011653462253,0.07751108621573821,0.7567645782086528,0.1513529156417306,0.09188250614961656,2025-03-27
2025-04-05,La Liga,Mallorca,Celta,A,0.3859080860452078,0.2868003651205022,0.3272915488342899,0.3322838252821443,0.3071266902450103,0.36058948447284545,2025-03-27
2025-04-05,La Liga,Barcelona,Betis,D,0.7128599256037639,0.16790478783189391,0.11923528656434246,0.7018298819574927,0.17047995359605764,0.12769016444644954,2025-03-27
2025-04-06,La Liga,Villarreal,Ath Bilbao,D,0.4004106024645901,0.2516198570000075,0.34796954053540247,0.4160942760942761,0.2915151515151515,0.29239057239057237,2025-03-27
2025-04-06,La Liga,Valladolid,Getafe,A,0.20296212605582956,0.29683031702940227,0.500207556914768,0.20845055470035567,0.31538298211157706,0.4761664631880673,2025-03-27
2025-04-06,La Liga,Las Palmas,Sociedad,A,0.2978167449149698,0.30464296149609643,0.3975402935889339,0.2929940146843764,0.29656711242442974,0.41043887289119385,2025-03-27
2025-04-06,La Liga,Sevilla,Ath Madrid,A,0.26237139110258345,0.2638237685373516,0.4738048403600649,0.2654593218224645,0.3007991076997586,0.43374157047777684,2025-03-27
2025-04-07,La Liga,Leganes,Osasuna,D,0.3617460432964089,0.2799955267266584,0.3582584299769325,0.35247687082796586,0.32645508841784754,0.32106804075418666,2025-03-27
2025-04-11,La Liga,Valencia,Sevilla,H,0.3855361032071672,0.2788014246082626,0.3356624721845699,0.4008970743144517,0.3183594413673587,0.2807434843181895,2025-03-27
2025-04-12,La Liga,Sociedad,Mallorca,A,0.49580200099704375,0.3028429819834083,0.2013550170195481,0.47143557281367066,0.3153208421442257,0.2132435850421038,2025-03-27
2025-04-12,La Liga,Getafe,Las Palmas,A,0.48118433634843766,0.3015872208077892,0.21722844284377316,0.5664456244108002,0.26683802141665797,0.1667163541725419,2025-03-27
2025-04-12,La Liga,Celta,Espanol,A,0.5362443844056186,0.2390259573038343,0.22472965829054686,0.5848351178166481,0.25281934780615517,0.16234553437719662,2025-03-27
2025-04-12,La Liga,Leganes,Barcelona,A,0.11784471236505006,0.17288194021223025,0.7092733474227194,0.09082957147817831,0.14649037595108635,0.7626800525707353,2025-03-27
2025-04-13,La Liga,Osasuna,Girona,H,0.341855406406394,0.24541494837621297,0.4127296452173929,0.37461874058916644,0.31118489633604884,0.3141963630747848,2025-03-27
2025-04-13,La Liga,Alaves,Real Madrid,A,0.14829714239618091,0.21466281253403105,0.6370400450697881,0.18579360692671787,0.2514245953475844,0.5627817977256977,2025-03-27
2025-04-13,La Liga,Betis,Villarreal,A,0.431853096129375,0.23862216920734022,0.3295247346632848,0.4419779323997788,0.2786107310256485,0.2794113365745728,2025-03-27
2025-04-13,La Liga,Ath Bilbao,Vallecano,H,0.5872116200408172,0.25899616005821946,0.15379221990096345,0.5256563508683303,0.29558183863416754,0.17876181049750206,2025-03-27
2025-04-14,La Liga,Ath Madrid,Valladolid,H,0.8698102301700446,0.09583825350106046,0.03435151632889521,0.8624151114680259,0.10076639723468514,0.036818491297288806,2025-03-27
2025-04-18,La Liga,Espanol,Getafe,H,0.35389879861970364,0.31295363879185417,0.3331475625884422,0.33821484845676153,0.36481601631291133,0.2969691352303272,2025-03-27
2025-04-19,La Liga,Las Palmas,Ath Madrid,H,0.18328122537533909,0.24214713188534856,0.5745716427393125,0.16613068377695564,0.24940956124869432,0.58445975497435,2025-03-27
2025-04-19,La Liga,Mallorca,Leganes,D,0.4802059024028089,0.28931609506582046,0.23047800253137068,0.5270517272893438,0.3068908791811369,0.1660573935295193,2025-03-27
2025-04-19,La Liga,Vallecano,Valencia,D,0.42165289433062897,0.30044799755308527,0.27789910811628565,0.39598861273807395,0.3132257194005344,0.2907856678613916,2025-03-27
2025-04-19,La Liga,Barcelona,Celta,H,0.7792669390509733,0.1343018406866936,0.086431220262333,0.769920366220018,0.13709408230413428,0.09298555147584758,2025-03-27
2025-04-20,La Liga,Valladolid,Osasuna,A,0.22573747139055672,0.2609368802434051,0.513325648366038,0.18976342994862685,0.2592757024164393,0.5509608676349337,2025-03-27
2025-04-20,La Liga,Villarreal,Sociedad,D,0.4919014710037083,0.25209029784300896,0.2560082311532828,0.5853155679124934,0.23640482791599485,0.1782796041715117,2025-03-27
2025-04-20,La Liga,Sevilla,Alaves,D,0.5177147683964509,0.26211336915861616,0.22017186244493306,0.44849573354876515,0.32879585871649336,0.2227084077347415,2025-03-27
2025-04-20,La Liga,Real Madrid,Ath Bilbao,H,0.5877170368601723,0.23337813425652812,0.1789048288832999,0.6719859016022375,0.20720764417713536,0.12080645422062698,2025-03-27
2025-04-21,La Liga,Girona,Betis,A,0.4971616998429465,0.23335984507222354,0.26947845508482976,0.3729975976919452,0.28300108429534215,0.34400131801271266,2025-03-27
2025-04-22,La Liga,Valencia,Espanol,D,0.4806703300159744,0.2648587478873679,0.2544709220966577,0.47196051429584285,0.3019374718787069,0.2261020138254503,2025-03-27
2025-04-22,La Liga,Barcelona,Mallorca,H,0.7739047475805759,0.14952676212300112,0.07656849029642279,0.7470933578911017,0.16461379072176818,0.08829285138713021,2025-03-27
2025-04-23,La Liga,Getafe,Real Madrid,A,0.1869704630820141,0.26692784342441644,0.5461016934935695,0.1574319081630623,0.25123848556592326,0.5913296062710145,2025-03-27
2025-04-23,La Liga,Ath Bilbao,Las Palmas,H,0.6596226407483208,0.21572250069010637,0.12465485856157293,0.6981996840883284,0.1919353713230863,0.10986494458858531,2025-03-27
2025-04-23,La Liga,Celta,Villarreal,H,0.37309123046521014,0.2326975983500302,0.39421117118475957,0.4037927948928107,0.2718269932099648,0.3243802118972246,2025-03-27
2025-04-23,La Liga,Alaves,Sociedad,H,0.3152794672153956,0.3102612144214321,0.3744593183631724,0.4075908762930922,0.3225636405100962,0.26984548319681173,2025-03-27
2025-04-24,La Liga,Betis,Valladolid,H,0.7608747998148714,0.15986971789365,0.0792554822914786,0.8262550696618824,0.1176056486015088,0.05613928173660873,2025-03-27
2025-04-24,La Liga,Ath Madrid,Vallecano,H,0.6600516052353914,0.2201547468462007,0.11979364791840763,0.6389584429920363,0.21977841661001707,0.14126314039794652,2025-03-27
2025-04-24,La Liga,Leganes,Girona,D,0.2629185316065841,0.23906075550250264,0.4980207128909131,0.29930924812403714,0.3068627938180191,0.3938279580579436,2025-03-27
2025-04-24,La Liga,Osasuna,Sevilla,H,0.39166783111039116,0.2741488372338079,0.3341833316558009,0.412310349448357,0.32327323079671844,0.2644164197549246,2025-03-27
2025-04-27,La Liga,Villarreal,Espanol,H,0.5899607554716857,0.20927946617059076,0.20075977835772332,0.6960221547582673,0.18247771847595023,0.12150012676578233,2025-04-27
2025-05-02,La Liga,Vallecano,Getafe,H,0.35328323923338284,0.3336606102764155,0.3130561504902016,0.3984512069695686,0.32845302196140114,0.27309577106903016,2025-04-27
2025-05-03,La Liga,Valladolid,Barcelona,A,0.045492397866938816,0.09083878653543825,0.8636688155976229,0.11886317134037447,0.16086149188064008,0.7202753367789855,2025-04-27
2025-05-03,La Liga,Alaves,Ath Madrid,D,0.20097505223145584,0.2568600801349905,0.5421648676335534,0.23885387262673521,0.30474459610997257,0.4564015312632922,2025-04-27
2025-05-03,La Liga,Villarreal,Osasuna,H,0.5868155189965596,0.21263594540118708,0.2005485356022532,0.6764460707364865,0.19660932543763732,0.12694460382587608,2025-04-27
2025-05-03,La Liga,Las Palmas,Valencia,A,0.385236267266079,0.2847637906026201,0.32999994213130074,0.3647439027225594,0.3062472390783753,0.3290088581990654,2025-04-27
2025-05-04,La Liga,Sevilla,Leganes,D,0.5263069882229033,0.2637154192321372,0.2099775925449595,0.5818628996005932,0.25688628014281506,0.16125082025659176,2025-04-27
2025-05-04,La Liga,Espanol,Betis,A,0.341209209290745,0.2654829794448164,0.3933078112644386,0.28312085361089084,0.31225225977021087,0.40462688661889823,2025-04-27
2025-05-04,La Liga,Real Madrid,Celta,H,0.7426101248381128,0.15738733243282696,0.10000254272906026,0.7145834122684045,0.16777175766301672,0.1176448300685788,2025-04-27
2025-05-04,La Liga,Sociedad,Ath Bilbao,D,0.3139252433004017,0.31470475006010634,0.371370006639492,0.3760281119567886,0.3358320034372698,0.28813988460594153,2025-04-27
2025-05-05,La Liga,Girona,Mallorca,H,0.5411768010793174,0.24681049554923049,0.2120127033714521,0.47486860233709244,0.29499413175486044,0.23013726590804712,2025-04-27
2025-05-09,La Liga,Las Palmas,Vallecano,A,0.4099975928458162,0.2957898673835949,0.2942125397705887,0.3636223006002104,0.3026421632324732,0.3337355361673164,2025-04-27
2025-05-10,La Liga,Valencia,Getafe,H,0.39309181996206727,0.31543174924176665,0.2914764307961659,0.4811163565676201,0.3085254096084421,0.21035823382393778,2025-04-27
2025-05-10,La Liga,Celta,Sevilla,H,0.44918624475259145,0.2561892039908678,0.2946245512565409,0.510945789377401,0.2689188365144216,0.2201353741081773,2025-04-27
2025-05-10,La Liga,Girona,Villarreal,A,0.4428127949533243,0.21651604893870274,0.34067115610797294,0.310103052924294,0.2719898285425372,0.4179071185331688,2025-04-27
2025-05-10,La Liga,Mallorca,Valladolid,H,0.6371278713882125,0.2275355986537246,0.1353365299580628,0.7127945449837443,0.18429668843686167,0.1029087665793941,2025-04-27
2025-05-10,La Liga,Ath Madrid,Sociedad,H,0.5797757462378657,0.24814988815765116,0.17207436560448305,0.5308691206850542,0.2759916167197868,0.1931392625951589,2025-04-27
2025-05-11,La Liga,Leganes,Espanol,H,0.3579071200824348,0.28488565297174306,0.357207226945822,0.41589760862243186,0.30037049511620073,0.28373189626136747,2025-04-27
2025-05-11,La Liga,Barcelona,Real Madrid,H,0.46135956657365,0.2337125115038628,0.3049279219224871,0.5206755969714618,0.21898660454280724,0.2603377984857309,2025-04-27
2025-05-11,La Liga,Ath Bilbao,Alaves,H,0.6085836502602328,0.24803532087025637,0.14338102886951065,0.46686255305256286,0.3379040156709109,0.19523343127652626,2025-04-27
2025-05-11,La Liga,Betis,Osasuna,D,0.5451950243796836,0.24328597798028848,0.211518997640028,0.585582562325163,0.24095043088192497,0.17346700679291185,2025-04-27
2025-05-13,La Liga,Sevilla,Las Palmas,H,0.5037995267896234,0.26255768854835054,0.2336427846620261,0.5643138659978503,0.2508061626657112,0.18487997133643855,2025-04-27
2025-05-13,La Liga,Sociedad,Celta,A,0.47094661904061697,0.2681362838048241,0.26091709715455885,0.42461456118701774,0.28599039562302075,0.2893950431899615,2025-04-27
2025-05-13,La Liga,Valladolid,Girona,A,0.15084707990831722,0.18191889926479485,0.6672340208268879,0.19224444861520015,0.24331690864831096,0.5644386427364888,2025-04-27
2025-05-14,La Liga,Alaves,Valencia,H,0.38662298898676145,0.2961209521317446,0.3172560588814941,0.4132754364786219,0.342469505053963,0.244255058467415,2025-04-27
2025-05-14,La Liga,Villarreal,Leganes,H,0.6524901247923506,0.19734513172539944,0.15016474348225026,0.739622127974091,0.16339038577505216,0.09698748625085678,2025-04-27
2025-05-14,La Liga,Real Madrid,Mallorca,H,0.7277722038503396,0.18361648283416113,0.08861131331549954,0.6716586423777493,0.19325389509057977,0.13508746253167106,2025-04-27
2025-05-15,La Liga,Vallecano,Betis,D,0.3022717113289447,0.2852836951371877,0.41244459353386764,0.2956616938552848,0.2886430186302335,0.4156952875144817,2025-04-27
2025-05-15,La Liga,Osasuna,Ath Madrid,H,0.2247236376710398,0.2513072578907566,0.5239691044382035,0.26801603105386534,0.28364378796662715,0.4483401809795075,2025-04-27
2025-05-15,La Liga,Espanol,Barcelona,A,0.17000470622420977,0.1992918242754073,0.6307034695003829,0.12324470021454742,0.16537964045883713,0.7113756593266155,2025-04-27
2025-05-15,La Liga,Getafe,Ath Bilbao,A,0.2652858291865082,0.32551911316257875,0.40919505765091274,0.2912487241080268,0.3844943630517034,0.3242569128402698,2025-04-27
2025-05-18,La Liga,Valladolid,Alaves,A,0.2402406912370306,0.2639388287668698,0.4958204799960995,0.17714542291070326,0.2625806813717237,0.5602738957175731,2025-04-27
2025-05-18,La Liga,Sociedad,Girona,H,0.43452226983430026,0.26001796955523204,0.3054597606104678,0.5646788787368048,0.2503215648008516,0.18499955646234362,2025-04-27
2025-05-18,La Liga,Sevilla,Real Madrid,A,0.19341217521598889,0.23272672515742457,0.5738610996265865,0.3068656738247328,0.26079468794219923,0.432339638233068,2025-04-27
2025-05-18,La Liga,Osasuna,Espanol,H,0.43578279301061945,0.2687868430161564,0.295430363973224,0.4763109215145909,0.2849484691758843,0.23874060930952468,2025-04-27
2025-05-18,La Liga,Valencia,Ath Bilbao,A,0.26385590527225594,0.2915615185817268,0.444582576146017,0.3830307316248251,0.3221516749427337,0.2948175934324411,2025-04-27
2025-05-18,La Liga,Las Palmas,Leganes,A,0.453589249996419,0.2823531103201465,0.2640576396834344,0.28618239553188374,0.2787167678223564,0.43510083664575994,2025-04-27
2025-05-18,La Liga,Celta,Vallecano,A,0.5005940621875343,0.2615366785181355,0.23786925929432987,0.50328853302831,0.2759508149842722,0.22076065198741773,2025-04-27
2025-05-18,La Liga,Barcelona,Villarreal,A,0.7081648959728746,0.15650100362679448,0.1353341004003308,0.5641507317087204,0.21202148378503557,0.22382778450624408,2025-04-27
2025-05-18,La Liga,Mallorca,Getafe,A,0.35669878195747934,0.34570362244138064,0.2975975956011401,0.3806764750492947,0.345578644016381,0.27374488093432425,2025-04-27
2025-05-18,La Liga,Ath Madrid,Betis,H,0.5811253364955674,0.2294419001843306,0.18943276332010212,0.6229154136366122,0.22035103067417572,0.1567335556892121,2025-04-27
2025-05-23,La Liga,Betis,Valencia,D,0.5366540325563027,0.24960465014231237,0.21374131730138504,0.5006170654155515,0.24712394577765134,0.2522589888067973,2025-04-27
2025-05-24,La Liga,Real Madrid,Sociedad,H,0.6585078971117502,0.21233199925299415,0.12916010363525557,0.6983942495779629,0.17241217610332535,0.12919357431871162,2025-04-27
2025-05-24,La Liga,Espanol,Las Palmas,H,0.4778904907442059,0.26422327031778114,0.2578862389380131,0.7028739039535682,0.1830124504633819,0.11411364558304989,2025-04-27
2025-05-24,La Liga,Leganes,Valladolid,H,0.6078028106214131,0.22852231760544983,0.16367487177313728,0.7225555649454914,0.169863939829291,0.10758049522521762,2025-04-27
2025-05-24,La Liga,Alaves,Osasuna,D,0.3928080166755699,0.2901939470685953,0.3169980362558351,0.2914556580454573,0.2995267378067161,0.4090176041478266,2025-04-27
2025-05-24,La Liga,Getafe,Celta,A,0.4050446958320546,0.29053344153142835,0.3044218626365169,0.19614711033274956,0.2521891418563923,0.5516637478108581,2025-04-27
2025-05-24,La Liga,Vallecano,Mallorca,D,0.3855902603588743,0.32639706080662717,0.2880126788344987,0.644114636642784,0.2226202661207779,0.13326509723643806,2025-04-27
2025-05-25,La Liga,Girona,Ath Madrid,A,0.2986039182857925,0.23735212000370062,0.4640439617105069,0.2918816063002519,0.27225931343973075,0.4358590802600174,2025-04-27
2025-05-25,La Liga,Villarreal,Sevilla,H,0.5515087154001568,0.22252506808948347,0.22596621651035967,0.5445808862786973,0.23758675920982378,0.21783235451147887,2025-04-27
2025-05-25,La Liga,Ath Bilbao,Barcelona,A,0.3218753908623735,0.2613135126294552,0.41681109650817144,0.2910322082660866,0.2460879938249947,0.46287979790891864,2025-04-27
2025-08-15,La Liga,Girona,Vallecano,A,0.5264202154891406,0.24266565397288628,0.2309141305379729,0.4248941845066086,0.293074603168715,0.28203121232467643,2025-08-15
2025-08-16,La Liga,Mallorca,Barcelona,A,0.16365397126857004,0.21906045108763914,0.6172855776437907,0.12024358575433872,0.18251662922409986,0.6972397850215613,2025-08-15
2025-08-16,La Liga,Alaves,Levante,H,0.4494853429678025,0.2549591100764116,0.2955555469557858,0.443517170736967,0.30933203946304383,0.24715078979998922,2025-08-15
2025-08-16,La Liga,Valencia,Sociedad,D,0.3830607343301734,0.295378457273346,0.3215608083964806,0.38477765589401736,0.3202261412539026,0.29499620285207995,2025-08-15
2025-08-17,La Liga,Celta,Getafe,A,0.4783564240063154,0.2684049785714086,0.2532385974222761,0.6022904247584228,0.25996986162494923,0.13773971361662796,2025-08-15
2025-08-17,La Liga,Ath Bilbao,Sevilla,H,0.5797189906795749,0.246673475587826,0.17360753373259907,0.5813268297116543,0.263093714259746,0.15557945602859974,2025-08-15
2025-08-17,La Liga,Espanol,Ath Madrid,H,0.2024088827786649,0.23544280058274888,0.5621483166385863,0.16708497854965665,0.2491241325419045,0.583790888908439,2025-08-15
2025-08-18,La Liga,Elche,Betis,D,0.24706932518730654,0.2559062711507218,0.49702440366197165,0.2916358476610261,0.3025042643440457,0.40585988799492806,2025-08-15
2025-08-19,La Liga,Real Madrid,Osasuna,H,0.7393382467627589,0.16112181920341964,0.09953993403382151,0.7924994848547291,0.13208324747578815,0.0754172676694828,2025-08-15
2025-08-22,La Liga,Betis,Alaves,H,0.5437693682642715,0.2539285327937454,0.20230209894198298,0.4932096142507518,0.28746240830591163,0.21932797744333665,2025-08-15
2025-08-23,La Liga,Mallorca,Celta,D,0.3662460855014118,0.2816769705363025,0.35207694396228584,0.2988498733945514,0.3083071478690625,0.39284297873638613,2025-08-15
2025-08-23,La Liga,Ath Madrid,Elche,D,0.7817408859769214,0.14739334307464744,0.07086577094843116,0.7635471106429136,0.16242961985201013,0.07402326950507637,2025-08-15
2025-08-23,La Liga,Levante,Barcelona,A,0.141600892910649,0.15577472700860126,0.7026243800807495,0.08740440728913351,0.13021955673252503,0.7823760359783415,2025-08-15
2025-08-24,La Liga,Sociedad,Espanol,D,0.4882220145888766,0.2737471947179158,0.23803079069320748,0.5448058154015466,0.27012656028266097,0.1850676243157925,2025-08-15
2025-08-24,La Liga,Villarreal,Girona,H,0.5723139683907982,0.19531481967936376,0.23237121192983826,0.6297005762376549,0.21312942580351396,0.15716999795883121,2025-08-15
2025-08-24,La Liga,Osasuna,Valencia,H,0.43490776517872654,0.27058035967789756,0.294511875143376,0.392147551279891,0.3058257632623049,0.3020266854578042,2025-08-15
2025-08-25,La Liga,Sevilla,Getafe,A,0.4418407878245504,0.29092193570561103,0.2672372764698385,0.45873219056099734,0.30971727515583264,0.2315505342831701,2025-08-15
2025-08-25,La Liga,Ath Bilbao,Vallecano,H,0.5838159902510779,0.2626530735028793,0.15353093624604278,0.5678861166386039,0.26174804836981475,0.17036583499158117,2025-08-15
2025-08-27,La Liga,Celta,Betis,D,0.405880775039789,0.2427068809840711,0.3514123439761398,0.40522133938706023,0.2860385925085131,0.3087400681044268,2025-08-15
2025-08-29,La Liga,Elche,Levante,H,0.3645477937644263,0.2488992706855272,0.38655293555004655,0.4341446270099288,0.30014937175995077,0.26570600123012034,2025-08-15
2025-08-29,La Liga,Valencia,Getafe,H,0.4299710428895996,0.30122233377540353,0.26880662333499683,0.40907427735089646,0.32345407976582513,0.26747164288327846,2025-08-15
2025-08-30,La Liga,Alaves,Ath Madrid,D,0.19405594670327708,0.25698145520177945,0.5489625980949436,0.16962816895270677,0.26952031289152295,0.5608515181557703,2025-08-15
2025-08-30,La Liga,Girona,Sevilla,A,0.5074177196301097,0.22926484634481706,0.2633174340250733,0.3834738358137302,0.3053365338454153,0.3111896303408545,2025-08-15
2025-08-30,La Liga,Real Madrid,Mallorca,H,0.7314368172620369,0.17800951464112877,0.09055366809683425,0.8086414730999236,0.12813360226217166,0.06322492463790468,2025-08-15
2025-08-31,La Liga,Celta,Villarreal,D,0.3663754198863514,0.22273625490058174,0.4108883252130669,0.3296353777471211,0.2860071659864727,0.38435745626640605,2025-08-15
2025-08-31,La Liga,Betis,Ath Bilbao,A,0.3424635214150517,0.2826839551809873,0.37485252340396114,0.3078848560700876,0.29662077596996245,0.39549436795994997,2025-08-15
2025-08-31,La Liga,Espanol,Osasuna,H,0.4078327443646224,0.2680642084680102,0.3241030471673673,0.40722102886826006,0.3022541177003545,0.2905248534313855,2025-08-15
2025-08-31,La Liga,Vallecano,Barcelona,D,0.16612808534988172,0.2107382415566432,0.6231336730934748,0.14246213975316577,0.17933781466134088,0.6782000455854934,2025-08-15
2025-09-12,La Liga,Sevilla,Elche,D,0.568354294637166,0.24197027020387055,0.18967543515896346,0.5030554153661195,0.28724761883331673,0.20969696580056382,2025-08-15
2025-09-13,La Liga,Ath Madrid,Villarreal,H,0.5972481125735046,0.2030298125771574,0.19972207484933813,0.5421283513225995,0.25140148934389983,0.20647015933350069,2025-08-15
2025-09-13,La Liga,Ath Bilbao,Alaves,A,0.5899120001607406,0.26180463082089867,0.14828336901836103,0.6008514320078535,0.2525772338205337,0.14657133417161278,2025-08-15
2025-09-13,La Liga,Sociedad,Real Madrid,A,0.21770471418569617,0.25087192519669,0.5314233606176136,0.1727078891257996,0.2302771855010661,0.5970149253731344,2025-08-15
2025-09-14,La Liga,Celta,Girona,D,0.479561512674492,0.2235993246838639,0.29683916264164406,0.5468871418475695,0.2595148099383909,0.19359804821403961,2025-09-14
2025-09-14,La Liga,Levante,Betis,D,0.30319866859349864,0.22776339724538974,0.4690379341611116,0.27645421454571406,0.26881735779030763,0.45472842766397825,2025-09-14
2025-09-14,La Liga,Osasuna,Vallecano,H,0.43358103589095853,0.29262301825856246,0.2737959458504791,0.3659093379715186,0.31601261006631154,0.3180780519621698,2025-09-14
2025-09-14,La Liga,Barcelona,Valencia,H,0.7495148427859811,0.1519331631546915,0.09855199405932753,0.7455881172805732,0.16030144521532325,0.09411043750410367,2025-09-14
2025-09-15,La Liga,Espanol,Mallorca,H,0.4484944424951719,0.2914059400237828,0.2600996174810455,0.42652329749103945,0.3010752688172043,0.2724014336917563,2025-09-14
2025-09-19,La Liga,Betis,Sociedad,H,0.475983868887326,0.26866708077436796,0.25534905033830585,0.5046327248771293,0.254292730812757,0.24107454431011371,2025-09-14
2025-09-20,La Liga,Girona,Levante,A,0.5914516868606994,0.1904688183792191,0.21807949476008157,0.5427677910668672,0.24784549643104398,0.20938671250208887,2025-09-14
2025-09-20,La Liga,Real Madrid,Espanol,H,0.75455385982888,0.15365351074582054,0.09179262942529938,0.7947131216777865,0.1375683658412191,0.06771851248099447,2025-09-14
2025-09-20,La Liga,Alaves,Sevilla,A,0.3891954724108279,0.2888236147261222,0.3219809128630496,0.38483664241582843,0.319225149282638,0.29593820830153367,2025-09-14
2025-09-20,La Liga,Villarreal,Osasuna,H,0.5983288021004499,0.21055054657440894,0.1911206513251411,0.5763271200492072,0.24890220094670126,0.1747706790040917,2025-09-14
2025-09-20,La Liga,Valencia,Ath Bilbao,H,0.28349418120211267,0.2929072524362074,0.42359856636167986,0.2699690815668305,0.30562537535867607,0.42440554307449346,2025-09-14
2025-09-21,La Liga,Barcelona,Getafe,H,0.7380898741706322,0.16582693423314268,0.096083191596225,0.7617173129276728,0.15963382630662448,0.0786488607657028,2025-09-14
2025-09-21,La Liga,Elche,Oviedo,H,0.6567282143232782,0.2704946783181758,0.07277710735854587,0.4839030888352344,0.296538173341104,0.21955873782366167,2025-09-14
2025-09-21,La Liga,Mallorca,Ath Madrid,D,0.19704785762614727,0.26989708864304374,0.533055053730809,0.19043853426521382,0.2639229686827691,0.5456384970520171,2025-09-14
2025-09-21,La Liga,Vallecano,Celta,D,0.40070231445723753,0.2742479641929077,0.3250497213498546,0.4364506113014889,0.28626025388303533,0.27728913481547585,2025-09-14
2025-09-23,La Liga,Ath Bilbao,Girona,D,0.6049326622588762,0.21889158565140995,0.17617575208971362,0.6629743464333816,0.215577404408182,0.1214482491584363,2025-09-14
2025-09-23,La Liga,Espanol,Valencia,D,0.41618831819175806,0.2717537021759444,0.3120579796322976,0.41948090692124107,0.29761336515513126,0.28290572792362767,2025-09-14
2025-09-23,La Liga,Levante,Real Madrid,A,0.12591609343376586,0.1578861221150672,0.7161977844511669,0.11204906255475731,0.1608957420711407,0.7270551953741019,2025-09-14
2025-09-23,La Liga,Sevilla,Villarreal,A,0.33138496736879264,0.23267754264237056,0.4359374899888368,0.302234573928719,0.28539452435497803,0.4123709017163031,2025-09-14
2025-09-24,La Liga,Getafe,Alaves,D,0.41058015815107846,0.32427409005911506,0.26514575178980654,0.4054595247209871,0.3462999499396331,0.24824052533937985,2025-09-14
2025-09-24,La Liga,Ath Madrid,Vallecano,H,0.6573160177442213,0.2155311882315759,0.12715279402420276,0.650063147358943,0.22164624475167619,0.1282906078893808,2025-09-14
2025-09-24,La Liga,Sociedad,Mallorca,H,0.464030894057584,0.3075942902868888,0.22837481565552753,0.5436538596614455,0.2688066306103814,0.18753950972817304,2025-09-14
2025-09-25,La Liga,Osasuna,Elche,D,0.48162960114571646,0.27209631831340986,0.24627408054087369,0.4904630197393312,0.30158906182729056,0.20794791843337812,2025-09-14
2025-09-25,La Liga,Oviedo,Barcelona,A,0.02767099885068015,0.11824242556423706,0.8540865755850827,0.07623848927303814,0.13513058070586254,0.7886309300210994,2025-09-14
2025-09-26,La Liga,Girona,Espanol,D,0.48598879156099406,0.23288426141128407,0.281126947027722,0.3755424823994599,0.29474394830745493,0.32971356929308515,2025-09-14
2025-09-27,La Liga,Villarreal,Ath Bilbao,H,0.412477717635534,0.2575805173170219,0.32994176504744394,0.46200968283766425,0.2904851299278728,0.24750518723446302,2025-09-14
2025-09-27,La Liga,Mallorca,Alaves,H,0.37810649957243103,0.3327663868380444,0.2891271135895243,0.37860522952575043,0.33436956696947717,0.28702520350477245,2025-09-14
2025-09-27,La Liga,Getafe,Levante,D,0.5118563511961419,0.24671131674015245,0.24143233206370535,0.4528413617105272,0.3061663294583753,0.2409923088310974,2025-09-14
2025-09-27,La Liga,Ath Madrid,Real Madrid,H,0.38868747388380726,0.255164632998243,0.35614789311795003,0.3152137415402524,0.27206996127356975,0.4127162971861779,2025-09-14
2025-09-28,La Liga,Vallecano,Sevilla,A,0.4053028871544241,0.2823379982009774,0.31235911464459876,0.4782455431854973,0.28554072137251746,0.23621373544198523,2025-09-14
2025-09-28,La Liga,Elche,Celta,H,0.36946270024201794,0.2637816331841607,0.36675566657382125,0.33140399814039984,0.30639237563923755,0.3622036262203627,2025-09-14
2025-09-28,La Liga,Barcelona,Sociedad,H,0.7161353984850511,0.1719524677115571,0.11191213380339174,0.746268656716418,0.16044776119402987,0.09328358208955224,2025-09-14
2025-09-28,La Liga,Betis,Osasuna,H,0.5118863516443255,0.25137487324584806,0.23673877510982633,0.5093159167814314,0.2740263101556434,0.21665777306292516,2025-09-14
2025-09-30,La Liga,Valencia,Oviedo,A,0.7085785989230005,0.23422016414448688,0.057201236932512875,0.5470104448676671,0.2766309964045059,0.17635855872782707,2025-09-14
2025-10-03,La Liga,Osasuna,Getafe,H,0.4241301559556485,0.300454541221875,0.2754153028224766,0.44204861233247733,0.32966337190896616,0.2282880157585564,2025-09-14
2025-10-04,La Liga,Oviedo,Levante,A,0.1293908101068244,0.2784306034138074,0.5921785864793682,0.3938279580579436,0.29930924812403714,0.3068627938180191,2025-09-14
2025-10-04,La Liga,Girona,Valencia,H,0.45865649983091467,0.24290771053925578,0.2984357896298296,0.4160899071448346,0.29064190528922773,0.2932681875659377,2025-09-14
2025-10-04,La Liga,Ath Bilbao,Mallorca,H,0.5820842491942537,0.2698797912863408,0.14803595951940557,0.5897900500256036,0.2600149682908575,0.15019498168353881,2025-09-14
2025-10-04,La Liga,Real Madrid,Villarreal,H,0.6516372041741464,0.18243090262134176,0.16593189320451177,0.6893227577791337,0.17937766931055524,0.1312995729103112,2025-09-14
2025-10-05,La Liga,Sociedad,Vallecano,A,0.4461827072848429,0.3017880093696785,0.2520292833454789,0.45014256282292364,0.2834717013695379,0.2663857358075384,2025-09-14
2025-10-05,La Liga,Celta,Ath Madrid,D,0.24678817864426783,0.23722848384286566,0.5159833375128663,0.2039629094242499,0.24946232768042872,0.5465747628953214,2025-09-14
2025-10-05,La Liga,Espanol,Betis,A,0.35944047886513436,0.2613824751307821,0.37917704600408364,0.36449071728014004,0.2829041323075505,0.3526051504123094,2025-09-14
2025-10-05,La Liga,Alaves,Elche,H,0.4335211844010153,0.30068603969135915,0.26579277590762584,0.4069122136830548,0.319907957467928,0.27317982884901715,2025-09-14
2025-10-05,La Liga,Sevilla,Barcelona,H,0.18963514147014868,0.1980828652918885,0.6122819932379628,0.16359599579324582,0.19183578078136562,0.6445682234253886,2025-09-14
2025-10-17,La Liga,Oviedo,Espanol,A,0.19109546785881565,0.30411698680845195,0.5047875453327322,0.3276622558286075,0.3119092627599244,0.3604284814114682,2025-10-17
2025-10-18,La Liga,Sevilla,Mallorca,A,0.49551278805427784,0.276512533919242,0.22797467802648025,0.5195911835804864,0.27840559120215175,0.2020032252173617,2025-10-17
2025-10-18,La Liga,Barcelona,Girona,H,0.8021038841246428,0.11772890372634254,0.08016721214901473,0.7960235155888687,0.12825412168608938,0.07572236272504175,2025-10-17
2025-10-18,La Liga,Villarreal,Betis,D,0.5229872733283631,0.2237261521564093,0.2532865745152274,0.4654712679213201,0.2665301232754956,0.26799860880318427,2025-10-17
2025-10-18,La Liga,Ath Madrid,Osasuna,H,0.6664805917433264,0.20278748031674132,0.13073192793993257,0.7178968408405801,0.1874585561189136,0.09464460304050618,2025-10-17
2025-10-19,La Liga,Elche,Ath Bilbao,D,0.2556274141214514,0.2932382872489505,0.4511342986295981,0.24271264173771137,0.2883571086913705,0.4689302495709181,2025-10-17
2025-10-19,La Liga,Celta,Sociedad,D,0.4317493946470545,0.27586988946697144,0.29238071588597425,0.4463447060013584,0.2780089883094175,0.27564630568922416,2025-10-17
2025-10-19,La Liga,Levante,Vallecano,A,0.48888062134628213,0.24443161385672593,0.2666877647969919,0.3401050815075037,0.28863517303010694,0.37125974546238943,2025-10-17
2025-10-19,La Liga,Getafe,Real Madrid,A,0.1793740721987648,0.24364471819089267,0.5769812096103427,0.13084617994340367,0.2104418867798724,0.6587119332767238,2025-10-17
2025-10-20,La Liga,Alaves,Valencia,D,0.40597406188759316,0.29705095452841174,0.29697498358399504,0.4360898963324078,0.30107754452670876,0.26283255914088355,2025-10-17
2025-10-24,La Liga,Sociedad,Sevilla,H,0.42239558692862855,0.2816722296074762,0.2959321834638954,0.49119527198166685,0.2686648172717404,0.2401399107465927,2025-10-17
2025-10-25,La Liga,Valencia,Villarreal,A,0.30927377704589193,0.24286032550474584,0.4478658974493623,0.25384110446891484,0.2809859624612555,0.4651729330698297,2025-10-17
2025-10-25,La Liga,Ath Bilbao,Getafe,A,0.549367728076866,0.28480363367385275,0.16582863824928123,0.5860106480631541,0.26858821369561225,0.14540113824123369,2025-10-17
2025-10-25,La Liga,Espanol,Elche,H,0.4697583824382852,0.26749266620952517,0.26274895135218973,0.4789228550488215,0.29550559141310256,0.225571553538076,2025-10-17
2025-10-25,La Liga,Girona,Oviedo,D,0.6850671410200594,0.21187909099815197,0.1030537679817886,0.550344124394596,0.25898547030333924,0.19067040530206472,2025-10-17
2025-10-26,La Liga,Mallorca,Levante,D,0.3958035355300589,0.2607349745017604,0.3434614899681805,0.4907914385266302,0.28581383773021407,0.22339472374315583,2025-10-17
2025-10-26,La Liga,Real Madrid,Barcelona,H,0.47783158037768114,0.21963173595300586,0.30253668366931274,0.5194482497992348,0.21730832821578727,0.2632434219849781,2025-10-17
2025-10-26,La Liga,Osasuna,Celta,A,0.43268687041272896,0.26446875560179955,0.3028443739854715,0.4051954449855051,0.29922125168160374,0.2955833033328912,2025-10-17
2025-10-26,La Liga,Vallecano,Alaves,H,0.40553230587078176,0.3201425046223003,0.2743251895069179,0.43640375387122476,0.31596765296520496,0.24762859316357028,2025-10-17
2025-10-27,La Liga,Betis,Ath Madrid,A,0.31215923456001043,0.25504030645021414,0.4328004589897755,0.2829365208611537,0.27263351029758226,0.44442996884126423,2025-10-17
2025-10-31,La Liga,Getafe,Girona,H,0.4166203944545956,0.27598047069481757,0.30739913485058684,0.43954833379234365,0.3180941889286698,0.2423574772789865,2025-10-17
2025-11-01,La Liga,Sociedad,Ath Bilbao,H,0.30137211292540206,0.31784611666747103,0.38078177040712674,0.3604633072483159,0.32659427166793725,0.3129424210837469,2025-10-17
2025-11-01,La Liga,Real Madrid,Valencia,H,0.7517981498017351,0.15587036445431265,0.09233148574395247,0.8246016284914331,0.11940394868007137,0.055994422828495455,2025-10-17
2025-11-01,La Liga,Villarreal,Vallecano,H,0.6115668956591407,0.22001681926036998,0.1684162850804893,0.5537525354969574,0.24847870182555784,0.19776876267748478,2025-10-17
2025-11-01,La Liga,Ath Madrid,Sevilla,H,0.6614566286201655,0.19657724776953492,0.14196612361029978,0.7204753291407898,0.17747002592806221,0.10205464493114783,2025-10-17
2025-11-02,La Liga,Betis,Mallorca,H,0.5531596065029475,0.2591957218507957,0.18764467164625667,0.6182569068641413,0.21771575049843356,0.16402734263742524,2025-10-17
2025-11-02,La Liga,Barcelona,Elche,H,0.8026386646527882,0.12585543542086963,0.07150589992634213,0.8078620861280306,0.12356759415068848,0.06857031972128078,2025-10-17
2025-11-02,La Liga,Levante,Celta,A,0.47061941664139273,0.22061047597224745,0.30877010738635996,0.30896878704069536,0.2821019359936784,0.40892927696562625,2025-10-17
2025-11-02,La Liga,Alaves,Espanol,H,0.4118309985770588,0.29359821971117345,0.29457078171176804,0.38941525504832997,0.3110345487606469,0.2995501961910231,2025-10-17
2025-11-03,La Liga,Oviedo,Osasuna,D,0.17997576603478246,0.3110532295645803,0.5089710044006374,0.30098876645076433,0.30381053613624026,0.3952006974129954,2025-10-17
2025-11-07,La Liga,Elche,Sociedad,D,0.36112772032581875,0.30069435597286875,0.33817792370131244,0.30876108272922914,0.3068130632798334,0.38442585399093754,2025-10-17
2025-11-08,La Liga,Girona,Alaves,H,0.4639795772035832,0.2655785204135478,0.2704419023828692,0.4460534484501104,0.29113668192252723,0.26280986962736236,2025-10-17
2025-11-08,La Liga,Sevilla,Osasuna,H,0.46713154473850643,0.2637371885618011,0.26913126669969256,0.4162303664921467,0.306282722513089,0.2774869109947644,2025-10-17
2025-11-08,La Liga,Ath Madrid,Levante,H,0.7262985542801442,0.1547343743532648,0.11896707136659095,0.7869656572030951,0.13560707652369716,0.07742726627320773,2025-10-17
2025-11-08,La Liga,Espanol,Villarreal,A,0.3057685785678989,0.2399559044417,0.4542755169904009,0.33914220908127707,0.28212699711978706,0.3787307937989359,2025-10-17
2025-11-09,La Liga,Celta,Barcelona,A,0.19834027182248173,0.1969246550898208,0.6047350730876975,0.2282309477686684,0.22504632989282652,0.5467227223385052,2025-10-17
2025-11-09,La Liga,Mallorca,Getafe,H,0.376103186083995,0.33603505007536405,0.2878617638406407,0.36878279421092086,0.34402352534163644,0.2871936804474428,2025-10-17
2025-11-09,La Liga,Valencia,Betis,D,0.34836916209545093,0.26600748982910744,0.38562334807544163,0.2764318692513891,0.2772194244344415,0.4463487063141695,2025-10-17
2025-11-09,La Liga,Ath Bilbao,Oviedo,H,0.7326057873203699,0.20609226273245596,0.06130194994717434,0.6004632310364795,0.2641381972592164,0.13539857170430422,2025-10-17
2025-11-09,La Liga,Vallecano,Real Madrid,D,0.17856100074940146,0.23700645911803264,0.5844325401325661,0.15630250250470665,0.20717612216362616,0.6365213753316672,2025-10-17
2025-11-21,La Liga,Valencia,Levante,H,0.4883018237373383,0.23351969301589823,0.27817848324676353,0.46735048483829383,0.2761616501317191,0.25648786502998716,2025-11-21
2025-11-22,La Liga,Alaves,Celta,A,0.3779928968416116,0.2856224560551608,0.33638464710322746,0.35166196086067575,0.32255087138545424,0.3257871677538701,2025-11-21
2025-11-22,La Liga,Barcelona,Ath Bilbao,H,0.6074915668727175,0.21633938433888014,0.17616904878840248,0.6772009029345373,0.18445662689455014,0.1383424701709126,2025-11-21
2025-11-22,La Liga,Osasuna,Sociedad,A,0.3867519054840781,0.29973483270327445,0.3135132618126473,0.35929820195358675,0.3245660424314067,0.3161357556150065,2025-11-21
2025-11-22,La Liga,Villarreal,Mallorca,H,0.6400368415803067,0.21279915982586048,0.147163998593833,0.6853390174233468,0.19249562043165716,0.12216536214499606,2025-11-21
2025-11-23,La Liga,Getafe,Ath Madrid,A,0.20535116257012917,0.2760776692532517,0.5185711681766192,0.1955028613060508,0.28974226451046453,0.5147548741834848,2025-11-21
2025-11-23,La Liga,Oviedo,Vallecano,D,0.21212390590827926,0.33332941439788893,0.45454667969383195,0.27023709922932615,0.30119305177262357,0.42856984899805023,2025-11-21
2025-11-23,La Liga,Betis,Girona,D,0.5721447498491775,0.2152937933626452,0.2125614567881774,0.6314375520511513,0.21373881739784545,0.15482363055100343,2025-11-21
2025-11-23,La Liga,Elche,Real Madrid,D,0.1472111593893763,0.2176644101903095,0.6351244304203141,0.13658248992826963,0.1736759359339688,0.6897415741377617,2025-11-21
2025-11-24,La Liga,Espanol,Sevilla,H,0.4157683414124668,0.26326240558959707,0.32096925299793616,0.5248351853872169,0.2589186914576937,0.21624612315508937,2025-11-21
2025-11-28,La Liga,Getafe,Elche,H,0.4350009887866623,0.31631399502149105,0.24868501619184663,0.42325425433816755,0.32777265487467516,0.24897309078715738,2025-11-21
2025-11-29,La Liga,Ath Madrid,Oviedo,H,0.8325196587061053,0.1274315819031903,0.0400487593907042,0.770999140292606,0.15469485158358864,0.07430600812380549,2025-11-21
2025-11-29,La Liga,Levante,Ath Bilbao,A,0.2753236743737673,0.24982272873930642,0.47485359688692613,0.24646337956434516,0.27984602751686455,0.4736905929187903,2025-11-21
2025-11-29,La Liga,Barcelona,Alaves,H,0.7582504782133771,0.1559287939111919,0.08582072787543098,0.7688983173404554,0.14474742419812792,0.08635425846141681,2025-11-21
2025-11-29,La Liga,Mallorca,Osasuna,D,0.37952497188379547,0.3132440842892694,0.3072309438269352,0.38957159371411354,0.3214287076849121,0.2889996986009744,2025-11-21
2025-11-30,La Liga,Girona,Real Madrid,D,0.17463609385996096,0.19582096071609317,0.6295429454239458,0.1368479368955223,0.16800420974388988,0.6951478533605879,2025-11-21
2025-11-30,La Liga,Celta,Espanol,A,0.49271526052384584,0.24542659241290432,0.2618581470632496,0.5065397415060754,0.2724247349276372,0.22103552356628742,2025-11-21
2025-11-30,La Liga,Sevilla,Betis,A,0.3715404247179211,0.25663848496002273,0.37182109032205635,0.3503370405219886,0.2915978960033318,0.3580650634746795,2025-11-21
2025-11-30,La Liga,Sociedad,Villarreal,A,0.32390917943058817,0.25877083264303646,0.41731998792637526,0.33570063242893317,0.28549320646448856,0.3788061611065783,2025-11-21
2025-12-01,La Liga,Vallecano,Valencia,D,0.4260576355102072,0.29895509189995545,0.27498727258983746,0.4606802778097862,0.3028147620494233,0.23650496014079048,2025-11-21
2025-12-02,La Liga,Barcelona,Ath Madrid,H,0.5086348402417431,0.2239231613500798,0.26744199840817684,0.5710647802165264,0.21494420458038518,0.21399101520308858,2025-11-21
2025-12-03,La Liga,Ath Bilbao,Real Madrid,A,0.2825021510522309,0.2772912177904846,0.44020663115728464,0.2235911936982428,0.2629771763280146,0.5134316299737428,2025-11-21
2025-12-05,La Liga,Oviedo,Mallorca,D,0.22672152045764496,0.34189541737277845,0.4313830621695765,0.370020814034163,0.3190671281671635,0.31091205779867365,2025-11-21
2025-12-06,La Liga,Villarreal,Getafe,H,0.613013886259377,0.22583247162972006,0.1611536421109029,0.5892387991732932,0.2556485795355029,0.15511262129120398,2025-11-21
2025-12-06,La Liga,Alaves,Sociedad,H,0.34985004915413337,0.3228498877280423,0.32730006311782434,0.35127792783650014,0.32219862917453823,0.3265234429889616,2025-11-21
2025-12-06,La Liga,Betis,Barcelona,A,0.2703804109555825,0.22018374437295501,0.5094358446714624,0.25750443656450817,0.23557583491059628,0.5069197285248958,2025-11-21
2025-12-06,La Liga,Ath Bilbao,Ath Madrid,H,0.3221627439251478,0.2923007605556413,0.3855364955192108,0.3255995697876407,0.3042320980203268,0.3701683321920326,2025-11-21
2025-12-07,La Liga,Real Madrid,Celta,A,0.753831038836918,0.1499232682317643,0.09624569293131774,0.7578408643541402,0.1539740168846507,0.08818511876120905,2025-11-21
2025-12-07,La Liga,Elche,Girona,H,0.39113912884952995,0.2650298554546206,0.34383101569584923,0.4525315438542608,0.2887070680375848,0.25876138810815447,2025-11-21
2025-12-07,La Liga,Valencia,Sevilla,D,0.40339598853171865,0.2682662064566042,0.3283378050116773,0.4832571911152715,0.2815498417802016,0.23519296710452678,2025-11-21
2025-12-07,La Liga,Espanol,Vallecano,H,0.419182692603696,0.29548669809524775,0.2853306093010564,0.3955750895626595,0.3031510032162437,0.30127390722109676,2025-11-21
2025-12-08,La Liga,Osasuna,Levante,H,0.5058398300268727,0.23482854078018842,0.25933162919293873,0.5687203791469194,0.24170616113744073,0.18957345971563982,2025-11-21
2025-12-12,La Liga,Sociedad,Girona,A,0.482142593685825,0.2535768662910617,0.2642805400231131,0.5280148907277874,0.26328807902775236,0.20869703024446026,2025-11-21
2025-12-13,La Liga,Ath Madrid,Valencia,H,0.7083232033319383,0.18446399327314106,0.10721280339492069,0.7253662701411071,0.17414027784976038,0.10049345200913255,2025-11-21
2025-12-13,La Liga,Mallorca,Elche,H,0.4200741098489268,0.3144545477290418,0.2654713424220313,0.37118862247588325,0.32202456651881267,0.30678681100530414,2025-11-21
2025-12-13,La Liga,Barcelona,Osasuna,H,0.7585448420379202,0.1488061839762358,0.092648973985844,0.8043504006948009,0.11843196083849829,0.07721763846670089,2025-11-21
2025-12-13,La Liga,Getafe,Espanol,A,0.4125110470656178,0.303265842907272,0.2842231100271103,0.3580147717791031,0.34778577829970025,0.29419944992119657,2025-11-21
2025-12-14,La Liga,Sevilla,Oviedo,H,0.6614033621501888,0.22466419707830998,0.11393244077150111,0.45232593010743205,0.3087303967399933,0.23894367315257464,2025-11-21
2025-12-14,La Liga,Celta,Ath Bilbao,H,0.33103173970758754,0.2782500903599545,0.39071816993245784,0.32003463822086914,0.3128312862351904,0.36713407554394045,2025-11-21
2025-12-14,La Liga,Alaves,Real Madrid,A,0.16313103026827855,0.241412332225778,0.5954566375059435,0.1680733591614069,0.23375251164923824,0.598174129189355,2025-11-21
2025-12-15,La Liga,Vallecano,Betis,D,0.3292242240535693,0.28952005515820955,0.38125572078822106,,,,2025-11-21
2025-12-19,La Liga,Valencia,Mallorca,D,0.42784014374808393,0.3010173223364021,0.27114253391551374,0.46031267737889187,0.301633462506044,0.23805386011506416,2025-11-21
2025-12-20,La Liga,Real Madrid,Sevilla,H,0.7497804063425346,0.1550280248494243,0.09519156880804133,0.7939555916674379,0.1360745419146742,0.06996986641788783,2025-11-21
2025-12-20,La Liga,Osasuna,Alaves,H,0.43302082816334087,0.30844993947243404,0.258529232364225,0.4356794495525449,0.31959380674413657,0.24472674370331868,2025-11-21
2025-12-20,La Liga,Oviedo,Celta,D,0.19461122261959554,0.2695940902258751,0.5357946871545292,0.27047386892612224,0.2986828000411166,0.43084333103276107,2025-11-21
2025-12-20,La Liga,Levante,Sociedad,D,0.3749859337340253,0.25213117858651635,0.3728828876794586,0.30620102368981295,0.28808261992118495,0.40571635638900216,2025-11-21
2025-12-21,La Liga,Betis,Getafe,H,0.5344490611403773,0.27028615709904585,0.19526478176057704,0.5487016507761734,0.28150780344168896,0.1697905457821376,2025-12-21
2025-12-21,La Liga,Elche,Vallecano,H,0.40210110117159326,0.3106837037534707,0.287215195074936,0.38028580321153976,0.32559587164600057,0.2941183251424597,2025-12-21
2025-12-21,La Liga,Girona,Ath Madrid,A,0.2259608988508833,0.22659272812931244,0.5474463730198043,0.19447057823577857,0.2563710275415967,0.5491583942226248,2025-12-21
2025-12-21,La Liga,Villarreal,Barcelona,A,0.3355206606028179,0.2088388905029028,0.45564044889427935,0.23097069559299666,0.21601946753005713,0.5530098368769463,2025-12-21
2025-12-22,La Liga,Ath Bilbao,Espanol,A,0.5181280829439744,0.2752766810538897,0.20659523600213608,0.5170251423017758,0.28338404301088577,0.19959081468733847,2025-12-21
2026-01-02,La Liga,Vallecano,Getafe,D,0.3897186122783383,0.3469107600375852,0.26337062768407665,0.45278973574118214,0.3391978856597706,0.20801237859904737,2025-12-21
2026-01-03,La Liga,Celta,Valencia,H,0.5086965224016232,0.25267249151628907,0.23863098608208774,0.47140190263627413,0.2951635013467248,0.2334345960170011,2025-12-21
2026-01-03,La Liga,Osasuna,Ath Bilbao,D,0.32743079883476134,0.30414346685042687,0.36842573431481196,0.3141486438230682,0.32247046220248726,0.3633808939744445,2025-12-21
2026-01-03,La Liga,Elche,Villarreal,A,0.2624003063755292,0.23798692455820672,0.49961276906626395,0.3003769552699534,0.2764833338280253,0.42313971090202135,2025-12-21
2026-01-03,La Liga,Espanol,Barcelona,A,0.18780853863418745,0.20196075234002547,0.6102307090257871,0.16237928382189554,0.2030595675583283,0.6345611486197761,2025-12-21
2026-01-04,La Liga,Mallorca,Girona,A,0.41409326289910714,0.27051774388946226,0.3153889932114304,0.432339638233068,0.3068656738247328,0.26079468794219923,2025-12-21
2026-01-04,La Liga,Sociedad,Ath Madrid,D,0.24665746571525138,0.2683206447313279,0.4850218895534205,0.2285127275859539,0.25490264888196956,0.5165846235320767,2025-12-21
2026-01-04,La Liga,Alaves,Oviedo,D,0.5764940542756296,0.3178342987983874,0.10567164692598278,0.5027264167224262,0.32021847665817904,0.1770551066193946,2025-12-21
2026-01-04,La Liga,Real Madrid,Betis,H,0.6701953883194294,0.18909573272818248,0.14070887895238832,0.6428504149616435,0.21334156628397397,0.14380801875438246,2025-12-21
2026-01-04,La Liga,Sevilla,Levante,A,0.5871103272974952,0.21143959318048144,0.20145007952202346,0.5424558029917073,0.26602627050826194,0.19151792650003077,2025-12-21
2026-01-09,La Liga,Getafe,Sociedad,A,0.3568329557887641,0.32646717605798214,0.31669986815325385,0.2673508097855163,0.32547055104323724,0.4071786391712466,2025-12-21
2026-01-10,La Liga,Oviedo,Betis,D,0.11180704757988655,0.26598958106448417,0.6222033713556292,0.24904261372562023,0.2783838412047881,0.4725735450695916,2025-12-21
2026-01-10,La Liga,Villarreal,Alaves,H,0.6570923274249916,0.20563325537223143,0.13727441720277703,0.6496334269361439,0.2256302578402924,0.12473631522356372,2025-12-21
2026-01-10,La Liga,Girona,Osasuna,H,0.44915331706378137,0.25269103273782995,0.29815565019838874,0.3729432565121344,0.30999423550849386,0.3170625079793716,2025-12-21
2026-01-10,La Liga,Valencia,Elche,D,0.4442099159470054,0.27992628811207326,0.27586379594092136,0.4762139511954646,0.2891298989401035,0.23465614986443184,2025-12-21
2026-01-11,La Liga,Vallecano,Mallorca,H,0.40250373551637875,0.3288584625602651,0.2686378019233562,0.5036953904287659,0.29911757031615943,0.19718703925507466,2025-12-21
2026-01-11,La Liga,Levante,Espanol,D,0.3547493080301851,0.2544046664887078,0.3908460254811071,0.30221439260480004,0.2939970828360895,0.40378852455911046,2025-12-21
2026-01-12,La Liga,Sevilla,Celta,A,0.4313334354581898,0.25233413341734473,0.31633243112446535,0.36615134255492265,0.30919446704637915,0.3246541903986981,2025-12-21
2026-01-16,La Liga,Espanol,Girona,A,0.46390634589660223,0.2486915302895658,0.28740212381383184,,,,2025-12-21
2026-01-17,La Liga,Osasuna,Oviedo,H,0.6554040196740007,0.25799804621834,0.08659793410765919,,,,2025-12-21
2026-01-17,La Liga,Betis,Villarreal,H,0.39435764026147496,0.23635012490910237,0.3692922348294227,,,,2025-12-21
2026-01-17,La Liga,Real Madrid,Levante,H,0.8515326109051456,0.09770044251236401,0.05076694658249019,,,,2025-12-21
2026-01-17,La Liga,Mallorca,Ath Bilbao,H,0.2927624358679807,0.32033312380207046,0.3869044403299489,,,,2025-12-21
2026-01-18,La Liga,Sociedad,Barcelona,H,0.20499457269373023,0.21509280954030063,0.5799126177659693,,,,2025-12-21
2026-01-18,La Liga,Celta,Vallecano,H,0.48577569829600936,0.2787365653799267,0.23548773632406392,,,,2025-12-21
2026-01-18,La Liga,Getafe,Valencia,A,0.402332978242152,0.3170173566546719,0.2806496651031762,,,,2025-12-21
2026-01-18,La Liga,Ath Madrid,Alaves,H,0.6890547693822456,0.20637285864725025,0.10457237197050416,,,,2025-12-21
2026-01-19,La Liga,Elche,Sevilla,D,0.3939842265326969,0.2704063157926921,0.3356094576746109,,,,2025-12-21
2026-01-23,La Liga,Levante,Elche,H,0.41262878266162417,0.2541649028448674,0.33320631449350846,,,,2026-01-23
2026-01-24,La Liga,Vallecano,Osasuna,A,0.3689271374338112,0.3118032104417785,0.3192696521244102,,,,2026-01-23
2026-01-24,La Liga,Valencia,Espanol,H,0.40499707674680335,0.2896252898968234,0.30537763335637325,,,,2026-01-23
2026-01-24,La Liga,Sevilla,Ath Bilbao,H,0.34031058304210016,0.2871471811477924,0.37254223581010715,,,,2026-01-23
2026-01-24,La Liga,Villarreal,Real Madrid,A,0.3186904439362437,0.23418395192464359,0.44712560413911284,,,,2026-01-23
2026-01-25,La Liga,Ath Madrid,Mallorca,H,0.6920263938907761,0.20207426369842918,0.10589934241079473,,,,2026-01-23
2026-01-25,La Liga,Barcelona,Oviedo,H,0.9002906279840978,0.07640554818773479,0.02330382382816733,,,,2026-01-23
2026-01-25,La Liga,Sociedad,Celta,H,0.42160798398708554,0.27343926127143736,0.30495275474147715,,,,2026-01-23
2026-01-25,La Liga,Alaves,Betis,H,0.2917175813290419,0.2899495751560639,0.41833284351489414,,,,2026-01-23
2026-01-26,La Liga,Girona,Getafe,D,0.4896880503240599,0.27445037903538866,0.23586157064055158,,,,2026-01-23
2026-01-30,La Liga,Espanol,Alaves,A,0.4576870248920496,0.3041512320148556,0.23816174309309465,,,,2026-01-23
2026-01-31,La Liga,Elche,Barcelona,A,0.16798405806181083,0.1913578479447331,0.6406580939934561,,,,2026-01-23
2026-01-31,La Liga,Levante,Ath Madrid,D,0.1792999737175191,0.2191067310408348,0.6015932952416463,,,,2026-01-23
2026-01-31,La Liga,Oviedo,Girona,H,0.2052767979634169,0.2798277145656699,0.5148954874709134,,,,2026-01-23
2026-01-31,La Liga,Osasuna,Villarreal,D,0.30095875111841675,0.2492601681005586,0.4497810807810246,,,,2026-01-23
2026-02-01,La Liga,Real Madrid,Vallecano,H,0.7548788981435686,0.16778447294133605,0.07733662891509528,,,,2026-01-23
2026-02-01,La Liga,Betis,Valencia,H,0.5765957441954854,0.23431253042623515,0.18909172537827934,,,,2026-01-23
2026-02-01,La Liga,Getafe,Celta,D,0.3195418271866385,0.30071686741896764,0.379741305394394,,,,2026-01-23
2026-02-01,La Liga,Ath Bilbao,Sociedad,D,0.46776784599580795,0.2927701911898074,0.23946196281438467,,,,2026-01-23
2026-02-02,La Liga,Mallorca,Sevilla,H,0.40785859287608184,0.2842912355068796,0.3078501716170387,,,,2026-01-23
2026-02-06,La Liga,Celta,Osasuna,A,0.5059252683255062,0.254663770576983,0.23941096109751064,,,,2026-01-23
2026-02-07,La Liga,Sociedad,Elche,H,0.48738536275179084,0.26887738662538174,0.24373725062282744,,,,2026-01-23
2026-02-07,La Liga,Barcelona,Mallorca,H,0.7908553077215783,0.13590994627233832,0.07323474600608318,,,,2026-01-23
2026-02-08,La Liga,Valencia,Real Madrid,A,0.1637417544669102,0.2213373914589936,0.6149208540740961,,,,2026-01-23
2026-02-08,La Liga,Ath Madrid,Betis,A,0.6099379625179083,0.21942054653814871,0.1706414909439429,,,,2026-01-23
2026-02-08,La Liga,Alaves,Getafe,A,0.38655396046233403,0.34607385095280635,0.26737218858485967,,,,2026-01-23
2026-02-08,La Liga,Ath Bilbao,Levante,H,0.5922410771908073,0.23324569297382874,0.17451322983536377,,,,2026-01-23
2026-02-08,La Liga,Sevilla,Girona,D,0.4507150831385754,0.24564256385747746,0.3036423530039471,,,,2026-01-23
2026-02-09,La Liga,Villarreal,Espanol,H,0.6298638012869652,0.2069242986378496,0.16321190007518516,,,,2026-01-23
2026-02-13,La Liga,Elche,Osasuna,D,0.42705209981618786,0.2746059949022667,0.29834190528154536,,,,2026-01-23
2026-02-14,La Liga,Espanol,Celta,D,0.3788047214583507,0.27377886096080617,0.3474164175808432,,,,2026-01-23
2026-02-14,La Liga,Getafe,Villarreal,H,0.24694400119575644,0.2676504100319448,0.4854055887722987,,,,2026-01-23
2026-02-14,La Liga,Sevilla,Alaves,D,0.47268685395384685,0.2860101406342417,0.2413030054119114,,,,2026-01-23
2026-02-14,La Liga,Real Madrid,Sociedad,H,0.6978596048850063,0.18971202870858425,0.11242836640640969,,,,2026-01-23
2026-02-15,La Liga,Mallorca,Betis,A,0.3180841625554352,0.27901210386626185,0.4029037335783029,,,,2026-01-23
2026-02-15,La Liga,Levante,Valencia,A,0.42580728283730646,0.2625299834603896,0.3116627337023042,,,,2026-01-23
2026-02-15,La Liga,Vallecano,Ath Madrid,H,0.18501172772385702,0.27014753498297805,0.544840737293165,,,,2026-01-23
2026-02-15,La Liga,Oviedo,Ath Bilbao,A,0.15286985308580403,0.3011099019570979,0.5460202449570984,,,,2026-01-23
2026-02-16,La Liga,Girona,Barcelona,H,0.17708711829807305,0.18258696295250984,0.6403259187494169,,,,2026-01-23
2026-02-18,La Liga,Levante,Villarreal,A,0.25088312331566864,0.21753871049559448,0.531578166188737,,,,2026-01-23
2026-02-20,La Liga,Ath Bilbao,Elche,H,0.5338951830487124,0.26204866835741686,0.20405614859387067,,,,2026-01-23
2026-02-21,La Liga,Ath Madrid,Espanol,H,0.6795758645461473,0.2036333457088805,0.11679078974497208,,,,2026-01-23
2026-02-21,La Liga,Sociedad,Oviedo,D,0.6479890400500082,0.24806391899388655,0.10394704095610523,,,,2026-01-23
2026-02-21,La Liga,Betis,Vallecano,D,0.5721970946053967,0.25040797237422174,0.17739493302038167,,,,2026-01-23
2026-02-21,La Liga,Osasuna,Real Madrid,H,0.18515632509327967,0.23217895836602698,0.5826647165406933,,,,2026-01-23
2026-02-22,La Liga,Celta,Mallorca,H,0.5227677469914696,0.25960220387805044,0.21763004913047984,,,,2026-02-22
2026-02-22,La Liga,Villarreal,Valencia,H,0.6491413507359007,0.20079622468127029,0.15006242458282906,,,,2026-02-22
2026-02-22,La Liga,Getafe,Sevilla,A,0.399276540304733,0.30826034578400235,0.2924631139112646,,,,2026-02-22
2026-02-22,La Liga,Barcelona,Levante,H,0.8619831734521538,0.09085263544468217,0.04716419110316406,,,,2026-02-22
2026-02-23,La Liga,Alaves,Girona,D,0.3771959336359075,0.29226971089809717,0.33053435546599536,,,,2026-02-22
2026-02-27,La Liga,Levante,Alaves,H,0.41082270636703283,0.2912916875656846,0.2978856060672827,,,,2026-02-22
2026-02-28,La Liga,Oviedo,Ath Madrid,A,0.11632731335586356,0.22943327796551,0.6542394086786266,,,,2026-02-22
2026-02-28,La Liga,Mallorca,Sociedad,A,0.3586178475528431,0.2969723287928335,0.3444098236543235,,,,2026-02-22
2026-02-28,La Liga,Vallecano,Ath Bilbao,D,0.3078331182732766,0.31785293371008233,0.3743139480166411,,,,2026-02-22
2026-02-28,La Liga,Barcelona,Villarreal,H,0.6702863912513799,0.17161870599780948,0.15809490275081076,,,,2026-02-22
2026-03-01,La Liga,Elche,Espanol,D,0.4371313880071938,0.2643890868781123,0.29847952511469406,,,,2026-02-22
2026-03-01,La Liga,Valencia,Osasuna,H,0.3874509667495012,0.29051415130248476,0.3220348819480142,,,,2026-02-22
2026-03-01,La Liga,Betis,Sevilla,D,0.5799575122052187,0.22698009643185305,0.19306239136292802,,,,2026-02-22
2026-03-01,La Liga,Girona,Celta,A,0.4187302897068452,0.25226770509426955,0.32900200519888523,,,,2026-02-22
2026-03-02,La Liga,Real Madrid,Getafe,A,0.7330858373821698,0.1859047197146905,0.08100944290313981,,,,2026-02-22
2026-03-04,La Liga,Vallecano,Oviedo,H,0.5396980542821763,0.2959743074698268,0.16432763824799704,,,,2026-02-22
2026-03-06,La Liga,Celta,Real Madrid,A,0.2157696631343719,0.23238127505323872,0.5518490618123895,,,,2026-02-22
2026-03-07,La Liga,Osasuna,Mallorca,D,0.4834623038895287,0.28364045894320805,0.2328972371672632,,,,2026-02-22
2026-03-07,La Liga,Levante,Girona,D,0.3783410421425148,0.2512513237317235,0.37040763412576166,,,,2026-02-22
2026-03-07,La Liga,Ath Madrid,Sociedad,H,0.6264558734816842,0.22473015276731842,0.14881397375099747,,,,2026-02-22
2026-03-07,La Liga,Ath Bilbao,Barcelona,A,0.2533268347651878,0.24329715881963174,0.5033760064151805,,,,2026-02-22
2026-03-08,La Liga,Valencia,Alaves,H,0.4417825438075059,0.3063127333830109,0.251904722809483,,,,2026-02-22
2026-03-08,La Liga,Sevilla,Vallecano,D,0.44788996016354243,0.28786869297797374,0.26424134685848377,,,,2026-02-22
2026-03-08,La Liga,Villarreal,Elche,H,0.680188178893568,0.18207997903597858,0.13773184207045341,,,,2026-02-22
2026-03-08,La Liga,Getafe,Betis,H,0.3033628790296828,0.3057292369822233,0.39090788398809384,,,,2026-02-22
2026-03-09,La Liga,Espanol,Oviedo,D,0.5852648267332539,0.25655256658273173,0.1581826066840146,,,,2026-02-22
2026-03-13,La Liga,Alaves,Villarreal,D,0.25468007812293114,0.2671140959973381,0.47820582587973076,,,,2026-02-22
2026-03-14,La Liga,Girona,Ath Bilbao,H,0.36182268307287735,0.27612829797145344,0.36204901895566927,,,,2026-02-22
2026-03-14,La Liga,Ath Madrid,Getafe,H,0.6521922919345018,0.23452263005134363,0.11328507801415476,,,,2026-02-22
2026-03-14,La Liga,Oviedo,Valencia,H,0.2698352028596377,0.31270937646236685,0.4174554206779955,,,,2026-02-22
2026-03-14,La Liga,Real Madrid,Elche,H,0.7966357505837834,0.1347398728126216,0.06862437660359488,,,,2026-02-22
2026-03-15,La Liga,Betis,Celta,D,0.5154110167284891,0.2416721357680043,0.24291684750350642,,,,2026-02-22
2026-03-15,La Liga,Mallorca,Espanol,H,0.4255216431264301,0.2855090577359772,0.28896929913759284,,,,2026-02-22
2026-03-15,La Liga,Barcelona,Sevilla,H,0.8084701004511442,0.12109931944855995,0.07043058010029604,,,,2026-02-22
2026-03-15,La Liga,Sociedad,Osasuna,H,0.4544489257747329,0.2788592633875708,0.2666918108376966,,,,2026-02-22
2026-03-16,La Liga,Vallecano,Levante,D,0.4755404877178955,0.2767335568083406,0.24772595547376386,,,,2026-02-22
2026-03-20,La Liga,Villarreal,Sociedad,H,0.5823944638212711,0.22119125210763715,0.19641428407109168,,,,2026-02-22
2026-03-21,La Liga,Elche,Mallorca,H,0.43320658006472257,0.2816496937075251,0.28514372622775214,,,,2026-02-22
2026-03-21,La Liga,Espanol,Getafe,A,0.4278755665896593,0.30807727551731984,0.264047157893021,,,,2026-02-22
2026-03-21,La Liga,Levante,Oviedo,H,0.5490222170716009,0.26207675068706765,0.18890103224133145,,,,2026-02-22
2026-03-21,La Liga,Osasuna,Girona,H,0.4709758457841126,0.2600586517591935,0.2689655024566938,,,,2026-02-22
2026-03-21,La Liga,Sevilla,Valencia,A,0.45343403185005854,0.27012177750658245,0.276444190643359,,,,2026-02-22
2026-03-22,La Liga,Barcelona,Vallecano,H,0.7817331492400865,0.14517756392886402,0.07308928683104945,,,,2026-02-22
2026-03-22,La Liga,Celta,Alaves,A,0.5264247756064656,0.2699424749422256,0.20363274945130885,,,,2026-02-22
2026-03-22,La Liga,Ath Bilbao,Betis,H,0.4349043918866165,0.27565540806469485,0.28944020004868876,,,,2026-02-22
2026-03-22,La Liga,Real Madrid,Ath Madrid,H,0.5288357659168859,0.24694417163353286,0.2242200624495812,,,,2026-02-22
2026-04-03,La Liga,Vallecano,Elche,H,0.4503252203948441,0.28207288832809435,0.2676018912770616,,,,2026-04-03
2026-04-04,La Liga,Ath Madrid,Barcelona,A,0.3781550164823261,0.24410737314490183,0.3777376103727721,,,,2026-04-03
2026-04-04,La Liga,Betis,Espanol,D,0.5859865372622618,0.2230337141838426,0.19097974855389557,,,,2026-04-03
2026-04-04,La Liga,Sociedad,Levante,H,0.5657819660801804,0.22957704036698556,0.20464099355283397,,,,2026-04-03
2026-04-04,La Liga,Mallorca,Real Madrid,H,0.16281612719075264,0.2255278256212322,0.611656047188015,,,,2026-04-03
2026-04-05,La Liga,Getafe,Ath Bilbao,H,0.3249874468135715,0.33728151653472993,0.3377310366516987,,,,2026-04-03
2026-04-05,La Liga,Valencia,Celta,A,0.3875925268389027,0.267644262335253,0.3447632108258443,,,,2026-04-03
2026-04-05,La Liga,Oviedo,Sevilla,H,0.2740340420290977,0.284563362637083,0.4414025953338193,,,,2026-04-03
2026-04-05,La Liga,Alaves,Osasuna,D,0.3705748335422479,0.2996608893657558,0.32976427709199635,,,,2026-04-03
2026-04-06,La Liga,Girona,Villarreal,H,0.33101150291812714,0.23345527433520863,0.435533222746664,,,,2026-04-03
2026-04-10,La Liga,Real Madrid,Girona,D,0.7644248747964116,0.14628522304588484,0.08928990215770345,,,,2026-04-03
2026-04-11,La Liga,Sociedad,Alaves,D,0.5267555517722576,0.2655718561625262,0.20767259206521627,,,,2026-04-03
2026-04-11,La Liga,Elche,Valencia,H,0.4276255869729198,0.2664442121411145,0.3059302008859658,,,,2026-04-03
2026-04-11,La Liga,Barcelona,Espanol,H,0.8282684784145935,0.11066709780969221,0.06106442377571438,,,,2026-04-03
2026-04-11,La Liga,Sevilla,Ath Madrid,H,0.2282161952754852,0.24406434106357286,0.5277194636609421,,,,2026-04-03
2026-04-12,La Liga,Ath Bilbao,Villarreal,A,0.3908117168159555,0.26018970627740107,0.34899857690664354,,,,2026-04-03
2026-04-12,La Liga,Mallorca,Vallecano,H,0.3958584054706227,0.3160060829490017,0.2881355115803756,,,,2026-04-03
2026-04-12,La Liga,Osasuna,Betis,D,0.38407114066861414,0.2700218508290109,0.34590700850237494,,,,2026-04-03
2026-04-12,La Liga,Celta,Oviedo,A,0.6816348086600341,0.2032441687550293,0.11512102258493667,,,,2026-04-03
2026-04-13,La Liga,Levante,Getafe,H,0.394102103645319,0.3004452432896065,0.3054526530650747,,,,2026-04-03
2026-04-21,La Liga,Ath Bilbao,Osasuna,H,0.49197556774266865,0.27779148179268903,0.23023295046464232,,,,2026-04-03
2026-04-21,La Liga,Mallorca,Valencia,D,0.40459267138432997,0.29345360505041784,0.3019537235652523,,,,2026-04-03
2026-04-21,La Liga,Girona,Betis,A,0.39033282920121787,0.25074914577804497,0.35891802502073733,,,,2026-04-03
2026-04-21,La Liga,Real Madrid,Alaves,H,0.7706512805203352,0.1545670286057479,0.07478169087391674,,,,2026-04-03
2026-04-22,La Liga,Elche,Ath Madrid,H,0.21519344875444144,0.23717705710582906,0.5476294941397295,,,,2026-04-03
2026-04-22,La Liga,Sociedad,Getafe,A,0.4706314062871214,0.3021176965618821,0.22725089715099667,,,,2026-04-03
2026-04-22,La Liga,Barcelona,Celta,H,0.76422140742565,0.14004605479827062,0.09573253777607942,,,,2026-04-03
2026-04-23,La Liga,Levante,Sevilla,H,0.433520887002832,0.24859850370763842,0.3178806092895296,,,,2026-04-03
2026-04-23,La Liga,Vallecano,Espanol,H,0.4437430565935163,0.2885962230425062,0.26766072036397753,,,,2026-04-03
2026-04-23,La Liga,Oviedo,Villarreal,D,0.1557467810657602,0.2180512385805755,0.6262019803536645,,,,2026-04-03
2026-04-24,La Liga,Betis,Real Madrid,D,0.2542383987819532,0.2374686602977007,0.508292940920346,,,,2026-04-03
2026-04-25,La Liga,Alaves,Mallorca,H,0.4164624253464618,0.3032855569729332,0.2802520176806048,,,,2026-04-03
2026-04-25,La Liga,Getafe,Barcelona,A,0.17125519621391913,0.23991136787395276,0.5888334359121282,,,,2026-04-03
2026-04-25,La Liga,Valencia,Girona,H,0.42866645819468524,0.2638912707452817,0.3074422710600329,,,,2026-04-03
2026-04-25,La Liga,Ath Madrid,Ath Bilbao,H,0.5766491374681341,0.2466978038890705,0.17665305864279535,,,,2026-04-03
2026-04-26,La Liga,Vallecano,Sociedad,D,0.3636822235639551,0.3024311442952544,0.3338866321407904,,,,2026-04-03
2026-04-26,La Liga,Oviedo,Elche,A,0.2881935443723313,0.2843568720573893,0.42744958357027946,,,,2026-04-03
2026-04-26,La Liga,Osasuna,Sevilla,H,0.48614495550380277,0.2592000730286192,0.254654971467578,,,,2026-04-03
2026-04-26,La Liga,Villarreal,Celta,H,0.5877719210525165,0.20639770888096587,0.20583037006651766,,,,2026-04-03
2026-04-27,La Liga,Espanol,Levante,D,0.4809985976376489,0.24501142963480202,0.2739899727275491,,,,2026-04-03
2026-05-01,La Liga,Girona,Mallorca,A,0.5012197771324751,0.2579730396857877,0.24080718318173705,,,,2026-04-03
2026-05-02,La Liga,Osasuna,Barcelona,A,0.18798116290206437,0.21346912311571686,0.5985497139822188,,,,2026-04-03
2026-05-02,La Liga,Alaves,Ath Bilbao,A,0.31208784978819054,0.30722316427622504,0.38068898593558426,,,,2026-04-03
2026-05-02,La Liga,Valencia,Ath Madrid,A,0.2328638505098644,0.262179518835829,0.5049566306543067,,,,2026-04-03
2026-05-02,La Liga,Villarreal,Levante,H,0.7014237625660896,0.16734578537451494,0.1312304520593955,,,,2026-04-03
2026-05-03,La Liga,Celta,Elche,H,0.5375349253588896,0.22824160203173754,0.234223472609373,,,,2026-05-03
2026-05-03,La Liga,Getafe,Vallecano,A,0.4047873372329317,0.34338210512306677,0.2518305576440015,,,,2026-05-03
2026-05-03,La Liga,Betis,Oviedo,H,0.6558636605782057,0.21431379265158684,0.12982254677020755,,,,2026-05-03
2026-05-03,La Liga,Espanol,Real Madrid,A,0.17367966246514865,0.21688471827073982,0.6094356192641116,,,,2026-05-03
2026-05-04,La Liga,Sevilla,Sociedad,H,0.38533329842633296,0.25849531625202404,0.356171385321643,,,,2026-05-03
2026-05-08,La Liga,Levante,Osasuna,H,0.37856070206783815,0.26932183602605964,0.35211746190610216,,,,2026-05-03
2026-05-09,La Liga,Ath Madrid,Celta,A,0.6390036449880978,0.20176914517379563,0.15922720983810648,,,,2026-05-03
2026-05-09,La Liga,Sociedad,Betis,D,0.4199206025355869,0.25572638404687675,0.32435301341753664,,,,2026-05-03
2026-05-09,La Liga,Sevilla,Espanol,H,0.46905617228453056,0.25723767331499686,0.2737061544004724,,,,2026-05-03
2026-05-09,La Liga,Elche,Alaves,D,0.47819469717943364,0.2541373695461926,0.267667933274374,,,,2026-05-03
2026-05-10,La Liga,Mallorca,Villarreal,D,0.29287253217775083,0.25151984719325493,0.4556076206289942,,,,2026-05-03
2026-05-10,La Liga,Ath Bilbao,Valencia,A,0.5336837547967781,0.2586348027582577,0.20768144244496417,,,,2026-05-03
2026-05-10,La Liga,Oviedo,Getafe,D,0.2940042899316642,0.3479882284229085,0.3580074816454275,,,,2026-05-03
2026-05-10,La Liga,Barcelona,Real Madrid,H,0.5296973998764869,0.2184381227748554,0.25186447734865763,,,,2026-05-03
2026-05-11,La Liga,Vallecano,Girona,D,0.405651188690443,0.28249368715749607,0.3118551241520611,,,,2026-05-03
2026-05-12,La Liga,Betis,Elche,H,0.5779550416468119,0.22080148597991087,0.2012434723732771,,,,2026-05-03
2026-05-12,La Liga,Osasuna,Ath Madrid,A,0.27178429315081426,0.26278889901813446,0.46542680783105145,,,,2026-05-03
2026-05-12,La Liga,Celta,Levante,A,0.5757021193100955,0.22079796140703994,0.20349991928286476,,,,2026-05-03
2026-05-13,La Liga,Alaves,Barcelona,H,0.14447075765715997,0.18889234574928948,0.6666368965935505,,,,2026-05-03
2026-05-13,La Liga,Getafe,Mallorca,H,0.4096463660857562,0.32969419300787134,0.26065944090637266,,,,2026-05-03
2026-05-13,La Liga,Espanol,Ath Bilbao,H,0.33241768156684726,0.28032111661740805,0.38726120181574447,,,,2026-05-03
2026-05-13,La Liga,Villarreal,Sevilla,A,0.6728910190823738,0.18098550723143064,0.14612347368619552,,,,2026-05-03
2026-05-14,La Liga,Girona,Sociedad,D,0.42538767407096534,0.2526085911742703,0.32200373475476424,,,,2026-05-03
2026-05-14,La Liga,Real Madrid,Oviedo,H,0.8217333704901844,0.1259310182206946,0.052335611289121044,,,,2026-05-03
2026-05-14,La Liga,Valencia,Vallecano,D,0.4293132691320155,0.2972342973468076,0.2734524335211772,,,,2026-05-03
2026-05-17,La Liga,Sociedad,Valencia,A,0.518145611644996,0.25173207877891957,0.2301223095760846,,,,2026-05-03
2026-05-17,La Liga,Sevilla,Real Madrid,A,0.1822219259932604,0.21283564843416825,0.6049424255725714,,,,2026-05-03
2026-05-17,La Liga,Vallecano,Villarreal,H,0.2845228019581167,0.26130083733004295,0.4541763607118404,,,,2026-05-03
2026-05-17,La Liga,Oviedo,Alaves,A,0.339094095080567,0.3006455859795733,0.3602603189398596,,,,2026-05-03
2026-05-17,La Liga,Barcelona,Betis,H,0.7326925388809908,0.15595003869306556,0.11135742242594339,,,,2026-05-03
2026-05-17,La Liga,Levante,Mallorca,H,0.4093408178872868,0.27375681143700964,0.3169023706757036,,,,2026-05-03
2026-05-17,La Liga,Elche,Getafe,H,0.4152406028924825,0.30140760618803236,0.2833517909194851,,,,2026-05-03
2026-05-17,La Liga,Ath Madrid,Girona,H,0.6715690894428338,0.19023546665324476,0.13819544390392163,,,,2026-05-03
2026-05-17,La Liga,Ath Bilbao,Celta,D,0.48722185728767947,0.2543054560765684,0.2584726866357522,,,,2026-05-03
2026-05-17,La Liga,Osasuna,Espanol,A,0.5007245400517034,0.2625064583088308,0.23676900163946563,,,,2026-05-03
2026-05-23,La Liga,Mallorca,Oviedo,H,0.5311053584712117,0.27714564005010306,0.19174900147868534,,,,2026-05-03
2026-05-23,La Liga,Girona,Elche,D,0.4988837227017174,0.23749812138982865,0.2636181559084539,,,,2026-05-03
2026-05-23,La Liga,Real Madrid,Ath Bilbao,H,0.6596368391727833,0.2016556688974117,0.1387074919298048,,,,2026-05-03
2026-05-23,La Liga,Getafe,Osasuna,H,0.3854919999302665,0.32583058079287724,0.28867741927685614,,,,2026-05-03
2026-05-23,La Liga,Valencia,Barcelona,H,0.15689582054143852,0.19748142004300256,0.6456227594155588,,,,2026-05-03
2026-05-23,La Liga,Celta,Sevilla,H,0.5418429161044552,0.2307926032147412,0.2273644806808036,,,,2026-05-03
2026-05-23,La Liga,Betis,Levante,H,0.6145725441870598,0.211613591696343,0.17381386411659733,,,,2026-05-03
2026-05-23,La Liga,Alaves,Vallecano,A,0.4134434013488692,0.2980700286479263,0.28848657000320455,,,,2026-05-03
2026-05-23,La Liga,Espanol,Sociedad,D,0.36674886522887923,0.267151758739472,0.36609937603164877,,,,2026-05-03
2026-05-24,La Liga,Villarreal,Ath Madrid,H,0.41306256361754445,0.2395101651928486,0.3474272711896068,,,,2026-05-03
