Date,liga,HomeTeam,AwayTeam,FTR,prob_casa_modelo,prob_empate_modelo,prob_fora_modelo,prob_casa_odds,prob_empate_odds,prob_fora_odds,data_corte_modelo
2023-05-25,La Liga,Mallorca,Valencia,H,0.40207147899176127,0.2824849982735419,0.31544352273469684,0.31867567765765703,0.3294054984542111,0.35191882388813206,2023-05-25
2023-05-25,La Liga,Osasuna,Ath Bilbao,H,0.31614533514572946,0.2978313132105077,0.3860233516437627,0.3027955565917826,0.29637262054286595,0.4008318228653515,2023-05-25
2023-05-27,La Liga,Sevilla,Real Madrid,A,0.30160889054558015,0.2470229024703696,0.45136820698405034,0.3036393543744217,0.27310578801274804,0.42325485761283027,2023-05-25
2023-05-28,La Liga,Vallecano,Villarreal,H,0.3133895200686836,0.24813592607890572,0.43847455385241085,0.31580078824793983,0.25102113937656756,0.4331780723754927,2023-05-25
2023-05-28,La Liga,Valencia,Espanol,D,0.5174167750031995,0.23841252319642983,0.2441707018003706,0.45883804041873555,0.2784401783737626,0.2627217812075018,2023-05-25
2023-05-28,La Liga,Girona,Betis,A,0.4631299521669883,0.24247235199610662,0.29439769583690495,0.4889743555620617,0.27015157765859765,0.24087406677934078,2023-05-25
2023-05-28,La Liga,Getafe,Osasuna,H,0.4273613372293756,0.31425168689524996,0.25838697587537457,0.39442981931315063,0.3338518607155677,0.27171831997128154,2023-05-25
2023-05-28,La Liga,Cadiz,Celta,H,0.3574071591453956,0.27620759402971196,0.3663852468248926,0.3736102995374985,0.3252023205276566,0.301187379934845,2023-05-25
2023-05-28,La Liga,Barcelona,Mallorca,H,0.7501779336322848,0.16422638188180705,0.08559568448590818,0.7632943512797882,0.15870476610767875,0.0780008826125331,2023-05-25
2023-05-28,La Liga,Ath Madrid,Sociedad,H,0.5006277076743233,0.25940957433950124,0.23996271798617522,0.4180300206887445,0.31759423649729285,0.2643757428139627,2023-05-25
2023-05-28,La Liga,Ath Bilbao,Elche,A,0.6715886324116911,0.20379205160769848,0.12461931598061048,0.6818264846537503,0.19638815582318975,0.1217853595230598,2023-05-25
2023-05-28,La Liga,Almeria,Valladolid,D,0.5273971090322183,0.22368956457700642,0.2489133263907753,0.42351669919398416,0.2835720507646677,0.2929112500413483,2023-05-25
2023-06-04,La Liga,Valladolid,Getafe,D,0.3482989858326116,0.29898152410429435,0.35271949006309394,0.485845733688122,0.29179923945232555,0.22235502685955238,2023-05-25
2023-06-04,La Liga,Espanol,Almeria,D,0.5252029934472516,0.21793383131087601,0.25686317524187224,0.39979847074862196,0.25671270227016774,0.3434888269812104,2023-05-25
2023-06-04,La Liga,Elche,Cadiz,D,0.41690672221051867,0.26587162324125385,0.3172216545482274,0.3874166458481465,0.3038799315871399,0.3087034225647135,2023-05-25
2023-06-04,La Liga,Celta,Barcelona,H,0.21821117472892518,0.24170848395085617,0.5400803413202186,0.33954678224462576,0.272206498615105,0.3882467191402693,2023-05-25
2023-06-04,La Liga,Betis,Valencia,D,0.5213777144091468,0.24446576533372488,0.23415652025712824,0.3099140994345394,0.3129036245094707,0.3771822760559898,2023-05-25
2023-06-04,La Liga,Mallorca,Vallecano,H,0.42633369427480067,0.2834608602694203,0.2902054454557792,0.30694275274056027,0.30694275274056027,0.3861144945188794,2023-05-25
2023-06-04,La Liga,Sociedad,Sevilla,H,0.5268472305657128,0.25415184938545005,0.2190009200488371,0.6174483618191979,0.22284917886348066,0.15970245931732135,2023-05-25
2023-06-04,La Liga,Real Madrid,Ath Bilbao,D,0.6038154917786691,0.22113497818731856,0.17504953003401222,0.5778112121410349,0.22162621835546545,0.2005625695034997,2023-05-25
2023-06-04,La Liga,Osasuna,Girona,H,0.3732523018478438,0.26729297971673666,0.35945471843541943,0.4657767679636467,0.2638139417463473,0.270409290290006,2023-05-25
2023-06-04,La Liga,Villarreal,Ath Madrid,D,0.3994793733156051,0.24703292513307326,0.35348770155132153,0.3538706479617892,0.2551593619513953,0.3909699900868155,2023-05-25
2023-08-11,La Liga,Sevilla,Valencia,A,0.5191046093552896,0.24986595474273685,0.23102943590197356,0.5039625497703883,0.28256859727010214,0.21346885295950946,2023-08-11
2023-08-11,La Liga,Almeria,Vallecano,A,0.43656545441363487,0.24658081781059488,0.31685372777577037,0.36803807395958466,0.3012250082253832,0.33073691781503217,2023-08-11
2023-08-12,La Liga,Las Palmas,Mallorca,D,0.3471828384613484,0.2765440282217302,0.3762731333169215,0.3708917323735302,0.33418231176318075,0.29492595586328907,2023-08-11
2023-08-12,La Liga,Ath Bilbao,Real Madrid,A,0.3303788257575672,0.26387825130960424,0.4057429229328285,0.2842062525375559,0.2793341453511977,0.43645960211124646,2023-08-11
2023-08-12,La Liga,Sociedad,Girona,D,0.5885487174577906,0.22376290879938882,0.18768837374282046,0.5289127605140711,0.27180239081973107,0.1992848486661979,2023-08-11
2023-08-13,La Liga,Getafe,Barcelona,D,0.1993559547272242,0.26651782118282324,0.5341262240899526,0.1305578837196696,0.2410796565714691,0.6283624597088614,2023-08-11
2023-08-13,La Liga,Celta,Osasuna,A,0.4751807630555188,0.2781854046827419,0.24663383226173954,0.45287375624501447,0.303791091145724,0.24333515260926156,2023-08-11
2023-08-13,La Liga,Villarreal,Betis,A,0.5496018659374255,0.22389336694558049,0.2265047671169939,0.5579816174903754,0.23816288551418466,0.20385549699543987,2023-08-11
2023-08-14,La Liga,Cadiz,Alaves,H,0.47263655671141436,0.26604025915745955,0.26132318413112604,0.4196267679935607,0.3303143139949312,0.25005891801150804,2023-08-11
2023-08-14,La Liga,Ath Madrid,Granada,H,0.7325355768190585,0.16609772015712665,0.10136670302381508,0.7425030563079799,0.1648608480955006,0.09263609559651939,2023-08-11
2023-08-18,La Liga,Mallorca,Villarreal,A,0.292162151271434,0.25685193621926883,0.4509859125092971,0.3467391304347826,0.3065217391304348,0.3467391304347826,2023-08-11
2023-08-18,La Liga,Valencia,Las Palmas,H,0.6381120009653832,0.20774783155068868,0.15414016748392803,0.5987442498664988,0.24707674108415006,0.15417900904935117,2023-08-11
2023-08-19,La Liga,Sociedad,Celta,D,0.5904453132687368,0.2404854627734232,0.1690692239578399,0.5774535198871876,0.2695846543119743,0.1529618258008381,2023-08-11
2023-08-19,La Liga,Almeria,Real Madrid,A,0.1885140683470566,0.1948596172410847,0.6166263144118589,0.14120500325615862,0.18512946037591788,0.6736655363679235,2023-08-11
2023-08-19,La Liga,Osasuna,Ath Bilbao,A,0.3192187080208,0.2977846680498246,0.3829966239293755,0.3309083053992231,0.32541148969491707,0.34368020490585977,2023-08-11
2023-08-20,La Liga,Girona,Getafe,H,0.49616804034134726,0.26809377849596316,0.2357381811626894,0.49360452925141546,0.30446634514573284,0.20192912560285178,2023-08-11
2023-08-20,La Liga,Barcelona,Cadiz,H,0.80896721642165,0.12810699859956143,0.06292578497878858,0.7677182510073124,0.15305775257424267,0.07922399641844502,2023-08-11
2023-08-20,La Liga,Betis,Ath Madrid,D,0.33121348768763975,0.2627738337055917,0.40601267860676865,0.25321240128289135,0.27688381556712766,0.469903783149981,2023-08-11
2023-08-21,La Liga,Alaves,Sevilla,H,0.2932841256552683,0.2711872312269664,0.43552864311776524,0.2877810597383808,0.3176803906202905,0.39453854964132856,2023-08-11
2023-08-21,La Liga,Granada,Vallecano,A,0.42403893467718373,0.2614073722742823,0.314553693048534,0.3326319197151182,0.31045645840077696,0.3569116218841049,2023-08-11
2023-08-25,La Liga,Celta,Real Madrid,A,0.24739429038286412,0.24364059477182384,0.5089651148453118,0.22129684711481262,0.26234384295062463,0.5163593099345629,2023-08-11
2023-08-25,La Liga,Las Palmas,Sociedad,D,0.1840732508910425,0.2337744732310423,0.5821522758779153,0.20618850434980815,0.29261482353835055,0.5011966721118415,2023-08-11
2023-08-26,La Liga,Cadiz,Almeria,D,0.45711486009155605,0.2429127608213721,0.29997237908707186,0.454486582893056,0.27998457112322933,0.26552884598371473,2023-08-11
2023-08-26,La Liga,Granada,Mallorca,H,0.436935621565689,0.26966215142811617,0.293402227006195,0.34953454414453083,0.3263096574904092,0.3241557983650599,2023-08-11
2023-08-26,La Liga,Sevilla,Girona,A,0.506337642094288,0.2388189500232326,0.25484340788247933,0.4938710250488541,0.27162906377686974,0.23449991117427604,2023-08-11
2023-08-27,La Liga,Villarreal,Barcelona,A,0.3217056370787972,0.24004770948055792,0.4382466534406449,0.2738225629791895,0.2606790799561884,0.4654983570646221,2023-08-11
2023-08-27,La Liga,Valencia,Osasuna,A,0.4866731532295318,0.26888138914035786,0.2444454576301102,0.5496259351620948,0.2748129675810474,0.17556109725685784,2023-08-11
2023-08-27,La Liga,Ath Bilbao,Betis,H,0.487639267023675,0.26464541234082656,0.24771532063549856,0.48823198384587374,0.2846833725048826,0.22708464364924358,2023-08-11
2023-08-28,La Liga,Getafe,Alaves,H,0.5043567257097266,0.2874765675142613,0.20816670677601223,0.3733089771136382,0.3609112620065433,0.2657797608798185,2023-08-11
2023-08-28,La Liga,Vallecano,Ath Madrid,A,0.25025736019150474,0.2570204640529488,0.4927221757555463,0.24123472209831387,0.28905343920064236,0.46971183870104377,2023-08-11
2023-09-01,La Liga,Cadiz,Villarreal,H,0.264044794020807,0.23945176978619725,0.49650343619299575,0.2987950233484636,0.26695620938510267,0.43424876726643374,2023-08-11
2023-09-01,La Liga,Almeria,Celta,A,0.3995017447150804,0.25265167513710396,0.34784658014781566,0.33154388953099334,0.28936522902852974,0.37909088144047687,2023-08-11
2023-09-02,La Liga,Betis,Vallecano,H,0.5525796940828231,0.24020198891687983,0.20721831700029705,0.46785943456762163,0.2918884233571132,0.24025214207526513,2023-08-11
2023-09-02,La Liga,Alaves,Valencia,H,0.3465414588856877,0.2747362468355111,0.378722294278801,0.2938442034089308,0.3283561064938723,0.3777996900971967,2023-08-11
2023-09-02,La Liga,Real Madrid,Getafe,H,0.6831328099367716,0.2017014075940716,0.11516578246915694,0.7079392069927416,0.19753089889614175,0.09452989411111658,2023-08-11
2023-09-02,La Liga,Sociedad,Granada,H,0.679286514800794,0.19539215817407732,0.1253213270251285,0.6625172737825438,0.2145155049472113,0.12296722127024487,2023-08-11
2023-09-03,La Liga,Girona,Las Palmas,H,0.6892281891080517,0.1783814484499224,0.13239036244202582,0.5598108376150748,0.25104919006449233,0.18913997232043303,2023-08-11
2023-09-03,La Liga,Mallorca,Ath Bilbao,D,0.30532711847435856,0.29579213401933613,0.39888074750630553,0.30259137630197414,0.32463445669483326,0.37277416700319255,2023-08-11
2023-09-03,La Liga,Osasuna,Barcelona,A,0.18743371288642885,0.2392189272117161,0.5733473599018553,0.1436160070854664,0.208197080935462,0.6481869119790715,2023-08-11
2023-09-15,La Liga,Vallecano,Alaves,H,0.5200970200067512,0.2535175376405317,0.22638544235271713,0.4792856929197452,0.2990039185187401,0.2217103885615148,2023-09-15
2023-09-16,La Liga,Ath Bilbao,Cadiz,H,0.6129999645682445,0.23318391662522353,0.15381611880653223,0.6052260999377006,0.24299601518695713,0.15177788487534236,2023-09-15
2023-09-16,La Liga,Valencia,Ath Madrid,H,0.2672037515206329,0.25869691227974934,0.4740993361996178,0.2769089949472394,0.3035679354545823,0.4195230695981782,2023-09-15
2023-09-16,La Liga,Celta,Mallorca,A,0.48977434328163777,0.2740965370599774,0.23612911965838498,0.459802365470278,0.31190415237315033,0.22829348215657155,2023-09-15
2023-09-16,La Liga,Barcelona,Betis,H,0.6901570069708084,0.184630300221548,0.12521269280764355,0.7363703409542179,0.16066261984455665,0.1029670392012254,2023-09-15
2023-09-17,La Liga,Sevilla,Las Palmas,H,0.5819971528759021,0.24862230219554105,0.1693805449285569,0.6090310442144873,0.2348071495766698,0.15616180620884287,2023-09-15
2023-09-17,La Liga,Real Madrid,Sociedad,H,0.5629228150420102,0.23164825818675452,0.20542892677123506,0.5559264783418999,0.2580560575857626,0.18601746407233746,2023-09-15
2023-09-17,La Liga,Getafe,Osasuna,H,0.42723490567539113,0.3120229508732902,0.2607421434513186,0.36365347025142186,0.33160265592417787,0.3047438738244002,2023-09-15
2023-09-17,La Liga,Villarreal,Almeria,H,0.7097274723338594,0.1594673598787755,0.1308051677873651,0.6352252920080942,0.19515957766513733,0.16961513032676862,2023-09-15
2023-09-18,La Liga,Granada,Girona,A,0.3370562375320137,0.23641078381687164,0.42653297865111484,0.3247317045857519,0.2730286119561769,0.40223968345807126,2023-09-15
2023-09-22,La Liga,Alaves,Ath Bilbao,A,0.26518923547181245,0.27867585659077765,0.4561349079374096,0.23049120512202675,0.3159960070221335,0.45351278785583965,2023-09-15
2023-09-23,La Liga,Girona,Mallorca,H,0.558091398148386,0.2372164870290006,0.20469211482261318,0.5119913104657048,0.2876186479380871,0.20039004159620824,2023-09-15
2023-09-23,La Liga,Osasuna,Sevilla,D,0.3645660719710529,0.28257648141492525,0.35285744661402174,0.39950077440115483,0.30209163496383623,0.298407590635009,2023-09-15
2023-09-23,La Liga,Barcelona,Celta,H,0.7309301961034824,0.16972319881262218,0.09934660508389527,0.7760635680415138,0.14443723718350185,0.07949919477498435,2023-09-15
2023-09-23,La Liga,Almeria,Valencia,D,0.38903882007465607,0.24461251212545357,0.36634866779989056,0.3599051080460469,0.28540579996654447,0.35468909198740867,2023-09-15
2023-09-24,La Liga,Sociedad,Getafe,H,0.5623624354383471,0.2693388498258493,0.1682987147358035,0.5703251418050438,0.2843311931447886,0.14534366505016766,2023-09-15
2023-09-24,La Liga,Vallecano,Villarreal,D,0.32722409602465113,0.24805160328351158,0.4247243006918374,0.3707114740969636,0.27724597496203507,0.3520425509410014,2023-09-15
2023-09-24,La Liga,Betis,Cadiz,D,0.5850555327918909,0.23284660515007807,0.182097862058031,0.540091683038638,0.26709452084697666,0.1928137961143855,2023-09-15
2023-09-24,La Liga,Las Palmas,Granada,H,0.4382999349790389,0.271094176792235,0.2906058882287259,0.5004008311110384,0.2616036516532238,0.23799551723573778,2023-09-15
2023-09-24,La Liga,Ath Madrid,Real Madrid,H,0.4372169480100434,0.2485704929533603,0.3142125590365964,0.34104884800347257,0.2895888147248421,0.36936233727168544,2023-09-15
2023-09-26,La Liga,Sevilla,Almeria,H,0.6210509970295333,0.20156149618685332,0.17738750678361345,0.5679087351668411,0.24461560129352605,0.18747566353963288,2023-09-15
2023-09-26,La Liga,Mallorca,Barcelona,D,0.17249248253648203,0.22978659478754745,0.5977209226759707,0.12979351032448377,0.22123893805309733,0.6489675516224188,2023-09-15
2023-09-27,La Liga,Valencia,Sociedad,A,0.3210769502123184,0.2772728156647517,0.4016502341229299,0.38060028251276445,0.3238883198866903,0.2955113976005452,2023-09-15
2023-09-27,La Liga,Cadiz,Vallecano,D,0.40291271880909535,0.27327752393315685,0.32380975725774763,0.359548656605984,0.31446056140459056,0.32599078198942555,2023-09-15
2023-09-27,La Liga,Villarreal,Girona,A,0.564261858625696,0.21106843744159434,0.22466970393270955,0.4508899143045485,0.26301911667765326,0.2860909690177983,2023-09-15
2023-09-27,La Liga,Real Madrid,Las Palmas,H,0.7679757852243632,0.15496100987726077,0.07706320489837591,0.8203343483935118,0.120999316388043,0.05866633521844509,2023-09-15
2023-09-27,La Liga,Ath Bilbao,Getafe,D,0.5249719652653431,0.2870434427780075,0.18798459195664968,0.6350103697708533,0.23930193737670094,0.12568769285244574,2023-09-15
2023-09-28,La Liga,Celta,Alaves,D,0.5407572297067453,0.2521395226333965,0.20710324765985788,0.6131386861313868,0.24433346139070303,0.14252785247791008,2023-09-15
2023-09-28,La Liga,Granada,Betis,D,0.32125395929445216,0.24920941090353657,0.42953662980201124,0.351197194300734,0.2831908011846959,0.36561200451457004,2023-09-15
2023-09-28,La Liga,Osasuna,Ath Madrid,A,0.23803123468366605,0.2648484025670622,0.4971203627492718,0.23232594984007413,0.2810609910421586,0.48661305911776725,2023-09-15
2023-09-29,La Liga,Barcelona,Sevilla,H,0.6911063531549017,0.18471261706989192,0.12418102977520644,0.7192360871068095,0.16915831316972002,0.11160559972347046,2023-09-15
2023-09-30,La Liga,Getafe,Villarreal,D,0.3230381355482278,0.27949956950011606,0.3974622949516562,0.34915475653566813,0.3102362327179981,0.34060901074633365,2023-09-15
2023-09-30,La Liga,Vallecano,Mallorca,D,0.4694454145661211,0.2736975871952773,0.2568569982386017,0.48126522614129863,0.2996835610634467,0.21905121279525475,2023-09-15
2023-09-30,La Liga,Girona,Real Madrid,A,0.2801657333255992,0.2289039576575965,0.49093030901680434,0.23951299108823898,0.24069285803941262,0.5197941508723485,2023-09-15
2023-09-30,La Liga,Sociedad,Ath Bilbao,H,0.46889575940003825,0.28034708779669,0.2507571528032716,0.4214548708395065,0.31139340775403024,0.2671517214064631,2023-09-15
2023-10-01,La Liga,Ath Madrid,Cadiz,H,0.7258935828800069,0.17498751704397922,0.09911890007601373,0.724523939099618,0.18283654960329346,0.09263951129708856,2023-09-15
2023-10-01,La Liga,Betis,Valencia,H,0.5095576110054911,0.2513195390581837,0.2391228499363255,0.4718284534161704,0.28641785881861365,0.24175368776521602,2023-09-15
2023-10-01,La Liga,Almeria,Granada,D,0.5033246930408063,0.21962136180151975,0.27705394515767395,0.49332246099382465,0.26187090422728493,0.2448066347788904,2023-09-15
2023-10-01,La Liga,Alaves,Osasuna,A,0.3816784689404764,0.2869232235608628,0.3313983074986608,0.3791129428668658,0.32513328543880216,0.2957537716943321,2023-09-15
2023-10-02,La Liga,Las Palmas,Celta,H,0.3410960755908575,0.3016340847933696,0.35726983961577286,0.32387191245038727,0.31653500828484454,0.35959307926476813,2023-09-15
2023-10-06,La Liga,Ath Bilbao,Almeria,H,0.6562961491263147,0.19721478729676425,0.14648906357692135,0.728071302612333,0.16979754760570312,0.10213114978196382,2023-09-15
2023-10-07,La Liga,Cadiz,Girona,A,0.34404915551883863,0.25646763289728786,0.39948321158387357,0.28446546448944826,0.28114808297936716,0.4343864525311844,2023-09-15
2023-10-07,La Liga,Real Madrid,Osasuna,H,0.7239784865107004,0.17289485784321448,0.103126655646085,0.7660410283505964,0.1513020382589825,0.0826569333904212,2023-09-15
2023-10-07,La Liga,Mallorca,Valencia,D,0.3890882407842289,0.28400591649120766,0.3269058427245634,0.38112212973321447,0.3264946244714537,0.2923832457953317,2023-09-15
2023-10-07,La Liga,Sevilla,Vallecano,D,0.5358030330608436,0.24578273426582614,0.21841423267333013,0.5329359787351786,0.25732792640775115,0.2097360948570703,2023-09-15
2023-10-08,La Liga,Villarreal,Las Palmas,A,0.6663345799984903,0.2019619444899071,0.13170347551160252,0.5897424735546946,0.23618327217603058,0.17407425426927478,2023-09-15
2023-10-08,La Liga,Ath Madrid,Sociedad,H,0.5147699223309469,0.256578173032757,0.22865190463629606,0.48433362753751097,0.2906001765225066,0.22506619593998234,2023-09-15
2023-10-08,La Liga,Alaves,Betis,D,0.3097133276821516,0.26912441937426174,0.4211622529435867,0.3801358474411067,0.3005997316688136,0.3192644208900798,2023-09-15
2023-10-08,La Liga,Celta,Getafe,D,0.43989583179719477,0.3022078292107117,0.25789633899209347,0.47942908473899587,0.2972751771633895,0.22329573809761452,2023-09-15
2023-10-08,La Liga,Granada,Barcelona,D,0.14344787465211925,0.18384778903766555,0.6727043363102153,0.1423216653081603,0.18729421465409146,0.6703841200377482,2023-09-15
2023-10-20,La Liga,Osasuna,Granada,H,0.5071047738610263,0.24828518045254772,0.24461004568642566,0.5771981566337893,0.2507621811596668,0.17203966220654388,2023-10-20
2023-10-21,La Liga,Celta,Ath Madrid,A,0.26817280326886933,0.2622132745833167,0.46961392214781383,0.2853625743009671,0.275716515451357,0.438920910247676,2023-10-20
2023-10-21,La Liga,Sevilla,Real Madrid,D,0.2856389515140663,0.24564091273929894,0.46872013574663474,0.20321699441776814,0.23618440029183704,0.5605986052903948,2023-10-20
2023-10-21,La Liga,Sociedad,Mallorca,H,0.6246304603560635,0.22663100433080619,0.1487385353131305,0.5758791764507073,0.27109632540437195,0.15302449814492064,2023-10-20
2023-10-21,La Liga,Getafe,Betis,D,0.3734946405157574,0.2991139235324344,0.3273914359518081,0.39257020125686104,0.3103173971839949,0.2971124015591441,2023-10-20
2023-10-22,La Liga,Las Palmas,Vallecano,A,0.3914607251392126,0.30398896420399146,0.3045503106567961,0.3677221654749745,0.3217568947906027,0.3105209397344229,2023-10-20
2023-10-22,La Liga,Girona,Almeria,H,0.6740035285747479,0.16902635967786162,0.15697011174739073,0.6995563979834825,0.18243590866736217,0.1180076933491554,2023-10-20
2023-10-22,La Liga,Villarreal,Alaves,D,0.6628644300729367,0.19413538022564675,0.14300018970141667,0.46771083591969725,0.2909272759143355,0.24136188816596724,2023-10-20
2023-10-22,La Liga,Barcelona,Ath Bilbao,H,0.6155539745759863,0.2216592807286428,0.16278674469537113,0.5249291286604005,0.2576169338544446,0.2174539374851548,2023-10-20
2023-10-23,La Liga,Valencia,Cadiz,H,0.5448125732992805,0.25248014743431846,0.20270727926640125,0.5765228350858306,0.2639123604752576,0.1595648044389119,2023-10-20
2023-10-27,La Liga,Girona,Celta,H,0.5394018778800842,0.2292687194287676,0.23132940269114835,0.5547151485542964,0.2356192985364123,0.2096655529092913,2023-10-20
2023-10-28,La Liga,Almeria,Las Palmas,A,0.4354151064441617,0.2630798824770323,0.30150501107880595,0.4209748892171344,0.2946824224519941,0.28434268833087145,2023-10-20
2023-10-28,La Liga,Barcelona,Real Madrid,A,0.5152003409370893,0.2289348094660456,0.25586484959686506,0.3772281273990444,0.278867784724795,0.3439040878761606,2023-10-20
2023-10-28,La Liga,Mallorca,Getafe,D,0.3963353990900274,0.30823548622661845,0.29542911468335425,0.41935788548303893,0.3301026598565813,0.2505394546603797,2023-10-20
2023-10-28,La Liga,Cadiz,Sevilla,D,0.3108738656620579,0.2758704636311005,0.41325567070684127,0.25047097873867413,0.27989593612631203,0.4696330851350139,2023-10-20
2023-10-29,La Liga,Ath Bilbao,Valencia,D,0.5569105051604625,0.251919880951968,0.1911696138875698,0.5887076466802831,0.2446769816177499,0.1666153717019669,2023-10-20
2023-10-29,La Liga,Ath Madrid,Alaves,H,0.7426675290581235,0.16574577438445057,0.09158669655742599,0.6692921120547235,0.21235745349657528,0.11835043444870111,2023-10-20
2023-10-29,La Liga,Vallecano,Sociedad,D,0.3120633717204761,0.2782283486086177,0.40970827967090606,0.28849084790776985,0.3085756537747664,0.40293349831746367,2023-10-20
2023-10-29,La Liga,Betis,Osasuna,H,0.5383060590556658,0.25524990077600357,0.2064440401683307,0.48871767937133465,0.2802732512821199,0.2310090693465454,2023-10-20
2023-10-30,La Liga,Granada,Villarreal,A,0.2979998046256788,0.2303962480677728,0.4716039473065485,0.32547055104323724,0.2673508097855163,0.4071786391712466,2023-10-20
2023-11-03,La Liga,Las Palmas,Ath Madrid,H,0.21911572610514718,0.2762265876216033,0.5046576862732495,0.17423626820108493,0.26253486482331495,0.5632288669756002,2023-10-20
2023-11-04,La Liga,Osasuna,Girona,A,0.3689173857199421,0.2589860686098783,0.37209654567017963,0.32559587164600057,0.2941183251424597,0.38028580321153976,2023-10-20
2023-11-04,La Liga,Betis,Mallorca,H,0.5549949079980647,0.24679562652197512,0.19820946547996043,0.5110625771531668,0.2814547526350774,0.2074826702117558,2023-10-20
2023-11-04,La Liga,Celta,Sevilla,D,0.40237601362689396,0.27303988649812344,0.32458409987498243,0.4037609657003862,0.2853559904216806,0.31088304387793314,2023-10-20
2023-11-04,La Liga,Sociedad,Barcelona,A,0.32724523846358217,0.26347527850970903,0.4092794830267089,0.28752161372476215,0.2953869466230079,0.41709143965223006,2023-10-20
2023-11-05,La Liga,Alaves,Almeria,H,0.4823902289622252,0.2342385967588091,0.28337117427896563,0.5481838712027391,0.2573701464267502,0.19444598237051064,2023-10-20
2023-11-05,La Liga,Valencia,Granada,H,0.557905725535568,0.2285862855854699,0.21350798887896177,0.5820384269704627,0.2342178730218488,0.18374370000768858,2023-10-20
2023-11-05,La Liga,Villarreal,Ath Bilbao,A,0.44435509570358467,0.25985820605386767,0.2957866982425475,0.25454894840770237,0.24679618855772154,0.49865486303457596,2023-10-20
2023-11-05,La Liga,Real Madrid,Vallecano,D,0.7324258471328364,0.1650973184981983,0.1024768343689652,0.7903780068728522,0.13974799541809851,0.06987399770904926,2023-10-20
2023-11-06,La Liga,Getafe,Cadiz,H,0.5015244006253899,0.2858965878685447,0.2125790115060653,0.46671764794242754,0.3131524863613708,0.22012986569620166,2023-10-20
2023-11-10,La Liga,Ath Bilbao,Celta,H,0.5569797273587025,0.2518266125903996,0.19119366005089783,0.5673588123181864,0.24014444778814326,0.1924967398936704,2023-10-20
2023-11-11,La Liga,Real Madrid,Valencia,H,0.7183554356708752,0.17112582576763266,0.11051873856149196,0.7360826609024343,0.16781159108656535,0.09610574801100034,2023-10-20
2023-11-11,La Liga,Osasuna,Las Palmas,D,0.44198801492538925,0.3058402284657844,0.2521717566088264,0.4933337274957873,0.2892462628472325,0.21742000965698013,2023-10-20
2023-11-11,La Liga,Almeria,Sociedad,A,0.25772459671002623,0.2320084288100304,0.5102669744799434,0.2212291909242534,0.25499575164427096,0.5237750574314755,2023-10-20
2023-11-11,La Liga,Vallecano,Girona,A,0.3958981184684679,0.25052771055549306,0.35357417097603905,0.3257612446273988,0.27829317755312066,0.39594557781948064,2023-10-20
2023-11-11,La Liga,Granada,Getafe,D,0.3891428867589873,0.2787096617225926,0.3321474515184202,0.3904528763769889,0.3047735618115055,0.3047735618115055,2023-10-20
2023-11-12,La Liga,Barcelona,Alaves,H,0.8091911132160465,0.12764691100944683,0.06316197577450665,0.7719602298640883,0.14822585058834262,0.0798139195475691,2023-10-20
2023-11-12,La Liga,Sevilla,Betis,D,0.46076989110343497,0.26178700437730745,0.2774431045192576,0.434335129421092,0.2811880606656781,0.2844768099132299,2023-10-20
2023-11-12,La Liga,Ath Madrid,Villarreal,H,0.5901274317041035,0.2170337148119108,0.19283885348398552,0.7240974152316556,0.16700353466616502,0.10889905010217941,2023-10-20
2023-11-24,La Liga,Alaves,Granada,H,0.4964150908123488,0.24245611508704604,0.26112879410060513,0.5576061532800115,0.26436912989297556,0.17802471682701285,2023-11-24
2023-11-25,La Liga,Vallecano,Barcelona,D,0.19628261727955668,0.23441188665356757,0.5693054960668756,0.19407447675998915,0.22832291383528136,0.5776026094047296,2023-11-24
2023-11-25,La Liga,Valencia,Celta,D,0.4660302497224167,0.26474855140155,0.26922119887603324,0.42348194951202867,0.29337604936074274,0.2831420011272285,2023-11-24
2023-11-25,La Liga,Getafe,Almeria,H,0.5529017066672488,0.2425247968591655,0.20457349647358575,0.5448183041722745,0.2635262449528936,0.19165545087483177,2023-11-24
2023-11-25,La Liga,Ath Madrid,Mallorca,H,0.7077846201682195,0.1867647752707974,0.10545060456098279,0.7118766562274149,0.18983377499397736,0.09828956877860755,2023-11-24
2023-11-26,La Liga,Cadiz,Real Madrid,A,0.16396888635916157,0.2134434328941928,0.6225876807466457,0.14024759062865438,0.2058953990080245,0.653857010363321,2023-11-24
2023-11-26,La Liga,Villarreal,Osasuna,H,0.5836744943399169,0.22602399936546652,0.1903015062946166,0.4423138382869926,0.2812400127836369,0.2764461489293704,2023-11-24
2023-11-26,La Liga,Sociedad,Sevilla,H,0.5435891833223044,0.2474886265194393,0.20892219015825622,0.5951282387489578,0.2455845643445066,0.1592871969065355,2023-11-24
2023-11-26,La Liga,Betis,Las Palmas,H,0.5424077762533454,0.27133244224367853,0.18625978150297623,0.5650346528454532,0.2598555087952351,0.17510983835931163,2023-11-24
2023-11-27,La Liga,Girona,Ath Bilbao,D,0.4306189582669601,0.24622204425476676,0.3231589974782731,0.42802595706533164,0.2654696509667494,0.3065043919679189,2023-11-24
2023-11-29,La Liga,Mallorca,Cadiz,D,0.4818827514971614,0.2758793063823037,0.2422379421205349,0.5195700319022271,0.291770558455605,0.1886594096421679,2023-11-24
2023-12-01,La Liga,Las Palmas,Getafe,H,0.36115422250295703,0.3428803242887905,0.29596545320825235,0.4041268318997812,0.32682740432163515,0.26904576377858364,2023-11-24
2023-12-02,La Liga,Girona,Valencia,H,0.5457394056029062,0.2257419118685903,0.22851868252850313,0.5813387659455438,0.2415014276440443,0.17715980641041204,2023-11-24
2023-12-02,La Liga,Ath Bilbao,Vallecano,H,0.585757200909814,0.23810464632714934,0.1761381527630366,0.6558386437273586,0.20348871964706305,0.14067263662557836,2023-11-24
2023-12-02,La Liga,Real Madrid,Granada,H,0.8186463973160911,0.11481781832195652,0.06653578436195219,0.8111078162884404,0.12454429695267666,0.06434788675888294,2023-11-24
2023-12-02,La Liga,Osasuna,Sociedad,D,0.2868691339647688,0.28374720693593214,0.42938365909929926,0.2430912550768269,0.30673975404016013,0.45016899088301277,2023-11-24
2023-12-03,La Liga,Mallorca,Alaves,D,0.44883071753288434,0.27696453760579437,0.2742047448613214,0.3537481244763148,0.33545080769305713,0.310801067830628,2023-11-24
2023-12-03,La Liga,Almeria,Betis,D,0.29653692244818924,0.23708892115339802,0.46637415639841284,0.27416379128230406,0.25603126540384485,0.46980494331385114,2023-11-24
2023-12-03,La Liga,Sevilla,Villarreal,D,0.4366531941988375,0.24612674170898505,0.3172200640921775,0.5115539263972096,0.24606391396321475,0.24238215963957566,2023-11-24
2023-12-03,La Liga,Barcelona,Ath Madrid,H,0.5212992210064723,0.24206662131896656,0.23663415767456114,0.4983585661602398,0.24790796020726213,0.25373347363249804,2023-11-24
2023-12-04,La Liga,Celta,Cadiz,D,0.542693061219982,0.25120735386573656,0.20609958491428143,0.6267300618367544,0.22696999902966575,0.14629993913357975,2023-11-24
2023-12-08,La Liga,Getafe,Valencia,H,0.4084569538014659,0.3023226019467428,0.28922044425179144,0.36427830666868644,0.33082417646441925,0.3048975168668943,2023-11-24
2023-12-09,La Liga,Mallorca,Sevilla,H,0.3545010772379594,0.28013188323034405,0.3653670395316967,0.3733106347496786,0.31737483931487337,0.309314525935448,2023-11-24
2023-12-09,La Liga,Villarreal,Sociedad,A,0.4085336921105727,0.25427408898650544,0.3371922189029219,0.27633468215637647,0.2795109428708175,0.444154374972806,2023-11-24
2023-12-09,La Liga,Alaves,Las Palmas,A,0.42535593148970013,0.3045606218131039,0.27008344669719603,0.48141994569842367,0.2986586700166146,0.2199213842849617,2023-11-24
2023-12-09,La Liga,Betis,Real Madrid,D,0.2924929356013212,0.24715926287436737,0.4603478015243116,0.2042784295606772,0.23158055857117346,0.5641410118681494,2023-11-24
2023-12-10,La Liga,Ath Madrid,Almeria,H,0.808309651414089,0.12174379020515977,0.06994655838075135,0.8033561061612569,0.1220287756194314,0.07461511821931179,2023-11-24
2023-12-10,La Liga,Cadiz,Osasuna,D,0.3815255186613971,0.2918059273204281,0.3266685540181747,0.34309690231888007,0.3173925741321236,0.33951052354899625,2023-11-24
2023-12-10,La Liga,Barcelona,Girona,A,0.6969414636293286,0.1706264762186239,0.1324320601520475,0.6641199611163796,0.18123647537007745,0.15464356351354297,2023-11-24
2023-12-11,La Liga,Vallecano,Celta,D,0.43054447628603676,0.27071918666392986,0.2987363370500336,0.35415688116486616,0.30530765617660877,0.3405354626585252,2023-11-24
2023-12-11,La Liga,Granada,Ath Bilbao,D,0.27099352521086895,0.24661691948384695,0.48238955530528405,0.23306203795517244,0.26337905102251197,0.5035589110223156,2023-11-24
2023-12-15,La Liga,Osasuna,Vallecano,H,0.4302720274553078,0.28257493519432586,0.2871530373503664,0.42535457268878296,0.3063087960557588,0.2683366312554581,2023-11-24
2023-12-16,La Liga,Sevilla,Getafe,A,0.48362812444741543,0.2835923217923994,0.2327795537601852,0.5333718851235328,0.2813729944709652,0.18525512040550188,2023-11-24
2023-12-16,La Liga,Celta,Granada,H,0.5589643769433211,0.22581506629449385,0.21522055676218507,0.566604933005677,0.2536372867643214,0.17975778023000147,2023-11-24
2023-12-16,La Liga,Ath Bilbao,Ath Madrid,H,0.35769568132250534,0.273054517048858,0.36924980162863663,0.3702853975317386,0.291572034583375,0.3381425678848863,2023-11-24
2023-12-16,La Liga,Valencia,Barcelona,D,0.22217736908755803,0.24369392874631193,0.53412870216613,0.16073718969171572,0.21290627757411468,0.6263565327341696,2023-11-24
2023-12-17,La Liga,Real Madrid,Villarreal,H,0.6677664622087188,0.18036971957176953,0.15186381821951167,0.7892499482558232,0.13208298173828592,0.07866707000589088,2023-11-24
2023-12-17,La Liga,Las Palmas,Cadiz,D,0.45225576457841854,0.3053501290891755,0.24239410633240585,0.4835601589786824,0.2945320968324701,0.22190774418884737,2023-11-24
2023-12-17,La Liga,Almeria,Mallorca,D,0.4122482174892112,0.252211633385645,0.33554014912514357,0.40554194156456175,0.3139679547596607,0.2804901036757776,2023-11-24
2023-12-17,La Liga,Sociedad,Betis,D,0.5222603069704396,0.2535669226587366,0.22417277037082375,0.6096866911670074,0.23191431553960334,0.1583989932933892,2023-11-24
2023-12-18,La Liga,Girona,Alaves,H,0.6206349797481777,0.2039461862728522,0.17541883397897043,0.5970352374279854,0.2347565739401302,0.16820818863188458,2023-11-24
2023-12-19,La Liga,Granada,Sevilla,A,0.33792337542965395,0.24955499557937588,0.41252162899097,0.3117443569007208,0.3068272534795738,0.3814283896197055,2023-11-24
2023-12-19,La Liga,Vallecano,Valencia,A,0.4148434221149874,0.27599136376996514,0.30916521411504727,0.4269501666997858,0.3070808769954295,0.26596895630478457,2023-11-24
2023-12-19,La Liga,Ath Madrid,Getafe,D,0.642493055267268,0.22734394454368348,0.13016300018904856,0.6547280354430977,0.2134355710255032,0.13183639353139928,2023-11-24
2023-12-20,La Liga,Ath Bilbao,Las Palmas,H,0.5800688135311962,0.26221547725254557,0.1577157092162581,0.7009929479468856,0.1863911884714262,0.11261586358168825,2023-11-24
2023-12-20,La Liga,Villarreal,Celta,H,0.5614802313713744,0.22395249250458915,0.21456727612403642,0.3971828093566629,0.2878987819301255,0.31491840871321175,2023-11-24
2023-12-20,La Liga,Barcelona,Almeria,H,0.8558623948942795,0.09489030344323146,0.04924730166248908,0.8426966292134832,0.10674157303370785,0.05056179775280898,2023-11-24
2023-12-21,La Liga,Cadiz,Sociedad,D,0.23945648818829818,0.2691335543280465,0.49140995748365557,0.15488082261370803,0.2705021609437185,0.5746170164425736,2023-11-24
2023-12-21,La Liga,Alaves,Real Madrid,A,0.1903970761946383,0.22113687247731087,0.5884660513280509,0.16032141921333812,0.23446522325631047,0.6052133575303514,2023-11-24
2023-12-21,La Liga,Betis,Girona,D,0.4682716033140924,0.23710628164067798,0.29462211504522967,0.36434149933423116,0.27402586006264706,0.3616326406031216,2023-11-24
2023-12-21,La Liga,Mallorca,Osasuna,H,0.42097605312729064,0.29001974956562304,0.2890041973070863,0.4303201979274983,0.3330560436014199,0.23662375847108177,2023-11-24
2023-12-23,La Liga,Ath Madrid,Sevilla,H,0.6312108869736657,0.21301269382449725,0.15577641920183716,0.610572274991824,0.22735595251451995,0.16207177249365612,2023-11-24
2024-01-02,La Liga,Sociedad,Alaves,D,0.6330819939068287,0.22931373414972933,0.13760427194344188,0.6333916176548509,0.2504106395379643,0.11619774280718488,2024-01-02
2024-01-02,La Liga,Valencia,Villarreal,H,0.3967533225292646,0.25889932041469155,0.3443473570560437,0.4368501914072907,0.28401630520065835,0.27913350339205106,2024-01-02
2024-01-02,La Liga,Getafe,Vallecano,A,0.4577343544790477,0.30003215069104827,0.24223349482990397,0.40228041024465705,0.3272789778261616,0.2704406119291812,2024-01-02
2024-01-03,La Liga,Real Madrid,Mallorca,H,0.740745563618063,0.17103448621629594,0.08821995016564131,0.7884436230631133,0.14250388446474047,0.06905249247214632,2024-01-02
2024-01-03,La Liga,Girona,Ath Madrid,H,0.3697711139686759,0.24242298206926724,0.3878059039620569,0.3615035790578271,0.26308885807442944,0.3754075628677435,2024-01-02
2024-01-03,La Liga,Granada,Cadiz,H,0.46223040750958505,0.26671469583420154,0.2710548966562135,0.4328706225892916,0.31216631436727754,0.2549630630434309,2024-01-02
2024-01-03,La Liga,Celta,Betis,H,0.3858165069799759,0.280742732715348,0.33344076030467623,0.44055705659419375,0.2941483670915916,0.26529457631421477,2024-01-02
2024-01-04,La Liga,Sevilla,Ath Bilbao,A,0.34948053109980354,0.2847631466004268,0.36575632229976945,0.3150555696173405,0.29862629144711106,0.3863181389355484,2024-01-02
2024-01-04,La Liga,Las Palmas,Barcelona,A,0.15498239892599278,0.24036655303098092,0.604651048043026,0.1523894137359213,0.2067676874408334,0.6408428988232453,2024-01-02
2024-01-04,La Liga,Osasuna,Almeria,H,0.5314769026660863,0.23689168619932283,0.23163141113459096,0.558824520418707,0.25454310615930636,0.18663237342198663,2024-01-02
2024-01-12,La Liga,Sevilla,Alaves,A,0.5429202315546466,0.2584937270484557,0.19858604139689748,0.4694331921209685,0.30084418194749374,0.22972262593153775,2024-01-02
2024-01-13,La Liga,Las Palmas,Villarreal,H,0.29611850929781625,0.2756211467129094,0.42826034398927426,0.3629299890899,0.2781429261116327,0.3589270847984672,2024-01-02
2024-01-13,La Liga,Mallorca,Celta,D,0.3931156623226663,0.29500937507204567,0.31187496260528785,0.40397199845849346,0.330024581791515,0.2660034197499916,2024-01-02
2024-01-13,La Liga,Ath Bilbao,Sociedad,H,0.4459377752832422,0.2826727107447141,0.2713895139720439,0.4528996494890438,0.31467702919043955,0.23242332132051652,2024-01-02
2024-01-13,La Liga,Betis,Granada,H,0.6299973917632782,0.2135571465657902,0.15644546167093182,0.5517654651055591,0.2555545312067853,0.19268000368765556,2024-01-02
2024-01-14,La Liga,Almeria,Girona,D,0.29743801562052113,0.21613662829062594,0.4864253560888529,0.2531052959164344,0.2584905149784862,0.4884041891050794,2024-01-02
2024-01-14,La Liga,Cadiz,Valencia,A,0.3444521908635167,0.29686112958548233,0.35868667955100114,0.3087985969014908,0.3413037123648056,0.34989769073370364,2024-01-02
2024-01-19,La Liga,Alaves,Cadiz,H,0.47058607798666513,0.28503758649290084,0.24437633552043417,0.5774127093127674,0.27172362791189053,0.15086366277534202,2024-01-02
2024-01-20,La Liga,Vallecano,Las Palmas,A,0.4784921629265853,0.29953081407648174,0.22197702299693298,0.5623785292277367,0.2614300189923532,0.1761914517799102,2024-01-02
2024-01-20,La Liga,Villarreal,Mallorca,D,0.5870049532192478,0.22860228809966338,0.18439275868108876,0.4584910546723949,0.28504429205439213,0.25646465327321305,2024-01-02
2024-01-20,La Liga,Valencia,Ath Bilbao,H,0.31686896900004985,0.2906356155771783,0.39249541542277167,0.27376987707124373,0.30182703838599845,0.4244030845427577,2024-01-02
2024-01-20,La Liga,Celta,Sociedad,A,0.3195615971623859,0.2857215102549062,0.39471689258270776,0.3861508810572687,0.32764317180616737,0.2862059471365639,2024-01-02
2024-01-21,La Liga,Girona,Sevilla,H,0.5331379914871166,0.23010950369875308,0.2367525048141303,0.530442058290336,0.24328545530609397,0.22627248640356992,2024-01-02
2024-01-21,La Liga,Betis,Barcelona,A,0.2714160435039587,0.2563810288393346,0.47220292765670646,0.23677569276130037,0.23562629619449793,0.5275980110442018,2024-01-02
2024-01-21,La Liga,Real Madrid,Almeria,H,0.8360270096780825,0.10603613819112993,0.05793685213078751,0.8583485641560529,0.09948039769193227,0.04217103815201477,2024-01-02
2024-01-21,La Liga,Osasuna,Getafe,H,0.3919015765079368,0.30960912039288824,0.29848930309917493,0.3922151334703025,0.3346545507425789,0.2731303157871187,2024-01-02
2024-01-22,La Liga,Granada,Ath Madrid,A,0.20261458299062687,0.22928446791662732,0.5681009490927458,0.1837341259119157,0.24344771683328828,0.572818157254796,2024-01-02
2024-01-26,La Liga,Almeria,Alaves,A,0.44129132291572376,0.25466523965762783,0.3040434374266486,0.33889040721508606,0.31374692538945065,0.34736266739546323,2024-01-02
2024-01-27,La Liga,Sociedad,Vallecano,D,0.6026594943034249,0.24105584104709377,0.1562846646494813,0.5333949631943407,0.2941754039435455,0.1724296328621137,2024-01-02
2024-01-27,La Liga,Las Palmas,Real Madrid,A,0.16381144948251702,0.24509873920891598,0.5910898113085671,0.1421688904808812,0.19921196382197548,0.6586191456971434,2024-01-02
2024-01-27,La Liga,Barcelona,Villarreal,A,0.7001754681725585,0.17086807834934414,0.12895645347809748,0.7122422596516029,0.16063838691976454,0.12711935342863256,2024-01-02
2024-01-27,La Liga,Mallorca,Betis,A,0.33427880229349016,0.2949304527204213,0.3707907449860883,0.4283040858270003,0.30963384548639833,0.26206206868660126,2024-01-02
2024-01-28,La Liga,Celta,Girona,A,0.3850327498234668,0.25014971261699315,0.3648175375595401,0.3514115474672098,0.2741999961927243,0.3743884563400658,2024-01-02
2024-01-28,La Liga,Cadiz,Ath Bilbao,D,0.23409596901752588,0.27724369877522176,0.4886603322072522,0.18922012098751978,0.2888985775791596,0.5218813014333206,2024-01-02
2024-01-28,La Liga,Sevilla,Osasuna,D,0.5157487092446599,0.26463819722952386,0.21961309352581648,0.4570428395369496,0.30139357529836,0.24156358516469045,2024-01-02
2024-01-28,La Liga,Ath Madrid,Valencia,H,0.6381534506115858,0.21840239844406073,0.1434441509443533,0.6065001470406876,0.24019807803591586,0.15330177492339656,2024-01-02
2024-01-29,La Liga,Getafe,Granada,H,0.5392293662348484,0.2602260560901819,0.20054457767496958,0.5198353707230173,0.2825849253639659,0.1975797039130168,2024-01-02
2024-01-31,La Liga,Ath Madrid,Vallecano,H,0.6692215538537342,0.205691119032712,0.12508732711355378,0.5922360599083997,0.25359455306782647,0.15416938702377386,2024-01-02
2024-01-31,La Liga,Barcelona,Osasuna,H,0.7527009715364403,0.16195922255607087,0.08533980590748899,0.7226376441186555,0.16782226050589227,0.10954009537545231,2024-01-02
2024-02-01,La Liga,Getafe,Real Madrid,A,0.22375754133846487,0.2625215824170557,0.5137208762444793,0.14654263654235164,0.25462263882161884,0.5988347246360295,2024-02-01
2024-02-02,La Liga,Ath Bilbao,Mallorca,H,0.6007426801120611,0.2480470020960531,0.15121031779188612,0.6344364800976056,0.24889431142290683,0.11666920847948754,2024-02-01
2024-02-03,La Liga,Valencia,Almeria,H,0.5801124654048398,0.22367002601451563,0.19621750858064468,0.559223637951497,0.25472490315068186,0.18605145889782118,2024-02-01
2024-02-03,La Liga,Granada,Las Palmas,D,0.44758079689553226,0.2786847659570083,0.27373443714745943,0.4399848542218856,0.2928814842862552,0.2671336614918591,2024-02-01
2024-02-03,La Liga,Alaves,Barcelona,A,0.19748657075104645,0.23095723984222047,0.5715561894067329,0.2261203501806229,0.2700881960490774,0.5037914537702999,2024-02-01
2024-02-03,La Liga,Girona,Sociedad,D,0.4261635167446464,0.2527567545172503,0.3210797287381033,0.471963427239492,0.2793806494578602,0.24865592330264794,2024-02-01
2024-02-04,La Liga,Villarreal,Cadiz,D,0.6639937852389246,0.19545000540422586,0.14055620935684923,0.6010927606467278,0.23319502280511606,0.16571221654815613,2024-02-01
2024-02-04,La Liga,Osasuna,Celta,A,0.42521280309560283,0.28273096508735795,0.29205623181703905,0.44622806643043167,0.31178755923664775,0.2419843743329207,2024-02-01
2024-02-04,La Liga,Betis,Getafe,D,0.5003671069108971,0.27689114513949836,0.22274174794960444,0.46077197435352113,0.30382152058935297,0.2354065050571258,2024-02-01
2024-02-04,La Liga,Real Madrid,Ath Madrid,D,0.528967012033908,0.2368129565081282,0.23422003145796386,0.5643193762421302,0.23388658485215996,0.20179403890570977,2024-02-01
2024-02-05,La Liga,Vallecano,Sevilla,A,0.4145150764997653,0.2813225602851613,0.3041623632150734,0.4526153944485674,0.2985040178111718,0.2488805877402609,2024-02-01
2024-02-09,La Liga,Cadiz,Betis,A,0.28758516213123086,0.28047068980164896,0.43194414806712017,0.31856748798286755,0.32172162152725237,0.35971089048988,2024-02-01
2024-02-10,La Liga,Las Palmas,Valencia,H,0.34782755322775966,0.3055120844504072,0.34666036232183317,0.37430469715698395,0.3243974042027194,0.3012978986402967,2024-02-01
2024-02-10,La Liga,Real Madrid,Girona,H,0.6687319191467818,0.17889507715652733,0.15237300369669066,0.6760093338782491,0.17640389551932412,0.1475867706024269,2024-02-01
2024-02-10,La Liga,Sociedad,Osasuna,A,0.5885256666984341,0.24725957953406916,0.16421475376749653,0.5514751989709784,0.29147037543210863,0.15705442559691293,2024-02-01
2024-02-10,La Liga,Alaves,Villarreal,D,0.35628726533578625,0.2533833841379087,0.3903293505263052,0.43796645886381597,0.27939239617174466,0.28264114496443943,2024-02-01
2024-02-11,La Liga,Getafe,Celta,H,0.43019576369159346,0.2954619252942254,0.2743423110141811,0.4386016514459119,0.3161349565616638,0.2452633919924243,2024-02-01
2024-02-11,La Liga,Mallorca,Vallecano,H,0.4097773297073714,0.301541203363332,0.28868146692929647,0.38746028687889816,0.34609441995232537,0.26644529316877646,2024-02-01
2024-02-11,La Liga,Sevilla,Ath Madrid,H,0.2927972626116151,0.26194936089945997,0.44525337648892477,0.257194942745446,0.2685626750214878,0.47424238223306625,2024-02-01
2024-02-11,La Liga,Barcelona,Granada,D,0.8103366847862261,0.12288946629496753,0.0667738489188066,0.8118977259954728,0.11987075607129188,0.06823151793323536,2024-02-01
2024-02-12,La Liga,Almeria,Ath Bilbao,D,0.23987534640962813,0.24175821054303054,0.5183664430473413,0.20583043201098422,0.26616976413475213,0.5279998038542638,2024-02-01
2024-02-16,La Liga,Villarreal,Getafe,D,0.5421888655673511,0.24342560574946526,0.21438552868318347,0.46763395983305783,0.2701885101257668,0.2621775300411753,2024-02-01
2024-02-17,La Liga,Ath Madrid,Las Palmas,H,0.7002957272337829,0.1965096478342714,0.10319462493194567,0.6563609199996193,0.21829531721335654,0.12534376278702408,2024-02-01
2024-02-17,La Liga,Osasuna,Cadiz,H,0.5235087969705763,0.2686888576154673,0.20780234541395637,0.5368916797488227,0.28414442700156983,0.17896389324960754,2024-02-01
2024-02-17,La Liga,Celta,Barcelona,A,0.22288819279199795,0.2382815714502505,0.5388302357577515,0.24484182964083098,0.25659423746359084,0.49856393289557815,2024-02-01
2024-02-17,La Liga,Valencia,Sevilla,D,0.44299244134121607,0.2739235813985649,0.2830839772602193,0.4212374401936075,0.30695851320101997,0.27180404660537244,2024-02-01
2024-02-18,La Liga,Betis,Alaves,D,0.5474671846314948,0.25076055068841097,0.20177226468009424,0.39684378608476273,0.3146496038536145,0.28850661006162276,2024-02-01
2024-02-18,La Liga,Mallorca,Sociedad,A,0.2857059999309805,0.30137707176137524,0.4129169283076445,0.250096942525085,0.34621961082654124,0.40368344664837374,2024-02-01
2024-02-18,La Liga,Granada,Almeria,D,0.497528797933315,0.2303189991990295,0.27215220286765546,0.42495817924874724,0.28454802060807927,0.29049380014317344,2024-02-01
2024-02-18,La Liga,Vallecano,Real Madrid,D,0.21961240059497422,0.24913022494792422,0.5312573744571016,0.18026421409232526,0.24694357899892516,0.5727922069087495,2024-02-01
2024-02-19,La Liga,Ath Bilbao,Girona,H,0.5313535648662406,0.23422368715588424,0.234422747977875,0.5190802163306986,0.2652131159941001,0.2157066676752014,2024-02-01
2024-02-23,La Liga,Sociedad,Villarreal,A,0.532198665697048,0.2378370786694088,0.22996425563354328,0.5869794309355607,0.23913976815893218,0.17388080090550723,2024-02-01
2024-02-24,La Liga,Barcelona,Getafe,H,0.7049457093400805,0.1885516891655708,0.10650260149434859,0.6832364712023664,0.19173829824256133,0.1250252305550722,2024-02-01
2024-02-24,La Liga,Alaves,Mallorca,D,0.4329220062917957,0.29329033799688536,0.27378765571131897,0.5104227018897697,0.31054843998471426,0.1790288581255162,2024-02-01
2024-02-24,La Liga,Almeria,Ath Madrid,D,0.20062763865228406,0.21342666362816687,0.5859456977195492,0.17981072555205047,0.24605678233438485,0.5741324921135647,2024-02-01
2024-02-25,La Liga,Cadiz,Celta,D,0.34128174205077805,0.2899287191561965,0.36878953879302556,0.2853768013229388,0.32223009685802034,0.3923931018190409,2024-02-01
2024-02-25,La Liga,Betis,Ath Bilbao,H,0.3658772065522037,0.28416815282650537,0.34995464062129106,0.24142430178385652,0.29305419764727164,0.46552150056887176,2024-02-01
2024-02-25,La Liga,Las Palmas,Osasuna,D,0.3792405957229493,0.3058795673879203,0.3148798368891302,0.39398182949025656,0.31290518290705266,0.2931129876026909,2024-02-01
2024-02-25,La Liga,Real Madrid,Sevilla,H,0.7017749249354662,0.1806671990121712,0.1175578760523624,0.747485445873157,0.1562813979216163,0.09623315620522681,2024-02-01
2024-02-26,La Liga,Girona,Vallecano,H,0.5831612032223736,0.22141005046471668,0.19542874631290938,0.5837248835907886,0.2374959085197816,0.1787792078894297,2024-02-01
2024-03-01,La Liga,Celta,Almeria,H,0.5654792093222845,0.22559932071573582,0.20892146996197983,0.5316067760078133,0.25268581820631125,0.21570740578587547,2024-02-01
2024-03-02,La Liga,Valencia,Real Madrid,D,0.22643792993656775,0.2592440621158447,0.5143180079475874,0.1696899596580811,0.24205151352723783,0.588258526814681,2024-03-02
2024-03-02,La Liga,Getafe,Las Palmas,D,0.4699520305931446,0.3089502011515756,0.22109776825527983,0.46944287505684246,0.298081825572903,0.23247529937025452,2024-03-02
2024-03-02,La Liga,Vallecano,Cadiz,D,0.5246518506508822,0.27605934470196913,0.19928880464714868,0.551257123888004,0.276413828502247,0.17232904760974901,2024-03-02
2024-03-02,La Liga,Sevilla,Sociedad,H,0.3462129088926789,0.2951627809838536,0.3586243101234674,0.3434626748079575,0.34104392357691554,0.31549340161512707,2024-03-02
2024-03-03,La Liga,Villarreal,Granada,H,0.6485971062390913,0.19459308314593388,0.15680981061497515,0.5450255603617774,0.2449862367282737,0.20998820290994885,2024-03-02
2024-03-03,La Liga,Ath Madrid,Betis,H,0.5936614764355164,0.23275835820694063,0.1735801653575431,0.6331507436792141,0.22269439950096495,0.14415485681982104,2024-03-02
2024-03-03,La Liga,Mallorca,Girona,H,0.33319913557655534,0.2661526192532777,0.4006482451701669,0.25973969787648266,0.29259833435483296,0.44766196776868444,2024-03-02
2024-03-03,La Liga,Ath Bilbao,Barcelona,D,0.3472685506019325,0.2727081819943184,0.380023267403749,0.2959520926731895,0.27439815875301327,0.4296497485737971,2024-03-02
2024-03-04,La Liga,Osasuna,Alaves,H,0.4495908885668624,0.29032614229081793,0.2600829691423199,0.3953954487951348,0.3168315322592937,0.2877730189455715,2024-03-02
2024-03-08,La Liga,Barcelona,Mallorca,H,0.7429328441281053,0.17091858664849646,0.08614856922339807,0.6673073038195442,0.20719391660349873,0.12549877957695707,2024-03-02
2024-03-09,La Liga,Valencia,Getafe,H,0.44412555274717597,0.30155091341074763,0.2543235338420765,0.5165620146371828,0.2988112576978165,0.18462672766500068,2024-03-02
2024-03-09,La Liga,Cadiz,Ath Madrid,H,0.18575088373952928,0.25130224913881516,0.5629468671216556,0.19518213275730115,0.2628875880227064,0.5419302792199925,2024-03-02
2024-03-09,La Liga,Granada,Sociedad,A,0.2588121187919009,0.2746003577454211,0.4665875234626781,0.20495791792807214,0.2906119731815948,0.504430108890333,2024-03-02
2024-03-09,La Liga,Girona,Osasuna,H,0.5997500798552469,0.21917239233328972,0.18107752781146327,0.6334308212460755,0.21584613730656912,0.15072304144735543,2024-03-02
2024-03-10,La Liga,Betis,Villarreal,A,0.46614614546738764,0.24888768872211778,0.2849661658104945,0.45036714713081316,0.26896926842534674,0.2806635844438401,2024-03-02
2024-03-10,La Liga,Real Madrid,Celta,H,0.7220457384052206,0.17786605366518576,0.1000882079295938,0.7450538225061918,0.16035926643345189,0.09458691106035638,2024-03-02
2024-03-10,La Liga,Alaves,Vallecano,H,0.4140956625859322,0.2962167786147631,0.28968755879930475,0.46049267227938884,0.31142292900945845,0.22808439871115269,2024-03-02
2024-03-10,La Liga,Las Palmas,Ath Bilbao,A,0.2501845976345504,0.30627590242398156,0.4435394999414681,0.20077384873762444,0.27786180212112493,0.5213643491412506,2024-03-02
2024-03-11,La Liga,Almeria,Sevilla,D,0.3439496383615634,0.26137896438986863,0.39467139724856776,0.2773443041566179,0.2821676833593417,0.44048801248404024,2024-03-02
2024-03-15,La Liga,Sociedad,Cadiz,H,0.657712011139392,0.22584349684918198,0.11644449201142612,0.6716685598134752,0.22598194535780472,0.10234949482872004,2024-03-02
2024-03-16,La Liga,Mallorca,Granada,H,0.4812895169315204,0.276092717673629,0.2426177653948506,0.5220053994310667,0.28982986356471163,0.1881647370042217,2024-03-02
2024-03-16,La Liga,Osasuna,Real Madrid,A,0.1998406620065718,0.24884177172341299,0.5513175662700152,0.13285246766851455,0.21715123078553164,0.6499963015459538,2024-03-02
2024-03-16,La Liga,Getafe,Girona,H,0.36370920101168025,0.2679177696082359,0.36837302938008387,0.2605091158044123,0.28329416966485643,0.45619671453073135,2024-03-02
2024-03-16,La Liga,Ath Bilbao,Alaves,H,0.6152894200938643,0.23998508151909437,0.1447254983870415,0.6028780024251795,0.25746248909934727,0.13965950847547323,2024-03-02
2024-03-17,La Liga,Ath Madrid,Barcelona,A,0.4093869093921088,0.2561475179739548,0.3344655726339361,0.4299213969995863,0.2730420014370632,0.29703660156335054,2024-03-02
2024-03-17,La Liga,Sevilla,Celta,A,0.4821587723394245,0.2712289781940496,0.24661224946652566,0.48384335544618023,0.27241600684784933,0.24374063770597043,2024-03-02
2024-03-17,La Liga,Las Palmas,Almeria,A,0.4739943256385662,0.27284378018225247,0.253161894179181,0.5506317040602211,0.24534475927746552,0.20402353666231346,2024-03-02
2024-03-17,La Liga,Villarreal,Valencia,H,0.5373013332622987,0.24137332467973113,0.22132534205797008,0.4325517220915828,0.2833087302588145,0.2841395476496028,2024-03-02
2024-03-17,La Liga,Vallecano,Betis,H,0.36830513873675236,0.2924369464025771,0.3392579148606704,0.37552682196223525,0.31173540669300936,0.3127377713447554,2024-03-02
2024-03-29,La Liga,Cadiz,Granada,H,0.4173265863000748,0.28189967883930744,0.3007737348606178,0.521688500727802,0.2887918486171761,0.18951965065502183,2024-03-02
2024-03-30,La Liga,Getafe,Sevilla,A,0.40182764480184796,0.2986412815359369,0.2995310736622152,0.35929820195358675,0.3245660424314067,0.3161357556150065,2024-03-02
2024-03-30,La Liga,Almeria,Osasuna,A,0.3970428907417184,0.269772335727145,0.3331847735311364,0.3849404312265377,0.2978285293587585,0.3172310394147037,2024-03-02
2024-03-30,La Liga,Valencia,Mallorca,D,0.4742411162095526,0.294328162578846,0.23143072121160135,0.4481199420495245,0.32199346829386366,0.22988658965661182,2024-03-02
2024-03-30,La Liga,Barcelona,Las Palmas,H,0.7581982461631184,0.165044960871079,0.07675679296580268,0.7649848640999712,0.1445098843727082,0.09050525152732053,2024-03-02
2024-03-31,La Liga,Celta,Vallecano,D,0.45380851509065173,0.2852713009733682,0.26092018393598027,0.506658767162103,0.27325416655933643,0.22008706627856056,2024-03-02
2024-03-31,La Liga,Girona,Betis,H,0.5057580797465323,0.23764654163174817,0.25659537862171955,0.5610099934212588,0.23846370727734092,0.20052629930140034,2024-03-02
2024-03-31,La Liga,Alaves,Sociedad,A,0.28398198334668484,0.298866440304478,0.4171515763488369,0.23547079456428138,0.32328663544138964,0.44124256999432904,2024-03-02
2024-03-31,La Liga,Real Madrid,Ath Bilbao,H,0.5709706698624692,0.24282009887027514,0.18620923126725553,0.6141876904384027,0.22620432421740708,0.1596079853441902,2024-03-02
2024-04-01,La Liga,Villarreal,Ath Madrid,A,0.3693195305885158,0.24245595813905754,0.3882245112724267,0.2901930568969821,0.26860844935919004,0.44119849374382797,2024-04-01
2024-04-04,La Liga,Granada,Valencia,A,0.35869608950832893,0.2768173626982329,0.3644865477934382,0.3090507726269316,0.30708854549914155,0.38386068187392697,2024-04-01
2024-04-12,La Liga,Betis,Celta,H,0.512236424441801,0.2577523374521732,0.23001123810602564,0.5166222835810026,0.2660958611321328,0.21728185528686464,2024-04-01
2024-04-13,La Liga,Mallorca,Real Madrid,A,0.1930800063105153,0.2515166945195348,0.5554032991699499,0.1863689006913817,0.27222423696493964,0.5414068623436787,2024-04-01
2024-04-13,La Liga,Cadiz,Barcelona,A,0.15087877575445632,0.21968735776818393,0.6294338664773595,0.2586246028143441,0.28268270540172497,0.45869269178393096,2024-04-01
2024-04-13,La Liga,Ath Madrid,Girona,H,0.5895096622232766,0.20909246311272894,0.2013978746639945,0.5114671490406356,0.24917630337877122,0.23935654758059305,2024-04-01
2024-04-13,La Liga,Vallecano,Getafe,D,0.4219341819807523,0.3031007245471347,0.274965093472113,0.38154612507831326,0.32539886921394606,0.2930550057077406,2024-04-01
2024-04-14,La Liga,Sociedad,Almeria,D,0.6973733076528983,0.18592663298722656,0.11670005935987517,0.7496716641393794,0.17279666017397044,0.07753167568665022,2024-04-01
2024-04-14,La Liga,Ath Bilbao,Villarreal,D,0.54029191315183,0.23733989891913235,0.2223681879290375,0.5989050764636684,0.22721925617591168,0.17387566736041987,2024-04-01
2024-04-14,La Liga,Granada,Alaves,H,0.4128912159913843,0.27466220101520955,0.31244658299340583,0.358958571211454,0.31999267367863177,0.3210487551099143,2024-04-01
2024-04-14,La Liga,Las Palmas,Sevilla,A,0.3405764870204446,0.2967288654220595,0.3626946475574958,0.34500370929966095,0.30121066880032316,0.35378562190001595,2024-04-01
2024-04-15,La Liga,Osasuna,Valencia,A,0.4038788014116801,0.2928498691436653,0.30327132944465485,0.3987504928274649,0.32004973766414946,0.28119976950838566,2024-04-01
2024-04-19,La Liga,Ath Bilbao,Granada,D,0.6914953767042871,0.19450577029715935,0.11399885299855375,0.7566446458749424,0.16141752445332103,0.08193782967173657,2024-04-01
2024-04-20,La Liga,Celta,Las Palmas,H,0.5054318197091172,0.2800095989159957,0.21455858137488729,0.5741076650647807,0.24688090431538917,0.17901143061983016,2024-04-01
2024-04-20,La Liga,Vallecano,Osasuna,H,0.45103584947654085,0.29011307405628023,0.2588510764671789,0.45607119621752695,0.316427246887079,0.22750155689539403,2024-04-01
2024-04-20,La Liga,Valencia,Betis,A,0.40780047565601835,0.2831307576915011,0.30906876665248045,0.3474856727742352,0.31108241181693436,0.34143191540883033,2024-04-01
2024-04-20,La Liga,Girona,Cadiz,H,0.6761727907439816,0.19182688466501557,0.13200032459100272,0.692552225249773,0.19391462306993643,0.11353315168029066,2024-04-01
2024-04-21,La Liga,Getafe,Sociedad,D,0.3121624938976166,0.30274220611756275,0.3850952999848206,0.24906499545132926,0.31618315980996664,0.43475184473870415,2024-04-01
2024-04-21,La Liga,Almeria,Villarreal,A,0.29700907093191853,0.226343492576827,0.4766474364912545,0.2727923450404155,0.23919722865612789,0.48801042630345676,2024-04-01
2024-04-21,La Liga,Alaves,Ath Madrid,H,0.24062765349762627,0.2621028953875134,0.4972694511148601,0.1799608780699848,0.2811562703760052,0.53888285155401,2024-04-01
2024-04-21,La Liga,Real Madrid,Barcelona,H,0.4787615377776305,0.24187899066529508,0.2793594715570743,0.5628178329641531,0.22128973886999653,0.2158924281658503,2024-04-01
2024-04-22,La Liga,Sevilla,Mallorca,H,0.5054853651158686,0.27304555704731187,0.22146907783681943,0.4582245248502283,0.30937451996257453,0.23240095518719717,2024-04-01
2024-04-26,La Liga,Sociedad,Real Madrid,A,0.32898313872178697,0.2716336899906864,0.3993831712875267,0.41061411528346814,0.30316369259246717,0.2862221921240646,2024-04-01
2024-04-27,La Liga,Ath Madrid,Ath Bilbao,H,0.4943018570933746,0.26381708086733907,0.24188106203928625,0.49309681086957247,0.27833831444500223,0.22856487468542536,2024-04-01
2024-04-27,La Liga,Alaves,Celta,H,0.40513106222672507,0.2860040739426527,0.3088648638306223,0.3651155172144829,0.3132926696098466,0.32159181317567037,2024-04-01
2024-04-27,La Liga,Las Palmas,Girona,A,0.2910133351712478,0.2646222204489862,0.44436444437976597,0.18442458351852545,0.23705306222990957,0.578522354251565,2024-04-01
2024-04-27,La Liga,Almeria,Getafe,A,0.3710121594428634,0.2737157694220474,0.3552720711350892,0.3755563798219585,0.30021327893175076,0.32423034124629085,2024-04-01
2024-04-28,La Liga,Cadiz,Mallorca,D,0.37047047646277237,0.31331441661403314,0.31621510692319454,0.34018175866315414,0.34997116179015136,0.3098470795466945,2024-04-01
2024-04-28,La Liga,Granada,Osasuna,H,0.39773842839965395,0.2745190226959456,0.32774254890440035,0.4070373358872458,0.3118010361443966,0.2811616279683577,2024-04-01
2024-04-28,La Liga,Villarreal,Vallecano,H,0.5730658528234945,0.23015356550344224,0.19678058167306328,0.5423979429745515,0.25617211554734753,0.20142994147810106,2024-04-01
2024-04-28,La Liga,Betis,Sevilla,D,0.4821649624943944,0.2595594028108573,0.25827563469474835,0.49100087136804776,0.276974850515309,0.23202427811664308,2024-04-01
2024-04-29,La Liga,Barcelona,Valencia,H,0.7162869751285245,0.17992267368514656,0.10379035118632905,0.7279283528392326,0.16521240772631046,0.10685923943445688,2024-04-01
2024-05-03,La Liga,Getafe,Ath Bilbao,A,0.30439080983939665,0.30568591579531496,0.3899232743652885,0.24715896815451754,0.3113252387330942,0.44151579311238814,2024-05-03
2024-05-04,La Liga,Sociedad,Las Palmas,H,0.6576102288921508,0.22599717969406824,0.11639259141378064,0.7187036071760832,0.1906188349091773,0.09067755791473948,2024-05-03
2024-05-04,La Liga,Real Madrid,Cadiz,H,0.8007623926849526,0.13830250589453535,0.06093510142051224,0.7108396847018602,0.192195222901497,0.0969650923966429,2024-05-03
2024-05-04,La Liga,Girona,Barcelona,H,0.31975068532792517,0.22774601729248664,0.45250329737958794,0.33214601129421767,0.2501768157048992,0.41767717300088325,2024-05-03
2024-05-04,La Liga,Mallorca,Ath Madrid,A,0.2494755137994981,0.2799294604000947,0.4705950258004074,0.24951076320939342,0.31800391389432486,0.43248532289628183,2024-05-03
2024-05-05,La Liga,Vallecano,Almeria,A,0.5259182932944356,0.24863923643644062,0.2254424702691239,0.5817778347669305,0.24472770379364578,0.17349446143942387,2024-05-03
2024-05-05,La Liga,Sevilla,Granada,H,0.5877770810588286,0.22705070210792555,0.1851722168332457,0.5637604228624015,0.2461086109957691,0.1901309661418295,2024-05-03
2024-05-05,La Liga,Osasuna,Betis,A,0.3672958392853943,0.2835186716114479,0.34918548910315783,0.284325637910085,0.3001215066828676,0.41555285540704745,2024-05-03
2024-05-05,La Liga,Celta,Villarreal,H,0.3835196864701925,0.24908659080880355,0.3673937227210038,0.34262481103516923,0.26659026392873436,0.3907849250360965,2024-05-03
2024-05-05,La Liga,Valencia,Alaves,A,0.4760562258402396,0.28241508131718934,0.24152869284257103,0.4360587078051237,0.31267232103068354,0.25126897116419267,2024-05-03
2024-05-10,La Liga,Alaves,Girona,D,0.33817362587953687,0.2535838614223681,0.4082425126980951,0.3049469457459064,0.2665152758710798,0.4285377783830138,2024-05-03
2024-05-11,La Liga,Mallorca,Las Palmas,H,0.49580122317501213,0.29813623352211377,0.20606254330287402,0.5908883784512662,0.27452037979038996,0.13459124175834397,2024-05-03
2024-05-11,La Liga,Villarreal,Sevilla,H,0.5379178124508576,0.22711898035882191,0.2349632071903205,0.48179684515037396,0.2508323781452978,0.26737077670432835,2024-05-03
2024-05-11,La Liga,Granada,Real Madrid,A,0.15824312951113145,0.2067065818491041,0.6350502886397643,0.16798067379538945,0.21070619299986895,0.6213131332047417,2024-05-03
2024-05-11,La Liga,Ath Bilbao,Osasuna,D,0.6056515397696801,0.24312235070359084,0.1512261095267292,0.6855448999055848,0.21151385314373622,0.10294124695067886,2024-05-03
2024-05-12,La Liga,Cadiz,Getafe,H,0.35175562551644185,0.3095844603172953,0.3386599141662629,0.45661544524633085,0.30204686284928095,0.24133769190438825,2024-05-03
2024-05-12,La Liga,Ath Madrid,Celta,H,0.6615030774341486,0.20184210531136204,0.13665481725448952,0.6972768760665105,0.19041549267828087,0.11230763125520851,2024-05-03
2024-05-12,La Liga,Valencia,Vallecano,D,0.46084786090336416,0.29125830352205684,0.24789383557457906,0.4265521869426927,0.31271350039528595,0.2607343126620213,2024-05-03
2024-05-12,La Liga,Betis,Almeria,H,0.6287938869143151,0.20514085916477914,0.16606525392090585,0.7066381156316915,0.17601713062098498,0.11734475374732332,2024-05-03
2024-05-13,La Liga,Barcelona,Sociedad,H,0.5976569688130579,0.22796598881429464,0.17437704237264737,0.5608028569726642,0.244380086287836,0.19481705673949976,2024-05-03
2024-05-14,La Liga,Girona,Villarreal,A,0.5213051140098297,0.21041418524551878,0.26828070074465155,0.563713349844212,0.21642566110090275,0.21986098905488535,2024-05-03
2024-05-14,La Liga,Real Madrid,Alaves,H,0.7553335775737869,0.16185805194432099,0.0828083704818924,0.8020563126773725,0.12953803165717995,0.06840565566544754,2024-05-03
2024-05-14,La Liga,Osasuna,Mallorca,D,0.4340905629400331,0.30186006085332734,0.2640493762066395,0.3517419936711321,0.3359742491272538,0.31228375720161405,2024-05-03
2024-05-15,La Liga,Sevilla,Cadiz,A,0.5830578864865079,0.24349627534809087,0.1734458381654013,0.4440334232744364,0.2843371920967882,0.2716293846287753,2024-05-03
2024-05-15,La Liga,Vallecano,Granada,H,0.5026887716865214,0.26716899577923114,0.2301422325342475,0.6245106458916562,0.22992672235916084,0.14556263174918302,2024-05-03
2024-05-15,La Liga,Celta,Ath Bilbao,H,0.314296648000509,0.2857172165723395,0.3999861354271515,0.4234713901703928,0.30061240660243926,0.2759162032271681,2024-05-03
2024-05-15,La Liga,Getafe,Ath Madrid,A,0.2736646631052862,0.27869474174714776,0.44764059514756593,0.19019624794674506,0.25866689720757324,0.5511368548456816,2024-05-03
2024-05-16,La Liga,Las Palmas,Betis,D,0.2867170539044585,0.29068869453911217,0.42259425155642916,0.30049261083743845,0.30049261083743845,0.3990147783251232,2024-05-03
2024-05-16,La Liga,Almeria,Barcelona,A,0.15936266974987542,0.1890507345031982,0.6515865957469265,0.13553713489395428,0.17716462787783785,0.6872982372282079,2024-05-03
2024-05-16,La Liga,Sociedad,Valencia,H,0.5582862315611715,0.25942622696503165,0.18228754147379694,0.6591807608392526,0.2258731278400236,0.11494611132072377,2024-05-03
2024-05-18,La Liga,Alaves,Getafe,H,0.4111771311317466,0.3008283812099129,0.28799448765834057,0.48810545902805846,0.2865279833232556,0.22536655764868596,2024-05-03
2024-05-19,La Liga,Mallorca,Almeria,D,0.5065593887755828,0.25826668720941126,0.2351739240150061,0.6983045673807159,0.2052100102873562,0.09648542233192792,2024-05-03
2024-05-19,La Liga,Villarreal,Real Madrid,D,0.28959610601460645,0.2336447381339184,0.47675915585147516,0.32207690806168265,0.24562430867330343,0.432298783265014,2024-05-03
2024-05-19,La Liga,Valencia,Girona,A,0.37537951192171876,0.25369831737049775,0.3709221707077833,0.24393002814577242,0.25820252979259956,0.4978674420616279,2024-05-03
2024-05-19,La Liga,Granada,Celta,A,0.39135300007791074,0.2669370789978916,0.3417099209241976,0.24142430178385652,0.29305419764727164,0.46552150056887176,2024-05-03
2024-05-19,La Liga,Cadiz,Las Palmas,D,0.4487263413039918,0.3023286707122417,0.2489449879837665,0.5037779084753063,0.2834668697834813,0.21275522174121247,2024-05-03
2024-05-19,La Liga,Betis,Sociedad,A,0.38312764288848744,0.2848025160368188,0.3320698410746939,0.28045074942010284,0.3190701968812318,0.4004790536986653,2024-05-03
2024-05-19,La Liga,Barcelona,Vallecano,H,0.7318164395771437,0.1743867222219419,0.09379683820091432,0.7432524566838103,0.15944359631830915,0.09730394699788052,2024-05-03
2024-05-19,La Liga,Ath Madrid,Osasuna,A,0.6750543051321104,0.20195034958145264,0.12299534528643673,0.7399275954688777,0.16828214410837322,0.09179026042274903,2024-05-03
2024-05-19,La Liga,Ath Bilbao,Sevilla,H,0.5538718416793644,0.2519310260072094,0.1941971323134265,0.620674583273905,0.22465251737988212,0.15467289934621276,2024-05-03
2024-05-24,La Liga,Girona,Granada,H,0.6862268074723441,0.175772996484978,0.13800019604267788,0.7907618618799612,0.1272730173474344,0.0819651207726043,2024-05-03
2024-05-25,La Liga,Osasuna,Villarreal,D,0.3489537035481241,0.2587488207661558,0.39229747568572004,0.377199289223995,0.25277251070075507,0.3700282000752499,2024-05-03
2024-05-25,La Liga,Sociedad,Ath Madrid,A,0.39477023622285384,0.27906858799464207,0.3261611757825041,0.3618338573109341,0.29054718691534703,0.3476189557737188,2024-05-03
2024-05-25,La Liga,Almeria,Cadiz,H,0.4791060789444508,0.2573249294755432,0.2635689915800062,0.4379072127819794,0.25924106996693186,0.3028517172510886,2024-05-03
2024-05-25,La Liga,Vallecano,Ath Bilbao,A,0.2914411845709449,0.30397912225388934,0.4045796931751658,0.29580746223988424,0.300372392212722,0.40382014554739387,2024-05-03
2024-05-25,La Liga,Real Madrid,Betis,D,0.6924491468822129,0.18658272672594695,0.12096812639184008,0.8011652093335042,0.11957689691544841,0.0792578937510474,2024-05-03
2024-05-26,La Liga,Las Palmas,Alaves,D,0.3553549286232772,0.30889607484696147,0.335748996529761,0.4093628634407474,0.2783667471397082,0.31227038941954444,2024-05-03
2024-05-26,La Liga,Sevilla,Barcelona,A,0.25719156215442085,0.24325331275125872,0.4995551250943204,0.20507497754128945,0.22095777762421395,0.5739672448344966,2024-05-03
2024-05-26,La Liga,Getafe,Mallorca,A,0.4504824610464127,0.3063392558733653,0.24317828308022196,0.4037609657003862,0.31088304387793314,0.2853559904216806,2024-05-03
2024-05-26,La Liga,Celta,Valencia,D,0.44500405298885726,0.2769649831385299,0.27803096387261284,0.5087681175871542,0.2570759535956256,0.23415592881722033,2024-05-03
2024-08-15,La Liga,Ath Bilbao,Getafe,D,0.5731303757940971,0.2555565858288938,0.17131303837700898,0.6030649276556632,0.2617074214354765,0.13522765090886044,2024-08-15
2024-08-15,La Liga,Betis,Girona,D,0.4319873115391827,0.23352950126104985,0.3344831871997674,0.41369865072536194,0.2834378510800584,0.3028634981945796,2024-08-15
2024-08-16,La Liga,Celta,Alaves,H,0.48734578451228644,0.26161783784340087,0.2510363776443126,0.4524494652187677,0.29748206428756896,0.2500684704936634,2024-08-15
2024-08-16,La Liga,Las Palmas,Sevilla,D,0.3164730962484632,0.283648461510083,0.3998784422414539,0.36767119056352443,0.29979343230564304,0.33253537713083264,2024-08-15
2024-08-17,La Liga,Osasuna,Leganes,D,0.41729258440693384,0.31036385964839247,0.2723435559446736,0.5166875083467893,0.29615015722315974,0.18716233443005084,2024-08-15
2024-08-17,La Liga,Valencia,Barcelona,A,0.23685423144347537,0.2445339705167067,0.518611798039818,0.2279323555589954,0.2610193103982044,0.5110483340428003,2024-08-15
2024-08-18,La Liga,Sociedad,Vallecano,A,0.5540113094398813,0.26575325430026514,0.18023543625985336,0.5411609917655332,0.2882970759703287,0.17054193226413814,2024-08-15
2024-08-18,La Liga,Mallorca,Real Madrid,D,0.20032922781745816,0.2541766477985873,0.5454941243839547,0.10343472451465849,0.20576907961958657,0.6907961958657549,2024-08-15
2024-08-19,La Liga,Valladolid,Espanol,H,0.3920778538289362,0.2660770501833466,0.34184509598771723,0.41744637761207765,0.32859799318788546,0.2539556292000368,2024-08-15
2024-08-19,La Liga,Villarreal,Ath Madrid,D,0.36494939813985766,0.2408359318720219,0.3942146699881205,0.27657742962899207,0.2727037961607989,0.4507187742102092,2024-08-15
2024-08-23,La Liga,Sevilla,Villarreal,A,0.43923010670455226,0.23657029046490416,0.32419960283054355,0.4396613050917329,0.26767258519358944,0.29266610971467766,2024-08-15
2024-08-23,La Liga,Celta,Valencia,H,0.4628017660597129,0.26704448728810587,0.27015374665218134,0.44645903590557434,0.28541955961118826,0.2681214044832375,2024-08-15
2024-08-24,La Liga,Getafe,Vallecano,D,0.4305220351442095,0.29982550487912296,0.2696524599766676,0.3553065718811575,0.3514584862651161,0.2932349418537264,2024-08-15
2024-08-24,La Liga,Espanol,Sociedad,A,0.3016054181972013,0.2712639312413048,0.4271306505614939,0.24932830646559195,0.31266250650025995,0.43800918703414793,2024-08-15
2024-08-24,La Liga,Osasuna,Mallorca,H,0.43047053243295175,0.30103583838957415,0.26849362917747416,0.40070248324048724,0.3202983665376264,0.27899915022188654,2024-08-15
2024-08-24,La Liga,Barcelona,Ath Bilbao,H,0.5905485821846195,0.22651338451176523,0.18293803330361533,0.6056894508099566,0.22125642038719878,0.17305412880284474,2024-08-15
2024-08-25,La Liga,Real Madrid,Valladolid,H,0.8328009716674012,0.11499919874337905,0.05219982958921969,0.8513215338303204,0.1004665164147583,0.048211949754921275,2024-08-15
2024-08-25,La Liga,Leganes,Las Palmas,H,0.49416919743460785,0.3037855186709986,0.2020452838943935,0.4040437445976925,0.3224322597617348,0.2735239956405728,2024-08-15
2024-08-25,La Liga,Alaves,Betis,D,0.38109582000263276,0.27730595768374466,0.34159822231362247,0.38774178032775625,0.32768749785275014,0.28457072181949356,2024-08-15
2024-08-25,La Liga,Ath Madrid,Girona,H,0.5897151873209907,0.20296522736638237,0.20731958531262717,0.647002772002772,0.21006583506583507,0.14293139293139293,2024-08-15
2024-08-26,La Liga,Villarreal,Celta,H,0.5661823887894019,0.21653661141983185,0.2172809997907664,0.5769425523921531,0.23188121722938212,0.1911762303784649,2024-08-15
2024-08-27,La Liga,Mallorca,Sevilla,D,0.38769174001466294,0.29004515606614345,0.3222631039191936,0.41056976337305334,0.30407823099816766,0.285352005628779,2024-08-15
2024-08-27,La Liga,Vallecano,Barcelona,A,0.22439069227115646,0.2504361931026567,0.5251731146261865,0.18328472450618774,0.2430015520395321,0.57371372345428,2024-08-15
2024-08-28,La Liga,Ath Bilbao,Valencia,H,0.5656590573553089,0.25223014213187134,0.1821108005128195,0.5540049148444819,0.26062059166071055,0.1853744934948075,2024-08-15
2024-08-28,La Liga,Valladolid,Leganes,D,0.3401102292582367,0.31195214011974914,0.3479376306220142,0.43895693401817465,0.32161201106282106,0.23943105491900435,2024-08-15
2024-08-28,La Liga,Ath Madrid,Espanol,D,0.7209186805456146,0.17065682939296503,0.10842449006142023,0.762100545135622,0.16920763851787415,0.0686918163465039,2024-08-15
2024-08-28,La Liga,Sociedad,Alaves,A,0.5745583308380775,0.25063557352608085,0.17480609563584168,0.5914321860991192,0.25865300938734814,0.14991480451353253,2024-08-15
2024-08-29,La Liga,Las Palmas,Real Madrid,D,0.1472040842906851,0.219712185761988,0.6330837299473269,0.0975129686177845,0.17370589750193152,0.7287811338802841,2024-08-15
2024-08-29,La Liga,Girona,Osasuna,H,0.6378273619967945,0.19627929670034128,0.16589334130286423,0.5782055826672388,0.24224074286308261,0.1795536744696786,2024-08-15
2024-08-31,La Liga,Barcelona,Valladolid,H,0.8244001333417088,0.11880937661161853,0.05679049004667274,0.8107818317618847,0.12433381182946429,0.06488435640865116,2024-08-15
2024-08-31,La Liga,Ath Bilbao,Ath Madrid,A,0.3939084158605321,0.27668767453408794,0.3294039096053799,0.34532474478524755,0.3005604260167895,0.35411482919796294,2024-08-15
2024-08-31,La Liga,Espanol,Vallecano,H,0.41878517125501524,0.27584532196910505,0.30536950677587976,0.3367439096386248,0.33558272374331927,0.3276733666180558,2024-08-15
2024-08-31,La Liga,Leganes,Mallorca,A,0.4173731767717992,0.3282867217891052,0.25434010143909574,0.34176050679491804,0.3529048711469263,0.30533462205815565,2024-08-15
2024-08-31,La Liga,Valencia,Villarreal,D,0.39682552152909095,0.2516947164062045,0.3514797620647045,0.36433756277162205,0.30590606685541843,0.3297563703729596,2024-08-15
2024-09-01,La Liga,Alaves,Las Palmas,H,0.5219372127688223,0.2728545190877761,0.20520826814340162,0.5590539087697742,0.26724005529104594,0.17370603593917988,2024-08-15
2024-09-01,La Liga,Osasuna,Celta,H,0.42021452694475325,0.27396835159458455,0.3058171214606624,0.3905684442759143,0.29470164431728085,0.31472991140680484,2024-08-15
2024-09-01,La Liga,Sevilla,Girona,A,0.4102572743225238,0.23015972907440257,0.3595829966030737,0.32620645693501815,0.26705913232592143,0.4067344107390603,2024-08-15
2024-09-01,La Liga,Getafe,Sociedad,D,0.3212351727826907,0.30180721790481885,0.3769576093124903,0.3049135422016778,0.3549905838041431,0.3400958739941791,2024-08-15
2024-09-01,La Liga,Real Madrid,Betis,H,0.6902627254804806,0.1845549009601062,0.12518237355941297,0.7634190216445192,0.1561538907909244,0.08042708756455638,2024-08-15
2024-09-13,La Liga,Betis,Leganes,H,0.5040642814904166,0.28182402240398946,0.21411169610559394,0.5749201215962745,0.26904339952137635,0.15603647888234912,2024-08-15
2024-09-14,La Liga,Espanol,Alaves,H,0.41010708191216044,0.2727383765476352,0.31715454154020445,0.3234953861494895,0.3224242093741601,0.35408040447635036,2024-09-14
2024-09-14,La Liga,Sevilla,Getafe,H,0.48164468187294557,0.2772425338527667,0.24111278427428773,0.42327701895325115,0.31711307608875494,0.259609904957994,2024-09-14
2024-09-14,La Liga,Mallorca,Villarreal,A,0.36320692441321945,0.2746394322675069,0.3621536433192737,0.4028101097439309,0.3017958097771866,0.29539408047888266,2024-09-14
2024-09-14,La Liga,Sociedad,Real Madrid,A,0.29619953457080755,0.27261615804209166,0.4311843073871008,0.19319843308019027,0.2577687316693255,0.5490328352504843,2024-09-14
2024-09-15,La Liga,Ath Madrid,Valencia,H,0.660031525279048,0.2113320684272224,0.12863640629372966,0.6958931646240271,0.19862248435880853,0.1054843510171644,2024-09-14
2024-09-15,La Liga,Las Palmas,Ath Bilbao,A,0.23299593459832468,0.28874534635971993,0.47825871904195527,0.2502190292623095,0.28628000700893647,0.4635009637287542,2024-09-14
2024-09-15,La Liga,Celta,Valladolid,H,0.6187755857546653,0.2234893256563279,0.15773508858900664,0.5886151362570626,0.2409962716685244,0.17038859207441284,2024-09-14
2024-09-15,La Liga,Girona,Barcelona,A,0.3442684084739275,0.22440246561659852,0.43132912590947386,0.22025514189013276,0.22910700338453524,0.550637854725332,2024-09-14
2024-09-16,La Liga,Vallecano,Osasuna,H,0.4599205482367237,0.29235119896656847,0.2477282527967081,0.45062563408860323,0.31197159283057146,0.23740277308082516,2024-09-14
2024-09-17,La Liga,Mallorca,Sociedad,H,0.3254865900570391,0.3221080509715645,0.35240535897139663,0.316446282912319,0.36503915781645796,0.3185145592712231,2024-09-14
2024-09-18,La Liga,Betis,Getafe,H,0.5101818231836984,0.27609991013718765,0.21371826667911406,0.5035744906582121,0.30952190030902843,0.18690360903275946,2024-09-14
2024-09-19,La Liga,Leganes,Ath Bilbao,A,0.2236801395651581,0.3130330245400948,0.4632868358947471,0.2315989847715736,0.32423857868020306,0.4441624365482234,2024-09-14
2024-09-20,La Liga,Alaves,Sevilla,H,0.4288343442956213,0.27343340937693217,0.29773224632744655,0.4443770774011238,0.2940138367095048,0.26160908588937126,2024-09-14
2024-09-21,La Liga,Valladolid,Sociedad,D,0.23243344642368613,0.28267877255425156,0.4848877810220625,0.24057979301275087,0.317628223454743,0.44179198353250615,2024-09-14
2024-09-21,La Liga,Osasuna,Las Palmas,H,0.5197124664972198,0.27377448267746435,0.20651305082531585,0.5253367543296985,0.2669980756895446,0.20766516998075693,2024-09-14
2024-09-21,La Liga,Valencia,Girona,H,0.3436672652982817,0.24920248676679146,0.40713024793492675,0.3831202321660881,0.3079510726904632,0.3089286951434488,2024-09-14
2024-09-21,La Liga,Real Madrid,Espanol,H,0.7950890009968389,0.13382797212238812,0.07108302688077292,0.8554874762373168,0.09914880493827363,0.04536371882440957,2024-09-14
2024-09-22,La Liga,Vallecano,Ath Madrid,D,0.25246750502083004,0.28212897404503395,0.465403520934136,0.16455294863665187,0.2742549143944198,0.5611921369689284,2024-09-14
2024-09-22,La Liga,Villarreal,Barcelona,A,0.29534922106903533,0.22294944696225383,0.48170133196871096,0.2505612095792614,0.23365587495704618,0.5157829154636924,2024-09-14
2024-09-22,La Liga,Getafe,Leganes,D,0.5120716207718908,0.3055614830784911,0.182366896149618,0.4713894210639836,0.34434830049354836,0.184262278442468,2024-09-14
2024-09-22,La Liga,Ath Bilbao,Celta,H,0.5671246649681341,0.24412414131090854,0.1887511937209575,0.532008830022075,0.2660044150110375,0.20198675496688742,2024-09-14
2024-09-23,La Liga,Betis,Mallorca,A,0.5081576965703409,0.28361623261371627,0.20822607081594258,0.5168284194862248,0.30651022985302917,0.17666135066074592,2024-09-14
2024-09-24,La Liga,Sevilla,Valladolid,H,0.6298101104919384,0.22190309398208832,0.14828679552597343,0.6019840145665507,0.24169433003794183,0.15632165539550752,2024-09-14
2024-09-24,La Liga,Valencia,Osasuna,D,0.47745350061232344,0.2794583469037153,0.243088152483961,0.4861702931523321,0.30290983997030035,0.2109198668773675,2024-09-14
2024-09-24,La Liga,Real Madrid,Alaves,H,0.731599758051118,0.17194660444124765,0.09645363750763437,0.8347360009127376,0.11939503835496616,0.045868960732296335,2024-09-14
2024-09-25,La Liga,Girona,Vallecano,D,0.6194258525811253,0.2126902250191882,0.16788392239968658,0.56973293768546,0.2522255192878338,0.17804154302670622,2024-09-14
2024-09-25,La Liga,Barcelona,Getafe,H,0.7246433011166473,0.17837134007346878,0.09698535880988389,0.7579316326552042,0.16115489863765142,0.0809134687071444,2024-09-14
2024-09-26,La Liga,Espanol,Villarreal,A,0.34459044490931234,0.23833457335524494,0.4170749817354429,0.2679580765188741,0.2732269151021104,0.45881500837901545,2024-09-14
2024-09-26,La Liga,Las Palmas,Betis,D,0.278626287954245,0.2859010218392629,0.43547269020649226,0.2637913524492751,0.28969943170768603,0.446509215843039,2024-09-14
2024-09-26,La Liga,Celta,Ath Madrid,A,0.27528864368646366,0.25692059458943256,0.46779076172410383,0.23008735486301843,0.2719800105103467,0.49793263462663484,2024-09-14
2024-09-27,La Liga,Valladolid,Mallorca,A,0.3156145401680538,0.3172242103360573,0.3671612494958889,0.28846900827240873,0.3317885863064906,0.3797424054211006,2024-09-14
2024-09-28,La Liga,Sociedad,Valencia,H,0.5369592261555198,0.2672598262774629,0.1957809475670175,0.521492241465009,0.2930439785875881,0.18546377994740282,2024-09-14
2024-09-28,La Liga,Osasuna,Barcelona,H,0.1930046026270481,0.2312580861877437,0.575737311185208,0.21721969676348096,0.24335138960720795,0.539428913629311,2024-09-14
2024-09-28,La Liga,Getafe,Alaves,H,0.42714657505706694,0.29947573587706766,0.27337768906586524,0.3771853394136218,0.35909157774433376,0.2637230828420446,2024-09-14
2024-09-28,La Liga,Vallecano,Leganes,D,0.5143787034716053,0.302149396072339,0.18347190045605566,0.5113382593186553,0.31039702642346484,0.17826471425787982,2024-09-14
2024-09-29,La Liga,Celta,Girona,D,0.36427994256054125,0.23380494988292544,0.4019151075565333,0.37431394072447854,0.28540065861690445,0.3402854006586169,2024-09-14
2024-09-29,La Liga,Ath Bilbao,Sevilla,D,0.5454263053187384,0.254032951836124,0.2005407428451377,0.5589958614993246,0.25503259463629663,0.18597154386437875,2024-09-14
2024-09-29,La Liga,Betis,Espanol,H,0.5843564925933463,0.23119290884179824,0.18445059856485554,0.6447198033088776,0.23014820401806263,0.12513199267305977,2024-09-14
2024-09-29,La Liga,Ath Madrid,Real Madrid,D,0.40684178683106065,0.2618357852529688,0.33132242791597055,0.34243910031909097,0.3039147015331932,0.35364619814771575,2024-09-14
2024-09-30,La Liga,Villarreal,Las Palmas,H,0.6846716173422371,0.18797873278353486,0.12734964987422798,0.6442078208187995,0.2023131999265651,0.1534789792546356,2024-09-14
2024-10-04,La Liga,Leganes,Valencia,D,0.3147871024718031,0.32383875832493025,0.3613741392032667,0.32476635514018687,0.3504672897196262,0.32476635514018687,2024-09-14
2024-10-05,La Liga,Espanol,Mallorca,H,0.4093784251599908,0.2946399120781972,0.295981662761812,0.25689298622697565,0.3322950231400128,0.4108119906330116,2024-09-14
2024-10-05,La Liga,Getafe,Osasuna,D,0.45854983381194026,0.2954505489362944,0.24599961725176547,0.4404764027314707,0.31916486886444273,0.2403587284040865,2024-09-14
2024-10-05,La Liga,Las Palmas,Celta,A,0.328415277333574,0.27961724500031804,0.3919674776661079,0.2551190086899651,0.27303466941257504,0.4718463218974598,2024-09-14
2024-10-05,La Liga,Valladolid,Vallecano,A,0.3161147940488154,0.30430430203926717,0.3795809039119176,0.27708797152657016,0.329910762085147,0.39300126638828276,2024-09-14
2024-10-05,La Liga,Real Madrid,Villarreal,H,0.703303469972735,0.16745010101036817,0.12924642901689687,0.7590132827324478,0.1469431202850928,0.0940435969824594,2024-09-14
2024-10-06,La Liga,Sociedad,Ath Madrid,D,0.34554922621918327,0.28857698636670504,0.3658737874141118,0.3372564414507208,0.3133990726021168,0.34934448594716244,2024-09-14
2024-10-06,La Liga,Sevilla,Betis,H,0.42470911763519603,0.2686964108379603,0.30659447152684355,0.35126286067168727,0.3012378093066792,0.34749933002163347,2024-09-14
2024-10-06,La Liga,Alaves,Barcelona,A,0.21988555191189674,0.24006607936415195,0.5400483687239512,0.19860460831036997,0.23345589774944928,0.5679394939401807,2024-09-14
2024-10-06,La Liga,Girona,Ath Bilbao,H,0.48244422045058316,0.2450382444176767,0.2725175351317402,0.4020041753653445,0.29302713987473905,0.3049686847599165,2024-09-14
2024-10-18,La Liga,Alaves,Valladolid,A,0.5942706092300454,0.24285790934283838,0.16287148142711633,0.5990439561772807,0.24568385038156826,0.15527219344115117,2024-10-18
2024-10-19,La Liga,Ath Bilbao,Espanol,H,0.6623637057073671,0.2081186876626999,0.12951760662993295,0.686880727110184,0.21008716382328835,0.1030321090665276,2024-10-18
2024-10-19,La Liga,Osasuna,Betis,A,0.35994812800000087,0.2893479016638564,0.35070397033614226,0.3991333581234396,0.3101545840194881,0.2907120578570724,2024-10-18
2024-10-19,La Liga,Girona,Sociedad,A,0.4941277340158841,0.2480985275314431,0.2577737384526729,0.34739299610894936,0.3039688715953307,0.3486381322957198,2024-10-18
2024-10-19,La Liga,Celta,Real Madrid,A,0.22574125194262148,0.24233515630492686,0.5319235917524516,0.1631195173409335,0.21472591331383947,0.6221545693452271,2024-10-18
2024-10-20,La Liga,Mallorca,Vallecano,H,0.41805292629819735,0.3212991622145509,0.26064791148725164,0.4723866343616498,0.30794824898259443,0.2196651166557559,2024-10-18
2024-10-20,La Liga,Ath Madrid,Leganes,H,0.7152528386874343,0.20399066301813668,0.08075649829442906,0.6875330333603612,0.21074382109524117,0.10172314554439763,2024-10-18
2024-10-20,La Liga,Villarreal,Getafe,D,0.5725191377998634,0.23508928093559278,0.19239158126454384,0.5217963617755226,0.2780920438115966,0.20011159441288084,2024-10-18
2024-10-20,La Liga,Barcelona,Sevilla,H,0.7253424173029517,0.16800588925289353,0.10665169344415472,0.7479929227423295,0.15740797232261097,0.09459910493505935,2024-10-18
2024-10-21,La Liga,Valencia,Las Palmas,A,0.5530515262075723,0.2638597644187006,0.1830887093737272,0.5039369323576519,0.28690214733046254,0.20916092031188557,2024-10-18
2024-10-25,La Liga,Espanol,Sevilla,A,0.35452030593535794,0.26648015647089035,0.3789995375937515,0.3150219943888331,0.3032454712341103,0.38173253437705656,2024-10-18
2024-10-26,La Liga,Real Madrid,Barcelona,A,0.4919879593274548,0.23762173990452085,0.2703903007680242,0.48800561355647665,0.2404320339961178,0.27156235244740573,2024-10-18
2024-10-26,La Liga,Las Palmas,Girona,H,0.23036749244973798,0.23614549307684546,0.5334870144734166,0.36471908040324563,0.3016812146545365,0.33359970494221786,2024-10-18
2024-10-26,La Liga,Vallecano,Alaves,H,0.4448777523551925,0.2946453660031806,0.26047688164162697,0.4655241104781234,0.31385335190299285,0.22062253761888384,2024-10-18
2024-10-26,La Liga,Valladolid,Villarreal,A,0.22972226011241462,0.2348551126838916,0.535422627203694,0.24241767617603044,0.27153488309102847,0.48604744073294104,2024-10-18
2024-10-27,La Liga,Leganes,Celta,H,0.3083072242991139,0.3168302273699336,0.3748625483309523,0.2511025979461095,0.2990052474004443,0.4498921546534462,2024-10-18
2024-10-27,La Liga,Getafe,Valencia,D,0.4408615473987167,0.30473209970427584,0.25440635289700747,0.45460498778034314,0.3366279148269669,0.20876709739268978,2024-10-18
2024-10-27,La Liga,Betis,Ath Madrid,H,0.31876467914114864,0.2812111465290376,0.40002417432981374,0.2685450990937302,0.29893093599424403,0.4325239649120257,2024-10-18
2024-10-27,La Liga,Sociedad,Osasuna,A,0.5634962134997303,0.26138905825285025,0.17511472824741944,0.5914487204127797,0.254586850781354,0.15396442880586647,2024-10-18
2024-10-28,La Liga,Mallorca,Ath Bilbao,D,0.3176128047718909,0.31837936289327834,0.3640078323348308,0.383047511948271,0.32175991003654764,0.29519257801518134,2024-10-18
2024-11-01,La Liga,Alaves,Mallorca,H,0.4286676361042896,0.3052405487118392,0.26609181518387115,0.40737560177698473,0.3322961393334449,0.2603282588895704,2024-10-18
2024-11-02,La Liga,Osasuna,Valladolid,H,0.5700249350110755,0.25449180817706585,0.17548325681185867,0.5644991821835158,0.26456092462006736,0.17093989319641675,2024-10-18
2024-11-02,La Liga,Girona,Leganes,H,0.6876004366331576,0.2016171556958127,0.11078240767102965,0.5637098421092231,0.27083266157202895,0.16545749631874807,2024-10-18
2024-11-03,La Liga,Sevilla,Sociedad,A,0.3857564522002817,0.2896403653767876,0.3246031824229307,0.28296661951058,0.3080396111127833,0.4089937693766367,2024-10-18
2024-11-03,La Liga,Ath Bilbao,Betis,D,0.5052319799226086,0.27051446558455705,0.2242535544928344,0.5027817092021418,0.2756729257841289,0.22154536501372915,2024-10-18
2024-11-03,La Liga,Ath Madrid,Las Palmas,H,0.7699996132952814,0.1598097398763838,0.07019064682833455,0.7215567081193028,0.17741027318896618,0.10103301869173101,2024-10-18
2024-11-03,La Liga,Barcelona,Espanol,H,0.832002521273527,0.11144898670109132,0.05654849202538178,0.8326983781430283,0.11363883748775444,0.05366278436921737,2024-10-18
2024-11-04,La Liga,Celta,Getafe,H,0.4657082907255007,0.2839418411516881,0.25034986812281107,0.45115121344119474,0.3248288736776602,0.22401991288114503,2024-10-18
2024-11-08,La Liga,Vallecano,Las Palmas,A,0.5572148091717466,0.26783601709761784,0.17494917373063548,0.5133464429871193,0.28452339508670244,0.20213016192617822,2024-10-18
2024-11-09,La Liga,Real Madrid,Osasuna,H,0.7545309289779639,0.16332326717003845,0.08214580385199789,0.769914124962985,0.1492448919159017,0.08084098312111342,2024-10-18
2024-11-09,La Liga,Villarreal,Alaves,H,0.5955794466445986,0.2165315808376165,0.1878889725177851,0.6140554170181601,0.23434965190548146,0.1515949310763583,2024-10-18
2024-11-09,La Liga,Leganes,Sevilla,H,0.2932057292663793,0.3186600466866331,0.38813422404698766,0.30512383008523597,0.3233704378644195,0.3715057320503445,2024-10-18
2024-11-10,La Liga,Betis,Celta,D,0.5146513579159032,0.2554564109934341,0.2298922310906627,0.4296481864720618,0.3004901426859819,0.26986167084195617,2024-10-18
2024-11-10,La Liga,Mallorca,Ath Madrid,A,0.25270593229644017,0.29958390068895463,0.44771016701460514,0.2725055859902231,0.3320289904385995,0.3954654235711775,2024-10-18
2024-11-10,La Liga,Getafe,Girona,A,0.3430329813676087,0.2680631064314141,0.38890391220097714,0.37393086655673535,0.3375764767526083,0.2884926566906564,2024-10-18
2024-11-10,La Liga,Valladolid,Ath Bilbao,D,0.20769477536197545,0.27130961143970167,0.5209956131983227,0.20738775785141728,0.2897237930580993,0.5028884490904834,2024-10-18
2024-11-10,La Liga,Sociedad,Barcelona,H,0.3018247217996623,0.26667903844386587,0.4314962397564717,0.23863462121928858,0.2568942624207645,0.5044711163599469,2024-10-18
2024-11-22,La Liga,Getafe,Valladolid,H,0.5817777639786273,0.254244942366983,0.1639772936543897,0.5807164196533705,0.2770846916631796,0.14219888868344993,2024-11-22
2024-11-23,La Liga,Celta,Barcelona,D,0.23351440475283228,0.22651092473754797,0.5399746705096198,0.21921838812579209,0.22584592079006016,0.5549356910841479,2024-11-22
2024-11-23,La Liga,Las Palmas,Mallorca,A,0.33735059241472887,0.3103375120678073,0.3523118955174637,0.339012211477929,0.3243216823138854,0.33666610620818554,2024-11-22
2024-11-23,La Liga,Girona,Espanol,H,0.70089736381715,0.17058291787890306,0.128519718303947,0.5416308962229361,0.2656217271887824,0.19274737658828145,2024-11-22
2024-11-23,La Liga,Ath Madrid,Alaves,H,0.6936173006399143,0.1942354004601794,0.11214729889990624,0.6637697414837999,0.21975143368851424,0.11647882482768603,2024-11-22
2024-11-23,La Liga,Valencia,Betis,H,0.3706496649985041,0.27869903477387237,0.3506513002276234,0.3786357974943219,0.32009671038171295,0.30126749212396514,2024-11-22
2024-11-24,La Liga,Osasuna,Villarreal,D,0.35693564832884,0.24894702918252185,0.3941173224886382,0.3660145086832271,0.2923719498790943,0.3416135414376786,2024-11-22
2024-11-24,La Liga,Sevilla,Vallecano,H,0.4776637049009309,0.2731884206907579,0.24914787440831132,0.4763461067080643,0.2944685023286216,0.22918539096331397,2024-11-22
2024-11-24,La Liga,Leganes,Real Madrid,A,0.1523314374826762,0.2312330490990946,0.6164355134182294,0.09569410727921113,0.18695451074625802,0.7173513819745307,2024-11-22
2024-11-24,La Liga,Ath Bilbao,Sociedad,H,0.45490129000096063,0.2894805687662132,0.255618141232826,0.4004522087359528,0.3343982361609503,0.26514955510309685,2024-11-22
2024-11-29,La Liga,Mallorca,Valencia,H,0.4523053695926655,0.3010319609833296,0.24666266942400492,0.44152391480013575,0.3416739835379142,0.21680210166195005,2024-11-22
2024-11-30,La Liga,Barcelona,Las Palmas,A,0.8421307014691629,0.10802084468201761,0.049848453848819495,0.8561073562542854,0.10183171711235182,0.042060926633362715,2024-11-22
2024-11-30,La Liga,Alaves,Leganes,D,0.5147182425789905,0.2787936479062114,0.2064881095147983,0.5246405418703619,0.30714715267726883,0.1682123054523691,2024-11-22
2024-11-30,La Liga,Espanol,Celta,H,0.3754463465878447,0.26059139119692254,0.36396226221523276,0.25418306101427174,0.31505537983322357,0.4307615591525048,2024-11-22
2024-11-30,La Liga,Valladolid,Ath Madrid,A,0.15714754451132062,0.22703940582045876,0.6158130496682204,0.12175403718491216,0.2115376488508102,0.6667083139642777,2024-11-22
2024-12-01,La Liga,Sociedad,Betis,H,0.49906084919778654,0.2685864998517774,0.23235265095043578,0.5777499668263338,0.2574588711586846,0.1647911620149815,2024-11-22
2024-12-01,La Liga,Vallecano,Ath Bilbao,A,0.32412463627337057,0.29807893251606576,0.3777964312105637,0.2855210876993817,0.32346408938700727,0.3910148229136111,2024-11-22
2024-12-01,La Liga,Villarreal,Girona,D,0.49334426214246635,0.21292226378797555,0.2937334740695581,0.5364930870250181,0.24771747130491903,0.21578944167006278,2024-11-22
2024-12-01,La Liga,Real Madrid,Getafe,H,0.7089652422405919,0.18899118941164084,0.10204356834776704,0.7261067023496006,0.19054887616331467,0.0833444214870846,2024-11-22
2024-12-02,La Liga,Sevilla,Osasuna,D,0.5087079553886779,0.2582376911213729,0.23305435348994935,0.49283378846288173,0.27979324589967636,0.22737296563744194,2024-11-22
2024-12-03,La Liga,Mallorca,Barcelona,A,0.21835641079343082,0.2559358620682706,0.5257077271382985,0.16743057427878136,0.2341601509840928,0.598409274737126,2024-11-22
2024-12-04,La Liga,Ath Bilbao,Real Madrid,H,0.33458688064685527,0.26956774233742786,0.39584537701571704,0.2876633592595731,0.2802023499416015,0.4321342907988253,2024-11-22
2024-12-06,La Liga,Celta,Mallorca,H,0.4633614851482813,0.2850950756752368,0.25154343917648203,0.5108537001956461,0.29502189373000837,0.19412440607434553,2024-11-22
2024-12-07,La Liga,Las Palmas,Valladolid,H,0.4926699411017898,0.26784786174528774,0.23948219715292243,0.5887920370530192,0.2549408820229568,0.15626708092402403,2024-11-22
2024-12-07,La Liga,Betis,Barcelona,D,0.2782346982502857,0.2400106510465423,0.4817546507031719,0.16194661314423645,0.2009213167225174,0.6371320701332461,2024-11-22
2024-12-07,La Liga,Valencia,Vallecano,A,0.42724426737336385,0.29224719031958285,0.28050854230705347,0.44198541731417085,0.3167322208766045,0.24128236180922477,2024-11-22
2024-12-07,La Liga,Girona,Real Madrid,A,0.328013299523092,0.2333894411591925,0.43859725931771576,0.2270934044562983,0.24178103758033753,0.5311255579633642,2024-11-22
2024-12-08,La Liga,Ath Madrid,Sevilla,H,0.6584146031194353,0.20621784989211012,0.13536754698845455,0.7027957780147843,0.1975271229450921,0.09967709904012356,2024-11-22
2024-12-08,La Liga,Leganes,Sociedad,A,0.247449469861603,0.30712493906649097,0.4454255910719062,0.15537975458620099,0.31225354527419236,0.5323667001396066,2024-11-22
2024-12-08,La Liga,Ath Bilbao,Villarreal,H,0.5207134098994536,0.23574318720142554,0.24354340289912108,0.5195796029583495,0.2736940443752433,0.20672635266640715,2024-11-22
2024-12-08,La Liga,Osasuna,Alaves,D,0.4565635175873024,0.2747935251722447,0.2686429572404531,0.4300355268351877,0.3155455489115338,0.25441892425327856,2024-11-22
2024-12-09,La Liga,Getafe,Espanol,H,0.5271492724734942,0.2634412417168013,0.20940948580970484,0.5250925907781545,0.31539652368168375,0.15951088554016188,2024-11-22
2024-12-13,La Liga,Valladolid,Valencia,H,0.3347873389266119,0.2859670984850483,0.37924556258833975,0.29032429518378755,0.30778050280559754,0.401895202010615,2024-11-22
2024-12-14,La Liga,Vallecano,Real Madrid,D,0.22093736336813988,0.25345055036220343,0.5256120862696566,0.14874907938491755,0.22554511571852615,0.6257058048965565,2024-11-22
2024-12-14,La Liga,Sevilla,Celta,H,0.4729441474791928,0.2560761884990266,0.27097966402178064,0.377217708506052,0.29945282706018905,0.32332946443375893,2024-11-22
2024-12-14,La Liga,Espanol,Osasuna,D,0.41382749008184927,0.2694515935791731,0.3167209163389777,0.350239948976814,0.3081224867580831,0.3416375642651027,2024-11-22
2024-12-14,La Liga,Mallorca,Girona,H,0.35530480981561763,0.2734898311031592,0.37120535908122326,0.34889148191365227,0.32555425904317387,0.32555425904317387,2024-11-22
2024-12-15,La Liga,Ath Madrid,Getafe,H,0.642849849469318,0.2276731579048235,0.1294769926258585,0.7362885048835462,0.19534184823441023,0.06836964688204358,2024-11-22
2024-12-15,La Liga,Alaves,Ath Bilbao,D,0.30909941891178705,0.285137585740241,0.4057629953479721,0.23933932968120725,0.325789656121242,0.4348710141975507,2024-11-22
2024-12-15,La Liga,Sociedad,Las Palmas,D,0.6607013599268832,0.21799804640220452,0.1213005936709121,0.7221401491554384,0.19199757933894596,0.08586227150561558,2024-11-22
2024-12-15,La Liga,Villarreal,Betis,A,0.5209542797723427,0.22640418245097277,0.25264153777668474,0.5024248078780706,0.2627858751232185,0.23478931699871092,2024-11-22
2024-12-15,La Liga,Barcelona,Leganes,A,0.8142133397062424,0.12935678274661175,0.056429877547145825,0.8714480439958834,0.08636672578887773,0.04218523021523902,2024-11-22
2024-12-18,La Liga,Espanol,Valencia,D,0.4081769524337659,0.2726816839462248,0.3191413636200095,0.3730326195994327,0.33806081151198586,0.2889065688885814,2024-11-22
2024-12-18,La Liga,Villarreal,Vallecano,D,0.582985923901621,0.2235445159084792,0.19346956018989966,0.550561797752809,0.2516853932584269,0.19775280898876402,2024-11-22
2024-12-20,La Liga,Girona,Valladolid,H,0.754125483963986,0.15215316409048482,0.09372135194552902,0.7072135661878322,0.1930044991389104,0.09978193467325747,2024-11-22
2024-12-21,La Liga,Barcelona,Ath Madrid,A,0.5444805466325136,0.23106906303960495,0.22445039032788172,0.47426971315296085,0.2678382677585591,0.25789201908848003,2024-11-22
2024-12-21,La Liga,Osasuna,Ath Bilbao,A,0.3091838463085218,0.2864311713656028,0.4043849823258754,0.21171775875517643,0.3165421865427556,0.4717400547020678,2024-11-22
2024-12-21,La Liga,Getafe,Mallorca,A,0.4199631546509108,0.322256610685109,0.2577802346639802,0.4019669551534225,0.3712824547600314,0.22675059008654602,2024-11-22
2024-12-21,La Liga,Celta,Sociedad,H,0.3629093288694723,0.28402932857382346,0.35306134255670424,0.35248698150475855,0.32537259831208476,0.3221404201831568,2024-11-22
2024-12-22,La Liga,Valencia,Alaves,D,0.4611873934934755,0.27204131237961227,0.26677129412691225,0.4588869293949848,0.3083603251666936,0.23275274543832158,2024-12-22
2024-12-22,La Liga,Real Madrid,Sevilla,H,0.7327805349622748,0.1648841808040715,0.10233528423365361,0.7719900439396525,0.1448930262649498,0.08311692979539757,2024-12-22
2024-12-22,La Liga,Las Palmas,Espanol,H,0.4427914731562555,0.26604033065554167,0.29116819618820283,0.45675364118816403,0.2943214952337106,0.2489248635781254,2024-12-22
2024-12-22,La Liga,Leganes,Villarreal,A,0.26034999068736586,0.2542647652906379,0.4853852440219961,0.22238470846301672,0.2714584290456377,0.5061568624913454,2024-12-22
2024-12-22,La Liga,Betis,Vallecano,D,0.5225076936873324,0.25756105163192783,0.21993125468073965,0.5535852496517087,0.265354913056191,0.18105983729210023,2024-12-22
2025-01-03,La Liga,Valencia,Real Madrid,A,0.20223356041589474,0.23508715661614782,0.5626792829679573,0.12961582426320759,0.19800208737140298,0.6723820883653893,2024-12-22
2025-01-10,La Liga,Vallecano,Celta,H,0.4297927236721026,0.2748863439283497,0.29532093239954765,0.3342489737953038,0.30683423146508965,0.3589167947396067,2024-12-22
2025-01-11,La Liga,Espanol,Leganes,D,0.4832375948448939,0.27718708108023027,0.23957532407487572,0.45159941459335146,0.3236462471252352,0.2247543382814133,2024-12-22
2025-01-11,La Liga,Alaves,Girona,A,0.33585023018161314,0.24754905799086244,0.4166007118275246,0.2996733337153992,0.3091867728809674,0.3911398934036334,2024-12-22
2025-01-11,La Liga,Valladolid,Betis,H,0.23759669320190002,0.2569755658369137,0.5054277409611865,0.19046672474173165,0.26686271873154704,0.5426705565267214,2024-12-22
2025-01-11,La Liga,Sevilla,Valencia,D,0.4928269210914686,0.2621297627688898,0.24504331613964164,0.45416070513839574,0.30467207178563227,0.24116722307597194,2024-12-22
2025-01-12,La Liga,Ath Madrid,Osasuna,H,0.6985235240774742,0.1898327998285355,0.11164367609399026,0.7279498899610631,0.18198747249026578,0.09006263754867107,2024-12-22
2025-01-12,La Liga,Las Palmas,Getafe,A,0.362770944331736,0.30365700647601673,0.3335720491922472,0.37882127601355975,0.34770381405530304,0.2734749099311372,2024-12-22
2025-01-13,La Liga,Sociedad,Villarreal,H,0.492888293685705,0.2466768791994661,0.26043482711482885,0.4832834880625375,0.2832069419841691,0.2335095699532933,2024-12-22
2025-01-17,La Liga,Espanol,Valladolid,H,0.5490305507061357,0.24524098233810857,0.20572846695575595,0.5331239409844195,0.28205975947431505,0.18481629954126547,2024-12-22
2025-01-18,La Liga,Girona,Sevilla,A,0.5859735739134739,0.21346945281615318,0.20055697327037295,0.5058978907433543,0.2728438062436068,0.22125830301303878,2024-12-22
2025-01-18,La Liga,Leganes,Ath Madrid,H,0.17151845223460938,0.2534647932336792,0.5750167545317113,0.1322574147741578,0.23498162042398915,0.6327609648018531,2024-12-22
2025-01-18,La Liga,Betis,Alaves,A,0.5666982538852687,0.23635979987563252,0.19694194623909864,0.52197334320622,0.27660125879303965,0.20142539800074047,2024-12-22
2025-01-18,La Liga,Getafe,Barcelona,D,0.21142285112515743,0.24149768434491387,0.5470794645299287,0.13343960731238633,0.21198502168225924,0.6545753710053546,2024-12-22
2025-01-19,La Liga,Celta,Ath Bilbao,A,0.3514655520892706,0.2760457091497495,0.3724887387609799,0.27869427345644465,0.30206304793881733,0.4192426786047379,2024-12-22
2025-01-19,La Liga,Real Madrid,Las Palmas,H,0.8191587345753915,0.12275566470725857,0.05808560071735007,0.8377336290135233,0.10985104599379154,0.05241532499268508,2024-12-22
2025-01-19,La Liga,Osasuna,Vallecano,D,0.41424032076292805,0.28818734157336595,0.2975723376637059,0.4171972736212008,0.30664657651022015,0.27615614986857895,2024-12-22
2025-01-19,La Liga,Valencia,Sociedad,H,0.3214443596240243,0.297771350852999,0.3807842895229768,0.30034891835310534,0.33789253314724355,0.3617585484996511,2024-12-22
2025-01-20,La Liga,Villarreal,Mallorca,H,0.573394369741463,0.22853615499956953,0.19806947525896745,0.5582771823638583,0.2618335033188985,0.17988931431724323,2024-12-22
2025-01-24,La Liga,Las Palmas,Osasuna,D,0.375445145150249,0.2776832187348415,0.3468716361149096,0.38733187519460005,0.3000626564007549,0.31260546840464504,2025-01-24
2025-01-25,La Liga,Valladolid,Real Madrid,A,0.1134852300951616,0.17518725307665547,0.711327516828183,0.07227472691749673,0.14210486748337223,0.785620405599131,2025-01-24
2025-01-25,La Liga,Sevilla,Espanol,D,0.5857259852810389,0.22518104233215078,0.18909297238681044,0.5432756789782233,0.267160292684346,0.18956402833743075,2025-01-24
2025-01-25,La Liga,Mallorca,Betis,A,0.37630646312560234,0.28523279932369033,0.3384607375507072,0.45882836025184776,0.3220914316999727,0.21908020804817957,2025-01-24
2025-01-25,La Liga,Ath Madrid,Villarreal,D,0.6103144379147598,0.20119887115078,0.18848669093446024,0.4758826454500248,0.2789656887120835,0.24515166583789158,2025-01-24
2025-01-26,La Liga,Vallecano,Girona,H,0.3665218215394969,0.25674812621826243,0.3767300522422406,0.3849404312265377,0.3172310394147037,0.2978285293587585,2025-01-24
2025-01-26,La Liga,Sociedad,Getafe,A,0.5345255341076081,0.2800159137201594,0.18545855217223264,0.49499393389786894,0.32666266344775186,0.17834340265437923,2025-01-24
2025-01-26,La Liga,Ath Bilbao,Leganes,D,0.6920228618214598,0.20119328619650712,0.10678385198203316,0.7078440944477274,0.20415713881966033,0.08799876673261221,2025-01-24
2025-01-26,La Liga,Barcelona,Valencia,H,0.758936870838836,0.1485092838170451,0.09255384534411916,0.7819263005441517,0.14397744755528544,0.0740962519005629,2025-01-24
2025-01-27,La Liga,Alaves,Celta,D,0.4208605222291811,0.261352234444193,0.3177872433266259,0.419171477888221,0.3106957919171478,0.2701327301946313,2025-01-24
2025-01-31,La Liga,Leganes,Vallecano,A,0.3264919469473169,0.295422106824848,0.37808594622783526,0.2828325789105933,0.32004739192514503,0.39712002916426153,2025-01-24
2025-02-01,La Liga,Espanol,Real Madrid,H,0.1457961956316027,0.1885536151015109,0.6656501892668865,0.09347440553028749,0.16232551967088515,0.7442000747988273,2025-01-24
2025-02-01,La Liga,Getafe,Sevilla,D,0.40097053433039936,0.28688603612959257,0.3121434295400082,0.3485838779956427,0.3376906318082789,0.3137254901960785,2025-01-24
2025-02-01,La Liga,Villarreal,Valladolid,H,0.7510819581949459,0.15094060389238817,0.09797743791266586,0.8064834260165228,0.13095806647088326,0.06255850751259387,2025-01-24
2025-02-01,La Liga,Ath Madrid,Mallorca,H,0.6613485358015904,0.21357565491102068,0.12507580928738868,0.6510116467450173,0.2304055471852912,0.11858280606969143,2025-01-24
2025-02-02,La Liga,Osasuna,Sociedad,H,0.31375352033393866,0.2963714437586167,0.38987503590744454,0.2950148738308632,0.3171169653556511,0.3878681608134856,2025-01-24
2025-02-02,La Liga,Betis,Ath Bilbao,D,0.37003657078461094,0.27528705256811636,0.3546763766472729,0.30328532494041716,0.29772045659288654,0.39899421846669636,2025-01-24
2025-02-02,La Liga,Barcelona,Alaves,H,0.7615737085716359,0.14582875146966423,0.09259753995869971,0.8354108099506711,0.11075160451917467,0.05383758553015435,2025-01-24
2025-02-02,La Liga,Valencia,Celta,H,0.41543274838251437,0.26539998111405516,0.31916727050343024,0.425049495094732,0.30900423611648764,0.26594626878878036,2025-01-24
2025-02-03,La Liga,Girona,Las Palmas,H,0.6982396468125137,0.17464122807387336,0.12711912511361312,0.6474219971032756,0.21203777197705534,0.14054023091966908,2025-01-24
2025-02-07,La Liga,Vallecano,Valladolid,H,0.5871381656974212,0.24389407928440487,0.16896775501817404,0.6775329816389178,0.21772408174014662,0.10474293662093541,2025-01-24
2025-02-08,La Liga,Celta,Betis,H,0.43539925526443646,0.25377052533361966,0.3108302194019438,0.4459844409740298,0.28764676962230323,0.2663687894036671,2025-01-24
2025-02-08,La Liga,Ath Bilbao,Girona,H,0.5222463010431064,0.23693419070837002,0.24081950824852355,0.5490361663808628,0.2633588115160237,0.1876050221031134,2025-01-24
2025-02-08,La Liga,Las Palmas,Villarreal,A,0.2586968220224168,0.2262700970114889,0.5150330809660943,0.17188237104533563,0.2323290422024274,0.595788586752237,2025-01-24
2025-02-08,La Liga,Real Madrid,Ath Madrid,D,0.531404745428675,0.2319896385366671,0.23660561603465802,0.49164063442691086,0.2561706463592851,0.25218871921380404,2025-01-24
2025-02-09,La Liga,Alaves,Getafe,A,0.4443332704914487,0.287145653194485,0.26852107631406635,0.4125451557530351,0.34748427097477863,0.23997057327218624,2025-01-24
2025-02-09,La Liga,Valencia,Leganes,H,0.549152924520396,0.2561162112326546,0.19473086424694921,0.5454652479565866,0.28389711735752166,0.17063763468589174,2025-01-24
2025-02-09,La Liga,Sociedad,Espanol,H,0.6371220591286556,0.22158753915637125,0.14129040171497317,0.5951008611509245,0.2628765321615195,0.14202260668755592,2025-01-24
2025-02-09,La Liga,Sevilla,Barcelona,A,0.24173305284474872,0.22116244056589912,0.537104506589352,0.14937641838018456,0.194578500896032,0.6560450807237835,2025-01-24
2025-02-10,La Liga,Mallorca,Osasuna,D,0.4519485744813665,0.2886063464419597,0.25944507907667386,0.42252937826784703,0.3155251850701455,0.26194543666200754,2025-01-24
2025-02-14,La Liga,Girona,Getafe,A,0.5800490844843863,0.23002374125688868,0.18992717425872527,0.500094736443215,0.30508924172950846,0.19481602182727645,2025-01-24
2025-02-15,La Liga,Villarreal,Valencia,D,0.6115862105200853,0.20507228979000316,0.18334149968991156,0.5614102372485598,0.24588347099747043,0.1927062917539699,2025-01-24
2025-02-15,La Liga,Ath Madrid,Celta,D,0.6602573818139996,0.1980917387658876,0.14165087942011287,0.693717384534568,0.1986102941407761,0.10767232132465579,2025-01-24
2025-02-15,La Liga,Leganes,Alaves,D,0.33955471385315156,0.28431655668060657,0.37612872946624193,0.24706053975200581,0.33336250911743254,0.41957695113056165,2025-01-24
2025-02-15,La Liga,Osasuna,Real Madrid,D,0.18912407182969213,0.22223699795928056,0.5886389302110273,0.14409089003479647,0.19720789837756258,0.6587012115876411,2025-01-24
2025-02-16,La Liga,Espanol,Ath Bilbao,D,0.23870548618996493,0.2584089157961739,0.5028855980138611,0.1757077439591801,0.2784137031788727,0.5458785528619472,2025-01-24
2025-02-16,La Liga,Valladolid,Sevilla,A,0.28755027186570115,0.2664938537381622,0.44595587439613654,0.22632439830423604,0.2870781453416563,0.4865974563541075,2025-01-24
2025-02-16,La Liga,Mallorca,Las Palmas,H,0.5325231798259745,0.26333052027539156,0.20414629989863378,0.5259668508287293,0.2861878453038674,0.18784530386740333,2025-01-24
2025-02-16,La Liga,Betis,Sociedad,H,0.40117032479329207,0.28310444372729426,0.3157252314794137,0.4018497847233296,0.30872269175570083,0.28942752352096957,2025-01-24
2025-02-17,La Liga,Barcelona,Vallecano,H,0.7388167350935989,0.16063152405171835,0.10055174085468276,0.7967287343121976,0.12922811910425724,0.07404314658354524,2025-01-24
2025-02-21,La Liga,Celta,Osasuna,H,0.5200288680560687,0.24887810494641563,0.23109302699751555,0.5642276781771616,0.25538726485913626,0.18038505696370222,2025-01-24
2025-02-22,La Liga,Las Palmas,Barcelona,A,0.14127661597108504,0.18143846803459204,0.6772849159943228,0.0851005254381273,0.1380140326589686,0.7768854419029041,2025-01-24
2025-02-22,La Liga,Alaves,Espanol,A,0.5421406855818258,0.24210146526899262,0.21575784914918159,0.5154841285447839,0.30863380944719543,0.17588206200802065,2025-01-24
2025-02-22,La Liga,Vallecano,Villarreal,A,0.3600665662800544,0.2501077422772927,0.3898256914426527,0.34509834228525055,0.2931257003748213,0.3617759573399281,2025-01-24
2025-02-22,La Liga,Valencia,Ath Madrid,A,0.24280146377922404,0.25871952422125954,0.4984790119995163,0.23497149856970848,0.30399437627456033,0.4610341251557313,2025-01-24
2025-02-23,La Liga,Sociedad,Leganes,H,0.6432455394029527,0.22347418455224646,0.13328027604480083,0.5914321860991192,0.25865300938734814,0.14991480451353253,2025-02-23
2025-02-23,La Liga,Getafe,Betis,A,0.3741160206644541,0.2866806710952179,0.3392033082403279,0.3191858014766714,0.33802663003605826,0.3427875684872704,2025-02-23
2025-02-23,La Liga,Ath Bilbao,Valladolid,H,0.75728319193186,0.16437817889349596,0.07833862917464404,0.8177357804833728,0.12865709612938397,0.05360712338724332,2025-02-23
2025-02-23,La Liga,Real Madrid,Girona,H,0.7157076795961995,0.15811058951072934,0.12618173089307147,0.7522338122182841,0.1502120561059912,0.0975541316757248,2025-02-23
2025-02-24,La Liga,Sevilla,Mallorca,D,0.4785757252035942,0.2740989281411257,0.24732534665528016,0.4914026732621165,0.29044098300268373,0.21815634373519968,2025-02-23
2025-02-28,La Liga,Valladolid,Las Palmas,D,0.38113784360934844,0.27665797691023525,0.34220417948041637,0.31816596526308444,0.3130507568183403,0.3687832779185751,2025-02-23
2025-03-01,La Liga,Girona,Celta,D,0.5300539315583784,0.22120001176199156,0.24874605667962987,0.44645903590557434,0.28541955961118826,0.2681214044832375,2025-02-23
2025-03-01,La Liga,Vallecano,Sevilla,D,0.43730822800624775,0.27425447766029976,0.2884372943334526,0.36585024927392173,0.322238961281004,0.3119107894450743,2025-02-23
2025-03-01,La Liga,Betis,Real Madrid,H,0.2680040632745506,0.23591772637542316,0.49607821035002636,0.2531052959164344,0.2584905149784862,0.4884041891050794,2025-02-23
2025-03-01,La Liga,Ath Madrid,Ath Bilbao,H,0.5106081393842311,0.258523308249789,0.23086855236597958,0.4463152395676699,0.2966445701053999,0.2570401903269303,2025-02-23
2025-03-02,La Liga,Leganes,Getafe,H,0.32432708959327494,0.29993376214671946,0.37573914826000554,0.30831654810278375,0.3568792278405849,0.33480422405663124,2025-02-23
2025-03-02,La Liga,Barcelona,Sociedad,H,0.6536392191948224,0.19905333808835834,0.14730744271681914,0.7650309478703946,0.15497411484191273,0.0799949372876927,2025-02-23
2025-03-02,La Liga,Mallorca,Alaves,D,0.4320125088527682,0.2912628181151576,0.27672467303207443,0.3788976149479045,0.34047792671892124,0.28062445833317423,2025-02-23
2025-03-02,La Liga,Osasuna,Valencia,D,0.43936312117763926,0.2718182641694925,0.2888186146528684,0.43573327110777293,0.3065252979717141,0.25774143092051294,2025-02-23
2025-03-08,La Liga,Alaves,Villarreal,H,0.3459646990469012,0.24563941608217202,0.4083958848709268,0.3119062307217767,0.307958050586058,0.3801357186921654,2025-02-23
2025-03-08,La Liga,Valencia,Valladolid,H,0.6170851428243588,0.22658210680714083,0.15633275036850044,0.6834881857114059,0.20782724276449602,0.10868457152409815,2025-02-23
2025-03-08,La Liga,Celta,Leganes,H,0.6223820743903868,0.21785788001428139,0.15976004559533202,0.616759274187139,0.23850050750586416,0.14474021830699674,2025-02-23
2025-03-09,La Liga,Getafe,Ath Madrid,H,0.2510266221964661,0.2796000265961566,0.4693733512073774,0.19162268721650247,0.301375619523168,0.5070016932603295,2025-02-23
2025-03-09,La Liga,Real Madrid,Vallecano,H,0.7220311653719379,0.17316614892282886,0.10480268570523357,0.7447676413403987,0.1635469482673173,0.09168541039228395,2025-02-23
2025-03-09,La Liga,Ath Bilbao,Mallorca,D,0.5865601576755697,0.2514452845501019,0.16199455777432864,0.5579659129979206,0.2734818841172907,0.16855220288478853,2025-02-23
2025-03-09,La Liga,Betis,Las Palmas,H,0.6471159671631413,0.20545580240911474,0.1474282304277441,0.7235830232718149,0.1819139308037959,0.0945030459243891,2025-02-23
2025-03-09,La Liga,Sociedad,Sevilla,A,0.5084529783199695,0.2634485130891163,0.22809850859091413,0.38734437604580835,0.31981394206413777,0.2928416818900539,2025-02-23
2025-03-10,La Liga,Espanol,Girona,D,0.31714486118794694,0.239735422194148,0.44311971661790506,0.2696288226597152,0.3090031904131974,0.4213679869270874,2025-02-23
2025-03-14,La Liga,Las Palmas,Alaves,D,0.3530465917921618,0.2767800769122883,0.37017333129554997,0.33571891267530884,0.32025817327578804,0.34402291404890306,2025-02-23
2025-03-15,La Liga,Valladolid,Celta,A,0.25241977028382906,0.2559710084739995,0.4916092212421714,0.20162049568103182,0.2524183868006684,0.5459611175182997,2025-02-23
2025-03-15,La Liga,Mallorca,Espanol,H,0.5013407262360927,0.2708645616689095,0.2277947120949976,0.521664719784847,0.2913802939338785,0.18695498628127463,2025-02-23
2025-03-15,La Liga,Villarreal,Real Madrid,A,0.313131734816369,0.22134290180248076,0.4655253633811504,0.30384930384930386,0.2620802620802621,0.43407043407043405,2025-02-23
2025-03-15,La Liga,Girona,Valencia,D,0.5738436387372841,0.21770746881550515,0.2084488924472108,0.4959368993172931,0.27151852588321074,0.2325445747994963,2025-02-23
2025-03-16,La Liga,Vallecano,Sociedad,D,0.36499072949941036,0.2994185252526719,0.3355907452479178,0.3980731400131654,0.33471201738131207,0.26721484260552264,2025-02-23
2025-03-16,La Liga,Osasuna,Getafe,A,0.4162081034186799,0.2936436618274201,0.2901482347538999,0.3970270647163689,0.3342667726993484,0.26870616258428287,2025-02-23
2025-03-16,La Liga,Ath Madrid,Barcelona,A,0.4197639277914981,0.24104359561208158,0.3391924765964203,0.3127764442897191,0.25870604833537936,0.4285175073749015,2025-02-23
2025-03-16,La Liga,Leganes,Betis,A,0.2719415860428824,0.2610682885683013,0.4669901253888163,0.24006854650257048,0.2902321233837046,0.4696993301137249,2025-02-23
2025-03-16,La Liga,Sevilla,Ath Bilbao,A,0.3298632247450399,0.275545188040178,0.39459158721478194,0.3674535393772184,0.3224343971356387,0.31011206348714293,2025-02-23
2025-03-27,La Liga,Barcelona,Osasuna,H,0.789186177167086,0.13231392124550523,0.07849990158740906,0.8171448654866126,0.12441689564828423,0.0584382388651032,2025-03-27
2025-03-29,La Liga,Real Madrid,Leganes,H,0.8366013725957239,0.11125302625736568,0.05214560114691041,0.8024051837750769,0.1295943769219505,0.06800043930297262,2025-03-27
2025-03-29,La Liga,Alaves,Vallecano,A,0.41367343876551693,0.28236633748194695,0.30396022375253623,0.45673461161573686,0.31382087830371597,0.22944451008054703,2025-03-27
2025-03-29,La Liga,Sociedad,Valladolid,H,0.6998873900222116,0.19510720095167838,0.10500540902610996,0.7034229133917643,0.19891877468865463,0.09765831191958095,2025-03-27
2025-03-29,La Liga,Espanol,Ath Madrid,D,0.19716763806292506,0.23449269273769405,0.5683396691993806,0.16548826777995965,0.2606885078469257,0.5738232243731146,2025-03-27
2025-03-30,La Liga,Getafe,Villarreal,A,0.33899721713056047,0.2598071725264773,0.4011956103429624,0.29080525500562393,0.3082903810977342,0.400904363896642,2025-03-27
2025-03-30,La Liga,Barcelona,Girona,H,0.7373840999463978,0.14645900348502638,0.11615689656857589,0.7448783209775318,0.15179984740300412,0.10332183161946408,2025-03-27
2025-03-30,La Liga,Ath Bilbao,Osasuna,D,0.6353001470055212,0.21806169491298472,0.146638158081494,0.6438212280913271,0.22406771279280532,0.13211105911586743,2025-03-27
2025-03-30,La Liga,Valencia,Mallorca,H,0.4348080692946336,0.2844312731764014,0.28076065752896495,0.4837973165082132,0.30106272637198406,0.21513995711980274,2025-03-27
2025-03-30,La Liga,Betis,Sevilla,H,0.5330301342190157,0.23826648684465543,0.22870337893632908,0.5449687460282615,0.27096211394701264,0.18406914002472588,2025-03-27
2025-03-31,La Liga,Celta,Las Palmas,D,0.6239598215601,0.21427590583408054,0.16176427260581958,0.6024972059829705,0.23716882680503243,0.1603339672119971,2025-03-27
2025-04-04,La Liga,Vallecano,Espanol,A,0.5543807092567804,0.25015012127183045,0.19546916947138915,0.5783312501905314,0.26546352467762097,0.1562052251318477,2025-03-27
2025-04-05,La Liga,Girona,Alaves,A,0.5621723902678745,0.22308825205626423,0.2147393576758611,0.4648308000796482,0.2935034356998383,0.24166576422051364,2025-03-27
2025-04-05,La Liga,Real Madrid,Valencia,A,0.7440701474719956,0.15865725559553998,0.0972725969324643,0.7567645782086528,0.1513529156417306,0.09188250614961656,2025-03-27
2025-04-05,La Liga,Mallorca,Celta,A,0.4091356236508942,0.2796379059495759,0.31122647039952983,0.3322838252821443,0.3071266902450103,0.36058948447284545,2025-03-27
2025-04-05,La Liga,Barcelona,Betis,D,0.7013855911791498,0.16789428071977264,0.13072012810107767,0.7018298819574927,0.17047995359605764,0.12769016444644954,2025-03-27
2025-04-06,La Liga,Villarreal,Ath Bilbao,D,0.42501780475869844,0.24506624909002173,0.32991594615127984,0.4160942760942761,0.2915151515151515,0.29239057239057237,2025-03-27
2025-04-06,La Liga,Valladolid,Getafe,A,0.27441521916714695,0.2873965998079472,0.43818818102490575,0.20845055470035567,0.31538298211157706,0.4761664631880673,2025-03-27
2025-04-06,La Liga,Las Palmas,Sociedad,A,0.2684659969109223,0.2783912811829569,0.45314272190612065,0.2929940146843764,0.29656711242442974,0.41043887289119385,2025-03-27
2025-04-06,La Liga,Sevilla,Ath Madrid,A,0.28490525519530624,0.2567989072574584,0.4582958375472354,0.2654593218224645,0.3007991076997586,0.43374157047777684,2025-03-27
2025-04-07,La Liga,Leganes,Osasuna,D,0.3516220014191658,0.2774461541556395,0.3709318444251947,0.35247687082796586,0.32645508841784754,0.32106804075418666,2025-03-27
2025-04-11,La Liga,Valencia,Sevilla,H,0.4314207100012541,0.26585522828037433,0.30272406171837163,0.4008970743144517,0.3183594413673587,0.2807434843181895,2025-03-27
2025-04-12,La Liga,Sociedad,Mallorca,A,0.4990478632893299,0.2840969463042119,0.21685519040645823,0.47143557281367066,0.3153208421442257,0.2132435850421038,2025-03-27
2025-04-12,La Liga,Getafe,Las Palmas,A,0.5439319264732496,0.2606635279036165,0.19540454562313392,0.5664456244108002,0.26683802141665797,0.1667163541725419,2025-03-27
2025-04-12,La Liga,Celta,Espanol,A,0.5939566754791168,0.2251160964613333,0.1809272280595501,0.5848351178166481,0.25281934780615517,0.16234553437719662,2025-03-27
2025-04-12,La Liga,Leganes,Barcelona,A,0.12042832807785941,0.17212307454845782,0.7074485973736825,0.09082957147817831,0.14649037595108635,0.7626800525707353,2025-03-27
2025-04-13,La Liga,Osasuna,Girona,H,0.3760211645246274,0.24735882313549332,0.37662001233987935,0.37461874058916644,0.31118489633604884,0.3141963630747848,2025-03-27
2025-04-13,La Liga,Alaves,Real Madrid,A,0.20852459254500766,0.22796509228755368,0.5635103151674387,0.18579360692671787,0.2514245953475844,0.5627817977256977,2025-03-27
2025-04-13,La Liga,Betis,Villarreal,A,0.4507313063901787,0.23052365379489922,0.31874503981492214,0.4419779323997788,0.2786107310256485,0.2794113365745728,2025-03-27
2025-04-13,La Liga,Ath Bilbao,Vallecano,H,0.5797866824829169,0.24575708113429764,0.1744562363827853,0.5256563508683303,0.29558183863416754,0.17876181049750206,2025-03-27
2025-04-14,La Liga,Ath Madrid,Valladolid,H,0.8286267451390287,0.1182869596502547,0.05308629521071659,0.8624151114680259,0.10076639723468514,0.036818491297288806,2025-03-27
2025-04-18,La Liga,Espanol,Getafe,H,0.36299114223881973,0.2934754247485264,0.34353343301265366,0.33821484845676153,0.36481601631291133,0.2969691352303272,2025-03-27
2025-04-19,La Liga,Las Palmas,Ath Madrid,H,0.1771182978347252,0.22438191952762995,0.5984997826376448,0.16613068377695564,0.24940956124869432,0.58445975497435,2025-03-27
2025-04-19,La Liga,Mallorca,Leganes,D,0.5575124008337264,0.2578463261816786,0.18464127298459515,0.5270517272893438,0.3068908791811369,0.1660573935295193,2025-03-27
2025-04-19,La Liga,Vallecano,Valencia,D,0.4701794708982379,0.27246106731399605,0.257359461787766,0.39598861273807395,0.3132257194005344,0.2907856678613916,2025-03-27
2025-04-19,La Liga,Barcelona,Celta,H,0.741806670727628,0.152121430268418,0.10607189900395414,0.769920366220018,0.13709408230413428,0.09298555147584758,2025-03-27
2025-04-20,La Liga,Valladolid,Osasuna,A,0.29250893016262547,0.2680103780084508,0.4394806918289237,0.18976342994862685,0.2592757024164393,0.5509608676349337,2025-03-27
2025-04-20,La Liga,Villarreal,Sociedad,D,0.5094720617191228,0.24069803103155948,0.24982990724931753,0.5853155679124934,0.23640482791599485,0.1782796041715117,2025-03-27
2025-04-20,La Liga,Sevilla,Alaves,D,0.487452192952467,0.25816250967850146,0.2543852973690317,0.44849573354876515,0.32879585871649336,0.2227084077347415,2025-03-27
2025-04-20,La Liga,Real Madrid,Ath Bilbao,H,0.5716020015105199,0.22770673871824623,0.20069125977123375,0.6719859016022375,0.20720764417713536,0.12080645422062698,2025-03-27
2025-04-21,La Liga,Girona,Betis,A,0.46686738395574157,0.23305988359015598,0.30007273245410243,0.3729975976919452,0.28300108429534215,0.34400131801271266,2025-03-27
2025-04-22,La Liga,Valencia,Espanol,D,0.5392784833240241,0.2474509801259497,0.21327053655002598,0.47196051429584285,0.3019374718787069,0.2261020138254503,2025-03-27
2025-04-22,La Liga,Barcelona,Mallorca,H,0.7461702043581515,0.15941540254191144,0.09441439309993707,0.7470933578911017,0.16461379072176818,0.08829285138713021,2025-03-27
2025-04-23,La Liga,Getafe,Real Madrid,A,0.21204327191178068,0.2474266905218503,0.5405300375663686,0.1574319081630623,0.25123848556592326,0.5913296062710145,2025-03-27
2025-04-23,La Liga,Ath Bilbao,Las Palmas,H,0.7240629517187881,0.17791024632851965,0.09802680195269205,0.6981996840883284,0.1919353713230863,0.10986494458858531,2025-03-27
2025-04-23,La Liga,Celta,Villarreal,H,0.39933539596253753,0.23604809502063515,0.3646165090168271,0.4037927948928107,0.2718269932099648,0.3243802118972246,2025-03-27
2025-04-23,La Liga,Alaves,Sociedad,H,0.35775367814755205,0.2905220196454719,0.3517243022069763,0.4075908762930922,0.3225636405100962,0.26984548319681173,2025-03-27
2025-04-24,La Liga,Betis,Valladolid,H,0.7405545292979246,0.16397527561331193,0.09547019508876346,0.8262550696618824,0.1176056486015088,0.05613928173660873,2025-03-27
2025-04-24,La Liga,Ath Madrid,Vallecano,H,0.6308846022901166,0.21959778141913167,0.14951761629075142,0.6389584429920363,0.21977841661001707,0.14126314039794652,2025-03-27
2025-04-24,La Liga,Leganes,Girona,D,0.2744121793820565,0.24223118673549218,0.48335663388245137,0.29930924812403714,0.3068627938180191,0.3938279580579436,2025-03-27
2025-04-24,La Liga,Osasuna,Sevilla,H,0.413651085989862,0.266811222527189,0.3195376914829489,0.412310349448357,0.32327323079671844,0.2644164197549246,2025-03-27
2025-04-27,La Liga,Villarreal,Espanol,H,0.6542711154162645,0.1894164630407989,0.15631242154293665,0.6960221547582673,0.18247771847595023,0.12150012676578233,2025-04-27
2025-05-02,La Liga,Vallecano,Getafe,H,0.4259890316319486,0.2908912145532065,0.28311975381484483,0.3984512069695686,0.32845302196140114,0.27309577106903016,2025-04-27
2025-05-03,La Liga,Valladolid,Barcelona,A,0.07822194167372619,0.12715468546099543,0.7946233728652785,0.11886317134037447,0.16086149188064008,0.7202753367789855,2025-04-27
2025-05-03,La Liga,Alaves,Ath Madrid,D,0.25808035926367867,0.258457673133106,0.4834619676032152,0.23885387262673521,0.30474459610997257,0.4564015312632922,2025-04-27
2025-05-03,La Liga,Villarreal,Osasuna,H,0.6203552098988224,0.1998182396471999,0.17982655045397763,0.6764460707364865,0.19660932543763732,0.12694460382587608,2025-04-27
2025-05-03,La Liga,Las Palmas,Valencia,A,0.3471016381738289,0.2707650821310089,0.38213327969516225,0.3647439027225594,0.3062472390783753,0.3290088581990654,2025-04-27
2025-05-04,La Liga,Sevilla,Leganes,D,0.5697862778795251,0.24008744121465064,0.19012628090582437,0.5818628996005932,0.25688628014281506,0.16125082025659176,2025-04-27
2025-05-04,La Liga,Espanol,Betis,A,0.31090565283480953,0.26135389445331747,0.4277404527118729,0.28312085361089084,0.31225225977021087,0.40462688661889823,2025-04-27
2025-05-04,La Liga,Real Madrid,Celta,H,0.6955252951685038,0.1750137753414737,0.12946092949002264,0.7145834122684045,0.16777175766301672,0.1176448300685788,2025-04-27
2025-05-04,La Liga,Sociedad,Ath Bilbao,D,0.35938412309096174,0.2919616226152604,0.34865425429377794,0.3760281119567886,0.3358320034372698,0.28813988460594153,2025-04-27
2025-05-05,La Liga,Girona,Mallorca,H,0.5149278315517994,0.2486900080889547,0.23638216035924622,0.47486860233709244,0.29499413175486044,0.23013726590804712,2025-04-27
2025-05-09,La Liga,Las Palmas,Vallecano,A,0.352070417739098,0.27403842805799056,0.37389115420291125,0.3636223006002104,0.3026421632324732,0.3337355361673164,2025-04-27
2025-05-10,La Liga,Valencia,Getafe,H,0.4349090827104051,0.2865016946532622,0.27858922263633257,0.4811163565676201,0.3085254096084421,0.21035823382393778,2025-04-27
2025-05-10,La Liga,Celta,Sevilla,H,0.4892209315862695,0.2509476964925607,0.2598313719211696,0.510945789377401,0.2689188365144216,0.2201353741081773,2025-04-27
2025-05-10,La Liga,Girona,Villarreal,A,0.43161288302968936,0.2199875766175692,0.3483995403527414,0.310103052924294,0.2719898285425372,0.4179071185331688,2025-04-27
2025-05-10,La Liga,Mallorca,Valladolid,H,0.6293352097472941,0.22406566637167843,0.1465991238810275,0.7127945449837443,0.18429668843686167,0.1029087665793941,2025-04-27
2025-05-10,La Liga,Ath Madrid,Sociedad,H,0.5729785583640746,0.24035857814467887,0.18666286349124647,0.5308691206850542,0.2759916167197868,0.1931392625951589,2025-04-27
2025-05-11,La Liga,Leganes,Espanol,H,0.39953488197125797,0.27689448330823246,0.32357063472050956,0.41589760862243186,0.30037049511620073,0.28373189626136747,2025-04-27
2025-05-11,La Liga,Barcelona,Real Madrid,H,0.5181789458005651,0.21437341603146068,0.26744763816797396,0.5206755969714618,0.21898660454280724,0.2603377984857309,2025-04-27
2025-05-11,La Liga,Ath Bilbao,Alaves,H,0.5994216963422329,0.23607788255041867,0.16450042110734847,0.46686255305256286,0.3379040156709109,0.19523343127652626,2025-04-27
2025-05-11,La Liga,Betis,Osasuna,D,0.5774929507025138,0.22847115469614962,0.19403589460133655,0.585582562325163,0.24095043088192497,0.17346700679291185,2025-04-27
2025-05-13,La Liga,Sevilla,Las Palmas,H,0.5811066675522899,0.23088872398761903,0.18800460846009123,0.5643138659978503,0.2508061626657112,0.18487997133643855,2025-04-27
2025-05-13,La Liga,Sociedad,Celta,A,0.4696367412149382,0.26615430636423565,0.2642089524208261,0.42461456118701774,0.28599039562302075,0.2893950431899615,2025-04-27
2025-05-13,La Liga,Valladolid,Girona,A,0.22205582960238357,0.2179164869603842,0.5600276834372321,0.19224444861520015,0.24331690864831096,0.5644386427364888,2025-04-27
2025-05-14,La Liga,Alaves,Valencia,H,0.43445031677508134,0.27464487472557914,0.2909048084993396,0.4132754364786219,0.342469505053963,0.244255058467415,2025-04-27
2025-05-14,La Liga,Villarreal,Leganes,H,0.6982297714711964,0.17426427883839446,0.12750594969040938,0.739622127974091,0.16339038577505216,0.09698748625085678,2025-04-27
2025-05-14,La Liga,Real Madrid,Mallorca,H,0.7100755130851913,0.18146018110095313,0.10846430581385515,0.6716586423777493,0.19325389509057977,0.13508746253167106,2025-04-27
2025-05-15,La Liga,Vallecano,Betis,D,0.3566700338729716,0.26819691757230796,0.37513304855472035,0.2956616938552848,0.2886430186302335,0.4156952875144817,2025-04-27
2025-05-15,La Liga,Osasuna,Ath Madrid,H,0.24750157833137043,0.24946015864878274,0.5030382630198468,0.26801603105386534,0.28364378796662715,0.4483401809795075,2025-04-27
2025-05-15,La Liga,Espanol,Barcelona,A,0.15947490279684956,0.1941681767098423,0.6463569204933082,0.12324470021454742,0.16537964045883713,0.7113756593266155,2025-04-27
2025-05-15,La Liga,Getafe,Ath Bilbao,A,0.29591663242049593,0.29471144648877595,0.4093719210907279,0.2912487241080268,0.3844943630517034,0.3242569128402698,2025-04-27
2025-05-18,La Liga,Valladolid,Alaves,A,0.27407671267507544,0.26102737153384653,0.46489591579107775,0.17714542291070326,0.2625806813717237,0.5602738957175731,2025-04-27
2025-05-18,La Liga,Sociedad,Girona,H,0.47858478734390886,0.25023571101422953,0.27117950164186183,0.5646788787368048,0.2503215648008516,0.18499955646234362,2025-04-27
2025-05-18,La Liga,Sevilla,Real Madrid,A,0.23538735237311048,0.23105418668115754,0.5335584609457321,0.3068656738247328,0.26079468794219923,0.432339638233068,2025-04-27
2025-05-18,La Liga,Osasuna,Espanol,H,0.48373496196212645,0.26028160096724595,0.25598343707062754,0.4763109215145909,0.2849484691758843,0.23874060930952468,2025-04-27
2025-05-18,La Liga,Valencia,Ath Bilbao,A,0.3019583571149169,0.27769761524075237,0.42034402764433065,0.3830307316248251,0.3221516749427337,0.2948175934324411,2025-04-27
2025-05-18,La Liga,Las Palmas,Leganes,A,0.446895633438279,0.26747588603059086,0.28562848053113,0.28618239553188374,0.2787167678223564,0.43510083664575994,2025-04-27
2025-05-18,La Liga,Celta,Vallecano,A,0.5080952805369657,0.25227846784243096,0.23962625162060344,0.50328853302831,0.2759508149842722,0.22076065198741773,2025-04-27
2025-05-18,La Liga,Barcelona,Villarreal,A,0.7028854089985869,0.15715310609023814,0.13996148491117502,0.5641507317087204,0.21202148378503557,0.22382778450624408,2025-04-27
2025-05-18,La Liga,Mallorca,Getafe,A,0.41508393196208243,0.3072953398153769,0.2776207282225406,0.3806764750492947,0.345578644016381,0.27374488093432425,2025-04-27
2025-05-18,La Liga,Ath Madrid,Betis,H,0.5765765802092088,0.2244514071906777,0.19897201260011355,0.6229154136366122,0.22035103067417572,0.1567335556892121,2025-04-27
2025-05-23,La Liga,Betis,Valencia,D,0.5500218014413668,0.2383855746135118,0.21159262394512116,0.5006170654155515,0.24712394577765134,0.2522589888067973,2025-04-27
2025-05-24,La Liga,Real Madrid,Sociedad,H,0.6467644029577628,0.20472566403991646,0.14850993300232077,0.6983942495779629,0.17241217610332535,0.12919357431871162,2025-04-27
2025-05-24,La Liga,Espanol,Las Palmas,H,0.5017757953062216,0.2543804716082949,0.2438437330854834,0.7028739039535682,0.1830124504633819,0.11411364558304989,2025-04-27
2025-05-24,La Liga,Leganes,Valladolid,H,0.5492709402942926,0.24146350198009706,0.20926555772561023,0.7225555649454914,0.169863939829291,0.10758049522521762,2025-04-27
2025-05-24,La Liga,Alaves,Osasuna,D,0.4598964892752844,0.2682898092584045,0.27181370146631095,0.2914556580454573,0.2995267378067161,0.4090176041478266,2025-04-27
2025-05-24,La Liga,Getafe,Celta,A,0.3956003693200048,0.28099219880894194,0.3234074318710534,0.19614711033274956,0.2521891418563923,0.5516637478108581,2025-04-27
2025-05-24,La Liga,Vallecano,Mallorca,D,0.42909586429233354,0.29209592114516725,0.27880821456249893,0.644114636642784,0.2226202661207779,0.13326509723643806,2025-04-27
2025-05-25,La Liga,Girona,Ath Madrid,A,0.3204177351869367,0.23976491967190386,0.43981734514115955,0.2918816063002519,0.27225931343973075,0.4358590802600174,2025-04-27
2025-05-25,La Liga,Villarreal,Sevilla,H,0.5760564961375231,0.2123491619369211,0.21159434192555576,0.5445808862786973,0.23758675920982378,0.21783235451147887,2025-04-27
2025-05-25,La Liga,Ath Bilbao,Barcelona,A,0.33729869455756367,0.24911817127277577,0.4135831341696604,0.2910322082660866,0.2460879938249947,0.46287979790891864,2025-04-27
2025-08-15,La Liga,Girona,Vallecano,A,0.5047062183321309,0.23771242418612737,0.2575813574817417,0.4248941845066086,0.293074603168715,0.28203121232467643,2025-08-15
2025-08-16,La Liga,Mallorca,Barcelona,A,0.18928771501035108,0.2172068560876087,0.59350542890204,0.12024358575433872,0.18251662922409986,0.6972397850215613,2025-08-15
2025-08-16,La Liga,Alaves,Levante,H,0.4796489799777576,0.2431654584638299,0.2771855615584127,0.443517170736967,0.30933203946304383,0.24715078979998922,2025-08-15
2025-08-16,La Liga,Valencia,Sociedad,D,0.38045521751495454,0.27972367506214757,0.33982110742289795,0.38477765589401736,0.3202261412539026,0.29499620285207995,2025-08-15
2025-08-17,La Liga,Celta,Getafe,A,0.5066203601523209,0.25511864362213854,0.23826099622554067,0.6022904247584228,0.25996986162494923,0.13773971361662796,2025-08-15
2025-08-17,La Liga,Ath Bilbao,Sevilla,H,0.5706534461926256,0.23920698259823567,0.190139571209139,0.5813268297116543,0.263093714259746,0.15557945602859974,2025-08-15
2025-08-17,La Liga,Espanol,Ath Madrid,H,0.21171030579285588,0.2365981314852972,0.5516915627218468,0.16708497854965665,0.2491241325419045,0.583790888908439,2025-08-15
2025-08-18,La Liga,Elche,Betis,D,0.2657319424463369,0.24590239597926086,0.4883656615744021,0.2916358476610261,0.3025042643440457,0.40585988799492806,2025-08-15
2025-08-19,La Liga,Real Madrid,Osasuna,H,0.7421659545395193,0.15350510480760338,0.1043289406528771,0.7924994848547291,0.13208324747578815,0.0754172676694828,2025-08-15
2025-08-22,La Liga,Betis,Alaves,H,0.5297552610048849,0.24392962677331956,0.2263151122217956,0.4932096142507518,0.28746240830591163,0.21932797744333665,2025-08-15
2025-08-23,La Liga,Mallorca,Celta,D,0.37687843355729694,0.27296861924787397,0.3501529471948292,0.2988498733945514,0.3083071478690625,0.39284297873638613,2025-08-15
2025-08-23,La Liga,Ath Madrid,Elche,D,0.7896852057770644,0.1376149422231978,0.07269985199973805,0.7635471106429136,0.16242961985201013,0.07402326950507637,2025-08-15
2025-08-23,La Liga,Levante,Barcelona,A,0.18441527087154752,0.18034428236541225,0.6352404467630405,0.08740440728913351,0.13021955673252503,0.7823760359783415,2025-08-15
2025-08-24,La Liga,Sociedad,Espanol,D,0.556140717690108,0.24837415293171988,0.19548512937817203,0.5448058154015466,0.27012656028266097,0.1850676243157925,2025-08-15
2025-08-24,La Liga,Villarreal,Girona,H,0.5838940885812456,0.19491354412864334,0.22119236729011105,0.6297005762376549,0.21312942580351396,0.15716999795883121,2025-08-15
2025-08-24,La Liga,Osasuna,Valencia,H,0.4399109292789224,0.2625691647646892,0.2975199059563883,0.392147551279891,0.3058257632623049,0.3020266854578042,2025-08-15
2025-08-25,La Liga,Sevilla,Getafe,A,0.4713175800392049,0.2714734092097461,0.25720901075104907,0.45873219056099734,0.30971727515583264,0.2315505342831701,2025-08-15
2025-08-25,La Liga,Ath Bilbao,Vallecano,H,0.5830980077609537,0.24074162563787438,0.17616036660117196,0.5678861166386039,0.26174804836981475,0.17036583499158117,2025-08-15
2025-08-27,La Liga,Celta,Betis,D,0.4406085259754875,0.24312485494481814,0.3162666190796945,0.40522133938706023,0.2860385925085131,0.3087400681044268,2025-08-15
2025-08-29,La Liga,Elche,Levante,H,0.3550243047402376,0.2438262594706105,0.40114943578915174,0.4341446270099288,0.30014937175995077,0.26570600123012034,2025-08-15
2025-08-29,La Liga,Valencia,Getafe,H,0.4523998183419348,0.2782700410412943,0.26933014061677085,0.40907427735089646,0.32345407976582513,0.26747164288327846,2025-08-15
2025-08-30,La Liga,Alaves,Ath Madrid,D,0.24811007988331327,0.2545842018879969,0.49730571822868963,0.16962816895270677,0.26952031289152295,0.5608515181557703,2025-08-15
2025-08-30,La Liga,Girona,Sevilla,A,0.4870109693271662,0.23491005490236994,0.278078975770464,0.3834738358137302,0.3053365338454153,0.3111896303408545,2025-08-15
2025-08-30,La Liga,Real Madrid,Mallorca,H,0.7329530819695419,0.16558570432758102,0.10146121370287721,0.8086414730999236,0.12813360226217166,0.06322492463790468,2025-08-15
2025-08-31,La Liga,Celta,Villarreal,D,0.4075013202953837,0.22790008864125613,0.36459859106336023,0.3296353777471211,0.2860071659864727,0.38435745626640605,2025-08-15
2025-08-31,La Liga,Betis,Ath Bilbao,A,0.3767652834421897,0.26628962367736675,0.35694509288044346,0.3078848560700876,0.29662077596996245,0.39549436795994997,2025-08-15
2025-08-31,La Liga,Espanol,Osasuna,H,0.40503954254391833,0.267060207309005,0.3279002501470767,0.40722102886826006,0.3022541177003545,0.2905248534313855,2025-08-15
2025-08-31,La Liga,Vallecano,Barcelona,D,0.2049960900735866,0.21303289022926716,0.581971019697146,0.14246213975316577,0.17933781466134088,0.6782000455854934,2025-08-15
2025-09-12,La Liga,Sevilla,Elche,D,0.604074501542308,0.2214854859847993,0.1744400124728929,0.5030554153661195,0.28724761883331673,0.20969696580056382,2025-08-15
2025-09-13,La Liga,Ath Madrid,Villarreal,H,0.5965562613944738,0.20117254789429204,0.20227119071123423,0.5421283513225995,0.25140148934389983,0.20647015933350069,2025-08-15
2025-09-13,La Liga,Ath Bilbao,Alaves,A,0.582041748907395,0.2430715622029758,0.17488668888962913,0.6008514320078535,0.2525772338205337,0.14657133417161278,2025-08-15
2025-09-13,La Liga,Sociedad,Real Madrid,A,0.28212617201754403,0.2449322988567034,0.47294152912575244,0.1727078891257996,0.2302771855010661,0.5970149253731344,2025-08-15
2025-09-14,La Liga,Celta,Girona,D,0.5072170205229802,0.22568387390217004,0.26709910557484967,0.5468871418475695,0.2595148099383909,0.19359804821403961,2025-09-14
2025-09-14,La Liga,Levante,Betis,D,0.37317335886473757,0.23338488492892856,0.393441756206334,0.27645421454571406,0.26881735779030763,0.45472842766397825,2025-09-14
2025-09-14,La Liga,Osasuna,Vallecano,H,0.42900281964778114,0.26979330728106055,0.3012038730711585,0.3659093379715186,0.31601261006631154,0.3180780519621698,2025-09-14
2025-09-14,La Liga,Barcelona,Valencia,H,0.7492884981885339,0.1488854174420971,0.10182608436936887,0.7455881172805732,0.16030144521532325,0.09411043750410367,2025-09-14
2025-09-15,La Liga,Espanol,Mallorca,H,0.427246016837747,0.28348485603553053,0.2892691271267223,0.42652329749103945,0.3010752688172043,0.2724014336917563,2025-09-14
2025-09-19,La Liga,Betis,Sociedad,H,0.46213896625092926,0.2577390233629904,0.28012201038608026,0.5046327248771293,0.254292730812757,0.24107454431011371,2025-09-14
2025-09-20,La Liga,Girona,Levante,A,0.5324962565772705,0.2073409470254465,0.2601627963972828,0.5427677910668672,0.24784549643104398,0.20938671250208887,2025-09-14
2025-09-20,La Liga,Real Madrid,Espanol,H,0.7645796584371474,0.14389462876209913,0.09152571280075358,0.7947131216777865,0.1375683658412191,0.06771851248099447,2025-09-14
2025-09-20,La Liga,Alaves,Sevilla,A,0.4335103507574664,0.27081586549133474,0.2956737837511989,0.38483664241582843,0.319225149282638,0.29593820830153367,2025-09-14
2025-09-20,La Liga,Villarreal,Osasuna,H,0.6111199254801952,0.2033259631471827,0.18555411137262223,0.5763271200492072,0.24890220094670126,0.1747706790040917,2025-09-14
2025-09-20,La Liga,Valencia,Ath Bilbao,H,0.30833799276795193,0.2778046909340425,0.41385731629800576,0.2699690815668305,0.30562537535867607,0.42440554307449346,2025-09-14
2025-09-21,La Liga,Barcelona,Getafe,H,0.7431528875293546,0.1573597179430382,0.09948739452760735,0.7617173129276728,0.15963382630662448,0.0786488607657028,2025-09-14
2025-09-21,La Liga,Elche,Oviedo,H,0.5487932336842465,0.3074256785809241,0.1437810877348295,0.4839030888352344,0.296538173341104,0.21955873782366167,2025-09-14
2025-09-21,La Liga,Mallorca,Ath Madrid,D,0.23013651220983916,0.26403983533939807,0.5058236524507627,0.19043853426521382,0.2639229686827691,0.5456384970520171,2025-09-14
2025-09-21,La Liga,Vallecano,Celta,D,0.42476025446916543,0.26055027416125953,0.31468947136957504,0.4364506113014889,0.28626025388303533,0.27728913481547585,2025-09-14
2025-09-23,La Liga,Ath Bilbao,Girona,D,0.609718587842122,0.21221897538138706,0.1780624367764913,0.6629743464333816,0.215577404408182,0.1214482491584363,2025-09-14
2025-09-23,La Liga,Espanol,Valencia,D,0.4024543647984411,0.26892874489214463,0.3286168903094143,0.41948090692124107,0.29761336515513126,0.28290572792362767,2025-09-14
2025-09-23,La Liga,Levante,Real Madrid,A,0.2024989994189566,0.18874368510018508,0.6087573154808584,0.11204906255475731,0.1608957420711407,0.7270551953741019,2025-09-14
2025-09-23,La Liga,Sevilla,Villarreal,A,0.35605115547464244,0.23667842660902924,0.4072704179163283,0.302234573928719,0.28539452435497803,0.4123709017163031,2025-09-14
2025-09-24,La Liga,Getafe,Alaves,D,0.4206152424977465,0.2925821497251314,0.28680260777712224,0.4054595247209871,0.3462999499396331,0.24824052533937985,2025-09-14
2025-09-24,La Liga,Ath Madrid,Vallecano,H,0.6510096018538201,0.20551153476337483,0.14347886338280513,0.650063147358943,0.22164624475167619,0.1282906078893808,2025-09-14
2025-09-24,La Liga,Sociedad,Mallorca,H,0.5140613013487558,0.2716543612872722,0.2142843373639718,0.5436538596614455,0.2688066306103814,0.18753950972817304,2025-09-14
2025-09-25,La Liga,Osasuna,Elche,D,0.5260901077108443,0.2541219796188912,0.2197879126702646,0.4904630197393312,0.30158906182729056,0.20794791843337812,2025-09-14
2025-09-25,La Liga,Oviedo,Barcelona,A,0.06717973083054951,0.1689056083316835,0.7639146608377672,0.07623848927303814,0.13513058070586254,0.7886309300210994,2025-09-14
2025-09-26,La Liga,Girona,Espanol,D,0.522877213874725,0.22899337997174496,0.24812940615353024,0.3755424823994599,0.29474394830745493,0.32971356929308515,2025-09-14
2025-09-27,La Liga,Villarreal,Ath Bilbao,H,0.432584800641334,0.2464547569025937,0.3209604424560723,0.46200968283766425,0.2904851299278728,0.24750518723446302,2025-09-14
2025-09-27,La Liga,Mallorca,Alaves,H,0.3965684508278026,0.29819328974947046,0.3052382594227271,0.37860522952575043,0.33436956696947717,0.28702520350477245,2025-09-14
2025-09-27,La Liga,Getafe,Levante,D,0.4780266867413315,0.24697643033562197,0.2749968829230467,0.4528413617105272,0.3061663294583753,0.2409923088310974,2025-09-14
2025-09-27,La Liga,Ath Madrid,Real Madrid,H,0.434908307185853,0.23724686209010643,0.32784483072404064,0.3152137415402524,0.27206996127356975,0.4127162971861779,2025-09-14
2025-09-28,La Liga,Vallecano,Sevilla,A,0.4491478653819808,0.26226782191499837,0.2885843127030208,0.4782455431854973,0.28554072137251746,0.23621373544198523,2025-09-14
2025-09-28,La Liga,Elche,Celta,H,0.32523980814680054,0.2651443168946635,0.4096158749585358,0.33140399814039984,0.30639237563923755,0.3622036262203627,2025-09-14
2025-09-28,La Liga,Barcelona,Sociedad,H,0.6923553782731977,0.1751201950033985,0.1325244267234038,0.746268656716418,0.16044776119402987,0.09328358208955224,2025-09-14
2025-09-28,La Liga,Betis,Osasuna,H,0.5348173663862951,0.2387340706892851,0.22644856292441973,0.5093159167814314,0.2740263101556434,0.21665777306292516,2025-09-14
2025-09-30,La Liga,Valencia,Oviedo,A,0.6373001000978202,0.259440622222188,0.10325927767999198,0.5470104448676671,0.2766309964045059,0.17635855872782707,2025-09-14
2025-10-03,La Liga,Osasuna,Getafe,H,0.4360436670016133,0.2811807610001234,0.28277557199826325,0.44204861233247733,0.32966337190896616,0.2282880157585564,2025-09-14
2025-10-04,La Liga,Oviedo,Levante,A,0.20232656532860221,0.29005702891499585,0.5076164057564017,0.3938279580579436,0.29930924812403714,0.3068627938180191,2025-09-14
2025-10-04,La Liga,Girona,Valencia,H,0.47075687122765275,0.2396855790149015,0.2895575497574456,0.4160899071448346,0.29064190528922773,0.2932681875659377,2025-09-14
2025-10-04,La Liga,Ath Bilbao,Mallorca,H,0.5953891913279054,0.2470197553578407,0.15759105331425402,0.5897900500256036,0.2600149682908575,0.15019498168353881,2025-09-14
2025-10-04,La Liga,Real Madrid,Villarreal,H,0.6399013800361242,0.1791259311693396,0.18097268879453626,0.6893227577791337,0.17937766931055524,0.1312995729103112,2025-09-14
2025-10-05,La Liga,Sociedad,Vallecano,A,0.4894872728811302,0.26423480619435596,0.24627792092451373,0.45014256282292364,0.2834717013695379,0.2663857358075384,2025-09-14
2025-10-05,La Liga,Celta,Ath Madrid,D,0.291262502560741,0.2490730510615289,0.45966444637773013,0.2039629094242499,0.24946232768042872,0.5465747628953214,2025-09-14
2025-10-05,La Liga,Espanol,Betis,A,0.34784625355557586,0.25862558993732226,0.3935281565071018,0.36449071728014004,0.2829041323075505,0.3526051504123094,2025-09-14
2025-10-05,La Liga,Alaves,Elche,H,0.5224001728486258,0.26264434702631617,0.21495548012505783,0.4069122136830548,0.319907957467928,0.27317982884901715,2025-09-14
2025-10-05,La Liga,Sevilla,Barcelona,H,0.21810010542570585,0.20840745550693796,0.5734924390673561,0.16359599579324582,0.19183578078136562,0.6445682234253886,2025-09-14
2025-10-17,La Liga,Oviedo,Espanol,A,0.2972721900576059,0.29935765898138206,0.40337015096101214,0.3276622558286075,0.3119092627599244,0.3604284814114682,2025-10-17
2025-10-18,La Liga,Sevilla,Mallorca,A,0.49570916155023664,0.26716446628062074,0.23712637216914273,0.5195911835804864,0.27840559120215175,0.2020032252173617,2025-10-17
2025-10-18,La Liga,Barcelona,Girona,H,0.8033040564360985,0.11621614956804442,0.0804797939958572,0.7960235155888687,0.12825412168608938,0.07572236272504175,2025-10-17
2025-10-18,La Liga,Villarreal,Betis,D,0.5293680072738455,0.21813714838380785,0.252494844342347,0.4654712679213201,0.2665301232754956,0.26799860880318427,2025-10-17
2025-10-18,La Liga,Ath Madrid,Osasuna,H,0.6826164339853852,0.19122470133075029,0.12615886468386472,0.7178968408405801,0.1874585561189136,0.09464460304050618,2025-10-17
2025-10-19,La Liga,Elche,Ath Bilbao,D,0.26538241889270053,0.2695501709804034,0.4650674101268963,0.24271264173771137,0.2883571086913705,0.4689302495709181,2025-10-17
2025-10-19,La Liga,Celta,Sociedad,D,0.4324126993248279,0.2649606406265284,0.30262666004864386,0.4463447060013584,0.2780089883094175,0.27564630568922416,2025-10-17
2025-10-19,La Liga,Levante,Vallecano,A,0.5121477492467762,0.22506701650284672,0.2627852342503772,0.3401050815075037,0.28863517303010694,0.37125974546238943,2025-10-17
2025-10-19,La Liga,Getafe,Real Madrid,A,0.2162549339513545,0.2366221638513297,0.5471229021973155,0.13084617994340367,0.2104418867798724,0.6587119332767238,2025-10-17
2025-10-20,La Liga,Alaves,Valencia,D,0.44963902453731486,0.2739532081217894,0.2764077673408957,0.4360898963324078,0.30107754452670876,0.26283255914088355,2025-10-17
2025-10-24,La Liga,Sociedad,Sevilla,H,0.4896610957776651,0.25986299106330757,0.2504759131590277,0.49119527198166685,0.2686648172717404,0.2401399107465927,2025-10-17
2025-10-25,La Liga,Valencia,Villarreal,A,0.34850707434705674,0.23955528154140435,0.411937644111539,0.25384110446891484,0.2809859624612555,0.4651729330698297,2025-10-17
2025-10-25,La Liga,Ath Bilbao,Getafe,A,0.5751554872987098,0.2575674232858728,0.16727708941541727,0.5860106480631541,0.26858821369561225,0.14540113824123369,2025-10-17
2025-10-25,La Liga,Espanol,Elche,H,0.49239506715534,0.2518707733330255,0.2557341595116346,0.4789228550488215,0.29550559141310256,0.225571553538076,2025-10-17
2025-10-25,La Liga,Girona,Oviedo,D,0.60321255733361,0.23233836708067832,0.16444907558571156,0.550344124394596,0.25898547030333924,0.19067040530206472,2025-10-17
2025-10-26,La Liga,Mallorca,Levante,D,0.3908489228325283,0.2501939371532116,0.35895714001426005,0.4907914385266302,0.28581383773021407,0.22339472374315583,2025-10-17
2025-10-26,La Liga,Real Madrid,Barcelona,H,0.47585005244497586,0.21003983755202443,0.31411011000299977,0.5194482497992348,0.21730832821578727,0.2632434219849781,2025-10-17
2025-10-26,La Liga,Osasuna,Celta,A,0.41376616857112986,0.262610650391954,0.3236231810369162,0.4051954449855051,0.29922125168160374,0.2955833033328912,2025-10-17
2025-10-26,La Liga,Vallecano,Alaves,H,0.43822005064285774,0.27954941407620965,0.2822305352809327,0.43640375387122476,0.31596765296520496,0.24762859316357028,2025-10-17
2025-10-27,La Liga,Betis,Ath Madrid,A,0.32963591464572445,0.2520562515039284,0.4183078338503471,0.2829365208611537,0.27263351029758226,0.44442996884126423,2025-10-17
2025-10-31,La Liga,Getafe,Girona,H,0.44802836758066766,0.26189110749366534,0.2900805249256669,0.43954833379234365,0.3180941889286698,0.2423574772789865,2025-10-17
2025-11-01,La Liga,Sociedad,Ath Bilbao,H,0.3561789423350503,0.2899274844778325,0.3538935731871172,0.3604633072483159,0.32659427166793725,0.3129424210837469,2025-10-17
2025-11-01,La Liga,Real Madrid,Valencia,H,0.7356275471657373,0.15700013888297232,0.10737231395129024,0.8246016284914331,0.11940394868007137,0.055994422828495455,2025-10-17
2025-11-01,La Liga,Villarreal,Vallecano,H,0.6018653836511135,0.20770133588916764,0.1904332804597187,0.5537525354969574,0.24847870182555784,0.19776876267748478,2025-10-17
2025-11-01,La Liga,Ath Madrid,Sevilla,H,0.668726304338217,0.19330086985952366,0.1379728258022596,0.7204753291407898,0.17747002592806221,0.10205464493114783,2025-10-17
2025-11-02,La Liga,Betis,Mallorca,H,0.5655481106937404,0.2438211372346096,0.19063075207165003,0.6182569068641413,0.21771575049843356,0.16402734263742524,2025-10-17
2025-11-02,La Liga,Barcelona,Elche,H,0.8156233312565286,0.11574200716497826,0.0686346615784929,0.8078620861280306,0.12356759415068848,0.06857031972128078,2025-10-17
2025-11-02,La Liga,Levante,Celta,A,0.4881549427019812,0.22044587288421308,0.2913991844138058,0.30896878704069536,0.2821019359936784,0.40892927696562625,2025-10-17
2025-11-02,La Liga,Alaves,Espanol,H,0.47346875046027703,0.2676560920479187,0.25887515749180423,0.38941525504832997,0.3110345487606469,0.2995501961910231,2025-10-17
2025-11-03,La Liga,Oviedo,Osasuna,D,0.28519491885807297,0.3052474283589472,0.40955765278297984,0.30098876645076433,0.30381053613624026,0.3952006974129954,2025-10-17
2025-11-07,La Liga,Elche,Sociedad,D,0.3423558018777842,0.2752430303142899,0.3824011678079258,0.30876108272922914,0.3068130632798334,0.38442585399093754,2025-10-17
2025-11-08,La Liga,Girona,Alaves,H,0.4422972492221425,0.2554077648025989,0.3022949859752586,0.4460534484501104,0.29113668192252723,0.26280986962736236,2025-10-17
2025-11-08,La Liga,Sevilla,Osasuna,H,0.4778205030194461,0.2583153157908612,0.26386418118969257,0.4162303664921467,0.306282722513089,0.2774869109947644,2025-10-17
2025-11-08,La Liga,Ath Madrid,Levante,H,0.6939865906064914,0.16667498898681574,0.13933842040669295,0.7869656572030951,0.13560707652369716,0.07742726627320773,2025-10-17
2025-11-08,La Liga,Espanol,Villarreal,A,0.3263304916992043,0.2359099903126962,0.43775951798809953,0.33914220908127707,0.28212699711978706,0.3787307937989359,2025-10-17
2025-11-09,La Liga,Celta,Barcelona,A,0.23948454801294172,0.21085528274848828,0.5496601692385699,0.2282309477686684,0.22504632989282652,0.5467227223385052,2025-10-17
2025-11-09,La Liga,Mallorca,Getafe,H,0.400850676986934,0.3078943149713156,0.29125500804175036,0.36878279421092086,0.34402352534163644,0.2871936804474428,2025-10-17
2025-11-09,La Liga,Valencia,Betis,D,0.37930084704398315,0.26054294097421354,0.3601562119818033,0.2764318692513891,0.2772194244344415,0.4463487063141695,2025-10-17
2025-11-09,La Liga,Ath Bilbao,Oviedo,H,0.6934088841654009,0.21204338945270024,0.09454772638189864,0.6004632310364795,0.2641381972592164,0.13539857170430422,2025-10-17
2025-11-09,La Liga,Vallecano,Real Madrid,D,0.23344036485599276,0.22620134004178657,0.5403582951022206,0.15630250250470665,0.20717612216362616,0.6365213753316672,2025-10-17
2025-11-21,La Liga,Valencia,Levante,H,0.4742479157181362,0.22836690137561053,0.2973851829062534,0.46735048483829383,0.2761616501317191,0.25648786502998716,2025-11-21
2025-11-22,La Liga,Alaves,Celta,A,0.43412953967090306,0.26730033884088233,0.29857012148821455,0.35166196086067575,0.32255087138545424,0.3257871677538701,2025-11-21
2025-11-22,La Liga,Barcelona,Ath Bilbao,H,0.60813006834331,0.20838170394385108,0.18348822771283882,0.6772009029345373,0.18445662689455014,0.1383424701709126,2025-11-21
2025-11-22,La Liga,Osasuna,Sociedad,A,0.36820351297801257,0.28136226312796797,0.3504342238940193,0.35929820195358675,0.3245660424314067,0.3161357556150065,2025-11-21
2025-11-22,La Liga,Villarreal,Mallorca,H,0.640612781275491,0.20303822482914105,0.15634899389536802,0.6853390174233468,0.19249562043165716,0.12216536214499606,2025-11-21
2025-11-23,La Liga,Getafe,Ath Madrid,A,0.2303348531323138,0.26680337131090875,0.5028617755567774,0.1955028613060508,0.28974226451046453,0.5147548741834848,2025-11-21
2025-11-23,La Liga,Oviedo,Vallecano,D,0.2532799509303921,0.27560878330428495,0.47111126576532275,0.27023709922932615,0.30119305177262357,0.42856984899805023,2025-11-21
2025-11-23,La Liga,Betis,Girona,D,0.5861362543918525,0.20939278081825838,0.20447096478988916,0.6314375520511513,0.21373881739784545,0.15482363055100343,2025-11-21
2025-11-23,La Liga,Elche,Real Madrid,D,0.17295546110668802,0.20709955287819143,0.6199449860151207,0.13658248992826963,0.1736759359339688,0.6897415741377617,2025-11-21
2025-11-24,La Liga,Espanol,Sevilla,H,0.4406125120441878,0.2567872026406839,0.3026002853151281,0.5248351853872169,0.2589186914576937,0.21624612315508937,2025-11-21
2025-11-28,La Liga,Getafe,Elche,H,0.4663190271340058,0.28738317464341756,0.2462977982225767,0.42325425433816755,0.32777265487467516,0.24897309078715738,2025-11-21
2025-11-29,La Liga,Ath Madrid,Oviedo,H,0.8259085791260696,0.12201275460276767,0.052078666271162664,0.770999140292606,0.15469485158358864,0.07430600812380549,2025-11-21
2025-11-29,La Liga,Levante,Ath Bilbao,A,0.32346581494496945,0.24188972030018321,0.4346444647548472,0.24646337956434516,0.27984602751686455,0.4736905929187903,2025-11-21
2025-11-29,La Liga,Barcelona,Alaves,H,0.7303117411700483,0.1616591257148216,0.10802913311513025,0.7688983173404554,0.14474742419812792,0.08635425846141681,2025-11-21
2025-11-29,La Liga,Mallorca,Osasuna,D,0.4078877009971544,0.2872475841122341,0.30486471489061145,0.38957159371411354,0.3214287076849121,0.2889996986009744,2025-11-21
2025-11-30,La Liga,Girona,Real Madrid,D,0.2064014450894759,0.19601460162042778,0.5975839532900962,0.1368479368955223,0.16800420974388988,0.6951478533605879,2025-11-21
2025-11-30,La Liga,Celta,Espanol,A,0.5075509972654432,0.2399224016469338,0.2525266010876234,0.5065397415060754,0.2724247349276372,0.22103552356628742,2025-11-21
2025-11-30,La Liga,Sevilla,Betis,A,0.372320169786656,0.25780404621897696,0.3698757839943669,0.3503370405219886,0.2915978960033318,0.3580650634746795,2025-11-21
2025-11-30,La Liga,Sociedad,Villarreal,A,0.398249011555262,0.24873630136406652,0.35301468708067146,0.33570063242893317,0.28549320646448856,0.3788061611065783,2025-11-21
2025-12-01,La Liga,Vallecano,Valencia,D,0.4729419364573406,0.26419653977038254,0.26286152377227684,0.4606802778097862,0.3028147620494233,0.23650496014079048,2025-11-21
2025-12-02,La Liga,Barcelona,Ath Madrid,H,0.53039734428429,0.21552207227742837,0.2540805834382816,0.5710647802165264,0.21494420458038518,0.21399101520308858,2025-11-21
2025-12-03,La Liga,Ath Bilbao,Real Madrid,A,0.3369551397250979,0.25648098200798103,0.4065638782669211,0.2235911936982428,0.2629771763280146,0.5134316299737428,2025-11-21
2025-12-05,La Liga,Oviedo,Mallorca,D,0.29191380620750235,0.29659806878935857,0.411488125003139,0.370020814034163,0.3190671281671635,0.31091205779867365,2025-11-21
2025-12-06,La Liga,Villarreal,Getafe,H,0.6124432166199284,0.21763632569234187,0.16992045768772995,0.5892387991732932,0.2556485795355029,0.15511262129120398,2025-11-21
2025-12-06,La Liga,Alaves,Sociedad,H,0.38298908205114546,0.29007758766286923,0.3269333302859854,0.35127792783650014,0.32219862917453823,0.3265234429889616,2025-11-21
2025-12-06,La Liga,Betis,Barcelona,A,0.2924922507223461,0.22223785831830672,0.485269890959347,0.25750443656450817,0.23557583491059628,0.5069197285248958,2025-11-21
2025-12-06,La Liga,Ath Bilbao,Ath Madrid,H,0.36122404792646173,0.2756146299280076,0.36316132214553065,0.3255995697876407,0.3042320980203268,0.3701683321920326,2025-11-21
2025-12-07,La Liga,Real Madrid,Celta,A,0.7274764180482919,0.15741999246618807,0.11510358948552017,0.7578408643541402,0.1539740168846507,0.08818511876120905,2025-11-21
2025-12-07,La Liga,Elche,Girona,H,0.41043707249872624,0.25169465427532284,0.3378682732259508,0.4525315438542608,0.2887070680375848,0.25876138810815447,2025-11-21
2025-12-07,La Liga,Valencia,Sevilla,D,0.4388514015292931,0.2626116261490952,0.29853697232161186,0.4832571911152715,0.2815498417802016,0.23519296710452678,2025-11-21
2025-12-07,La Liga,Espanol,Vallecano,H,0.4216776297385022,0.2658182964181358,0.3125040738433619,0.3955750895626595,0.3031510032162437,0.30127390722109676,2025-11-21
2025-12-08,La Liga,Osasuna,Levante,H,0.47462273302306907,0.23048449144574176,0.29489277553118914,0.5687203791469194,0.24170616113744073,0.18957345971563982,2025-11-21
2025-12-12,La Liga,Sociedad,Girona,A,0.5481896092515199,0.23001243565393628,0.22179795509454395,0.5280148907277874,0.26328807902775236,0.20869703024446026,2025-11-21
2025-12-13,La Liga,Ath Madrid,Valencia,H,0.691379902253741,0.1869167302207014,0.12170336752555755,0.7253662701411071,0.17414027784976038,0.10049345200913255,2025-11-21
2025-12-13,La Liga,Mallorca,Elche,H,0.45586768473069744,0.2823258750112375,0.26180644025806504,0.37118862247588325,0.32202456651881267,0.30678681100530414,2025-11-21
2025-12-13,La Liga,Barcelona,Osasuna,H,0.7623301279237465,0.14361129296070596,0.09405857911554749,0.8043504006948009,0.11843196083849829,0.07721763846670089,2025-11-21
2025-12-13,La Liga,Getafe,Espanol,A,0.43135312638999823,0.28269070105315225,0.2859561725568495,0.3580147717791031,0.34778577829970025,0.29419944992119657,2025-11-21
2025-12-14,La Liga,Sevilla,Oviedo,H,0.6359381328386757,0.2188160565078835,0.14524581065344075,0.45232593010743205,0.3087303967399933,0.23894367315257464,2025-11-21
2025-12-14,La Liga,Celta,Ath Bilbao,H,0.34609779149356834,0.2712325590945325,0.3826696494118993,0.32003463822086914,0.3128312862351904,0.36713407554394045,2025-11-21
2025-12-14,La Liga,Alaves,Real Madrid,A,0.22981188698392804,0.23685916831965567,0.5333289446964162,0.1680733591614069,0.23375251164923824,0.598174129189355,2025-11-21
2025-12-15,La Liga,Vallecano,Betis,D,0.38156028230256916,0.2649912381829387,0.35344847951449215,,,,2025-11-21
2025-12-19,La Liga,Valencia,Mallorca,D,0.46246392065456243,0.27646167827310847,0.26107440107232904,0.46031267737889187,0.301633462506044,0.23805386011506416,2025-11-21
2025-12-20,La Liga,Real Madrid,Sevilla,H,0.7424757981205372,0.1537528665788752,0.10377133530058742,0.7939555916674379,0.1360745419146742,0.06996986641788783,2025-11-21
2025-12-20,La Liga,Osasuna,Alaves,H,0.41573617615354036,0.2842181082495026,0.300045715596957,0.4356794495525449,0.31959380674413657,0.24472674370331868,2025-11-21
2025-12-20,La Liga,Oviedo,Celta,D,0.24569073017498974,0.25701925566674483,0.4972900141582655,0.27047386892612224,0.2986828000411166,0.43084333103276107,2025-11-21
2025-12-20,La Liga,Levante,Sociedad,D,0.39369947283542084,0.23944257805150052,0.3668579491130787,0.30620102368981295,0.28808261992118495,0.40571635638900216,2025-11-21
2025-12-21,La Liga,Betis,Getafe,H,0.5399350139643575,0.2584105935602389,0.20165439247540354,0.5487016507761734,0.28150780344168896,0.1697905457821376,2025-12-21
2025-12-21,La Liga,Elche,Vallecano,H,0.35989195328460694,0.2775699071727071,0.362538139542686,0.38028580321153976,0.32559587164600057,0.2941183251424597,2025-12-21
2025-12-21,La Liga,Girona,Ath Madrid,A,0.24956990666967274,0.22634999567969274,0.5240800976506346,0.19447057823577857,0.2563710275415967,0.5491583942226248,2025-12-21
2025-12-21,La Liga,Villarreal,Barcelona,A,0.34690969363316443,0.2095625472139126,0.4435277591529231,0.23097069559299666,0.21601946753005713,0.5530098368769463,2025-12-21
2025-12-22,La Liga,Ath Bilbao,Espanol,A,0.5709424764295294,0.24333016758033865,0.18572735599013176,0.5170251423017758,0.28338404301088577,0.19959081468733847,2025-12-21
2026-01-02,La Liga,Vallecano,Getafe,D,0.45980232938408616,0.29393604622090874,0.24626162439500504,0.45278973574118214,0.3391978856597706,0.20801237859904737,2025-12-21
2026-01-03,La Liga,Celta,Valencia,H,0.49741901213232,0.2512742036192627,0.25130678424841724,0.47140190263627413,0.2951635013467248,0.2334345960170011,2025-12-21
2026-01-03,La Liga,Osasuna,Ath Bilbao,D,0.32263574765085334,0.28427704565826856,0.393087206690878,0.3141486438230682,0.32247046220248726,0.3633808939744445,2025-12-21
2026-01-03,La Liga,Elche,Villarreal,A,0.25951496838716015,0.23059228729040715,0.5098927443224328,0.3003769552699534,0.2764833338280253,0.42313971090202135,2025-12-21
2026-01-03,La Liga,Espanol,Barcelona,A,0.20812956779417355,0.2040877506023177,0.5877826816035089,0.16237928382189554,0.2030595675583283,0.6345611486197761,2025-12-21
2026-01-04,La Liga,Mallorca,Girona,A,0.4275313991730675,0.25829720502789383,0.3141713957990386,0.432339638233068,0.3068656738247328,0.26079468794219923,2025-12-21
2026-01-04,La Liga,Sociedad,Ath Madrid,D,0.309362953371257,0.2651889701204542,0.42544807650828886,0.2285127275859539,0.25490264888196956,0.5165846235320767,2025-12-21
2026-01-04,La Liga,Alaves,Oviedo,D,0.6116294815523535,0.2486144674530853,0.13975605099456126,0.5027264167224262,0.32021847665817904,0.1770551066193946,2025-12-21
2026-01-04,La Liga,Real Madrid,Betis,H,0.6752524247821344,0.17742077746550758,0.14732679775235813,0.6428504149616435,0.21334156628397397,0.14380801875438246,2025-12-21
2026-01-04,La Liga,Sevilla,Levante,A,0.532050064154871,0.21928442969654807,0.24866550614858102,0.5424558029917073,0.26602627050826194,0.19151792650003077,2025-12-21
2026-01-09,La Liga,Getafe,Sociedad,A,0.3471018523073891,0.30627676163103146,0.34662138606157944,0.2673508097855163,0.32547055104323724,0.4071786391712466,2025-12-21
2026-01-10,La Liga,Oviedo,Betis,D,0.1960841362581425,0.2565418961415207,0.5473739676003367,0.24904261372562023,0.2783838412047881,0.4725735450695916,2025-12-21
2026-01-10,La Liga,Villarreal,Alaves,H,0.6044870120536032,0.21336933635102687,0.18214365159536983,0.6496334269361439,0.2256302578402924,0.12473631522356372,2025-12-21
2026-01-10,La Liga,Girona,Osasuna,H,0.458101167602077,0.2467676787195561,0.295131153678367,0.3729432565121344,0.30999423550849386,0.3170625079793716,2025-12-21
2026-01-10,La Liga,Valencia,Elche,D,0.5172218745037168,0.2534972609957831,0.2292808645005,0.4762139511954646,0.2891298989401035,0.23465614986443184,2025-12-21
2026-01-11,La Liga,Vallecano,Mallorca,H,0.4869465130589373,0.2744203663813111,0.23863312055975155,0.5036953904287659,0.29911757031615943,0.19718703925507466,2025-12-21
2026-01-11,La Liga,Levante,Espanol,D,0.4353259556369074,0.2363746058082133,0.32829943855487925,0.30221439260480004,0.2939970828360895,0.40378852455911046,2025-12-21
2026-01-12,La Liga,Sevilla,Celta,A,0.4264965522382498,0.25614233888646826,0.317361108875282,0.36615134255492265,0.30919446704637915,0.3246541903986981,2025-12-21
2026-01-16,La Liga,Espanol,Girona,A,0.4737664042642446,0.24084183854227298,0.2853917571934823,,,,2025-12-21
2026-01-17,La Liga,Osasuna,Oviedo,H,0.6163606672456182,0.2414689809167837,0.14217035183759769,,,,2025-12-21
2026-01-17,La Liga,Betis,Villarreal,H,0.4208893000568872,0.23328364055737025,0.34582705938574254,,,,2025-12-21
2026-01-17,La Liga,Real Madrid,Levante,H,0.8237649391291725,0.10557122674211403,0.0706638341287134,,,,2025-12-21
2026-01-17,La Liga,Mallorca,Ath Bilbao,H,0.2883247269408494,0.2909543611917638,0.4207209118673869,,,,2025-12-21
2026-01-18,La Liga,Sociedad,Barcelona,H,0.2676278355133997,0.2271832349610191,0.5051889295255813,,,,2025-12-21
2026-01-18,La Liga,Celta,Vallecano,H,0.4725219215076507,0.25928625462907345,0.26819182386327617,,,,2025-12-21
2026-01-18,La Liga,Getafe,Valencia,A,0.4090248784797383,0.2985477434341143,0.29242737808614766,,,,2025-12-21
2026-01-18,La Liga,Ath Madrid,Alaves,H,0.654423910069342,0.20783849636922172,0.13773759356143642,,,,2025-12-21
2026-01-19,La Liga,Elche,Sevilla,D,0.37729174962465967,0.26668106340218817,0.35602718697315194,,,,2025-12-21
2026-01-23,La Liga,Levante,Elche,H,0.5098111212615527,0.22648491442160443,0.26370396431684273,,,,2026-01-23
2026-01-24,La Liga,Vallecano,Osasuna,A,0.4442872440847499,0.27418650347920875,0.2815262524360415,,,,2026-01-23
2026-01-24,La Liga,Valencia,Espanol,H,0.4484949965682563,0.2685075931441156,0.2829974102876279,,,,2026-01-23
2026-01-24,La Liga,Sevilla,Ath Bilbao,H,0.32572095667135154,0.27496817098355425,0.3993108723450943,,,,2026-01-23
2026-01-24,La Liga,Villarreal,Real Madrid,A,0.34120211581192483,0.2210046012829369,0.4377932829051382,,,,2026-01-23
2026-01-25,La Liga,Ath Madrid,Mallorca,H,0.689058231971346,0.193520128240771,0.11742163978788299,,,,2026-01-23
2026-01-25,La Liga,Barcelona,Oviedo,H,0.8767996981817852,0.08383768967639396,0.039362612141821025,,,,2026-01-23
2026-01-25,La Liga,Sociedad,Celta,H,0.46666839169839736,0.2602738503228621,0.27305775797874066,,,,2026-01-23
2026-01-25,La Liga,Alaves,Betis,H,0.3603809437274424,0.2707090744169918,0.36890998185556584,,,,2026-01-23
2026-01-26,La Liga,Girona,Getafe,D,0.4762184492204976,0.26827844918005056,0.2555031015994519,,,,2026-01-23
2026-01-30,La Liga,Espanol,Alaves,A,0.4330478264081928,0.27848545332588787,0.2884667202659194,,,,2026-01-23
2026-01-31,La Liga,Elche,Barcelona,A,0.15537962240764705,0.1755423709465061,0.6690780066458466,,,,2026-01-23
2026-01-31,La Liga,Levante,Ath Madrid,D,0.22798434388605157,0.21829444357452268,0.5537212125394256,,,,2026-01-23
2026-01-31,La Liga,Oviedo,Girona,H,0.30745849950596527,0.2568807223607801,0.43566077813325454,,,,2026-01-23
2026-01-31,La Liga,Osasuna,Villarreal,D,0.3254747590485638,0.24682382809308798,0.4277014128583483,,,,2026-01-23
2026-02-01,La Liga,Real Madrid,Vallecano,H,0.7350292770265703,0.16084552313304992,0.10412519984037988,,,,2026-01-23
2026-02-01,La Liga,Betis,Valencia,H,0.5509396613512308,0.23615368661001276,0.2129066520387563,,,,2026-01-23
2026-02-01,La Liga,Getafe,Celta,D,0.35023039083083496,0.2931593061913514,0.35661030297781365,,,,2026-01-23
2026-02-01,La Liga,Ath Bilbao,Sociedad,D,0.4882256092813841,0.26999192141884676,0.24178246929976915,,,,2026-01-23
2026-02-02,La Liga,Mallorca,Sevilla,H,0.41442199223032555,0.2748306879708214,0.3107473197988532,,,,2026-01-23
2026-02-06,La Liga,Celta,Osasuna,A,0.5030934304973834,0.25257435935381534,0.24433221014880124,,,,2026-01-23
2026-02-07,La Liga,Sociedad,Elche,H,0.5801283543287312,0.23235109697972975,0.18752054869153884,,,,2026-01-23
2026-02-07,La Liga,Barcelona,Mallorca,H,0.7881156279335283,0.13222434369688882,0.0796600283695831,,,,2026-01-23
2026-02-08,La Liga,Valencia,Real Madrid,A,0.21052942687988935,0.22123929472085066,0.5682312783992599,,,,2026-01-23
2026-02-08,La Liga,Ath Madrid,Betis,A,0.594101891856768,0.2173529912265281,0.18854511691670384,,,,2026-01-23
2026-02-08,La Liga,Alaves,Getafe,A,0.44855126742908286,0.30333114027013874,0.2481175923007785,,,,2026-01-23
2026-02-08,La Liga,Ath Bilbao,Levante,H,0.6228612643422746,0.20720628939096356,0.16993244626676168,,,,2026-01-23
2026-02-08,La Liga,Sevilla,Girona,D,0.4632868890686171,0.24328925499787843,0.2934238559335045,,,,2026-01-23
2026-02-09,La Liga,Villarreal,Espanol,H,0.623133086823744,0.2021564897650135,0.17471042341124257,,,,2026-01-23
2026-02-13,La Liga,Elche,Osasuna,D,0.3909369120614457,0.267920835524255,0.34114225241429935,,,,2026-01-23
2026-02-14,La Liga,Espanol,Celta,D,0.39585504662051335,0.2637872363145348,0.34035771706495194,,,,2026-01-23
2026-02-14,La Liga,Getafe,Villarreal,H,0.28528640743505507,0.2651972715335036,0.44951632103144123,,,,2026-01-23
2026-02-14,La Liga,Sevilla,Alaves,D,0.43768009122224544,0.2739755633998466,0.2883443453779079,,,,2026-01-23
2026-02-14,La Liga,Real Madrid,Sociedad,H,0.6712580855117493,0.18837934267436873,0.14036257181388204,,,,2026-01-23
2026-02-15,La Liga,Mallorca,Betis,A,0.32985193815073,0.267517242656439,0.4026308191928312,,,,2026-01-23
2026-02-15,La Liga,Levante,Valencia,A,0.4379188217248956,0.24517683982152472,0.3169043384535797,,,,2026-01-23
2026-02-15,La Liga,Vallecano,Ath Madrid,H,0.25430134843959956,0.2568355925735038,0.48886305898689647,,,,2026-01-23
2026-02-15,La Liga,Oviedo,Ath Bilbao,A,0.20582709965442395,0.2610133375666216,0.5331595627789545,,,,2026-01-23
2026-02-16,La Liga,Girona,Barcelona,H,0.19746661377023206,0.185566403570953,0.616966982658815,,,,2026-01-23
2026-02-18,La Liga,Levante,Villarreal,A,0.3026447663114323,0.21606808532903837,0.4812871483595292,,,,2026-01-23
2026-02-20,La Liga,Ath Bilbao,Elche,H,0.6295110618584737,0.2168133884234015,0.15367554971812478,,,,2026-01-23
2026-02-21,La Liga,Ath Madrid,Espanol,H,0.6745337098931302,0.19535861230053944,0.1301076778063304,,,,2026-01-23
2026-02-21,La Liga,Sociedad,Oviedo,D,0.6496380394540869,0.21678056958978126,0.13358139095613172,,,,2026-01-23
2026-02-21,La Liga,Betis,Vallecano,D,0.5436651368368436,0.23917874076687162,0.21715612239628476,,,,2026-01-23
2026-02-21,La Liga,Osasuna,Real Madrid,H,0.21208601641851335,0.22338095831084187,0.5645330252706446,,,,2026-01-23
2026-02-22,La Liga,Celta,Mallorca,H,0.5312850820595626,0.25081888710485584,0.2178960308355815,,,,2026-02-22
2026-02-22,La Liga,Villarreal,Valencia,H,0.6048848162718452,0.21248187123994008,0.18263331248821463,,,,2026-02-22
2026-02-22,La Liga,Getafe,Sevilla,A,0.4184134507200902,0.2954652349693119,0.28612131431059806,,,,2026-02-22
2026-02-22,La Liga,Barcelona,Levante,H,0.8324032183978339,0.1020299705074062,0.06556681109475984,,,,2026-02-22
2026-02-23,La Liga,Alaves,Girona,D,0.45856313639493806,0.25792930592483504,0.283507557680227,,,,2026-02-22
2026-02-27,La Liga,Levante,Alaves,H,0.4104276365006933,0.26060725742337204,0.32896510607593477,,,,2026-02-22
2026-02-28,La Liga,Oviedo,Ath Madrid,A,0.16756692569593418,0.22990279132514496,0.6025302829789206,,,,2026-02-22
2026-02-28,La Liga,Mallorca,Sociedad,A,0.34562979553848805,0.2833223909123759,0.3710478135491362,,,,2026-02-22
2026-02-28,La Liga,Vallecano,Ath Bilbao,D,0.3364552269009579,0.2837063290134448,0.379838444085597,,,,2026-02-22
2026-02-28,La Liga,Barcelona,Villarreal,H,0.6717733479009012,0.16654478794606511,0.1616818641530336,,,,2026-02-22
2026-03-01,La Liga,Elche,Espanol,D,0.3891597354781456,0.25469048005448913,0.3561497844673652,,,,2026-02-22
2026-03-01,La Liga,Valencia,Osasuna,H,0.43324537506198896,0.2757000758714324,0.2910545490665785,,,,2026-02-22
2026-03-01,La Liga,Betis,Sevilla,D,0.5838082193696297,0.22356015616833064,0.19263162446203955,,,,2026-02-22
2026-03-01,La Liga,Girona,Celta,A,0.41486714524894547,0.24757055980591106,0.3375622949451434,,,,2026-02-22
2026-03-02,La Liga,Real Madrid,Getafe,A,0.7287959840384961,0.17581128276667168,0.09539273319483224,,,,2026-02-22
2026-03-04,La Liga,Vallecano,Oviedo,H,0.5756311284472491,0.24458806835437696,0.179780803198374,,,,2026-02-22
2026-03-06,La Liga,Celta,Real Madrid,A,0.25691347677048215,0.22827365029728164,0.5148128729322363,,,,2026-02-22
2026-03-07,La Liga,Osasuna,Mallorca,D,0.47782470270704563,0.2733581069935753,0.24881719029937896,,,,2026-02-22
2026-03-07,La Liga,Levante,Girona,D,0.4315857058783365,0.23502100142336563,0.3333932926982979,,,,2026-02-22
2026-03-07,La Liga,Ath Madrid,Sociedad,H,0.5858848599154018,0.23157923956113335,0.1825359005234649,,,,2026-02-22
2026-03-07,La Liga,Ath Bilbao,Barcelona,A,0.31130742410170104,0.23713019164383767,0.45156238425446105,,,,2026-02-22
2026-03-08,La Liga,Valencia,Alaves,H,0.4318243542661034,0.28128821006912164,0.2868874356647748,,,,2026-02-22
2026-03-08,La Liga,Sevilla,Vallecano,D,0.41580045907355645,0.2709188887554923,0.31328065217095147,,,,2026-02-22
2026-03-08,La Liga,Villarreal,Elche,H,0.7228728467471864,0.1595225673000423,0.11760458595277135,,,,2026-02-22
2026-03-08,La Liga,Getafe,Betis,H,0.3192197298110425,0.29068391672458643,0.39009635346437094,,,,2026-02-22
2026-03-09,La Liga,Espanol,Oviedo,D,0.5533165847015468,0.24526948251151803,0.2014139327869353,,,,2026-02-22
2026-03-13,La Liga,Alaves,Villarreal,D,0.33476029154695464,0.2567023120139636,0.40853739643908177,,,,2026-02-22
2026-03-14,La Liga,Girona,Ath Bilbao,H,0.33802343793797013,0.26105055273827626,0.4009260093237534,,,,2026-02-22
2026-03-14,La Liga,Ath Madrid,Getafe,H,0.6438046696364308,0.22762047634268354,0.12857485402088553,,,,2026-02-22
2026-03-14,La Liga,Oviedo,Valencia,H,0.31989047254708114,0.2821641541277457,0.3979453733251729,,,,2026-02-22
2026-03-14,La Liga,Real Madrid,Elche,H,0.8379740771505149,0.10451079208257617,0.05751513076690888,,,,2026-02-22
2026-03-15,La Liga,Betis,Celta,D,0.5096169555362368,0.2400173874641973,0.25036565699956603,,,,2026-02-22
2026-03-15,La Liga,Mallorca,Espanol,H,0.43444820920002925,0.2728276611708803,0.29272412962909045,,,,2026-02-22
2026-03-15,La Liga,Barcelona,Sevilla,H,0.7967188994220403,0.12433822284719545,0.07894287773076417,,,,2026-02-22
2026-03-15,La Liga,Sociedad,Osasuna,H,0.5022137312746958,0.2609516665759179,0.23683460214938623,,,,2026-02-22
2026-03-16,La Liga,Vallecano,Levante,D,0.5137032582020167,0.2407055413441303,0.24559120045385274,,,,2026-02-22
2026-03-20,La Liga,Villarreal,Sociedad,H,0.534404329097782,0.23036469128191836,0.23523097962029973,,,,2026-02-22
2026-03-21,La Liga,Elche,Mallorca,H,0.391775291870066,0.26733708738045375,0.34088762074948015,,,,2026-02-22
2026-03-21,La Liga,Espanol,Getafe,A,0.43608272349640903,0.2921753347135947,0.27174194178999644,,,,2026-02-22
2026-03-21,La Liga,Levante,Oviedo,H,0.5543635198842143,0.23287850693145853,0.21275797318432685,,,,2026-02-22
2026-03-21,La Liga,Osasuna,Girona,H,0.46633726795462976,0.2519049771858418,0.2817577548595284,,,,2026-02-22
2026-03-21,La Liga,Sevilla,Valencia,A,0.4263785446894058,0.26902891193444745,0.3045925433761467,,,,2026-02-22
2026-03-22,La Liga,Barcelona,Vallecano,H,0.7574990578769544,0.14563137099080828,0.09686957113223717,,,,2026-02-22
2026-03-22,La Liga,Celta,Alaves,A,0.49147787916743874,0.260945163751364,0.2475769570811972,,,,2026-02-22
2026-03-22,La Liga,Ath Bilbao,Betis,H,0.4779798714418203,0.257649653736543,0.2643704748216367,,,,2026-02-22
2026-03-22,La Liga,Real Madrid,Ath Madrid,H,0.5368683318006671,0.22654887249254804,0.23658279570678462,,,,2026-02-22
2026-04-03,La Liga,Vallecano,Elche,H,0.5604877969373032,0.2314713893976331,0.20804081366506383,,,,2026-04-03
2026-04-04,La Liga,Ath Madrid,Barcelona,A,0.399761400424903,0.22779976450441938,0.37243883507067754,,,,2026-04-03
2026-04-04,La Liga,Betis,Espanol,D,0.5973394288380259,0.21597690271572365,0.18668366844625034,,,,2026-04-03
2026-04-04,La Liga,Sociedad,Levante,H,0.5758467391417919,0.21650494064879225,0.20764832020941593,,,,2026-04-03
2026-04-04,La Liga,Mallorca,Real Madrid,H,0.19052767345566016,0.21677795595606594,0.592694370588274,,,,2026-04-03
2026-04-05,La Liga,Getafe,Ath Bilbao,H,0.30433457053402746,0.3088879427710574,0.386777486694915,,,,2026-04-03
2026-04-05,La Liga,Valencia,Celta,A,0.41048378007912145,0.2632464436987228,0.3262697762221559,,,,2026-04-03
2026-04-05,La Liga,Oviedo,Sevilla,H,0.36565390362438177,0.27079179001140974,0.36355430636420866,,,,2026-04-03
2026-04-05,La Liga,Alaves,Osasuna,D,0.43862658397906207,0.2719912615437887,0.28938215447714927,,,,2026-04-03
2026-04-06,La Liga,Girona,Villarreal,H,0.3529702882473888,0.22841129967233653,0.41861841208027467,,,,2026-04-03
2026-04-10,La Liga,Real Madrid,Girona,D,0.7583534216709903,0.14137230636593356,0.10027427196307635,,,,2026-04-03
2026-04-11,La Liga,Sociedad,Alaves,D,0.5147854344286463,0.2530281801619507,0.23218638540940273,,,,2026-04-03
2026-04-11,La Liga,Elche,Valencia,H,0.3804713136808185,0.2568930256474865,0.36263566067169484,,,,2026-04-03
2026-04-11,La Liga,Barcelona,Espanol,H,0.8132816658967883,0.11448616693734787,0.07223216716586409,,,,2026-04-03
2026-04-11,La Liga,Sevilla,Ath Madrid,H,0.25034397740544995,0.2467502299003761,0.502905792694174,,,,2026-04-03
2026-04-12,La Liga,Ath Bilbao,Villarreal,A,0.459084224979403,0.2459746222533105,0.2949411527672863,,,,2026-04-03
2026-04-12,La Liga,Mallorca,Vallecano,H,0.3839206004713774,0.2820125549687328,0.3340668445598897,,,,2026-04-03
2026-04-12,La Liga,Osasuna,Betis,D,0.3782757922845378,0.2626445062014584,0.3590797015140038,,,,2026-04-03
2026-04-12,La Liga,Celta,Oviedo,A,0.6310569108752084,0.21248161474472332,0.1564614743800684,,,,2026-04-03
2026-04-13,La Liga,Levante,Getafe,H,0.4415603999733384,0.27024287594998303,0.2881967240766785,,,,2026-04-03
2026-04-21,La Liga,Ath Bilbao,Osasuna,H,0.5514163013120199,0.2496846741046459,0.1988990245833341,,,,2026-04-03
2026-04-21,La Liga,Mallorca,Valencia,D,0.39773350849531386,0.2780190802259124,0.32424741127877377,,,,2026-04-03
2026-04-21,La Liga,Girona,Betis,A,0.38618937836175427,0.242820939700801,0.3709896819374448,,,,2026-04-03
2026-04-21,La Liga,Real Madrid,Alaves,H,0.7343416042616148,0.16105296362176177,0.10460543211662365,,,,2026-04-03
2026-04-22,La Liga,Elche,Ath Madrid,H,0.2120505951933356,0.22182204630389254,0.5661273585027718,,,,2026-04-03
2026-04-22,La Liga,Sociedad,Getafe,A,0.5097787916882878,0.27592063761958213,0.21430057069213004,,,,2026-04-03
2026-04-22,La Liga,Barcelona,Celta,H,0.735105187671423,0.14977358271334973,0.1151212296152272,,,,2026-04-03
2026-04-23,La Liga,Levante,Sevilla,H,0.470850538489968,0.23829881312367085,0.2908506483863611,,,,2026-04-03
2026-04-23,La Liga,Vallecano,Espanol,H,0.5080018212816017,0.25171244664639814,0.24028573207200046,,,,2026-04-03
2026-04-23,La Liga,Oviedo,Villarreal,D,0.2328000377874144,0.227555169320754,0.5396447928918315,,,,2026-04-03
2026-04-24,La Liga,Betis,Real Madrid,D,0.3044936960968086,0.23213891122525493,0.4633673926779365,,,,2026-04-03
2026-04-25,La Liga,Alaves,Mallorca,H,0.48620334010973476,0.2671821626529748,0.2466144972372904,,,,2026-04-03
2026-04-25,La Liga,Getafe,Barcelona,A,0.1929040913928766,0.22495834675231424,0.5821375618548091,,,,2026-04-03
2026-04-25,La Liga,Valencia,Girona,H,0.4677242378201352,0.24687058138590842,0.28540518079395616,,,,2026-04-03
2026-04-25,La Liga,Ath Madrid,Ath Bilbao,H,0.5304351267654878,0.24830377703073656,0.22126109620377565,,,,2026-04-03
2026-04-26,La Liga,Vallecano,Sociedad,D,0.4093364707232657,0.2713495039694848,0.3193140253072496,,,,2026-04-03
2026-04-26,La Liga,Oviedo,Elche,A,0.4197378571882148,0.2559416953366175,0.3243204474751678,,,,2026-04-03
2026-04-26,La Liga,Osasuna,Sevilla,H,0.4896201713467794,0.2572265494023439,0.2531532792508765,,,,2026-04-03
2026-04-26,La Liga,Villarreal,Celta,H,0.5616303103977522,0.21494669595595256,0.22342299364629514,,,,2026-04-03
2026-04-27,La Liga,Espanol,Levante,D,0.47540763159311433,0.23441459937923328,0.2901777690276523,,,,2026-04-03
2026-05-01,La Liga,Girona,Mallorca,A,0.5148708152372773,0.2420184917036473,0.24311069305907534,,,,2026-04-03
2026-05-02,La Liga,Osasuna,Barcelona,A,0.21435976282462588,0.20886342929636176,0.5767768078790124,,,,2026-04-03
2026-05-02,La Liga,Alaves,Ath Bilbao,A,0.3344726085622775,0.28164733176213214,0.3838800596755904,,,,2026-04-03
2026-05-02,La Liga,Valencia,Ath Madrid,A,0.278765038403587,0.25790324162847866,0.4633317199679345,,,,2026-04-03
2026-05-02,La Liga,Villarreal,Levante,H,0.6742233552015369,0.17175643386066583,0.15402021093779725,,,,2026-04-03
2026-05-03,La Liga,Celta,Elche,H,0.5965244344605716,0.21058759605006425,0.1928879694893641,,,,2026-05-03
2026-05-03,La Liga,Getafe,Vallecano,A,0.3879304158117234,0.2989610862299984,0.3131084979582784,,,,2026-05-03
2026-05-03,La Liga,Betis,Oviedo,H,0.6462140926020931,0.20398231461161953,0.1498035927862877,,,,2026-05-03
2026-05-03,La Liga,Espanol,Real Madrid,A,0.20033725322054446,0.21053638260127355,0.5891263641781822,,,,2026-05-03
2026-05-04,La Liga,Sevilla,Sociedad,H,0.36570861973810875,0.26198388767729636,0.372307492584595,,,,2026-05-03
2026-05-08,La Liga,Levante,Osasuna,H,0.4199842490780096,0.2499677343080352,0.3300480166139553,,,,2026-05-03
2026-05-09,La Liga,Ath Madrid,Celta,A,0.6008356776398224,0.213199594555842,0.18596472780433548,,,,2026-05-03
2026-05-09,La Liga,Sociedad,Betis,D,0.441831579141227,0.2508741933295514,0.30729422752922153,,,,2026-05-03
2026-05-09,La Liga,Sevilla,Espanol,H,0.4686962311029898,0.25493740158940914,0.2763663673076008,,,,2026-05-03
2026-05-09,La Liga,Elche,Alaves,D,0.39937387422703746,0.2532959430298056,0.3473301827431568,,,,2026-05-03
2026-05-10,La Liga,Mallorca,Villarreal,D,0.3075709742398176,0.24257042385502428,0.4498586019051583,,,,2026-05-03
2026-05-10,La Liga,Ath Bilbao,Valencia,A,0.5495746636392513,0.24487385448090443,0.20555148187984423,,,,2026-05-03
2026-05-10,La Liga,Oviedo,Getafe,D,0.374597646486301,0.30068581415960743,0.3247165393540917,,,,2026-05-03
2026-05-10,La Liga,Barcelona,Real Madrid,H,0.5413366068344919,0.20017540011752563,0.2584879930479824,,,,2026-05-03
2026-05-11,La Liga,Vallecano,Girona,D,0.4802175866544499,0.24385152513032454,0.2759308882152254,,,,2026-05-03
2026-05-12,La Liga,Betis,Elche,H,0.6352757707675901,0.1977879636824958,0.16693626554991411,,,,2026-05-03
2026-05-12,La Liga,Osasuna,Ath Madrid,A,0.3102807333450276,0.2580872780508778,0.43163198860409463,,,,2026-05-03
2026-05-12,La Liga,Celta,Levante,A,0.5640873624276641,0.21696007256638883,0.21895256500594704,,,,2026-05-03
2026-05-13,La Liga,Alaves,Barcelona,H,0.2102183405045657,0.20597873190342422,0.5838029275920101,,,,2026-05-03
2026-05-13,La Liga,Getafe,Mallorca,H,0.42961407912195093,0.2985835186149108,0.2718024022631383,,,,2026-05-03
2026-05-13,La Liga,Espanol,Ath Bilbao,H,0.31860956343292046,0.2674217459200822,0.41396869064699743,,,,2026-05-03
2026-05-13,La Liga,Villarreal,Sevilla,A,0.6499361260035987,0.19078567142020142,0.15927820257620007,,,,2026-05-03
2026-05-14,La Liga,Girona,Sociedad,D,0.41059292318456736,0.2464060805604225,0.3430009962550099,,,,2026-05-03
2026-05-14,La Liga,Real Madrid,Oviedo,H,0.8086282372009128,0.123295428420187,0.06807633437890007,,,,2026-05-03
2026-05-14,La Liga,Valencia,Vallecano,D,0.4420606994358422,0.26345996158586305,0.2944793389782949,,,,2026-05-03
2026-05-17,La Liga,Sociedad,Valencia,A,0.5227493074899981,0.2431932259786566,0.2340574665313453,,,,2026-05-03
2026-05-17,La Liga,Sevilla,Real Madrid,A,0.20783574422467688,0.21672834929382773,0.5754359064814956,,,,2026-05-03
2026-05-17,La Liga,Vallecano,Villarreal,H,0.3590250123384538,0.24274874103359445,0.39822624662795175,,,,2026-05-03
2026-05-17,La Liga,Oviedo,Alaves,A,0.3583649336795762,0.2710227993470079,0.37061226697341604,,,,2026-05-03
2026-05-17,La Liga,Barcelona,Betis,H,0.7045562042576833,0.16155191525632553,0.13389188048599127,,,,2026-05-03
2026-05-17,La Liga,Levante,Mallorca,H,0.47641292503147703,0.2444937187901548,0.2790933561783681,,,,2026-05-03
2026-05-17,La Liga,Elche,Getafe,H,0.41662770598508775,0.27859444426193786,0.304777849752974,,,,2026-05-03
2026-05-17,La Liga,Ath Madrid,Girona,H,0.659823077311301,0.18800729176191508,0.15216963092678412,,,,2026-05-03
2026-05-17,La Liga,Ath Bilbao,Celta,D,0.5084876859508077,0.2496087587963625,0.24190355525282967,,,,2026-05-03
2026-05-17,La Liga,Osasuna,Espanol,A,0.5177452715547435,0.24831186050659843,0.23394286793865807,,,,2026-05-03
2026-05-23,La Liga,Mallorca,Oviedo,H,0.509085598017321,0.25600478910340707,0.23490961287927184,,,,2026-05-03
2026-05-23,La Liga,Girona,Elche,D,0.5550659048782656,0.21606306857673874,0.2288710265449958,,,,2026-05-03
2026-05-23,La Liga,Real Madrid,Ath Bilbao,H,0.6213278815940357,0.20652530063772354,0.17214681776824073,,,,2026-05-03
2026-05-23,La Liga,Getafe,Osasuna,H,0.3825616667348453,0.3025386976889363,0.31489963557621836,,,,2026-05-03
2026-05-23,La Liga,Valencia,Barcelona,H,0.2085506759805242,0.20396728381218646,0.5874820402072893,,,,2026-05-03
2026-05-23,La Liga,Celta,Sevilla,H,0.5481272026456492,0.2351313392858506,0.21674145806850015,,,,2026-05-03
2026-05-23,La Liga,Betis,Levante,H,0.603890337949302,0.20548000523053203,0.19062965682016586,,,,2026-05-03
2026-05-23,La Liga,Alaves,Vallecano,A,0.442489960159958,0.26492447731535895,0.29258556252468293,,,,2026-05-03
2026-05-23,La Liga,Espanol,Sociedad,D,0.3586244259194178,0.25838179272429873,0.3829937813562836,,,,2026-05-03
2026-05-24,La Liga,Villarreal,Ath Madrid,H,0.4313734897486961,0.2321261101345206,0.3365004001167832,,,,2026-05-03
