Date,liga,HomeTeam,AwayTeam,FTR,prob_casa_modelo,prob_empate_modelo,prob_fora_modelo,prob_casa_odds,prob_empate_odds,prob_fora_odds,data_corte_modelo
2023-05-25,La Liga,Mallorca,Valencia,H,0.3578586150773104,0.3761644390265964,0.2659769458960933,0.31867567765765703,0.3294054984542111,0.35191882388813206,2023-05-25
2023-05-25,La Liga,Osasuna,Ath Bilbao,H,0.28090305999429543,0.3910656727838237,0.32803126722188103,0.3027955565917826,0.29637262054286595,0.4008318228653515,2023-05-25
2023-05-27,La Liga,Sevilla,Real Madrid,A,0.26061072490626436,0.324496901097298,0.4148923739964377,0.3036393543744217,0.27310578801274804,0.42325485761283027,2023-05-25
2023-05-28,La Liga,Vallecano,Villarreal,H,0.3209326474836993,0.3262745595627154,0.35279279295358557,0.31580078824793983,0.25102113937656756,0.4331780723754927,2023-05-25
2023-05-28,La Liga,Valencia,Espanol,D,0.49462867067745514,0.30650010937393474,0.1988712199486102,0.45883804041873555,0.2784401783737626,0.2627217812075018,2023-05-25
2023-05-28,La Liga,Girona,Betis,A,0.39294394070053984,0.3264125504287971,0.2806435088706632,0.4889743555620617,0.27015157765859765,0.24087406677934078,2023-05-25
2023-05-28,La Liga,Getafe,Osasuna,H,0.39541174172814153,0.40246312318180216,0.20212513509005658,0.39442981931315063,0.3338518607155677,0.27171831997128154,2023-05-25
2023-05-28,La Liga,Cadiz,Celta,H,0.3314018182000472,0.360639243474203,0.30795893832574983,0.3736102995374985,0.3252023205276566,0.301187379934845,2023-05-25
2023-05-28,La Liga,Barcelona,Mallorca,H,0.7171407073727122,0.22023330255939588,0.06262599006789182,0.7632943512797882,0.15870476610767875,0.0780008826125331,2023-05-25
2023-05-28,La Liga,Ath Madrid,Sociedad,H,0.43979365411415416,0.3432694463953096,0.21693689949053643,0.4180300206887445,0.31759423649729285,0.2643757428139627,2023-05-25
2023-05-28,La Liga,Ath Bilbao,Elche,A,0.6476155172972158,0.2637607918702081,0.08862369083257626,0.6818264846537503,0.19638815582318975,0.1217853595230598,2023-05-25
2023-05-28,La Liga,Almeria,Valladolid,D,0.4930115122124181,0.2884306966826286,0.21855779110495355,0.42351669919398416,0.2835720507646677,0.2929112500413483,2023-05-25
2023-06-04,La Liga,Valladolid,Getafe,D,0.3061155865238643,0.3874921566061502,0.30639225686998534,0.485845733688122,0.29179923945232555,0.22235502685955238,2023-05-25
2023-06-04,La Liga,Espanol,Almeria,D,0.5281357205199371,0.27600168470941844,0.19586259477064444,0.39979847074862196,0.25671270227016774,0.3434888269812104,2023-05-25
2023-06-04,La Liga,Elche,Cadiz,D,0.36203455487073716,0.33634681141184825,0.30161863371741454,0.3874166458481465,0.3038799315871399,0.3087034225647135,2023-05-25
2023-06-04,La Liga,Celta,Barcelona,H,0.21008906554679507,0.33082855875997896,0.4590823756932258,0.33954678224462576,0.272206498615105,0.3882467191402693,2023-05-25
2023-06-04,La Liga,Betis,Valencia,D,0.49738162457441165,0.3140055186637127,0.18861285676187578,0.3099140994345394,0.3129036245094707,0.3771822760559898,2023-05-25
2023-06-04,La Liga,Mallorca,Vallecano,H,0.35739048069778445,0.38424694474298154,0.25836257455923395,0.30694275274056027,0.30694275274056027,0.3861144945188794,2023-05-25
2023-06-04,La Liga,Sociedad,Sevilla,H,0.5222546013342257,0.32662803218703257,0.1511173664787417,0.6174483618191979,0.22284917886348066,0.15970245931732135,2023-05-25
2023-06-04,La Liga,Real Madrid,Ath Bilbao,D,0.6002731465263306,0.2762122858347508,0.12351456763891847,0.5778112121410349,0.22162621835546545,0.2005625695034997,2023-05-25
2023-06-04,La Liga,Osasuna,Girona,H,0.3631185969682284,0.352569874497875,0.2843115285338965,0.4657767679636467,0.2638139417463473,0.270409290290006,2023-05-25
2023-06-04,La Liga,Villarreal,Ath Madrid,D,0.37078738245793424,0.3129248367987058,0.31628778074336006,0.3538706479617892,0.2551593619513953,0.3909699900868155,2023-05-25
2023-08-11,La Liga,Sevilla,Valencia,A,0.4768754840867419,0.3319006147343362,0.19122390117892193,0.5039625497703883,0.28256859727010214,0.21346885295950946,2023-08-11
2023-08-11,La Liga,Almeria,Vallecano,A,0.3664542321930353,0.3319142370008151,0.30163153080614974,0.36803807395958466,0.3012250082253832,0.33073691781503217,2023-08-11
2023-08-12,La Liga,Las Palmas,Mallorca,D,0.32523119030074266,0.36778747238248377,0.3069813373167736,0.3708917323735302,0.33418231176318075,0.29492595586328907,2023-08-11
2023-08-12,La Liga,Ath Bilbao,Real Madrid,A,0.2877374709955003,0.34277079987692594,0.36949172912757383,0.2842062525375559,0.2793341453511977,0.43645960211124646,2023-08-11
2023-08-12,La Liga,Sociedad,Girona,D,0.6168536845996018,0.27033882161555217,0.11280749378484604,0.5289127605140711,0.27180239081973107,0.1992848486661979,2023-08-11
2023-08-13,La Liga,Getafe,Barcelona,D,0.17840127758679983,0.35599148917753887,0.4656072332356615,0.1305578837196696,0.2410796565714691,0.6283624597088614,2023-08-11
2023-08-13,La Liga,Celta,Osasuna,A,0.4658253809744465,0.35797797010371696,0.17619664892183665,0.45287375624501447,0.303791091145724,0.24333515260926156,2023-08-11
2023-08-13,La Liga,Villarreal,Betis,A,0.5247273877554101,0.28606250977717657,0.1892101024674134,0.5579816174903754,0.23816288551418466,0.20385549699543987,2023-08-11
2023-08-14,La Liga,Cadiz,Alaves,H,0.4553113546174236,0.3329829735038285,0.211705671878748,0.4196267679935607,0.3303143139949312,0.25005891801150804,2023-08-11
2023-08-14,La Liga,Ath Madrid,Granada,H,0.7105602479116041,0.22005207051256112,0.06938768157583493,0.7425030563079799,0.1648608480955006,0.09263609559651939,2023-08-11
2023-08-18,La Liga,Mallorca,Villarreal,A,0.2590375127930275,0.345698810101657,0.3952636771053155,0.3467391304347826,0.3065217391304348,0.3467391304347826,2023-08-11
2023-08-18,La Liga,Valencia,Las Palmas,H,0.6265172944943527,0.2571866747369492,0.11629603076869818,0.5987442498664988,0.24707674108415006,0.15417900904935117,2023-08-11
2023-08-19,La Liga,Sociedad,Celta,D,0.5685544389872348,0.3144708538068579,0.11697470720590739,0.5774535198871876,0.2695846543119743,0.1529618258008381,2023-08-11
2023-08-19,La Liga,Almeria,Real Madrid,A,0.1541771403012979,0.24441471245519436,0.6014081472435078,0.14120500325615862,0.18512946037591788,0.6736655363679235,2023-08-11
2023-08-19,La Liga,Osasuna,Ath Bilbao,A,0.2749264901154058,0.3879754402805683,0.337098069604026,0.3309083053992231,0.32541148969491707,0.34368020490585977,2023-08-11
2023-08-20,La Liga,Girona,Getafe,H,0.43080900079400936,0.3666439597004739,0.20254703950551672,0.49360452925141546,0.30446634514573284,0.20192912560285178,2023-08-11
2023-08-20,La Liga,Barcelona,Cadiz,H,0.7950375561434472,0.15745825142541856,0.04750419243113437,0.7677182510073124,0.15305775257424267,0.07922399641844502,2023-08-11
2023-08-20,La Liga,Betis,Ath Madrid,D,0.30771100606147045,0.3410569370573926,0.35123205688113707,0.25321240128289135,0.27688381556712766,0.469903783149981,2023-08-11
2023-08-21,La Liga,Alaves,Sevilla,H,0.2733863823645918,0.3700929951706604,0.35652062246474764,0.2877810597383808,0.3176803906202905,0.39453854964132856,2023-08-11
2023-08-21,La Liga,Granada,Vallecano,A,0.3467563403158647,0.36289041030157315,0.2903532493825622,0.3326319197151182,0.31045645840077696,0.3569116218841049,2023-08-11
2023-08-25,La Liga,Celta,Real Madrid,A,0.221586939114139,0.32693848747586646,0.4514745734099946,0.22129684711481262,0.26234384295062463,0.5163593099345629,2023-08-11
2023-08-25,La Liga,Las Palmas,Sociedad,D,0.14059125109615073,0.3008225983222383,0.558586150581611,0.20618850434980815,0.29261482353835055,0.5011966721118415,2023-08-11
2023-08-26,La Liga,Cadiz,Almeria,D,0.4729068196003053,0.298479078834469,0.22861410156522585,0.454486582893056,0.27998457112322933,0.26552884598371473,2023-08-11
2023-08-26,La Liga,Granada,Mallorca,H,0.38367680709405266,0.37681359105560247,0.2395096018503449,0.34953454414453083,0.3263096574904092,0.3241557983650599,2023-08-11
2023-08-26,La Liga,Sevilla,Girona,A,0.4925767678299234,0.31676321673136365,0.19066001543871286,0.4938710250488541,0.27162906377686974,0.23449991117427604,2023-08-11
2023-08-27,La Liga,Villarreal,Barcelona,A,0.3147940250012055,0.3021971460956868,0.3830088289031077,0.2738225629791895,0.2606790799561884,0.4654983570646221,2023-08-11
2023-08-27,La Liga,Valencia,Osasuna,A,0.4861916037713668,0.3338344383275411,0.17997395790109208,0.5496259351620948,0.2748129675810474,0.17556109725685784,2023-08-11
2023-08-27,La Liga,Ath Bilbao,Betis,H,0.4482823014400775,0.34786618844043277,0.20385151011948968,0.48823198384587374,0.2846833725048826,0.22708464364924358,2023-08-11
2023-08-28,La Liga,Getafe,Alaves,H,0.4497983187278029,0.38103166342265754,0.16917001784953958,0.3733089771136382,0.3609112620065433,0.2657797608798185,2023-08-11
2023-08-28,La Liga,Vallecano,Ath Madrid,A,0.24353786092509896,0.34545599338485977,0.4110061456900412,0.24123472209831387,0.28905343920064236,0.46971183870104377,2023-08-11
2023-09-01,La Liga,Cadiz,Villarreal,H,0.2619688690375265,0.3038046036029124,0.4342265273595611,0.2987950233484636,0.26695620938510267,0.43424876726643374,2023-08-11
2023-09-01,La Liga,Almeria,Celta,A,0.3397878435310611,0.3451067438355881,0.31510541263335073,0.33154388953099334,0.28936522902852974,0.37909088144047687,2023-08-11
2023-09-02,La Liga,Betis,Vallecano,H,0.4993173004036993,0.32162938041481626,0.17905331918148448,0.46785943456762163,0.2918884233571132,0.24025214207526513,2023-08-11
2023-09-02,La Liga,Alaves,Valencia,H,0.3241106812301176,0.3568659977305063,0.3190233210393761,0.2938442034089308,0.3283561064938723,0.3777996900971967,2023-08-11
2023-09-02,La Liga,Real Madrid,Getafe,H,0.6679640356069473,0.25506566037458217,0.07697030401847071,0.7079392069927416,0.19753089889614175,0.09452989411111658,2023-08-11
2023-09-02,La Liga,Sociedad,Granada,H,0.6777186457834031,0.2482586827103257,0.07402267150627091,0.6625172737825438,0.2145155049472113,0.12296722127024487,2023-08-11
2023-09-03,La Liga,Girona,Las Palmas,H,0.6388665827989752,0.243650724721086,0.11748269247993864,0.5598108376150748,0.25104919006449233,0.18913997232043303,2023-08-11
2023-09-03,La Liga,Mallorca,Ath Bilbao,D,0.2657029204253764,0.39738059801298514,0.33691648156163856,0.30259137630197414,0.32463445669483326,0.37277416700319255,2023-08-11
2023-09-03,La Liga,Osasuna,Barcelona,A,0.15911554293084013,0.30733026456408363,0.5335541925050761,0.1436160070854664,0.208197080935462,0.6481869119790715,2023-08-11
2023-09-15,La Liga,Vallecano,Alaves,H,0.5292719322932009,0.3143291556017785,0.15639891210502035,0.4792856929197452,0.2990039185187401,0.2217103885615148,2023-09-15
2023-09-16,La Liga,Ath Bilbao,Cadiz,H,0.5796978104921848,0.29874277644275127,0.12155941306506372,0.6052260999377006,0.24299601518695713,0.15177788487534236,2023-09-15
2023-09-16,La Liga,Valencia,Ath Madrid,H,0.2618548259125728,0.3354160475768756,0.4027291265105514,0.2769089949472394,0.3035679354545823,0.4195230695981782,2023-09-15
2023-09-16,La Liga,Celta,Mallorca,A,0.470669211541344,0.3600032194839638,0.16932756897469228,0.459802365470278,0.31190415237315033,0.22829348215657155,2023-09-15
2023-09-16,La Liga,Barcelona,Betis,H,0.6695664486576542,0.2319752123600095,0.09845833898233639,0.7363703409542179,0.16066261984455665,0.1029670392012254,2023-09-15
2023-09-17,La Liga,Sevilla,Las Palmas,H,0.5002609078081632,0.32256304507019684,0.17717604712163976,0.6090310442144873,0.2348071495766698,0.15616180620884287,2023-09-15
2023-09-17,La Liga,Real Madrid,Sociedad,H,0.5270315249808956,0.298469787568073,0.17449868745103125,0.5559264783418999,0.2580560575857626,0.18601746407233746,2023-09-15
2023-09-17,La Liga,Getafe,Osasuna,H,0.41769037325483716,0.38915265990647685,0.19315696683868613,0.36365347025142186,0.33160265592417787,0.3047438738244002,2023-09-15
2023-09-17,La Liga,Villarreal,Almeria,H,0.7069348642302322,0.19451978460943659,0.0985453511603311,0.6352252920080942,0.19515957766513733,0.16961513032676862,2023-09-15
2023-09-18,La Liga,Granada,Girona,A,0.3288705430329479,0.3247553667516629,0.3463740902153891,0.3247317045857519,0.2730286119561769,0.40223968345807126,2023-09-15
2023-09-22,La Liga,Alaves,Ath Bilbao,A,0.22976862512698654,0.3704811414624847,0.39975023341052895,0.23049120512202675,0.3159960070221335,0.45351278785583965,2023-09-15
2023-09-23,La Liga,Girona,Mallorca,H,0.5011062246688553,0.326958540003369,0.17193523532777572,0.5119913104657048,0.2876186479380871,0.20039004159620824,2023-09-15
2023-09-23,La Liga,Osasuna,Sevilla,D,0.30718316668636636,0.37691151621460345,0.3159053170990302,0.39950077440115483,0.30209163496383623,0.298407590635009,2023-09-15
2023-09-23,La Liga,Barcelona,Celta,H,0.6913320231087311,0.22811581636854958,0.08055216052271931,0.7760635680415138,0.14443723718350185,0.07949919477498435,2023-09-15
2023-09-23,La Liga,Almeria,Valencia,D,0.3517452422973406,0.3123997539780802,0.3358550037245792,0.3599051080460469,0.28540579996654447,0.35468909198740867,2023-09-15
2023-09-24,La Liga,Sociedad,Getafe,H,0.5494941452559358,0.33551426616691904,0.11499158857714518,0.5703251418050438,0.2843311931447886,0.14534366505016766,2023-09-15
2023-09-24,La Liga,Vallecano,Villarreal,D,0.34163156486953006,0.3241934176365679,0.3341750174939022,0.3707114740969636,0.27724597496203507,0.3520425509410014,2023-09-15
2023-09-24,La Liga,Betis,Cadiz,D,0.5483277382799516,0.29705730898358446,0.1546149527364643,0.540091683038638,0.26709452084697666,0.1928137961143855,2023-09-15
2023-09-24,La Liga,Las Palmas,Granada,H,0.5320593085314002,0.29719887269293005,0.17074181877566966,0.5004008311110384,0.2616036516532238,0.23799551723573778,2023-09-15
2023-09-24,La Liga,Ath Madrid,Real Madrid,H,0.4019825087682906,0.3121190838356568,0.2858984073960526,0.34104884800347257,0.2895888147248421,0.36936233727168544,2023-09-15
2023-09-26,La Liga,Sevilla,Almeria,H,0.6003816788249453,0.26583006196759545,0.13378825920745932,0.5679087351668411,0.24461560129352605,0.18747566353963288,2023-09-15
2023-09-26,La Liga,Mallorca,Barcelona,D,0.1496634377011281,0.3078245133726124,0.5425120489262594,0.12979351032448377,0.22123893805309733,0.6489675516224188,2023-09-15
2023-09-27,La Liga,Valencia,Sociedad,A,0.28074495501748586,0.35796046993534425,0.3612945750471699,0.38060028251276445,0.3238883198866903,0.2955113976005452,2023-09-15
2023-09-27,La Liga,Cadiz,Vallecano,D,0.3684524692952148,0.344911153019496,0.28663637768528905,0.359548656605984,0.31446056140459056,0.32599078198942555,2023-09-15
2023-09-27,La Liga,Villarreal,Girona,A,0.5799531183044433,0.25881867417795784,0.16122820751759892,0.4508899143045485,0.26301911667765326,0.2860909690177983,2023-09-15
2023-09-27,La Liga,Real Madrid,Las Palmas,H,0.7390168794240852,0.1882842543415427,0.07269886623437202,0.8203343483935118,0.120999316388043,0.05866633521844509,2023-09-15
2023-09-27,La Liga,Ath Bilbao,Getafe,D,0.49406595490260036,0.3662209415495846,0.13971310354781505,0.6350103697708533,0.23930193737670094,0.12568769285244574,2023-09-15
2023-09-28,La Liga,Celta,Alaves,D,0.5171931727060811,0.3284404419003534,0.15436638539356556,0.6131386861313868,0.24433346139070303,0.14252785247791008,2023-09-15
2023-09-28,La Liga,Granada,Betis,D,0.28193851508681167,0.3376830138489846,0.38037847106420375,0.351197194300734,0.2831908011846959,0.36561200451457004,2023-09-15
2023-09-28,La Liga,Osasuna,Ath Madrid,A,0.2023549273901565,0.34185006015919855,0.4557950124506451,0.23232594984007413,0.2810609910421586,0.48661305911776725,2023-09-15
2023-09-29,La Liga,Barcelona,Sevilla,H,0.6551065053577778,0.24561355429043266,0.09927994035178941,0.7192360871068095,0.16915831316972002,0.11160559972347046,2023-09-15
2023-09-30,La Liga,Getafe,Villarreal,D,0.2943190790288004,0.36675684777803613,0.3389240731931636,0.34915475653566813,0.3102362327179981,0.34060901074633365,2023-09-15
2023-09-30,La Liga,Vallecano,Mallorca,D,0.4816508674855997,0.346364036208788,0.17198509630561226,0.48126522614129863,0.2996835610634467,0.21905121279525475,2023-09-15
2023-09-30,La Liga,Girona,Real Madrid,A,0.22834359752096137,0.28508419758569953,0.4865722048933391,0.23951299108823898,0.24069285803941262,0.5197941508723485,2023-09-15
2023-09-30,La Liga,Sociedad,Ath Bilbao,H,0.4478886241674485,0.3638693634954596,0.18824201233709206,0.4214548708395065,0.31139340775403024,0.2671517214064631,2023-09-15
2023-10-01,La Liga,Ath Madrid,Cadiz,H,0.6912689823913118,0.22698840485858218,0.081742612750106,0.724523939099618,0.18283654960329346,0.09263951129708856,2023-09-15
2023-10-01,La Liga,Betis,Valencia,H,0.47994568786288544,0.32024703955261924,0.19980727258449565,0.4718284534161704,0.28641785881861365,0.24175368776521602,2023-09-15
2023-10-01,La Liga,Almeria,Granada,D,0.48039123377837795,0.29180892272556364,0.2277998434960584,0.49332246099382465,0.26187090422728493,0.2448066347788904,2023-09-15
2023-10-01,La Liga,Alaves,Osasuna,A,0.37587729611328563,0.3685236834796523,0.255599020407062,0.3791129428668658,0.32513328543880216,0.2957537716943321,2023-09-15
2023-10-02,La Liga,Las Palmas,Celta,H,0.3919985357378914,0.3539579740345782,0.2540434902275303,0.32387191245038727,0.31653500828484454,0.35959307926476813,2023-09-15
2023-10-06,La Liga,Ath Bilbao,Almeria,H,0.6451851036667613,0.25183794995122616,0.10297694638201257,0.728071302612333,0.16979754760570312,0.10213114978196382,2023-09-15
2023-10-07,La Liga,Cadiz,Girona,A,0.37715421335876015,0.3269186640600738,0.29592712258116605,0.28446546448944826,0.28114808297936716,0.4343864525311844,2023-09-15
2023-10-07,La Liga,Real Madrid,Osasuna,H,0.7476606565326689,0.1917130818720273,0.06062626159530377,0.7660410283505964,0.1513020382589825,0.0826569333904212,2023-09-15
2023-10-07,La Liga,Mallorca,Valencia,D,0.3377417991098223,0.37222134112570776,0.29003685976446986,0.38112212973321447,0.3264946244714537,0.2923832457953317,2023-09-15
2023-10-07,La Liga,Sevilla,Vallecano,D,0.46491018377955645,0.3392050983437668,0.1958847178766768,0.5329359787351786,0.25732792640775115,0.2097360948570703,2023-09-15
2023-10-08,La Liga,Villarreal,Las Palmas,A,0.6022212752094659,0.2573498857720422,0.14042883901849176,0.5897424735546946,0.23618327217603058,0.17407425426927478,2023-09-15
2023-10-08,La Liga,Ath Madrid,Sociedad,H,0.4504536074314111,0.3423565454191235,0.20718984714946528,0.48433362753751097,0.2906001765225066,0.22506619593998234,2023-09-15
2023-10-08,La Liga,Alaves,Betis,D,0.28336046434037854,0.35455744242848375,0.3620820932311376,0.3801358474411067,0.3005997316688136,0.3192644208900798,2023-09-15
2023-10-08,La Liga,Celta,Getafe,D,0.41201714590937755,0.3902729647272839,0.1977098893633386,0.47942908473899587,0.2972751771633895,0.22329573809761452,2023-09-15
2023-10-08,La Liga,Granada,Barcelona,D,0.1282403516959006,0.2511982452876349,0.6205614030164646,0.1423216653081603,0.18729421465409146,0.6703841200377482,2023-09-15
2023-10-20,La Liga,Osasuna,Granada,H,0.45591988732192357,0.3332391802731834,0.2108409324048929,0.5771981566337893,0.2507621811596668,0.17203966220654388,2023-10-20
2023-10-21,La Liga,Celta,Ath Madrid,A,0.265665850263961,0.35325484517505484,0.381079304560984,0.2853625743009671,0.275716515451357,0.438920910247676,2023-10-20
2023-10-21,La Liga,Sevilla,Real Madrid,D,0.256766005572883,0.3178772270387969,0.4253567673883202,0.20321699441776814,0.23618440029183704,0.5605986052903948,2023-10-20
2023-10-21,La Liga,Sociedad,Mallorca,H,0.6187003565116412,0.2852609149889067,0.096038728499452,0.5758791764507073,0.27109632540437195,0.15302449814492064,2023-10-20
2023-10-21,La Liga,Getafe,Betis,D,0.3439203620929174,0.385677701473577,0.27040193643350563,0.39257020125686104,0.3103173971839949,0.2971124015591441,2023-10-20
2023-10-22,La Liga,Las Palmas,Vallecano,A,0.3749873141027943,0.3631719359757427,0.2618407499214629,0.3677221654749745,0.3217568947906027,0.3105209397344229,2023-10-20
2023-10-22,La Liga,Girona,Almeria,H,0.6245864396770523,0.22815759982331757,0.14725596049963025,0.6995563979834825,0.18243590866736217,0.1180076933491554,2023-10-20
2023-10-22,La Liga,Villarreal,Alaves,D,0.6187404358116836,0.25626458643843,0.12499497774988663,0.46771083591969725,0.2909272759143355,0.24136188816596724,2023-10-20
2023-10-22,La Liga,Barcelona,Ath Bilbao,H,0.5682321929775188,0.29066961400838076,0.14109819301410043,0.5249291286604005,0.2576169338544446,0.2174539374851548,2023-10-20
2023-10-23,La Liga,Valencia,Cadiz,H,0.5224277096733959,0.30735421734891116,0.17021807297769315,0.5765228350858306,0.2639123604752576,0.1595648044389119,2023-10-20
2023-10-27,La Liga,Girona,Celta,H,0.44798511503772154,0.32098079493224163,0.23103409003003675,0.5547151485542964,0.2356192985364123,0.2096655529092913,2023-10-20
2023-10-28,La Liga,Almeria,Las Palmas,A,0.37915496194006676,0.32395574322178805,0.296889294838145,0.4209748892171344,0.2946824224519941,0.28434268833087145,2023-10-20
2023-10-28,La Liga,Barcelona,Real Madrid,A,0.49570062979778645,0.2730919432821478,0.23120742692006568,0.3772281273990444,0.278867784724795,0.3439040878761606,2023-10-20
2023-10-28,La Liga,Mallorca,Getafe,D,0.33128512266727184,0.40985547277158896,0.2588594045611392,0.41935788548303893,0.3301026598565813,0.2505394546603797,2023-10-20
2023-10-28,La Liga,Cadiz,Sevilla,D,0.30834548754253327,0.356960065687747,0.3346944467697196,0.25047097873867413,0.27989593612631203,0.4696330851350139,2023-10-20
2023-10-29,La Liga,Ath Bilbao,Valencia,D,0.5405093595560196,0.31613887814922065,0.14335176229475957,0.5887076466802831,0.2446769816177499,0.1666153717019669,2023-10-20
2023-10-29,La Liga,Ath Madrid,Alaves,H,0.7011850085151621,0.2221593473741341,0.07665564411070383,0.6692921120547235,0.21235745349657528,0.11835043444870111,2023-10-20
2023-10-29,La Liga,Vallecano,Sociedad,D,0.30608463138241887,0.3646559273342401,0.3292594412833412,0.28849084790776985,0.3085756537747664,0.40293349831746367,2023-10-20
2023-10-29,La Liga,Betis,Osasuna,H,0.5377977604294987,0.312758592154264,0.14944364741623764,0.48871767937133465,0.2802732512821199,0.2310090693465454,2023-10-20
2023-10-30,La Liga,Granada,Villarreal,A,0.27857510734070406,0.30910649220278014,0.4123184004565158,0.32547055104323724,0.2673508097855163,0.4071786391712466,2023-10-20
2023-11-03,La Liga,Las Palmas,Ath Madrid,H,0.2278388249574692,0.3448609291982933,0.4273002458442375,0.17423626820108493,0.26253486482331495,0.5632288669756002,2023-10-20
2023-11-04,La Liga,Osasuna,Girona,A,0.35746861526010376,0.33812488179014794,0.3044065029497483,0.32559587164600057,0.2941183251424597,0.38028580321153976,2023-10-20
2023-11-04,La Liga,Betis,Mallorca,H,0.5479431489437399,0.31203303149446937,0.14002381956179077,0.5110625771531668,0.2814547526350774,0.2074826702117558,2023-10-20
2023-11-04,La Liga,Celta,Sevilla,D,0.3871162362102204,0.36480904974639333,0.24807471404338635,0.4037609657003862,0.2853559904216806,0.31088304387793314,2023-10-20
2023-11-04,La Liga,Sociedad,Barcelona,A,0.3263513512167841,0.3351421626324222,0.33850648615079376,0.28752161372476215,0.2953869466230079,0.41709143965223006,2023-10-20
2023-11-05,La Liga,Alaves,Almeria,H,0.5005692073524113,0.2886614157678153,0.21076937687977365,0.5481838712027391,0.2573701464267502,0.19444598237051064,2023-10-20
2023-11-05,La Liga,Valencia,Granada,H,0.544884322121517,0.29064509820705486,0.1644705796714282,0.5820384269704627,0.2342178730218488,0.18374370000768858,2023-10-20
2023-11-05,La Liga,Villarreal,Ath Bilbao,A,0.39300306912185695,0.3450308461136973,0.26196608476444594,0.25454894840770237,0.24679618855772154,0.49865486303457596,2023-10-20
2023-11-05,La Liga,Real Madrid,Vallecano,D,0.6983276942617502,0.21420293067997814,0.08746937505827156,0.7903780068728522,0.13974799541809851,0.06987399770904926,2023-10-20
2023-11-06,La Liga,Getafe,Cadiz,H,0.45878404388006583,0.3618778809597105,0.1793380751602236,0.46671764794242754,0.3131524863613708,0.22012986569620166,2023-10-20
2023-11-10,La Liga,Ath Bilbao,Celta,H,0.5135557176843765,0.33647428643606747,0.149969995879556,0.5673588123181864,0.24014444778814326,0.1924967398936704,2023-10-20
2023-11-11,La Liga,Real Madrid,Valencia,H,0.7191921498927037,0.19923498330407105,0.08157286680322533,0.7360826609024343,0.16781159108656535,0.09610574801100034,2023-10-20
2023-11-11,La Liga,Osasuna,Las Palmas,D,0.38018836268313094,0.3717233257507751,0.24808831156609393,0.4933337274957873,0.2892462628472325,0.21742000965698013,2023-10-20
2023-11-11,La Liga,Almeria,Sociedad,A,0.22102735697795656,0.3052029944365285,0.473769648585515,0.2212291909242534,0.25499575164427096,0.5237750574314755,2023-10-20
2023-11-11,La Liga,Vallecano,Girona,A,0.44686404678962627,0.315508119856738,0.23762783335363571,0.3257612446273988,0.27829317755312066,0.39594557781948064,2023-10-20
2023-11-11,La Liga,Granada,Getafe,D,0.34501400458438025,0.3767543976165049,0.2782315977991149,0.3904528763769889,0.3047735618115055,0.3047735618115055,2023-10-20
2023-11-12,La Liga,Barcelona,Alaves,H,0.7837946393277897,0.16491245802782167,0.05129290264438868,0.7719602298640883,0.14822585058834262,0.0798139195475691,2023-10-20
2023-11-12,La Liga,Sevilla,Betis,D,0.42610113537113947,0.34307117523630803,0.23082768939255277,0.434335129421092,0.2811880606656781,0.2844768099132299,2023-10-20
2023-11-12,La Liga,Ath Madrid,Villarreal,H,0.5652194335143514,0.2768336154493175,0.1579469510363312,0.7240974152316556,0.16700353466616502,0.10889905010217941,2023-10-20
2023-11-24,La Liga,Alaves,Granada,H,0.5061632461415051,0.2954552926746025,0.19838146118389235,0.5576061532800115,0.26436912989297556,0.17802471682701285,2023-11-24
2023-11-25,La Liga,Vallecano,Barcelona,D,0.2075812990789204,0.30267263250533794,0.48974606841574175,0.19407447675998915,0.22832291383528136,0.5776026094047296,2023-11-24
2023-11-25,La Liga,Valencia,Celta,D,0.43994849324896707,0.3329068856455562,0.22714462110547678,0.42348194951202867,0.29337604936074274,0.2831420011272285,2023-11-24
2023-11-25,La Liga,Getafe,Almeria,H,0.5358347884907134,0.3092226506788405,0.15494256083044616,0.5448183041722745,0.2635262449528936,0.19165545087483177,2023-11-24
2023-11-25,La Liga,Ath Madrid,Mallorca,H,0.6969848380035437,0.2299493153728055,0.07306584662365037,0.7118766562274149,0.18983377499397736,0.09828956877860755,2023-11-24
2023-11-26,La Liga,Cadiz,Real Madrid,A,0.16319523783197695,0.2652072403770557,0.571597521790967,0.14024759062865438,0.2058953990080245,0.653857010363321,2023-11-24
2023-11-26,La Liga,Villarreal,Osasuna,H,0.5833023707655505,0.2748649304796748,0.14183269875477506,0.4423138382869926,0.2812400127836369,0.2764461489293704,2023-11-24
2023-11-26,La Liga,Sociedad,Sevilla,H,0.5305632192701725,0.3110566530293413,0.15838012770048626,0.5951282387489578,0.2455845643445066,0.1592871969065355,2023-11-24
2023-11-26,La Liga,Betis,Las Palmas,H,0.5257459254860078,0.33057108844281996,0.14368298607117214,0.5650346528454532,0.2598555087952351,0.17510983835931163,2023-11-24
2023-11-27,La Liga,Girona,Ath Bilbao,D,0.36007944539609793,0.3234284437493038,0.31649211085459816,0.42802595706533164,0.2654696509667494,0.3065043919679189,2023-11-24
2023-11-29,La Liga,Mallorca,Cadiz,D,0.4253443258870847,0.3473348996674662,0.22732077444544907,0.5195700319022271,0.291770558455605,0.1886594096421679,2023-11-24
2023-12-01,La Liga,Las Palmas,Getafe,H,0.3238430563950423,0.4239035969553499,0.25225334664960797,0.4041268318997812,0.32682740432163515,0.26904576377858364,2023-11-24
2023-12-02,La Liga,Girona,Valencia,H,0.4864595738783036,0.2910580717922821,0.22248235432941424,0.5813387659455438,0.2415014276440443,0.17715980641041204,2023-11-24
2023-12-02,La Liga,Ath Bilbao,Vallecano,H,0.5506025838826806,0.30446099796781295,0.14493641814950659,0.6558386437273586,0.20348871964706305,0.14067263662557836,2023-11-24
2023-12-02,La Liga,Real Madrid,Granada,H,0.815305150120071,0.1364238484549094,0.04827100142501941,0.8111078162884404,0.12454429695267666,0.06434788675888294,2023-11-24
2023-12-02,La Liga,Osasuna,Sociedad,D,0.23778568140039885,0.3573296780768907,0.40488464052271056,0.2430912550768269,0.30673975404016013,0.45016899088301277,2023-11-24
2023-12-03,La Liga,Mallorca,Alaves,D,0.39120778179705656,0.3506100123636234,0.25818220583932017,0.3537481244763148,0.33545080769305713,0.310801067830628,2023-11-24
2023-12-03,La Liga,Almeria,Betis,D,0.2716577031269627,0.30115445384274103,0.4271878430302963,0.27416379128230406,0.25603126540384485,0.46980494331385114,2023-11-24
2023-12-03,La Liga,Sevilla,Villarreal,D,0.41454541005807527,0.31470236884055347,0.2707522211013713,0.5115539263972096,0.24606391396321475,0.24238215963957566,2023-11-24
2023-12-03,La Liga,Barcelona,Ath Madrid,H,0.5017630093374172,0.29422217434869513,0.20401481631388763,0.4983585661602398,0.24790796020726213,0.25373347363249804,2023-11-24
2023-12-04,La Liga,Celta,Cadiz,D,0.5171965653104421,0.31088534492849773,0.17191808976106,0.6267300618367544,0.22696999902966575,0.14629993913357975,2023-11-24
2023-12-08,La Liga,Getafe,Valencia,H,0.3746057459265209,0.3771428891072319,0.24825136496624722,0.36427830666868644,0.33082417646441925,0.3048975168668943,2023-11-24
2023-12-09,La Liga,Mallorca,Sevilla,H,0.31695992026355896,0.3662923109169389,0.3167477688195023,0.3733106347496786,0.31737483931487337,0.309314525935448,2023-11-24
2023-12-09,La Liga,Villarreal,Sociedad,A,0.3764119897676189,0.3199760524716182,0.3036119577607627,0.27633468215637647,0.2795109428708175,0.444154374972806,2023-11-24
2023-12-09,La Liga,Alaves,Las Palmas,A,0.43405831524098587,0.3628894620870438,0.20305222267197048,0.48141994569842367,0.2986586700166146,0.2199213842849617,2023-11-24
2023-12-09,La Liga,Betis,Real Madrid,D,0.2744444689921776,0.3007079240232452,0.42484760698457724,0.2042784295606772,0.23158055857117346,0.5641410118681494,2023-11-24
2023-12-10,La Liga,Ath Madrid,Almeria,H,0.802944023756202,0.1480880849516508,0.048967891292147396,0.8033561061612569,0.1220287756194314,0.07461511821931179,2023-11-24
2023-12-10,La Liga,Cadiz,Osasuna,D,0.40757368177651376,0.35041649652437623,0.24200982169910995,0.34309690231888007,0.3173925741321236,0.33951052354899625,2023-11-24
2023-12-10,La Liga,Barcelona,Girona,A,0.7120785465964405,0.19260571329756315,0.09531574010599636,0.6641199611163796,0.18123647537007745,0.15464356351354297,2023-11-24
2023-12-11,La Liga,Vallecano,Celta,D,0.41721482513715724,0.341597456146486,0.24118771871635675,0.35415688116486616,0.30530765617660877,0.3405354626585252,2023-11-24
2023-12-11,La Liga,Granada,Ath Bilbao,D,0.23494124322374077,0.32662718640531113,0.4384315703709482,0.23306203795517244,0.26337905102251197,0.5035589110223156,2023-11-24
2023-12-15,La Liga,Osasuna,Vallecano,H,0.36087393147014835,0.36041243621737507,0.27871363231247676,0.42535457268878296,0.3063087960557588,0.2683366312554581,2023-11-24
2023-12-16,La Liga,Sevilla,Getafe,A,0.44164537297409084,0.3673937989974789,0.19096082802843029,0.5333718851235328,0.2813729944709652,0.18525512040550188,2023-11-24
2023-12-16,La Liga,Celta,Granada,H,0.546371517225734,0.2897395836931834,0.16388889908108276,0.566604933005677,0.2536372867643214,0.17975778023000147,2023-11-24
2023-12-16,La Liga,Ath Bilbao,Ath Madrid,H,0.3487006690826945,0.350395306492558,0.30090402442474756,0.3702853975317386,0.291572034583375,0.3381425678848863,2023-11-24
2023-12-16,La Liga,Valencia,Barcelona,D,0.22362258863945506,0.30336653340807573,0.47301087795246927,0.16073718969171572,0.21290627757411468,0.6263565327341696,2023-11-24
2023-12-17,La Liga,Real Madrid,Villarreal,H,0.6767415070581448,0.20504903149995124,0.11820946144190385,0.7892499482558232,0.13208298173828592,0.07866707000589088,2023-11-24
2023-12-17,La Liga,Las Palmas,Cadiz,D,0.4055797527700444,0.3730949272851992,0.22132531994475646,0.4835601589786824,0.2945320968324701,0.22190774418884737,2023-11-24
2023-12-17,La Liga,Almeria,Mallorca,D,0.38859603085901223,0.32768802950499976,0.283715939635988,0.40554194156456175,0.3139679547596607,0.2804901036757776,2023-11-24
2023-12-17,La Liga,Sociedad,Betis,D,0.517683406486491,0.3086744277200578,0.1736421657934513,0.6096866911670074,0.23191431553960334,0.1583989932933892,2023-11-24
2023-12-18,La Liga,Girona,Alaves,H,0.5517376394479863,0.26963857854839585,0.1786237820036177,0.5970352374279854,0.2347565739401302,0.16820818863188458,2023-11-24
2023-12-19,La Liga,Granada,Sevilla,A,0.3164926095798031,0.33232685184836996,0.35118053857182696,0.3117443569007208,0.3068272534795738,0.3814283896197055,2023-11-24
2023-12-19,La Liga,Vallecano,Valencia,A,0.4140938257454657,0.33554598232213895,0.25036019193239545,0.4269501666997858,0.3070808769954295,0.26596895630478457,2023-11-24
2023-12-19,La Liga,Ath Madrid,Getafe,D,0.6126551976143461,0.28845118940447656,0.09889361298117752,0.6547280354430977,0.2134355710255032,0.13183639353139928,2023-11-24
2023-12-20,La Liga,Ath Bilbao,Las Palmas,H,0.570706599737214,0.31891393711775673,0.11037946314502917,0.7009929479468856,0.1863911884714262,0.11261586358168825,2023-11-24
2023-12-20,La Liga,Villarreal,Celta,H,0.5191660527909964,0.2902630139152876,0.19057093329371608,0.3971828093566629,0.2878987819301255,0.31491840871321175,2023-11-24
2023-12-20,La Liga,Barcelona,Almeria,H,0.8552849622265559,0.10995423537173481,0.03476080240170946,0.8426966292134832,0.10674157303370785,0.05056179775280898,2023-11-24
2023-12-21,La Liga,Cadiz,Sociedad,D,0.2313141957490271,0.3361602211397656,0.4325255831112073,0.15488082261370803,0.2705021609437185,0.5746170164425736,2023-11-24
2023-12-21,La Liga,Alaves,Real Madrid,A,0.191380947064357,0.27547331207362247,0.5331457408620207,0.16032141921333812,0.23446522325631047,0.6052133575303514,2023-11-24
2023-12-21,La Liga,Betis,Girona,D,0.4823199681938264,0.28974830723574263,0.2279317245704309,0.36434149933423116,0.27402586006264706,0.3616326406031216,2023-11-24
2023-12-21,La Liga,Mallorca,Osasuna,H,0.3982388716530422,0.3682629083801408,0.2334982199668168,0.4303201979274983,0.3330560436014199,0.23662375847108177,2023-11-24
2023-12-23,La Liga,Ath Madrid,Sevilla,H,0.6089624162053459,0.270953614950083,0.12008396884457101,0.610572274991824,0.22735595251451995,0.16207177249365612,2023-11-24
2024-01-02,La Liga,Sociedad,Alaves,D,0.6162355631124646,0.2705762410997591,0.11318819578777628,0.6333916176548509,0.2504106395379643,0.11619774280718488,2024-01-02
2024-01-02,La Liga,Valencia,Villarreal,H,0.3832502476819825,0.30769810865517067,0.3090516436628469,0.4368501914072907,0.28401630520065835,0.27913350339205106,2024-01-02
2024-01-02,La Liga,Getafe,Vallecano,A,0.40650269404216977,0.3679845654802882,0.22551274047754205,0.40228041024465705,0.3272789778261616,0.2704406119291812,2024-01-02
2024-01-03,La Liga,Real Madrid,Mallorca,H,0.7393668289840419,0.19521533158717316,0.06541783942878494,0.7884436230631133,0.14250388446474047,0.06905249247214632,2024-01-02
2024-01-03,La Liga,Girona,Ath Madrid,H,0.3356266097041124,0.28783598542600036,0.37653740486988735,0.3615035790578271,0.26308885807442944,0.3754075628677435,2024-01-02
2024-01-03,La Liga,Granada,Cadiz,H,0.452605395555395,0.31611183963811085,0.23128276480649432,0.4328706225892916,0.31216631436727754,0.2549630630434309,2024-01-02
2024-01-03,La Liga,Celta,Betis,H,0.3988901532044658,0.3331338235041673,0.26797602329136694,0.44055705659419375,0.2941483670915916,0.26529457631421477,2024-01-02
2024-01-04,La Liga,Sevilla,Ath Bilbao,A,0.29816359892301725,0.35336167458115414,0.3484747264958287,0.3150555696173405,0.29862629144711106,0.3863181389355484,2024-01-02
2024-01-04,La Liga,Las Palmas,Barcelona,A,0.1277785372082592,0.271991681312911,0.6002297814788299,0.1523894137359213,0.2067676874408334,0.6408428988232453,2024-01-02
2024-01-04,La Liga,Osasuna,Almeria,H,0.5089156272791383,0.28748341142220196,0.2036009612986597,0.558824520418707,0.25454310615930636,0.18663237342198663,2024-01-02
2024-01-12,La Liga,Sevilla,Alaves,A,0.49816796756922516,0.318897326172496,0.18293470625827896,0.4694331921209685,0.30084418194749374,0.22972262593153775,2024-01-02
2024-01-13,La Liga,Las Palmas,Villarreal,H,0.2576207990591399,0.3266326939574874,0.4157465069833727,0.3629299890899,0.2781429261116327,0.3589270847984672,2024-01-02
2024-01-13,La Liga,Mallorca,Celta,D,0.35247701582437446,0.36326966488935414,0.28425331928627146,0.40397199845849346,0.330024581791515,0.2660034197499916,2024-01-02
2024-01-13,La Liga,Ath Bilbao,Sociedad,H,0.4412645176065217,0.33944610120407925,0.21928938118939892,0.4528996494890438,0.31467702919043955,0.23242332132051652,2024-01-02
2024-01-13,La Liga,Betis,Granada,H,0.6016967780573226,0.26014966777315,0.13815355416952743,0.5517654651055591,0.2555545312067853,0.19268000368765556,2024-01-02
2024-01-14,La Liga,Almeria,Girona,D,0.32413017127763943,0.26379394839908404,0.4120758803232763,0.2531052959164344,0.2584905149784862,0.4884041891050794,2024-01-02
2024-01-14,La Liga,Cadiz,Valencia,A,0.34763625102663925,0.3427564278849312,0.3096073210884294,0.3087985969014908,0.3413037123648056,0.34989769073370364,2024-01-02
2024-01-19,La Liga,Alaves,Cadiz,H,0.4785809600922505,0.3213164546556637,0.2001025852520859,0.5774127093127674,0.27172362791189053,0.15086366277534202,2024-01-02
2024-01-20,La Liga,Vallecano,Las Palmas,A,0.5284098251153514,0.3245427783487015,0.14704739653594703,0.5623785292277367,0.2614300189923532,0.1761914517799102,2024-01-02
2024-01-20,La Liga,Villarreal,Mallorca,D,0.572822957783096,0.274552347944032,0.1526246942728721,0.4584910546723949,0.28504429205439213,0.25646465327321305,2024-01-02
2024-01-20,La Liga,Valencia,Ath Bilbao,H,0.2750548891065758,0.34813103177571236,0.37681407911771186,0.27376987707124373,0.30182703838599845,0.4244030845427577,2024-01-02
2024-01-20,La Liga,Celta,Sociedad,A,0.3095587139997724,0.3525877370375001,0.3378535489627273,0.3861508810572687,0.32764317180616737,0.2862059471365639,2024-01-02
2024-01-21,La Liga,Girona,Sevilla,H,0.4871371067006695,0.28852074795409527,0.22434214534523508,0.530442058290336,0.24328545530609397,0.22627248640356992,2024-01-02
2024-01-21,La Liga,Betis,Barcelona,A,0.2634325263432182,0.2959119076161515,0.4406555660406304,0.23677569276130037,0.23562629619449793,0.5275980110442018,2024-01-02
2024-01-21,La Liga,Real Madrid,Almeria,H,0.8452089116303899,0.11333847477059922,0.04145261359901067,0.8583485641560529,0.09948039769193227,0.04217103815201477,2024-01-02
2024-01-21,La Liga,Osasuna,Getafe,H,0.35331442026357185,0.3771229803323639,0.26956259940406435,0.3922151334703025,0.3346545507425789,0.2731303157871187,2024-01-02
2024-01-22,La Liga,Granada,Ath Madrid,A,0.20803340379765858,0.2935464986057098,0.49842009759663153,0.1837341259119157,0.24344771683328828,0.572818157254796,2024-01-02
2024-01-26,La Liga,Almeria,Alaves,A,0.4013793612608598,0.3062517524446235,0.2923688862945166,0.33889040721508606,0.31374692538945065,0.34736266739546323,2024-01-02
2024-01-27,La Liga,Sociedad,Vallecano,D,0.5653169239387104,0.29596545773559624,0.1387176183256932,0.5333949631943407,0.2941754039435455,0.1724296328621137,2024-01-02
2024-01-27,La Liga,Las Palmas,Real Madrid,A,0.1309985294675145,0.27671121827422546,0.5922902522582598,0.1421688904808812,0.19921196382197548,0.6586191456971434,2024-01-02
2024-01-27,La Liga,Barcelona,Villarreal,A,0.6972446835387556,0.1935916869969004,0.10916362946434437,0.7122422596516029,0.16063838691976454,0.12711935342863256,2024-01-02
2024-01-27,La Liga,Mallorca,Betis,A,0.32606866157794023,0.35024564828854976,0.32368569013351006,0.4283040858270003,0.30963384548639833,0.26206206868660126,2024-01-02
2024-01-28,La Liga,Celta,Girona,A,0.43175245313756655,0.30081307735263496,0.26743446950979843,0.3514115474672098,0.2741999961927243,0.3743884563400658,2024-01-02
2024-01-28,La Liga,Cadiz,Ath Bilbao,D,0.20684206329166074,0.3286497556597195,0.46450818104861963,0.18922012098751978,0.2888985775791596,0.5218813014333206,2024-01-02
2024-01-28,La Liga,Sevilla,Osasuna,D,0.5027582724226763,0.3198468784719137,0.17739484910541012,0.4570428395369496,0.30139357529836,0.24156358516469045,2024-01-02
2024-01-28,La Liga,Ath Madrid,Valencia,H,0.6303669063799902,0.25226475399537335,0.11736833962463625,0.6065001470406876,0.24019807803591586,0.15330177492339656,2024-01-02
2024-01-29,La Liga,Getafe,Granada,H,0.5035946348868462,0.325670305228447,0.17073505988470677,0.5198353707230173,0.2825849253639659,0.1975797039130168,2024-01-02
2024-01-31,La Liga,Ath Madrid,Vallecano,H,0.6180402006550102,0.2609417540930305,0.12101804525195943,0.5922360599083997,0.25359455306782647,0.15416938702377386,2024-01-02
2024-01-31,La Liga,Barcelona,Osasuna,H,0.763410491180608,0.1762099799080357,0.060379528911356395,0.7226376441186555,0.16782226050589227,0.10954009537545231,2024-01-02
2024-02-01,La Liga,Getafe,Real Madrid,A,0.20953499612122597,0.31851269966373735,0.4719523042150367,0.14654263654235164,0.25462263882161884,0.5988347246360295,2024-02-01
2024-02-02,La Liga,Ath Bilbao,Mallorca,H,0.5987807630732805,0.2881386797886839,0.1130805571380355,0.6344364800976056,0.24889431142290683,0.11666920847948754,2024-02-01
2024-02-03,La Liga,Valencia,Almeria,H,0.5703777877785547,0.26373217667829835,0.16589003554314682,0.559223637951497,0.25472490315068186,0.18605145889782118,2024-02-01
2024-02-03,La Liga,Granada,Las Palmas,D,0.5069966979002181,0.31143521075001773,0.18156809134976412,0.4399848542218856,0.2928814842862552,0.2671336614918591,2024-02-01
2024-02-03,La Liga,Alaves,Barcelona,A,0.19860829692220677,0.2798845519257316,0.5215071511520617,0.2261203501806229,0.2700881960490774,0.5037914537702999,2024-02-01
2024-02-03,La Liga,Girona,Sociedad,D,0.35817353781438654,0.3097863136505488,0.33204014853506475,0.471963427239492,0.2793806494578602,0.24865592330264794,2024-02-01
2024-02-04,La Liga,Villarreal,Cadiz,D,0.6550985021389728,0.22579315865154365,0.1191083392094833,0.6010927606467278,0.23319502280511606,0.16571221654815613,2024-02-01
2024-02-04,La Liga,Osasuna,Celta,A,0.38307035073730994,0.3454477983485235,0.2714818509141667,0.44622806643043167,0.31178755923664775,0.2419843743329207,2024-02-01
2024-02-04,La Liga,Betis,Getafe,D,0.48243795725009664,0.3249585232326292,0.19260351951727414,0.46077197435352113,0.30382152058935297,0.2354065050571258,2024-02-01
2024-02-04,La Liga,Real Madrid,Ath Madrid,D,0.5315048082919623,0.2728113537074316,0.19568383800060615,0.5643193762421302,0.23388658485215996,0.20179403890570977,2024-02-01
2024-02-05,La Liga,Vallecano,Sevilla,A,0.43349728874279086,0.3374054157154975,0.22909729554171163,0.4526153944485674,0.2985040178111718,0.2488805877402609,2024-02-01
2024-02-09,La Liga,Cadiz,Betis,A,0.30493487356229726,0.3223671596744053,0.37269796676329764,0.31856748798286755,0.32172162152725237,0.35971089048988,2024-02-01
2024-02-10,La Liga,Las Palmas,Valencia,H,0.3026597310625752,0.35988148591802677,0.33745878301939797,0.37430469715698395,0.3243974042027194,0.3012978986402967,2024-02-01
2024-02-10,La Liga,Real Madrid,Girona,H,0.7172477297510989,0.1812556434016041,0.10149662684729707,0.6760093338782491,0.17640389551932412,0.1475867706024269,2024-02-01
2024-02-10,La Liga,Sociedad,Osasuna,A,0.6020009785241734,0.2807490087203252,0.1172500127555015,0.5514751989709784,0.29147037543210863,0.15705442559691293,2024-02-01
2024-02-10,La Liga,Alaves,Villarreal,D,0.35459907134138985,0.30427731031034516,0.341123618348265,0.43796645886381597,0.27939239617174466,0.28264114496443943,2024-02-01
2024-02-11,La Liga,Getafe,Celta,H,0.39946487327029206,0.35917328188717335,0.2413618448425347,0.4386016514459119,0.3161349565616638,0.2452633919924243,2024-02-01
2024-02-11,La Liga,Mallorca,Vallecano,H,0.3695576762494192,0.3619321733247325,0.2685101504258483,0.38746028687889816,0.34609441995232537,0.26644529316877646,2024-02-01
2024-02-11,La Liga,Sevilla,Ath Madrid,H,0.2768017622860574,0.32617420348510495,0.39702403422883775,0.257194942745446,0.2685626750214878,0.47424238223306625,2024-02-01
2024-02-11,La Liga,Barcelona,Granada,D,0.7867995165651476,0.15273537130361747,0.06046511213123471,0.8118977259954728,0.11987075607129188,0.06823151793323536,2024-02-01
2024-02-12,La Liga,Almeria,Ath Bilbao,D,0.21052627789170109,0.2962317213168473,0.49324200079145164,0.20583043201098422,0.26616976413475213,0.5279998038542638,2024-02-01
2024-02-16,La Liga,Villarreal,Getafe,D,0.5308659746784369,0.2939329903821644,0.17520103493939868,0.46763395983305783,0.2701885101257668,0.2621775300411753,2024-02-01
2024-02-17,La Liga,Ath Madrid,Las Palmas,H,0.7306334080980109,0.20586186940287685,0.06350472249911208,0.6563609199996193,0.21829531721335654,0.12534376278702408,2024-02-01
2024-02-17,La Liga,Osasuna,Cadiz,H,0.4901876469834844,0.31695701636007584,0.19285533665643984,0.5368916797488227,0.28414442700156983,0.17896389324960754,2024-02-01
2024-02-17,La Liga,Celta,Barcelona,A,0.22578651643750358,0.2943115641487494,0.4799019194137469,0.24484182964083098,0.25659423746359084,0.49856393289557815,2024-02-01
2024-02-17,La Liga,Valencia,Sevilla,D,0.4259587782280699,0.3320673639221607,0.24197385784976932,0.4212374401936075,0.30695851320101997,0.27180404660537244,2024-02-01
2024-02-18,La Liga,Betis,Alaves,D,0.5273864670634273,0.29085273730968353,0.1817607956268895,0.39684378608476273,0.3146496038536145,0.28850661006162276,2024-02-01
2024-02-18,La Liga,Mallorca,Sociedad,A,0.2636695286277499,0.362641098405362,0.37368937296688814,0.250096942525085,0.34621961082654124,0.40368344664837374,2024-02-01
2024-02-18,La Liga,Granada,Almeria,D,0.5245577157293964,0.2659642292674005,0.2094780550032034,0.42495817924874724,0.28454802060807927,0.29049380014317344,2024-02-01
2024-02-18,La Liga,Vallecano,Real Madrid,D,0.2342257083004948,0.30904327576935114,0.4567310159301541,0.18026421409232526,0.24694357899892516,0.5727922069087495,2024-02-01
2024-02-19,La Liga,Ath Bilbao,Girona,H,0.5858243706005424,0.25986553833960047,0.15431009105985696,0.5190802163306986,0.2652131159941001,0.2157066676752014,2024-02-01
2024-02-23,La Liga,Sociedad,Villarreal,A,0.5288261230364288,0.28381161455285053,0.18736226241072093,0.5869794309355607,0.23913976815893218,0.17388080090550723,2024-02-01
2024-02-24,La Liga,Barcelona,Getafe,H,0.6975381169633192,0.21978317278445988,0.08267871025222098,0.6832364712023664,0.19173829824256133,0.1250252305550722,2024-02-01
2024-02-24,La Liga,Alaves,Mallorca,D,0.4270415382725676,0.3429304178968839,0.23002804383054848,0.5104227018897697,0.31054843998471426,0.1790288581255162,2024-02-01
2024-02-24,La Liga,Almeria,Ath Madrid,D,0.19420276026753808,0.26478623999360856,0.5410109997388531,0.17981072555205047,0.24605678233438485,0.5741324921135647,2024-02-01
2024-02-25,La Liga,Cadiz,Celta,D,0.33488589749043324,0.34009207922325474,0.325022023286312,0.2853768013229388,0.32223009685802034,0.3923931018190409,2024-02-01
2024-02-25,La Liga,Betis,Ath Bilbao,H,0.3259234700388837,0.33755873507462547,0.3365177948864908,0.24142430178385652,0.29305419764727164,0.46552150056887176,2024-02-01
2024-02-25,La Liga,Las Palmas,Osasuna,D,0.33873822708222234,0.3653589765355943,0.2959027963821835,0.39398182949025656,0.31290518290705266,0.2931129876026909,2024-02-01
2024-02-25,La Liga,Real Madrid,Sevilla,H,0.6997025282443406,0.21011291927228842,0.09018455248337119,0.747485445873157,0.1562813979216163,0.09623315620522681,2024-02-01
2024-02-26,La Liga,Girona,Vallecano,H,0.4917352700112159,0.28866537123292413,0.21959935875585992,0.5837248835907886,0.2374959085197816,0.1787792078894297,2024-02-01
2024-03-01,La Liga,Celta,Almeria,H,0.570485318911998,0.264992944286607,0.164521736801395,0.5316067760078133,0.25268581820631125,0.21570740578587547,2024-02-01
2024-03-02,La Liga,Valencia,Real Madrid,D,0.21367840344939693,0.29741143701559297,0.48891015953501005,0.1696899596580811,0.24205151352723783,0.588258526814681,2024-03-02
2024-03-02,La Liga,Getafe,Las Palmas,D,0.4630701008531427,0.35669149981219095,0.18023839933466623,0.46944287505684246,0.298081825572903,0.23247529937025452,2024-03-02
2024-03-02,La Liga,Vallecano,Cadiz,D,0.5369804924072141,0.29974847078191197,0.16327103681087402,0.551257123888004,0.276413828502247,0.17232904760974901,2024-03-02
2024-03-02,La Liga,Sevilla,Sociedad,H,0.3105919593565686,0.3498933145120868,0.3395147261313447,0.3434626748079575,0.34104392357691554,0.31549340161512707,2024-03-02
2024-03-03,La Liga,Villarreal,Granada,H,0.6290492432363463,0.23036255502493422,0.1405882017387195,0.5450255603617774,0.2449862367282737,0.20998820290994885,2024-03-02
2024-03-03,La Liga,Ath Madrid,Betis,H,0.6043835058163994,0.2548465859971351,0.1407699081864656,0.6331507436792141,0.22269439950096495,0.14415485681982104,2024-03-02
2024-03-03,La Liga,Mallorca,Girona,H,0.36980389873481806,0.3129674546519191,0.3172286466132629,0.25973969787648266,0.29259833435483296,0.44766196776868444,2024-03-02
2024-03-03,La Liga,Ath Bilbao,Barcelona,D,0.3578425876149876,0.3189128646386927,0.32324454774631983,0.2959520926731895,0.27439815875301327,0.4296497485737971,2024-03-02
2024-03-04,La Liga,Osasuna,Alaves,H,0.4135404320731787,0.3379127214023961,0.24854684652442524,0.3953954487951348,0.3168315322592937,0.2877730189455715,2024-03-02
2024-03-08,La Liga,Barcelona,Mallorca,H,0.7379867686326267,0.19298580665773707,0.06902742470963609,0.6673073038195442,0.20719391660349873,0.12549877957695707,2024-03-02
2024-03-09,La Liga,Valencia,Getafe,H,0.42938746683562784,0.34765576934799725,0.222956763816375,0.5165620146371828,0.2988112576978165,0.18462672766500068,2024-03-02
2024-03-09,La Liga,Cadiz,Ath Madrid,H,0.19601677435920273,0.29594807946040647,0.5080351461803908,0.19518213275730115,0.2628875880227064,0.5419302792199925,2024-03-02
2024-03-09,La Liga,Granada,Sociedad,A,0.24883870200143982,0.32757650693677176,0.42358479106178837,0.20495791792807214,0.2906119731815948,0.504430108890333,2024-03-02
2024-03-09,La Liga,Girona,Osasuna,H,0.5765415882184474,0.25814180781815166,0.16531660396340103,0.6334308212460755,0.21584613730656912,0.15072304144735543,2024-03-02
2024-03-10,La Liga,Betis,Villarreal,A,0.4480441369129031,0.2853132145857593,0.26664264850133745,0.45036714713081316,0.26896926842534674,0.2806635844438401,2024-03-02
2024-03-10,La Liga,Real Madrid,Celta,H,0.7118517782192806,0.20381729900953588,0.08433092277118359,0.7450538225061918,0.16035926643345189,0.09458691106035638,2024-03-02
2024-03-10,La Liga,Alaves,Vallecano,H,0.38451309332709505,0.34085304076996903,0.274633865902936,0.46049267227938884,0.31142292900945845,0.22808439871115269,2024-03-02
2024-03-10,La Liga,Las Palmas,Ath Bilbao,A,0.2109979604331661,0.36186933383255687,0.4271327057342771,0.20077384873762444,0.27786180212112493,0.5213643491412506,2024-03-02
2024-03-11,La Liga,Almeria,Sevilla,D,0.34075362006768717,0.31110253823769884,0.3481438416946139,0.2773443041566179,0.2821676833593417,0.44048801248404024,2024-03-02
2024-03-15,La Liga,Sociedad,Cadiz,H,0.6578134963599703,0.24741202583218785,0.09477447780784173,0.6716685598134752,0.22598194535780472,0.10234949482872004,2024-03-02
2024-03-16,La Liga,Mallorca,Granada,H,0.4581898978730723,0.3257545910097721,0.2160555111171555,0.5220053994310667,0.28982986356471163,0.1881647370042217,2024-03-02
2024-03-16,La Liga,Osasuna,Real Madrid,A,0.17780452281017958,0.28489680043125815,0.5372986767585624,0.13285246766851455,0.21715123078553164,0.6499963015459538,2024-03-02
2024-03-16,La Liga,Getafe,Girona,H,0.3907958728616919,0.31217188055789746,0.2970322465804107,0.2605091158044123,0.28329416966485643,0.45619671453073135,2024-03-02
2024-03-16,La Liga,Ath Bilbao,Alaves,H,0.6183087120021667,0.2690901502359796,0.11260113776185364,0.6028780024251795,0.25746248909934727,0.13965950847547323,2024-03-02
2024-03-17,La Liga,Ath Madrid,Barcelona,A,0.40476303011740483,0.29157459426200494,0.30366237562059034,0.4299213969995863,0.2730420014370632,0.29703660156335054,2024-03-02
2024-03-17,La Liga,Sevilla,Celta,A,0.4490912313911872,0.3260749205179408,0.2248338480908721,0.48384335544618023,0.27241600684784933,0.24374063770597043,2024-03-02
2024-03-17,La Liga,Las Palmas,Almeria,A,0.44820443600332854,0.3244158930819172,0.22737967091475436,0.5506317040602211,0.24534475927746552,0.20402353666231346,2024-03-02
2024-03-17,La Liga,Villarreal,Valencia,H,0.5477350391650905,0.2723406351531093,0.17992432568180033,0.4325517220915828,0.2833087302588145,0.2841395476496028,2024-03-02
2024-03-17,La Liga,Vallecano,Betis,H,0.4044909685605471,0.3281481314752306,0.2673608999642224,0.37552682196223525,0.31173540669300936,0.3127377713447554,2024-03-02
2024-03-29,La Liga,Cadiz,Granada,H,0.42257673556175784,0.3166469886034816,0.2607762758347603,0.521688500727802,0.2887918486171761,0.18951965065502183,2024-03-02
2024-03-30,La Liga,Getafe,Sevilla,A,0.39100698669790174,0.35215955704397167,0.25683345625812665,0.35929820195358675,0.3245660424314067,0.3161357556150065,2024-03-02
2024-03-30,La Liga,Almeria,Osasuna,A,0.4078537076510327,0.3132163477585508,0.27892994459041653,0.3849404312265377,0.2978285293587585,0.3172310394147037,2024-03-02
2024-03-30,La Liga,Valencia,Mallorca,D,0.4500947603799071,0.34168866288078964,0.20821657673930324,0.4481199420495245,0.32199346829386366,0.22988658965661182,2024-03-02
2024-03-30,La Liga,Barcelona,Las Palmas,H,0.7666855232044607,0.17914463484502308,0.05416984195051621,0.7649848640999712,0.1445098843727082,0.09050525152732053,2024-03-02
2024-03-31,La Liga,Celta,Vallecano,D,0.4200440319816106,0.33651851892834556,0.24343744909004375,0.506658767162103,0.27325416655933643,0.22008706627856056,2024-03-02
2024-03-31,La Liga,Girona,Betis,H,0.4765381960032612,0.2722645483853911,0.25119725561134765,0.5610099934212588,0.23846370727734092,0.20052629930140034,2024-03-02
2024-03-31,La Liga,Alaves,Sociedad,A,0.2670337121712482,0.34515729393761113,0.3878089938911406,0.23547079456428138,0.32328663544138964,0.44124256999432904,2024-03-02
2024-03-31,La Liga,Real Madrid,Ath Bilbao,H,0.5431232348233547,0.2857803876111698,0.17109637756547563,0.6141876904384027,0.22620432421740708,0.1596079853441902,2024-03-02
2024-04-01,La Liga,Villarreal,Ath Madrid,A,0.35860672229707286,0.2945191413865754,0.346874136316352,0.2901930568969821,0.26860844935919004,0.44119849374382797,2024-04-01
2024-04-04,La Liga,Granada,Valencia,A,0.3612055271844505,0.33872418200629417,0.30007029080925524,0.3090507726269316,0.30708854549914155,0.38386068187392697,2024-04-01
2024-04-12,La Liga,Betis,Celta,H,0.49220743902864944,0.3061272625392,0.2016652984321507,0.5166222835810026,0.2660958611321328,0.21728185528686464,2024-04-01
2024-04-13,La Liga,Mallorca,Real Madrid,A,0.18831214431395452,0.30955087381957835,0.5021369818664672,0.1863689006913817,0.27222423696493964,0.5414068623436787,2024-04-01
2024-04-13,La Liga,Cadiz,Barcelona,A,0.15030638399117963,0.26506493406346865,0.5846286819453514,0.2586246028143441,0.28268270540172497,0.45869269178393096,2024-04-01
2024-04-13,La Liga,Ath Madrid,Girona,H,0.6296923133712221,0.22735387759851305,0.14295380903026486,0.5114671490406356,0.24917630337877122,0.23935654758059305,2024-04-01
2024-04-13,La Liga,Vallecano,Getafe,D,0.4417689904583244,0.3497338537135378,0.20849715582813783,0.38154612507831326,0.32539886921394606,0.2930550057077406,2024-04-01
2024-04-14,La Liga,Sociedad,Almeria,D,0.7045614560064377,0.2109754390991938,0.08446310489436853,0.7496716641393794,0.17279666017397044,0.07753167568665022,2024-04-01
2024-04-14,La Liga,Ath Bilbao,Villarreal,D,0.5225337406908213,0.29345581839462487,0.18401044091455374,0.5989050764636684,0.22721925617591168,0.17387566736041987,2024-04-01
2024-04-14,La Liga,Granada,Alaves,H,0.40261130906829423,0.3306758300280978,0.2667128609036079,0.358958571211454,0.31999267367863177,0.3210487551099143,2024-04-01
2024-04-14,La Liga,Las Palmas,Sevilla,A,0.3127384537493057,0.3687977681324153,0.3184637781182789,0.34500370929966095,0.30121066880032316,0.35378562190001595,2024-04-01
2024-04-15,La Liga,Osasuna,Valencia,A,0.37635397859261766,0.35339337127051973,0.2702526501368626,0.3987504928274649,0.32004973766414946,0.28119976950838566,2024-04-01
2024-04-19,La Liga,Ath Bilbao,Granada,D,0.6648401094495464,0.2448141810757593,0.09034570947469431,0.7566446458749424,0.16141752445332103,0.08193782967173657,2024-04-01
2024-04-20,La Liga,Celta,Las Palmas,H,0.5013902311091302,0.33410829276196236,0.16450147612890748,0.5741076650647807,0.24688090431538917,0.17901143061983016,2024-04-01
2024-04-20,La Liga,Vallecano,Osasuna,H,0.49260126672845994,0.32756410498313504,0.17983462828840496,0.45607119621752695,0.316427246887079,0.22750155689539403,2024-04-01
2024-04-20,La Liga,Valencia,Betis,A,0.39000179427771176,0.33436654939359267,0.2756316563286956,0.3474856727742352,0.31108241181693436,0.34143191540883033,2024-04-01
2024-04-20,La Liga,Girona,Cadiz,H,0.6210145120184702,0.2412765357052704,0.13770895227625954,0.692552225249773,0.19391462306993643,0.11353315168029066,2024-04-01
2024-04-21,La Liga,Getafe,Sociedad,D,0.2788543857168161,0.3673191657145003,0.35382644856868345,0.24906499545132926,0.31618315980996664,0.43475184473870415,2024-04-01
2024-04-21,La Liga,Almeria,Villarreal,A,0.28559488748337597,0.2733838220512577,0.44102129046536614,0.2727923450404155,0.23919722865612789,0.48801042630345676,2024-04-01
2024-04-21,La Liga,Alaves,Ath Madrid,H,0.22674551770110357,0.3150641579015998,0.45819032439729673,0.1799608780699848,0.2811562703760052,0.53888285155401,2024-04-01
2024-04-21,La Liga,Real Madrid,Barcelona,H,0.4725708764241619,0.27914739451686094,0.2482817290589771,0.5628178329641531,0.22128973886999653,0.2158924281658503,2024-04-01
2024-04-22,La Liga,Sevilla,Mallorca,H,0.46967190563762484,0.33382199246755107,0.19650610189482393,0.4582245248502283,0.30937451996257453,0.23240095518719717,2024-04-01
2024-04-26,La Liga,Sociedad,Real Madrid,A,0.3309572921559969,0.32886591976754326,0.34017678807645985,0.41061411528346814,0.30316369259246717,0.2862221921240646,2024-04-01
2024-04-27,La Liga,Ath Madrid,Ath Bilbao,H,0.4729098320517031,0.32237975757560566,0.20471041037269125,0.49309681086957247,0.27833831444500223,0.22856487468542536,2024-04-01
2024-04-27,La Liga,Alaves,Celta,H,0.3900377745678378,0.33984662417507977,0.27011560125708256,0.3651155172144829,0.3132926696098466,0.32159181317567037,2024-04-01
2024-04-27,La Liga,Las Palmas,Girona,A,0.2940816022046088,0.33221824124626154,0.3737001565491296,0.18442458351852545,0.23705306222990957,0.578522354251565,2024-04-01
2024-04-27,La Liga,Almeria,Getafe,A,0.3590025266581721,0.3293109626107127,0.3116865107311152,0.3755563798219585,0.30021327893175076,0.32423034124629085,2024-04-01
2024-04-28,La Liga,Cadiz,Mallorca,D,0.3699859817176756,0.361039851536706,0.26897416674561847,0.34018175866315414,0.34997116179015136,0.3098470795466945,2024-04-01
2024-04-28,La Liga,Granada,Osasuna,H,0.4102269454422206,0.33431472215822167,0.2554583323995578,0.4070373358872458,0.3118010361443966,0.2811616279683577,2024-04-01
2024-04-28,La Liga,Villarreal,Vallecano,H,0.5306500277274006,0.28496847066893005,0.18438150160366942,0.5423979429745515,0.25617211554734753,0.20142994147810106,2024-04-01
2024-04-28,La Liga,Betis,Sevilla,D,0.47368171887051214,0.30809664945080256,0.21822163167868547,0.49100087136804776,0.276974850515309,0.23202427811664308,2024-04-01
2024-04-29,La Liga,Barcelona,Valencia,H,0.7304150363423578,0.19639630575718883,0.07318865790045338,0.7279283528392326,0.16521240772631046,0.10685923943445688,2024-04-01
2024-05-03,La Liga,Getafe,Ath Bilbao,A,0.2651596108543897,0.37613102735572945,0.3587093617898809,0.24715896815451754,0.3113252387330942,0.44151579311238814,2024-05-03
2024-05-04,La Liga,Sociedad,Las Palmas,H,0.659256633523679,0.26290650162927887,0.07783686484704198,0.7187036071760832,0.1906188349091773,0.09067755791473948,2024-05-03
2024-05-04,La Liga,Real Madrid,Cadiz,H,0.7911682041312149,0.1610477920272479,0.047784003841537116,0.7108396847018602,0.192195222901497,0.0969650923966429,2024-05-03
2024-05-04,La Liga,Girona,Barcelona,H,0.27457545909399955,0.2635462803617751,0.4618782605442254,0.33214601129421767,0.2501768157048992,0.41767717300088325,2024-05-03
2024-05-04,La Liga,Mallorca,Ath Madrid,A,0.24510437187715178,0.3439336308107121,0.41096199731213623,0.24951076320939342,0.31800391389432486,0.43248532289628183,2024-05-03
2024-05-05,La Liga,Vallecano,Almeria,A,0.561492909390174,0.2756081486613862,0.16289894194843973,0.5817778347669305,0.24472770379364578,0.17349446143942387,2024-05-03
2024-05-05,La Liga,Sevilla,Granada,H,0.5592440537464073,0.2845061899417993,0.15624975631179364,0.5637604228624015,0.2461086109957691,0.1901309661418295,2024-05-03
2024-05-05,La Liga,Osasuna,Betis,A,0.34528783016866393,0.3412886773948735,0.3134234924364625,0.284325637910085,0.3001215066828676,0.41555285540704745,2024-05-03
2024-05-05,La Liga,Celta,Villarreal,H,0.3776977854297988,0.3060155087479945,0.31628670582220664,0.34262481103516923,0.26659026392873436,0.3907849250360965,2024-05-03
2024-05-05,La Liga,Valencia,Alaves,A,0.44714909221042803,0.3380519609975028,0.21479894679206937,0.4360587078051237,0.31267232103068354,0.25126897116419267,2024-05-03
2024-05-10,La Liga,Alaves,Girona,D,0.3646288840458358,0.30408347652391227,0.331287639430252,0.3049469457459064,0.2665152758710798,0.4285377783830138,2024-05-03
2024-05-11,La Liga,Mallorca,Las Palmas,H,0.5025590439854974,0.34732570085520326,0.15011525515929944,0.5908883784512662,0.27452037979038996,0.13459124175834397,2024-05-03
2024-05-11,La Liga,Villarreal,Sevilla,H,0.533725894255115,0.27519259812122265,0.1910815076236627,0.48179684515037396,0.2508323781452978,0.26737077670432835,2024-05-03
2024-05-11,La Liga,Granada,Real Madrid,A,0.14777304578896103,0.26103233648796875,0.5911946177230704,0.16798067379538945,0.21070619299986895,0.6213131332047417,2024-05-03
2024-05-11,La Liga,Ath Bilbao,Osasuna,D,0.6072540261790463,0.28608229552873804,0.10666367829221543,0.6855448999055848,0.21151385314373622,0.10294124695067886,2024-05-03
2024-05-12,La Liga,Cadiz,Getafe,H,0.3657622855578003,0.3628961722102806,0.2713415422319192,0.45661544524633085,0.30204686284928095,0.24133769190438825,2024-05-03
2024-05-12,La Liga,Ath Madrid,Celta,H,0.6421393709969665,0.24453036563306108,0.11333026336997244,0.6972768760665105,0.19041549267828087,0.11230763125520851,2024-05-03
2024-05-12,La Liga,Valencia,Vallecano,D,0.3920966354385038,0.3564821909538575,0.2514211736076387,0.4265521869426927,0.31271350039528595,0.2607343126620213,2024-05-03
2024-05-12,La Liga,Betis,Almeria,H,0.6217166956532749,0.236395423442997,0.14188788090372825,0.7066381156316915,0.17601713062098498,0.11734475374732332,2024-05-03
2024-05-13,La Liga,Barcelona,Sociedad,H,0.5730599264361615,0.27681863093804715,0.1501214426257914,0.5608028569726642,0.244380086287836,0.19481705673949976,2024-05-03
2024-05-14,La Liga,Girona,Villarreal,A,0.4658323728870966,0.2587855429040789,0.27538208420882465,0.563713349844212,0.21642566110090275,0.21986098905488535,2024-05-03
2024-05-14,La Liga,Real Madrid,Alaves,H,0.758677880180503,0.18125087488794583,0.0600712449315513,0.8020563126773725,0.12953803165717995,0.06840565566544754,2024-05-03
2024-05-14,La Liga,Osasuna,Mallorca,D,0.38497158660142844,0.36790940994746446,0.24711900345110704,0.3517419936711321,0.3359742491272538,0.31228375720161405,2024-05-03
2024-05-15,La Liga,Sevilla,Cadiz,A,0.5451110323512169,0.2977278495577717,0.15716111809101135,0.4440334232744364,0.2843371920967882,0.2716293846287753,2024-05-03
2024-05-15,La Liga,Vallecano,Granada,H,0.525803357625216,0.3089905144679024,0.16520612790688163,0.6245106458916562,0.22992672235916084,0.14556263174918302,2024-05-03
2024-05-15,La Liga,Celta,Ath Bilbao,H,0.2929709032967468,0.356913482077881,0.35011561462537216,0.4234713901703928,0.30061240660243926,0.2759162032271681,2024-05-03
2024-05-15,La Liga,Getafe,Ath Madrid,A,0.24716245590864794,0.33927974112739023,0.4135578029639618,0.19019624794674506,0.25866689720757324,0.5511368548456816,2024-05-03
2024-05-16,La Liga,Las Palmas,Betis,D,0.26291223186913565,0.35564687735884076,0.3814408907720236,0.30049261083743845,0.30049261083743845,0.3990147783251232,2024-05-03
2024-05-16,La Liga,Almeria,Barcelona,A,0.1512013495896127,0.22538003875684243,0.623418611653545,0.13553713489395428,0.17716462787783785,0.6872982372282079,2024-05-03
2024-05-16,La Liga,Sociedad,Valencia,H,0.5751206963137827,0.29716666886502463,0.12771263482119266,0.6591807608392526,0.2258731278400236,0.11494611132072377,2024-05-03
2024-05-18,La Liga,Alaves,Getafe,H,0.4031222559031653,0.3564793867361174,0.24039835736071713,0.48810545902805846,0.2865279833232556,0.22536655764868596,2024-05-03
2024-05-19,La Liga,Mallorca,Almeria,D,0.5155364122280829,0.29873550528249837,0.18572808248941874,0.6983045673807159,0.2052100102873562,0.09648542233192792,2024-05-03
2024-05-19,La Liga,Villarreal,Real Madrid,D,0.2865201242263508,0.28461160865358776,0.42886826712006143,0.32207690806168265,0.24562430867330343,0.432298783265014,2024-05-03
2024-05-19,La Liga,Valencia,Girona,A,0.3832179329848664,0.3058086283691565,0.3109734386459771,0.24393002814577242,0.25820252979259956,0.4978674420616279,2024-05-03
2024-05-19,La Liga,Granada,Celta,A,0.3613791455712306,0.3319446626057676,0.3066761918230018,0.24142430178385652,0.29305419764727164,0.46552150056887176,2024-05-03
2024-05-19,La Liga,Cadiz,Las Palmas,D,0.46610698460757277,0.3489961586747008,0.18489685671772635,0.5037779084753063,0.2834668697834813,0.21275522174121247,2024-05-03
2024-05-19,La Liga,Betis,Sociedad,A,0.34502561366226686,0.34457983616104326,0.3103945501766902,0.28045074942010284,0.3190701968812318,0.4004790536986653,2024-05-03
2024-05-19,La Liga,Barcelona,Vallecano,H,0.6995907990079225,0.2163589752927939,0.08405022569928362,0.7432524566838103,0.15944359631830915,0.09730394699788052,2024-05-03
2024-05-19,La Liga,Ath Madrid,Osasuna,A,0.6802720674268051,0.2317676621425282,0.08796027043066668,0.7399275954688777,0.16828214410837322,0.09179026042274903,2024-05-03
2024-05-19,La Liga,Ath Bilbao,Sevilla,H,0.546774233104861,0.30609460386726867,0.1471311630278705,0.620674583273905,0.22465251737988212,0.15467289934621276,2024-05-03
2024-05-24,La Liga,Girona,Granada,H,0.635040350795108,0.22910404471527396,0.13585560448961798,0.7907618618799612,0.1272730173474344,0.0819651207726043,2024-05-03
2024-05-25,La Liga,Osasuna,Villarreal,D,0.3146764622149252,0.3202426689366843,0.36508086884839047,0.377199289223995,0.25277251070075507,0.3700282000752499,2024-05-03
2024-05-25,La Liga,Sociedad,Ath Madrid,A,0.3917235259861383,0.3384389347870917,0.26983753922677,0.3618338573109341,0.29054718691534703,0.3476189557737188,2024-05-03
2024-05-25,La Liga,Almeria,Cadiz,H,0.45488693496097377,0.30094754654969913,0.2441655184893271,0.4379072127819794,0.25924106996693186,0.3028517172510886,2024-05-03
2024-05-25,La Liga,Vallecano,Ath Bilbao,A,0.29304041774750444,0.37375280375592823,0.3332067784965674,0.29580746223988424,0.300372392212722,0.40382014554739387,2024-05-03
2024-05-25,La Liga,Real Madrid,Betis,D,0.7019687805379926,0.2069634806923497,0.09106773876965756,0.8011652093335042,0.11957689691544841,0.0792578937510474,2024-05-03
2024-05-26,La Liga,Las Palmas,Alaves,D,0.32464386714395577,0.3751470449298276,0.30020908792621664,0.4093628634407474,0.2783667471397082,0.31227038941954444,2024-05-03
2024-05-26,La Liga,Sevilla,Barcelona,A,0.23687781390269222,0.2969856311880866,0.46613655490922123,0.20507497754128945,0.22095777762421395,0.5739672448344966,2024-05-03
2024-05-26,La Liga,Getafe,Mallorca,A,0.4074266673795477,0.3703410388208768,0.22223229379957543,0.4037609657003862,0.31088304387793314,0.2853559904216806,2024-05-03
2024-05-26,La Liga,Celta,Valencia,D,0.4587082985346497,0.32788279308600493,0.21340890837934545,0.5087681175871542,0.2570759535956256,0.23415592881722033,2024-05-03
2024-08-15,La Liga,Ath Bilbao,Getafe,D,0.5540198525861709,0.31561350828837115,0.1303666391254579,0.6030649276556632,0.2617074214354765,0.13522765090886044,2024-08-15
2024-08-15,La Liga,Betis,Girona,D,0.4601587937350422,0.27303648724294366,0.26680471902201436,0.41369865072536194,0.2834378510800584,0.3028634981945796,2024-08-15
2024-08-16,La Liga,Celta,Alaves,H,0.4816337807078591,0.31516923004651215,0.2031969892456287,0.4524494652187677,0.29748206428756896,0.2500684704936634,2024-08-15
2024-08-16,La Liga,Las Palmas,Sevilla,D,0.3056509889826756,0.3626450582679006,0.3317039527494237,0.36767119056352443,0.29979343230564304,0.33253537713083264,2024-08-15
2024-08-17,La Liga,Osasuna,Leganes,D,0.35652824755126983,0.40084356761946904,0.24262818482926113,0.5166875083467893,0.29615015722315974,0.18716233443005084,2024-08-15
2024-08-17,La Liga,Valencia,Barcelona,A,0.2086634081450515,0.29671441864448705,0.4946221732104614,0.2279323555589954,0.2610193103982044,0.5110483340428003,2024-08-15
2024-08-18,La Liga,Sociedad,Vallecano,A,0.5099602391237884,0.3275273276533067,0.1625124332229049,0.5411609917655332,0.2882970759703287,0.17054193226413814,2024-08-15
2024-08-18,La Liga,Mallorca,Real Madrid,D,0.19527119329236878,0.3280431210482098,0.4766856856594215,0.10343472451465849,0.20576907961958657,0.6907961958657549,2024-08-15
2024-08-19,La Liga,Valladolid,Espanol,H,0.3655284522602344,0.3267529233446179,0.3077186243951476,0.41744637761207765,0.32859799318788546,0.2539556292000368,2024-08-15
2024-08-19,La Liga,Villarreal,Ath Madrid,D,0.3422358364584716,0.30053942072556755,0.35722474281596095,0.27657742962899207,0.2727037961607989,0.4507187742102092,2024-08-15
2024-08-23,La Liga,Sevilla,Villarreal,A,0.41401472218526836,0.29864154320226605,0.2873437346124657,0.4396613050917329,0.26767258519358944,0.29266610971467766,2024-08-15
2024-08-23,La Liga,Celta,Valencia,H,0.47069237227418065,0.32224011360137766,0.20706751412444163,0.44645903590557434,0.28541955961118826,0.2681214044832375,2024-08-15
2024-08-24,La Liga,Getafe,Vallecano,D,0.369899894295636,0.3678268654816242,0.2622732402227398,0.3553065718811575,0.3514584862651161,0.2932349418537264,2024-08-15
2024-08-24,La Liga,Espanol,Sociedad,A,0.2735298899251746,0.3398978417571894,0.38657226831763586,0.24932830646559195,0.31266250650025995,0.43800918703414793,2024-08-15
2024-08-24,La Liga,Osasuna,Mallorca,H,0.37012427932606806,0.3823653963845269,0.2475103242894053,0.40070248324048724,0.3202983665376264,0.27899915022188654,2024-08-15
2024-08-24,La Liga,Barcelona,Ath Bilbao,H,0.5693597320351518,0.2805208976241874,0.15011937034066078,0.6056894508099566,0.22125642038719878,0.17305412880284474,2024-08-15
2024-08-25,La Liga,Real Madrid,Valladolid,H,0.8410813065361434,0.12528783081846165,0.03363086264539517,0.8513215338303204,0.1004665164147583,0.048211949754921275,2024-08-15
2024-08-25,La Liga,Leganes,Las Palmas,H,0.45230840177380166,0.3852272170727961,0.16246438115340212,0.4040437445976925,0.3224322597617348,0.2735239956405728,2024-08-15
2024-08-25,La Liga,Alaves,Betis,D,0.37807662610439846,0.3316703235280791,0.2902530503675226,0.38774178032775625,0.32768749785275014,0.28457072181949356,2024-08-15
2024-08-25,La Liga,Ath Madrid,Girona,H,0.6370661726467236,0.22194879376864327,0.14098503358463318,0.647002772002772,0.21006583506583507,0.14293139293139293,2024-08-15
2024-08-26,La Liga,Villarreal,Celta,H,0.5392861348961854,0.27196939733283415,0.18874446777098047,0.5769425523921531,0.23188121722938212,0.1911762303784649,2024-08-15
2024-08-27,La Liga,Mallorca,Sevilla,D,0.3793887373751762,0.36424077208070366,0.2563704905441201,0.41056976337305334,0.30407823099816766,0.285352005628779,2024-08-15
2024-08-27,La Liga,Vallecano,Barcelona,A,0.2423320362018505,0.3146956537208121,0.44297231007733734,0.18328472450618774,0.2430015520395321,0.57371372345428,2024-08-15
2024-08-28,La Liga,Ath Bilbao,Valencia,H,0.5617126832197105,0.3046143262866484,0.13367299049364145,0.5540049148444819,0.26062059166071055,0.1853744934948075,2024-08-15
2024-08-28,La Liga,Valladolid,Leganes,D,0.2973723099544981,0.3911525505235211,0.31147513952198086,0.43895693401817465,0.32161201106282106,0.23943105491900435,2024-08-15
2024-08-28,La Liga,Ath Madrid,Espanol,D,0.7177899267515659,0.20321904387736356,0.07899102937107057,0.762100545135622,0.16920763851787415,0.0686918163465039,2024-08-15
2024-08-28,La Liga,Sociedad,Alaves,A,0.570775613508418,0.29516217979612996,0.1340622066954519,0.5914321860991192,0.25865300938734814,0.14991480451353253,2024-08-15
2024-08-29,La Liga,Las Palmas,Real Madrid,D,0.13989949179212574,0.28873123980943516,0.571369268398439,0.0975129686177845,0.17370589750193152,0.7287811338802841,2024-08-15
2024-08-29,La Liga,Girona,Osasuna,H,0.6054695194006409,0.2484267355430308,0.1461037450563285,0.5782055826672388,0.24224074286308261,0.1795536744696786,2024-08-15
2024-08-31,La Liga,Barcelona,Valladolid,H,0.8382354541345832,0.1259938457626346,0.035770700102782015,0.8107818317618847,0.12433381182946429,0.06488435640865116,2024-08-15
2024-08-31,La Liga,Ath Bilbao,Ath Madrid,A,0.3646265992096973,0.35008384450066704,0.2852895562896357,0.34532474478524755,0.3005604260167895,0.35411482919796294,2024-08-15
2024-08-31,La Liga,Espanol,Vallecano,H,0.3602665071114252,0.34061242548364645,0.2991210674049283,0.3367439096386248,0.33558272374331927,0.3276733666180558,2024-08-15
2024-08-31,La Liga,Leganes,Mallorca,A,0.37471561597546454,0.41391052876475215,0.2113738552597834,0.34176050679491804,0.3529048711469263,0.30533462205815565,2024-08-15
2024-08-31,La Liga,Valencia,Villarreal,D,0.36294032752834055,0.3140641370997417,0.32299553537191755,0.36433756277162205,0.30590606685541843,0.3297563703729596,2024-08-15
2024-09-01,La Liga,Alaves,Las Palmas,H,0.49525539734993973,0.33387423610640266,0.17087036654365764,0.5590539087697742,0.26724005529104594,0.17370603593917988,2024-08-15
2024-09-01,La Liga,Osasuna,Celta,H,0.3658043536539752,0.34919797116849316,0.28499767517753155,0.3905684442759143,0.29470164431728085,0.31472991140680484,2024-08-15
2024-09-01,La Liga,Sevilla,Girona,A,0.43570271461659205,0.27935286678850424,0.2849444185949036,0.32620645693501815,0.26705913232592143,0.4067344107390603,2024-08-15
2024-09-01,La Liga,Getafe,Sociedad,D,0.28761452888909106,0.3727539327445215,0.33963153836638743,0.3049135422016778,0.3549905838041431,0.3400958739941791,2024-08-15
2024-09-01,La Liga,Real Madrid,Betis,H,0.6932202858059483,0.2113870297114506,0.09539268448260096,0.7634190216445192,0.1561538907909244,0.08042708756455638,2024-08-15
2024-09-13,La Liga,Betis,Leganes,H,0.4594777901338563,0.3579689608367085,0.18255324902943507,0.5749201215962745,0.26904339952137635,0.15603647888234912,2024-08-15
2024-09-14,La Liga,Espanol,Alaves,H,0.41180464217026785,0.3149018291297768,0.27329352869995543,0.3234953861494895,0.3224242093741601,0.35408040447635036,2024-09-14
2024-09-14,La Liga,Sevilla,Getafe,H,0.4470995623865067,0.3405047656889578,0.21239567192453532,0.42327701895325115,0.31711307608875494,0.259609904957994,2024-09-14
2024-09-14,La Liga,Mallorca,Villarreal,A,0.3434951202496791,0.33964685053563287,0.316858029214688,0.4028101097439309,0.3017958097771866,0.29539408047888266,2024-09-14
2024-09-14,La Liga,Sociedad,Real Madrid,A,0.2881629606143946,0.3244017561190219,0.38743528326658344,0.19319843308019027,0.2577687316693255,0.5490328352504843,2024-09-14
2024-09-15,La Liga,Ath Madrid,Valencia,H,0.6696063762374798,0.23683067712363734,0.09356294663888273,0.6958931646240271,0.19862248435880853,0.1054843510171644,2024-09-14
2024-09-15,La Liga,Las Palmas,Ath Bilbao,A,0.21610136925205153,0.3608119656168124,0.423086665131136,0.2502190292623095,0.28628000700893647,0.4635009637287542,2024-09-14
2024-09-15,La Liga,Celta,Valladolid,H,0.6193964228366041,0.26065472077499635,0.11994885638839951,0.5886151362570626,0.2409962716685244,0.17038859207441284,2024-09-14
2024-09-15,La Liga,Girona,Barcelona,A,0.3072280671477747,0.2570206604231551,0.43575127242907025,0.22025514189013276,0.22910700338453524,0.550637854725332,2024-09-14
2024-09-16,La Liga,Vallecano,Osasuna,H,0.48880778553749643,0.33227816824671963,0.17891404621578405,0.45062563408860323,0.31197159283057146,0.23740277308082516,2024-09-14
2024-09-17,La Liga,Mallorca,Sociedad,H,0.30584606431652833,0.38323191370994325,0.31092202197352853,0.316446282912319,0.36503915781645796,0.3185145592712231,2024-09-14
2024-09-18,La Liga,Betis,Getafe,H,0.48031409137299663,0.3302097086978611,0.18947619992914194,0.5035744906582121,0.30952190030902843,0.18690360903275946,2024-09-14
2024-09-19,La Liga,Leganes,Ath Bilbao,A,0.19906314702689076,0.3797351959255603,0.4212016570475491,0.2315989847715736,0.32423857868020306,0.4441624365482234,2024-09-14
2024-09-20,La Liga,Alaves,Sevilla,H,0.41256248737418033,0.3269171467010788,0.2605203659247407,0.4443770774011238,0.2940138367095048,0.26160908588937126,2024-09-14
2024-09-21,La Liga,Valladolid,Sociedad,D,0.20913048685446822,0.33748872136298236,0.4533807917825496,0.24057979301275087,0.317628223454743,0.44179198353250615,2024-09-14
2024-09-21,La Liga,Osasuna,Las Palmas,H,0.47214948342858243,0.34144527210605186,0.1864052444653657,0.5253367543296985,0.2669980756895446,0.20766516998075693,2024-09-14
2024-09-21,La Liga,Valencia,Girona,H,0.35229670642208827,0.2961872128450481,0.3515160807328635,0.3831202321660881,0.3079510726904632,0.3089286951434488,2024-09-14
2024-09-21,La Liga,Real Madrid,Espanol,H,0.7854539415665104,0.15550051430341813,0.05904554413007141,0.8554874762373168,0.09914880493827363,0.04536371882440957,2024-09-14
2024-09-22,La Liga,Vallecano,Ath Madrid,D,0.2551676843478926,0.33817632796159,0.4066559876905172,0.16455294863665187,0.2742549143944198,0.5611921369689284,2024-09-14
2024-09-22,La Liga,Villarreal,Barcelona,A,0.28785513814144015,0.26766962135065453,0.4444752405079052,0.2505612095792614,0.23365587495704618,0.5157829154636924,2024-09-14
2024-09-22,La Liga,Getafe,Leganes,D,0.5085244055957958,0.35111014448084954,0.14036544992335465,0.4713894210639836,0.34434830049354836,0.184262278442468,2024-09-14
2024-09-22,La Liga,Ath Bilbao,Celta,H,0.5320161526235864,0.30531750124274437,0.16266634613366945,0.532008830022075,0.2660044150110375,0.20198675496688742,2024-09-14
2024-09-23,La Liga,Betis,Mallorca,A,0.48789293070437095,0.33583860369221885,0.17626846560341025,0.5168284194862248,0.30651022985302917,0.17666135066074592,2024-09-14
2024-09-24,La Liga,Sevilla,Valladolid,H,0.6194513029705507,0.2641659493343748,0.11638274769507437,0.6019840145665507,0.24169433003794183,0.15632165539550752,2024-09-14
2024-09-24,La Liga,Valencia,Osasuna,D,0.4623732809794218,0.33533690091979557,0.2022898181007825,0.4861702931523321,0.30290983997030035,0.2109198668773675,2024-09-14
2024-09-24,La Liga,Real Madrid,Alaves,H,0.7279840786348536,0.19549845999056298,0.07651746137458348,0.8347360009127376,0.11939503835496616,0.045868960732296335,2024-09-14
2024-09-25,La Liga,Girona,Vallecano,D,0.5520380790209124,0.2669668173829185,0.18099510359616927,0.56973293768546,0.2522255192878338,0.17804154302670622,2024-09-14
2024-09-25,La Liga,Barcelona,Getafe,H,0.7042795755250627,0.21584884416233813,0.07987158031259901,0.7579316326552042,0.16115489863765142,0.0809134687071444,2024-09-14
2024-09-26,La Liga,Espanol,Villarreal,A,0.34582819136390075,0.2848368683110842,0.36933494032501507,0.2679580765188741,0.2732269151021104,0.45881500837901545,2024-09-14
2024-09-26,La Liga,Las Palmas,Betis,D,0.2680070242388107,0.3457710232591176,0.386221952502072,0.2637913524492751,0.28969943170768603,0.446509215843039,2024-09-14
2024-09-26,La Liga,Celta,Ath Madrid,A,0.2632520545904104,0.3146857124120163,0.42206223299757334,0.23008735486301843,0.2719800105103467,0.49793263462663484,2024-09-14
2024-09-27,La Liga,Valladolid,Mallorca,A,0.2876857622606987,0.38085109481555285,0.3314631429237485,0.28846900827240873,0.3317885863064906,0.3797424054211006,2024-09-14
2024-09-28,La Liga,Sociedad,Valencia,H,0.5382775341526825,0.30692961578444006,0.15479285006287719,0.521492241465009,0.2930439785875881,0.18546377994740282,2024-09-14
2024-09-28,La Liga,Osasuna,Barcelona,H,0.1669816016118273,0.2801783660638113,0.5528400323243615,0.21721969676348096,0.24335138960720795,0.539428913629311,2024-09-14
2024-09-28,La Liga,Getafe,Alaves,H,0.42352345543001146,0.3500500957955774,0.2264264487744112,0.3771853394136218,0.35909157774433376,0.2637230828420446,2024-09-14
2024-09-28,La Liga,Vallecano,Leganes,D,0.5361939541539176,0.3313628305914886,0.13244321525459368,0.5113382593186553,0.31039702642346484,0.17826471425787982,2024-09-14
2024-09-29,La Liga,Celta,Girona,D,0.4001857975557611,0.27785853053391885,0.3219556719103199,0.37431394072447854,0.28540065861690445,0.3402854006586169,2024-09-14
2024-09-29,La Liga,Ath Bilbao,Sevilla,D,0.5178964665020932,0.31493229975308673,0.16717123374482032,0.5589958614993246,0.25503259463629663,0.18597154386437875,2024-09-14
2024-09-29,La Liga,Betis,Espanol,H,0.568538764134362,0.2690231401307566,0.16243809573488144,0.6447198033088776,0.23014820401806263,0.12513199267305977,2024-09-14
2024-09-29,La Liga,Ath Madrid,Real Madrid,D,0.4095231077718774,0.30710912358475184,0.28336776864337065,0.34243910031909097,0.3039147015331932,0.35364619814771575,2024-09-14
2024-09-30,La Liga,Villarreal,Las Palmas,H,0.658958326272763,0.2338553349623004,0.10718633876493659,0.6442078208187995,0.2023131999265651,0.1534789792546356,2024-09-14
2024-10-04,La Liga,Leganes,Valencia,D,0.30074573498030194,0.3834476320282409,0.315806632991457,0.32476635514018687,0.3504672897196262,0.32476635514018687,2024-09-14
2024-10-05,La Liga,Espanol,Mallorca,H,0.4003584014421368,0.3489654470830387,0.25067615147482464,0.25689298622697565,0.3322950231400128,0.4108119906330116,2024-09-14
2024-10-05,La Liga,Getafe,Osasuna,D,0.462209791445177,0.35000999400147187,0.18778021455335137,0.4404764027314707,0.31916486886444273,0.2403587284040865,2024-09-14
2024-10-05,La Liga,Las Palmas,Celta,A,0.3049176126386627,0.3440526458003168,0.3510297415610207,0.2551190086899651,0.27303466941257504,0.4718463218974598,2024-09-14
2024-10-05,La Liga,Valladolid,Vallecano,A,0.2689602914653946,0.35506295493854395,0.3759767535960616,0.27708797152657016,0.329910762085147,0.39300126638828276,2024-09-14
2024-10-05,La Liga,Real Madrid,Villarreal,H,0.6888311466089057,0.19906350889077234,0.11210534450032204,0.7590132827324478,0.1469431202850928,0.0940435969824594,2024-09-14
2024-10-06,La Liga,Sociedad,Ath Madrid,D,0.3245687107833618,0.34291951155842193,0.33251177765821616,0.3372564414507208,0.3133990726021168,0.34934448594716244,2024-09-14
2024-10-06,La Liga,Sevilla,Betis,H,0.4127872149865456,0.32189477721429827,0.2653180077991561,0.35126286067168727,0.3012378093066792,0.34749933002163347,2024-09-14
2024-10-06,La Liga,Alaves,Barcelona,A,0.20690090063285554,0.28425597935669705,0.5088431200104473,0.19860460831036997,0.23345589774944928,0.5679394939401807,2024-09-14
2024-10-06,La Liga,Girona,Ath Bilbao,H,0.4327086287881515,0.3039256986843408,0.2633656725275077,0.4020041753653445,0.29302713987473905,0.3049686847599165,2024-09-14
2024-10-18,La Liga,Alaves,Valladolid,A,0.5908399453389834,0.2796778606444451,0.12948219401657132,0.5990439561772807,0.24568385038156826,0.15527219344115117,2024-10-18
2024-10-19,La Liga,Ath Bilbao,Espanol,H,0.6517436805928792,0.24425916630244673,0.10399715310467379,0.686880727110184,0.21008716382328835,0.1030321090665276,2024-10-18
2024-10-19,La Liga,Osasuna,Betis,A,0.3301193657052629,0.3465546994297817,0.32332593486495537,0.3991333581234396,0.3101545840194881,0.2907120578570724,2024-10-18
2024-10-19,La Liga,Girona,Sociedad,A,0.4664535516004517,0.28959931740474176,0.24394713099480636,0.34739299610894936,0.3039688715953307,0.3486381322957198,2024-10-18
2024-10-19,La Liga,Celta,Real Madrid,A,0.2331278828461511,0.30139055942583104,0.46548155772801797,0.1631195173409335,0.21472591331383947,0.6221545693452271,2024-10-18
2024-10-20,La Liga,Mallorca,Vallecano,H,0.39343010824621977,0.374443265172487,0.2321266265812932,0.4723866343616498,0.30794824898259443,0.2196651166557559,2024-10-18
2024-10-20,La Liga,Ath Madrid,Leganes,H,0.6880765728160312,0.24129068589492472,0.07063274128904413,0.6875330333603612,0.21074382109524117,0.10172314554439763,2024-10-18
2024-10-20,La Liga,Villarreal,Getafe,D,0.5501824925819053,0.2868449230455042,0.1629725843725902,0.5217963617755226,0.2780920438115966,0.20011159441288084,2024-10-18
2024-10-20,La Liga,Barcelona,Sevilla,H,0.7053199545793365,0.20102842436815282,0.09365162105251049,0.7479929227423295,0.15740797232261097,0.09459910493505935,2024-10-18
2024-10-21,La Liga,Valencia,Las Palmas,A,0.5279777122566884,0.30994094410795614,0.16208134363535548,0.5039369323576519,0.28690214733046254,0.20916092031188557,2024-10-18
2024-10-25,La Liga,Espanol,Sevilla,A,0.33079617868909994,0.31590760053947814,0.353296220771422,0.3150219943888331,0.3032454712341103,0.38173253437705656,2024-10-18
2024-10-26,La Liga,Real Madrid,Barcelona,A,0.4847573381343175,0.2741453987433216,0.24109726312236116,0.48800561355647665,0.2404320339961178,0.27156235244740573,2024-10-18
2024-10-26,La Liga,Las Palmas,Girona,H,0.25065484583668746,0.2891069813012605,0.4602381728620521,0.36471908040324563,0.3016812146545365,0.33359970494221786,2024-10-18
2024-10-26,La Liga,Vallecano,Alaves,H,0.45642834831103,0.3310568479965147,0.21251480369245518,0.4655241104781234,0.31385335190299285,0.22062253761888384,2024-10-18
2024-10-26,La Liga,Valladolid,Villarreal,A,0.19702739185018409,0.28732174608498157,0.5156508620648343,0.24241767617603044,0.27153488309102847,0.48604744073294104,2024-10-18
2024-10-27,La Liga,Leganes,Celta,H,0.3112621767047316,0.37091240990247276,0.3178254133927956,0.2511025979461095,0.2990052474004443,0.4498921546534462,2024-10-18
2024-10-27,La Liga,Getafe,Valencia,D,0.45053065229913697,0.34830264926568005,0.20116669843518303,0.45460498778034314,0.3366279148269669,0.20876709739268978,2024-10-18
2024-10-27,La Liga,Betis,Ath Madrid,H,0.3071515263692864,0.32482594830611977,0.3680225253245938,0.2685450990937302,0.29893093599424403,0.4325239649120257,2024-10-18
2024-10-27,La Liga,Sociedad,Osasuna,A,0.5550087944478105,0.3053953655587889,0.1395958399934008,0.5914487204127797,0.254586850781354,0.15396442880586647,2024-10-18
2024-10-28,La Liga,Mallorca,Ath Bilbao,D,0.30065750145935066,0.38692994901084665,0.31241254952980274,0.383047511948271,0.32175991003654764,0.29519257801518134,2024-10-18
2024-11-01,La Liga,Alaves,Mallorca,H,0.4023792294389721,0.36232380952095217,0.23529696104007564,0.40737560177698473,0.3322961393334449,0.2603282588895704,2024-10-18
2024-11-02,La Liga,Osasuna,Valladolid,H,0.54113566396586,0.31128442781054305,0.1475799082235969,0.5644991821835158,0.26456092462006736,0.17093989319641675,2024-10-18
2024-11-02,La Liga,Girona,Leganes,H,0.6246218646312016,0.2578423783337473,0.11753575703505113,0.5637098421092231,0.27083266157202895,0.16545749631874807,2024-10-18
2024-11-03,La Liga,Sevilla,Sociedad,A,0.3854187086290383,0.33974834787587266,0.2748329434950891,0.28296661951058,0.3080396111127833,0.4089937693766367,2024-10-18
2024-11-03,La Liga,Ath Bilbao,Betis,D,0.4902278581260241,0.3185033741936781,0.1912687676802976,0.5027817092021418,0.2756729257841289,0.22154536501372915,2024-10-18
2024-11-03,La Liga,Ath Madrid,Las Palmas,H,0.764575240469544,0.18176425801931326,0.05366050151114293,0.7215567081193028,0.17741027318896618,0.10103301869173101,2024-10-18
2024-11-03,La Liga,Barcelona,Espanol,H,0.834775838495447,0.12139799036918694,0.04382617113536618,0.8326983781430283,0.11363883748775444,0.05366278436921737,2024-10-18
2024-11-04,La Liga,Celta,Getafe,H,0.4465187067028924,0.3378790263559188,0.21560226694118884,0.45115121344119474,0.3248288736776602,0.22401991288114503,2024-10-18
2024-11-08,La Liga,Vallecano,Las Palmas,A,0.5619772686773924,0.2986179471947904,0.13940478412781726,0.5133464429871193,0.28452339508670244,0.20213016192617822,2024-10-18
2024-11-09,La Liga,Real Madrid,Osasuna,H,0.7417495069239389,0.19585879141843332,0.06239170165762763,0.769914124962985,0.1492448919159017,0.08084098312111342,2024-10-18
2024-11-09,La Liga,Villarreal,Alaves,H,0.6006581694767444,0.25140315916722844,0.14793867135602717,0.6140554170181601,0.23434965190548146,0.1515949310763583,2024-10-18
2024-11-09,La Liga,Leganes,Sevilla,H,0.30058720960178265,0.37440709976262765,0.3250056906355898,0.30512383008523597,0.3233704378644195,0.3715057320503445,2024-10-18
2024-11-10,La Liga,Betis,Celta,D,0.4885938103928106,0.3018578444960503,0.20954834511113912,0.4296481864720618,0.3004901426859819,0.26986167084195617,2024-10-18
2024-11-10,La Liga,Mallorca,Ath Madrid,A,0.23926601827282207,0.3589034018232657,0.4018305799039125,0.2725055859902231,0.3320289904385995,0.3954654235711775,2024-10-18
2024-11-10,La Liga,Getafe,Girona,A,0.374294530147194,0.31700365359078436,0.3087018162620218,0.37393086655673535,0.3375764767526083,0.2884926566906564,2024-10-18
2024-11-10,La Liga,Valladolid,Ath Bilbao,D,0.1850220291258828,0.3326635140740232,0.4823144568000939,0.20738775785141728,0.2897237930580993,0.5028884490904834,2024-10-18
2024-11-10,La Liga,Sociedad,Barcelona,H,0.29240736591287664,0.3097382805124394,0.397854353574684,0.23863462121928858,0.2568942624207645,0.5044711163599469,2024-10-18
2024-11-22,La Liga,Getafe,Valladolid,H,0.5814360428526112,0.3008875209676394,0.11767643617974946,0.5807164196533705,0.2770846916631796,0.14219888868344993,2024-11-22
2024-11-23,La Liga,Celta,Barcelona,D,0.242013798426782,0.286906077542639,0.47108012403057886,0.21921838812579209,0.22584592079006016,0.5549356910841479,2024-11-22
2024-11-23,La Liga,Las Palmas,Mallorca,A,0.28825231790505584,0.3806397776280424,0.3311079044669018,0.339012211477929,0.3243216823138854,0.33666610620818554,2024-11-22
2024-11-23,La Liga,Girona,Espanol,H,0.6587003577170084,0.2185439324024321,0.12275570988055967,0.5416308962229361,0.2656217271887824,0.19274737658828145,2024-11-22
2024-11-23,La Liga,Ath Madrid,Alaves,H,0.6942800081920782,0.2237905898599439,0.08192940194797785,0.6637697414837999,0.21975143368851424,0.11647882482768603,2024-11-22
2024-11-23,La Liga,Valencia,Betis,H,0.3466692608532322,0.3317517553658082,0.32157898378095967,0.3786357974943219,0.32009671038171295,0.30126749212396514,2024-11-22
2024-11-24,La Liga,Osasuna,Villarreal,D,0.3048635268451662,0.32245264194410284,0.37268383121073106,0.3660145086832271,0.2923719498790943,0.3416135414376786,2024-11-22
2024-11-24,La Liga,Sevilla,Vallecano,H,0.4596756056996806,0.3277310295209052,0.21259336477941418,0.4763461067080643,0.2944685023286216,0.22918539096331397,2024-11-22
2024-11-24,La Liga,Leganes,Real Madrid,A,0.12443955373600582,0.28827490806311845,0.5872855382008758,0.09569410727921113,0.18695451074625802,0.7173513819745307,2024-11-22
2024-11-24,La Liga,Ath Bilbao,Sociedad,H,0.42749153554791663,0.3513510700635203,0.22115739438856324,0.4004522087359528,0.3343982361609503,0.26514955510309685,2024-11-22
2024-11-29,La Liga,Mallorca,Valencia,H,0.4561225837365947,0.3558643065572484,0.1880131097061571,0.44152391480013575,0.3416739835379142,0.21680210166195005,2024-11-22
2024-11-30,La Liga,Barcelona,Las Palmas,A,0.8414221603395083,0.1241231383828603,0.03445470127763115,0.8561073562542854,0.10183171711235182,0.042060926633362715,2024-11-22
2024-11-30,La Liga,Alaves,Leganes,D,0.5172067514112041,0.32972009356447207,0.1530731550243239,0.5246405418703619,0.30714715267726883,0.1682123054523691,2024-11-22
2024-11-30,La Liga,Espanol,Celta,H,0.3508938655902649,0.32168491441677255,0.32742121999296253,0.25418306101427174,0.31505537983322357,0.4307615591525048,2024-11-22
2024-11-30,La Liga,Valladolid,Ath Madrid,A,0.12840619560075023,0.27714778610940344,0.5944460182898462,0.12175403718491216,0.2115376488508102,0.6667083139642777,2024-11-22
2024-12-01,La Liga,Sociedad,Betis,H,0.48861243212918065,0.3124008326950562,0.19898673517576307,0.5777499668263338,0.2574588711586846,0.1647911620149815,2024-11-22
2024-12-01,La Liga,Vallecano,Ath Bilbao,A,0.3300112840519928,0.36152298563789076,0.3084657303101164,0.2855210876993817,0.32346408938700727,0.3910148229136111,2024-11-22
2024-12-01,La Liga,Villarreal,Girona,D,0.5146123759855634,0.2556397428966556,0.22974788111778116,0.5364930870250181,0.24771747130491903,0.21578944167006278,2024-11-22
2024-12-01,La Liga,Real Madrid,Getafe,H,0.6719586625116173,0.2419948483267091,0.08604648916167378,0.7261067023496006,0.19054887616331467,0.0833444214870846,2024-11-22
2024-12-02,La Liga,Sevilla,Osasuna,D,0.5120341287702455,0.315852465202581,0.17211340602717323,0.49283378846288173,0.27979324589967636,0.22737296563744194,2024-11-22
2024-12-03,La Liga,Mallorca,Barcelona,A,0.21775469404384293,0.325457300167272,0.4567880057888853,0.16743057427878136,0.2341601509840928,0.598409274737126,2024-11-22
2024-12-04,La Liga,Ath Bilbao,Real Madrid,H,0.3117799191316154,0.3384716926415714,0.34974838822681303,0.2876633592595731,0.2802023499416015,0.4321342907988253,2024-11-22
2024-12-06,La Liga,Celta,Mallorca,H,0.43714044072774966,0.35263330401994863,0.2102262552523018,0.5108537001956461,0.29502189373000837,0.19412440607434553,2024-11-22
2024-12-07,La Liga,Las Palmas,Valladolid,H,0.47134886940723486,0.33065493085240255,0.1979961997403626,0.5887920370530192,0.2549408820229568,0.15626708092402403,2024-11-22
2024-12-07,La Liga,Betis,Barcelona,D,0.2740097365134458,0.2847472921207629,0.44124297136579144,0.16194661314423645,0.2009213167225174,0.6371320701332461,2024-11-22
2024-12-07,La Liga,Valencia,Vallecano,A,0.3866907025477294,0.34874947356246966,0.2645598238898009,0.44198541731417085,0.3167322208766045,0.24128236180922477,2024-11-22
2024-12-07,La Liga,Girona,Real Madrid,A,0.3075950413473067,0.2868637550012255,0.4055412036514678,0.2270934044562983,0.24178103758033753,0.5311255579633642,2024-11-22
2024-12-08,La Liga,Ath Madrid,Sevilla,H,0.6350341058465735,0.2529889662508233,0.11197692790260311,0.7027957780147843,0.1975271229450921,0.09967709904012356,2024-11-22
2024-12-08,La Liga,Leganes,Sociedad,A,0.20761615133182595,0.36651708148844825,0.4258667671797258,0.15537975458620099,0.31225354527419236,0.5323667001396066,2024-11-22
2024-12-08,La Liga,Ath Bilbao,Villarreal,H,0.46587466978959463,0.3084143984915684,0.22571093171883677,0.5195796029583495,0.2736940443752433,0.20672635266640715,2024-11-22
2024-12-08,La Liga,Osasuna,Alaves,D,0.417150227362423,0.34561546684263733,0.23723430579493957,0.4300355268351877,0.3155455489115338,0.25441892425327856,2024-11-22
2024-12-09,La Liga,Getafe,Espanol,H,0.5077167507244961,0.3192065219147086,0.1730767273607954,0.5250925907781545,0.31539652368168375,0.15951088554016188,2024-11-22
2024-12-13,La Liga,Valladolid,Valencia,H,0.30857010907912286,0.35342320046786885,0.3380066904530081,0.29032429518378755,0.30778050280559754,0.401895202010615,2024-11-22
2024-12-14,La Liga,Vallecano,Real Madrid,D,0.22594069578731782,0.316449384396544,0.45760991981613836,0.14874907938491755,0.22554511571852615,0.6257058048965565,2024-11-22
2024-12-14,La Liga,Sevilla,Celta,H,0.4474424496860529,0.3198420920157912,0.23271545829815585,0.377217708506052,0.29945282706018905,0.32332946443375893,2024-11-22
2024-12-14,La Liga,Espanol,Osasuna,D,0.4186567138407554,0.3323109839661586,0.24903230219308606,0.350239948976814,0.3081224867580831,0.3416375642651027,2024-11-22
2024-12-14,La Liga,Mallorca,Girona,H,0.3680279914562763,0.3401148570952848,0.2918571514484389,0.34889148191365227,0.32555425904317387,0.32555425904317387,2024-11-22
2024-12-15,La Liga,Ath Madrid,Getafe,H,0.6254760990829322,0.27256875349469983,0.10195514742236794,0.7362885048835462,0.19534184823441023,0.06836964688204358,2024-11-22
2024-12-15,La Liga,Alaves,Ath Bilbao,D,0.29404528045690836,0.35585300902631817,0.35010171051677363,0.23933932968120725,0.325789656121242,0.4348710141975507,2024-11-22
2024-12-15,La Liga,Sociedad,Las Palmas,D,0.6588887986638947,0.2519602170394996,0.08915098429660559,0.7221401491554384,0.19199757933894596,0.08586227150561558,2024-11-22
2024-12-15,La Liga,Villarreal,Betis,A,0.5216488199925374,0.2704218212334677,0.20792935877399485,0.5024248078780706,0.2627858751232185,0.23478931699871092,2024-11-22
2024-12-15,La Liga,Barcelona,Leganes,A,0.821491003367484,0.14402583459962007,0.034483162032895975,0.8714480439958834,0.08636672578887773,0.04218523021523902,2024-11-22
2024-12-18,La Liga,Espanol,Valencia,D,0.41356627613470687,0.32658944744936136,0.2598442764159316,0.3730326195994327,0.33806081151198586,0.2889065688885814,2024-11-22
2024-12-18,La Liga,Villarreal,Vallecano,D,0.5611107594844655,0.2740345404641724,0.16485470005136182,0.550561797752809,0.2516853932584269,0.19775280898876402,2024-11-22
2024-12-20,La Liga,Girona,Valladolid,H,0.7322429124658442,0.19181722226158396,0.07593986527257196,0.7072135661878322,0.1930044991389104,0.09978193467325747,2024-11-22
2024-12-21,La Liga,Barcelona,Ath Madrid,A,0.524435471960422,0.2747984349119673,0.20076609312761062,0.47426971315296085,0.2678382677585591,0.25789201908848003,2024-11-22
2024-12-21,La Liga,Osasuna,Ath Bilbao,A,0.27881919247900233,0.36531334436758517,0.3558674631534124,0.21171775875517643,0.3165421865427556,0.4717400547020678,2024-11-22
2024-12-21,La Liga,Getafe,Mallorca,A,0.3883731458453476,0.3904994325150668,0.22112742163958557,0.4019669551534225,0.3712824547600314,0.22675059008654602,2024-11-22
2024-12-21,La Liga,Celta,Sociedad,H,0.3648928803991411,0.3441041582365081,0.29100296136435105,0.35248698150475855,0.32537259831208476,0.3221404201831568,2024-11-22
2024-12-22,La Liga,Valencia,Alaves,D,0.43404629664812944,0.3345760271790064,0.2313776761728644,0.4588869293949848,0.3083603251666936,0.23275274543832158,2024-12-22
2024-12-22,La Liga,Real Madrid,Sevilla,H,0.6922863188192504,0.22112977976939735,0.08658390141135222,0.7719900439396525,0.1448930262649498,0.08311692979539757,2024-12-22
2024-12-22,La Liga,Las Palmas,Espanol,H,0.4039022719678034,0.3339006170075801,0.2621971110246167,0.45675364118816403,0.2943214952337106,0.2489248635781254,2024-12-22
2024-12-22,La Liga,Leganes,Villarreal,A,0.19016347115983495,0.31816787909772837,0.4916686497424366,0.22238470846301672,0.2714584290456377,0.5061568624913454,2024-12-22
2024-12-22,La Liga,Betis,Vallecano,D,0.49936531055233413,0.30429536737906104,0.1963393220686046,0.5535852496517087,0.265354913056191,0.18105983729210023,2024-12-22
2025-01-03,La Liga,Valencia,Real Madrid,A,0.1807695784498998,0.29913785793885045,0.52009256361125,0.12961582426320759,0.19800208737140298,0.6723820883653893,2024-12-22
2025-01-10,La Liga,Vallecano,Celta,H,0.4012365486559656,0.33677761944051793,0.26198583190351643,0.3342489737953038,0.30683423146508965,0.3589167947396067,2024-12-22
2025-01-11,La Liga,Espanol,Leganes,D,0.5005065640071161,0.33042405844647843,0.1690693775464055,0.45159941459335146,0.3236462471252352,0.2247543382814133,2024-12-22
2025-01-11,La Liga,Alaves,Girona,A,0.33438017393111774,0.3145244377172624,0.35109538835161996,0.2996733337153992,0.3091867728809674,0.3911398934036334,2024-12-22
2025-01-11,La Liga,Valladolid,Betis,H,0.2127592454694305,0.3216159083519883,0.46562484617858135,0.19046672474173165,0.26686271873154704,0.5426705565267214,2024-12-22
2025-01-11,La Liga,Sevilla,Valencia,D,0.4859125729003398,0.32151371640025805,0.19257371069940193,0.45416070513839574,0.30467207178563227,0.24116722307597194,2024-12-22
2025-01-12,La Liga,Ath Madrid,Osasuna,H,0.6979577975602548,0.22758589293429973,0.07445630950544575,0.7279498899610631,0.18198747249026578,0.09006263754867107,2024-12-22
2025-01-12,La Liga,Las Palmas,Getafe,A,0.3194728458688588,0.37805183118512076,0.3024753229460204,0.37882127601355975,0.34770381405530304,0.2734749099311372,2024-12-22
2025-01-13,La Liga,Sociedad,Villarreal,H,0.44512764451876763,0.31418024927878313,0.24069210620244927,0.4832834880625375,0.2832069419841691,0.2335095699532933,2024-12-22
2025-01-17,La Liga,Espanol,Valladolid,H,0.5352615787952887,0.30209390476870435,0.162644516436007,0.5331239409844195,0.28205975947431505,0.18481629954126547,2024-12-22
2025-01-18,La Liga,Girona,Sevilla,A,0.5254565754672674,0.28455393578837984,0.1899894887443526,0.5058978907433543,0.2728438062436068,0.22125830301303878,2024-12-22
2025-01-18,La Liga,Leganes,Ath Madrid,H,0.12463516754115098,0.30582363602125534,0.5695411964375934,0.1322574147741578,0.23498162042398915,0.6327609648018531,2024-12-22
2025-01-18,La Liga,Betis,Alaves,A,0.5536230123503224,0.2834843549315208,0.16289263271815674,0.52197334320622,0.27660125879303965,0.20142539800074047,2024-12-22
2025-01-18,La Liga,Getafe,Barcelona,D,0.2015632940541211,0.30366996726056167,0.4947667386853173,0.13343960731238633,0.21198502168225924,0.6545753710053546,2024-12-22
2025-01-19,La Liga,Celta,Ath Bilbao,A,0.3607513846531354,0.3524856063130081,0.28676300903385665,0.27869427345644465,0.30206304793881733,0.4192426786047379,2024-12-22
2025-01-19,La Liga,Real Madrid,Las Palmas,H,0.8029241690944153,0.15633205051876967,0.04074378038681493,0.8377336290135233,0.10985104599379154,0.05241532499268508,2024-12-22
2025-01-19,La Liga,Osasuna,Vallecano,D,0.3519550760528168,0.3600528044790732,0.28799211946810993,0.4171972736212008,0.30664657651022015,0.27615614986857895,2024-12-22
2025-01-19,La Liga,Valencia,Sociedad,H,0.2957816147543719,0.36199590460662706,0.34222248063900096,0.30034891835310534,0.33789253314724355,0.3617585484996511,2024-12-22
2025-01-20,La Liga,Villarreal,Mallorca,H,0.5443678784849909,0.2944135840470727,0.16121853746793624,0.5582771823638583,0.2618335033188985,0.17988931431724323,2024-12-22
2025-01-24,La Liga,Las Palmas,Osasuna,D,0.3572811568927376,0.3617380792135837,0.2809807638936786,0.38733187519460005,0.3000626564007549,0.31260546840464504,2025-01-24
2025-01-25,La Liga,Valladolid,Real Madrid,A,0.09992443396514163,0.24117415546004678,0.6589014105748117,0.07227472691749673,0.14210486748337223,0.785620405599131,2025-01-24
2025-01-25,La Liga,Sevilla,Espanol,D,0.5737571330417878,0.2796407450153626,0.14660212194284963,0.5432756789782233,0.267160292684346,0.18956402833743075,2025-01-24
2025-01-25,La Liga,Mallorca,Betis,A,0.36632675770998613,0.35602505509177096,0.2776481871982428,0.45882836025184776,0.3220914316999727,0.21908020804817957,2025-01-24
2025-01-25,La Liga,Ath Madrid,Villarreal,D,0.5692368136788865,0.2629524292988088,0.16781075702230477,0.4758826454500248,0.2789656887120835,0.24515166583789158,2025-01-24
2025-01-26,La Liga,Vallecano,Girona,H,0.38135260529036075,0.3152383285162177,0.3034090661934215,0.3849404312265377,0.3172310394147037,0.2978285293587585,2025-01-24
2025-01-26,La Liga,Sociedad,Getafe,A,0.5165489513959105,0.336140279202863,0.14731076940122648,0.49499393389786894,0.32666266344775186,0.17834340265437923,2025-01-24
2025-01-26,La Liga,Ath Bilbao,Leganes,D,0.6792535909606727,0.24949578924727417,0.071250619792053,0.7078440944477274,0.20415713881966033,0.08799876673261221,2025-01-24
2025-01-26,La Liga,Barcelona,Valencia,H,0.7656755809374647,0.16865022068578658,0.06567419837674869,0.7819263005441517,0.14397744755528544,0.0740962519005629,2025-01-24
2025-01-27,La Liga,Alaves,Celta,D,0.36970967375135194,0.33723053643269757,0.2930597898159505,0.419171477888221,0.3106957919171478,0.2701327301946313,2025-01-24
2025-01-31,La Liga,Leganes,Vallecano,A,0.2595198481980992,0.36011784511606665,0.3803623066858337,0.2828325789105933,0.32004739192514503,0.39712002916426153,2025-01-24
2025-02-01,La Liga,Espanol,Real Madrid,H,0.1261239637034544,0.2436863757908548,0.6301896605056906,0.09347440553028749,0.16232551967088515,0.7442000747988273,2025-01-24
2025-02-01,La Liga,Getafe,Sevilla,D,0.3567761569959552,0.3659620024668027,0.2772618405372421,0.3485838779956427,0.3376906318082789,0.3137254901960785,2025-01-24
2025-02-01,La Liga,Villarreal,Valladolid,H,0.7323833722009622,0.19491615516447258,0.07270047263456533,0.8064834260165228,0.13095806647088326,0.06255850751259387,2025-01-24
2025-02-01,La Liga,Ath Madrid,Mallorca,H,0.6212548876955729,0.277973575577201,0.10077153672722608,0.6510116467450173,0.2304055471852912,0.11858280606969143,2025-01-24
2025-02-02,La Liga,Osasuna,Sociedad,H,0.26533032762375697,0.3743523529588279,0.360317319417415,0.2950148738308632,0.3171169653556511,0.3878681608134856,2025-01-24
2025-02-02,La Liga,Betis,Ath Bilbao,D,0.3578184570472746,0.3444196479541973,0.2977618949985281,0.30328532494041716,0.29772045659288654,0.39899421846669636,2025-01-24
2025-02-02,La Liga,Barcelona,Alaves,H,0.7500953727888103,0.17637064987966022,0.07353397733152943,0.8354108099506711,0.11075160451917467,0.05383758553015435,2025-01-24
2025-02-02,La Liga,Valencia,Celta,H,0.3480581524061912,0.34135800337408884,0.3105838442197199,0.425049495094732,0.30900423611648764,0.26594626878878036,2025-01-24
2025-02-03,La Liga,Girona,Las Palmas,H,0.6563525769223788,0.2329610985552703,0.11068632452235094,0.6474219971032756,0.21203777197705534,0.14054023091966908,2025-01-24
2025-02-07,La Liga,Vallecano,Valladolid,H,0.5758978363245661,0.2929822848072781,0.13111987886815551,0.6775329816389178,0.21772408174014662,0.10474293662093541,2025-01-24
2025-02-08,La Liga,Celta,Betis,H,0.43909285662887837,0.31314648153312286,0.24776066183799872,0.4459844409740298,0.28764676962230323,0.2663687894036671,2025-01-24
2025-02-08,La Liga,Ath Bilbao,Girona,H,0.49969399481671417,0.30485688119969995,0.19544912398358577,0.5490361663808628,0.2633588115160237,0.1876050221031134,2025-01-24
2025-02-08,La Liga,Las Palmas,Villarreal,A,0.21478157985501242,0.2925468375045145,0.49267158264047317,0.17188237104533563,0.2323290422024274,0.595788586752237,2025-01-24
2025-02-08,La Liga,Real Madrid,Ath Madrid,D,0.5014064356035742,0.29532843179024976,0.20326513260617576,0.49164063442691086,0.2561706463592851,0.25218871921380404,2025-01-24
2025-02-09,La Liga,Alaves,Getafe,A,0.42574918847344434,0.3535856704841195,0.22066514104243634,0.4125451557530351,0.34748427097477863,0.23997057327218624,2025-01-24
2025-02-09,La Liga,Valencia,Leganes,H,0.5454151276577501,0.3114294722578525,0.14315540008439695,0.5454652479565866,0.28389711735752166,0.17063763468589174,2025-01-24
2025-02-09,La Liga,Sociedad,Espanol,H,0.625162831037367,0.2661045789881042,0.10873258997452898,0.5951008611509245,0.2628765321615195,0.14202260668755592,2025-01-24
2025-02-09,La Liga,Sevilla,Barcelona,A,0.2340687538142376,0.28442698326081245,0.48150426292494997,0.14937641838018456,0.194578500896032,0.6560450807237835,2025-01-24
2025-02-10,La Liga,Mallorca,Osasuna,D,0.4507966942549471,0.36490065228377405,0.18430265346127894,0.42252937826784703,0.3155251850701455,0.26194543666200754,2025-01-24
2025-02-14,La Liga,Girona,Getafe,A,0.5345380154572247,0.29844787281475404,0.16701411172802144,0.500094736443215,0.30508924172950846,0.19481602182727645,2025-01-24
2025-02-15,La Liga,Villarreal,Valencia,D,0.6228971560911178,0.24645012041075348,0.13065272349812843,0.5614102372485598,0.24588347099747043,0.1927062917539699,2025-01-24
2025-02-15,La Liga,Ath Madrid,Celta,D,0.6149794515168269,0.26229385840336533,0.12272669007980795,0.693717384534568,0.1986102941407761,0.10767232132465579,2025-01-24
2025-02-15,La Liga,Leganes,Alaves,D,0.2746138030983195,0.35918136815338175,0.36620482874829874,0.24706053975200581,0.33336250911743254,0.41957695113056165,2025-01-24
2025-02-15,La Liga,Osasuna,Real Madrid,D,0.1497613331973206,0.29189509940840824,0.558343567394271,0.14409089003479647,0.19720789837756258,0.6587012115876411,2025-01-24
2025-02-16,La Liga,Espanol,Ath Bilbao,D,0.2208367017622022,0.33512910319203326,0.4440341950457645,0.1757077439591801,0.2784137031788727,0.5458785528619472,2025-01-24
2025-02-16,La Liga,Valladolid,Sevilla,A,0.2561802439532259,0.34780808550681264,0.39601167053996134,0.22632439830423604,0.2870781453416563,0.4865974563541075,2025-01-24
2025-02-16,La Liga,Mallorca,Las Palmas,H,0.5218717347852412,0.3287574308259468,0.14937083438881213,0.5259668508287293,0.2861878453038674,0.18784530386740333,2025-01-24
2025-02-16,La Liga,Betis,Sociedad,H,0.38567382301494585,0.34128021892549204,0.2730459580595623,0.4018497847233296,0.30872269175570083,0.28942752352096957,2025-01-24
2025-02-17,La Liga,Barcelona,Vallecano,H,0.7299524415893934,0.18872284449688295,0.0813247139137236,0.7967287343121976,0.12922811910425724,0.07404314658354524,2025-01-24
2025-02-21,La Liga,Celta,Osasuna,H,0.5306699565738234,0.3121754360961341,0.15715460733004238,0.5642276781771616,0.25538726485913626,0.18038505696370222,2025-01-24
2025-02-22,La Liga,Las Palmas,Barcelona,A,0.12316873941283905,0.22935069674684427,0.6474805638403166,0.0851005254381273,0.1380140326589686,0.7768854419029041,2025-01-24
2025-02-22,La Liga,Alaves,Espanol,A,0.5299221068437703,0.29580007268435754,0.17427782047187218,0.5154841285447839,0.30863380944719543,0.17588206200802065,2025-01-24
2025-02-22,La Liga,Vallecano,Villarreal,A,0.3293255113134738,0.31353456779216454,0.35713992089436164,0.34509834228525055,0.2931257003748213,0.3617759573399281,2025-01-24
2025-02-22,La Liga,Valencia,Ath Madrid,A,0.20236122824611863,0.3184317882746435,0.47920698347923774,0.23497149856970848,0.30399437627456033,0.4610341251557313,2025-01-24
2025-02-23,La Liga,Sociedad,Leganes,H,0.6402468312351082,0.26872501875818516,0.0910281500067066,0.5914321860991192,0.25865300938734814,0.14991480451353253,2025-02-23
2025-02-23,La Liga,Getafe,Betis,A,0.34601922326563006,0.35482181224273157,0.29915896449163837,0.3191858014766714,0.33802663003605826,0.3427875684872704,2025-02-23
2025-02-23,La Liga,Ath Bilbao,Valladolid,H,0.7000231770337035,0.23321926910459187,0.06675755386170465,0.8177357804833728,0.12865709612938397,0.05360712338724332,2025-02-23
2025-02-23,La Liga,Real Madrid,Girona,H,0.7177289160125057,0.18978416168501366,0.09248692230248079,0.7522338122182841,0.1502120561059912,0.0975541316757248,2025-02-23
2025-02-24,La Liga,Sevilla,Mallorca,D,0.43291345348606264,0.3612675904328677,0.20581895608106973,0.4914026732621165,0.29044098300268373,0.21815634373519968,2025-02-23
2025-02-28,La Liga,Valladolid,Las Palmas,D,0.38064078865984635,0.3529688461605977,0.26639036517955617,0.31816596526308444,0.3130507568183403,0.3687832779185751,2025-02-23
2025-03-01,La Liga,Girona,Celta,D,0.4582632569407156,0.2982366558199681,0.24350008723931627,0.44645903590557434,0.28541955961118826,0.2681214044832375,2025-02-23
2025-03-01,La Liga,Vallecano,Sevilla,D,0.41823182725589964,0.33834785842583576,0.24342031431826466,0.36585024927392173,0.322238961281004,0.3119107894450743,2025-02-23
2025-03-01,La Liga,Betis,Real Madrid,H,0.24568326968050141,0.29550977538347134,0.4588069549360273,0.2531052959164344,0.2584905149784862,0.4884041891050794,2025-02-23
2025-03-01,La Liga,Ath Madrid,Ath Bilbao,H,0.5011513386193331,0.3213821892532752,0.1774664721273919,0.4463152395676699,0.2966445701053999,0.2570401903269303,2025-02-23
2025-03-02,La Liga,Leganes,Getafe,H,0.2847665356243519,0.37963582552987285,0.33559763884577526,0.30831654810278375,0.3568792278405849,0.33480422405663124,2025-02-23
2025-03-02,La Liga,Barcelona,Sociedad,H,0.6355549483052366,0.24594781120950576,0.1184972404852579,0.7650309478703946,0.15497411484191273,0.0799949372876927,2025-02-23
2025-03-02,La Liga,Mallorca,Alaves,D,0.39755168152338505,0.37414011583036466,0.2283082026462501,0.3788976149479045,0.34047792671892124,0.28062445833317423,2025-02-23
2025-03-02,La Liga,Osasuna,Valencia,D,0.3978748127944911,0.35081551009599765,0.2513096771095114,0.43573327110777293,0.3065252979717141,0.25774143092051294,2025-02-23
2025-03-08,La Liga,Alaves,Villarreal,H,0.3147813124729841,0.3220961471486773,0.3631225403783387,0.3119062307217767,0.307958050586058,0.3801357186921654,2025-02-23
2025-03-08,La Liga,Valencia,Valladolid,H,0.560904914001054,0.29995499142169896,0.1391400945772467,0.6834881857114059,0.20782724276449602,0.10868457152409815,2025-02-23
2025-03-08,La Liga,Celta,Leganes,H,0.6220342224573735,0.2694197085421933,0.10854606900043283,0.616759274187139,0.23850050750586416,0.14474021830699674,2025-02-23
2025-03-09,La Liga,Getafe,Ath Madrid,H,0.21404889330288124,0.34827411491746724,0.43767699177965147,0.19162268721650247,0.301375619523168,0.5070016932603295,2025-02-23
2025-03-09,La Liga,Real Madrid,Vallecano,H,0.7135355605565753,0.20627511384104602,0.08018932560237874,0.7447676413403987,0.1635469482673173,0.09168541039228395,2025-02-23
2025-03-09,La Liga,Ath Bilbao,Mallorca,D,0.5276385716470909,0.3356429467780616,0.13671848157484756,0.5579659129979206,0.2734818841172907,0.16855220288478853,2025-02-23
2025-03-09,La Liga,Betis,Las Palmas,H,0.6357136035903895,0.25140424793628946,0.11288214847332112,0.7235830232718149,0.1819139308037959,0.0945030459243891,2025-02-23
2025-03-09,La Liga,Sociedad,Sevilla,A,0.476703090455786,0.33688450481489424,0.18641240472931966,0.38734437604580835,0.31981394206413777,0.2928416818900539,2025-02-23
2025-03-10,La Liga,Espanol,Girona,D,0.302120560398427,0.30449522629758957,0.3933842133039835,0.2696288226597152,0.3090031904131974,0.4213679869270874,2025-02-23
2025-03-14,La Liga,Las Palmas,Alaves,D,0.30788732602559316,0.3568999560334673,0.33521271794093954,0.33571891267530884,0.32025817327578804,0.34402291404890306,2025-02-23
2025-03-15,La Liga,Valladolid,Celta,A,0.23139838513765512,0.3399628946476155,0.42863872021472954,0.20162049568103182,0.2524183868006684,0.5459611175182997,2025-02-23
2025-03-15,La Liga,Mallorca,Espanol,H,0.4981220473787556,0.3336685470871736,0.16820940553407104,0.521664719784847,0.2913802939338785,0.18695498628127463,2025-02-23
2025-03-15,La Liga,Villarreal,Real Madrid,A,0.3082457326116329,0.2890508982954878,0.4027033690928793,0.30384930384930386,0.2620802620802621,0.43407043407043405,2025-02-23
2025-03-15,La Liga,Girona,Valencia,D,0.5338868094326283,0.2819776540923564,0.184135536475015,0.4959368993172931,0.27151852588321074,0.2325445747994963,2025-02-23
2025-03-16,La Liga,Vallecano,Sociedad,D,0.3484133001640251,0.3588570559606323,0.2927296438753426,0.3980731400131654,0.33471201738131207,0.26721484260552264,2025-02-23
2025-03-16,La Liga,Osasuna,Getafe,A,0.37378580199921857,0.3749424505319473,0.251271747468834,0.3970270647163689,0.3342667726993484,0.26870616258428287,2025-02-23
2025-03-16,La Liga,Ath Madrid,Barcelona,A,0.41062217760206865,0.2956903514537424,0.29368747094418896,0.3127764442897191,0.25870604833537936,0.4285175073749015,2025-02-23
2025-03-16,La Liga,Leganes,Betis,A,0.23477631831600232,0.32754332806667674,0.43768035361732094,0.24006854650257048,0.2902321233837046,0.4696993301137249,2025-02-23
2025-03-16,La Liga,Sevilla,Ath Bilbao,A,0.3104295559263931,0.3640955106785623,0.3254749333950445,0.3674535393772184,0.3224343971356387,0.31011206348714293,2025-02-23
2025-03-27,La Liga,Barcelona,Osasuna,H,0.7846876977634002,0.16285756073648233,0.05245474150011747,0.8171448654866126,0.12441689564828423,0.0584382388651032,2025-03-27
2025-03-29,La Liga,Real Madrid,Leganes,H,0.8238991549586179,0.14281399290466992,0.03328685213671239,0.8024051837750769,0.1295943769219505,0.06800043930297262,2025-03-27
2025-03-29,La Liga,Alaves,Vallecano,A,0.38393791199676247,0.346670335284937,0.26939175271830035,0.45673461161573686,0.31382087830371597,0.22944451008054703,2025-03-27
2025-03-29,La Liga,Sociedad,Valladolid,H,0.6496303692724099,0.2626178152710253,0.08775181545656471,0.7034229133917643,0.19891877468865463,0.09765831191958095,2025-03-27
2025-03-29,La Liga,Espanol,Ath Madrid,D,0.1480996376356316,0.2853646695067174,0.566535692857651,0.16548826777995965,0.2606885078469257,0.5738232243731146,2025-03-27
2025-03-30,La Liga,Getafe,Villarreal,A,0.2826865049328863,0.339966966331796,0.37734652873531765,0.29080525500562393,0.3082903810977342,0.400904363896642,2025-03-27
2025-03-30,La Liga,Barcelona,Girona,H,0.7389145817856282,0.1750042110170224,0.08608120719734912,0.7448783209775318,0.15179984740300412,0.10332183161946408,2025-03-27
2025-03-30,La Liga,Ath Bilbao,Osasuna,D,0.6072909534452801,0.2850540969157154,0.1076549496390047,0.6438212280913271,0.22406771279280532,0.13211105911586743,2025-03-27
2025-03-30,La Liga,Valencia,Mallorca,H,0.38228493651168516,0.3699728008064393,0.2477422626818756,0.4837973165082132,0.30106272637198406,0.21513995711980274,2025-03-27
2025-03-30,La Liga,Betis,Sevilla,H,0.5066167465150022,0.3028953604197895,0.19048789306520836,0.5449687460282615,0.27096211394701264,0.18406914002472588,2025-03-27
2025-03-31,La Liga,Celta,Las Palmas,D,0.611068600909422,0.274911614189797,0.11401978490078099,0.6024972059829705,0.23716882680503243,0.1603339672119971,2025-03-27
2025-04-04,La Liga,Vallecano,Espanol,A,0.5853566884357705,0.2812667933244294,0.13337651823980004,0.5783312501905314,0.26546352467762097,0.1562052251318477,2025-03-27
2025-04-05,La Liga,Girona,Alaves,A,0.5128397086640675,0.2962096467428113,0.19095064459312105,0.4648308000796482,0.2935034356998383,0.24166576422051364,2025-03-27
2025-04-05,La Liga,Real Madrid,Valencia,A,0.7278034810976648,0.20203296299282864,0.07016355590950647,0.7567645782086528,0.1513529156417306,0.09188250614961656,2025-03-27
2025-04-05,La Liga,Mallorca,Celta,A,0.36831500632507946,0.36863984998903393,0.26304514368588666,0.3322838252821443,0.3071266902450103,0.36058948447284545,2025-03-27
2025-04-05,La Liga,Barcelona,Betis,D,0.6986795952123314,0.19968804147283636,0.10163236331483246,0.7018298819574927,0.17047995359605764,0.12769016444644954,2025-03-27
2025-04-06,La Liga,Villarreal,Ath Bilbao,D,0.4226057612533226,0.320650832692635,0.2567434060540426,0.4160942760942761,0.2915151515151515,0.29239057239057237,2025-03-27
2025-04-06,La Liga,Valladolid,Getafe,A,0.27759076759115336,0.37383233927906895,0.34857689312977774,0.20845055470035567,0.31538298211157706,0.4761664631880673,2025-03-27
2025-04-06,La Liga,Las Palmas,Sociedad,A,0.22658025285658534,0.3608908375150524,0.4125289096283622,0.2929940146843764,0.29656711242442974,0.41043887289119385,2025-03-27
2025-04-06,La Liga,Sevilla,Ath Madrid,A,0.2476648351421114,0.332626837386052,0.41970832747183656,0.2654593218224645,0.3007991076997586,0.43374157047777684,2025-03-27
2025-04-07,La Liga,Leganes,Osasuna,D,0.32249644194150867,0.3676638033856991,0.30983975467279234,0.35247687082796586,0.32645508841784754,0.32106804075418666,2025-03-27
2025-04-11,La Liga,Valencia,Sevilla,H,0.39482792888297347,0.3465999049500466,0.2585721661669799,0.4008970743144517,0.3183594413673587,0.2807434843181895,2025-03-27
2025-04-12,La Liga,Sociedad,Mallorca,A,0.45768864567478823,0.36323829606408886,0.17907305826112296,0.47143557281367066,0.3153208421442257,0.2132435850421038,2025-03-27
2025-04-12,La Liga,Getafe,Las Palmas,A,0.5103772896363675,0.3356647753696849,0.1539579349939476,0.5664456244108002,0.26683802141665797,0.1667163541725419,2025-03-27
2025-04-12,La Liga,Celta,Espanol,A,0.6111202390913828,0.2700659874731637,0.11881377343545349,0.5848351178166481,0.25281934780615517,0.16234553437719662,2025-03-27
2025-04-12,La Liga,Leganes,Barcelona,A,0.09704297258646238,0.22469273948480792,0.6782642879287301,0.09082957147817831,0.14649037595108635,0.7626800525707353,2025-03-27
2025-04-13,La Liga,Osasuna,Girona,H,0.34308948038128884,0.32987472796274814,0.327035791655963,0.37461874058916644,0.31118489633604884,0.3141963630747848,2025-03-27
2025-04-13,La Liga,Alaves,Real Madrid,A,0.18353205901114697,0.3011058007122528,0.5153621402766003,0.18579360692671787,0.2514245953475844,0.5627817977256977,2025-03-27
2025-04-13,La Liga,Betis,Villarreal,A,0.4020056289568794,0.29540624369995067,0.30258812734316975,0.4419779323997788,0.2786107310256485,0.2794113365745728,2025-03-27
2025-04-13,La Liga,Ath Bilbao,Vallecano,H,0.5459678608551315,0.3072659715750493,0.14676616756981925,0.5256563508683303,0.29558183863416754,0.17876181049750206,2025-03-27
2025-04-14,La Liga,Ath Madrid,Valladolid,H,0.7960899839687976,0.16244683176856828,0.041463184262634054,0.8624151114680259,0.10076639723468514,0.036818491297288806,2025-03-27
2025-04-18,La Liga,Espanol,Getafe,H,0.31524857403160067,0.3710653490428838,0.31368607692551553,0.33821484845676153,0.36481601631291133,0.2969691352303272,2025-03-27
2025-04-19,La Liga,Las Palmas,Ath Madrid,H,0.14195679047344298,0.2905768832317754,0.5674663262947816,0.16613068377695564,0.24940956124869432,0.58445975497435,2025-03-27
2025-04-19,La Liga,Mallorca,Leganes,D,0.5444981484365076,0.3242583281255708,0.1312435234379216,0.5270517272893438,0.3068908791811369,0.1660573935295193,2025-03-27
2025-04-19,La Liga,Vallecano,Valencia,D,0.46827849858240483,0.3278184430677667,0.20390305834982855,0.39598861273807395,0.3132257194005344,0.2907856678613916,2025-03-27
2025-04-19,La Liga,Barcelona,Celta,H,0.7041345552872857,0.20519283167698588,0.09067261303572818,0.769920366220018,0.13709408230413428,0.09298555147584758,2025-03-27
2025-04-20,La Liga,Valladolid,Osasuna,A,0.30788074665419984,0.35844307333299175,0.3336761800128084,0.18976342994862685,0.2592757024164393,0.5509608676349337,2025-03-27
2025-04-20,La Liga,Villarreal,Sociedad,D,0.49465452269232985,0.3091580853773399,0.19618739193033005,0.5853155679124934,0.23640482791599485,0.1782796041715117,2025-03-27
2025-04-20,La Liga,Sevilla,Alaves,D,0.4520861269640007,0.3356954622205647,0.2122184108154345,0.44849573354876515,0.32879585871649336,0.2227084077347415,2025-03-27
2025-04-20,La Liga,Real Madrid,Ath Bilbao,H,0.5497554813025237,0.2943192442542169,0.15592527444325918,0.6719859016022375,0.20720764417713536,0.12080645422062698,2025-03-27
2025-04-21,La Liga,Girona,Betis,A,0.42961588682303176,0.2968273013632913,0.2735568118136772,0.3729975976919452,0.28300108429534215,0.34400131801271266,2025-03-27
2025-04-22,La Liga,Valencia,Espanol,D,0.537439243779848,0.30415926293510875,0.15840149328504327,0.47196051429584285,0.3019374718787069,0.2261020138254503,2025-03-27
2025-04-22,La Liga,Barcelona,Mallorca,H,0.7132277117455794,0.21221510128709206,0.07455718696732842,0.7470933578911017,0.16461379072176818,0.08829285138713021,2025-03-27
2025-04-23,La Liga,Getafe,Real Madrid,A,0.1778412351869921,0.3223075097348174,0.49985125507819067,0.1574319081630623,0.25123848556592326,0.5913296062710145,2025-03-27
2025-04-23,La Liga,Ath Bilbao,Las Palmas,H,0.6906383498422094,0.23770127582759717,0.07166037433019337,0.6981996840883284,0.1919353713230863,0.10986494458858531,2025-03-27
2025-04-23,La Liga,Celta,Villarreal,H,0.36549977685161367,0.31450329234429936,0.319996930804087,0.4037927948928107,0.2718269932099648,0.3243802118972246,2025-03-27
2025-04-23,La Liga,Alaves,Sociedad,H,0.3228286780515152,0.3707529497535841,0.3064183721949006,0.4075908762930922,0.3225636405100962,0.26984548319681173,2025-03-27
2025-04-24,La Liga,Betis,Valladolid,H,0.6913095073346767,0.22309737147190212,0.08559312119342136,0.8262550696618824,0.1176056486015088,0.05613928173660873,2025-03-27
2025-04-24,La Liga,Ath Madrid,Vallecano,H,0.6258708570491615,0.2595291727951734,0.11459997015566513,0.6389584429920363,0.21977841661001707,0.14126314039794652,2025-03-27
2025-04-24,La Liga,Leganes,Girona,D,0.25278019002158403,0.3245290184133202,0.42269079156509565,0.29930924812403714,0.3068627938180191,0.3938279580579436,2025-03-27
2025-04-24,La Liga,Osasuna,Sevilla,H,0.3603468670133062,0.35591155963333676,0.2837415733533569,0.412310349448357,0.32327323079671844,0.2644164197549246,2025-03-27
2025-04-27,La Liga,Villarreal,Espanol,H,0.6998858553237188,0.21246503897833746,0.08764910569794358,0.6960221547582673,0.18247771847595023,0.12150012676578233,2025-04-27
2025-05-02,La Liga,Vallecano,Getafe,H,0.4173667106461051,0.35162390789172165,0.23100938146217329,0.3984512069695686,0.32845302196140114,0.27309577106903016,2025-04-27
2025-05-03,La Liga,Valladolid,Barcelona,A,0.07716365409309665,0.19146572352407215,0.7313706223828311,0.11886317134037447,0.16086149188064008,0.7202753367789855,2025-04-27
2025-05-03,La Liga,Alaves,Ath Madrid,D,0.2307919102690108,0.33396984834897636,0.4352382413820129,0.23885387262673521,0.30474459610997257,0.4564015312632922,2025-04-27
2025-05-03,La Liga,Villarreal,Osasuna,H,0.6330242415320795,0.24654216626728978,0.12043359220063068,0.6764460707364865,0.19660932543763732,0.12694460382587608,2025-04-27
2025-05-03,La Liga,Las Palmas,Valencia,A,0.3206368195051843,0.35117056497848775,0.328192615516328,0.3647439027225594,0.3062472390783753,0.3290088581990654,2025-04-27
2025-05-04,La Liga,Sevilla,Leganes,D,0.5709378932553784,0.3000390369489842,0.12902306979563752,0.5818628996005932,0.25688628014281506,0.16125082025659176,2025-04-27
2025-05-04,La Liga,Espanol,Betis,A,0.24625027236917998,0.33231903579399635,0.42143069183682386,0.28312085361089084,0.31225225977021087,0.40462688661889823,2025-04-27
2025-05-04,La Liga,Real Madrid,Celta,H,0.6575541528242126,0.2345267771598984,0.10791907001588898,0.7145834122684045,0.16777175766301672,0.1176448300685788,2025-04-27
2025-05-04,La Liga,Sociedad,Ath Bilbao,D,0.3424762888656012,0.37292077397658524,0.28460293715781393,0.3760281119567886,0.3358320034372698,0.28813988460594153,2025-04-27
2025-05-05,La Liga,Girona,Mallorca,H,0.46004789355743175,0.33346981148195465,0.20648229496061357,0.47486860233709244,0.29499413175486044,0.23013726590804712,2025-04-27
2025-05-09,La Liga,Las Palmas,Vallecano,A,0.30976506174480295,0.33807485025197653,0.35216008800322035,0.3636223006002104,0.3026421632324732,0.3337355361673164,2025-04-27
2025-05-10,La Liga,Valencia,Getafe,H,0.39096919232495153,0.36740553716527014,0.24162527050977828,0.4811163565676201,0.3085254096084421,0.21035823382393778,2025-04-27
2025-05-10,La Liga,Celta,Sevilla,H,0.45379165602959826,0.3329293118790718,0.21327903209132984,0.510945789377401,0.2689188365144216,0.2201353741081773,2025-04-27
2025-05-10,La Liga,Girona,Villarreal,A,0.3752505686723532,0.29111261533842325,0.3336368159892237,0.310103052924294,0.2719898285425372,0.4179071185331688,2025-04-27
2025-05-10,La Liga,Mallorca,Valladolid,H,0.5795944946662399,0.302287741181624,0.11811776415213593,0.7127945449837443,0.18429668843686167,0.1029087665793941,2025-04-27
2025-05-10,La Liga,Ath Madrid,Sociedad,H,0.5551120007136521,0.302461855578605,0.14242614370774273,0.5308691206850542,0.2759916167197868,0.1931392625951589,2025-04-27
2025-05-11,La Liga,Leganes,Espanol,H,0.3946753470256243,0.3563524377496406,0.24897221522473542,0.41589760862243186,0.30037049511620073,0.28373189626136747,2025-04-27
2025-05-11,La Liga,Barcelona,Real Madrid,H,0.5083218397923581,0.2660997085005809,0.22557845170706087,0.5206755969714618,0.21898660454280724,0.2603377984857309,2025-04-27
2025-05-11,La Liga,Ath Bilbao,Alaves,H,0.5553981617851602,0.3071182342239718,0.13748360399086804,0.46686255305256286,0.3379040156709109,0.19523343127652626,2025-04-27
2025-05-11,La Liga,Betis,Osasuna,D,0.5645884899437309,0.28962154529711687,0.14578996475915224,0.585582562325163,0.24095043088192497,0.17346700679291185,2025-04-27
2025-05-13,La Liga,Sevilla,Las Palmas,H,0.5688838977010311,0.29333649923790905,0.13777960306105994,0.5643138659978503,0.2508061626657112,0.18487997133643855,2025-04-27
2025-05-13,La Liga,Sociedad,Celta,A,0.4271450520410861,0.34873951556844784,0.22411543239046616,0.42461456118701774,0.28599039562302075,0.2893950431899615,2025-04-27
2025-05-13,La Liga,Valladolid,Girona,A,0.22896949623950982,0.31047553513920506,0.46055496862128487,0.19224444861520015,0.24331690864831096,0.5644386427364888,2025-04-27
2025-05-14,La Liga,Alaves,Valencia,H,0.4214272745650371,0.34842218865003516,0.23015053678492758,0.4132754364786219,0.342469505053963,0.244255058467415,2025-04-27
2025-05-14,La Liga,Villarreal,Leganes,H,0.7117892656878314,0.20849731864242807,0.07971341566974058,0.739622127974091,0.16339038577505216,0.09698748625085678,2025-04-27
2025-05-14,La Liga,Real Madrid,Mallorca,H,0.6753464542425389,0.2403279583085968,0.0843255874488644,0.6716586423777493,0.19325389509057977,0.13508746253167106,2025-04-27
2025-05-15,La Liga,Vallecano,Betis,D,0.3622307103816068,0.3282865189217367,0.30948277069665636,0.2956616938552848,0.2886430186302335,0.4156952875144817,2025-04-27
2025-05-15,La Liga,Osasuna,Ath Madrid,H,0.19750790957411885,0.3216990152513093,0.48079307517457176,0.26801603105386534,0.28364378796662715,0.4483401809795075,2025-04-27
2025-05-15,La Liga,Espanol,Barcelona,A,0.10859584175363989,0.2306875684703114,0.6607165897760489,0.12324470021454742,0.16537964045883713,0.7113756593266155,2025-04-27
2025-05-15,La Liga,Getafe,Ath Bilbao,A,0.28182418496929534,0.3777947717385549,0.3403810432921497,0.2912487241080268,0.3844943630517034,0.3242569128402698,2025-04-27
2025-05-18,La Liga,Valladolid,Alaves,A,0.2603663705105987,0.34949824233793947,0.3901353871514618,0.17714542291070326,0.2625806813717237,0.5602738957175731,2025-04-27
2025-05-18,La Liga,Sociedad,Girona,H,0.4584964853635573,0.32549790283037777,0.21600561180606492,0.5646788787368048,0.2503215648008516,0.18499955646234362,2025-04-27
2025-05-18,La Liga,Sevilla,Real Madrid,A,0.2226355781509221,0.3126725549896954,0.46469186685938263,0.3068656738247328,0.26079468794219923,0.432339638233068,2025-04-27
2025-05-18,La Liga,Osasuna,Espanol,H,0.48010540421215686,0.3319813194627465,0.18791327632509672,0.4763109215145909,0.2849484691758843,0.23874060930952468,2025-04-27
2025-05-18,La Liga,Valencia,Ath Bilbao,A,0.2765457872853188,0.36025485847378375,0.3631993542408975,0.3830307316248251,0.3221516749427337,0.2948175934324411,2025-04-27
2025-05-18,La Liga,Las Palmas,Leganes,A,0.43414044533230917,0.3423121171607341,0.2235474375069566,0.28618239553188374,0.2787167678223564,0.43510083664575994,2025-04-27
2025-05-18,La Liga,Celta,Vallecano,A,0.4860556091049261,0.3135823111167846,0.20036207977828926,0.50328853302831,0.2759508149842722,0.22076065198741773,2025-04-27
2025-05-18,La Liga,Barcelona,Villarreal,A,0.6675954676290473,0.20582774833221415,0.12657678403873876,0.5641507317087204,0.21202148378503557,0.22382778450624408,2025-04-27
2025-05-18,La Liga,Mallorca,Getafe,A,0.38817209743881054,0.38614704932401717,0.22568085323717224,0.3806764750492947,0.345578644016381,0.27374488093432425,2025-04-27
2025-05-18,La Liga,Ath Madrid,Betis,H,0.5749077330354088,0.27572514175258817,0.14936712521200304,0.6229154136366122,0.22035103067417572,0.1567335556892121,2025-04-27
2025-05-23,La Liga,Betis,Valencia,D,0.5261599169478482,0.3036065966982621,0.17023348635388968,0.5006170654155515,0.24712394577765134,0.2522589888067973,2025-04-27
2025-05-24,La Liga,Real Madrid,Sociedad,H,0.6206209840927821,0.26349558968995146,0.11588342621726654,0.6983942495779629,0.17241217610332535,0.12919357431871162,2025-04-27
2025-05-24,La Liga,Espanol,Las Palmas,H,0.4262580378337923,0.33944848285010454,0.2342934793161032,0.7028739039535682,0.1830124504633819,0.11411364558304989,2025-04-27
2025-05-24,La Liga,Leganes,Valladolid,H,0.46254917647157123,0.336468608908897,0.20098221461953156,0.7225555649454914,0.169863939829291,0.10758049522521762,2025-04-27
2025-05-24,La Liga,Alaves,Osasuna,D,0.4580853925337167,0.3401179225319379,0.20179668493434547,0.2914556580454573,0.2995267378067161,0.4090176041478266,2025-04-27
2025-05-24,La Liga,Getafe,Celta,A,0.3585839240906376,0.36482448396528677,0.2765915919440756,0.19614711033274956,0.2521891418563923,0.5516637478108581,2025-04-27
2025-05-24,La Liga,Vallecano,Mallorca,D,0.41360625282980185,0.356755051949847,0.2296386952203511,0.644114636642784,0.2226202661207779,0.13326509723643806,2025-04-27
2025-05-25,La Liga,Girona,Ath Madrid,A,0.2798416377765259,0.3128137672163554,0.40734459500711867,0.2918816063002519,0.27225931343973075,0.4358590802600174,2025-04-27
2025-05-25,La Liga,Villarreal,Sevilla,H,0.5520401270579344,0.2793204717511432,0.1686394011909222,0.5445808862786973,0.23758675920982378,0.21783235451147887,2025-04-27
2025-05-25,La Liga,Ath Bilbao,Barcelona,A,0.2968534445170352,0.31886672134915106,0.38427983413381356,0.2910322082660866,0.2460879938249947,0.46287979790891864,2025-04-27
2025-08-15,La Liga,Girona,Vallecano,A,0.4736285619538848,0.30137418567558555,0.22499725237052956,0.4248941845066086,0.293074603168715,0.28203121232467643,2025-08-15
2025-08-16,La Liga,Mallorca,Barcelona,A,0.1697100954444744,0.28728754126408135,0.5430023632914442,0.12024358575433872,0.18251662922409986,0.6972397850215613,2025-08-15
2025-08-16,La Liga,Alaves,Levante,H,0.4278272357137345,0.3240235191616358,0.2481492451246296,0.443517170736967,0.30933203946304383,0.24715078979998922,2025-08-15
2025-08-16,La Liga,Valencia,Sociedad,D,0.33303551799196096,0.3638317961256969,0.30313268588234205,0.38477765589401736,0.3202261412539026,0.29499620285207995,2025-08-15
2025-08-17,La Liga,Celta,Getafe,A,0.4662866395393658,0.33755547903682825,0.19615788142380622,0.6022904247584228,0.25996986162494923,0.13773971361662796,2025-08-15
2025-08-17,La Liga,Ath Bilbao,Sevilla,H,0.4971367704133781,0.3308143230001879,0.17204890658643385,0.5813268297116543,0.263093714259746,0.15557945602859974,2025-08-15
2025-08-17,La Liga,Espanol,Ath Madrid,H,0.16420782232302505,0.29871684583433544,0.5370753318426396,0.16708497854965665,0.2491241325419045,0.583790888908439,2025-08-15
2025-08-18,La Liga,Elche,Betis,D,0.23630653919371863,0.32220663100655744,0.441486829799724,0.2916358476610261,0.3025042643440457,0.40585988799492806,2025-08-15
2025-08-19,La Liga,Real Madrid,Osasuna,H,0.7419417187545765,0.18952654110170047,0.0685317401437229,0.7924994848547291,0.13208324747578815,0.0754172676694828,2025-08-15
2025-08-22,La Liga,Betis,Alaves,H,0.47713165791850554,0.3200209172753948,0.2028474248060996,0.4932096142507518,0.28746240830591163,0.21932797744333665,2025-08-15
2025-08-23,La Liga,Mallorca,Celta,D,0.33781615607447746,0.3613111935391899,0.3008726503863328,0.2988498733945514,0.3083071478690625,0.39284297873638613,2025-08-15
2025-08-23,La Liga,Ath Madrid,Elche,D,0.7883727822163951,0.16690327294324928,0.044723944840355544,0.7635471106429136,0.16242961985201013,0.07402326950507637,2025-08-15
2025-08-23,La Liga,Levante,Barcelona,A,0.20068152488234542,0.2529486462281259,0.5463698288895288,0.08740440728913351,0.13021955673252503,0.7823760359783415,2025-08-15
2025-08-24,La Liga,Sociedad,Espanol,D,0.5632979454092806,0.30156958861207606,0.13513246597864326,0.5448058154015466,0.27012656028266097,0.1850676243157925,2025-08-15
2025-08-24,La Liga,Villarreal,Girona,H,0.5621644736563584,0.25610093998256905,0.1817345863610724,0.6297005762376549,0.21312942580351396,0.15716999795883121,2025-08-15
2025-08-24,La Liga,Osasuna,Valencia,H,0.39404489713696506,0.348813127925684,0.2571419749373512,0.392147551279891,0.3058257632623049,0.3020266854578042,2025-08-15
2025-08-25,La Liga,Sevilla,Getafe,A,0.44159212838898854,0.35497137886970787,0.2034364927413037,0.45873219056099734,0.30971727515583264,0.2315505342831701,2025-08-15
2025-08-25,La Liga,Ath Bilbao,Vallecano,H,0.5438865569106521,0.30445707372949926,0.15165636935984844,0.5678861166386039,0.26174804836981475,0.17036583499158117,2025-08-15
2025-08-27,La Liga,Celta,Betis,D,0.4309069159887499,0.3182045922678872,0.25088849174336275,0.40522133938706023,0.2860385925085131,0.3087400681044268,2025-08-15
2025-08-29,La Liga,Elche,Levante,H,0.27941955646443173,0.3210277905125937,0.3995526530229743,0.4341446270099288,0.30014937175995077,0.26570600123012034,2025-08-15
2025-08-29,La Liga,Valencia,Getafe,H,0.3985133293663763,0.3626928772647635,0.23879379336886025,0.40907427735089646,0.32345407976582513,0.26747164288327846,2025-08-15
2025-08-30,La Liga,Alaves,Ath Madrid,D,0.22664055543000086,0.3345341865179232,0.43882525805207573,0.16962816895270677,0.26952031289152295,0.5608515181557703,2025-08-15
2025-08-30,La Liga,Girona,Sevilla,A,0.4271624444670902,0.3225959232374282,0.25024163229548174,0.3834738358137302,0.3053365338454153,0.3111896303408545,2025-08-15
2025-08-30,La Liga,Real Madrid,Mallorca,H,0.7144339030040746,0.21268959350233077,0.07287650349359472,0.8086414730999236,0.12813360226217166,0.06322492463790468,2025-08-15
2025-08-31,La Liga,Celta,Villarreal,D,0.37901340713408377,0.30684511557638916,0.3141414772895272,0.3296353777471211,0.2860071659864727,0.38435745626640605,2025-08-15
2025-08-31,La Liga,Betis,Ath Bilbao,A,0.3502369935154381,0.34648001098028103,0.303282995504281,0.3078848560700876,0.29662077596996245,0.39549436795994997,2025-08-15
2025-08-31,La Liga,Espanol,Osasuna,H,0.36920236236495385,0.3492017864986256,0.2815958511364206,0.40722102886826006,0.3022541177003545,0.2905248534313855,2025-08-15
2025-08-31,La Liga,Vallecano,Barcelona,D,0.19436885926922215,0.2672132934788881,0.5384178472518896,0.14246213975316577,0.17933781466134088,0.6782000455854934,2025-08-15
2025-09-12,La Liga,Sevilla,Elche,D,0.6059091571740539,0.277262277175672,0.11682856565027416,0.5030554153661195,0.28724761883331673,0.20969696580056382,2025-08-15
2025-09-13,La Liga,Ath Madrid,Villarreal,H,0.5649806810573462,0.2662606433817274,0.1687586755609264,0.5421283513225995,0.25140148934389983,0.20647015933350069,2025-08-15
2025-09-13,La Liga,Ath Bilbao,Alaves,A,0.5271346014926855,0.3205935086710328,0.15227188983628165,0.6008514320078535,0.2525772338205337,0.14657133417161278,2025-08-15
2025-09-13,La Liga,Sociedad,Real Madrid,A,0.25449351859451125,0.3229978619456087,0.42250861945988033,0.1727078891257996,0.2302771855010661,0.5970149253731344,2025-08-15
2025-09-14,La Liga,Celta,Girona,D,0.4787831832415796,0.30043835392840995,0.22077846283001037,0.5468871418475695,0.2595148099383909,0.19359804821403961,2025-09-14
2025-09-14,La Liga,Levante,Betis,D,0.42336461489964344,0.3004771091267797,0.2761582759735768,0.27645421454571406,0.26881735779030763,0.45472842766397825,2025-09-14
2025-09-14,La Liga,Osasuna,Vallecano,H,0.3748155083886373,0.346756978696944,0.27842751291441886,0.3659093379715186,0.31601261006631154,0.3180780519621698,2025-09-14
2025-09-14,La Liga,Barcelona,Valencia,H,0.7368575027832504,0.18544302897687368,0.07769946823987603,0.7455881172805732,0.16030144521532325,0.09411043750410367,2025-09-14
2025-09-15,La Liga,Espanol,Mallorca,H,0.3625598058110484,0.36833876900949847,0.2691014251794531,0.42652329749103945,0.3010752688172043,0.2724014336917563,2025-09-14
2025-09-19,La Liga,Betis,Sociedad,H,0.4242210568738297,0.3348338704411603,0.24094507268501014,0.5046327248771293,0.254292730812757,0.24107454431011371,2025-09-14
2025-09-20,La Liga,Girona,Levante,A,0.4356109827887218,0.2869807886043084,0.27740822860696973,0.5427677910668672,0.24784549643104398,0.20938671250208887,2025-09-14
2025-09-20,La Liga,Real Madrid,Espanol,H,0.7746460171791765,0.1687019227050951,0.05665206011572862,0.7947131216777865,0.1375683658412191,0.06771851248099447,2025-09-14
2025-09-20,La Liga,Alaves,Sevilla,A,0.3948594195621798,0.3583639006109146,0.2467766798269057,0.38483664241582843,0.319225149282638,0.29593820830153367,2025-09-14
2025-09-20,La Liga,Villarreal,Osasuna,H,0.605399958531486,0.2622017088869419,0.13239833258157227,0.5763271200492072,0.24890220094670126,0.1747706790040917,2025-09-14
2025-09-20,La Liga,Valencia,Ath Bilbao,H,0.2768479160667542,0.3627624687546544,0.3603896151785913,0.2699690815668305,0.30562537535867607,0.42440554307449346,2025-09-14
2025-09-21,La Liga,Barcelona,Getafe,H,0.7116724198202938,0.20776890365661985,0.0805586765230864,0.7617173129276728,0.15963382630662448,0.0786488607657028,2025-09-14
2025-09-21,La Liga,Elche,Oviedo,H,0.6027112856856693,0.350048842183483,0.047239872130847425,0.4839030888352344,0.296538173341104,0.21955873782366167,2025-09-14
2025-09-21,La Liga,Mallorca,Ath Madrid,D,0.20045905183773988,0.3458795440611807,0.45366140410107947,0.19043853426521382,0.2639229686827691,0.5456384970520171,2025-09-14
2025-09-21,La Liga,Vallecano,Celta,D,0.39909779695986763,0.3302461093514916,0.2706560936886405,0.4364506113014889,0.28626025388303533,0.27728913481547585,2025-09-14
2025-09-23,La Liga,Ath Bilbao,Girona,D,0.5653864479578957,0.28700636873757596,0.14760718330452793,0.6629743464333816,0.215577404408182,0.1214482491584363,2025-09-14
2025-09-23,La Liga,Espanol,Valencia,D,0.35390499830506583,0.34979295673363225,0.29630204496130197,0.41948090692124107,0.29761336515513126,0.28290572792362767,2025-09-14
2025-09-23,La Liga,Levante,Real Madrid,A,0.23775655673505033,0.27014870923454787,0.4920947340304018,0.11204906255475731,0.1608957420711407,0.7270551953741019,2025-09-14
2025-09-23,La Liga,Sevilla,Villarreal,A,0.33101207244007513,0.3236678549459903,0.34532007261393444,0.302234573928719,0.28539452435497803,0.4123709017163031,2025-09-14
2025-09-24,La Liga,Getafe,Alaves,D,0.39185818671339706,0.3711273679093737,0.23701444537722932,0.4054595247209871,0.3462999499396331,0.24824052533937985,2025-09-14
2025-09-24,La Liga,Ath Madrid,Vallecano,H,0.6454875220835308,0.24869007888857403,0.10582239902789523,0.650063147358943,0.22164624475167619,0.1282906078893808,2025-09-14
2025-09-24,La Liga,Sociedad,Mallorca,H,0.47900501605542994,0.346791813632381,0.17420317031218882,0.5436538596614455,0.2688066306103814,0.18753950972817304,2025-09-14
2025-09-25,La Liga,Osasuna,Elche,D,0.4845370057998062,0.34338246612583184,0.17208052807436203,0.4904630197393312,0.30158906182729056,0.20794791843337812,2025-09-14
2025-09-25,La Liga,Oviedo,Barcelona,A,0.014516534406243835,0.16648056024337482,0.8190029053503813,0.07623848927303814,0.13513058070586254,0.7886309300210994,2025-09-14
2025-09-26,La Liga,Girona,Espanol,D,0.525159890129304,0.29152230459677175,0.18331780527392433,0.3755424823994599,0.29474394830745493,0.32971356929308515,2025-09-14
2025-09-27,La Liga,Villarreal,Ath Bilbao,H,0.413329864506079,0.32594440466531865,0.26072573082860234,0.46200968283766425,0.2904851299278728,0.24750518723446302,2025-09-14
2025-09-27,La Liga,Mallorca,Alaves,H,0.36809196319584647,0.3766399253926843,0.2552681114114692,0.37860522952575043,0.33436956696947717,0.28702520350477245,2025-09-14
2025-09-27,La Liga,Getafe,Levante,D,0.3915576043191896,0.33565920062857074,0.2727831950522394,0.4528413617105272,0.3061663294583753,0.2409923088310974,2025-09-14
2025-09-27,La Liga,Ath Madrid,Real Madrid,H,0.41318596407164543,0.3080176351506971,0.27879640077765744,0.3152137415402524,0.27206996127356975,0.4127162971861779,2025-09-14
2025-09-28,La Liga,Vallecano,Sevilla,A,0.41583937965578416,0.3378091485574466,0.24635147178676936,0.4782455431854973,0.28554072137251746,0.23621373544198523,2025-09-14
2025-09-28,La Liga,Elche,Celta,H,0.26086211511841,0.35797940935169187,0.3811584755298982,0.33140399814039984,0.30639237563923755,0.3622036262203627,2025-09-14
2025-09-28,La Liga,Barcelona,Sociedad,H,0.6660470739939164,0.22518980665336827,0.10876311935271546,0.746268656716418,0.16044776119402987,0.09328358208955224,2025-09-14
2025-09-28,La Liga,Betis,Osasuna,H,0.5193602132371056,0.3090736021861759,0.17156618457671857,0.5093159167814314,0.2740263101556434,0.21665777306292516,2025-09-14
2025-09-30,La Liga,Valencia,Oviedo,A,0.7127177036260757,0.260704561986691,0.026577734387233036,0.5470104448676671,0.2766309964045059,0.17635855872782707,2025-09-14
2025-10-03,La Liga,Osasuna,Getafe,H,0.3686141090979075,0.3737462928380353,0.2576395980640573,0.44204861233247733,0.32966337190896616,0.2282880157585564,2025-09-14
2025-10-04,La Liga,Oviedo,Levante,A,0.050500920943300734,0.3074594186611018,0.6420396603955977,0.3938279580579436,0.29930924812403714,0.3068627938180191,2025-09-14
2025-10-04,La Liga,Girona,Valencia,H,0.4523173110816052,0.3124364654623254,0.23524622345606946,0.4160899071448346,0.29064190528922773,0.2932681875659377,2025-09-14
2025-10-04,La Liga,Ath Bilbao,Mallorca,H,0.5509694563684842,0.3218665347411241,0.12716400889039178,0.5897900500256036,0.2600149682908575,0.15019498168353881,2025-09-14
2025-10-04,La Liga,Real Madrid,Villarreal,H,0.6172102015564804,0.231009586885321,0.15178021155819896,0.6893227577791337,0.17937766931055524,0.1312995729103112,2025-09-14
2025-10-05,La Liga,Sociedad,Vallecano,A,0.46922122817972345,0.32683488830477625,0.20394388351550027,0.45014256282292364,0.2834717013695379,0.2663857358075384,2025-09-14
2025-10-05,La Liga,Celta,Ath Madrid,D,0.260164128584589,0.33323198372864027,0.4066038876867709,0.2039629094242499,0.24946232768042872,0.5465747628953214,2025-09-14
2025-10-05,La Liga,Espanol,Betis,A,0.3008978268321433,0.33614157613226797,0.36296059703558875,0.36449071728014004,0.2829041323075505,0.3526051504123094,2025-09-14
2025-10-05,La Liga,Alaves,Elche,H,0.5202187528443621,0.33077929698378644,0.14900195017185114,0.4069122136830548,0.319907957467928,0.27317982884901715,2025-09-14
2025-10-05,La Liga,Sevilla,Barcelona,H,0.21380359048559613,0.2868675723796738,0.4993288371347301,0.16359599579324582,0.19183578078136562,0.6445682234253886,2025-09-14
2025-10-17,La Liga,Oviedo,Espanol,A,0.18890341208389042,0.38351957884587484,0.4275770090702347,0.3276622558286075,0.3119092627599244,0.3604284814114682,2025-10-17
2025-10-18,La Liga,Sevilla,Mallorca,A,0.46272367173130585,0.34953944786936103,0.18773688039933317,0.5195911835804864,0.27840559120215175,0.2020032252173617,2025-10-17
2025-10-18,La Liga,Barcelona,Girona,H,0.7849468914669402,0.1491375593298408,0.0659155492032187,0.7960235155888687,0.12825412168608938,0.07572236272504175,2025-10-17
2025-10-18,La Liga,Villarreal,Betis,D,0.522023353413303,0.2775818566380876,0.20039478994860932,0.4654712679213201,0.2665301232754956,0.26799860880318427,2025-10-17
2025-10-18,La Liga,Ath Madrid,Osasuna,H,0.6837068681531437,0.23617019869048417,0.080122933156372,0.7178968408405801,0.1874585561189136,0.09464460304050618,2025-10-17
2025-10-19,La Liga,Elche,Ath Bilbao,D,0.23143348537231012,0.3550753540350284,0.41349116059266144,0.24271264173771137,0.2883571086913705,0.4689302495709181,2025-10-17
2025-10-19,La Liga,Celta,Sociedad,D,0.4034389235569783,0.3453908319521519,0.25117024449086967,0.4463447060013584,0.2780089883094175,0.27564630568922416,2025-10-17
2025-10-19,La Liga,Levante,Vallecano,A,0.5473367362244509,0.2616750989141235,0.1909881648614255,0.3401050815075037,0.28863517303010694,0.37125974546238943,2025-10-17
2025-10-19,La Liga,Getafe,Real Madrid,A,0.19789918900690479,0.320252049663165,0.4818487613299303,0.13084617994340367,0.2104418867798724,0.6587119332767238,2025-10-17
2025-10-20,La Liga,Alaves,Valencia,D,0.4262677487273181,0.35087602082571817,0.22285623044696387,0.4360898963324078,0.30107754452670876,0.26283255914088355,2025-10-17
2025-10-24,La Liga,Sociedad,Sevilla,H,0.4495893259131692,0.3446035304218088,0.20580714366502223,0.49119527198166685,0.2686648172717404,0.2401399107465927,2025-10-17
2025-10-25,La Liga,Valencia,Villarreal,A,0.31843158066381877,0.3168989164078161,0.36466950292836503,0.25384110446891484,0.2809859624612555,0.4651729330698297,2025-10-17
2025-10-25,La Liga,Ath Bilbao,Getafe,A,0.5267657404913633,0.33723156035169816,0.13600269915693844,0.5860106480631541,0.26858821369561225,0.14540113824123369,2025-10-17
2025-10-25,La Liga,Espanol,Elche,H,0.45444088231120205,0.32886942001030806,0.21668969767848995,0.4789228550488215,0.29550559141310256,0.225571553538076,2025-10-17
2025-10-25,La Liga,Girona,Oviedo,D,0.6515532658892326,0.27005695220857273,0.07838978190219471,0.550344124394596,0.25898547030333924,0.19067040530206472,2025-10-17
2025-10-26,La Liga,Mallorca,Levante,D,0.3190368666785638,0.3236514291234375,0.3573117041979988,0.4907914385266302,0.28581383773021407,0.22339472374315583,2025-10-17
2025-10-26,La Liga,Real Madrid,Barcelona,H,0.47178964805845686,0.26019697627796545,0.2680133756635775,0.5194482497992348,0.21730832821578727,0.2632434219849781,2025-10-17
2025-10-26,La Liga,Osasuna,Celta,A,0.34572382348375036,0.3551523516781656,0.29912382483808403,0.4051954449855051,0.29922125168160374,0.2955833033328912,2025-10-17
2025-10-26,La Liga,Vallecano,Alaves,H,0.4186976796563999,0.3427477324922745,0.23855458785132538,0.43640375387122476,0.31596765296520496,0.24762859316357028,2025-10-17
2025-10-27,La Liga,Betis,Ath Madrid,A,0.28249585957298373,0.3282186153485852,0.38928552507843106,0.2829365208611537,0.27263351029758226,0.44442996884126423,2025-10-17
2025-10-31,La Liga,Getafe,Girona,H,0.4341360882086911,0.34085411786463377,0.22500979392667514,0.43954833379234365,0.3180941889286698,0.2423574772789865,2025-10-17
2025-11-01,La Liga,Sociedad,Ath Bilbao,H,0.3303428807280925,0.37331170236709754,0.2963454169048101,0.3604633072483159,0.32659427166793725,0.3129424210837469,2025-10-17
2025-11-01,La Liga,Real Madrid,Valencia,H,0.7128292397267901,0.20529775812836262,0.08187300214484733,0.8246016284914331,0.11940394868007137,0.055994422828495455,2025-10-17
2025-11-01,La Liga,Villarreal,Vallecano,H,0.5855598124721345,0.2565875890675232,0.15785259846034252,0.5537525354969574,0.24847870182555784,0.19776876267748478,2025-10-17
2025-11-01,La Liga,Ath Madrid,Sevilla,H,0.6337265223853138,0.2609705960806523,0.10530288153403426,0.7204753291407898,0.17747002592806221,0.10205464493114783,2025-10-17
2025-11-02,La Liga,Betis,Mallorca,H,0.5249863830077739,0.3161943821779639,0.15881923481426224,0.6182569068641413,0.21771575049843356,0.16402734263742524,2025-10-17
2025-11-02,La Liga,Barcelona,Elche,H,0.7997397508748858,0.1484759343721659,0.05178431475294797,0.8078620861280306,0.12356759415068848,0.06857031972128078,2025-10-17
2025-11-02,La Liga,Levante,Celta,A,0.5100649617304329,0.27615282840407507,0.21378220986549196,0.30896878704069536,0.2821019359936784,0.40892927696562625,2025-10-17
2025-11-02,La Liga,Alaves,Espanol,H,0.46865328501128234,0.33529638646889276,0.19605032851982485,0.38941525504832997,0.3110345487606469,0.2995501961910231,2025-10-17
2025-11-03,La Liga,Oviedo,Osasuna,D,0.18574490303658084,0.3965798759300891,0.4176752210333302,0.30098876645076433,0.30381053613624026,0.3952006974129954,2025-10-17
2025-11-07,La Liga,Elche,Sociedad,D,0.30210506122130604,0.3564236818091413,0.34147125696955244,0.30876108272922914,0.3068130632798334,0.38442585399093754,2025-10-17
2025-11-08,La Liga,Girona,Alaves,H,0.3969710209270801,0.3350327931944041,0.26799618587851587,0.4460534484501104,0.29113668192252723,0.26280986962736236,2025-10-17
2025-11-08,La Liga,Sevilla,Osasuna,H,0.4664682991308506,0.3422182033038035,0.19131349756534585,0.4162303664921467,0.306282722513089,0.2774869109947644,2025-10-17
2025-11-08,La Liga,Ath Madrid,Levante,H,0.6295155912536803,0.2328040701571635,0.13768033858915651,0.7869656572030951,0.13560707652369716,0.07742726627320773,2025-10-17
2025-11-08,La Liga,Espanol,Villarreal,A,0.2838363782362755,0.3076244640500339,0.40853915771369054,0.33914220908127707,0.28212699711978706,0.3787307937989359,2025-10-17
2025-11-09,La Liga,Celta,Barcelona,A,0.23353443755665756,0.2824696758739027,0.48399588656943987,0.2282309477686684,0.22504632989282652,0.5467227223385052,2025-10-17
2025-11-09,La Liga,Mallorca,Getafe,H,0.3597066615365808,0.38987488172831575,0.25041845673510343,0.36878279421092086,0.34402352534163644,0.2871936804474428,2025-10-17
2025-11-09,La Liga,Valencia,Betis,D,0.3613174883291192,0.34091213134962606,0.2977703803212546,0.2764318692513891,0.2772194244344415,0.4463487063141695,2025-10-17
2025-11-09,La Liga,Ath Bilbao,Oviedo,H,0.7349350785811605,0.22706753888839865,0.037997382530440785,0.6004632310364795,0.2641381972592164,0.13539857170430422,2025-10-17
2025-11-09,La Liga,Vallecano,Real Madrid,D,0.21713183615010995,0.2862933911212811,0.49657477272860906,0.15630250250470665,0.20717612216362616,0.6365213753316672,2025-10-17
2025-11-21,La Liga,Valencia,Levante,H,0.4117012725353876,0.29739410677039047,0.2909046206942219,0.46735048483829383,0.2761616501317191,0.25648786502998716,2025-11-21
2025-11-22,La Liga,Alaves,Celta,A,0.40421670072747123,0.3456864769374501,0.25009682233507846,0.35166196086067575,0.32255087138545424,0.3257871677538701,2025-11-21
2025-11-22,La Liga,Barcelona,Ath Bilbao,H,0.5790049823249995,0.2699117111042536,0.15108330657074687,0.6772009029345373,0.18445662689455014,0.1383424701709126,2025-11-21
2025-11-22,La Liga,Osasuna,Sociedad,A,0.31172499353555067,0.3646407703632831,0.3236342361011662,0.35929820195358675,0.3245660424314067,0.3161357556150065,2025-11-21
2025-11-22,La Liga,Villarreal,Mallorca,H,0.6162600072639675,0.26029458463963406,0.12344540809639874,0.6853390174233468,0.19249562043165716,0.12216536214499606,2025-11-21
2025-11-23,La Liga,Getafe,Ath Madrid,A,0.20622367784793227,0.3510222512382746,0.4427540709137933,0.1955028613060508,0.28974226451046453,0.5147548741834848,2025-11-21
2025-11-23,La Liga,Oviedo,Vallecano,D,0.15331795610079935,0.31298145281316136,0.5337005910860393,0.27023709922932615,0.30119305177262357,0.42856984899805023,2025-11-21
2025-11-23,La Liga,Betis,Girona,D,0.551755376998425,0.2733091191881617,0.17493550381341322,0.6314375520511513,0.21373881739784545,0.15482363055100343,2025-11-21
2025-11-23,La Liga,Elche,Real Madrid,D,0.15855571614307043,0.27607238655273764,0.5653718973041919,0.13658248992826963,0.1736759359339688,0.6897415741377617,2025-11-21
2025-11-24,La Liga,Espanol,Sevilla,H,0.38719708666476693,0.3456332976243291,0.2671696157109039,0.5248351853872169,0.2589186914576937,0.21624612315508937,2025-11-21
2025-11-28,La Liga,Getafe,Elche,H,0.4439122114597125,0.36131500725926446,0.19477278128102307,0.42325425433816755,0.32777265487467516,0.24897309078715738,2025-11-21
2025-11-29,La Liga,Ath Madrid,Oviedo,H,0.868149228786314,0.11434055200385862,0.017510219209827652,0.770999140292606,0.15469485158358864,0.07430600812380549,2025-11-21
2025-11-29,La Liga,Levante,Ath Bilbao,A,0.33817957193396486,0.3190302905116997,0.3427901375543354,0.24646337956434516,0.27984602751686455,0.4736905929187903,2025-11-21
2025-11-29,La Liga,Barcelona,Alaves,H,0.6921150811558361,0.21418828308938984,0.09369663575477406,0.7688983173404554,0.14474742419812792,0.08635425846141681,2025-11-21
2025-11-29,La Liga,Mallorca,Osasuna,D,0.39957283815693206,0.36249664454242003,0.23793051730064793,0.38957159371411354,0.3214287076849121,0.2889996986009744,2025-11-21
2025-11-30,La Liga,Girona,Real Madrid,D,0.18957413183743907,0.25717073190217415,0.5532551362603867,0.1368479368955223,0.16800420974388988,0.6951478533605879,2025-11-21
2025-11-30,La Liga,Celta,Espanol,A,0.5025633712803477,0.30686269108529485,0.1905739376343574,0.5065397415060754,0.2724247349276372,0.22103552356628742,2025-11-21
2025-11-30,La Liga,Sevilla,Betis,A,0.35065098921128685,0.34297829517562445,0.30637071561308876,0.3503370405219886,0.2915978960033318,0.3580650634746795,2025-11-21
2025-11-30,La Liga,Sociedad,Villarreal,A,0.3730502375511786,0.3235459640706457,0.3034037983781757,0.33570063242893317,0.28549320646448856,0.3788061611065783,2025-11-21
2025-12-01,La Liga,Vallecano,Valencia,D,0.4739598691804852,0.3180775104155219,0.207962620403993,0.4606802778097862,0.3028147620494233,0.23650496014079048,2025-11-21
2025-12-02,La Liga,Barcelona,Ath Madrid,H,0.484963630453694,0.2777305811263378,0.2373057884199683,0.5710647802165264,0.21494420458038518,0.21399101520308858,2025-11-21
2025-12-03,La Liga,Ath Bilbao,Real Madrid,A,0.30056703340186397,0.3353164992202355,0.36411646737790077,0.2235911936982428,0.2629771763280146,0.5134316299737428,2025-11-21
2025-12-05,La Liga,Oviedo,Mallorca,D,0.19190498232258218,0.3619060859184394,0.44618893175897845,0.370020814034163,0.3190671281671635,0.31091205779867365,2025-11-21
2025-12-06,La Liga,Villarreal,Getafe,H,0.5649739681167374,0.2919200521502732,0.14310597973298927,0.5892387991732932,0.2556485795355029,0.15511262129120398,2025-11-21
2025-12-06,La Liga,Alaves,Sociedad,H,0.3601572618183591,0.3659887961797369,0.27385394200190405,0.35127792783650014,0.32219862917453823,0.3265234429889616,2025-11-21
2025-12-06,La Liga,Betis,Barcelona,A,0.2763214799411712,0.2826735665393471,0.4410049535194816,0.25750443656450817,0.23557583491059628,0.5069197285248958,2025-11-21
2025-12-06,La Liga,Ath Bilbao,Ath Madrid,H,0.3112526712079919,0.36040720839397256,0.3283401203980357,0.3255995697876407,0.3042320980203268,0.3701683321920326,2025-11-21
2025-12-07,La Liga,Real Madrid,Celta,A,0.6913546647794294,0.2111723719967316,0.09747296322383889,0.7578408643541402,0.1539740168846507,0.08818511876120905,2025-11-21
2025-12-07,La Liga,Elche,Girona,H,0.39379725019035994,0.3263549300264862,0.2798478197831538,0.4525315438542608,0.2887070680375848,0.25876138810815447,2025-11-21
2025-12-07,La Liga,Valencia,Sevilla,D,0.3964710009731489,0.3506466131706822,0.2528823858561689,0.4832571911152715,0.2815498417802016,0.23519296710452678,2025-11-21
2025-12-07,La Liga,Espanol,Vallecano,H,0.3733088273644456,0.3301368171353673,0.29655435550018716,0.3955750895626595,0.3031510032162437,0.30127390722109676,2025-11-21
2025-12-08,La Liga,Osasuna,Levante,H,0.38997424785731694,0.3059833737025515,0.30404237844013143,0.5687203791469194,0.24170616113744073,0.18957345971563982,2025-11-21
2025-12-12,La Liga,Sociedad,Girona,A,0.528688650473326,0.2949796566144583,0.17633169291221562,0.5280148907277874,0.26328807902775236,0.20869703024446026,2025-11-21
2025-12-13,La Liga,Ath Madrid,Valencia,H,0.6787693547012181,0.23486435883436324,0.08636628646441873,0.7253662701411071,0.17414027784976038,0.10049345200913255,2025-11-21
2025-12-13,La Liga,Mallorca,Elche,H,0.42371865689734456,0.35518498786593156,0.2210963552367238,0.37118862247588325,0.32202456651881267,0.30678681100530414,2025-11-21
2025-12-13,La Liga,Barcelona,Osasuna,H,0.7506378525148133,0.1804802333607284,0.06888191412445817,0.8043504006948009,0.11843196083849829,0.07721763846670089,2025-11-21
2025-12-13,La Liga,Getafe,Espanol,A,0.4293842889545296,0.3568186674380549,0.21379704360741536,0.3580147717791031,0.34778577829970025,0.29419944992119657,2025-11-21
2025-12-14,La Liga,Sevilla,Oviedo,H,0.6769577401557949,0.25040149046535354,0.0726407693788516,0.45232593010743205,0.3087303967399933,0.23894367315257464,2025-11-21
2025-12-14,La Liga,Celta,Ath Bilbao,H,0.3298826845241608,0.3595979549224279,0.31051936055341134,0.32003463822086914,0.3128312862351904,0.36713407554394045,2025-11-21
2025-12-14,La Liga,Alaves,Real Madrid,A,0.21596313103914996,0.3105335370808345,0.47350333188001553,0.1680733591614069,0.23375251164923824,0.598174129189355,2025-11-21
2025-12-15,La Liga,Vallecano,Betis,D,0.3872500990334665,0.3225030815096163,0.2902468194569173,,,,2025-11-21
2025-12-19,La Liga,Valencia,Mallorca,D,0.4284498044308475,0.3509204162217686,0.22062977934738395,0.46031267737889187,0.301633462506044,0.23805386011506416,2025-11-21
2025-12-20,La Liga,Real Madrid,Sevilla,H,0.7087158951599187,0.2089987678974516,0.08228533694262971,0.7939555916674379,0.1360745419146742,0.06996986641788783,2025-11-21
2025-12-20,La Liga,Osasuna,Alaves,H,0.3524826209024919,0.36822005276879344,0.2792973263287148,0.4356794495525449,0.31959380674413657,0.24472674370331868,2025-11-21
2025-12-20,La Liga,Oviedo,Celta,D,0.147470737838901,0.31297599142203353,0.5395532707390656,0.27047386892612224,0.2986828000411166,0.43084333103276107,2025-11-21
2025-12-20,La Liga,Levante,Sociedad,D,0.3997994382882874,0.3034472313689653,0.2967533303427472,0.30620102368981295,0.28808261992118495,0.40571635638900216,2025-11-21
2025-12-21,La Liga,Betis,Getafe,H,0.48587393877937995,0.33825908701268187,0.17586697420793806,0.5487016507761734,0.28150780344168896,0.1697905457821376,2025-12-21
2025-12-21,La Liga,Elche,Vallecano,H,0.31423976707633766,0.3391759368289987,0.3465842960946636,0.38028580321153976,0.32559587164600057,0.2941183251424597,2025-12-21
2025-12-21,La Liga,Girona,Ath Madrid,A,0.21662295152247857,0.2948788459836184,0.488498202493903,0.19447057823577857,0.2563710275415967,0.5491583942226248,2025-12-21
2025-12-21,La Liga,Villarreal,Barcelona,A,0.35978130291451094,0.2654234328504677,0.37479526423502124,0.23097069559299666,0.21601946753005713,0.5530098368769463,2025-12-21
2025-12-22,La Liga,Ath Bilbao,Espanol,A,0.5496541297142956,0.30837032949779275,0.14197554078791147,0.5170251423017758,0.28338404301088577,0.19959081468733847,2025-12-21
2026-01-02,La Liga,Vallecano,Getafe,D,0.4363793870248367,0.35670099606620004,0.2069196169089631,0.45278973574118214,0.3391978856597706,0.20801237859904737,2025-12-21
2026-01-03,La Liga,Celta,Valencia,H,0.478002222094816,0.32009214833646704,0.20190562956871694,0.47140190263627413,0.2951635013467248,0.2334345960170011,2025-12-21
2026-01-03,La Liga,Osasuna,Ath Bilbao,D,0.2649110700298818,0.3686265162768244,0.3664624136932938,0.3141486438230682,0.32247046220248726,0.3633808939744445,2025-12-21
2026-01-03,La Liga,Elche,Villarreal,A,0.21816861766867754,0.2993637975001227,0.4824675848311996,0.3003769552699534,0.2764833338280253,0.42313971090202135,2025-12-21
2026-01-03,La Liga,Espanol,Barcelona,A,0.19624566007009375,0.2662865588223094,0.537467781107597,0.16237928382189554,0.2030595675583283,0.6345611486197761,2025-12-21
2026-01-04,La Liga,Mallorca,Girona,A,0.4031204880827318,0.3301590980752019,0.26672041384206646,0.432339638233068,0.3068656738247328,0.26079468794219923,2025-12-21
2026-01-04,La Liga,Sociedad,Ath Madrid,D,0.2822010156005668,0.3427402901487569,0.37505869425067634,0.2285127275859539,0.25490264888196956,0.5165846235320767,2025-12-21
2026-01-04,La Liga,Alaves,Oviedo,D,0.644600181988747,0.27449779779919764,0.08090202021205536,0.5027264167224262,0.32021847665817904,0.1770551066193946,2025-12-21
2026-01-04,La Liga,Real Madrid,Betis,H,0.663169780929274,0.2171852157681974,0.11964500330252859,0.6428504149616435,0.21334156628397397,0.14380801875438246,2025-12-21
2026-01-04,La Liga,Sevilla,Levante,A,0.4898643336672262,0.28267098099690174,0.22746468533587205,0.5424558029917073,0.26602627050826194,0.19151792650003077,2025-12-21
2026-01-09,La Liga,Getafe,Sociedad,A,0.31912897105807797,0.3890428745747253,0.2918281543671967,0.2673508097855163,0.32547055104323724,0.4071786391712466,2025-12-21
2026-01-10,La Liga,Oviedo,Betis,D,0.14265469603063316,0.3113878762642026,0.5459574277051642,0.24904261372562023,0.2783838412047881,0.4725735450695916,2025-12-21
2026-01-10,La Liga,Villarreal,Alaves,H,0.5737886549255703,0.2766289852349914,0.14958235983943832,0.6496334269361439,0.2256302578402924,0.12473631522356372,2025-12-21
2026-01-10,La Liga,Girona,Osasuna,H,0.4438491017486535,0.3207731224624366,0.23537777578890973,0.3729432565121344,0.30999423550849386,0.3170625079793716,2025-12-21
2026-01-10,La Liga,Valencia,Elche,D,0.49688369768714946,0.32087578599558314,0.18224051631726743,0.4762139511954646,0.2891298989401035,0.23465614986443184,2025-12-21
2026-01-11,La Liga,Vallecano,Mallorca,H,0.4904054884356376,0.32126963532183095,0.18832487624253158,0.5036953904287659,0.29911757031615943,0.19718703925507466,2025-12-21
2026-01-11,La Liga,Levante,Espanol,D,0.45276697127345433,0.2866560863297508,0.26057694239679485,0.30221439260480004,0.2939970828360895,0.40378852455911046,2025-12-21
2026-01-12,La Liga,Sevilla,Celta,A,0.3883334434232579,0.33980721097163785,0.2718593456051043,0.36615134255492265,0.30919446704637915,0.3246541903986981,2025-12-21
2026-01-16,La Liga,Espanol,Girona,A,0.44199588221651304,0.31241025695447283,0.24559386082901402,,,,2025-12-21
2026-01-17,La Liga,Osasuna,Oviedo,H,0.6075139322119854,0.2944767430956385,0.09800932469237617,,,,2025-12-21
2026-01-17,La Liga,Betis,Villarreal,H,0.37780571338954233,0.3019048326007813,0.32028945400967623,,,,2025-12-21
2026-01-17,La Liga,Real Madrid,Levante,H,0.7989186083384161,0.13274877810580193,0.06833261355578193,,,,2025-12-21
2026-01-17,La Liga,Mallorca,Ath Bilbao,H,0.25327038310243466,0.36890348925921107,0.3778261276383542,,,,2025-12-21
2026-01-18,La Liga,Sociedad,Barcelona,H,0.2680050897265645,0.2960436863366225,0.43595122393681324,,,,2025-12-21
2026-01-18,La Liga,Celta,Vallecano,H,0.45098247485767395,0.316865759380039,0.2321517657622871,,,,2025-12-21
2026-01-18,La Liga,Getafe,Valencia,A,0.3894123881722804,0.377491514221531,0.23309609760618857,,,,2025-12-21
2026-01-18,La Liga,Ath Madrid,Alaves,H,0.6245057326638509,0.266574797496387,0.10891946983976232,,,,2025-12-21
2026-01-19,La Liga,Elche,Sevilla,D,0.3248572754283927,0.35252526522167354,0.3226174593499338,,,,2025-12-21
2026-01-23,La Liga,Levante,Elche,H,0.520639312399379,0.2672599558654846,0.21210073173513647,,,,2026-01-23
2026-01-24,La Liga,Vallecano,Osasuna,A,0.46325035738262466,0.3275572528554385,0.20919238976193683,,,,2026-01-23
2026-01-24,La Liga,Valencia,Espanol,H,0.4276432127517833,0.3366969573986285,0.23565982984958816,,,,2026-01-23
2026-01-24,La Liga,Sevilla,Ath Bilbao,H,0.293504301448714,0.36354189694907446,0.3429538016022116,,,,2026-01-23
2026-01-24,La Liga,Villarreal,Real Madrid,A,0.3382648296392567,0.27820788641166355,0.38352728394907976,,,,2026-01-23
2026-01-25,La Liga,Ath Madrid,Mallorca,H,0.6662329742962817,0.24473458064031958,0.08903244506339891,,,,2026-01-23
2026-01-25,La Liga,Barcelona,Oviedo,H,0.8926842614487477,0.08501799772401425,0.022297740827238198,,,,2026-01-23
2026-01-25,La Liga,Sociedad,Celta,H,0.43787328289099076,0.3325908706198848,0.2295358464891245,,,,2026-01-23
2026-01-25,La Liga,Alaves,Betis,H,0.3503304153057002,0.3424727367176974,0.30719684797660224,,,,2026-01-23
2026-01-26,La Liga,Girona,Getafe,D,0.41271623606425467,0.35732099235835196,0.22996277157739345,,,,2026-01-23
2026-01-30,La Liga,Espanol,Alaves,A,0.3862775920629239,0.3511693918327427,0.26255301610433335,,,,2026-01-23
2026-01-31,La Liga,Elche,Barcelona,A,0.1439216877243235,0.2255906664519958,0.6304876458236807,,,,2026-01-23
2026-01-31,La Liga,Levante,Ath Madrid,D,0.21629476713100748,0.26986246234243455,0.513842770526558,,,,2026-01-23
2026-01-31,La Liga,Oviedo,Girona,H,0.2326822807955163,0.3235441778333668,0.44377354137111685,,,,2026-01-23
2026-01-31,La Liga,Osasuna,Villarreal,D,0.2639734324145155,0.32200591127815026,0.41402065630733415,,,,2026-01-23
2026-02-01,La Liga,Real Madrid,Vallecano,H,0.7169401310029351,0.19375480599355474,0.0893050630035103,,,,2026-01-23
2026-02-01,La Liga,Betis,Valencia,H,0.5151872061244974,0.30230079495117673,0.18251199892432587,,,,2026-01-23
2026-02-01,La Liga,Getafe,Celta,D,0.32392889956547616,0.3785843154493666,0.29748678498515724,,,,2026-01-23
2026-02-01,La Liga,Ath Bilbao,Sociedad,D,0.4504497306058018,0.3456930173320077,0.20385725206219046,,,,2026-01-23
2026-02-02,La Liga,Mallorca,Sevilla,H,0.36758552669215405,0.35886517252499284,0.2735493007828534,,,,2026-01-23
2026-02-06,La Liga,Celta,Osasuna,A,0.5021078003669854,0.31809666451279656,0.17979553512021812,,,,2026-01-23
2026-02-07,La Liga,Sociedad,Elche,H,0.5754825902430716,0.28668338273916305,0.1378340270177655,,,,2026-01-23
2026-02-07,La Liga,Barcelona,Mallorca,H,0.7614060951483737,0.1712707908152846,0.06732311403634161,,,,2026-01-23
2026-02-08,La Liga,Valencia,Real Madrid,A,0.19514501720401442,0.28326076566208414,0.5215942171339014,,,,2026-01-23
2026-02-08,La Liga,Ath Madrid,Betis,A,0.573092395974839,0.2746331193833541,0.15227448464180676,,,,2026-01-23
2026-02-08,La Liga,Alaves,Getafe,A,0.4097397999206014,0.3812224742054362,0.2090377258739624,,,,2026-01-23
2026-02-08,La Liga,Ath Bilbao,Levante,H,0.6062603455731402,0.25296886761677095,0.1407707868100886,,,,2026-01-23
2026-02-08,La Liga,Sevilla,Girona,D,0.4403479553816714,0.32150846602738975,0.2381435785909387,,,,2026-01-23
2026-02-09,La Liga,Villarreal,Espanol,H,0.6103520932970126,0.2532058894660956,0.1364420172368916,,,,2026-01-23
2026-02-13,La Liga,Elche,Osasuna,D,0.3685973163031397,0.3479119949187194,0.28349068877814093,,,,2026-01-23
2026-02-14,La Liga,Espanol,Celta,D,0.35346558413700624,0.33727042373345517,0.30926399212953865,,,,2026-01-23
2026-02-14,La Liga,Getafe,Villarreal,H,0.26153441328122556,0.3530872065079142,0.38537838021086024,,,,2026-01-23
2026-02-14,La Liga,Sevilla,Alaves,D,0.3977565384620396,0.3551907121065875,0.24705274943137284,,,,2026-01-23
2026-02-14,La Liga,Real Madrid,Sociedad,H,0.6355036306065008,0.24242562060809145,0.12207074878540794,,,,2026-01-23
2026-02-15,La Liga,Mallorca,Betis,A,0.30490303397596624,0.34149529359968095,0.35360167242435275,,,,2026-01-23
2026-02-15,La Liga,Levante,Valencia,A,0.4276900415194041,0.29599791295547234,0.2763120455251237,,,,2026-01-23
2026-02-15,La Liga,Vallecano,Ath Madrid,H,0.24233274331718238,0.3183847186295842,0.4392825380532335,,,,2026-01-23
2026-02-15,La Liga,Oviedo,Ath Bilbao,A,0.13809400337658964,0.31108713918563957,0.5508188574377709,,,,2026-01-23
2026-02-16,La Liga,Girona,Barcelona,H,0.19519615792326755,0.24093375896752195,0.5638700831092105,,,,2026-01-23
2026-02-18,La Liga,Levante,Villarreal,A,0.28797053204269246,0.26253356359840474,0.44949590435890274,,,,2026-01-23
2026-02-20,La Liga,Ath Bilbao,Elche,H,0.6173061960400867,0.27105562999719424,0.11163817396271902,,,,2026-01-23
2026-02-21,La Liga,Ath Madrid,Espanol,H,0.6567309272434823,0.24421319764633373,0.09905587511018421,,,,2026-01-23
2026-02-21,La Liga,Sociedad,Oviedo,D,0.690857279976327,0.2356694749401028,0.0734732450835703,,,,2026-01-23
2026-02-21,La Liga,Betis,Vallecano,D,0.5076191559387044,0.29451716293738844,0.19786368112390706,,,,2026-01-23
2026-02-21,La Liga,Osasuna,Real Madrid,H,0.17442225100133146,0.28267093017372497,0.5429068188249436,,,,2026-01-23
2026-02-22,La Liga,Celta,Mallorca,H,0.5112008878553821,0.31425379376950985,0.17454531837510814,,,,2026-02-22
2026-02-22,La Liga,Villarreal,Valencia,H,0.5706985353801984,0.2715660686383924,0.15773539598140895,,,,2026-02-22
2026-02-22,La Liga,Getafe,Sevilla,A,0.39104398883128877,0.37910971865404,0.22984629251467134,,,,2026-02-22
2026-02-22,La Liga,Barcelona,Levante,H,0.8188122231825429,0.12023554884592501,0.06095222797153221,,,,2026-02-22
2026-02-23,La Liga,Alaves,Girona,D,0.44647057842685417,0.3205468541925221,0.2329825673806236,,,,2026-02-22
2026-02-27,La Liga,Levante,Alaves,H,0.3673409653655208,0.31808321800152956,0.31457581663294965,,,,2026-02-22
2026-02-28,La Liga,Oviedo,Ath Madrid,A,0.10479936000987321,0.2652102926751016,0.6299903473150251,,,,2026-02-22
2026-02-28,La Liga,Mallorca,Sociedad,A,0.3053059684927139,0.356808334691908,0.3378856968153783,,,,2026-02-22
2026-02-28,La Liga,Vallecano,Ath Bilbao,D,0.3207929010318213,0.3462057197021136,0.33300137926606527,,,,2026-02-22
2026-02-28,La Liga,Barcelona,Villarreal,H,0.6324928746318543,0.20918233953384038,0.1583247858343052,,,,2026-02-22
2026-03-01,La Liga,Elche,Espanol,D,0.35020372744338457,0.3198191469403207,0.32997712561629466,,,,2026-02-22
2026-03-01,La Liga,Valencia,Osasuna,H,0.43524414791788385,0.34286643417518464,0.22188941790693165,,,,2026-02-22
2026-03-01,La Liga,Betis,Sevilla,D,0.5397743447929918,0.2938952477791746,0.16633040742783373,,,,2026-02-22
2026-03-01,La Liga,Girona,Celta,A,0.3676268515262734,0.3156943961922292,0.3166787522814974,,,,2026-02-22
2026-03-02,La Liga,Real Madrid,Getafe,A,0.6809006358234174,0.23551507959562448,0.08358428458095818,,,,2026-02-22
2026-03-04,La Liga,Vallecano,Oviedo,H,0.6375366734022924,0.257101694422831,0.10536163217487671,,,,2026-02-22
2026-03-06,La Liga,Celta,Real Madrid,A,0.2593053812094929,0.29021973895545955,0.45047487983504747,,,,2026-02-22
2026-03-07,La Liga,Osasuna,Mallorca,D,0.40668132320572703,0.35735322049902374,0.23596545629524937,,,,2026-02-22
2026-03-07,La Liga,Levante,Girona,D,0.4093698689757242,0.28516342909554265,0.3054667019287331,,,,2026-02-22
2026-03-07,La Liga,Ath Madrid,Sociedad,H,0.5504680146477865,0.29602182361563106,0.15351016173658233,,,,2026-02-22
2026-03-07,La Liga,Ath Bilbao,Barcelona,A,0.30549931853428824,0.2970750606347464,0.39742562083096533,,,,2026-02-22
2026-03-08,La Liga,Valencia,Alaves,H,0.3908901215293688,0.3508086270478847,0.25830125142274657,,,,2026-02-22
2026-03-08,La Liga,Sevilla,Vallecano,D,0.3690398701396179,0.3395669297436955,0.29139320011668657,,,,2026-02-22
2026-03-08,La Liga,Villarreal,Elche,H,0.7141400145435968,0.19476773154085664,0.09109225391554661,,,,2026-02-22
2026-03-08,La Liga,Getafe,Betis,H,0.30527925351584084,0.3680195443598989,0.32670120212426046,,,,2026-02-22
2026-03-09,La Liga,Espanol,Oviedo,D,0.5815533217557965,0.2855592753585373,0.13288740288566608,,,,2026-02-22
2026-03-13,La Liga,Alaves,Villarreal,D,0.3196325121689626,0.3263121919720494,0.354055295858988,,,,2026-02-22
2026-03-14,La Liga,Girona,Ath Bilbao,H,0.304060952956364,0.33416984816053247,0.36176919888310366,,,,2026-02-22
2026-03-14,La Liga,Ath Madrid,Getafe,H,0.6002955022341898,0.29582685524071106,0.10387764252509912,,,,2026-02-22
2026-03-14,La Liga,Oviedo,Valencia,H,0.2318621200271485,0.34444668197351763,0.42369119799933386,,,,2026-02-22
2026-03-14,La Liga,Real Madrid,Elche,H,0.8291749851332234,0.12539433719554213,0.04543067767123456,,,,2026-02-22
2026-03-15,La Liga,Betis,Celta,D,0.45465266526004194,0.3081883617028593,0.23715897303709885,,,,2026-02-22
2026-03-15,La Liga,Mallorca,Espanol,H,0.40751555192781486,0.3433645018735793,0.24911994619860595,,,,2026-02-22
2026-03-15,La Liga,Barcelona,Sevilla,H,0.7587401631134888,0.16950867821521642,0.07175115867129496,,,,2026-02-22
2026-03-15,La Liga,Sociedad,Osasuna,H,0.5093054204127154,0.319262853402417,0.17143172618486746,,,,2026-02-22
2026-03-16,La Liga,Vallecano,Levante,D,0.524557580296768,0.272654571531483,0.2027878481717489,,,,2026-02-22
2026-03-20,La Liga,Villarreal,Sociedad,H,0.49397062241364026,0.29518991283520385,0.2108394647511559,,,,2026-02-22
2026-03-21,La Liga,Elche,Mallorca,H,0.34406299270673,0.33808091920228955,0.3178560880909804,,,,2026-02-22
2026-03-21,La Liga,Espanol,Getafe,A,0.38192295601363235,0.3711995996660552,0.24687744432031244,,,,2026-02-22
2026-03-21,La Liga,Levante,Oviedo,H,0.5987309024802752,0.25990922514491316,0.141359872374812,,,,2026-02-22
2026-03-21,La Liga,Osasuna,Girona,H,0.39819454970851376,0.3301376338888371,0.2716678164026491,,,,2026-02-22
2026-03-21,La Liga,Sevilla,Valencia,A,0.3801023832389903,0.34909309534544364,0.27080452141556605,,,,2026-02-22
2026-03-22,La Liga,Barcelona,Vallecano,H,0.7286186335587066,0.17864040327809555,0.09274096316319792,,,,2026-02-22
2026-03-22,La Liga,Celta,Alaves,A,0.4587712462926264,0.32815970057099214,0.21306905313638136,,,,2026-02-22
2026-03-22,La Liga,Ath Bilbao,Betis,H,0.4558254638088916,0.32350743376394214,0.22066710242716606,,,,2026-02-22
2026-03-22,La Liga,Real Madrid,Ath Madrid,H,0.48943739549134657,0.28770972507884723,0.2228528794298061,,,,2026-02-22
2026-04-03,La Liga,Vallecano,Elche,H,0.5724098165980107,0.26820643371687325,0.15938374968511565,,,,2026-04-03
2026-04-04,La Liga,Ath Madrid,Barcelona,A,0.402227143894996,0.2778415670502626,0.3199312890547413,,,,2026-04-03
2026-04-04,La Liga,Betis,Espanol,D,0.5675829630563781,0.27226236823237726,0.16015466871124473,,,,2026-04-03
2026-04-04,La Liga,Sociedad,Levante,H,0.5675472238654874,0.2598162401242692,0.17263653601024326,,,,2026-04-03
2026-04-04,La Liga,Mallorca,Real Madrid,H,0.17323588630782796,0.2778534832566409,0.548910630435531,,,,2026-04-03
2026-04-05,La Liga,Getafe,Ath Bilbao,H,0.275156059106143,0.3892226973718739,0.3356212435219832,,,,2026-04-03
2026-04-05,La Liga,Valencia,Celta,A,0.3729893970351493,0.33255545225065414,0.2944551507141968,,,,2026-04-03
2026-04-05,La Liga,Oviedo,Sevilla,H,0.2957244739305283,0.35045995471248664,0.3538155713569849,,,,2026-04-03
2026-04-05,La Liga,Alaves,Osasuna,D,0.43675333778548175,0.3416873125787545,0.22155934963576374,,,,2026-04-03
2026-04-06,La Liga,Girona,Villarreal,H,0.32980889905633826,0.2910790179777864,0.3791120829658753,,,,2026-04-03
2026-04-10,La Liga,Real Madrid,Girona,D,0.7394663211217606,0.17651103602817675,0.08402264285006278,,,,2026-04-03
2026-04-11,La Liga,Sociedad,Alaves,D,0.48362293485353397,0.31863553825495616,0.19774152689150962,,,,2026-04-03
2026-04-11,La Liga,Elche,Valencia,H,0.34297551580664665,0.32064757911033087,0.33637690508302237,,,,2026-04-03
2026-04-11,La Liga,Barcelona,Espanol,H,0.7918812747001217,0.14442673928914346,0.06369198601073497,,,,2026-04-03
2026-04-11,La Liga,Sevilla,Ath Madrid,H,0.2212166480409745,0.32959395557935794,0.4491893963796675,,,,2026-04-03
2026-04-12,La Liga,Ath Bilbao,Villarreal,A,0.4301883337334965,0.3177346302485467,0.25207703601795667,,,,2026-04-03
2026-04-12,La Liga,Mallorca,Vallecano,H,0.34668993521113034,0.34520787704591377,0.30810218774295617,,,,2026-04-03
2026-04-12,La Liga,Osasuna,Betis,D,0.3278907981349854,0.3373711629122727,0.3347380389527419,,,,2026-04-03
2026-04-12,La Liga,Celta,Oviedo,A,0.6591402145072243,0.24059679053102123,0.10026299496175453,,,,2026-04-03
2026-04-13,La Liga,Levante,Getafe,H,0.4043187367088794,0.3364177479970715,0.259263515294049,,,,2026-04-03
2026-04-21,La Liga,Ath Bilbao,Osasuna,H,0.5422199480298379,0.3122935189368238,0.14548653303333814,,,,2026-04-03
2026-04-21,La Liga,Mallorca,Valencia,D,0.36614599294534855,0.3487265039049514,0.2851275031497,,,,2026-04-03
2026-04-21,La Liga,Girona,Betis,A,0.36711082156355596,0.30512148169104086,0.3277676967454031,,,,2026-04-03
2026-04-21,La Liga,Real Madrid,Alaves,H,0.7064821398491145,0.20592880625092272,0.0875890538999629,,,,2026-04-03
2026-04-22,La Liga,Elche,Ath Madrid,H,0.1821078376433693,0.279292821237271,0.5385993411193596,,,,2026-04-03
2026-04-22,La Liga,Sociedad,Getafe,A,0.4743107067778721,0.34610415077718343,0.17958514244494436,,,,2026-04-03
2026-04-22,La Liga,Barcelona,Celta,H,0.6922353761654265,0.1952777549382695,0.11248686889630426,,,,2026-04-03
2026-04-23,La Liga,Levante,Sevilla,H,0.4356206028177051,0.3052935397462282,0.25908585743606677,,,,2026-04-03
2026-04-23,La Liga,Vallecano,Espanol,H,0.5067245064639506,0.3002135438967444,0.19306194963930506,,,,2026-04-03
2026-04-23,La Liga,Oviedo,Villarreal,D,0.1828155958038247,0.2797474632438562,0.5374369409523191,,,,2026-04-03
2026-04-24,La Liga,Betis,Real Madrid,D,0.2812881773288815,0.287823395759371,0.4308884269117476,,,,2026-04-03
2026-04-25,La Liga,Alaves,Mallorca,H,0.46082882415001786,0.33433326648615114,0.20483790936383087,,,,2026-04-03
2026-04-25,La Liga,Getafe,Barcelona,A,0.18686180173609004,0.29329677666460097,0.5198414215993089,,,,2026-04-03
2026-04-25,La Liga,Valencia,Girona,H,0.44722921622423034,0.3092512204068598,0.24351956336890956,,,,2026-04-03
2026-04-25,La Liga,Ath Madrid,Ath Bilbao,H,0.49709316123350467,0.31837905048459464,0.1845277882819007,,,,2026-04-03
2026-04-26,La Liga,Vallecano,Sociedad,D,0.398602938385352,0.3292515377863454,0.2721455238283024,,,,2026-04-03
2026-04-26,La Liga,Oviedo,Elche,A,0.36559913414423895,0.31972718027112657,0.31467368558463454,,,,2026-04-03
2026-04-26,La Liga,Osasuna,Sevilla,H,0.41604214575834647,0.35008474509889537,0.2338731091427582,,,,2026-04-03
2026-04-26,La Liga,Villarreal,Celta,H,0.5157914079535966,0.27986873982056415,0.20433985222583917,,,,2026-04-03
2026-04-27,La Liga,Espanol,Levante,D,0.4599206513154284,0.2844831738538749,0.25559617483069674,,,,2026-04-03
2026-05-01,La Liga,Girona,Mallorca,A,0.48222919510852386,0.3075600500019979,0.21021075488947832,,,,2026-04-03
2026-05-02,La Liga,Osasuna,Barcelona,A,0.1869613913988526,0.2617463311733698,0.5512922774277779,,,,2026-04-03
2026-05-02,La Liga,Alaves,Ath Bilbao,A,0.30594024259181263,0.3587833363488002,0.33527642105938715,,,,2026-04-03
2026-05-02,La Liga,Valencia,Ath Madrid,A,0.25229451752010446,0.328371586540874,0.4193338959390216,,,,2026-04-03
2026-05-02,La Liga,Villarreal,Levante,H,0.6603049330568618,0.2081406904735499,0.13155437646958834,,,,2026-04-03
2026-05-03,La Liga,Celta,Elche,H,0.6023089184827644,0.24928604249065853,0.14840503902657717,,,,2026-05-03
2026-05-03,La Liga,Getafe,Vallecano,A,0.3543399079817119,0.36018178095589537,0.28547831106239274,,,,2026-05-03
2026-05-03,La Liga,Betis,Oviedo,H,0.652648597644381,0.23688534828128244,0.11046605407433678,,,,2026-05-03
2026-05-03,La Liga,Espanol,Real Madrid,A,0.18386483666577572,0.2651204249589552,0.551014738375269,,,,2026-05-03
2026-05-04,La Liga,Sevilla,Sociedad,H,0.3289439452622051,0.34484830109563913,0.32620775364215565,,,,2026-05-03
2026-05-08,La Liga,Levante,Osasuna,H,0.4175621466147049,0.31411651259736695,0.268321340787928,,,,2026-05-03
2026-05-09,La Liga,Ath Madrid,Celta,A,0.5582208624308492,0.27588512850279817,0.16589400906635246,,,,2026-05-03
2026-05-09,La Liga,Sociedad,Betis,D,0.4356856541857236,0.3129644280498508,0.2513499177644256,,,,2026-05-03
2026-05-09,La Liga,Sevilla,Espanol,H,0.4346489580916926,0.33078751181824123,0.2345635300900664,,,,2026-05-03
2026-05-09,La Liga,Elche,Alaves,D,0.35697312893915045,0.31653103001751137,0.32649584104333834,,,,2026-05-03
2026-05-10,La Liga,Mallorca,Villarreal,D,0.2886106663378936,0.3131485742687233,0.39824075939338305,,,,2026-05-03
2026-05-10,La Liga,Ath Bilbao,Valencia,A,0.5057526106251538,0.3159342781688286,0.17831311120601753,,,,2026-05-03
2026-05-10,La Liga,Oviedo,Getafe,D,0.32216629313484363,0.3668482580254296,0.3109854488397266,,,,2026-05-03
2026-05-10,La Liga,Barcelona,Real Madrid,H,0.5141210682658655,0.23765307366660182,0.24822585806753256,,,,2026-05-03
2026-05-11,La Liga,Vallecano,Girona,D,0.4716283134160359,0.29492000323094436,0.23345168335301977,,,,2026-05-03
2026-05-12,La Liga,Betis,Elche,H,0.6196583105274457,0.2400463839808738,0.14029530549168034,,,,2026-05-03
2026-05-12,La Liga,Osasuna,Ath Madrid,A,0.2705394069802993,0.3322004036746536,0.3972601893450471,,,,2026-05-03
2026-05-12,La Liga,Celta,Levante,A,0.5513310421941702,0.2663206952725799,0.1823482625332499,,,,2026-05-03
2026-05-13,La Liga,Alaves,Barcelona,H,0.2146488704303186,0.26601504234088863,0.5193360872287927,,,,2026-05-03
2026-05-13,La Liga,Getafe,Mallorca,H,0.4070309625941316,0.36787542297617465,0.225093614429694,,,,2026-05-03
2026-05-13,La Liga,Espanol,Ath Bilbao,H,0.29530811067897117,0.342708626489338,0.3619832628316907,,,,2026-05-03
2026-05-13,La Liga,Villarreal,Sevilla,A,0.5938986588559231,0.2635474669695995,0.1425538741744772,,,,2026-05-03
2026-05-14,La Liga,Girona,Sociedad,D,0.38237454099970786,0.31549971455138265,0.3021257444489092,,,,2026-05-03
2026-05-14,La Liga,Real Madrid,Oviedo,H,0.8295925259245573,0.12895899005893616,0.0414484840165065,,,,2026-05-03
2026-05-14,La Liga,Valencia,Vallecano,D,0.4209127113806675,0.3177730090642148,0.26131427955511766,,,,2026-05-03
2026-05-17,La Liga,Sociedad,Valencia,A,0.4930631964314624,0.30691624294469966,0.20002056062383808,,,,2026-05-03
2026-05-17,La Liga,Sevilla,Real Madrid,A,0.1894763119720793,0.2880178600830202,0.5225058279449004,,,,2026-05-03
2026-05-17,La Liga,Vallecano,Villarreal,H,0.36802518016977204,0.29732486255275375,0.3346499572774742,,,,2026-05-03
2026-05-17,La Liga,Oviedo,Alaves,A,0.29676654796132296,0.3352613794841733,0.36797207255450365,,,,2026-05-03
2026-05-17,La Liga,Barcelona,Betis,H,0.6931513606605587,0.19257647107112758,0.11427216826831356,,,,2026-05-03
2026-05-17,La Liga,Levante,Mallorca,H,0.4658622136131639,0.301487962498485,0.23264982388835104,,,,2026-05-03
2026-05-17,La Liga,Elche,Getafe,H,0.38226826968801436,0.34403545565264243,0.27369627465934326,,,,2026-05-03
2026-05-17,La Liga,Ath Madrid,Girona,H,0.6231329523298427,0.24435978390076796,0.13250726376938934,,,,2026-05-03
2026-05-17,La Liga,Ath Bilbao,Celta,D,0.46080868409029924,0.32497629539777295,0.21421502051192776,,,,2026-05-03
2026-05-17,La Liga,Osasuna,Espanol,A,0.46572596478630435,0.3224024468268102,0.21187158838688527,,,,2026-05-03
2026-05-23,La Liga,Mallorca,Oviedo,H,0.5134037469754793,0.305443639903756,0.18115261312076478,,,,2026-05-03
2026-05-23,La Liga,Girona,Elche,D,0.5538642244028427,0.26059174359120796,0.18554403200594938,,,,2026-05-03
2026-05-23,La Liga,Real Madrid,Ath Bilbao,H,0.5995202068592627,0.2604481586280152,0.14003163451272202,,,,2026-05-03
2026-05-23,La Liga,Getafe,Osasuna,H,0.36635955952557586,0.3785386631167684,0.25510177735765555,,,,2026-05-03
2026-05-23,La Liga,Valencia,Barcelona,H,0.21440574614761995,0.2588971919276167,0.5266970619247632,,,,2026-05-03
2026-05-23,La Liga,Celta,Sevilla,H,0.518223136087715,0.3065548108030342,0.1752220531092508,,,,2026-05-03
2026-05-23,La Liga,Betis,Levante,H,0.5687481483205267,0.257909958119141,0.17334189356033228,,,,2026-05-03
2026-05-23,La Liga,Alaves,Vallecano,A,0.4175497008014554,0.3240369473581047,0.2584133518404397,,,,2026-05-03
2026-05-23,La Liga,Espanol,Sociedad,D,0.3289673804811279,0.326586850383399,0.34444576913547326,,,,2026-05-03
2026-05-24,La Liga,Villarreal,Ath Madrid,H,0.3991729635941163,0.2953959573336872,0.3054310790721966,,,,2026-05-03
