Date,liga,HomeTeam,AwayTeam,FTR,prob_casa_modelo,prob_empate_modelo,prob_fora_modelo,prob_casa_odds,prob_empate_odds,prob_fora_odds,data_corte_modelo
2023-08-21,mls,Vancouver Whitecaps,San Jose Earthquakes,A,0.536478596237338,0.23222443884682942,0.23129696491583276,0.5424916684478778,0.22902360531172195,0.22848472624040028,2023-08-21
2023-08-21,mls,Seattle Sounders,Atlanta Utd,A,0.5156529596524224,0.26330023714580214,0.22104680320177547,0.5489034101431255,0.24349850525146166,0.20759808460541285,2023-08-21
2023-08-21,mls,St. Louis City,Austin FC,H,0.6506282570543449,0.20129011824759402,0.14808162469806108,0.4955599981403134,0.23236784601794602,0.2720721558417407,2023-08-21
2023-08-21,mls,Houston Dynamo,Portland Timbers,H,0.4131083297237522,0.27109378023681197,0.3157978900394356,0.5217949528809057,0.24821959395357665,0.2299854531655177,2023-08-21
2023-08-21,mls,Chicago Fire,Orlando City,A,0.45983778763354327,0.2689141270342525,0.2712480853322044,0.41979800374945353,0.26904181455766085,0.3111601816928857,2023-08-21
2023-08-21,mls,Toronto FC,CF Montreal,A,0.3957719234841858,0.2796712940670835,0.3245567824487306,0.42633846564911,0.281754116428977,0.29190741792191316,2023-08-21
2023-08-21,mls,New York Red Bulls,DC United,H,0.5638933842240703,0.2572124470731149,0.1788941687028147,0.5540903443023768,0.2565233075473967,0.18938634815022645,2023-08-21
2023-08-21,mls,New York City,Minnesota United,A,0.5898527950994574,0.242408749834989,0.16773845506555374,0.5415738151031824,0.237602237508504,0.22082394738831357,2023-08-21
2023-08-21,mls,Columbus Crew,FC Cincinnati,H,0.5729212826501268,0.2232952895045351,0.20378342784533826,0.4357857695928925,0.25373427315721936,0.31047995724988825,2023-08-21
2023-08-24,mls,Los Angeles FC,Colorado Rapids,H,0.6521735440407381,0.21393033965874456,0.13389611630051726,0.7113465064167855,0.17783662660419639,0.11081686697901814,2023-08-21
2023-08-27,mls,Minnesota United,Seattle Sounders,D,0.41077540767075665,0.2960711095005329,0.29315348282871023,0.4360898963324078,0.26283255914088355,0.30107754452670876,2023-08-21
2023-08-27,mls,Portland Timbers,Vancouver Whitecaps,A,0.5605354168273343,0.23100769980175573,0.20845688337090984,0.3939654562581212,0.25473682642868045,0.35129771731319837,2023-08-21
2023-08-27,mls,Los Angeles Galaxy,Chicago Fire,H,0.49295032158555585,0.2509371014551295,0.25611257695931466,0.5361347471042295,0.22833032759027183,0.23553492530549885,2023-08-21
2023-08-27,mls,Real Salt Lake,Houston Dynamo,A,0.5720365635771119,0.24055665183688854,0.18740678458599952,0.4788172050411955,0.26129003393377065,0.25989276102503384,2023-08-21
2023-08-27,mls,Sporting Kansas City,San Jose Earthquakes,H,0.5584749349251342,0.23194911759143705,0.20957594748342895,0.536464154011529,0.24582281487616894,0.21771303111230214,2023-08-21
2023-08-27,mls,FC Dallas,Austin FC,H,0.5108441356809577,0.2634268643024597,0.2257290000165827,0.44629385443462094,0.2615377964159875,0.2921683491493915,2023-08-21
2023-08-27,mls,Orlando City,St. Louis City,H,0.3966560436537863,0.2660014524089697,0.33734250393724413,0.55402467676481,0.23194813022450184,0.2140271930106882,2023-08-21
2023-08-27,mls,CF Montreal,New England Revolution,H,0.4121973703877203,0.2673641156076294,0.3204385140046503,0.47887362665686095,0.2518428658324942,0.2692835075106448,2023-08-21
2023-08-27,mls,FC Cincinnati,New York City,H,0.42935455331471656,0.2654832852306058,0.3051621614546775,0.4839152289091157,0.2716954218176878,0.24438934927319655,2023-08-21
2023-08-27,mls,DC United,Philadelphia Union,A,0.2587573940435917,0.25975310283477554,0.48148950312163297,0.3875524417324592,0.26871730075924655,0.34373025750829417,2023-08-21
2023-08-27,mls,Columbus Crew,Toronto FC,H,0.6729740440709835,0.2009668818687689,0.12605907406024772,0.7137969424606947,0.16679791095301458,0.11940514658629087,2023-08-21
2023-08-27,mls,Charlotte,Los Angeles FC,H,0.36462853811506873,0.25708851275575906,0.37828294912917226,0.3209283450144231,0.25257477542693557,0.42649687955864124,2023-08-21
2023-08-27,mls,Atlanta Utd,Nashville SC,H,0.39793287984373127,0.2883002932553852,0.3137668269008836,0.48606537900132385,0.2511965782952578,0.2627380427034183,2023-08-21
2023-08-27,mls,New York Red Bulls,Inter Miami,A,0.5747640257266327,0.26201651988090385,0.1632194543924636,0.5133604512663775,0.2615232487583432,0.22511629997527924,2023-08-21
2023-08-31,mls,Houston Dynamo,Columbus Crew,H,0.351116730751778,0.27404714512550854,0.3748361241227132,0.5449450983679188,0.23658592075485257,0.21846898087722869,2023-08-21
2023-08-31,mls,San Jose Earthquakes,Los Angeles Galaxy,A,0.5040810573237334,0.23348849839342772,0.2624304442828391,0.48615608093890217,0.2538674051900272,0.2599765138710706,2023-08-21
2023-08-31,mls,Portland Timbers,Real Salt Lake,H,0.5162338242058976,0.24690881151001035,0.2368573642840921,0.5092456088623057,0.24135461859230864,0.24939977254538565,2023-08-21
2023-08-31,mls,St. Louis City,FC Dallas,H,0.590374119879383,0.24325923403728664,0.16636664608333018,0.4883974479769564,0.2745511077610574,0.23705144426198618,2023-08-21
2023-08-31,mls,Minnesota United,Colorado Rapids,H,0.52898381023855,0.2664380702688356,0.20457811949261434,0.605734058329214,0.22026693030153235,0.17399901136925358,2023-08-21
2023-08-31,mls,Chicago Fire,Vancouver Whitecaps,A,0.5186937469552765,0.2511658324727945,0.23014042057192916,0.43275724308527524,0.2610465943543886,0.30619616256033627,2023-08-21
2023-08-31,mls,New England Revolution,New York Red Bulls,H,0.5281148805783921,0.2697093290631467,0.2021757903584611,0.37890050240529394,0.27822122605188726,0.3428782715428188,2023-08-21
2023-08-31,mls,Toronto FC,Philadelphia Union,H,0.22541181290685308,0.2641529426739857,0.5104352444191612,0.25988459642062334,0.244213163470636,0.4959022401087405,2023-08-21
2023-08-31,mls,New York City,CF Montreal,H,0.5836516314839799,0.2434284830140474,0.17291988550197274,0.5418795710356484,0.25391739061618085,0.2042030383481707,2023-08-21
2023-08-31,mls,Inter Miami,Nashville SC,D,0.29024045371833795,0.30307714272454755,0.40668240355711444,0.6514944969794373,0.20097863364376012,0.14752686937680265,2023-08-21
2023-08-31,mls,Charlotte,Orlando City,D,0.44560411655240995,0.2583823012079704,0.2960135822396196,0.4284389080307448,0.2657257708278116,0.30583532114144363,2023-08-21
2023-08-31,mls,Atlanta Utd,FC Cincinnati,A,0.527753785615573,0.23054985268805836,0.24169636169636877,0.5044711163599469,0.23863462121928858,0.2568942624207645,2023-08-21
2023-08-31,mls,Austin FC,Seattle Sounders,A,0.4239637302486129,0.2813624970971247,0.2946737726542624,0.5033283877998503,0.2597389808699762,0.23693263133017345,2023-08-21
2023-09-02,mls,New York City,Vancouver Whitecaps,D,0.6264254368575426,0.22090755786635974,0.15266700527609786,0.5035267835142994,0.2498217717693053,0.24665144471639533,2023-08-21
2023-09-03,mls,Seattle Sounders,Portland Timbers,D,0.5272962747928513,0.26394859822920563,0.2087551269779431,0.5279185929772809,0.2542853955702086,0.21779601145251054,2023-08-21
2023-09-03,mls,San Jose Earthquakes,Minnesota United,D,0.467248473846585,0.2558250441873161,0.276926481966099,0.493613839241005,0.2406978374516782,0.2656883233073169,2023-08-21
2023-09-03,mls,Real Salt Lake,Colorado Rapids,H,0.5491022945601267,0.2558031730312167,0.19509453240865643,0.5852063052850031,0.23184784409859305,0.18294585061640398,2023-08-21
2023-09-03,mls,Sporting Kansas City,St. Louis City,H,0.37214303351435735,0.26731903807386354,0.3605379284117794,0.5541368965667164,0.24550368835234268,0.20035941508094088,2023-08-21
2023-09-03,mls,Nashville SC,Charlotte,D,0.632878359164893,0.22862831824306468,0.13849332259204222,0.5278780262840234,0.25627851407984253,0.21584345963613402,2023-08-21
2023-09-03,mls,Los Angeles Galaxy,Houston Dynamo,D,0.5529622575258155,0.23648653499311745,0.21055120748106687,0.4442870052412795,0.2643990601843484,0.29131393457437194,2023-08-21
2023-09-03,mls,New England Revolution,Austin FC,D,0.6127469562924924,0.21419393509155685,0.17305910861595084,0.48846639094852884,0.24301202949689313,0.26852157955457806,2023-08-21
2023-09-03,mls,FC Cincinnati,Orlando City,A,0.5218855521742881,0.23844161303887831,0.23967283478683354,0.5416565591223956,0.2524909481325751,0.20585249274502937,2023-08-21
2023-09-03,mls,DC United,Chicago Fire,H,0.4553424737953043,0.2653186355329792,0.2793388906717162,0.515689593699108,0.25181725614398,0.23249315015691202,2023-08-21
2023-09-03,mls,CF Montreal,Columbus Crew,A,0.42215323944090954,0.2669404922726598,0.3109062682864306,0.28709551879634826,0.2602282911015028,0.4526761901021491,2023-08-21
2023-09-03,mls,FC Dallas,Atlanta Utd,D,0.47491883820350683,0.2711837865771582,0.253897375219335,0.4054248248607868,0.26585234417100767,0.3287228309682055,2023-08-21
2023-09-04,mls,Philadelphia Union,New York Red Bulls,H,0.6158971329397659,0.2454821127460465,0.13862075431418772,0.4925949774629749,0.26955891822279465,0.23784610431423053,2023-08-21
2023-09-04,mls,Los Angeles FC,Inter Miami,A,0.6908284724001473,0.19075952990565878,0.11841199769419385,0.4747191011235955,0.23735955056179775,0.2879213483146067,2023-08-21
2023-09-10,mls,Portland Timbers,Los Angeles FC,H,0.4176458831213347,0.2571121772102422,0.325241939668423,0.32529225931371836,0.24811833044592294,0.42658941024035874,2023-08-21
2023-09-10,mls,Minnesota United,New England Revolution,D,0.40259355974760164,0.2697009588846654,0.3277054813677329,0.5067401242527254,0.24569218145586685,0.2475676942914078,2023-08-21
2023-09-10,mls,DC United,San Jose Earthquakes,D,0.5066058025036968,0.24018368049393343,0.2532105170023698,0.5519408719625757,0.23074012699623117,0.21731900104119312,2023-08-21
2023-09-10,mls,Inter Miami,Sporting Kansas City,H,0.4147900813518983,0.274199269506163,0.31101064914193877,0.44000452094400233,0.2731488739568104,0.28684660509918736,2023-08-21
2023-09-11,mls,Los Angeles Galaxy,St. Louis City,D,0.35459653822963094,0.2531153086584604,0.3922881531119087,0.46686648902085875,0.24835864377580213,0.28477486720333905,2023-08-21
2023-09-16,mls,New York City,New York Red Bulls,D,0.5189575839242709,0.2862386005629051,0.194803815512824,0.4519809508849842,0.2962680013422915,0.2517510477727244,2023-08-21
2023-09-16,mls,Atlanta Utd,Inter Miami,H,0.6225914965909819,0.21723354880367107,0.160174954605347,0.5160136927099689,0.23635159546188025,0.2476347118281509,2023-08-21
2023-09-17,mls,Minnesota United,Sporting Kansas City,A,0.49169501212210703,0.2607208067176044,0.24758418116028835,0.4624194299093101,0.2502785574251421,0.2873020126655477,2023-08-21
2023-09-17,mls,Los Angeles FC,Los Angeles Galaxy,H,0.663046886623487,0.19092550167970623,0.14602761169680673,0.6520678740075762,0.18865653053811426,0.1592755954543096,2023-08-21
2023-09-17,mls,San Jose Earthquakes,Real Salt Lake,H,0.45727016605524345,0.252207887985142,0.2905219459596145,0.4381197930114076,0.2607576247949933,0.30112258219359905,2023-08-21
2023-09-17,mls,Colorado Rapids,New England Revolution,H,0.3465632500493858,0.2846025285441368,0.3688342214064773,0.4566268532453809,0.26145569822921,0.28191744852540906,2023-08-21
2023-09-17,mls,Houston Dynamo,St. Louis City,D,0.3064414997682797,0.2715940223095113,0.4219644779222088,0.5662849452809587,0.23446664804611125,0.19924840667292992,2023-08-21
2023-09-17,mls,Charlotte,DC United,D,0.5320143766998923,0.23827480946722024,0.22971081383288763,0.4864585626937213,0.25270574685388114,0.26083569045239746,2023-08-21
2023-09-17,mls,Toronto FC,Vancouver Whitecaps,A,0.4329922251391859,0.2664053747263754,0.3006024001344387,0.3034277283192085,0.2524644147772226,0.4441078569035688,2023-08-21
2023-09-17,mls,Philadelphia Union,FC Cincinnati,D,0.6820023566126722,0.19105912607990785,0.12693851730741992,0.511363489874054,0.2584017635001869,0.23023474662575893,2023-08-21
2023-09-17,mls,Orlando City,Columbus Crew,H,0.4464229031548711,0.2607760992678239,0.292800997577305,0.3925183621279253,0.25350144220761844,0.35398019566445627,2023-08-21
2023-09-17,mls,CF Montreal,Chicago Fire,D,0.5047418544331876,0.2629193469966384,0.2323387985701739,0.4765328746969478,0.2656084875360037,0.2578586377670487,2023-08-21
2023-09-17,mls,FC Dallas,Seattle Sounders,D,0.41987655602121804,0.31202699691322305,0.26809644706555874,0.4380935708346098,0.29471749310691936,0.2671889360584708,2023-08-21
2023-09-18,mls,Austin FC,Portland Timbers,A,0.49280030112233986,0.2456200981671305,0.2615796007105296,0.5304591442586025,0.23335101778683717,0.23618983795456028,2023-08-21
2023-09-21,mls,Portland Timbers,San Jose Earthquakes,H,0.5770511019523566,0.22620184614704852,0.19674705190059483,0.5160735377188929,0.24377342987726594,0.24015303240384123,2023-09-21
2023-09-21,mls,Los Angeles Galaxy,Minnesota United,H,0.48341396664991887,0.25399336312362286,0.2625926702264581,0.4525534627420267,0.2355907856889485,0.3118557515690248,2023-09-21
2023-09-21,mls,Real Salt Lake,FC Dallas,A,0.4563739862953187,0.2852555028054561,0.2583705108992252,0.5360685865454069,0.24879080555056066,0.21514060790403247,2023-09-21
2023-09-21,mls,Colorado Rapids,Seattle Sounders,A,0.3431814703601117,0.3152828897992635,0.3415356398406248,0.3553314176614661,0.2906292789231096,0.35403930341542444,2023-09-21
2023-09-21,mls,St. Louis City,Los Angeles FC,D,0.5498870091823004,0.2235895146986019,0.22652347611909796,0.3847079197780302,0.25346641589542096,0.36182566432654883,2023-09-21
2023-09-21,mls,Sporting Kansas City,Nashville SC,A,0.3960480063103971,0.3011674101533898,0.302784583536213,0.4656793465872229,0.2733904029121617,0.26093025050061547,2023-09-21
2023-09-21,mls,Houston Dynamo,Vancouver Whitecaps,H,0.4886151206381185,0.2633626091315457,0.24802227023033596,0.48571561867883223,0.26589310290819546,0.2483912784129724,2023-09-21
2023-09-21,mls,New York Red Bulls,Austin FC,D,0.5098534787760147,0.272042344736094,0.21810417648789154,0.573442358821799,0.2346531686219952,0.19190447255620596,2023-09-21
2023-09-21,mls,New York City,Orlando City,H,0.5181140295575675,0.26425730747060516,0.2176286629718272,0.46355434828503467,0.26452829657569915,0.2719173551392661,2023-09-21
2023-09-21,mls,Inter Miami,Toronto FC,H,0.5386258379152009,0.25144872558572456,0.20992543649907433,0.727788279773157,0.15879017013232516,0.11342155009451796,2023-09-21
2023-09-21,mls,DC United,Atlanta Utd,D,0.40040586179276755,0.25668100712221076,0.34291313108502164,0.4609321956784982,0.24073438932713642,0.2983334149943654,2023-09-21
2023-09-21,mls,Columbus Crew,Chicago Fire,H,0.6370886278614947,0.21602515906316327,0.14688621307534214,0.6598552703605006,0.1883470383359099,0.15179769130358936,2023-09-21
2023-09-21,mls,Charlotte,Philadelphia Union,D,0.2839421010770195,0.2664948465755125,0.44956305234746785,0.4020899591094957,0.26805997273966375,0.3298500681508405,2023-09-21
2023-09-21,mls,CF Montreal,FC Cincinnati,D,0.464659241687488,0.25551584401569083,0.2798249142968212,0.3312737642585551,0.27281368821292773,0.39591254752851707,2023-09-21
2023-09-24,mls,San Jose Earthquakes,Nashville SC,D,0.3424782022260898,0.2974456061531583,0.3600761916207518,0.4248643154188879,0.2811963243668362,0.2939393602142759,2023-09-21
2023-09-24,mls,Portland Timbers,Colorado Rapids,H,0.5795130806579886,0.2419509222259712,0.17853599711604032,0.6347843162924658,0.21298684296655102,0.15222884074098317,2023-09-21
2023-09-24,mls,Real Salt Lake,Vancouver Whitecaps,H,0.5130063794995988,0.25023175946304793,0.2367618610373533,0.4562437914570449,0.257089755503573,0.2866664530393822,2023-09-21
2023-09-24,mls,Sporting Kansas City,Houston Dynamo,H,0.5274333458734448,0.25727362128875036,0.2152930328378049,0.43615469742830554,0.2811054841806709,0.28273981839102363,2023-09-21
2023-09-24,mls,Minnesota United,St. Louis City,A,0.3938702530253863,0.2645980372123672,0.3415317097622464,0.5275980110442018,0.23677569276130037,0.23562629619449793,2023-09-21
2023-09-24,mls,New York City,Toronto FC,H,0.6470448128305389,0.22351683552159676,0.12943835164786438,0.6774893950664442,0.18739068374178242,0.13511992119177338,2023-09-21
2023-09-24,mls,Chicago Fire,New England Revolution,D,0.3610438958937714,0.28278966029787717,0.35616644380835144,0.39040252328026437,0.2599203965154701,0.34967708020426563,2023-09-21
2023-09-24,mls,Philadelphia Union,Los Angeles FC,D,0.6069782182388578,0.21847444633877205,0.17454733542237003,0.4460534484501104,0.26280986962736236,0.29113668192252723,2023-09-21
2023-09-24,mls,FC Cincinnati,Charlotte,H,0.5847109077658276,0.22605665167339498,0.18923244056077726,0.5948393205894538,0.2218737053914896,0.18328697401905664,2023-09-21
2023-09-24,mls,DC United,New York Red Bulls,A,0.4060335693619744,0.3047365495530613,0.2892298810849643,0.39770554493307836,0.289993626513703,0.31230082855321856,2023-09-21
2023-09-24,mls,Atlanta Utd,CF Montreal,H,0.5791647488825705,0.22670092968830177,0.1941343214291276,0.5925339559341207,0.22236972259312537,0.18509632147275387,2023-09-21
2023-09-24,mls,FC Dallas,Columbus Crew,D,0.4232114861741919,0.2821925155470196,0.2945959982787886,0.3843907780278606,0.27317659225013685,0.34243262972200256,2023-09-21
2023-09-25,mls,Orlando City,Inter Miami,D,0.6051280367325321,0.2254211248857731,0.16945083838169475,0.5631742904917882,0.21865909247085236,0.21816661703735937,2023-09-21
2023-09-25,mls,Austin FC,Los Angeles Galaxy,D,0.5284906861230373,0.22626143442178204,0.24524787945518084,0.48626462066745363,0.22937010408842148,0.2843652752441249,2023-09-21
2023-09-28,mls,Philadelphia Union,FC Dallas,D,0.640181095378641,0.22701974213943782,0.1327991624819212,0.6100745776688905,0.22717062728185852,0.162754795049251,2023-09-21
2023-09-28,mls,Colorado Rapids,Vancouver Whitecaps,D,0.42447307685662994,0.28209242767679543,0.2934344954665745,0.36326530612244895,0.2734693877551021,0.36326530612244895,2023-09-21
2023-10-01,mls,Vancouver Whitecaps,DC United,D,0.5454076450476941,0.24204113506771585,0.21255121988458991,0.5677274908044139,0.22789061250599713,0.20438189668958898,2023-09-21
2023-10-01,mls,Los Angeles Galaxy,Portland Timbers,D,0.4956572624350212,0.2370989272499952,0.2672438103149835,0.42131863082931315,0.2476453020905123,0.3310360670801746,2023-09-21
2023-10-01,mls,Colorado Rapids,Austin FC,H,0.43411721784904633,0.2716712317868864,0.29421155036406715,0.44183514210010527,0.2627127871946572,0.2954520707052376,2023-09-21
2023-10-01,mls,St. Louis City,Sporting Kansas City,H,0.6254408816527979,0.2086566667871453,0.16590245156005667,0.45689122483042727,0.2602081039809652,0.28290067118860757,2023-09-21
2023-10-01,mls,Minnesota United,San Jose Earthquakes,D,0.5545342675041761,0.2457018077102532,0.19976392478557062,0.5670544698755481,0.2292347856943705,0.20371074443008136,2023-09-21
2023-10-01,mls,Houston Dynamo,FC Dallas,D,0.43415072955565576,0.29798299933800854,0.2678662711063358,0.5161764705882353,0.2764705882352942,0.20735294117647063,2023-09-21
2023-10-01,mls,Nashville SC,Seattle Sounders,D,0.48457083554778824,0.30632754963612746,0.20910161481608416,0.49594601732516375,0.2769385167969575,0.22711546587787873,2023-09-21
2023-10-01,mls,Orlando City,CF Montreal,H,0.5541609662433312,0.24305107930796063,0.20278795444870773,0.5894403017056655,0.22670780834833287,0.18385188994600155,2023-09-21
2023-10-01,mls,New York Red Bulls,Chicago Fire,A,0.5173811107619656,0.29063829778606765,0.19198059145196686,0.608078020862989,0.22749271839344767,0.16442926074356337,2023-09-21
2023-10-01,mls,New England Revolution,Charlotte,H,0.6191517562376854,0.2215106216144875,0.159337622147827,0.5138259752552229,0.24278277330809278,0.24339125143668447,2023-09-21
2023-10-01,mls,Inter Miami,New York City,D,0.35849526413354427,0.29032698509659405,0.35117775076986146,0.3770302951700146,0.2755632185661863,0.34740648626379916,2023-09-21
2023-10-01,mls,Columbus Crew,Philadelphia Union,D,0.40200279611432715,0.2619144120188858,0.3360827918667869,0.6059515250720805,0.212149330440991,0.18189914448692848,2023-09-21
2023-10-01,mls,Toronto FC,FC Cincinnati,A,0.3705889076053924,0.2654007302310605,0.3640103621635471,0.19342734951741186,0.21205055165913206,0.5945220988234561,2023-09-21
2023-10-02,mls,Los Angeles FC,Real Salt Lake,A,0.6178783391741525,0.21476152393076384,0.16736013689508364,0.6333561345687457,0.1990547851501772,0.16758908028107705,2023-09-21
2023-10-05,mls,Vancouver Whitecaps,St. Louis City,H,0.37961539395272487,0.25217583748596434,0.36820876856131085,0.5981408248163935,0.20883365004365467,0.19302552513995172,2023-09-21
2023-10-05,mls,Seattle Sounders,Los Angeles Galaxy,H,0.5676906185073882,0.2434582992232142,0.18885108226939742,0.6184110034240613,0.22268469618710462,0.15890430038883407,2023-09-21
2023-10-05,mls,Los Angeles FC,Minnesota United,H,0.5927483342760682,0.2298925012599289,0.17735916446400263,0.6373069839920669,0.1985054540303159,0.1641875619776172,2023-09-21
2023-10-05,mls,Nashville SC,Orlando City,A,0.524250928950177,0.2731839534532777,0.20256511759654514,0.4500075631523218,0.2777189532597186,0.27227348358795944,2023-09-21
2023-10-05,mls,Chicago Fire,Inter Miami,H,0.4918804625432596,0.2686230414078151,0.23949649604892503,0.43212547322877226,0.2723479873290582,0.2955265394421695,2023-09-21
2023-10-05,mls,FC Cincinnati,New York Red Bulls,A,0.4968650636092567,0.277102403352911,0.2260325330378325,0.4086934195224358,0.2947546480192113,0.2965519324583528,2023-09-21
2023-10-05,mls,Philadelphia Union,Atlanta Utd,H,0.6537148726873102,0.19930388760543705,0.14698123970725263,0.4881690702555454,0.24347279443822942,0.26835813530622527,2023-09-21
2023-10-05,mls,New England Revolution,Columbus Crew,A,0.5061165231446049,0.24702073921035808,0.24686273764503722,0.3752254489374494,0.25242439292155683,0.37235015814099387,2023-09-21
2023-10-05,mls,Charlotte,Toronto FC,H,0.558359507401595,0.2459701211693616,0.19567037142904317,0.6979335414279506,0.17574775771464698,0.12631870085740252,2023-09-21
2023-10-05,mls,CF Montreal,Houston Dynamo,D,0.5019070503723434,0.26588405397434883,0.23220889565330768,0.4052753438961275,0.28692059744858583,0.3078040586552867,2023-09-21
2023-10-05,mls,Austin FC,DC United,H,0.5532780940018613,0.23257138942770383,0.21415051657043485,0.4359265616891247,0.25249772274460985,0.3115757155662654,2023-09-21
2023-10-08,mls,FC Dallas,San Jose Earthquakes,D,0.5502169864116597,0.25711279074411264,0.1926702228442276,0.49790961576746967,0.2652797133187338,0.23681067091379654,2023-09-21
2023-10-08,mls,Houston Dynamo,Colorado Rapids,H,0.5297254635261387,0.27078564130615995,0.19948889516770127,0.6823820397052677,0.19694766186615448,0.12067029842857785,2023-09-21
2023-10-08,mls,Orlando City,New England Revolution,H,0.4663821340548953,0.2602639763751938,0.2733538895699108,0.5549419052967588,0.23067656395946032,0.214381530743781,2023-09-21
2023-10-08,mls,Real Salt Lake,Sporting Kansas City,A,0.4801306781668574,0.26040621723093765,0.25946310460220495,0.5542734606351476,0.23486163586235068,0.21086490350250184,2023-09-21
2023-10-08,mls,Seattle Sounders,Vancouver Whitecaps,D,0.5513524978293108,0.2581306118735014,0.19051689029718724,0.49282460251214333,0.2674557760189869,0.23971962146886974,2023-09-21
2023-10-08,mls,Minnesota United,Los Angeles Galaxy,H,0.5312219781544667,0.24358984000380254,0.2251881818417308,0.5679110405083401,0.20969023034154094,0.22239872915011916,2023-09-21
2023-10-08,mls,Chicago Fire,Charlotte,A,0.47179439473981566,0.27317808310332986,0.25502752215685415,0.4161456193152161,0.2624745954710527,0.3213797852137312,2023-09-21
2023-10-08,mls,Inter Miami,FC Cincinnati,A,0.41607683818743674,0.2595648532343573,0.3243583085782059,0.42137091635932034,0.24642197893418477,0.33220710470649484,2023-09-21
2023-10-08,mls,Philadelphia Union,Nashville SC,D,0.5573960651700908,0.264085784082704,0.17851815074720506,0.5012655204556538,0.2650527272546333,0.23368175228971297,2023-09-21
2023-10-08,mls,Atlanta Utd,Columbus Crew,D,0.4911582823033535,0.23869094468229884,0.27015077301434787,0.45447924253459576,0.23379461034231605,0.3117261471230881,2023-09-21
2023-10-08,mls,CF Montreal,Portland Timbers,H,0.48642744305114843,0.2548056926319612,0.2587668643168903,0.43252121543936495,0.25951272926361896,0.30796605529701615,2023-09-21
2023-10-08,mls,Austin FC,Los Angeles FC,A,0.4013761370356523,0.24792127339632858,0.3507025895680191,0.2878863597959308,0.2637007848537253,0.44841285535034386,2023-09-21
2023-10-08,mls,DC United,New York City,H,0.36226183054322614,0.28908318268479183,0.348654986771982,0.3391919600752979,0.28054205343403604,0.38026598649066606,2023-09-21
2023-10-08,mls,New York Red Bulls,Toronto FC,H,0.5667393224048777,0.2682689170984409,0.16499176049668124,0.75976911671027,0.15438508451552688,0.08584579877420312,2023-09-21
2023-10-15,mls,FC Dallas,Colorado Rapids,D,0.5498166681853426,0.2750881321223961,0.17509519969226112,0.6416728594355943,0.2197111151355436,0.13861602542886226,2023-09-21
2023-10-15,mls,Nashville SC,New England Revolution,H,0.4886418594914748,0.2840305925837309,0.2273275479247943,0.533319036823724,0.25146130751792173,0.21521965565835427,2023-09-21
2023-10-15,mls,Los Angeles Galaxy,Real Salt Lake,D,0.5060689943560408,0.24140799169379423,0.2525230139501649,0.40560022179096206,0.25284169670085943,0.34155808150817857,2023-09-21
2023-10-19,mls,Inter Miami,Charlotte,D,0.4784622765609421,0.2625951164151677,0.2589426070238901,0.4022294855840593,0.26668365893518453,0.3310868554807563,2023-09-21
2023-10-21,mls,Charlotte,Inter Miami,H,0.5405678278267013,0.25000030127017686,0.20943187090312176,0.4885857414505849,0.2287730883498033,0.28264117019961166,2023-10-21
2023-10-21,mls,Columbus Crew,CF Montreal,H,0.6237415162888044,0.22089001628134777,0.1553684674298478,0.6717092145638353,0.178791362102019,0.14949942333414573,2023-10-21
2023-10-21,mls,FC Cincinnati,Atlanta Utd,D,0.5047815993178016,0.2386539321088972,0.2565644685733013,0.557526327374677,0.2136774911083564,0.2287961815169665,2023-10-21
2023-10-21,mls,Nashville SC,New York Red Bulls,A,0.5018295685963842,0.3155584860615427,0.1826119453420733,0.41919597651973445,0.2956032418011501,0.28520078167911544,2023-10-21
2023-10-21,mls,New England Revolution,Philadelphia Union,H,0.3872906214760661,0.27394537543027137,0.33876400309366284,0.3873639189839782,0.2538599051304922,0.3587761758855296,2023-10-21
2023-10-21,mls,New York City,Chicago Fire,H,0.5944425662154146,0.2544235047054511,0.15113392907913445,0.589026626223531,0.2254974323129527,0.1854759414635164,2023-10-21
2023-10-21,mls,Toronto FC,Orlando City,A,0.30937359315045415,0.2775551830999178,0.413071223749628,0.38020493988035303,0.2482971035953326,0.3714979565243144,2023-10-21
2023-10-22,mls,Vancouver Whitecaps,Los Angeles FC,D,0.3761298696107809,0.26664259281537156,0.3572275375738477,0.3476196129645019,0.25347263445328266,0.39890775258221534,2023-10-21
2023-10-22,mls,St. Louis City,Seattle Sounders,A,0.5299892762185037,0.2666416105328054,0.20336911324869092,0.3983009626370146,0.267728470753255,0.33397056660973046,2023-10-21
2023-10-22,mls,Sporting Kansas City,Minnesota United,H,0.5071290128100803,0.25718801611715425,0.2356829710727655,0.548476076760578,0.21815790019465683,0.23336602304476511,2023-10-21
2023-10-22,mls,Portland Timbers,Houston Dynamo,A,0.5069648812971768,0.25362864707847677,0.2394064716243465,0.4584910546723948,0.256464653273213,0.2850442920543921,2023-10-21
2023-10-22,mls,Los Angeles Galaxy,FC Dallas,A,0.45042922608894626,0.2697840022349539,0.2797867716760998,0.32003604816556097,0.24755969120185886,0.43240426063258014,2023-10-21
2023-10-22,mls,Colorado Rapids,Real Salt Lake,A,0.40924177552033747,0.28692642544364405,0.30383179903601826,0.34394584182173793,0.2521675472423623,0.40388661093589967,2023-10-21
2023-10-22,mls,San Jose Earthquakes,Austin FC,D,0.485371348099387,0.24972273936098316,0.2649059125396299,0.5676668415780184,0.2284024233172733,0.2039307351047083,2023-10-21
2023-10-26,mls,New York Red Bulls,Charlotte,H,0.5136041143867281,0.28176438881338794,0.20463149679988388,0.5414230120293243,0.26551977850205216,0.19305720946862362,2023-10-21
2023-10-26,mls,Sporting Kansas City,San Jose Earthquakes,D,0.5524670546497304,0.2430505593712013,0.20448238597906834,0.5373199423330871,0.24559320596537568,0.21708685170153738,2023-10-21
2023-10-28,mls,Philadelphia Union,New England Revolution,H,0.6146188330359684,0.22465652489870608,0.16072464206532575,0.5613637856157793,0.23067918031242235,0.2079570340717983,2023-10-21
2023-10-29,mls,Los Angeles FC,Vancouver Whitecaps,H,0.6399874917367421,0.21027792600988032,0.1497345822533779,0.6424594257716975,0.19798239447250265,0.15955817975579986,2023-10-21
2023-10-29,mls,Houston Dynamo,Real Salt Lake,H,0.5017182731908096,0.2653092087196466,0.23297251808954383,0.6177827168981487,0.21698408624834306,0.16523319685350824,2023-10-21
2023-10-30,mls,FC Cincinnati,New York Red Bulls,H,0.49422443093790996,0.2793221848678318,0.22645338419425826,0.5070762724195128,0.26384456451096605,0.22907916306952109,2023-10-21
2023-10-30,mls,St. Louis City,Sporting Kansas City,A,0.6296292825394628,0.21073558392919162,0.1596351335313456,0.4521950435077814,0.2558471956688763,0.29195776082334235,2023-10-21
2023-10-30,mls,Orlando City,Nashville SC,H,0.41476475431307136,0.3084898658091011,0.27674537987782755,0.472290886995429,0.284479306201925,0.24322980680264591,2023-10-21
2023-10-31,mls,Seattle Sounders,FC Dallas,H,0.4753397164705989,0.3165327427139767,0.20812754081542442,0.5422719004560673,0.26740129526621503,0.19032680427771775,2023-10-21
2023-11-01,mls,Columbus Crew,Atlanta Utd,H,0.5589022550767887,0.23013086500641733,0.21096687991679403,0.6563004846526657,0.19426494345718906,0.14943457189014542,2023-10-21
2023-11-04,mls,New York Red Bulls,FC Cincinnati,D,0.4630768512723311,0.2863530258905327,0.25057012283713603,0.47148369824764436,0.2735933572929993,0.25492294445935626,2023-10-21
2023-11-05,mls,Sporting Kansas City,St. Louis City,H,0.3962564710757449,0.2606783734191685,0.3430651555050867,0.5580093312597201,0.23452566096423022,0.20746500777604981,2023-10-21
2023-11-05,mls,FC Dallas,Seattle Sounders,H,0.41208766313470413,0.3311958669599496,0.2567164699053462,0.36745353937721836,0.3101120634871428,0.32243439713563865,2023-10-21
2023-11-06,mls,Vancouver Whitecaps,Los Angeles FC,A,0.3761298696107809,0.26664259281537156,0.3572275375738477,0.36720267993961775,0.271054903019495,0.36174241704088733,2023-10-21
2023-11-07,mls,Real Salt Lake,Houston Dynamo,D,0.48291163588102937,0.2695067047955989,0.24758165932337167,0.39402616637867194,0.28047395704764255,0.3254998765736855,2023-10-21
2023-11-08,mls,Atlanta Utd,Columbus Crew,H,0.4751487716568262,0.24835458873266258,0.27649663961051124,0.39041573892526,0.24548868432421656,0.36409557675052345,2023-10-21
2023-11-08,mls,Nashville SC,Orlando City,A,0.51565835908176,0.28554560354163866,0.1987960373766011,0.46686062369306297,0.2872988453495772,0.24584053095735972,2023-10-21
2023-11-09,mls,New England Revolution,Philadelphia Union,A,0.3872906214760661,0.27394537543027137,0.33876400309366284,0.4463586530931872,0.25606891151135475,0.2975724353954581,2023-10-21
2023-11-11,mls,Seattle Sounders,FC Dallas,H,0.4753397164705989,0.3165327427139767,0.20812754081542442,0.5988163457022075,0.25418506341005165,0.1469985908877407,2023-10-21
2023-11-11,mls,Houston Dynamo,Real Salt Lake,D,0.5017182731908096,0.2653092087196466,0.23297251808954383,0.6099380201877103,0.23538870196564546,0.15467327784664422,2023-10-21
2023-11-13,mls,Columbus Crew,Atlanta Utd,H,0.5589022550767887,0.23013086500641733,0.21096687991679403,0.5980159219945692,0.20744877807948656,0.19453529992594418,2023-10-21
2023-11-25,mls,Orlando City,Columbus Crew,D,0.46909916954530595,0.26021980779113707,0.27068102266355687,0.40080167842036324,0.26904643054184607,0.33015189103779075,2023-11-25
2023-11-26,mls,FC Cincinnati,Philadelphia Union,H,0.36820621023205236,0.2687809174951213,0.3630128722728263,0.5105765107908995,0.2413172563439575,0.248106232865143,2023-11-25
2023-11-27,mls,Houston Dynamo,Sporting Kansas City,H,0.48766732728970674,0.2640608909860501,0.248271781724243,0.517571329157968,0.27800974251913707,0.20441892832289493,2023-11-25
2023-11-27,mls,Seattle Sounders,Los Angeles FC,A,0.43114500315076554,0.2919726957937272,0.2768823010555073,0.36970810986888797,0.302907267587282,0.32738462254383005,2023-11-25
2023-12-02,mls,FC Cincinnati,Columbus Crew,D,0.46439709849187555,0.248552063643445,0.28705083786467933,0.4438950281239261,0.2606246947966215,0.2954802770794523,2023-11-25
2023-12-03,mls,Los Angeles FC,Houston Dynamo,H,0.608601563479873,0.2272663901695038,0.1641320463506234,0.5543922768906356,0.2601036151631669,0.1855041079461974,2023-11-25
2023-12-09,mls,Columbus Crew,Los Angeles FC,H,0.4884983392715983,0.24832251576134495,0.2631791449670567,0.4212936462507155,0.27647395535203206,0.3022323983972524,2023-11-25
2024-02-22,mls,Inter Miami,Real Salt Lake,H,0.4411920893229731,0.2713667139705502,0.2874411967064768,0.6227775914122777,0.20496477692049647,0.17225763166722577,2024-02-22
2024-02-24,mls,Columbus Crew,Atlanta Utd,H,0.5746725254710056,0.2181582266340383,0.20716924789495608,0.5459967500193451,0.23362360938327745,0.22037964059737739,2024-02-22
2024-02-24,mls,Los Angeles FC,Seattle Sounders,H,0.5314412276929069,0.27125163081039755,0.1973071414966955,0.5989204621492618,0.23607083909532942,0.16500869875540883,2024-02-22
2024-02-25,mls,Charlotte,New York City,H,0.3802341657350455,0.28931724909050016,0.3304485851744542,0.40383369637276256,0.29762666919215836,0.2985396344350791,2024-02-22
2024-02-25,mls,DC United,New England Revolution,H,0.3829646301950104,0.26253974588643947,0.35449562391855016,0.46300842256740166,0.25997799128116134,0.2770135861514369,2024-02-22
2024-02-25,mls,Orlando City,CF Montreal,D,0.5786701046236887,0.24114071606012003,0.18018917931619127,0.6053789671108277,0.22790737585348808,0.16671365703568408,2024-02-22
2024-02-25,mls,Philadelphia Union,Chicago Fire,D,0.7060068939768998,0.19493934556183662,0.09905376046126382,0.5335169090439721,0.24275019361500733,0.2237328973410206,2024-02-22
2024-02-25,mls,Austin FC,Minnesota United,A,0.5048786130368939,0.2442472731409467,0.2508741138221596,0.44992039421075,0.2692044463975679,0.2808751593916821,2024-02-22
2024-02-25,mls,FC Dallas,San Jose Earthquakes,H,0.5558496323206314,0.26215464345797446,0.18199572422139407,0.41948090692124107,0.29761336515513126,0.28290572792362767,2024-02-22
2024-02-25,mls,Houston Dynamo,Sporting Kansas City,D,0.4856959218728905,0.26728701155805035,0.24701706656905925,0.41256504403847455,0.29504651634266665,0.2923884396188588,2024-02-22
2024-02-25,mls,St. Louis City,Real Salt Lake,D,0.578771353785541,0.2254787158811848,0.19574993033327417,0.45709173784319157,0.26313659502864806,0.2797716671281603,2024-02-22
2024-02-25,mls,Portland Timbers,Colorado Rapids,H,0.5896827112281184,0.23262646098694664,0.17769082778493472,0.5577598178320985,0.2396301439574942,0.2026100382104074,2024-02-22
2024-02-25,mls,FC Cincinnati,Toronto FC,D,0.7079269135760385,0.18213314092774896,0.10993994549621255,0.5836982239018489,0.22481184493667497,0.1914899311614761,2024-02-22
2024-02-25,mls,Nashville SC,New York Red Bulls,D,0.482571589287349,0.31809458778451666,0.19933382292813437,0.3371444703225351,0.31731244265650366,0.34554308702096126,2024-02-22
2024-02-26,mls,Los Angeles Galaxy,Inter Miami,D,0.5555875446527325,0.22210413635663864,0.22230831899062892,0.31829031539416314,0.2369752713153623,0.44473441329047453,2024-02-22
2024-03-02,mls,Inter Miami,Orlando City,H,0.3671775970430646,0.28146493795584576,0.3513574650010898,0.5519988751933262,0.2335379856587149,0.21446313914795895,2024-02-22
2024-03-02,mls,Minnesota United,Columbus Crew,D,0.38503157186124287,0.2652078122823107,0.3497606158564464,0.2854960441208418,0.2509127604257914,0.46359119545336697,2024-02-22
2024-03-02,mls,Real Salt Lake,Los Angeles FC,H,0.3637996994622179,0.2714058434659277,0.36479445707185426,0.3450592347147202,0.2688030502473787,0.3861377150379011,2024-02-22
2024-03-03,mls,San Jose Earthquakes,Los Angeles Galaxy,A,0.5088151295792931,0.23221742076658583,0.2589674496541212,0.4040505007179755,0.2624694627305447,0.3334800365514798,2024-02-22
2024-03-03,mls,Vancouver Whitecaps,Charlotte,D,0.5090710725252873,0.24712698823961415,0.2438019392350987,0.5274767006792133,0.2514396707900914,0.22108362853069535,2024-02-22
2024-03-03,mls,Chicago Fire,FC Cincinnati,A,0.38460569331581435,0.2754561935334432,0.33993811315074257,0.4327350568088259,0.2667544870739338,0.30051045611724025,2024-02-22
2024-03-03,mls,FC Dallas,CF Montreal,A,0.5291498165296975,0.27005852484650644,0.20079165862379614,0.47921083728656816,0.27325786508194755,0.24753129763148427,2024-02-22
2024-03-03,mls,Houston Dynamo,New York Red Bulls,A,0.4418999697238419,0.30107018044340855,0.25702984983274973,0.35400491630209935,0.32888970264553147,0.31710538105236913,2024-02-22
2024-03-03,mls,Sporting Kansas City,Philadelphia Union,D,0.33136749346658895,0.2771557683060265,0.39147673822738444,0.5213329492943283,0.2678672059910085,0.2107998447146632,2024-02-22
2024-03-03,mls,St. Louis City,New York City,H,0.468824468080417,0.2675442350059774,0.26363129691360554,0.4023242776405703,0.2915044167335869,0.30617130562584277,2024-02-22
2024-03-03,mls,Colorado Rapids,Nashville SC,D,0.2966435538550689,0.3292604983363584,0.37409594780857275,0.478253774524636,0.29330971670242023,0.22843650877294375,2024-02-22
2024-03-03,mls,Portland Timbers,DC United,D,0.5730357191213132,0.22390495559930432,0.20305932527938234,0.4365878254158369,0.26384575899114265,0.2995664155930204,2024-02-22
2024-03-03,mls,Seattle Sounders,Austin FC,D,0.5682903911927693,0.25150037894595717,0.1802092298612739,0.6139113981520878,0.22196338880556038,0.16412521304235175,2024-02-22
2024-03-03,mls,New England Revolution,Toronto FC,A,0.7094381656047098,0.18329755156520006,0.10726428283008996,0.49532679028239895,0.2588908023876005,0.24578240733000045,2024-02-22
2024-03-09,mls,Toronto FC,Charlotte,H,0.3783328776408694,0.2723205316552352,0.34934659070389557,0.36764887000431057,0.291697456739947,0.3406536732557423,2024-02-22
2024-03-09,mls,New York City,Portland Timbers,A,0.580719801017694,0.2399054896008474,0.1793747093814587,0.4813236126550682,0.2762141186259198,0.24246226871901191,2024-02-22
2024-03-10,mls,Inter Miami,CF Montreal,A,0.45482251002632523,0.26872867628706076,0.27644881368661395,0.5085768608072989,0.2590351477711842,0.23238799142151698,2024-02-22
2024-03-10,mls,Nashville SC,Los Angeles Galaxy,D,0.6119222672260074,0.23020385587036296,0.1578738769036295,0.2929622845541015,0.2747555889038466,0.43228212654205195,2024-02-22
2024-03-10,mls,FC Cincinnati,DC United,D,0.632412863032646,0.20815490974670142,0.1594322272206524,0.5064926603292915,0.2545722271812146,0.23893511248949376,2024-02-22
2024-03-10,mls,San Jose Earthquakes,Vancouver Whitecaps,A,0.47940508104107604,0.2586539120489313,0.26194100690999256,0.38919529083774,0.27178442097607536,0.3390202881861846,2024-02-22
2024-03-10,mls,Los Angeles FC,Sporting Kansas City,D,0.6220630037831849,0.2175427125581555,0.1603942836586595,0.6103278263126027,0.2246345471844996,0.16503762650289766,2024-02-22
2024-03-10,mls,New York Red Bulls,FC Dallas,H,0.4500870814531348,0.3124979571697235,0.23741496137714185,0.6213506898587828,0.23133820433883087,0.1473111058023862,2024-02-22
2024-03-10,mls,Austin FC,St. Louis City,D,0.44447108539842667,0.24016763193666973,0.31536128266490365,0.36625492370645146,0.2807602585184902,0.35298481777505836,2024-02-22
2024-03-10,mls,Orlando City,Minnesota United,A,0.5732123583073423,0.2415615819628613,0.18522605972979658,0.5066276714238257,0.25200132879112574,0.24137099978504845,2024-02-22
2024-03-10,mls,Columbus Crew,Chicago Fire,H,0.6547580130734172,0.21135076750088794,0.13389121942569476,0.6596919500145307,0.1979075850043592,0.14240046498111017,2024-02-22
2024-03-10,mls,Atlanta Utd,New England Revolution,H,0.5201405713938954,0.2321553512495704,0.24770407735653424,0.5699783182345328,0.22429702337933002,0.20572465838613713,2024-02-22
2024-03-10,mls,Real Salt Lake,Colorado Rapids,A,0.5703222187609516,0.25083563756397703,0.17884214367507154,0.5023950455075153,0.2599523962009395,0.2376525582915452,2024-02-22
2024-03-16,mls,Columbus Crew,New York Red Bulls,H,0.5500137332534729,0.2590826950617795,0.19090357168474775,0.4950757033639653,0.2733375714347527,0.23158672520128207,2024-02-22
2024-03-16,mls,Seattle Sounders,Colorado Rapids,D,0.6027770158213304,0.25838877426192985,0.13883420991673967,0.5881518835785837,0.24819708642062996,0.16365103000078637,2024-02-22
2024-03-16,mls,New York City,Toronto FC,H,0.6879766161420634,0.20697775603413346,0.10504562782380303,0.5982298771660124,0.23695168728824942,0.1648184355457381,2024-02-22
2024-03-16,mls,Chicago Fire,CF Montreal,H,0.44998625764316375,0.27886959453386234,0.27114414782297375,0.5134493289011741,0.256047290665757,0.23050338043306867,2024-02-22
2024-03-16,mls,DC United,Inter Miami,A,0.5032393506725901,0.2545164955385797,0.24224415378883032,0.4932437644423129,0.25436916647941266,0.25238706907827435,2024-02-22
2024-03-17,mls,Atlanta Utd,Orlando City,H,0.5047335629316322,0.24489910078236804,0.25036733628599966,0.538372974899259,0.24287502627034238,0.2187519988303987,2024-02-22
2024-03-17,mls,Los Angeles Galaxy,St. Louis City,D,0.4395285794295095,0.22631222443680665,0.3341591961336837,0.5819330725070249,0.21644281315962838,0.20162411433334676,2024-02-22
2024-03-17,mls,New England Revolution,FC Cincinnati,A,0.5213462771912291,0.2400808680249114,0.23857285478385945,0.4422328122275818,0.27328994014064045,0.2844772476317778,2024-02-22
2024-03-17,mls,Sporting Kansas City,San Jose Earthquakes,H,0.5638713712344247,0.24064297689623873,0.19548565186933672,0.5464163602348235,0.2526288626540223,0.20095477711115411,2024-02-22
2024-03-17,mls,Austin FC,Philadelphia Union,D,0.3043132864323195,0.2621696914694672,0.43351702209821347,0.2995267378067161,0.2914556580454573,0.4090176041478266,2024-02-22
2024-03-17,mls,Minnesota United,Los Angeles FC,H,0.3599109877378872,0.26878888844796506,0.37130012381414795,0.28557753784690737,0.26975606760608156,0.4446663945470111,2024-02-22
2024-03-17,mls,Houston Dynamo,Portland Timbers,H,0.5201705849079412,0.24880563941634362,0.23102377567571508,0.5107121802056271,0.2560298528735334,0.2332579669208393,2024-02-22
2024-03-17,mls,FC Dallas,Vancouver Whitecaps,A,0.5429229843601626,0.2608803632202767,0.1961966524195608,0.3942378144848087,0.28225142080506593,0.3235107647101254,2024-02-22
2024-03-17,mls,Nashville SC,Charlotte,H,0.5739370406893536,0.2621063268486059,0.16395663246204048,0.46035805626598464,0.29435015112764473,0.24529179260637063,2024-02-22
2024-03-23,mls,New England Revolution,Chicago Fire,D,0.5698337512225268,0.23987970300567993,0.1902865457717933,0.46958831154192976,0.2532334873760145,0.27717820108205593,2024-03-23
2024-03-23,mls,New York Red Bulls,Inter Miami,H,0.5254220203146369,0.27176481937910546,0.2028131603062577,0.4809550053552674,0.2591741449769671,0.2598708496677654,2024-03-23
2024-03-23,mls,Charlotte,Columbus Crew,H,0.35112184513862477,0.2745947384857073,0.374283416375668,0.29687113835203405,0.2854530176461866,0.41767584400177943,2024-03-23
2024-03-23,mls,FC Cincinnati,New York City,H,0.4739240107887054,0.283540817301009,0.24253517191028567,0.5251346499102334,0.26840215439856374,0.2064631956912029,2024-03-23
2024-03-23,mls,Orlando City,Austin FC,H,0.5558339184776517,0.23995076619505576,0.20421531532729262,0.5542521820835722,0.23238525224708806,0.21336256566933975,2024-03-23
2024-03-23,mls,Toronto FC,Atlanta Utd,H,0.2981014231037943,0.26556263798007207,0.43633593891613376,0.43227376967663883,0.2743040351489153,0.2934221951744458,2024-03-23
2024-03-23,mls,Vancouver Whitecaps,Real Salt Lake,A,0.4918488924279359,0.2604902835948641,0.24766082397720007,0.4996834966088923,0.2656719417231851,0.23464456166792258,2024-03-23
2024-03-24,mls,San Jose Earthquakes,Seattle Sounders,H,0.3448107751041635,0.31423078290767376,0.34095844198816266,0.378044690558827,0.30149358499395545,0.3204617244472176,2024-03-23
2024-03-24,mls,Portland Timbers,Philadelphia Union,A,0.3318947481531104,0.2636734066623783,0.4044318451845114,0.5132205337843574,0.24001358296382888,0.2467658832518138,2024-03-23
2024-03-24,mls,Los Angeles FC,Nashville SC,H,0.4860230878678072,0.2957452038787279,0.21823170825346486,0.658424381828637,0.20989074180563544,0.13168487636572743,2024-03-23
2024-03-24,mls,Sporting Kansas City,Los Angeles Galaxy,A,0.5732145601089434,0.21860339955342975,0.20818204033762677,0.4192706095934674,0.263183453304595,0.3175459371019376,2024-03-23
2024-03-24,mls,St. Louis City,DC United,D,0.6405134753615158,0.20150736981874195,0.1579791548197422,0.5031746718064531,0.2445811062957949,0.252244221897752,2024-03-23
2024-03-24,mls,Colorado Rapids,Houston Dynamo,A,0.3825882178966056,0.30053571527487233,0.31687606682852226,0.5101290796786548,0.28027440714902835,0.20959651317231687,2024-03-23
2024-03-30,mls,Orlando City,New York Red Bulls,D,0.459160640130749,0.295668378523661,0.24517098134559,0.4535923127641407,0.29545921290141275,0.25094847433444667,2024-03-23
2024-03-30,mls,Philadelphia Union,Minnesota United,H,0.6514572756136111,0.21335753952278652,0.13518518486360245,0.5783037084715552,0.22049479295604957,0.20120149857239522,2024-03-23
2024-03-30,mls,Colorado Rapids,Los Angeles FC,H,0.2963413089953901,0.2832125721330642,0.42044611887154565,0.3407111304672432,0.2871274808685373,0.3721613886642195,2024-03-23
2024-03-30,mls,Charlotte,FC Cincinnati,D,0.4074487045787027,0.2731686819115809,0.31938261350971636,0.362531556390536,0.29783361709622497,0.33963482651323895,2024-03-23
2024-03-30,mls,DC United,CF Montreal,H,0.4503149431549144,0.26079648461561816,0.2888885722294674,0.5277180960313479,0.23845039894749795,0.23383150502115416,2024-03-23
2024-03-30,mls,Inter Miami,New York City,D,0.39880563320739354,0.2952504371014235,0.3059439296911829,0.49320880550886514,0.2543919102098357,0.2523992842812991,2024-03-23
2024-03-30,mls,Toronto FC,Sporting Kansas City,A,0.3372996662640916,0.29179420089663566,0.3709061328392727,0.37560698056882746,0.3066664588188528,0.3177265606123197,2024-03-23
2024-03-31,mls,Los Angeles Galaxy,Seattle Sounders,H,0.41066415857499505,0.27458416008895364,0.31475168133605114,0.5035819094932462,0.24659938866937317,0.24981870183738059,2024-03-23
2024-03-31,mls,Vancouver Whitecaps,Portland Timbers,H,0.5008125658337433,0.2426135538889181,0.2565738802773385,0.4744326523763581,0.2567221779437058,0.26884516967993627,2024-03-23
2024-03-31,mls,Atlanta Utd,Chicago Fire,H,0.6312216718424021,0.21112639381084725,0.15765193434675093,0.5476982405398892,0.23171848638226078,0.22058327307785008,2024-03-23
2024-03-31,mls,Nashville SC,Columbus Crew,D,0.42292392088327574,0.3074447568532002,0.26963132226352426,0.3022003443489605,0.2827605561159864,0.415039099535053,2024-03-23
2024-03-31,mls,Houston Dynamo,San Jose Earthquakes,H,0.5547883485207271,0.25680795966455516,0.18840369181471764,0.5509783876402068,0.2670947862521778,0.18192682610761546,2024-03-23
2024-03-31,mls,Austin FC,FC Dallas,H,0.45207300356738284,0.2756257477873447,0.27230124864527255,0.3999938686511799,0.2847015182752516,0.31530461307356855,2024-03-23
2024-03-31,mls,Real Salt Lake,St. Louis City,H,0.43376126396997067,0.2575632303430842,0.3086755056869452,0.5752464742031037,0.22792784826915427,0.1968256775277422,2024-03-23
2024-04-07,mls,Sporting Kansas City,Portland Timbers,D,0.5247280492826357,0.24444426355151067,0.2308276871658537,0.47558825488182327,0.2547346061768077,0.269677138941369,2024-03-23
2024-04-07,mls,Seattle Sounders,CF Montreal,H,0.5214518269406067,0.27851935244446824,0.20002882061492536,0.6209514907675828,0.22699877610607389,0.15204973312634334,2024-03-23
2024-04-07,mls,St. Louis City,FC Dallas,D,0.546643282267734,0.24877039768636222,0.20458632004590355,0.5546322349909275,0.24556236358376946,0.1998054014253031,2024-03-23
2024-04-07,mls,Nashville SC,Philadelphia Union,A,0.37092950983977596,0.3211581631742132,0.30791232698601084,0.3639243222157207,0.29157792081139067,0.34449775697288865,2024-03-23
2024-04-07,mls,Minnesota United,Real Salt Lake,D,0.5064644480407948,0.2606479857792709,0.23288756617993422,0.4138714839018409,0.25894632950008223,0.3271821865980769,2024-03-23
2024-04-07,mls,Austin FC,San Jose Earthquakes,H,0.5553978623269223,0.23786777759024522,0.2067343600828323,0.47355115970422806,0.2728938886431145,0.2535549516526575,2024-03-23
2024-04-07,mls,Chicago Fire,Houston Dynamo,H,0.4309514223873163,0.28806545075620227,0.28098312685648147,0.44200544094809074,0.2822133864945535,0.27578117255735574,2024-03-23
2024-04-07,mls,Vancouver Whitecaps,Toronto FC,H,0.6075613048192645,0.23280500645138705,0.1596336887293484,0.6222055157678155,0.2254579986546908,0.15233648557749377,2024-03-23
2024-04-07,mls,New York City,Atlanta Utd,D,0.4740691405081665,0.2702871729132426,0.2556436865785909,0.4675198765829615,0.26514140945937814,0.2673387139576603,2024-03-23
2024-04-07,mls,New England Revolution,Charlotte,H,0.553184257120865,0.24279711816942737,0.20401862470970747,0.41192975006066485,0.27977887648628974,0.30829137345304536,2024-03-23
2024-04-07,mls,Inter Miami,Colorado Rapids,D,0.5569461284239159,0.251693803495304,0.1913600680807801,0.41388232816331444,0.2675371955530817,0.31858047628360386,2024-03-23
2024-04-07,mls,FC Cincinnati,New York Red Bulls,A,0.4957236798293047,0.27999979098877126,0.22427652918192395,0.4303033913703995,0.2898750390968261,0.2798215695327743,2024-03-23
2024-04-07,mls,Columbus Crew,DC United,D,0.6751132306492529,0.1969727488994923,0.12791402045125472,0.5879002953738923,0.2273953972672602,0.1847043073588474,2024-03-23
2024-04-07,mls,Los Angeles FC,Los Angeles Galaxy,H,0.6723961484454303,0.18325389640058362,0.14434995515398588,0.543540056368013,0.225000302403503,0.23145964122848398,2024-03-23
2024-04-13,mls,Portland Timbers,Los Angeles FC,D,0.39724369412830063,0.25867844555707303,0.3440778603146265,0.31835513405015786,0.26086242790093794,0.4207824380489043,2024-03-23
2024-04-14,mls,Real Salt Lake,Columbus Crew,D,0.3697194263438135,0.2764849620905472,0.3537956115656391,0.5479140782875533,0.24290397425342417,0.20918194745902252,2024-03-23
2024-04-14,mls,St. Louis City,Austin FC,H,0.6192768625246683,0.20395094437860742,0.1767721930967243,0.5083329228445232,0.2589363413953336,0.23273073576014316,2024-03-23
2024-04-14,mls,Atlanta Utd,Philadelphia Union,D,0.4042606713850543,0.2614917973996537,0.3342475312152918,0.41220435017613183,0.2549158481352394,0.3328798016886288,2024-03-23
2024-04-14,mls,Vancouver Whitecaps,Los Angeles Galaxy,A,0.548576344390942,0.21847045445406657,0.2329532011549914,0.435932616815306,0.2425489747694184,0.32151840841527557,2024-03-23
2024-04-14,mls,San Jose Earthquakes,Colorado Rapids,A,0.49774096546880037,0.27241837784025186,0.22984065669094791,0.4714840933471678,0.2761549689604839,0.25236093769234824,2024-03-23
2024-04-14,mls,Sporting Kansas City,Inter Miami,A,0.5347586354042938,0.2518204508372272,0.21342091375847902,0.35859498531737066,0.254122430539869,0.38728258414276034,2024-03-23
2024-04-14,mls,CF Montreal,FC Cincinnati,H,0.4352522079451654,0.2643988559612747,0.30034893609355995,0.34913747978922643,0.2803219765264224,0.3705405436843514,2024-03-23
2024-04-14,mls,FC Dallas,Seattle Sounders,D,0.4045203390465866,0.3279040288647214,0.26757563208869195,0.28220761738855016,0.2987568295193602,0.4190355530920897,2024-03-23
2024-04-14,mls,New York Red Bulls,Chicago Fire,D,0.5413697295273661,0.2727681253646211,0.18586214510801294,0.5701976536154485,0.2661972471298641,0.16360509925468728,2024-03-23
2024-04-14,mls,New York City,New England Revolution,H,0.5087827048731942,0.2723437820397993,0.21887351308700634,0.492921736660196,0.2691160456417783,0.23796221769802567,2024-03-23
2024-04-14,mls,DC United,Orlando City,A,0.4103493037698571,0.2744602207338795,0.3151904754962636,0.4299637859346358,0.27328206733133636,0.2967541467340278,2024-03-23
2024-04-14,mls,Charlotte,Toronto FC,H,0.58212728967964,0.24665261494368615,0.17122009537667393,0.575251263453503,0.2434312651390139,0.1813174714074831,2024-03-23
2024-04-14,mls,Minnesota United,Houston Dynamo,A,0.4891750490774118,0.27226145612623803,0.2385634947963501,0.4168478260869566,0.27318840579710146,0.309963768115942,2024-03-23
2024-04-21,mls,Sporting Kansas City,St. Louis City,D,0.46223738007799153,0.2540009808012996,0.2837616391207088,0.4902958022432637,0.25417966589979724,0.2555245318569391,2024-03-23
2024-04-21,mls,Charlotte,Minnesota United,A,0.4564256947233356,0.2690790374034066,0.27449526787325773,0.49057452310459837,0.2584042274107109,0.2510212494846906,2024-03-23
2024-04-21,mls,Seattle Sounders,Vancouver Whitecaps,A,0.5271702455580788,0.2764534601385773,0.196376294303344,0.5450015706097135,0.27799791930236106,0.1770005100879253,2024-03-23
2024-04-21,mls,Los Angeles FC,New York Red Bulls,D,0.5402142271827269,0.26857265867940816,0.19121311413786476,0.5362840138896062,0.26302758174422103,0.2006884043661728,2024-03-23
2024-04-21,mls,Colorado Rapids,FC Dallas,H,0.3709784990115275,0.30857973362994373,0.32044176735852903,0.583405922778698,0.25398938590629333,0.1626046913150087,2024-03-23
2024-04-21,mls,Houston Dynamo,Austin FC,A,0.5206595132861809,0.2551747551819957,0.2241657315318233,0.5451536005037556,0.249979759816489,0.2048666396797553,2024-03-23
2024-04-21,mls,Columbus Crew,Portland Timbers,D,0.6340611420335633,0.20667958146024745,0.1592592765061891,0.6063112014826995,0.23513044155060786,0.1585583569666928,2024-03-23
2024-04-21,mls,Toronto FC,New England Revolution,H,0.3361289247641999,0.28136803202512123,0.38250304321067874,0.4243201872861517,0.2780028813254097,0.2976769313884387,2024-03-23
2024-04-21,mls,New York City,DC United,H,0.5848087578783665,0.2494296817741151,0.1657615603475181,0.5669529386735939,0.24840721539822413,0.18463984592818192,2024-03-23
2024-04-21,mls,Inter Miami,Nashville SC,H,0.3727832507852238,0.31326703240919646,0.31394971680557965,0.665008090541586,0.21964959710371296,0.11534231235470094,2024-03-23
2024-04-21,mls,CF Montreal,Orlando City,D,0.45993659540287124,0.26827529800578503,0.2717881065913437,0.335111633462769,0.27749931825427004,0.387389048282961,2024-03-23
2024-04-21,mls,Atlanta Utd,FC Cincinnati,A,0.5282851834896268,0.23657901045468221,0.2351358060556908,0.46335841806384714,0.2575582696152767,0.2790833123208762,2024-03-23
2024-04-21,mls,Chicago Fire,Real Salt Lake,A,0.44646705251100377,0.2772999434329476,0.27623300405604884,0.48055520820307623,0.25553332499687387,0.26391146680005,2024-03-23
2024-04-22,mls,Los Angeles Galaxy,San Jose Earthquakes,H,0.6062447185812655,0.20532474347115653,0.1884305379475779,0.6254532269760696,0.1994198694706309,0.17512690355329952,2024-04-22
2024-04-27,mls,Austin FC,Los Angeles Galaxy,H,0.511570131143296,0.22490569042303585,0.2635241784336683,0.3722627737226277,0.24817518248175188,0.37956204379562053,2024-04-22
2024-04-28,mls,Los Angeles FC,Portland Timbers,H,0.6373735704699857,0.199616892145518,0.16300953738449628,0.6600136888231546,0.2050255288684693,0.13496078230837616,2024-04-22
2024-04-28,mls,Nashville SC,San Jose Earthquakes,D,0.5647963795846427,0.26086258986018473,0.1743410305551725,0.5057319891747384,0.2653703569570742,0.2288976538681873,2024-04-22
2024-04-28,mls,Minnesota United,Sporting Kansas City,H,0.5000910937626204,0.2554592015721024,0.24444970466527732,0.4951511694238449,0.2652595550484883,0.23958927552766685,2024-04-22
2024-04-28,mls,FC Dallas,Houston Dynamo,H,0.44965918442166075,0.30913488313754806,0.2412059324407911,0.34291435138561427,0.312950961458716,0.34413468715566986,2024-04-22
2024-04-28,mls,Chicago Fire,Atlanta Utd,D,0.36476062150717947,0.26698749875354677,0.36825187973927365,0.42249125479784344,0.25064895686193306,0.32685978834022344,2024-04-22
2024-04-28,mls,Philadelphia Union,Real Salt Lake,A,0.6220420497606213,0.22899638243607143,0.14896156780330694,0.5253399258343634,0.24721878862793575,0.22744128553770088,2024-04-22
2024-04-28,mls,Orlando City,Toronto FC,A,0.6464698026199232,0.2212590405930524,0.13227115678702459,0.6561815537064799,0.22857509098306295,0.11524335531045707,2024-04-22
2024-04-28,mls,New York City,Charlotte,H,0.5576181619577792,0.2700558292934775,0.17232600874874324,0.538118055407289,0.25823895956542825,0.20364298502728273,2024-04-22
2024-04-28,mls,New England Revolution,Inter Miami,A,0.5332009914350633,0.24471279299474202,0.22208621557019467,0.35052710843373497,0.25459337349397587,0.3948795180722891,2024-04-22
2024-04-28,mls,FC Cincinnati,Colorado Rapids,H,0.5922164684318222,0.23931493142793803,0.1684686001402399,0.5663339470878961,0.23597247795329002,0.19769357495881382,2024-04-22
2024-04-28,mls,DC United,Seattle Sounders,H,0.35365648534372907,0.30852979998970287,0.33781371466656823,0.4667318113174025,0.2611175268721684,0.2721506618104291,2024-04-22
2024-04-28,mls,Columbus Crew,CF Montreal,D,0.6272236818112534,0.2165758264192419,0.15620049176950446,0.5983066792097836,0.22718720602069617,0.17450611476952027,2024-04-22
2024-04-28,mls,New York Red Bulls,Vancouver Whitecaps,D,0.5187161942512235,0.2703385330577814,0.21094527269099503,0.5749620909491122,0.2451615007092661,0.1798764083416217,2024-04-22
2024-05-01,mls,Philadelphia Union,Seattle Sounders,A,0.5612059108148826,0.2716808194476778,0.16711326973743956,0.43794597907455235,0.29641465656875193,0.26563936435669566,2024-04-22
2024-05-05,mls,Houston Dynamo,St. Louis City,D,0.44891998620221124,0.2709682359218292,0.2801117778759596,0.4789910715525501,0.26436119249621615,0.25664773595123375,2024-04-22
2024-05-05,mls,New York City,Colorado Rapids,A,0.5636358973813882,0.27082926024749554,0.16553484237111615,0.5888190400100919,0.23101991043458153,0.1801610495553266,2024-04-22
2024-05-05,mls,Vancouver Whitecaps,Austin FC,D,0.5224414397799183,0.24183375064539675,0.23572480957468514,0.5992000662551701,0.24863714089454228,0.15216279285028766,2024-04-22
2024-05-05,mls,Real Salt Lake,Sporting Kansas City,H,0.5133134745026572,0.2558085451066922,0.23087798039065072,0.591018398251462,0.23382524008492303,0.1751563616636151,2024-04-22
2024-05-05,mls,Nashville SC,CF Montreal,H,0.5259224433528539,0.2724108456175877,0.20166671102955813,0.5548107750407886,0.2630438007005374,0.18214542425867403,2024-04-22
2024-05-05,mls,Seattle Sounders,Los Angeles Galaxy,D,0.5479471877300902,0.250345130357022,0.20170768191288774,0.5577588443275922,0.23650068644282704,0.20574046922958086,2024-04-22
2024-05-05,mls,Chicago Fire,New England Revolution,A,0.40571232533070956,0.2819431114616721,0.3123445632076184,0.5267306060787647,0.25568090427696005,0.21758848964427527,2024-04-22
2024-05-05,mls,Orlando City,FC Cincinnati,A,0.46416257316701093,0.26988371168108966,0.26595371515189936,0.4280555638625558,0.2787912317952092,0.29315320434223513,2024-04-22
2024-05-05,mls,San Jose Earthquakes,Los Angeles FC,H,0.30500761864716047,0.261336918870959,0.4336554624818805,0.294708347886832,0.2577715682850157,0.4475200838281522,2024-04-22
2024-05-05,mls,Inter Miami,New York Red Bulls,H,0.3984256744017442,0.2901883752732497,0.31138595032500593,0.5034625624954352,0.25304924607100404,0.2434881914335606,2024-04-22
2024-05-05,mls,DC United,Philadelphia Union,D,0.2659490525515812,0.2670079082067086,0.46704303924171,0.4149381779592935,0.255093919431439,0.3299679026092675,2024-04-22
2024-05-05,mls,Charlotte,Portland Timbers,H,0.44827444166857255,0.25369749815684045,0.2980280601745869,0.47827087167475324,0.2661452233561988,0.25558390496904804,2024-04-22
2024-05-05,mls,Atlanta Utd,Minnesota United,A,0.5453388379984075,0.2371148766058194,0.2175462853957731,0.5746823584519,0.2121904092745477,0.2131272322735523,2024-04-22
2024-05-05,mls,Toronto FC,FC Dallas,H,0.32148067209511766,0.3126996753804606,0.36581965252442195,0.46741811618565643,0.27178525295064854,0.2607966308636951,2024-04-22
2024-05-12,mls,Portland Timbers,Seattle Sounders,A,0.4259274635663644,0.2841196004721895,0.28995293596144606,0.35564264282652625,0.26648704917028965,0.37787030800318416,2024-04-22
2024-05-12,mls,Los Angeles Galaxy,Real Salt Lake,D,0.4754515149145823,0.24346427589156314,0.2810842091938545,0.4880383101978359,0.2427929281888731,0.2691687616132911,2024-04-22
2024-05-12,mls,Los Angeles FC,Vancouver Whitecaps,H,0.6219918731564836,0.21461447388051288,0.16339365296300334,0.5847460125593326,0.2286329196025826,0.18662106783808485,2024-04-22
2024-05-12,mls,Colorado Rapids,San Jose Earthquakes,A,0.502897211686571,0.26245799933434294,0.2346447889790861,0.5431717955514856,0.24664433573511338,0.21018386871340097,2024-04-22
2024-05-12,mls,St. Louis City,Chicago Fire,H,0.6252357907149524,0.2163235334411855,0.15844067584386215,0.5395501913200933,0.24144871061574177,0.21900109806416485,2024-04-22
2024-05-12,mls,Sporting Kansas City,Houston Dynamo,A,0.48129307812514843,0.27296750794054275,0.24573941393430868,0.41178369714257496,0.28295078604826057,0.30526551680916436,2024-04-22
2024-05-12,mls,FC Dallas,Austin FC,H,0.4974934474956241,0.2742240695907082,0.22828248291366757,0.492921736660196,0.2691160456417783,0.23796221769802567,2024-04-22
2024-05-12,mls,Columbus Crew,FC Cincinnati,A,0.5344609804280114,0.2503928066822223,0.21514621288976643,0.5389970483429428,0.24802177802927186,0.21298117362778535,2024-04-22
2024-05-12,mls,Toronto FC,New York City,A,0.28060900116801396,0.31308186324170173,0.4063091355902842,0.3889876075969815,0.28156370433618727,0.3294486880668313,2024-04-22
2024-05-12,mls,Philadelphia Union,Orlando City,A,0.6293961449232107,0.22460983074167906,0.14599402433511038,0.4494629217493926,0.265479473011317,0.2850576052392903,2024-04-22
2024-05-12,mls,New York Red Bulls,New England Revolution,H,0.5106855951301492,0.2783575057482633,0.2109568991215876,0.6211289632648997,0.2353911718974559,0.1434798648376445,2024-04-22
2024-05-12,mls,Charlotte,Nashville SC,H,0.39112759013959736,0.30918471425607236,0.29968769560433034,0.45381084750145456,0.2983386127092896,0.24785053978925597,2024-04-22
2024-05-12,mls,CF Montreal,Inter Miami,A,0.499780594178297,0.24714727559727215,0.2530721302244308,0.2531527565579926,0.23246238703161817,0.5143848564103892,2024-04-22
2024-05-12,mls,Atlanta Utd,DC United,A,0.6306361275278212,0.20743186965289212,0.16193200281928677,0.5575162383797071,0.2133856399108171,0.22909812170947585,2024-04-22
2024-05-16,mls,Real Salt Lake,Seattle Sounders,H,0.42870840495863627,0.3102503205673765,0.2610412744739871,0.5550509389959495,0.24205228918620353,0.2028967718178471,2024-04-22
2024-05-16,mls,Portland Timbers,San Jose Earthquakes,H,0.6038522246016167,0.21191065383697125,0.18423712156141225,0.43386749756174176,0.24681747948027657,0.31931502295798153,2024-04-22
2024-05-16,mls,St. Louis City,Los Angeles FC,A,0.4356643620361768,0.2507714502142328,0.31356418774959033,0.3794985502302575,0.2580590141565751,0.3624424356131673,2024-04-22
2024-05-16,mls,Nashville SC,Toronto FC,H,0.6103587501772456,0.25282158195877164,0.13681966786398297,0.5981552257282102,0.2377851638080046,0.16405961046378512,2024-04-22
2024-05-16,mls,Minnesota United,Los Angeles Galaxy,D,0.5354634082087074,0.22862144219533595,0.23591514959595644,0.44589949904605963,0.2449625096025188,0.30913799135142156,2024-04-22
2024-05-16,mls,Chicago Fire,Charlotte,A,0.4528238955970512,0.2794670930776453,0.26770901132530334,0.45663629259479643,0.28726081314568797,0.25610289425951555,2024-04-22
2024-05-16,mls,Colorado Rapids,Vancouver Whitecaps,H,0.42496578882501324,0.27425459736529406,0.3007796138096927,0.49255620271079414,0.2540553045560938,0.2533884927331119,2024-04-22
2024-05-16,mls,Philadelphia Union,New York City,A,0.5676436766349149,0.26591747320760933,0.16643885015747592,0.5035515606951765,0.24726828555875674,0.24918015374606672,2024-04-22
2024-05-16,mls,Orlando City,Inter Miami,D,0.5558256861097542,0.24087868718043934,0.20329562670980653,0.48543719285731424,0.24090274658006372,0.27366006056262193,2024-04-22
2024-05-16,mls,FC Cincinnati,Atlanta Utd,H,0.4997239475284009,0.24605629278729055,0.25421975968430877,0.5248543676985331,0.2372805986646931,0.23786503363677367,2024-04-22
2024-05-16,mls,DC United,New York Red Bulls,A,0.3673471729420851,0.2984442495557147,0.3342085775022002,0.406871609403255,0.2766726943942134,0.31645569620253167,2024-04-22
2024-05-16,mls,CF Montreal,Columbus Crew,A,0.3668870406603543,0.26911257390115506,0.36400038543849067,0.3061764900589183,0.2580047222896485,0.4358187876514332,2024-04-22
2024-05-16,mls,Austin FC,Houston Dynamo,H,0.45861586167368146,0.2753790484050035,0.26600508992131505,0.3827734095782702,0.30075053609721225,0.31647605432451753,2024-04-22
2024-05-18,mls,Nashville SC,Atlanta Utd,D,0.4493518582679204,0.28124940117232533,0.26939874055975416,0.5168735984247661,0.2557020182683367,0.2274243833068971,2024-04-22
2024-05-19,mls,Seattle Sounders,Vancouver Whitecaps,D,0.5179218725935261,0.2780855026540967,0.20399262475237692,0.5389112344600169,0.2545253587555225,0.20656340678446047,2024-04-22
2024-05-19,mls,San Jose Earthquakes,Orlando City,A,0.3855756945962626,0.2745584599531125,0.33986584545062487,0.46555903658865055,0.2624289420337109,0.2720120213776386,2024-04-22
2024-05-19,mls,Minnesota United,Portland Timbers,H,0.519419553521011,0.23910995593307677,0.24147049054591263,0.534741612050203,0.24628048799258712,0.21897789995720982,2024-04-22
2024-05-19,mls,Houston Dynamo,FC Dallas,D,0.45023324068430925,0.3090106713097912,0.24075608800589948,0.5814318053798984,0.24434855618496987,0.17421963843513197,2024-04-22
2024-05-19,mls,Chicago Fire,Columbus Crew,A,0.3228310604972552,0.2812296361071736,0.3959393033955711,0.3694500987159277,0.266655443150339,0.3638944581337333,2024-04-22
2024-05-19,mls,Austin FC,Sporting Kansas City,H,0.47807685891049695,0.25036612725227475,0.2715570138372282,0.45818438145108514,0.2655958914455466,0.27621972710336845,2024-04-22
2024-05-19,mls,Real Salt Lake,Colorado Rapids,H,0.5675184411119785,0.2521306851228788,0.18035087376514278,0.5557986870897156,0.2538293216630197,0.19037199124726478,2024-04-22
2024-05-19,mls,New York City,New York Red Bulls,H,0.4468675187224715,0.32043200740868777,0.2327004738688407,0.36546656927349647,0.2970817204217072,0.3374517103047963,2024-04-22
2024-05-19,mls,New England Revolution,Philadelphia Union,A,0.31970773072383746,0.278742187562433,0.4015500817137297,0.34914876952883467,0.2512057380765901,0.3996454923945752,2024-04-22
2024-05-19,mls,Inter Miami,DC United,H,0.5324870673882958,0.24209087789703854,0.22542205471466575,0.6376536708472504,0.18696253261734913,0.17538379653540037,2024-04-22
2024-05-19,mls,FC Cincinnati,St. Louis City,H,0.506847533882055,0.2450753435828196,0.24807712253512534,0.567699836867863,0.2365415986949429,0.19575856443719417,2024-04-22
2024-05-19,mls,Charlotte,Los Angeles Galaxy,D,0.4623858185966267,0.2441061297273588,0.2935080516760144,0.4477614658183315,0.26353263383313247,0.28870590034853616,2024-04-22
2024-05-19,mls,Toronto FC,CF Montreal,H,0.37604316155742995,0.2798369536662875,0.3441198847762825,0.5395930397532243,0.24576883998938204,0.21463812025739365,2024-04-22
2024-05-26,mls,San Jose Earthquakes,Austin FC,D,0.43376730144055214,0.2572170607472108,0.30901563781223707,0.5454118454687514,0.24194961565907014,0.2126385388721784,2024-05-26
2024-05-26,mls,Portland Timbers,Sporting Kansas City,H,0.5091533769472104,0.23262467048990848,0.25822195256288094,0.48780939067510903,0.24829372584491408,0.263896883479977,2024-05-26
2024-05-26,mls,Los Angeles Galaxy,Houston Dynamo,H,0.48359913797324344,0.25989194317031605,0.2565089188564404,0.5546083831629798,0.23422781230669537,0.21116380453032493,2024-05-26
2024-05-26,mls,Colorado Rapids,Minnesota United,D,0.40627930236249366,0.27872502539837707,0.3149956722391294,0.5224832781514988,0.23404214638747525,0.2434745754610259,2024-05-26
2024-05-26,mls,St. Louis City,Seattle Sounders,A,0.44547471354349355,0.2893787167974295,0.26514656965907685,0.41001795987945583,0.28376609540044445,0.30621594472009983,2024-05-26
2024-05-26,mls,FC Dallas,Real Salt Lake,D,0.4181139712232025,0.2987892782883367,0.2830967504884606,0.3315059263115984,0.27499923432666695,0.39349483936173474,2024-05-26
2024-05-26,mls,New England Revolution,New York City,A,0.3828011762905439,0.2996056375545629,0.31759318615489324,0.3809229133843321,0.2593952278810197,0.3596818587346482,2024-05-26
2024-05-26,mls,Orlando City,Columbus Crew,A,0.40541844908586244,0.2846952591202097,0.30988629179392807,0.44603288062902074,0.26590421729807,0.28806290207290924,2024-05-26
2024-05-26,mls,DC United,Chicago Fire,D,0.522272851836492,0.2616715838767367,0.2160555642867713,0.5912900032992411,0.22156384031672716,0.18714615638403165,2024-05-26
2024-05-26,mls,Charlotte,Philadelphia Union,D,0.3089468101866094,0.28564434326431437,0.40540884654907633,0.36801864122915606,0.2681133037209641,0.36386805504987985,2024-05-26
2024-05-26,mls,CF Montreal,Nashville SC,D,0.3704093913520161,0.2969725521796046,0.3326180564683793,0.33270794246404006,0.28309360016677093,0.3841984573691891,2024-05-26
2024-05-26,mls,Atlanta Utd,Los Angeles FC,A,0.40646965115969375,0.25719650867769633,0.33633384016261,0.3280207325862332,0.25667404804493055,0.4153052193688361,2024-05-26
2024-05-26,mls,Vancouver Whitecaps,Inter Miami,A,0.48229315534795675,0.25388130884972904,0.2638255358023143,0.5650776849506672,0.23638150682342268,0.19854080822591014,2024-05-26
2024-05-26,mls,Toronto FC,FC Cincinnati,A,0.30428974531499264,0.27845960695839533,0.4172506477266119,0.34562423500611994,0.2688188494492044,0.38555691554467564,2024-05-26
2024-05-30,mls,Sporting Kansas City,Vancouver Whitecaps,A,0.4922244945607154,0.25707353428131413,0.2507019711579704,0.34834984010680253,0.2848272222049738,0.3668229376882238,2024-05-26
2024-05-30,mls,Houston Dynamo,Colorado Rapids,H,0.5104769387191638,0.2792794762705775,0.21024358501025917,0.5326170208109943,0.24161323500448606,0.22576974418451978,2024-05-26
2024-05-30,mls,Los Angeles FC,Minnesota United,H,0.5921730771732165,0.23042290358893935,0.17740401923784416,0.6295948444278285,0.2117099147196874,0.15869524085248396,2024-05-26
2024-05-30,mls,Los Angeles Galaxy,FC Dallas,H,0.4749691520564387,0.2618767174719167,0.2631541304716445,0.6015972734440573,0.22178701325126537,0.17661571330467737,2024-05-26
2024-05-30,mls,Chicago Fire,Orlando City,D,0.3410963938723042,0.3017215049730491,0.3571821011546466,0.3411590033869995,0.2833016285435902,0.37553936806941024,2024-05-26
2024-05-30,mls,Seattle Sounders,Real Salt Lake,D,0.450264142811213,0.30274265361753877,0.2469932035712484,0.5642611272922948,0.24002152429597617,0.19571734841172905,2024-05-26
2024-05-30,mls,Philadelphia Union,Toronto FC,D,0.7392266115710522,0.16948328983474445,0.09129009859420333,0.576291410843295,0.23964593322196429,0.18406265593474067,2024-05-26
2024-05-30,mls,CF Montreal,DC United,H,0.4902278188223761,0.24805619830213607,0.26171598287548786,0.3288636845452618,0.2648929404282383,0.40624337502649993,2024-05-26
2024-05-30,mls,FC Cincinnati,Nashville SC,A,0.4841355049763792,0.29520526417520226,0.22065923084841876,0.554520084999616,0.2658030159502292,0.1796768990501549,2024-05-26
2024-05-30,mls,Austin FC,Portland Timbers,A,0.5076623490425092,0.2348671178952916,0.25747053306219925,0.45625164355779385,0.2650009546143898,0.27874740182781643,2024-05-26
2024-05-30,mls,New York Red Bulls,Charlotte,H,0.5309783927612888,0.2735348147220719,0.1954867925166394,0.5749871743715441,0.2457960440061563,0.1792167816222995,2024-05-26
2024-05-30,mls,Inter Miami,Atlanta Utd,A,0.4716542073596628,0.2448800746207915,0.28346571801954584,0.6374574362700521,0.18910819818620406,0.17343436554374392,2024-05-26
2024-06-01,mls,New York City,San Jose Earthquakes,H,0.5866809128784448,0.245615221484314,0.16770386563724124,0.5994791758932841,0.22817056103739658,0.17235026306931922,2024-05-26
2024-06-02,mls,Atlanta Utd,Charlotte,A,0.5501264436941936,0.2500874865766052,0.19978606972920118,0.5110120531393882,0.26173788087627203,0.22725006598433967,2024-05-26
2024-06-02,mls,Portland Timbers,Houston Dynamo,D,0.4785423589473165,0.26406327175047584,0.25739436930220766,0.4455888856805547,0.2649117484730969,0.28949936584634844,2024-05-26
2024-06-02,mls,Los Angeles FC,FC Dallas,H,0.5770383207498052,0.2512827113955262,0.1716789678546686,0.7149615725971945,0.1742234879072586,0.11081493949554679,2024-05-26
2024-06-02,mls,Real Salt Lake,Austin FC,H,0.5447854059963217,0.24707675254200628,0.20813784146167186,0.6882168711108668,0.18966606684157747,0.1221170620475556,2024-05-26
2024-06-02,mls,Nashville SC,New England Revolution,A,0.5121162984683222,0.28134012753039533,0.20654357400128248,0.5422161716719542,0.25199602756555567,0.20578780076249006,2024-05-26
2024-06-02,mls,Vancouver Whitecaps,Colorado Rapids,H,0.5268101259814009,0.25651827831303164,0.21667159570556743,0.5549793628955445,0.2332521959995767,0.21176844110487886,2024-05-26
2024-06-02,mls,Chicago Fire,Los Angeles Galaxy,H,0.380706608832953,0.2624469764811564,0.3568464146858905,0.42647717057977075,0.25611195164446554,0.3174108777757639,2024-05-26
2024-06-02,mls,Philadelphia Union,CF Montreal,D,0.7137119393330725,0.1766232063458702,0.10966485432105724,0.645443974379165,0.19994002532743366,0.15461600029340125,2024-05-26
2024-06-02,mls,New York Red Bulls,Orlando City,H,0.48419473165449395,0.2822545032054421,0.23355076514006404,0.5252718485702779,0.25704792589609343,0.21768022553362867,2024-05-26
2024-06-02,mls,Inter Miami,St. Louis City,D,0.47426946622159405,0.24288179917093458,0.2828487346074712,0.6065771639940756,0.2083061967063888,0.18511663929953556,2024-05-26
2024-06-02,mls,DC United,Toronto FC,D,0.5420686725498974,0.24501899907954666,0.21291232837055601,0.5087067945853593,0.24783151531081613,0.24346169010382437,2024-05-26
2024-06-02,mls,Minnesota United,Sporting Kansas City,H,0.5111429292056099,0.2534857522566757,0.23537131853771437,0.5396278976000586,0.24330829639901888,0.21706380600092245,2024-05-26
2024-06-09,mls,St. Louis City,Portland Timbers,D,0.5590711381328182,0.21669802417856215,0.22423083768861984,0.5818338255855319,0.21477087521613594,0.20339529919833213,2024-05-26
2024-06-09,mls,Sporting Kansas City,Seattle Sounders,H,0.40700098278192115,0.3012304429724303,0.2917685742456486,0.3855330787004291,0.285707549394068,0.32875937190550286,2024-05-26
2024-06-09,mls,New England Revolution,New York Red Bulls,H,0.404818980645227,0.28378956750792866,0.3113914518468444,0.3752342871423216,0.2728976633762339,0.3518680494814444,2024-05-26
2024-06-09,mls,Minnesota United,FC Dallas,D,0.4705116115588656,0.2890677209493214,0.24042066749181293,0.4283460745055212,0.27181167334061407,0.29984225215386484,2024-05-26
2024-06-15,mls,New York City,Columbus Crew,A,0.4273727883228472,0.2968170979053031,0.2758101137718497,0.43600035092336703,0.25075667851033034,0.3132429705663026,2024-05-26
2024-06-16,mls,FC Dallas,St. Louis City,H,0.44928457638310076,0.2795735916942704,0.2711418319226286,0.419102788629934,0.26451569446315504,0.31638151690691096,2024-05-26
2024-06-16,mls,Seattle Sounders,Minnesota United,H,0.48067582673308085,0.29543485755406773,0.22388931571285142,0.6290006323671915,0.2157782438389693,0.1552211237938392,2024-05-26
2024-06-16,mls,San Jose Earthquakes,FC Cincinnati,A,0.3570490109290219,0.27014172360012234,0.3728092654708558,0.3694749787153533,0.25677040961120046,0.3737546116734462,2024-05-26
2024-06-16,mls,Los Angeles Galaxy,Sporting Kansas City,H,0.5144015987196344,0.2286487227183572,0.2569496785620084,0.5884441180071,0.22083486350838535,0.19072101848451464,2024-05-26
2024-06-16,mls,Colorado Rapids,Austin FC,H,0.4358036898750261,0.26980563473291247,0.29439067539206165,0.6025994764662483,0.22113742255642138,0.1762631009773304,2024-05-26
2024-06-16,mls,Toronto FC,Chicago Fire,A,0.4657887096555955,0.2794427564139146,0.25476853393049015,0.4805912917836006,0.262496874044847,0.2569118341715524,2024-05-26
2024-06-16,mls,Atlanta Utd,Houston Dynamo,D,0.5048574245957325,0.2692789775025962,0.22586359790167163,0.43611804434003815,0.2574952283071502,0.3063867273528116,2024-05-26
2024-06-16,mls,Orlando City,Los Angeles FC,A,0.3782280191729324,0.27962831196448745,0.3421436688625799,0.35995640427360925,0.27047003561341026,0.3695735601129804,2024-05-26
2024-06-16,mls,New York Red Bulls,Nashville SC,D,0.455463484429997,0.3076871553077495,0.23684936026225353,0.5141761962563086,0.2738388807257394,0.21198492301795183,2024-05-26
2024-06-16,mls,New England Revolution,Vancouver Whitecaps,H,0.4589744052084296,0.2672619150477396,0.2737636797438309,0.43193312003302714,0.2559603674269791,0.3121065125399938,2024-05-26
2024-06-16,mls,Charlotte,DC United,H,0.5041490910443659,0.26710687232222,0.22874403663341417,0.5403229249903928,0.23475195042058328,0.22492512458902397,2024-05-26
2024-06-16,mls,CF Montreal,Real Salt Lake,D,0.36260960962530636,0.2674271356886002,0.3699632546860935,0.2773420342598983,0.24818556399155006,0.47447240174855154,2024-05-26
2024-06-16,mls,Philadelphia Union,Inter Miami,A,0.6406798053301729,0.205797901470519,0.15352229319930813,0.5006050961802051,0.2464713866397438,0.25292351718005124,2024-05-26
2024-06-20,mls,Houston Dynamo,Seattle Sounders,D,0.38709776718632144,0.33459777283411113,0.27830445997956754,0.4886232085192231,0.27881093742595436,0.23256585405482247,2024-05-26
2024-06-20,mls,San Jose Earthquakes,Portland Timbers,A,0.44663906511884494,0.2378999196855437,0.3154610151956114,0.44983030072789704,0.24118083455485753,0.30898886471724557,2024-05-26
2024-06-20,mls,Los Angeles Galaxy,New York City,H,0.4278359822485893,0.27016397451994495,0.30200004323146573,0.4887933400420822,0.23547708352392277,0.27572957643399504,2024-05-26
2024-06-20,mls,St. Louis City,Colorado Rapids,A,0.5832876420424725,0.22930898183423198,0.18740337612329547,0.4954449894884373,0.23913805185704273,0.2654169586545199,2024-05-26
2024-06-20,mls,Sporting Kansas City,Real Salt Lake,A,0.4300921289757834,0.26792648681075265,0.30198138421346415,0.4371657606191836,0.2590177831014466,0.3038164562793697,2024-05-26
2024-06-20,mls,FC Dallas,Minnesota United,H,0.4489302028639013,0.2934711915124912,0.25759860562360765,0.49250440617068036,0.2574156362918756,0.25007995753744394,2024-05-26
2024-06-20,mls,Charlotte,Orlando City,D,0.40948182348914774,0.2990906328009903,0.2914275437098617,0.46984974158933124,0.2567348720620749,0.2734153863485939,2024-05-26
2024-06-20,mls,FC Cincinnati,Philadelphia Union,H,0.40767085156898913,0.27581606357136573,0.316513084859645,0.5576589138747243,0.2442404863299425,0.19810059979533326,2024-05-26
2024-06-20,mls,Toronto FC,Nashville SC,A,0.3258450101863394,0.30848942703183774,0.36566556278182283,0.48124545926310325,0.26285417747794493,0.25590036325895177,2024-05-26
2024-06-20,mls,Inter Miami,Columbus Crew,H,0.40580630242149796,0.26246144841950797,0.33173224915899424,0.3157000151245616,0.23911931838642536,0.4451806664890131,2024-05-26
2024-06-20,mls,DC United,Atlanta Utd,A,0.39311795051980847,0.25897571812616516,0.3479063313540263,0.5185944419733509,0.2302113751958073,0.2511941828308419,2024-05-26
2024-06-20,mls,CF Montreal,New York Red Bulls,D,0.3701835389593571,0.2766963275694679,0.35312013347117494,0.30616733496917825,0.2694954814770483,0.4243371835537735,2024-05-26
2024-06-20,mls,Austin FC,Los Angeles FC,D,0.3627551986536572,0.2652257289743287,0.3720190723720141,0.2826660824405328,0.2591737270634376,0.4581601904960295,2024-05-26
2024-06-23,mls,Seattle Sounders,FC Dallas,H,0.4682207706706393,0.3185839250103171,0.21319530431904363,0.5990236700362644,0.24050576278263985,0.1604705671810958,2024-05-26
2024-06-23,mls,Portland Timbers,Vancouver Whitecaps,H,0.5065295275607978,0.23953042163438118,0.2539400508048213,0.4516724883924849,0.2453246510558167,0.3030028605516984,2024-05-26
2024-06-23,mls,Los Angeles FC,San Jose Earthquakes,H,0.6938380934985136,0.18369620011187643,0.12246570638960987,0.7314479104539717,0.15916889745759188,0.10938319208843643,2024-05-26
2024-06-23,mls,Real Salt Lake,Los Angeles Galaxy,A,0.5671152647132864,0.22317830880197165,0.20970642648474214,0.6101494885916601,0.2033831628638867,0.1864673485444532,2024-05-26
2024-06-23,mls,Colorado Rapids,CF Montreal,H,0.5112961893966214,0.25047497233912186,0.23822883826425692,0.6988371256543364,0.17762650503644545,0.12353636930921817,2024-05-26
2024-06-23,mls,St. Louis City,Atlanta Utd,D,0.5040045704224161,0.23886332721586742,0.25713210236171635,0.49244368018432866,0.243120809360525,0.26443551045514635,2024-05-26
2024-06-23,mls,Nashville SC,New York City,H,0.40967012956251897,0.3303759530627428,0.2599539173747381,0.38320875036952573,0.2777988935343553,0.3389923560961189,2024-05-26
2024-06-23,mls,Philadelphia Union,Charlotte,A,0.643855324564404,0.22138280380988018,0.13476187162571573,0.415116248482776,0.2635479179740785,0.32133583354314554,2024-05-26
2024-06-23,mls,Orlando City,Chicago Fire,H,0.585867862085724,0.2530882542690318,0.16104388364524416,0.5739320431641844,0.22848479443503078,0.1975831624007848,2024-05-26
2024-06-23,mls,New York Red Bulls,Toronto FC,H,0.6276414761052802,0.22805087710217067,0.1443076467925491,0.5742296918767507,0.22969187675070027,0.19607843137254902,2024-05-26
2024-06-23,mls,FC Cincinnati,New England Revolution,A,0.5774788943321962,0.24106605497879138,0.1814550506890125,0.6128307998086054,0.21380985682211345,0.17335934336928122,2024-05-26
2024-06-23,mls,DC United,Houston Dynamo,A,0.40369159610896316,0.2924465988070653,0.30386180508397165,0.42412840985940226,0.26493500670669506,0.31093658343390257,2024-05-26
2024-06-23,mls,Columbus Crew,Sporting Kansas City,H,0.5838574882947002,0.2319913297779573,0.18415118192734264,0.7044064328135774,0.17674666903930422,0.11884689814711838,2024-05-26
2024-06-23,mls,Minnesota United,Austin FC,A,0.5114327142158631,0.2553970200616459,0.2331702657224913,0.5845005297881117,0.2237647039792075,0.19173476623268076,2024-05-26
2024-06-29,mls,New York City,Orlando City,H,0.49565825290801774,0.2864586065621957,0.21788314052978647,0.5344779059949338,0.2375457359977484,0.22797635800731775,2024-06-29
2024-06-30,mls,Los Angeles FC,Colorado Rapids,H,0.6598769383021144,0.20374427764220557,0.13637878405568013,0.6507920471144901,0.19656576116927454,0.15264219171623541,2024-06-29
2024-06-30,mls,Vancouver Whitecaps,St. Louis City,H,0.4828922163565153,0.2578973955105109,0.2592103881329738,0.5777328013367931,0.2233365227389917,0.19893067592421534,2024-06-29
2024-06-30,mls,Seattle Sounders,Chicago Fire,H,0.584881039026512,0.26216904102662925,0.1529499199468589,0.577277530657885,0.2380378953576958,0.18468457398441915,2024-06-29
2024-06-30,mls,San Jose Earthquakes,Los Angeles Galaxy,A,0.3901915695898254,0.2330457036150861,0.37676272679508843,0.34671518340120616,0.23086762808815398,0.42241718851063986,2024-06-29
2024-06-30,mls,Portland Timbers,Minnesota United,H,0.5080697682894226,0.2415440832731443,0.2503861484374331,0.5484254307783719,0.22499504852446026,0.22657952069716775,2024-06-29
2024-06-30,mls,Sporting Kansas City,Austin FC,H,0.48309275661411044,0.2532986753386257,0.2636085680472638,0.487988327407986,0.25973572265263767,0.2522759499393765,2024-06-29
2024-06-30,mls,Nashville SC,Inter Miami,A,0.4915663548197758,0.28131901398035103,0.22711463119987324,0.4517950055799528,0.2613084626867834,0.28689653173326374,2024-06-29
2024-06-30,mls,Houston Dynamo,Charlotte,H,0.48137800027250244,0.290181243211432,0.22844075651606555,0.5168175792571955,0.2604983485743816,0.22268407216842298,2024-06-29
2024-06-30,mls,FC Dallas,FC Cincinnati,A,0.42626412542427095,0.2790318982913832,0.29470397628434564,0.3494598403006106,0.2602160638797557,0.3903240958196336,2024-06-29
2024-06-30,mls,New York Red Bulls,DC United,D,0.6115385911479937,0.2336446962236908,0.1548167126283154,0.5641992662940994,0.23646586896149757,0.19933486474440293,2024-06-29
2024-06-30,mls,New England Revolution,Columbus Crew,A,0.34993854963781484,0.2738793969277881,0.376182053434397,0.3070745697896749,0.25124282982791585,0.4416826003824092,2024-06-29
2024-06-30,mls,CF Montreal,Philadelphia Union,H,0.31224597928222514,0.2583005769658063,0.42945344375196837,0.3828355292859013,0.2610711291356685,0.3560933415784302,2024-06-29
2024-06-30,mls,Atlanta Utd,Toronto FC,H,0.6629419961287093,0.19931194033247857,0.13774606353881202,0.5521270443795316,0.22212007532509898,0.22575288029536927,2024-06-29
2024-07-03,mls,Columbus Crew,Nashville SC,H,0.502717061273197,0.2903398506587987,0.2069430880680043,0.6594035311087294,0.19647533784056018,0.14412113105071034,2024-06-29
2024-07-04,mls,Real Salt Lake,Houston Dynamo,H,0.5040739684949075,0.2707836146585728,0.22514241684651953,0.5334051824543204,0.2456649822499542,0.2209298352957254,2024-06-29
2024-07-04,mls,St. Louis City,San Jose Earthquakes,H,0.5863818603689596,0.21714420486127795,0.1964739347697625,0.5332959641255605,0.24011584454409565,0.22658819133034375,2024-06-29
2024-07-04,mls,Minnesota United,Vancouver Whitecaps,A,0.488603182747594,0.2613037806941856,0.25009303655822046,0.4191114836546522,0.25817267393126575,0.3227158424140822,2024-06-29
2024-07-04,mls,Chicago Fire,Philadelphia Union,H,0.2866819479267436,0.2761907432250436,0.43712730884821266,0.4781326267345374,0.2528345303674779,0.26903284289798485,2024-06-29
2024-07-04,mls,New England Revolution,Atlanta Utd,H,0.42766947078988077,0.26378121140180194,0.30854931780831746,0.4079566291955672,0.27082835047436815,0.3212150203300646,2024-06-29
2024-07-04,mls,Toronto FC,Orlando City,A,0.3399154680372775,0.2780478914139605,0.3820366405487621,0.4119272873955606,0.25541665577297296,0.3326560568314665,2024-06-29
2024-07-04,mls,New York City,CF Montreal,H,0.5885153403072092,0.24294561494771388,0.1685390447450771,0.687392648574373,0.1743387152181381,0.1382686362074888,2024-06-29
2024-07-04,mls,DC United,FC Cincinnati,A,0.3313137670395412,0.2630260112437209,0.40566022171673805,0.341898223403645,0.2695186552179151,0.38858312137843987,2024-06-29
2024-07-04,mls,Charlotte,Inter Miami,A,0.454509639146067,0.2681015157213653,0.2773888451325676,0.47817265254042285,0.253519359089673,0.26830798836990394,2024-06-29
2024-07-05,mls,FC Dallas,Portland Timbers,H,0.47700904088504076,0.26122903010056175,0.2617619290143975,0.3710747152375634,0.2675428195497349,0.3613824652127016,2024-06-29
2024-07-05,mls,Colorado Rapids,Sporting Kansas City,H,0.49548410801792864,0.2472021392841844,0.25731375269788703,0.6255515756805003,0.2080668307878986,0.16638159353160112,2024-06-29
2024-07-05,mls,Los Angeles Galaxy,Los Angeles FC,A,0.36204566866856036,0.24594530649982066,0.39200902483161904,0.31172946930700324,0.25100294931213246,0.4372675813808643,2024-06-29
2024-07-07,mls,Seattle Sounders,New England Revolution,H,0.526261677798012,0.27599762502446407,0.19774069717752393,0.6631934666291186,0.20416784004505772,0.1326386933258237,2024-06-29
2024-07-07,mls,Austin FC,New York City,H,0.37753892667659483,0.3014407081761405,0.3210203651472646,0.3440127489301934,0.2754062178045138,0.3805810332652927,2024-06-29
2024-07-07,mls,Real Salt Lake,Atlanta Utd,H,0.5118697012250226,0.2494013677335909,0.23872893104138632,0.6141735735457802,0.2114588838743147,0.17436754257990505,2024-06-29
2024-07-07,mls,Philadelphia Union,New York Red Bulls,D,0.5161272584507209,0.2665980572637738,0.21727468428550525,0.3274139844617092,0.26193118756936734,0.41065482796892344,2024-06-29
2024-07-07,mls,CF Montreal,Vancouver Whitecaps,D,0.4222714330028361,0.26306811482226644,0.31466045217489746,0.3681129227856619,0.2609533657483263,0.3709337114660118,2024-06-29
2024-07-07,mls,FC Cincinnati,Inter Miami,H,0.547363672470422,0.23115480613786793,0.22148152139171007,0.5835658989977431,0.23090737010702067,0.18552673089523625,2024-06-29
2024-07-07,mls,Columbus Crew,Toronto FC,H,0.7240757775852472,0.1759780075239742,0.09994621489077873,0.7020919288975471,0.1758438651900621,0.1220642059123908,2024-06-29
2024-07-07,mls,Orlando City,DC United,H,0.57669414540398,0.239827051988326,0.18347880260769403,0.5729239124058229,0.23418787660383997,0.19288821099033712,2024-06-29
2024-07-08,mls,San Jose Earthquakes,Chicago Fire,H,0.48636707138418905,0.254192040652544,0.25944088796326686,0.4084975042088785,0.24325102637563872,0.34825146941548285,2024-06-29
2024-07-08,mls,Sporting Kansas City,FC Dallas,H,0.43161258174580225,0.2716190641032292,0.2967683541509688,0.5887272189723988,0.2277152450742297,0.1835575359533715,2024-06-29
2024-07-08,mls,Colorado Rapids,St. Louis City,H,0.46941147344124656,0.2567079593112323,0.27388056724752097,0.5912407019513655,0.21754454721912547,0.19121475082950906,2024-06-29
2024-07-08,mls,Los Angeles Galaxy,Minnesota United,H,0.5194559530176373,0.23224126889036076,0.24830277809200213,0.6434231378763867,0.1814162982734173,0.17516056385019602,2024-06-29
2024-07-08,mls,Portland Timbers,Nashville SC,H,0.42787128168867633,0.29207067681964527,0.28005804149167846,0.5274422520521609,0.2546752826531542,0.21788246529468502,2024-06-29
2024-07-14,mls,Houston Dynamo,Minnesota United,D,0.4844154157602998,0.2741629428529814,0.2414216413867187,0.6059275465939723,0.2080831099534376,0.18598934345258997,2024-06-29
2024-07-14,mls,San Jose Earthquakes,Sporting Kansas City,A,0.4376843551785034,0.24178605234059541,0.32052959248090124,0.46497067345063947,0.24546675146632743,0.289562575083033,2024-06-29
2024-07-14,mls,Los Angeles FC,Columbus Crew,A,0.5183367813227283,0.2508852112303865,0.23077800744688523,0.500444771427616,0.24267799217469815,0.25687723639768584,2024-06-29
2024-07-14,mls,Portland Timbers,Real Salt Lake,H,0.4406740277377581,0.25360591558654516,0.3057200566756968,0.44990378720493857,0.2308575519070687,0.3192386608879927,2024-06-29
2024-07-14,mls,Colorado Rapids,New York Red Bulls,D,0.3901144633924905,0.2884278776665019,0.32145765894100764,0.4857810459762215,0.2557418734107622,0.2584770806130162,2024-06-29
2024-07-14,mls,St. Louis City,Vancouver Whitecaps,A,0.48029388849154864,0.25838615917201124,0.26131995233644023,0.4687543172921943,0.25613631130554915,0.2751093714022565,2024-06-29
2024-07-14,mls,FC Dallas,Los Angeles Galaxy,H,0.4812171281411762,0.25300505020089326,0.2657778216579307,0.3442460391425909,0.24931220876048465,0.4064417520969245,2024-06-29
2024-07-14,mls,CF Montreal,Atlanta Utd,H,0.38015018072961393,0.25609941395184266,0.36375040531854336,0.37752292361823897,0.2550022914149582,0.36747478496680297,2024-06-29
2024-07-14,mls,Austin FC,Seattle Sounders,A,0.36696480912456864,0.30771415470150937,0.3253210361739221,0.3432240748398574,0.29153370212301144,0.3652422230371313,2024-06-29
2024-07-14,mls,Toronto FC,Philadelphia Union,H,0.2552445066636008,0.2560153594004862,0.4887401339359132,0.4475201552105624,0.25505106471103295,0.2974287800784046,2024-06-29
2024-07-14,mls,New England Revolution,Orlando City,A,0.4486330319266828,0.27493602401451894,0.27643094405879814,0.316493268971307,0.2660630228165382,0.4174437082121549,2024-06-29
2024-07-14,mls,FC Cincinnati,Charlotte,A,0.53785591278243,0.25704274038407826,0.20510134683349185,0.5670348933167149,0.23172099005731134,0.20124411662597394,2024-06-29
2024-07-14,mls,DC United,Nashville SC,H,0.3220215897205166,0.31001545794969104,0.36796295232979237,0.5001725402956972,0.24377096029563022,0.2560564994086726,2024-06-29
2024-07-14,mls,Chicago Fire,New York City,D,0.3185955025180599,0.3085679152090971,0.372836582272843,0.41003105099731596,0.2608283774538182,0.32914057154886583,2024-06-29
2024-07-18,mls,Los Angeles FC,Real Salt Lake,D,0.5680928700539427,0.23740384805329406,0.19450328189276306,0.6517564227398697,0.18749157366489402,0.16075200359523634,2024-06-29
2024-07-18,mls,Vancouver Whitecaps,Sporting Kansas City,H,0.5090481308833673,0.247828097188322,0.24312377192831067,0.6059032894289406,0.2126680419849924,0.181428668586067,2024-06-29
2024-07-18,mls,Seattle Sounders,St. Louis City,H,0.5281953685931621,0.2696874769497503,0.20211715445708753,0.5875391724650767,0.2299675997238009,0.18249322781112232,2024-06-29
2024-07-18,mls,San Jose Earthquakes,Houston Dynamo,A,0.3660003138697481,0.2730097166125552,0.36098996951769674,0.30317901818870235,0.2531782900581048,0.4436426917531929,2024-06-29
2024-07-18,mls,Los Angeles Galaxy,Colorado Rapids,H,0.5500900597114458,0.2253159679729302,0.22459397231562397,0.5126992924912784,0.22679403997261258,0.260506667536109,2024-06-29
2024-07-18,mls,Nashville SC,Orlando City,A,0.4729216357442959,0.3054592596535328,0.22161910460217124,0.3302514414383678,0.2665665904722914,0.4031819680893408,2024-06-29
2024-07-18,mls,Minnesota United,DC United,A,0.5843703921665111,0.23063140521749403,0.18499820261599464,0.48311367380560133,0.23682042833607908,0.28006589785831965,2024-06-29
2024-07-18,mls,FC Dallas,Austin FC,H,0.5023844998930773,0.272106789550414,0.2255087105565087,0.49845704076660713,0.25860808835471816,0.24293487087867466,2024-06-29
2024-07-18,mls,New York Red Bulls,CF Montreal,D,0.5943825510502848,0.23562428718296774,0.16999316176674725,0.6544066750229173,0.19433895197650272,0.15125437300057995,2024-06-29
2024-07-18,mls,Inter Miami,Toronto FC,H,0.643545412310832,0.20255560747804113,0.15389898021112683,0.4996864425821035,0.2375356734442019,0.2627778839736947,2024-06-29
2024-07-18,mls,FC Cincinnati,Chicago Fire,A,0.6242584237636765,0.22336029449447545,0.15238128174184817,0.5031531891115191,0.2528937495010776,0.2439530613874032,2024-06-29
2024-07-18,mls,Columbus Crew,Charlotte,D,0.5856518127969921,0.24541275428161147,0.1689354329213966,0.6234764791618259,0.20517803454370068,0.17134548629447344,2024-06-29
2024-07-18,mls,Atlanta Utd,New York City,D,0.4454508860917658,0.28389109629665044,0.27065801761158387,0.448335739014358,0.2555158829211117,0.2961483780645301,2024-06-29
2024-07-18,mls,Philadelphia Union,New England Revolution,H,0.6032443954557608,0.22734121572645777,0.1694143888177814,0.5929556623531569,0.23067248917318514,0.17637184847365797,2024-06-29
2024-07-21,mls,Sporting Kansas City,St. Louis City,D,0.47309262007748626,0.24658665565795823,0.28032072426455545,0.4897332244407007,0.24301623479803033,0.26725054076126886,2024-06-29
2024-07-21,mls,Los Angeles Galaxy,Portland Timbers,H,0.517471131178983,0.2210400245011839,0.2614888443198333,0.4668707631751586,0.2263284495954516,0.3068007872293899,2024-06-29
2024-07-21,mls,Vancouver Whitecaps,Houston Dynamo,A,0.4308101772514595,0.2877511594334714,0.28143866331506917,0.45256101257053793,0.2617515045678246,0.28568748286163753,2024-06-29
2024-07-21,mls,Seattle Sounders,Los Angeles FC,A,0.3760427731703852,0.30071288409658975,0.32324434273302505,0.4372129573684932,0.27606875308124856,0.28671828955025813,2024-06-29
2024-07-21,mls,Colorado Rapids,Real Salt Lake,H,0.388874222020088,0.27166519868174893,0.33946057929816326,0.46308425600577496,0.24627127100561566,0.29064447298860946,2024-06-29
2024-07-21,mls,Minnesota United,San Jose Earthquakes,H,0.5940359445579911,0.21850396549516032,0.18746008994684848,0.6171546130716885,0.20015825288811523,0.18268713404019626,2024-06-29
2024-07-21,mls,Austin FC,Charlotte,D,0.4465271295839504,0.2851263305432616,0.26834653987278795,0.392321286253855,0.29100107418829485,0.3166776395578503,2024-06-29
2024-07-21,mls,Philadelphia Union,Nashville SC,H,0.49728800041003945,0.29049172821076275,0.2122202713791979,0.599403449286816,0.22287287606276532,0.17772367465041874,2024-06-29
2024-07-21,mls,Orlando City,New York City,D,0.40376955766416067,0.30421315673957827,0.2920172855962613,0.4886984642464847,0.254637620844221,0.25666391490929436,2024-06-29
2024-07-21,mls,New York Red Bulls,FC Cincinnati,H,0.4620511953392667,0.2757275456316144,0.26222125902911886,0.5227211273878258,0.24481875586518426,0.23246011674698988,2024-06-29
2024-07-21,mls,New England Revolution,FC Dallas,D,0.4354234564077184,0.28311711821064117,0.2814594253816404,0.4398425869972143,0.2812946777307766,0.27886273527200905,2024-06-29
2024-07-21,mls,Inter Miami,Chicago Fire,H,0.5867455662202349,0.23063976905624275,0.18261466472352217,0.5167958656330749,0.24160206718346255,0.24160206718346255,2024-06-29
2024-07-21,mls,CF Montreal,Toronto FC,A,0.5568871141330038,0.2327875915971065,0.21032529426988994,0.4318507890961263,0.24677187948350077,0.32137733142037306,2024-06-29
2024-07-21,mls,Atlanta Utd,Columbus Crew,H,0.4071727456281074,0.26513010900591194,0.32769714536598055,0.33812651679188527,0.23586386293287606,0.42600962027523864,2024-06-29
2024-08-24,mls,Minnesota United,Seattle Sounders,A,0.38186013728489043,0.3027529635889602,0.31538689912614926,0.36394510673690045,0.2734728768136032,0.3625820164494964,2024-08-24
2024-08-25,mls,Portland Timbers,St. Louis City,D,0.58694815334921,0.2100057974899711,0.20304604916081864,0.5921263670786069,0.20845917458706895,0.19941445833432422,2024-08-24
2024-08-25,mls,Los Angeles Galaxy,Atlanta Utd,H,0.5030718862851079,0.22965516475649592,0.2672729489583962,0.5523448602558029,0.21968261487446705,0.22797252486972996,2024-08-24
2024-08-25,mls,Real Salt Lake,San Jose Earthquakes,A,0.6794545212893196,0.19033681703178845,0.13020866167889197,0.7202684056271108,0.16431509082059303,0.11541650355229606,2024-08-24
2024-08-25,mls,Sporting Kansas City,Orlando City,H,0.41948017054859366,0.26146839813136585,0.3190514313200405,0.3348446243967023,0.27807498980070966,0.3870803858025879,2024-08-24
2024-08-25,mls,Nashville SC,Austin FC,A,0.47333048689559204,0.2952740164272445,0.23139549667716344,0.4316796566472437,0.2770665991088327,0.29125374424392353,2024-08-24
2024-08-25,mls,New York City,Chicago Fire,D,0.5781624800326582,0.2614424134319745,0.16039510653536743,0.6247612303277085,0.213807176601038,0.16143159307125354,2024-08-24
2024-08-25,mls,Inter Miami,FC Cincinnati,H,0.448487017225907,0.24383356904987372,0.30767941372421925,0.5056579169466114,0.24084953151322389,0.25349255154016476,2024-08-24
2024-08-25,mls,DC United,FC Dallas,A,0.36622974231190675,0.27552019806960026,0.35825005961849293,0.5604533642183386,0.24281606711726506,0.19673056866439637,2024-08-24
2024-08-25,mls,Charlotte,New York Red Bulls,D,0.39768214810620106,0.3059089430702621,0.29640890882353677,0.4278566216437581,0.2641956188292058,0.30794775952703607,2024-08-24
2024-08-25,mls,CF Montreal,New England Revolution,A,0.4726182800056844,0.2537156819494718,0.27366603804484374,0.4626942413162706,0.2716379113345521,0.2656678473491773,2024-08-24
2024-08-25,mls,Houston Dynamo,Toronto FC,A,0.6249606298537259,0.22868393265915443,0.14635543748711974,0.6167845536226343,0.22068438157140127,0.16253106480596446,2024-08-24
2024-08-29,mls,Philadelphia Union,Columbus Crew,A,0.4341289778522227,0.25794961510217057,0.30792140704560683,0.41553135561396926,0.2659857303792715,0.3184829140067593,2024-08-24
2024-09-01,mls,FC Dallas,Colorado Rapids,A,0.5058116948755147,0.26282280406845365,0.23136550105603157,0.4358715233533987,0.25198822443868363,0.3121402522079178,2024-08-24
2024-09-01,mls,San Jose Earthquakes,Minnesota United,A,0.3732437669269143,0.2625150659546784,0.3642411671184073,0.4174513496547395,0.24272860431052518,0.33982004603473526,2024-08-24
2024-09-01,mls,Portland Timbers,Seattle Sounders,H,0.433042507130189,0.2788586321403559,0.2880988607294551,0.4099642402569853,0.2717740469119341,0.3182617128310807,2024-08-24
2024-09-01,mls,Los Angeles FC,Houston Dynamo,A,0.5838758709486945,0.24156181623843756,0.17456231281286774,0.5664604370847296,0.23037864666125366,0.2031609162540169,2024-08-24
2024-09-01,mls,Real Salt Lake,New England Revolution,H,0.6072272240437986,0.21961894884075134,0.17315382711545013,0.592393919553196,0.2160183644008299,0.1915877160459741,2024-08-24
2024-09-01,mls,Chicago Fire,Inter Miami,A,0.3928499184747534,0.2671760797764174,0.3399740017488291,0.36801864122915606,0.2681133037209641,0.36386805504987985,2024-08-24
2024-09-01,mls,St. Louis City,Los Angeles Galaxy,H,0.43845181652942267,0.2353597784346051,0.326188405035972,0.40850483970110124,0.24572499240903806,0.34577016788986076,2024-08-24
2024-09-01,mls,Toronto FC,DC United,A,0.44495423170766496,0.25716899440419405,0.2978767738881411,0.43380005642251557,0.27482219483585507,0.29137774874162947,2024-08-24
2024-09-01,mls,Orlando City,Nashville SC,H,0.49166737275072786,0.28935688804556897,0.2189757392037033,0.6289725590299937,0.21480536056158264,0.15622208040842375,2024-08-24
2024-09-01,mls,New York Red Bulls,Philadelphia Union,A,0.4273578442272038,0.2776838555517411,0.2949583002210552,0.555350650719216,0.23684071868907738,0.2078086305917066,2024-08-24
2024-09-01,mls,FC Cincinnati,CF Montreal,H,0.6164751431564106,0.21378963160288467,0.16973522524070483,0.6993459090016323,0.17515378483162478,0.12550030616674282,2024-08-24
2024-09-01,mls,Columbus Crew,New York City,H,0.5399876141371703,0.2633066134110912,0.1967057724517385,0.5750783803615503,0.21759722500166767,0.2073243946367821,2024-08-24
2024-09-01,mls,Charlotte,Atlanta Utd,A,0.44453210205468596,0.2748747746537358,0.2805931232915783,0.5059251452792103,0.23978090011992348,0.25429395460086623,2024-08-24
2024-09-01,mls,Austin FC,Vancouver Whitecaps,A,0.42578019847817783,0.2653269792051906,0.3088928223166315,0.42654620025559487,0.2631140963533153,0.31033970339108985,2024-08-24
2024-09-08,mls,Vancouver Whitecaps,FC Dallas,D,0.46666650886782807,0.2689763776682811,0.264357113463891,0.4559694364851958,0.2605539637058262,0.28347659980897805,2024-08-24
2024-09-08,mls,Houston Dynamo,Los Angeles FC,D,0.3563194365251537,0.28356608314371123,0.36011448033113486,0.493293268905402,0.26131211001475346,0.2453946210798446,2024-08-24
2024-09-08,mls,Chicago Fire,DC United,A,0.4898915706015253,0.26095273545747505,0.24915569394099962,0.43543258402155194,0.2557302477586893,0.3088371682197589,2024-08-24
2024-09-08,mls,New York Red Bulls,Sporting Kansas City,D,0.5506369500574497,0.24982418527707584,0.1995388646654745,0.5702524621025864,0.2350552831593588,0.19469225473805474,2024-08-24
2024-09-08,mls,Columbus Crew,Seattle Sounders,A,0.5268717636647059,0.2747551456466219,0.19837309068867245,0.5110520247074081,0.2562038001848809,0.2327441751077111,2024-08-24
2024-09-08,mls,New England Revolution,St. Louis City,D,0.4790944485132819,0.24793824598102832,0.27296730550568954,0.4558241821011895,0.2421922972567724,0.3019835206420381,2024-08-24
2024-09-15,mls,Vancouver Whitecaps,San Jose Earthquakes,H,0.6288612841525621,0.20900011013779782,0.16213860570964012,0.6342209427851746,0.20510975170924794,0.16066930550557754,2024-08-24
2024-09-15,mls,Los Angeles Galaxy,Los Angeles FC,H,0.36632148086476735,0.24493868970612453,0.38873982942910795,0.35054686885264336,0.2513011319567001,0.3981519991906565,2024-08-24
2024-09-15,mls,Colorado Rapids,Portland Timbers,H,0.4460580071355875,0.24311333301079963,0.3108286598536128,0.5251236525047558,0.23452124286620163,0.2403551046290425,2024-08-24
2024-09-15,mls,St. Louis City,Minnesota United,A,0.45706079930700977,0.25240523285815614,0.29053396783483393,0.45352188697576507,0.2483294651049819,0.29814864791925294,2024-08-24
2024-09-15,mls,Houston Dynamo,Real Salt Lake,H,0.4371702773845561,0.27606933086920526,0.2867603917462388,0.5523105360443623,0.23290203327171902,0.21478743068391867,2024-08-24
2024-09-15,mls,Toronto FC,Austin FC,H,0.38520767236889164,0.2748777517064145,0.3399145759246938,0.4906231156806033,0.255695115844124,0.2536817684752726,2024-08-24
2024-09-15,mls,Chicago Fire,New York Red Bulls,H,0.3321835375899992,0.3039197920669896,0.36389667034301126,0.33845044739408847,0.27895339468215935,0.38259615792375223,2024-08-24
2024-09-15,mls,Inter Miami,Philadelphia Union,H,0.4039270281156194,0.24660600731986157,0.3494669645645188,0.6785880795897189,0.1708501902513122,0.15056173015896887,2024-08-24
2024-09-15,mls,FC Cincinnati,Columbus Crew,D,0.3907359219180708,0.26193719669325105,0.34732688138867807,0.408252853380158,0.24495171202809476,0.3467954345917471,2024-08-24
2024-09-15,mls,DC United,New York City,D,0.3189546432330005,0.2843677037031937,0.39667765306380554,0.3808186777553122,0.2635638805173006,0.35561744172738713,2024-08-24
2024-09-15,mls,CF Montreal,Charlotte,H,0.4059606139616637,0.28140248230017345,0.312636903738163,0.3162114417719799,0.27028128821850794,0.4135072700095122,2024-08-24
2024-09-15,mls,Atlanta Utd,Nashville SC,A,0.48881487839826654,0.2818372532419289,0.22934786835980475,0.5663763026213102,0.22339668548868385,0.21022701189000598,2024-08-24
2024-09-15,mls,Orlando City,New England Revolution,H,0.572435015824738,0.23587267667088535,0.19169230750437685,0.6693824793208786,0.18501166415010847,0.14560585652901287,2024-08-24
2024-09-16,mls,Seattle Sounders,Sporting Kansas City,H,0.5464989608751305,0.26255677326882987,0.19094426585603966,0.6140377092918723,0.22060393674788087,0.1653583539602469,2024-08-24
2024-09-19,mls,Portland Timbers,Los Angeles Galaxy,H,0.5285274135598614,0.21440113223746368,0.25707145420267485,0.45641794634204996,0.23542726186013282,0.3081547917978172,2024-08-24
2024-09-19,mls,Los Angeles FC,Austin FC,D,0.6697451437056116,0.2011456128627335,0.1291092434316549,0.6747525098062153,0.1904867920327685,0.13476069816101627,2024-08-24
2024-09-19,mls,Real Salt Lake,FC Dallas,H,0.5177336963232716,0.25897057893954634,0.22329572473718184,0.5544599862416877,0.23939463425819765,0.20614537950011466,2024-08-24
2024-09-19,mls,Sporting Kansas City,Colorado Rapids,H,0.48331759010842845,0.24758518912221977,0.2690972207693516,0.4229640431526247,0.24645996407621135,0.330575992771164,2024-08-24
2024-09-19,mls,Nashville SC,Chicago Fire,H,0.49673046329026155,0.29754119559854336,0.20572834111119512,0.54748019714044,0.23791732023880852,0.21460248262075152,2024-08-24
2024-09-19,mls,Minnesota United,FC Cincinnati,A,0.41990017905722427,0.2600227695336315,0.3200770514091443,0.43221362932636703,0.26237358528213073,0.3054127853915023,2024-08-24
2024-09-19,mls,Toronto FC,Columbus Crew,A,0.21985277823922225,0.24669705222436109,0.5334501695364167,0.31943103752643304,0.26517151882331286,0.4153974436502541,2024-08-24
2024-09-19,mls,Orlando City,Charlotte,H,0.499617514574589,0.2723832666735074,0.22799921875190363,0.5548525809350934,0.2366283065752604,0.2085191124896463,2024-08-24
2024-09-19,mls,New York City,Philadelphia Union,A,0.43303178764790257,0.2822288681875493,0.2847393441645482,0.5603805038411769,0.2205616628390902,0.21905783331973278,2024-08-24
2024-09-19,mls,New England Revolution,CF Montreal,D,0.5003695996889519,0.24857111475396362,0.25105928555708457,0.5647064873621145,0.23157028618446426,0.20372322645342106,2024-08-24
2024-09-19,mls,Atlanta Utd,Inter Miami,D,0.5182806372947373,0.23233912674777896,0.24938023595748343,0.4826050012556461,0.2359926656506827,0.28140233309367113,2024-08-24
2024-09-19,mls,Seattle Sounders,San Jose Earthquakes,D,0.6313491674442068,0.23285613500741895,0.1357946975483742,0.745982482579567,0.1575672570465092,0.09645026037392382,2024-08-24
2024-09-19,mls,Houston Dynamo,Vancouver Whitecaps,D,0.4900413764455561,0.26551509653257793,0.24444352702186595,0.5273462599690063,0.2513134520164796,0.2213402880145141,2024-08-24
2024-09-21,mls,Charlotte,New England Revolution,H,0.5164540990305361,0.26364251389268556,0.2199033870767783,0.5328543920806169,0.24232825368490366,0.22481735423447938,2024-08-24
2024-09-21,mls,New York City,Inter Miami,D,0.528654481108367,0.25491134156323286,0.21643417732839998,0.46287646169194924,0.23945836755845884,0.2976651707495919,2024-08-24
2024-09-22,mls,CF Montreal,Chicago Fire,H,0.48629534106190403,0.26542780055769066,0.2482768583804053,0.45826231418153573,0.268592634145289,0.27314505167317527,2024-08-24
2024-09-22,mls,Philadelphia Union,DC United,H,0.6934198988613491,0.18148539411380218,0.12509470702484868,0.5105857826989075,0.2347949219710304,0.25461929533006206,2024-08-24
2024-09-22,mls,San Jose Earthquakes,St. Louis City,A,0.4100054641160774,0.2527664984087173,0.3372280374752051,0.4102078562621102,0.23903470142680988,0.35075744231107975,2024-08-24
2024-09-22,mls,Real Salt Lake,Portland Timbers,D,0.5377554773834724,0.2266450133644264,0.23559950925210127,0.48814032697547677,0.238058583106267,0.2738010899182561,2024-08-24
2024-09-22,mls,Colorado Rapids,Toronto FC,H,0.6006307255482409,0.22507113859164482,0.17429813586011433,0.6479938009109638,0.20369425387285567,0.14831194521618066,2024-08-24
2024-09-22,mls,Sporting Kansas City,Minnesota United,A,0.47190599807526534,0.2511991862775196,0.2768948156472152,0.42216368586913555,0.24788585657444115,0.32995045755642327,2024-08-24
2024-09-22,mls,Los Angeles Galaxy,Vancouver Whitecaps,H,0.5168431369841037,0.22788867040662128,0.25526819260927525,0.6254570502507584,0.19617186504809936,0.17837108470114219,2024-08-24
2024-09-22,mls,FC Dallas,Los Angeles FC,H,0.34472141311288174,0.28199554480575756,0.37328304208136054,0.43779753917867237,0.26079044786654065,0.30141201295478687,2024-08-24
2024-09-22,mls,Austin FC,Houston Dynamo,A,0.3926931682045784,0.2892109194899751,0.3180959123054465,0.34716497523466455,0.2759516469814,0.37688337778393544,2024-08-24
2024-09-22,mls,New York Red Bulls,Atlanta Utd,D,0.4980352365749927,0.26556055590242883,0.2364042075225786,0.5847200174057391,0.22647606307968768,0.1888039195145733,2024-08-24
2024-09-22,mls,Columbus Crew,Orlando City,H,0.590858160967352,0.23091635026002752,0.17822548877262054,0.5170202269363591,0.2460121690511429,0.23696760401249795,2024-08-24
2024-09-22,mls,Nashville SC,FC Cincinnati,D,0.39305242378098987,0.29822177999254346,0.30872579622646656,0.3203533757282663,0.27484863485777394,0.40479798941395984,2024-08-24
2024-09-29,mls,Chicago Fire,Toronto FC,D,0.5014568860062327,0.2696863297231079,0.22885678427065936,0.45381450467939627,0.2700069539014285,0.2761785414191754,2024-09-29
2024-09-29,mls,Vancouver Whitecaps,Portland Timbers,D,0.474230082692868,0.23672361921025167,0.2890462980968803,0.473706229343597,0.240388235786303,0.2859055348701,2024-09-29
2024-09-29,mls,Seattle Sounders,Houston Dynamo,H,0.4617405238909303,0.3111435056377593,0.22711597047131057,0.5032176739865986,0.26112917136601865,0.23565315464738276,2024-09-29
2024-09-29,mls,St. Louis City,Sporting Kansas City,H,0.4745355379958744,0.23908819889379263,0.28637626311033304,0.5615012877275227,0.2185027635500767,0.2199959487224007,2024-09-29
2024-09-29,mls,Minnesota United,Colorado Rapids,H,0.5023133560879294,0.24731179449122245,0.25037484942084803,0.5919727131520384,0.20573891736414124,0.20228836948382026,2024-09-29
2024-09-29,mls,FC Dallas,Orlando City,A,0.45193872347155634,0.26971484207460145,0.27834643445384233,0.3764594678371749,0.26652915491502466,0.3570113772478005,2024-09-29
2024-09-29,mls,Austin FC,Real Salt Lake,D,0.384360094679964,0.2715116294327693,0.3441282758872669,0.45640251285630856,0.2431088761948176,0.30048861094887397,2024-09-29
2024-09-29,mls,New England Revolution,Nashville SC,H,0.40904720373002723,0.2980255618856287,0.29292723438434415,0.45625164355779385,0.2650009546143898,0.27874740182781643,2024-09-29
2024-09-29,mls,New York Red Bulls,New York City,A,0.44521037898756965,0.2981661106485727,0.25662351036385783,0.4608924784164185,0.2601812378157201,0.2789262837678613,2024-09-29
2024-09-29,mls,Inter Miami,Charlotte,D,0.5104225813442209,0.2554757993286856,0.23410161932709336,0.6512207992574116,0.18787656586763532,0.16090263487495313,2024-09-29
2024-09-29,mls,FC Cincinnati,Los Angeles FC,A,0.40931397479731585,0.260473240919382,0.3302127842833022,0.5359660402497405,0.2370365779974282,0.22699738175283124,2024-09-29
2024-09-29,mls,DC United,Columbus Crew,D,0.25668719084503006,0.2400971925538846,0.5032156166010853,0.37688603774155843,0.2576056162222886,0.3655083460361529,2024-09-29
2024-09-29,mls,CF Montreal,San Jose Earthquakes,H,0.5122920392940155,0.24220707586793247,0.24550088483805207,0.5271302855369532,0.23585536003242652,0.23701435443062024,2024-09-29
2024-09-29,mls,Philadelphia Union,Atlanta Utd,D,0.5878839325393677,0.22310034378767385,0.18901572367295855,0.5475523800328281,0.22728589359853238,0.2251617263686396,2024-09-29
2024-10-03,mls,Colorado Rapids,Los Angeles Galaxy,A,0.4492568174869546,0.23525591625195882,0.31548726626108664,0.38856184431216495,0.23201894300654458,0.3794192126812906,2024-09-29
2024-10-03,mls,Vancouver Whitecaps,Seattle Sounders,A,0.38061111318164853,0.3008949420176214,0.31849394480072996,0.36960966470501344,0.28820753616879025,0.3421827991261962,2024-09-29
2024-10-03,mls,San Jose Earthquakes,FC Dallas,H,0.33520080865753205,0.2722363547291685,0.39256283661329944,0.3599314964687339,0.258881210026977,0.38118729350428904,2024-09-29
2024-10-03,mls,Portland Timbers,Austin FC,A,0.5700899310819112,0.225325787916179,0.20458428100190973,0.6334925556323935,0.19143313808374512,0.17507430628386147,2024-09-29
2024-10-03,mls,Los Angeles FC,St. Louis City,H,0.6536073847832313,0.19547281217284135,0.1509198030439273,0.7326128991801053,0.15707412404679835,0.11031297677309633,2024-09-29
2024-10-03,mls,Real Salt Lake,Minnesota United,D,0.5245463307889903,0.23994133971870937,0.23551232949230044,0.48025469758993966,0.24315162270926413,0.2765936797007961,2024-09-29
2024-10-03,mls,Nashville SC,DC United,A,0.5216254878954756,0.268019536002816,0.21035497610170825,0.44404847278528253,0.27039823203126145,0.28555329518345607,2024-09-29
2024-10-03,mls,Houston Dynamo,New England Revolution,H,0.5713955373061748,0.2482362697565591,0.180368192937266,0.62953995157385,0.209390462153911,0.1610695862722392,2024-09-29
2024-10-03,mls,Columbus Crew,Inter Miami,A,0.6054275055857444,0.21166929985307967,0.18290319456117593,0.47150079043830245,0.23291002901169153,0.29558918055000605,2024-09-29
2024-10-03,mls,Toronto FC,New York Red Bulls,A,0.29311342569197174,0.2907996341236221,0.41608694018440634,0.3433690754776291,0.28563445216723127,0.3709964723551395,2024-09-29
2024-10-03,mls,Orlando City,Philadelphia Union,H,0.40992609767175425,0.2610931674052291,0.32898073492301677,0.5132959496688223,0.231414001289541,0.25529004904163655,2024-09-29
2024-10-03,mls,New York City,FC Cincinnati,H,0.4343086833818057,0.2774054196661487,0.2882858969520458,0.4910698263398646,0.23945731630929043,0.269472857350845,2024-09-29
2024-10-03,mls,Charlotte,Chicago Fire,H,0.5310318910247231,0.27368302959302876,0.19528507938224812,0.5977684998931125,0.22433736243074853,0.17789413767613887,2024-09-29
2024-10-03,mls,Atlanta Utd,CF Montreal,A,0.583292477875017,0.2240222254340823,0.19268529669090056,0.5955040316255138,0.2088131019985568,0.19568286637592952,2024-09-29
2024-10-05,mls,Toronto FC,Inter Miami,A,0.3036738444202007,0.2546560389530725,0.44167011662672695,0.45855476889096974,0.25262416771800156,0.2888210633910287,2024-09-29
2024-10-06,mls,New York City,Nashville SC,H,0.47086849420832416,0.30810340209505716,0.22102810369661877,0.6386339602480577,0.20301837473148782,0.1583476650204544,2024-09-29
2024-10-06,mls,San Jose Earthquakes,Real Salt Lake,A,0.32158997133630135,0.2551156505363556,0.42329437812734283,0.3251232256250092,0.25363016030432656,0.42124661407066416,2024-09-29
2024-10-06,mls,Los Angeles Galaxy,Austin FC,H,0.5657485354413541,0.2256898691680734,0.20856159539057248,0.6593493263227078,0.18232007886953666,0.15833059480775552,2024-09-29
2024-10-06,mls,St. Louis City,Houston Dynamo,H,0.38874236443496785,0.2753405240449014,0.33591711152013065,0.3692082331730769,0.24995492788461535,0.38083683894230763,2024-09-29
2024-10-06,mls,Sporting Kansas City,Los Angeles FC,A,0.3431908809544178,0.2582913315228328,0.39851778752274936,0.29540035050420893,0.2489585428218462,0.45564110667394486,2024-09-29
2024-10-06,mls,Colorado Rapids,Seattle Sounders,A,0.3554102508480772,0.29748128775665816,0.3471084613952647,0.360814907138131,0.2701072489190478,0.36907784394282106,2024-09-29
2024-10-06,mls,New England Revolution,DC United,A,0.5211988260275408,0.23501604329272693,0.24378513067973248,0.39470267462996617,0.2417553882108543,0.3635419371591794,2024-09-29
2024-10-06,mls,FC Cincinnati,Orlando City,A,0.4910820360393005,0.2521190014327727,0.25679896252792667,0.44156157738193236,0.25718613150702974,0.3012522911110379,2024-09-29
2024-10-06,mls,Columbus Crew,Philadelphia Union,H,0.5108926648125636,0.24363247660709625,0.24547485858034024,0.5518240117278034,0.2160384833386255,0.2321375049335711,2024-09-29
2024-10-06,mls,Charlotte,CF Montreal,H,0.5364582606593302,0.25558443248418344,0.20795730685648636,0.5953649731993561,0.21771811661014834,0.18691691019049553,2024-09-29
2024-10-06,mls,Atlanta Utd,New York Red Bulls,H,0.44063015091485574,0.2787995140744537,0.2805703350106905,0.40174255938409537,0.2561374518824524,0.3421199887334523,2024-09-29
2024-10-06,mls,Vancouver Whitecaps,Minnesota United,A,0.48745753618490567,0.253743812034372,0.2587986517807223,0.5387350719961577,0.2375211278012617,0.2237438002025806,2024-09-29
2024-10-07,mls,Portland Timbers,FC Dallas,D,0.5012797009739401,0.239273686292258,0.25944661273380204,0.6532133670668121,0.19014329694816115,0.15664333598502672,2024-09-29
2024-10-13,mls,Columbus Crew,New England Revolution,H,0.6878138608101483,0.1877058705934458,0.12448026859640612,0.6956400281422009,0.16990853784712162,0.13445143401067747,2024-09-29
2024-10-14,mls,Vancouver Whitecaps,Los Angeles FC,A,0.37081659134599104,0.26559075107404456,0.3635926575799646,0.29239083020595624,0.25535980157828897,0.4522493682157548,2024-09-29
2024-10-19,mls,Philadelphia Union,FC Cincinnati,A,0.5412374364415717,0.23554262042943613,0.2232199431289919,0.49061667642509754,0.23402296672093031,0.27536035685397214,2024-09-29
2024-10-19,mls,Orlando City,Atlanta Utd,A,0.51052328939759,0.248775738371366,0.240700972231044,0.5392260390745282,0.21641583182587568,0.24435812909959628,2024-09-29
2024-10-19,mls,New York Red Bulls,Columbus Crew,A,0.3590178876823381,0.2856584611081015,0.3553236512095604,0.44956636671434524,0.2530281906900111,0.2974054425956438,2024-09-29
2024-10-19,mls,CF Montreal,New York City,H,0.35782740150681014,0.2797604696803465,0.3624121288128432,0.29750774759759374,0.27084038646839764,0.4316518659340087,2024-09-29
2024-10-19,mls,DC United,Charlotte,A,0.38413918340333364,0.2762082354144577,0.3396525811822085,0.5337008642362806,0.2379306808541054,0.2283684549096141,2024-09-29
2024-10-19,mls,Chicago Fire,Nashville SC,A,0.3634850797520861,0.3211169515176894,0.3153979687302246,0.4787160143930869,0.25117048027897027,0.27011350532794287,2024-09-29
2024-10-19,mls,Inter Miami,New England Revolution,H,0.5948390392311911,0.2137704242115619,0.19139053655724708,0.6824154159129501,0.17090688036185783,0.146677703725192,2024-09-29
2024-10-20,mls,Minnesota United,St. Louis City,H,0.5313628139749242,0.23232435253360656,0.2363128334914692,0.6427886041277762,0.19757846438353777,0.15963293148868615,2024-09-29
2024-10-20,mls,Real Salt Lake,Vancouver Whitecaps,H,0.511783948060742,0.24432723936865047,0.2438888125706076,0.5645557191948944,0.21453117329405988,0.22091310751104565,2024-09-29
2024-10-20,mls,Seattle Sounders,Portland Timbers,D,0.5208633539815294,0.25504775383559186,0.22408889218287883,0.6036644825324138,0.20951478786374444,0.1868207296038418,2024-09-29
2024-10-20,mls,Houston Dynamo,Los Angeles Galaxy,H,0.49493396338108914,0.2518237002751438,0.2532423363437672,0.4534855919350522,0.2379123918279954,0.30860201623695244,2024-09-29
2024-10-20,mls,FC Dallas,Sporting Kansas City,H,0.5143922490456528,0.25107235511577125,0.23453539583857597,0.539422395735898,0.225073680272088,0.23550392399201403,2024-09-29
2024-10-20,mls,Los Angeles FC,San Jose Earthquakes,H,0.7172640596722614,0.1753996826423749,0.10733625768536359,0.7806459124714376,0.13354582369121948,0.085808263837343,2024-09-29
2024-10-20,mls,Austin FC,Colorado Rapids,H,0.4415379510681614,0.26947542716299233,0.2889866217688462,0.4713939221001569,0.23398487658724496,0.29462120131259806,2024-09-29
2024-10-23,mls,CF Montreal,Atlanta Utd,D,0.38490500757517593,0.25812594345396883,0.3569690489708554,0.3734259661311333,0.2811550151975684,0.3454190186712983,2024-09-29
2024-10-24,mls,Vancouver Whitecaps,Portland Timbers,H,0.474230082692868,0.23672361921025167,0.2890462980968803,0.2895227799766359,0.2387669345980158,0.47171028542534826,2024-09-29
2024-10-26,mls,Inter Miami,Atlanta Utd,H,0.5121840283652561,0.23555774322749,0.25225822840725376,0.7323534498638165,0.14920420207178844,0.11844234806439502,2024-09-29
2024-10-27,mls,Los Angeles Galaxy,Colorado Rapids,H,0.5520610911233067,0.2176988530107814,0.23024005586591198,0.6682785452139808,0.18088742577220535,0.15083402901381388,2024-09-29
2024-10-27,mls,Orlando City,Charlotte,H,0.5069017098512386,0.26947521948600023,0.22362307066276094,0.5306140312486323,0.24635651450829357,0.22302945424307408,2024-09-29
2024-10-28,mls,Los Angeles FC,Vancouver Whitecaps,H,0.5854748821791831,0.22855216227658495,0.18597295554423193,0.6185608569207289,0.20662846612341268,0.17481067695585822,2024-09-29
2024-10-28,mls,FC Cincinnati,New York City,H,0.49077535091549185,0.2673295970983173,0.24189505198619068,0.503219283775874,0.2503059649869632,0.24647475123716275,2024-09-29
2024-10-29,mls,Columbus Crew,New York Red Bulls,A,0.5917328339847878,0.22934656384396826,0.17892060217124392,0.5399819921559051,0.23984311810398765,0.22017488974010715,2024-10-29
2024-10-29,mls,Seattle Sounders,Houston Dynamo,D,0.4825808091658449,0.30696044420165663,0.21045874663249842,0.5392107854728971,0.26736490470816787,0.19342430981893505,2024-10-29
2024-10-30,mls,Real Salt Lake,Minnesota United,D,0.4918444694349348,0.25037598840201186,0.257779542163053,0.462717262457333,0.2671489167226039,0.2701338208200631,2024-10-29
2024-11-01,mls,Charlotte,Orlando City,D,0.4054892843015785,0.28403544962485927,0.31047526607356213,0.40637338273704676,0.270158841037478,0.32346777622547535,2024-10-29
2024-11-02,mls,Colorado Rapids,Los Angeles Galaxy,A,0.3872920865094466,0.234077287067495,0.37863062642305856,0.3468091541486037,0.2500252041536445,0.4031656416977518,2024-10-29
2024-11-02,mls,New York City,FC Cincinnati,H,0.45484171702823384,0.2691462216479459,0.27601206132382045,0.40677019412348064,0.27581568718344274,0.31741411869307673,2024-10-29
2024-11-02,mls,Atlanta Utd,Inter Miami,H,0.4502092213088871,0.24466158683565722,0.3051291918554557,0.27865477938558264,0.23299568300433054,0.4883495376100868,2024-10-29
2024-11-03,mls,New York Red Bulls,Columbus Crew,D,0.35026155835746836,0.2695046764201555,0.3802337652223762,0.4052432927152118,0.26755012972081665,0.3272065775639717,2024-10-29
2024-11-03,mls,Minnesota United,Real Salt Lake,D,0.4580312103109595,0.25610984500786405,0.28585894468117656,0.5109212147284852,0.2624024716947926,0.22667631357672224,2024-10-29
2024-11-03,mls,Houston Dynamo,Seattle Sounders,D,0.36219590030428134,0.32834725977291795,0.3094568399228007,0.44331601668251996,0.298280529743177,0.25840345357430305,2024-10-29
2024-11-04,mls,Vancouver Whitecaps,Los Angeles FC,H,0.3417837139686319,0.2662953022655562,0.39192098376581186,0.3808186777553122,0.2635638805173006,0.35561744172738713,2024-10-29
2024-11-09,mls,Los Angeles FC,Vancouver Whitecaps,H,0.6054928333059899,0.22277729223822182,0.1717298744557882,0.5667762772586115,0.2277824282126807,0.20544129452870777,2024-10-29
2024-11-09,mls,FC Cincinnati,New York City,D,0.4712705439573239,0.26632521969819295,0.26240423634448307,0.5134670599035137,0.25336432352194377,0.2331686165745425,2024-10-29
2024-11-09,mls,Orlando City,Charlotte,D,0.5059047538166702,0.2667324179999852,0.22736282818334463,0.543419556993619,0.24675683965526576,0.20982360335111533,2024-10-29
2024-11-10,mls,Inter Miami,Atlanta Utd,A,0.5236054079789337,0.23239575548073904,0.2439988365403272,0.7234360134222836,0.16821152060343308,0.10835246597428345,2024-10-29
2024-11-23,mls,New York City,New York Red Bulls,A,0.47303906738910795,0.2795754421080584,0.2473854905028339,0.4480750401298715,0.28382465885059305,0.26810030101953536,2024-10-29
2024-11-24,mls,Los Angeles FC,Seattle Sounders,D,0.4714775068172538,0.28930310759645284,0.23921938558629338,0.5305664610207516,0.2652832305103758,0.2041503084688727,2024-10-29
2024-11-24,mls,Orlando City,Atlanta Utd,H,0.520740003269685,0.24655304821947113,0.23270694851084398,0.6106110406075794,0.2168012234067361,0.1725877359856844,2024-10-29
2024-11-24,mls,Los Angeles Galaxy,Minnesota United,H,0.5158683353242758,0.22684332790064027,0.2572883367750839,0.5425540640293081,0.23845586024004156,0.2189900757306504,2024-10-29
2024-12-01,mls,Los Angeles Galaxy,Seattle Sounders,H,0.4225512559909442,0.27145240394273895,0.3059963400663171,0.5002709700728609,0.25954918608618854,0.24017984384095062,2024-12-01
2024-12-01,mls,Orlando City,New York Red Bulls,A,0.48468972798420396,0.27226564521642754,0.24304462679936875,0.5131701150611423,0.2709999484030752,0.21582993653578247,2024-12-01
2024-12-07,mls,Los Angeles Galaxy,New York Red Bulls,H,0.5227115974308559,0.23274747977130353,0.2445409227978403,0.49481693980732655,0.2519302957243568,0.2532527644683167,2024-12-01
2025-02-22,mls,Los Angeles FC,Minnesota United,H,0.5860009920019511,0.22995071974691333,0.18404828825113567,0.5336420678000661,0.2521911599786213,0.21416677222131256,2025-02-22
2025-02-23,mls,Portland Timbers,Vancouver Whitecaps,A,0.48446368846314575,0.239582327213068,0.2759539843237861,0.34693592828990966,0.28220152767604895,0.3708625440340414,2025-02-22
2025-02-23,mls,Seattle Sounders,Charlotte,D,0.49837625515869544,0.3059062740488977,0.1957174707924069,0.5806657043389658,0.24842914154708332,0.1709051541139509,2025-02-22
2025-02-23,mls,San Jose Earthquakes,Real Salt Lake,H,0.3083779837137904,0.258508222543621,0.4331137937425888,0.4284718411177526,0.2631375980777502,0.30839056080449706,2025-02-22
2025-02-23,mls,St. Louis City,Colorado Rapids,D,0.5315761329166429,0.22649999556507125,0.2419238715182858,0.4834375883638972,0.253108685007276,0.2634537266288268,2025-02-22
2025-02-23,mls,Nashville SC,New England Revolution,D,0.5083656075813331,0.2697839548698686,0.22185043754879857,0.47142429419327575,0.2722309304496381,0.2563447753570863,2025-02-22
2025-02-23,mls,Houston Dynamo,FC Dallas,A,0.46592489246102,0.2866342047765305,0.24744090276244943,0.4632237593332361,0.2758226943038357,0.2609535463629281,2025-02-22
2025-02-23,mls,FC Cincinnati,New York Red Bulls,H,0.46302452329530686,0.26953099016447035,0.26744448654022274,0.5103083700440529,0.266431718061674,0.22325991189427308,2025-02-22
2025-02-23,mls,Orlando City,Philadelphia Union,A,0.4329584337567744,0.26366447822591305,0.30337708801731283,0.6101269653761855,0.22366603371099147,0.16620700091282298,2025-02-22
2025-02-23,mls,Inter Miami,New York City,D,0.4757829592030721,0.2547646087901297,0.269452432006798,0.6602506177479589,0.1967277350840857,0.14302164716795548,2025-02-22
2025-02-23,mls,DC United,Toronto FC,D,0.553686708789249,0.23234847391236893,0.21396481729838207,0.5085922690858375,0.26187677812007903,0.2295309527940835,2025-02-22
2025-02-23,mls,Columbus Crew,Chicago Fire,H,0.7114894174392463,0.18100887283679878,0.10750170972395472,0.5956006033983271,0.23362541828215252,0.17077397831952035,2025-02-22
2025-02-23,mls,Atlanta Utd,CF Montreal,H,0.5696731665492929,0.22928077870113836,0.2010460547495687,0.6695464362850971,0.20086393088552917,0.12958963282937364,2025-02-22
2025-02-23,mls,Austin FC,Sporting Kansas City,H,0.4688714305821442,0.25921843156071694,0.2719101378571389,0.5418539019633967,0.2511718608059495,0.20697423723065367,2025-02-22
2025-03-01,mls,Charlotte,Atlanta Utd,H,0.44501887942241436,0.2806532113677644,0.2743279092098212,0.467813777318526,0.25550778866737434,0.27667843401409964,2025-02-22
2025-03-01,mls,Real Salt Lake,Seattle Sounders,H,0.3835137748617176,0.3070013342698311,0.3094848908684512,0.3683004017509614,0.3055615320520594,0.3261380661969792,2025-02-22
2025-03-02,mls,Vancouver Whitecaps,Los Angeles Galaxy,H,0.4376487444518495,0.2371342480050767,0.32521700754307387,0.577987768238577,0.22818902434005284,0.19382320742137016,2025-02-22
2025-03-02,mls,Portland Timbers,Austin FC,H,0.5332070886168179,0.23577613885606016,0.23101677252712197,0.3322216442799009,0.27156319799284034,0.39621515772725885,2025-02-22
2025-03-02,mls,Los Angeles FC,New York City,H,0.5475078838573999,0.2539449520589183,0.19854716408368178,0.5431320583530311,0.25712102762457323,0.19974691402239572,2025-02-22
2025-03-02,mls,Colorado Rapids,FC Dallas,D,0.394973715232339,0.26517217343502175,0.3398541113326393,0.4567462856074927,0.2735316738666341,0.2697220405258732,2025-02-22
2025-03-02,mls,Sporting Kansas City,San Jose Earthquakes,A,0.5784852425796566,0.22297131425893985,0.19854344316140382,0.48860426077818575,0.2607645380972527,0.2506312011245616,2025-02-22
2025-03-02,mls,Minnesota United,CF Montreal,H,0.5668895435317809,0.23043754404397568,0.2026729124242435,0.6636272656510619,0.20738352051595685,0.1289892138329812,2025-02-22
2025-03-02,mls,Philadelphia Union,FC Cincinnati,H,0.5369009985617342,0.23603692052081052,0.2270620809174554,0.35589479492367115,0.2688982894978849,0.375206915578444,2025-02-22
2025-03-02,mls,Orlando City,Toronto FC,H,0.671173213552895,0.20592508900578574,0.12290169744131904,0.567630603490164,0.2506420846579945,0.1817273118518416,2025-02-22
2025-03-02,mls,New York Red Bulls,Nashville SC,H,0.4915098601143397,0.29293433366365346,0.21555580622200676,0.5304826774302052,0.2831315169862092,0.18638580558358564,2025-02-22
2025-03-02,mls,New England Revolution,Columbus Crew,A,0.2674860191317487,0.24138475693436318,0.49112922393388797,0.3363955034449414,0.26326604617430194,0.4003384503807567,2025-02-22
2025-03-02,mls,Chicago Fire,DC United,D,0.4507182620970961,0.25504111712199884,0.2942406207809049,0.4379678533386899,0.26961252252883144,0.29241962413247874,2025-02-22
2025-03-03,mls,Houston Dynamo,Inter Miami,A,0.4630492622703739,0.26473693644513313,0.2722138012844927,0.3953575439910145,0.2751778360164733,0.32946461999251214,2025-02-22
2025-03-08,mls,Columbus Crew,Houston Dynamo,D,0.5467446819349452,0.2534259513593876,0.19982936670566723,0.5668206683484028,0.2385136475723477,0.19466568407924945,2025-02-22
2025-03-08,mls,Seattle Sounders,Los Angeles FC,H,0.4130660886576884,0.30623758150461233,0.2806963298376992,0.4760563380281691,0.2859154929577465,0.23802816901408455,2025-02-22
2025-03-09,mls,Los Angeles Galaxy,St. Louis City,A,0.6205398139018051,0.18826558581968778,0.19119460027850707,0.4395358426105908,0.26565353124815927,0.2948106261412499,2025-02-22
2025-03-09,mls,Inter Miami,Charlotte,H,0.4977176690690244,0.2557092589521715,0.24657307197880407,0.5633106110876516,0.2372564396452917,0.19943294926705676,2025-02-22
2025-03-09,mls,San Jose Earthquakes,Minnesota United,A,0.3341765574060507,0.2610537643601412,0.40476967823380816,0.39984176733712684,0.2687825213766242,0.33137571128624893,2025-02-22
2025-03-09,mls,Vancouver Whitecaps,CF Montreal,H,0.5651564156341665,0.23283627188321177,0.20200731248262166,0.701716499572124,0.18104549988960641,0.11723800053826952,2025-02-22
2025-03-09,mls,Nashville SC,Portland Timbers,H,0.4191619120992209,0.27362379487430677,0.30721429302647224,0.5772048978796952,0.24527536373004857,0.17751973839025617,2025-02-22
2025-03-09,mls,DC United,Sporting Kansas City,H,0.4273732833365983,0.24123949688536364,0.33138721977803803,0.5002294692059026,0.2450362628343634,0.254734267959734,2025-02-22
2025-03-09,mls,Austin FC,Colorado Rapids,A,0.49931413199418523,0.2536651297791796,0.2470207382266352,0.5485558382491339,0.2481897879996081,0.20325437375125802,2025-02-22
2025-03-09,mls,New York City,Orlando City,H,0.4330320635352991,0.2843615354881327,0.28260640097656836,0.3936047672436301,0.2814731765753867,0.32492205618098324,2025-02-22
2025-03-09,mls,New England Revolution,Philadelphia Union,A,0.2981025512902203,0.24885889252998974,0.45303855617978983,0.3825195327490138,0.2718467465884845,0.34563372066250175,2025-02-22
2025-03-09,mls,FC Cincinnati,Toronto FC,H,0.6687965838872658,0.2012569320828244,0.12994648402990974,0.5888252148997135,0.2349570200573066,0.17621776504297995,2025-02-22
2025-03-09,mls,FC Dallas,Chicago Fire,A,0.5837889078769809,0.24181762673653648,0.17439346538648245,0.591618903799293,0.21817620207982977,0.1902048941208772,2025-02-22
2025-03-09,mls,Atlanta Utd,New York Red Bulls,D,0.44143021576049396,0.27497620895579866,0.2835935752837075,0.5032547758854319,0.2569811621542631,0.239764061960305,2025-02-22
2025-03-15,mls,New York Red Bulls,Orlando City,D,0.4340427509561622,0.2836285945629298,0.282328654480908,0.4670799961911614,0.2869007691737994,0.2460192346350392,2025-02-22
2025-03-15,mls,Toronto FC,Chicago Fire,A,0.41171498061643635,0.2821571490340547,0.306127870349509,0.43039661272891466,0.2631501028913201,0.30645328437976516,2025-02-22
2025-03-15,mls,Los Angeles FC,Austin FC,A,0.6237582875487436,0.22334641254157264,0.15289529990968356,0.5429686226025184,0.26334717935489993,0.19368419804258166,2025-02-22
2025-03-15,mls,DC United,CF Montreal,D,0.46583403356840936,0.23911023485345195,0.29505573157813886,0.6502832681836934,0.21339672658799697,0.13632000522830967,2025-02-22
2025-03-15,mls,Charlotte,FC Cincinnati,H,0.4274812922662182,0.2811042107229641,0.2914144970108177,0.4299021891010712,0.2724732184443409,0.2976245924545878,2025-02-22
2025-03-15,mls,New York City,New England Revolution,H,0.5884578481375754,0.2347537581178387,0.1767883937445856,0.554198171024628,0.25177671477359076,0.19402511420178126,2025-02-22
2025-03-16,mls,Atlanta Utd,Inter Miami,A,0.46543667734697786,0.24181301112616183,0.2927503115268604,0.35549067878246554,0.23993415540652763,0.40457516581100683,2025-02-22
2025-03-16,mls,Portland Timbers,Los Angeles Galaxy,D,0.449671222295363,0.21701068177558164,0.33331809592905526,0.4624660795386109,0.24285279051148154,0.2946811299499075,2025-02-22
2025-03-16,mls,Philadelphia Union,Nashville SC,A,0.568145240865015,0.25223623477666296,0.17961852435832204,0.48574393726438914,0.2605472871040794,0.2537087756315314,2025-02-22
2025-03-16,mls,San Jose Earthquakes,Colorado Rapids,A,0.41679600782574455,0.25352560614770664,0.32967838602654864,0.46838520709217846,0.2665396482347756,0.26507514467304605,2025-02-22
2025-03-16,mls,St. Louis City,Seattle Sounders,H,0.33085911117028705,0.29182132592655097,0.3773195629031622,0.41921627136989026,0.2743313277236393,0.3064524009064704,2025-02-22
2025-03-16,mls,Houston Dynamo,Real Salt Lake,A,0.4433071165594324,0.28386913243594963,0.27282375100461786,0.4760832313341494,0.2655079559363525,0.2584088127294981,2025-02-22
2025-03-16,mls,FC Dallas,Vancouver Whitecaps,A,0.45939819508161844,0.26735939116245466,0.2732424137559269,0.4064498933901919,0.2763859275053305,0.31716417910447764,2025-02-22
2025-03-16,mls,Sporting Kansas City,Minnesota United,D,0.42684286078341105,0.2556916375457951,0.3174655016707937,0.389103197136156,0.2900799284039008,0.3208168744599433,2025-02-22
2025-03-22,mls,FC Cincinnati,Atlanta Utd,D,0.49588733489814335,0.24932742666800306,0.2547852384338538,0.5251733036482316,0.24905125740019235,0.2257754389515762,2025-02-22
2025-03-22,mls,Minnesota United,Los Angeles Galaxy,D,0.43814367766468726,0.23481639864320264,0.32703992369211,0.48124545926310325,0.25590036325895177,0.26285417747794493,2025-02-22
2025-03-22,mls,Charlotte,San Jose Earthquakes,H,0.5867292580863014,0.24139629247587982,0.17187444943781902,0.5889454339093219,0.23051802186426917,0.18053654422640897,2025-02-22
2025-03-22,mls,Columbus Crew,New York City,D,0.5565067256478554,0.2437803252529215,0.19971294909922302,0.41566736035835283,0.28072607235796,0.3036065672836872,2025-02-22
2025-03-22,mls,New York Red Bulls,Toronto FC,H,0.6424074234334094,0.22311232365658176,0.13448025291000879,0.5615017942263403,0.27912805955760267,0.15937014621605697,2025-02-22
2025-03-22,mls,Orlando City,DC United,H,0.6340441844718153,0.206647093265345,0.15930872226283962,0.5138500370808884,0.23971167982929778,0.2464382830898138,2025-02-22
2025-03-22,mls,Philadelphia Union,St. Louis City,H,0.6196896402206097,0.2036204638606947,0.17668989591869558,0.4338096362777516,0.2600525507794048,0.30613781294284365,2025-02-22
2025-03-23,mls,Vancouver Whitecaps,Chicago Fire,A,0.5938327374352244,0.23501105629788735,0.17115620626688843,0.4999782427506519,0.2629313374683265,0.2370904197810216,2025-02-22
2025-03-23,mls,Seattle Sounders,Houston Dynamo,D,0.47252884615401197,0.31609249928177835,0.21137865456420968,0.5341425615097986,0.26059246262337876,0.2052649758668228,2025-02-22
2025-03-23,mls,Nashville SC,CF Montreal,H,0.4893222867470148,0.27520881534484337,0.23546889790814182,0.6127617182142161,0.22743165427808965,0.15980662750769425,2025-02-22
2025-03-23,mls,Colorado Rapids,Portland Timbers,A,0.4082898947543478,0.23904185792346952,0.3526682473221827,0.5251372028065147,0.23976487671562952,0.23509792047785572,2025-02-22
2025-03-23,mls,Sporting Kansas City,Los Angeles FC,A,0.3143146370991722,0.2576117521937215,0.4280736107071061,0.340798733081554,0.2855069032305644,0.3736943636878816,2025-02-22
2025-03-23,mls,Real Salt Lake,FC Dallas,A,0.49747212871388596,0.25770285129472703,0.24482501999138698,0.49263228512666907,0.2689580163922762,0.23840969848105467,2025-02-22
2025-03-29,mls,New England Revolution,New York Red Bulls,H,0.3246400102608171,0.27934461174986747,0.3960153779893155,0.29057725827950376,0.2959089510919717,0.41351379062852456,2025-03-29
2025-03-29,mls,Toronto FC,Vancouver Whitecaps,D,0.28747544597241015,0.2620289025893346,0.4504956514382552,0.32364314426765706,0.2764837146743699,0.399873141057973,2025-03-29
2025-03-29,mls,Colorado Rapids,Charlotte,H,0.3444451575052182,0.2770432977161246,0.37851154477865717,0.4260139577222615,0.27551330029331444,0.298472741984424,2025-03-29
2025-03-29,mls,Atlanta Utd,New York City,H,0.41774109643363494,0.27753619635809507,0.30472270720827016,0.5703538691889128,0.23452507029909067,0.19512106051199649,2025-03-29
2025-03-29,mls,DC United,Columbus Crew,A,0.2508509667671713,0.22986978663109425,0.5192792466017345,0.3964999466455281,0.2687388527264135,0.3347612006280583,2025-03-29
2025-03-29,mls,Inter Miami,Philadelphia Union,H,0.43729120737127397,0.23416644279785087,0.3285423498308752,0.5492185030800699,0.23404953157891598,0.21673196534101413,2025-03-29
2025-03-30,mls,St. Louis City,Austin FC,A,0.48135594129227816,0.2660427631521882,0.2526012955555337,0.3924463182815701,0.2876386961885692,0.3199149855298608,2025-03-29
2025-03-30,mls,San Jose Earthquakes,Seattle Sounders,D,0.2606812053094663,0.28210253372636024,0.45721626096417356,0.28182311042979197,0.28855321455945865,0.42962367501074955,2025-03-29
2025-03-30,mls,San Diego FC,Los Angeles FC,H,0.5244234786364262,0.2895134968884547,0.1860630244751191,0.40505526947902865,0.2711714549173329,0.32377327560363833,2025-03-29
2025-03-30,mls,Los Angeles Galaxy,Orlando City,A,0.47454413107454513,0.22660277855138003,0.2988530903740748,0.36085459144799004,0.26137575812989544,0.3777696504221146,2025-03-29
2025-03-30,mls,Nashville SC,FC Cincinnati,A,0.41385082054062944,0.2885265419287266,0.297622637530644,0.42095359951830813,0.2847627290859143,0.29428367139577766,2025-03-29
2025-03-30,mls,FC Dallas,Sporting Kansas City,H,0.5323062021698809,0.23846681145697884,0.2292269863731402,0.5085808559165511,0.25164156933371024,0.23977757474973876,2025-03-29
2025-03-30,mls,Chicago Fire,CF Montreal,D,0.47020189941184903,0.25427315956594243,0.2755249410222086,0.5701485909575081,0.2355870705912442,0.19426433845124774,2025-03-29
2025-03-30,mls,Minnesota United,Real Salt Lake,H,0.4612483186337626,0.2542926319950982,0.28445904937113925,0.5710375880106826,0.24618712340256468,0.18277528858675257,2025-03-29
2025-03-31,mls,Portland Timbers,Houston Dynamo,H,0.45699846250714876,0.2625209272600873,0.28048061023276394,0.43779753917867237,0.26079044786654065,0.30141201295478687,2025-03-29
2025-04-05,mls,Charlotte,Nashville SC,H,0.45891008473837536,0.30413540969247754,0.23695450556914718,0.42997593418278823,0.28878980654067865,0.28123425927653306,2025-03-29
2025-04-05,mls,Real Salt Lake,Los Angeles Galaxy,H,0.46137365826644855,0.22878994411322223,0.30983639762032916,0.5925330666883054,0.22101347796383014,0.18645345534786445,2025-03-29
2025-04-06,mls,Sporting Kansas City,St. Louis City,H,0.4160052870325817,0.2515583618469836,0.3324363511204345,0.4434076632012049,0.2722897762756695,0.2843025605231255,2025-03-29
2025-04-06,mls,San Jose Earthquakes,DC United,H,0.4508726957418885,0.23770898347608962,0.3114183207820221,0.4413896389256316,0.24977863288039615,0.30883172819397225,2025-03-29
2025-04-06,mls,San Diego FC,Seattle Sounders,H,0.5054953368615988,0.3241709397011643,0.1703337234372371,0.4248148120463736,0.3008005501446372,0.2743846378089892,2025-03-29
2025-04-06,mls,Vancouver Whitecaps,Colorado Rapids,H,0.5701265848244461,0.2275988643090073,0.20227455086654636,0.5738040717765102,0.23454764977725961,0.19164827844623003,2025-03-29
2025-04-06,mls,Houston Dynamo,Los Angeles FC,H,0.34634397390124594,0.2902754081806173,0.3633806179181366,0.4391922595232026,0.27065069214315013,0.2901570483336474,2025-03-29
2025-04-06,mls,New York City,Minnesota United,A,0.4875702991280479,0.2683887920924697,0.24404090877948245,0.42654982003532227,0.2689633587444949,0.3044868212201829,2025-03-29
2025-04-06,mls,Philadelphia Union,Orlando City,D,0.5307536157251784,0.2321759675142831,0.2370704167605385,0.4373057607526782,0.26623849346099693,0.2964557457863248,2025-03-29
2025-04-06,mls,New York Red Bulls,Chicago Fire,H,0.5692204133867279,0.24516749906210042,0.18561208755117187,0.5057036596153277,0.2675606620125418,0.22673567837213052,2025-03-29
2025-04-06,mls,FC Cincinnati,New England Revolution,H,0.5995252268663791,0.21962377927237822,0.1808509938612425,0.5342564653177586,0.24794979544234438,0.21779373923989703,2025-03-29
2025-04-06,mls,Columbus Crew,CF Montreal,H,0.6902365904075057,0.1856073894265911,0.12415602016590303,0.6370886702215381,0.2128327194766643,0.1500786103017976,2025-03-29
2025-04-06,mls,Austin FC,Portland Timbers,D,0.4304945085514577,0.25939427040504304,0.31011122104349925,0.522902534980425,0.25386297212769976,0.22323449289187522,2025-03-29
2025-04-06,mls,Atlanta Utd,FC Dallas,D,0.47787682593681446,0.25618631736514746,0.26593685669803785,0.5602022272960253,0.22941615022599132,0.2103816224779833,2025-03-29
2025-04-07,mls,Inter Miami,Toronto FC,D,0.7111618098038879,0.17089477172890122,0.11794341846721103,0.6861565986631215,0.1843798921551574,0.12946350918172103,2025-03-29
2025-04-12,mls,Toronto FC,Minnesota United,D,0.2992280271100943,0.26378950032524473,0.4369824725646607,0.31025179856115104,0.26888489208633093,0.42086330935251803,2025-03-29
2025-04-12,mls,Atlanta Utd,New England Revolution,A,0.577802736274805,0.2278658808163207,0.19433138290887417,0.6300917809631845,0.20511498401567493,0.16479323502114054,2025-03-29
2025-04-12,mls,Orlando City,New York Red Bulls,D,0.4687833602743368,0.26711274919336453,0.26410389053229877,0.5384218669417224,0.25564327369381523,0.20593485936446224,2025-03-29
2025-04-13,mls,CF Montreal,Charlotte,A,0.3332578982714433,0.28247891534559294,0.38426318638296364,0.3901182739897914,0.2967770918695345,0.31310463414067397,2025-03-29
2025-04-13,mls,DC United,FC Cincinnati,A,0.3477322675913321,0.2439397545167921,0.40832797789187614,0.4152853713954128,0.2695306170895019,0.3151840115150853,2025-03-29
2025-04-13,mls,New York City,Philadelphia Union,H,0.3991114070397708,0.2715810536181034,0.3293075393421255,0.47612170464837344,0.26335887205346,0.2605194232981665,2025-03-29
2025-04-13,mls,Vancouver Whitecaps,Austin FC,H,0.5065560546151292,0.26297569268726767,0.23046825269760335,0.49294823300551166,0.2713984653625851,0.23565330163190315,2025-03-29
2025-04-13,mls,FC Dallas,Seattle Sounders,A,0.3570909835151388,0.30393997501189113,0.33896904147297013,0.3359273670557717,0.29053177691309984,0.37354085603112835,2025-03-29
2025-04-13,mls,Nashville SC,Real Salt Lake,H,0.42929869332723014,0.2866855368058319,0.284015769866938,0.5309920699142255,0.25036413659168155,0.2186437934940929,2025-03-29
2025-04-13,mls,Colorado Rapids,San Diego FC,H,0.19305119856164935,0.2821529199992287,0.5247958814391219,0.3518090515611212,0.2657898054376602,0.3824011430012187,2025-03-29
2025-04-13,mls,Los Angeles FC,San Jose Earthquakes,H,0.7083418385497403,0.17750762848292498,0.11415053296733496,0.5678227710187035,0.22766479026693295,0.20451243871436353,2025-03-29
2025-04-13,mls,Los Angeles Galaxy,Houston Dynamo,D,0.5092466563886522,0.24371627829742049,0.24703706531392722,0.47198552277878325,0.2650877593689056,0.2629267178523113,2025-03-29
2025-04-13,mls,Sporting Kansas City,Portland Timbers,A,0.41902287878009625,0.23691714000795633,0.34405998121194736,0.4599971987085328,0.26321365593676266,0.27678914535470456,2025-03-29
2025-04-13,mls,Chicago Fire,Inter Miami,D,0.33341668092712096,0.24369008157906885,0.42289323749381014,0.32358253156889066,0.25938653334878903,0.4170309350823203,2025-03-29
2025-04-14,mls,St. Louis City,Columbus Crew,A,0.32883592737630407,0.2570885654349261,0.4140755071887698,0.31232319861668323,0.27742175235292776,0.410255049030389,2025-03-29
2025-04-19,mls,Columbus Crew,Inter Miami,A,0.5639044153729588,0.21724036516732922,0.21885521945971192,0.40333378263018377,0.25340342364200025,0.34326279372781593,2025-03-29
2025-04-19,mls,Austin FC,Los Angeles Galaxy,H,0.3947543780445999,0.2518443070854544,0.35340131486994575,0.47149875851867507,0.2577526546568757,0.27074858682444924,2025-03-29
2025-04-20,mls,CF Montreal,Orlando City,D,0.32941714676743317,0.25692857235455957,0.41365428087800726,0.33618445518780216,0.2856080327259204,0.3782075120862774,2025-03-29
2025-04-20,mls,Charlotte,San Diego FC,H,0.2624327548057266,0.33933999531694026,0.3982272498773334,0.4362699571005263,0.26754676927159354,0.2961832736278803,2025-03-29
2025-04-20,mls,New England Revolution,New York City,H,0.3197363241326781,0.279619941084813,0.4006437347825088,0.39876479670612447,0.27606793618116315,0.3251672671127123,2025-03-29
2025-04-20,mls,New York Red Bulls,DC United,A,0.6050436936698568,0.22159374673950102,0.17336255959064234,0.46048888156338896,0.27163669979862837,0.26787441863798256,2025-03-29
2025-04-20,mls,Philadelphia Union,Atlanta Utd,H,0.5752761303750293,0.22273289093074256,0.20199097869422794,0.4607990387503754,0.26584559927906276,0.2733553619705617,2025-03-29
2025-04-20,mls,Seattle Sounders,Nashville SC,H,0.4806766826424807,0.3117084810227908,0.20761483633472858,0.5327923817689116,0.26713413047139334,0.200073487759695,2025-03-29
2025-04-20,mls,Chicago Fire,FC Cincinnati,A,0.3568254090036073,0.26050356172311184,0.38267102927328084,0.4190355530920897,0.28220761738855016,0.2987568295193602,2025-03-29
2025-04-20,mls,Houston Dynamo,Colorado Rapids,D,0.5259418289571646,0.2574975535599347,0.2165606174829007,0.5139333028780265,0.25765189584285064,0.22841480127912292,2025-03-29
2025-04-20,mls,Minnesota United,FC Dallas,D,0.47173716986017133,0.2593641567677628,0.2688986733720659,0.677206718744954,0.2007585679786711,0.12203471327637493,2025-03-29
2025-04-20,mls,St. Louis City,Vancouver Whitecaps,D,0.4370621281241482,0.2587670388815957,0.30417083299425607,0.3397817782136955,0.26974319440363015,0.3904750273826743,2025-03-29
2025-04-20,mls,Real Salt Lake,Toronto FC,A,0.6445937492433448,0.20656542371542777,0.14884082704122734,0.5281970555698442,0.26482208539529173,0.20698085903486402,2025-03-29
2025-04-20,mls,Portland Timbers,Los Angeles FC,D,0.36261875931304455,0.24799067742670683,0.38939056326024873,0.3696249701654566,0.27433921298399333,0.35603581685055014,2025-03-29
2025-04-20,mls,San Jose Earthquakes,Sporting Kansas City,A,0.41081714845524914,0.24752419505683085,0.34165865648792004,0.4979123633539214,0.24024271531826705,0.2618449213278115,2025-03-29
2025-04-26,mls,Philadelphia Union,DC United,H,0.7043612349160782,0.16908230696090837,0.1265564581230136,0.5907248175163129,0.22084436985128209,0.18843081263240508,2025-03-29
2025-04-26,mls,New York Red Bulls,CF Montreal,H,0.5749235114252494,0.24213182537939104,0.18294466319535974,0.5415404404693211,0.26052486055010576,0.1979346989805732,2025-03-29
2025-04-26,mls,FC Cincinnati,Sporting Kansas City,H,0.5756538794124333,0.2212784784307646,0.20306764215680212,0.6090847892131169,0.21625931841724153,0.17465589236964152,2025-03-29
2025-04-26,mls,Toronto FC,New York City,A,0.2627258310616689,0.2758853966062034,0.46138877233212805,0.3301959671443661,0.3141149947185041,0.35568903813712965,2025-03-29
2025-04-27,mls,Orlando City,Atlanta Utd,H,0.5166328022113998,0.24142857947164217,0.24193861831695798,0.524699262586184,0.2588328802033723,0.21646785721044368,2025-03-29
2025-04-27,mls,Charlotte,New England Revolution,A,0.5819018782373364,0.24202538332549156,0.17607273843717183,0.5009927770908813,0.2693359498009473,0.22967127310817123,2025-03-29
2025-04-27,mls,Columbus Crew,San Jose Earthquakes,H,0.7370445749732211,0.16214944227100292,0.1008059827557761,0.6481471623466083,0.19353492422774474,0.15831791342564694,2025-03-29
2025-04-27,mls,San Diego FC,Real Salt Lake,A,0.6152676185628516,0.2502005641695082,0.13453181726764032,0.5710768160772228,0.23033885899057432,0.19858432493220296,2025-03-29
2025-04-27,mls,Houston Dynamo,Austin FC,H,0.46591961547821437,0.29282623406325536,0.24125415045853044,0.4546348279202423,0.2815035417064291,0.26386163037332866,2025-03-29
2025-04-27,mls,Nashville SC,Chicago Fire,H,0.5137658767090152,0.27244214307233,0.21379198021865467,0.48285888347363753,0.2603012848914488,0.2568398316349136,2025-03-29
2025-04-27,mls,Colorado Rapids,Seattle Sounders,D,0.3023790881180907,0.2890592932103257,0.40856161867158375,0.3443668434724448,0.2862931450170325,0.3693400115105228,2025-03-29
2025-04-27,mls,Minnesota United,Vancouver Whitecaps,A,0.4501744351440025,0.2597871109877721,0.29003845386822547,0.591580527145309,0.23404763573952758,0.1743718371151634,2025-03-29
2025-04-27,mls,Inter Miami,FC Dallas,A,0.5463408960194729,0.227067866781364,0.22659123719916308,0.4187603424434991,0.29672895430812357,0.2845107032483773,2025-03-29
2025-04-28,mls,Los Angeles FC,St. Louis City,D,0.5998186542497125,0.22649678096839881,0.17368456478188862,0.638280309994912,0.21136036580971865,0.15035932419536926,2025-04-28
2025-04-28,mls,Los Angeles Galaxy,Portland Timbers,A,0.5168224490788903,0.210771618310313,0.27240593261079676,0.47410894418291855,0.2572293207800941,0.2686617350369872,2025-04-28
2025-05-03,mls,Toronto FC,New England Revolution,A,0.3696253535021988,0.2819987256700681,0.3483759208277333,0.395126967681304,0.2915846598852997,0.3132883724333964,2025-04-28
2025-05-03,mls,Atlanta Utd,Nashville SC,D,0.4411090109406253,0.27152104399214344,0.28736994506723107,0.4379288833437305,0.2757330006238303,0.2863381160324392,2025-04-28
2025-05-04,mls,CF Montreal,Philadelphia Union,A,0.2724712520755887,0.2573208091678653,0.47020793875654604,0.34228180107474726,0.2865850582963121,0.37113314062894054,2025-04-28
2025-05-04,mls,Columbus Crew,Charlotte,H,0.5279868626229989,0.26210890962139677,0.20990422775560416,0.571884315097552,0.2508526499644614,0.1772630349379866,2025-04-28
2025-05-04,mls,DC United,Colorado Rapids,H,0.4245167585459324,0.23777054304996997,0.33771269840409757,0.4561599182563269,0.25857193227363984,0.28526814947003337,2025-04-28
2025-05-04,mls,Inter Miami,New York Red Bulls,H,0.4922530165203326,0.25376936806022127,0.2539776154194461,0.603497659394597,0.21601705929113094,0.18048528131427202,2025-04-28
2025-05-04,mls,Austin FC,Minnesota United,A,0.39000838385358644,0.2915141636947842,0.3184774524516294,0.3900601710776656,0.2896255162492847,0.3203143126730499,2025-04-28
2025-05-04,mls,Chicago Fire,Orlando City,D,0.30071704999202,0.2572586039952906,0.4420243460126896,0.3387321652646744,0.2857740391318492,0.37549379560347623,2025-04-28
2025-05-04,mls,San Diego FC,FC Dallas,H,0.5133710190837334,0.23790462260914175,0.24872435830712486,0.5475455972289873,0.23972145550323826,0.2127329472677743,2025-04-28
2025-05-04,mls,Vancouver Whitecaps,Real Salt Lake,H,0.5038168837266944,0.2520227718320239,0.2441603444412816,0.5511297392228338,0.2479375433521746,0.20093271742499152,2025-04-28
2025-05-04,mls,Los Angeles FC,Houston Dynamo,H,0.5393513136869122,0.25796250693582606,0.20268617937726166,0.5552074720206831,0.2451931475421291,0.19959938043718775,2025-04-28
2025-05-04,mls,San Jose Earthquakes,Portland Timbers,H,0.36399950177474405,0.2289868238658013,0.4070136743594549,0.4100312388905278,0.2695469982678679,0.3204217628416045,2025-04-28
2025-05-04,mls,Seattle Sounders,St. Louis City,H,0.543091729660109,0.27279592479025927,0.18411234554963185,0.6263713817536438,0.2212412678671127,0.15238735037924353,2025-04-28
2025-05-04,mls,New York City,FC Cincinnati,H,0.45054172672127385,0.2704008115474148,0.2790574617313116,0.3997739019309078,0.2607689602891635,0.3394571377799287,2025-04-28
2025-05-05,mls,Sporting Kansas City,Los Angeles Galaxy,H,0.4097383967802871,0.22701948965189087,0.363242113567822,0.35996857959267314,0.2602998599742717,0.3797315604330552,2025-04-28
2025-05-10,mls,Minnesota United,Inter Miami,H,0.43278101144447473,0.24963755275922647,0.3175814357962989,0.39673413063477464,0.2805887764489421,0.3226770929162834,2025-04-28
2025-05-10,mls,Toronto FC,DC United,H,0.4301671063712228,0.257792077370524,0.3120408162582533,0.39690713772711306,0.27591265414648314,0.32718020812640397,2025-04-28
2025-05-10,mls,Chicago Fire,Atlanta Utd,H,0.38572505263098844,0.25371214355046645,0.36056280381854516,0.4417468282314788,0.25593268619760284,0.30232048557091834,2025-04-28
2025-05-11,mls,New York Red Bulls,Los Angeles Galaxy,H,0.47489833855243324,0.2516899267395948,0.27341173470797187,0.5010599908289195,0.26422015909831,0.23471985007277052,2025-04-28
2025-05-11,mls,Portland Timbers,Sporting Kansas City,H,0.5820519300776628,0.20222882247471044,0.2157192474476267,0.5918800709939148,0.21439211460446247,0.1937278144016227,2025-04-28
2025-05-11,mls,Colorado Rapids,San Jose Earthquakes,A,0.5375836705748871,0.22286887268677907,0.23954745673833377,0.5060491661960108,0.2422440870762859,0.2517067467277033,2025-04-28
2025-05-11,mls,Nashville SC,Charlotte,H,0.40030609594706695,0.3035952363858984,0.2960986676670345,0.528568748827612,0.2505908835115363,0.22084036766085163,2025-04-28
2025-05-11,mls,Houston Dynamo,Seattle Sounders,A,0.3528730474825502,0.32736329092440847,0.3197636615930411,0.2923936280256534,0.30434682665563295,0.4032595453187137,2025-04-28
2025-05-11,mls,St. Louis City,San Diego FC,A,0.4005244015168092,0.2544389781417135,0.3450366203414775,0.3096295223264404,0.24518886031941473,0.44518161735414474,2025-04-28
2025-05-11,mls,Philadelphia Union,Columbus Crew,D,0.4623627251914896,0.25336536921602054,0.28427190559248994,0.34696524361699677,0.27191939036275875,0.38111536602024443,2025-04-28
2025-05-11,mls,Orlando City,New England Revolution,D,0.6033776562749649,0.22670734087682765,0.16991500284820762,0.5695417782137577,0.233622719704187,0.1968355020820553,2025-04-28
2025-05-11,mls,New York City,CF Montreal,A,0.571122817025889,0.24739483204934576,0.1814823509247655,0.5140541383072686,0.24907777835506836,0.23686808333766302,2025-04-28
2025-05-11,mls,FC Cincinnati,Austin FC,H,0.5383526721700967,0.25709758992947196,0.20454973790043124,0.5745672657380508,0.2342895646698848,0.19114316959206443,2025-04-28
2025-05-11,mls,FC Dallas,Real Salt Lake,D,0.45765503484762465,0.26273476579742727,0.279610199354948,0.4151893383254891,0.27173908940966,0.31307157226485105,2025-04-28
2025-05-12,mls,Vancouver Whitecaps,Los Angeles FC,D,0.4168493630927138,0.263084851171894,0.3200657857353921,0.4500600462228931,0.2636591551442017,0.28628079863290534,2025-04-28
2025-05-15,mls,Austin FC,Atlanta Utd,D,0.42062098662915587,0.27910120626943047,0.30027780710141383,0.46752364473977526,0.26587196280531167,0.26660439245491313,2025-04-28
2025-05-15,mls,San Jose Earthquakes,Inter Miami,D,0.3235943319538711,0.2308548109125252,0.44555085713360365,0.3768336395674568,0.25352420253622093,0.3696421578963221,2025-04-28
2025-05-15,mls,San Diego FC,Colorado Rapids,H,0.59999938829157,0.20585792460428895,0.19414268710414095,0.6139300223416165,0.20953698588616046,0.17653299177222306,2025-04-28
2025-05-15,mls,Los Angeles FC,Seattle Sounders,H,0.4519477236664994,0.28935252714095966,0.25869974919254085,0.5475271254678332,0.2597433263674896,0.1927295481646773,2025-04-28
2025-05-15,mls,Real Salt Lake,Portland Timbers,D,0.48271436742951007,0.2354396636750994,0.28184596889539054,0.4539784580785821,0.2649244152622959,0.28109712665912207,2025-04-28
2025-05-15,mls,St. Louis City,Sporting Kansas City,D,0.4988246303971657,0.24272045458802535,0.2584549150148089,0.4812616109513975,0.25658775544093076,0.2621506336076718,2025-04-28
2025-05-15,mls,Philadelphia Union,Los Angeles Galaxy,H,0.5886671459563617,0.20777755428309183,0.2035552997605465,0.5519344073173746,0.24514853116888466,0.20291706151374067,2025-04-28
2025-05-15,mls,Houston Dynamo,Minnesota United,H,0.44314251742087984,0.2861407449055209,0.2707167376735993,0.4671136382924552,0.2810829160655181,0.25180344564202667,2025-04-28
2025-05-15,mls,Toronto FC,FC Cincinnati,A,0.2750410922531126,0.2680240555801866,0.4569348521667009,0.3613659236295071,0.27591472231540715,0.3627193540550858,2025-04-28
2025-05-15,mls,Orlando City,Charlotte,H,0.4742121002979983,0.2783861376881661,0.24740176201383557,0.5558591978416848,0.24179875106113288,0.20234205109718234,2025-04-28
2025-05-15,mls,DC United,New York City,D,0.32035192121217865,0.260181407049091,0.41946667173873037,0.41361768734102916,0.26589708471923296,0.3204852279397378,2025-04-28
2025-05-15,mls,CF Montreal,Columbus Crew,D,0.26401353417537293,0.25983048411597853,0.4761559817086484,0.31520867612356035,0.27648303877123714,0.4083082851052025,2025-04-28
2025-05-15,mls,Nashville SC,New York Red Bulls,H,0.4130587361952838,0.2989087694265296,0.28803249437818634,0.48823040708944887,0.2619772916089726,0.24979230130157845,2025-04-28
2025-05-17,mls,CF Montreal,Toronto FC,A,0.51791585412644,0.2621056099451964,0.21997853592836358,0.5335745081520392,0.2489097576688637,0.21751573417909706,2025-04-28
2025-05-17,mls,New York City,New York Red Bulls,H,0.442638992896494,0.29233562444225136,0.26502538266125464,0.4478821134807036,0.2650480452378959,0.28706984128140056,2025-04-28
2025-05-18,mls,San Diego FC,Sporting Kansas City,D,0.6019007399789424,0.20077147442738658,0.19732778559367106,0.650198231168039,0.1955880857985158,0.15421368303344515,2025-04-28
2025-05-18,mls,Portland Timbers,Seattle Sounders,D,0.38853348036661606,0.27682650426288846,0.33464001537049526,0.34937039540772485,0.26659944773537125,0.38403015685690384,2025-04-28
2025-05-18,mls,Colorado Rapids,Real Salt Lake,H,0.39993672136186936,0.25567476152057717,0.3443885171175536,0.4019304842957843,0.2751853599866024,0.3228841557176134,2025-04-28
2025-05-18,mls,FC Dallas,Houston Dynamo,A,0.44323074600982665,0.28598309734441457,0.2707861566457587,0.41532842571390716,0.3033590068694056,0.28131256741668714,2025-04-28
2025-05-18,mls,Minnesota United,St. Louis City,H,0.501585364758305,0.2596880803426063,0.23872655489908887,0.6133370501896809,0.22035221253954207,0.16631073727077703,2025-04-28
2025-05-18,mls,Nashville SC,DC United,D,0.5929796024659917,0.22528166403620656,0.18173873349780184,0.5997438295962542,0.22935571630640603,0.1709004540973397,2025-04-28
2025-05-18,mls,New England Revolution,San Jose Earthquakes,D,0.5134253136734988,0.23806622541836972,0.24850846090813156,0.6109603371196793,0.20894314559504187,0.18009651728527862,2025-04-28
2025-05-18,mls,Charlotte,Chicago Fire,A,0.5955275600492891,0.23581353400480845,0.16865890594590252,0.49023490173453815,0.2508474691992312,0.2589176290662306,2025-04-28
2025-05-18,mls,Atlanta Utd,Philadelphia Union,A,0.3449759680785292,0.25535334563771106,0.3996706862837598,0.46952914450198246,0.2572420312962989,0.2732288242017186,2025-04-28
2025-05-18,mls,Columbus Crew,FC Cincinnati,D,0.555731041791254,0.23489971923013656,0.2093692389786094,0.5031531891115191,0.2528937495010776,0.2439530613874032,2025-04-28
2025-05-18,mls,Austin FC,Vancouver Whitecaps,D,0.35540951835117135,0.29008871627193866,0.35450176537688993,0.3174526452801322,0.27742996220756533,0.4051173925123025,2025-04-28
2025-05-19,mls,Inter Miami,Orlando City,A,0.462998770158219,0.2448170649348077,0.29218416490697335,0.5270943448808774,0.23935053377965398,0.23355512133946868,2025-04-28
2025-05-19,mls,Los Angeles Galaxy,Los Angeles FC,D,0.4067731899707051,0.23983441835060904,0.3533923916786858,0.2628313179430805,0.26070599731281296,0.4764626847441066,2025-04-28
2025-05-24,mls,Seattle Sounders,FC Dallas,H,0.5086190543015499,0.2818583216629324,0.2095226240355178,0.6768441541903912,0.19735496898364588,0.12580087682596275,2025-04-28
2025-05-24,mls,San Diego FC,Los Angeles Galaxy,H,0.5184347100599354,0.21488698255272204,0.26667830738734283,0.5450284748903239,0.2347202921060519,0.22025123300362406,2025-04-28
2025-05-25,mls,New York City,Chicago Fire,H,0.597499358207189,0.22978350646372042,0.17271713532909055,0.46502209654270815,0.25862191465476814,0.2763559888025237,2025-04-28
2025-05-25,mls,San Jose Earthquakes,Houston Dynamo,D,0.3527800874908424,0.27280093364513064,0.37441897886402703,0.43404964869818163,0.254718609630775,0.3112317416710434,2025-04-28
2025-05-25,mls,Real Salt Lake,Vancouver Whitecaps,A,0.42841669782429376,0.2643388628080863,0.30724443936762014,0.395306756710717,0.26246654578353845,0.34222669750574447,2025-04-28
2025-05-25,mls,Sporting Kansas City,New England Revolution,D,0.4962479389893269,0.2406639433017516,0.26308811770892165,0.4238279492486277,0.2684243678574642,0.30774768289390797,2025-04-28
2025-05-25,mls,Minnesota United,Austin FC,D,0.502133089007847,0.2728722595447181,0.22499465144743483,0.5218499855529414,0.26022169090914865,0.2179283235379101,2025-04-28
2025-05-25,mls,Colorado Rapids,St. Louis City,H,0.44325593741546937,0.25751263166171906,0.29923143092281146,0.49533514416344715,0.24147588277968046,0.26318897305687244,2025-04-28
2025-05-25,mls,Philadelphia Union,Inter Miami,D,0.5511967419348305,0.22185537224491597,0.22694788582025374,0.37986149304659184,0.24900946202283009,0.3711290449305782,2025-04-28
2025-05-25,mls,Orlando City,Portland Timbers,H,0.542026160241732,0.2259852450919489,0.23198859466631896,0.6015036049545016,0.21198364932317237,0.1865127457223261,2025-04-28
2025-05-25,mls,DC United,New York Red Bulls,A,0.3223472805910333,0.26515778655289896,0.4124949328560679,0.3182955835030392,0.297728791953612,0.3839756245433488,2025-04-28
2025-05-25,mls,Charlotte,Columbus Crew,H,0.3731013128725031,0.28763029049093625,0.3392683966365605,0.2992841340810076,0.24473107672953276,0.4559847891894596,2025-04-28
2025-05-25,mls,CF Montreal,Los Angeles FC,D,0.2820499632859179,0.2616400560931932,0.4563099806208887,0.2688264320961168,0.2703282557391118,0.4608453121647716,2025-04-28
2025-05-25,mls,Toronto FC,Nashville SC,A,0.3008344958521461,0.2935335418547259,0.4056319622931282,0.30732023026876043,0.2789794597540621,0.41370030997717755,2025-04-28
2025-05-26,mls,Atlanta Utd,FC Cincinnati,H,0.4169359298697854,0.2560348764175447,0.32702919371267,0.3359770272118146,0.26582797757418297,0.3981949952140025,2025-04-28
2025-05-29,mls,Portland Timbers,Colorado Rapids,H,0.5786478915920784,0.21791071807799645,0.2034413903299252,0.5874031443912162,0.22145773719576892,0.1911391184130148,2025-05-29
2025-05-29,mls,Los Angeles Galaxy,San Jose Earthquakes,A,0.5915660143588248,0.1952909349118654,0.21314305072930967,0.4339913872178651,0.2587702656405987,0.30723834714153625,2025-05-29
2025-05-29,mls,Seattle Sounders,San Diego FC,H,0.40768966425805314,0.29728746730281674,0.29502286843913006,0.5102197466959268,0.2585295767440487,0.23125067656002438,2025-05-29
2025-05-29,mls,Austin FC,Real Salt Lake,D,0.3791829191576685,0.2961668379866981,0.32465024285563343,0.5113432476172178,0.259098857371727,0.22955789501105503,2025-05-29
2025-05-29,mls,Columbus Crew,Nashville SC,D,0.5607465406194265,0.2478314859670033,0.19142197341357006,0.48128314497130464,0.2579677657046192,0.26074908932407603,2025-05-29
2025-05-29,mls,Toronto FC,Philadelphia Union,A,0.23374868453868286,0.2519560670646733,0.5142952483966436,0.24790796020726213,0.25373347363249804,0.4983585661602398,2025-05-29
2025-05-29,mls,Inter Miami,CF Montreal,H,0.6402986777899506,0.19687275921537448,0.16282856299467485,0.6745843602694263,0.1767962728587158,0.14861936687185795,2025-05-29
2025-05-29,mls,New York City,Houston Dynamo,A,0.46488214245152487,0.2957574032593854,0.2393604542890897,0.5629346580053496,0.2526557126480703,0.18440962934658003,2025-05-29
2025-05-29,mls,FC Cincinnati,FC Dallas,D,0.5323159943578474,0.2480312355025707,0.21965277013958195,0.6017276792645402,0.2203121937810673,0.17796012695439267,2025-05-29
2025-05-29,mls,DC United,New England Revolution,D,0.39817689380809085,0.2584544458957336,0.34336866029617547,0.3698002141938069,0.2877439536478438,0.34245583215834935,2025-05-29
2025-05-29,mls,Atlanta Utd,Orlando City,H,0.3642487526025886,0.26925538375678354,0.36649586364062786,0.33231693510649535,0.26136277869186525,0.4063202862016393,2025-05-29
2025-05-29,mls,New York Red Bulls,Charlotte,H,0.47870903364091605,0.2772589348545728,0.24403203150451117,0.42639753059693414,0.2711267211358657,0.30247574826720014,2025-05-29
2025-05-29,mls,Vancouver Whitecaps,Minnesota United,D,0.4871804381446618,0.2584212887906184,0.25439827306472007,0.4219354838709677,0.2812903225806451,0.296774193548387,2025-05-29
2025-05-31,mls,Nashville SC,New York City,D,0.40495938661767455,0.30629364501649675,0.2887469683658288,0.48846800113155714,0.26791319729653273,0.2436188015719101,2025-05-29
2025-05-31,mls,St. Louis City,San Jose Earthquakes,H,0.5003083085092627,0.23854842628159087,0.26114326520914644,0.5583760491759757,0.22257847121530827,0.21904547960871606,2025-05-29
2025-06-01,mls,CF Montreal,New England Revolution,A,0.41695736134855726,0.2688773861362443,0.31416525251519867,0.4315017441340449,0.2738141379207537,0.29468411794520144,2025-05-29
2025-06-01,mls,FC Cincinnati,DC United,A,0.6509889151831911,0.2002150262525815,0.1487960585642273,0.6542909558175808,0.20908863153300955,0.13662041264940966,2025-05-29
2025-06-01,mls,Inter Miami,Columbus Crew,H,0.4073716948588827,0.23755019974208738,0.3550781053990298,0.4632783302827635,0.22836125242711686,0.3083604172901196,2025-05-29
2025-06-01,mls,New York Red Bulls,Atlanta Utd,H,0.5176011662617902,0.2568582818267334,0.2255405519114762,0.47836178235626226,0.2590591958068766,0.2625790218368613,2025-05-29
2025-06-01,mls,Orlando City,Chicago Fire,A,0.643487170099787,0.20797664469360222,0.14853618520661097,0.563778022193174,0.22845033600718662,0.20777164179963956,2025-05-29
2025-06-01,mls,Toronto FC,Charlotte,A,0.31434502398124986,0.28604868325656546,0.39960629276218473,0.29319371727748694,0.274869109947644,0.4319371727748691,2025-05-29
2025-06-01,mls,FC Dallas,Philadelphia Union,D,0.3299668563798186,0.2638678566967724,0.40616528692340903,0.4296311782955577,0.27384423545750847,0.296524586246934,2025-05-29
2025-06-01,mls,Houston Dynamo,Sporting Kansas City,A,0.5198765865753264,0.25393896672168687,0.22618444670298674,0.4952266698207256,0.2602943412804352,0.24447898889883915,2025-05-29
2025-06-01,mls,Los Angeles Galaxy,Real Salt Lake,H,0.47652964680507,0.23568578871688253,0.2877845644780478,0.4735465361572863,0.26394397097291367,0.2625094928698,2025-05-29
2025-06-01,mls,San Diego FC,Austin FC,H,0.6232675283400613,0.23397769472528704,0.14275477693465152,0.6065969725011598,0.22909481859307465,0.1643082089057656,2025-05-29
2025-06-01,mls,Seattle Sounders,Minnesota United,A,0.4927170276211183,0.28255390639903,0.2247290659798517,0.487524307742872,0.2711511599244063,0.2413245323327216,2025-05-29
2025-06-08,mls,DC United,Chicago Fire,A,0.4350409781527308,0.2482744564782987,0.3166845653689705,0.35290112891128333,0.2708540877358309,0.37624478335288575,2025-05-29
2025-06-08,mls,Colorado Rapids,Austin FC,A,0.4395848856628475,0.2842236865471766,0.27619142778997585,0.43219264892268694,0.28390367553865653,0.28390367553865653,2025-05-29
2025-06-09,mls,Portland Timbers,St. Louis City,H,0.5593427120785894,0.22650998876094483,0.21414729916046585,0.5904707327491291,0.22227882087322873,0.1872504463776421,2025-05-29
2025-06-09,mls,Los Angeles FC,Sporting Kansas City,H,0.6533457610281593,0.19486071958041126,0.1517935193914294,0.6750590563104444,0.19501706071190614,0.12992388297764945,2025-05-29
2025-06-09,mls,Vancouver Whitecaps,Seattle Sounders,H,0.4085956498659846,0.2962348415869632,0.2951695085470524,0.28523063901819723,0.286923402454507,0.42784595852729584,2025-05-29
2025-06-13,mls,New York City,Atlanta Utd,H,0.5077548941299145,0.26568915822024375,0.22655594764984185,0.48541984443702246,0.25420670800780915,0.2603734475551684,2025-05-29
2025-06-14,mls,Portland Timbers,San Jose Earthquakes,D,0.6027848301975166,0.19939677713879014,0.19781839266369314,0.4069767441860465,0.24709302325581395,0.34593023255813954,2025-05-29
2025-06-14,mls,St. Louis City,Los Angeles Galaxy,D,0.42877788087045704,0.24030824399735937,0.3309138751321836,0.4049220398682193,0.2703250489623028,0.3247529111694779,2025-05-29
2025-06-15,mls,Real Salt Lake,DC United,H,0.604797448756951,0.21951432811422905,0.17568822312881988,0.5768895368829348,0.23383629286274293,0.1892741702543224,2025-05-29
2025-06-15,mls,Colorado Rapids,Orlando City,A,0.30681651297179285,0.2673687279781071,0.42581475905010013,0.34523877533143665,0.26339743077057837,0.39136379389798487,2025-05-29
2025-06-15,mls,Sporting Kansas City,FC Dallas,A,0.4456303922825698,0.25578901877371385,0.29858058894371625,0.4809868953915807,0.2504620880147868,0.2685510165936325,2025-05-29
2025-06-15,mls,Houston Dynamo,CF Montreal,A,0.550880168448758,0.2570567753760091,0.19206305617523312,0.5391492013313677,0.2546377494414639,0.20621304922716843,2025-05-29
2025-06-15,mls,Minnesota United,San Diego FC,A,0.3710311259346108,0.27213121570217935,0.3568376583632098,0.4149325969700878,0.2810444624826467,0.30402294054726553,2025-05-29
2025-06-15,mls,Austin FC,New York Red Bulls,H,0.3359527923394916,0.30804745283655055,0.3559997548239579,0.40298278277894006,0.29758728574444804,0.29942993147661184,2025-05-29
2025-06-15,mls,Philadelphia Union,Charlotte,H,0.5691211008662395,0.23666506220656344,0.194213836927197,0.4319786739535609,0.27028833230613863,0.29773299374030043,2025-05-29
2025-06-15,mls,New England Revolution,FC Cincinnati,A,0.3721142971418478,0.2669407768159484,0.3609449260422037,0.3334911351037674,0.27014645022372213,0.39636241467251043,2025-05-29
2025-06-15,mls,Columbus Crew,Vancouver Whitecaps,H,0.5404820663297846,0.23975221129331345,0.2197657223769018,0.4517857855605911,0.26634203336078927,0.2818721810786195,2025-05-29
2025-06-15,mls,Chicago Fire,Nashville SC,A,0.3649929298472912,0.27927469130727767,0.3557323788454311,0.35338860254976345,0.2727562735172822,0.3738551239329544,2025-05-29
2025-06-26,mls,Sporting Kansas City,Charlotte,H,0.40407978433164027,0.264144708617419,0.33177550705094055,0.3780614449337871,0.258089946408132,0.36384860865808083,2025-05-29
2025-06-26,mls,Vancouver Whitecaps,San Diego FC,A,0.39465778376631455,0.269285154354427,0.33605706187925827,0.422472416122495,0.27329430308489083,0.3042332807926143,2025-05-29
2025-06-26,mls,Colorado Rapids,Los Angeles Galaxy,H,0.4170346072575943,0.23697395043690395,0.345991442305502,0.46744450224538975,0.26151624855350175,0.27103924920110833,2025-05-29
2025-06-26,mls,St. Louis City,Orlando City,A,0.31716231778709003,0.2733530294605955,0.4094846527523143,0.350425431605415,0.24991581168758273,0.3996587567070022,2025-05-29
2025-06-26,mls,Minnesota United,Houston Dynamo,H,0.4689529207867688,0.2780116465530828,0.2530354326601486,0.46453874157191194,0.2632808126620101,0.272180445766078,2025-05-29
2025-06-26,mls,Columbus Crew,Atlanta Utd,H,0.614265146571879,0.214474535674413,0.17126031775370779,0.5555438114364232,0.22376070182855934,0.22069548673501746,2025-05-29
2025-06-26,mls,Chicago Fire,Philadelphia Union,A,0.2799367398815453,0.24483926129118846,0.4752239988272661,0.5036496350364964,0.23357664233576644,0.26277372262773724,2025-05-29
2025-06-26,mls,Toronto FC,New York Red Bulls,D,0.28544467061866396,0.2868630009749807,0.4276923284063554,0.23649449823867583,0.28702151269916437,0.4764839890621597,2025-05-29
2025-06-26,mls,New England Revolution,Nashville SC,A,0.3885927560470445,0.2866942064541014,0.3247130374988541,0.32946461999251214,0.2751778360164733,0.3953575439910145,2025-05-29
2025-06-26,mls,CF Montreal,FC Cincinnati,A,0.327019115167123,0.26808796562386694,0.4048929192090099,0.2994679186228482,0.262848200312989,0.4376838810641627,2025-05-29
2025-06-26,mls,FC Dallas,San Jose Earthquakes,A,0.5377807054573208,0.23244677351857232,0.229772521024107,0.3763314861994149,0.2545189261927622,0.369149587607823,2025-05-29
2025-06-29,mls,Columbus Crew,Philadelphia Union,H,0.44821631973407533,0.25328478665997745,0.2984988936059471,0.5326564678374273,0.24102705169643585,0.22631648046613692,2025-06-29
2025-06-29,mls,Seattle Sounders,Austin FC,H,0.5209303081560582,0.2938170304026472,0.18525266144129465,0.5222481243897708,0.25358504727587294,0.2241668283343564,2025-06-29
2025-06-29,mls,San Jose Earthquakes,Los Angeles Galaxy,D,0.4354507001347632,0.22556418403358242,0.3389851158316544,0.542891487269151,0.22369139984701125,0.23341711288383787,2025-06-29
2025-06-29,mls,Sporting Kansas City,Real Salt Lake,D,0.413995058176804,0.2579400566849088,0.3280648851382872,0.37652965652781406,0.2703020159990173,0.3531683274731686,2025-06-29
2025-06-29,mls,FC Dallas,San Diego FC,A,0.2884411660319957,0.24406291624510448,0.46749591772289967,0.3172654159405602,0.24685191801497666,0.43588266604446324,2025-06-29
2025-06-29,mls,Chicago Fire,Charlotte,H,0.39179179859162233,0.26499183054688347,0.3432163708614942,0.47402218330414475,0.23817863397548164,0.2877991827203736,2025-06-29
2025-06-29,mls,Houston Dynamo,St. Louis City,H,0.5067484324905984,0.26020737765857105,0.23304418985083056,0.5610342615019105,0.23365107258675205,0.20531466591133743,2025-06-29
2025-06-29,mls,Orlando City,FC Cincinnati,A,0.4978007958622342,0.25289840220963994,0.24930080192812595,0.514197693179199,0.24473206662706176,0.24107024019373918,2025-06-29
2025-06-29,mls,New York Red Bulls,Minnesota United,D,0.46248873004713376,0.26913100051405314,0.26838026943881316,0.4608453121647715,0.26882643209611673,0.27032825573911173,2025-06-29
2025-06-29,mls,New England Revolution,Colorado Rapids,D,0.48396307146117085,0.260402516112998,0.255634412425831,0.510631036259398,0.2480957991080365,0.2412731646325655,2025-06-29
2025-06-29,mls,DC United,Nashville SC,A,0.2917236851871691,0.2667420191490368,0.44153429566379404,0.23797777211727955,0.26398627180222806,0.4980359560804923,2025-06-29
2025-06-29,mls,CF Montreal,New York City,H,0.30521911733787754,0.2823629501685014,0.41241793249362124,0.35441573020704337,0.2748735634844399,0.37071070630851666,2025-06-29
2025-06-29,mls,Toronto FC,Portland Timbers,H,0.30848514059089555,0.2615494080458542,0.42996545136325026,0.3312012854086039,0.2819556132341467,0.38684310135724936,2025-06-29
2025-06-30,mls,Los Angeles FC,Vancouver Whitecaps,A,0.5277677692442232,0.23996813307594597,0.2322640976798311,0.5260719534794556,0.25877052846827275,0.21515751805227173,2025-06-29
2025-07-04,mls,New York City,Toronto FC,H,0.607563336080268,0.24293954866376732,0.14949711525596457,0.608486852853953,0.22254843229380689,0.16896471485224002,2025-06-29
2025-07-05,mls,FC Dallas,Minnesota United,A,0.40205920107495463,0.2642276273072388,0.3337131716178066,0.3420404814004377,0.26447392414296134,0.39348559445660103,2025-06-29
2025-07-05,mls,Colorado Rapids,Sporting Kansas City,A,0.431267334645113,0.25269174601582123,0.31604091933906575,0.5507120761540415,0.23222798392037894,0.21705993992557943,2025-06-29
2025-07-05,mls,Los Angeles Galaxy,Vancouver Whitecaps,H,0.4078641334473578,0.24061564242276426,0.3515202241298777,0.42305255536112957,0.27170699330235926,0.3052404513365112,2025-06-29
2025-07-06,mls,Portland Timbers,New England Revolution,H,0.5329753098811911,0.23455974677763336,0.2324649433411756,0.4643890812099199,0.2464105328868963,0.2892003859031837,2025-06-29
2025-07-06,mls,Seattle Sounders,Columbus Crew,D,0.40928942185853345,0.2858983947789972,0.30481218336246935,0.5012321997096005,0.2455274480810987,0.25324035220930075,2025-06-29
2025-07-06,mls,San Jose Earthquakes,New York Red Bulls,D,0.35125520949912414,0.26140405419759244,0.3873407363032834,0.5167568440604053,0.23860130824517486,0.24464184769441974,2025-06-29
2025-07-06,mls,Real Salt Lake,St. Louis City,H,0.5226299418781755,0.2508136793052916,0.22655637881653268,0.5859400790679323,0.21389405541196646,0.2001658655201011,2025-06-29
2025-07-06,mls,San Diego FC,Houston Dynamo,A,0.6286435768704863,0.21380534713474253,0.15755107599477122,0.5981119753013121,0.21985394525915813,0.1820340794395298,2025-06-29
2025-07-06,mls,FC Cincinnati,Chicago Fire,H,0.5713767364819605,0.2259469164046144,0.20267634711342508,0.50875936177141,0.2227287528492348,0.26851188537935533,2025-06-29
2025-07-06,mls,DC United,Atlanta Utd,D,0.3525106347818229,0.25225371821538617,0.395235647002791,0.4188223700418823,0.2586844050258684,0.32249322493224936,2025-06-29
2025-07-06,mls,Nashville SC,Philadelphia Union,H,0.35804112172372127,0.2809540813282175,0.3610047969480612,0.5006660012218369,0.2583650754968302,0.24096892328133293,2025-06-29
2025-07-06,mls,CF Montreal,Inter Miami,A,0.30516347205684813,0.23440328711495767,0.46043324082819415,0.26468437966070846,0.22415266490988076,0.5111629554294106,2025-06-29
2025-07-06,mls,Charlotte,Orlando City,D,0.3814502584612827,0.2764553540422395,0.3420943874964779,0.3065641380020143,0.2590221059054452,0.4344137560925405,2025-06-29
2025-07-10,mls,New England Revolution,Inter Miami,A,0.3628891037517184,0.24157866917320775,0.39553222707507396,0.30044510385756673,0.23887240356083086,0.4606824925816024,2025-06-29
2025-07-10,mls,Los Angeles FC,Colorado Rapids,H,0.6570493239805204,0.20242406290621173,0.14052661311326775,0.6843093112883751,0.189563090160434,0.1261275985511907,2025-06-29
2025-07-13,mls,Los Angeles Galaxy,DC United,H,0.6317268341562624,0.19227575927997076,0.1759974065637668,0.5907906717262359,0.22819639689899632,0.18101293137476773,2025-06-29
2025-07-13,mls,Los Angeles FC,FC Dallas,H,0.6033794535331762,0.21926163849294394,0.17735890797387954,0.7025325245026361,0.17279525288484945,0.12467222261251446,2025-06-29
2025-07-13,mls,Real Salt Lake,Houston Dynamo,H,0.4487651842918637,0.2813079496666394,0.269926866041497,0.49805276191948283,0.25227737810020795,0.2496698599803092,2025-06-29
2025-07-13,mls,Colorado Rapids,Vancouver Whitecaps,H,0.3271918576473767,0.26705339210465434,0.4057547502479688,0.38400127734312633,0.2615360051093725,0.35446271754750125,2025-06-29
2025-07-13,mls,Sporting Kansas City,Seattle Sounders,A,0.3351049621009817,0.28080229986471733,0.38409273803430116,0.25994694960212206,0.24668435013262605,0.4933687002652521,2025-06-29
2025-07-13,mls,Minnesota United,San Jose Earthquakes,H,0.5771412165154386,0.21921310258360283,0.20364568090095844,0.5163704396632366,0.23666978484565016,0.24695977549111323,2025-06-29
2025-07-13,mls,Chicago Fire,San Diego FC,A,0.25704587227655173,0.229405219073367,0.5135489086500811,0.3903674046161093,0.23728214790390953,0.3723504474799811,2025-06-29
2025-07-13,mls,Austin FC,New England Revolution,D,0.4303099877715155,0.29137039580185503,0.27831961642662945,0.40153593819458283,0.2863022517896286,0.3121618100157886,2025-06-29
2025-07-13,mls,Inter Miami,Nashville SC,H,0.5001036597073611,0.24066035454601742,0.2592359857466215,0.48810650706891817,0.23176280191761583,0.2801306910134661,2025-06-29
2025-07-13,mls,Toronto FC,Atlanta Utd,D,0.34178615008926416,0.2744823683365859,0.3837314815741497,0.3952987990760384,0.25757501535539734,0.34712618556856417,2025-06-29
2025-07-13,mls,Philadelphia Union,New York Red Bulls,H,0.5214020291710156,0.25645879112435205,0.22213917970463257,0.5005692992443848,0.25970396439292,0.23972673636269537,2025-06-29
2025-07-13,mls,Orlando City,CF Montreal,D,0.6473554303932079,0.20838493106947825,0.14425963853731363,0.6750291540830667,0.18707203301139247,0.13789881290554074,2025-06-29
2025-07-13,mls,FC Cincinnati,Columbus Crew,A,0.3991654298367457,0.2566577000432188,0.34417687012003534,0.40818676833972517,0.2499748426266534,0.34183838903362146,2025-06-29
2025-07-13,mls,Charlotte,New York City,H,0.40564981971345004,0.29109973171328596,0.3032504485732639,0.43149728471683474,0.2557020946470132,0.3128006206361521,2025-06-29
2025-07-14,mls,St. Louis City,Portland Timbers,H,0.39199069473528875,0.24915666745030135,0.3588526378144099,0.45883406096473617,0.24509870092040334,0.2960672381148603,2025-06-29
2025-07-17,mls,San Jose Earthquakes,FC Dallas,D,0.4297819357330216,0.24683211293925053,0.323385951327728,0.6105485106762094,0.2088023045169721,0.18064918480681857,2025-06-29
2025-07-17,mls,Portland Timbers,Real Salt Lake,A,0.47277742036740456,0.2508866669118416,0.2763359127207538,0.4226812507624121,0.2514130037002399,0.32590574553734797,2025-06-29
2025-07-17,mls,Los Angeles Galaxy,Austin FC,A,0.49814691484421325,0.2545729379620557,0.24728014719373104,0.5228031004201533,0.24301149140132758,0.2341854081785191,2025-06-29
2025-07-17,mls,Seattle Sounders,Colorado Rapids,D,0.57373243144184,0.2568584677890381,0.1694091007691219,0.573686103806653,0.23002211322080596,0.19629178297254113,2025-06-29
2025-07-17,mls,Nashville SC,Columbus Crew,H,0.377113141453527,0.2732572359563754,0.34962962259009783,0.46510570584223687,0.2600591043418959,0.2748351898158673,2025-06-29
2025-07-17,mls,Minnesota United,Los Angeles FC,A,0.38357693642561075,0.26061125310747923,0.35581181046691,0.42753815403582834,0.26765546485345487,0.30480638111071673,2025-06-29
2025-07-17,mls,San Diego FC,Toronto FC,A,0.7579052062776569,0.15656888951048661,0.08552590421185668,0.6656637357715265,0.19342934205785836,0.1409069221706151,2025-06-29
2025-07-17,mls,Orlando City,New York City,A,0.47733793086058757,0.2743907881092097,0.24827128103020266,0.5664481905587717,0.24134384058895036,0.19220796885227784,2025-06-29
2025-07-17,mls,Philadelphia Union,CF Montreal,H,0.6906163684317946,0.1888912931678595,0.12049233840034587,0.6793146524839584,0.19236038674298225,0.12832496077305947,2025-06-29
2025-07-17,mls,New York Red Bulls,New England Revolution,H,0.5439178706821574,0.2527101301905175,0.20337199912732531,0.510989728981,0.25685387972715157,0.2321563912918485,2025-06-29
2025-07-17,mls,FC Cincinnati,Inter Miami,H,0.46447461011050295,0.2327716606960817,0.3027537291934155,0.3520568763559104,0.24952484793266846,0.3984182757114212,2025-06-29
2025-07-17,mls,Charlotte,DC United,H,0.6161797506687444,0.2179656079920823,0.16585464133917321,0.6439169139465876,0.20771513353115728,0.14836795252225524,2025-06-29
2025-07-17,mls,Atlanta Utd,Chicago Fire,D,0.4987247383004185,0.24054268064144985,0.26073258105813174,0.4068808351099022,0.2396971256340513,0.3534220392560464,2025-06-29
2025-07-17,mls,Houston Dynamo,Vancouver Whitecaps,A,0.39083487784748844,0.2786256920515111,0.3305394301010004,0.47904170831944914,0.25942741308452744,0.26153087859602353,2025-06-29
2025-07-20,mls,San Diego FC,Vancouver Whitecaps,D,0.5871244584055236,0.21678304101454177,0.19609250057993463,0.46952914450198246,0.2572420312962989,0.2732288242017186,2025-06-29
2025-07-20,mls,Los Angeles FC,Los Angeles Galaxy,D,0.6224973880926978,0.19765703513987387,0.17984557676742824,0.5746635600036484,0.23263488694123596,0.19270155305511563,2025-06-29
2025-07-20,mls,Real Salt Lake,FC Cincinnati,A,0.4143099554683392,0.27053728638815305,0.31515275814350757,0.47866531428889014,0.27084143833713115,0.2504932473739788,2025-06-29
2025-07-20,mls,Sporting Kansas City,New York City,D,0.3671997161339841,0.27017043365058174,0.3626298502154341,0.3558723196881092,0.2630360623781677,0.3810916179337232,2025-06-29
2025-07-20,mls,Seattle Sounders,San Jose Earthquakes,H,0.580801919072719,0.2393936773330203,0.17980440359426067,0.6296978245311728,0.19702201871834243,0.17328015675048464,2025-06-29
2025-07-20,mls,Nashville SC,Toronto FC,H,0.5987041115961239,0.2438907795902182,0.15740510881365785,0.7248322147651005,0.18120805369127513,0.09395973154362416,2025-06-29
2025-07-20,mls,Portland Timbers,Minnesota United,D,0.4443231267737448,0.24744685653615417,0.30823001669010097,0.3034753142215229,0.2681679369436726,0.42835674883480446,2025-06-29
2025-07-20,mls,FC Dallas,St. Louis City,H,0.506742661279547,0.24760272172975634,0.24565461699069643,0.4188020529439529,0.2532546445812909,0.3279433024747563,2025-06-29
2025-07-20,mls,New York Red Bulls,Inter Miami,A,0.4623444529837187,0.24472456492592431,0.29293098209035695,0.3854834485350217,0.2600977031782001,0.3544188482867781,2025-06-29
2025-07-20,mls,New England Revolution,Orlando City,A,0.3282934944527147,0.2700286632389223,0.40167784230836295,0.3138864939072902,0.2564377722107305,0.42967573388197944,2025-06-29
2025-07-20,mls,Columbus Crew,DC United,H,0.7303203805676941,0.1633045247166837,0.10637509471562208,0.6543044228307848,0.1999641375387222,0.14573143963049298,2025-06-29
2025-07-20,mls,CF Montreal,Chicago Fire,A,0.41280055682771716,0.25606700910742713,0.3311324340648557,0.32705172619758693,0.2574662525385259,0.4154820212638873,2025-06-29
2025-07-20,mls,Atlanta Utd,Charlotte,A,0.41616939186794594,0.2672374705087874,0.31659313762326663,0.42421262026074674,0.25122201927129933,0.32456536046795387,2025-06-29
2025-07-20,mls,Houston Dynamo,Philadelphia Union,D,0.32628007015079047,0.2796518532569221,0.3940680765922875,0.4147394621913785,0.27848499910833197,0.3067755387002895,2025-06-29
2025-07-26,mls,Columbus Crew,Orlando City,A,0.4893698489086416,0.24921021455639975,0.2614199365349587,0.4229942640323704,0.25625842979738844,0.3207473061702411,2025-06-29
2025-07-26,mls,New England Revolution,CF Montreal,A,0.5155277399141546,0.25036411442645434,0.23410814565939103,0.5417378834623134,0.23348509263024647,0.22477702390744006,2025-06-29
2025-07-26,mls,FC Dallas,New York City,A,0.3826638876287045,0.284073610923116,0.3332625014481794,0.3572729807247965,0.2659916971879666,0.3767353220872368,2025-06-29
2025-07-26,mls,Los Angeles FC,Portland Timbers,A,0.5863636071892055,0.2148666833659655,0.1987697094448291,0.6818878250444861,0.19076623676839788,0.12734593818711595,2025-06-29
2025-07-26,mls,San Diego FC,Nashville SC,H,0.592974860419527,0.22631933442885313,0.1807058051516198,0.4015247009095369,0.26012756161074835,0.33834773747971475,2025-06-29
2025-07-27,mls,Vancouver Whitecaps,Sporting Kansas City,H,0.5781409400850379,0.21969135094521827,0.2021677089697437,0.6880987170380658,0.1793925891719352,0.13250869378999894,2025-06-29
2025-07-27,mls,Real Salt Lake,San Jose Earthquakes,H,0.5330613325581433,0.23690974897211964,0.23002891846973703,0.5170786928794022,0.22913202741338445,0.2537892797072132,2025-06-29
2025-07-27,mls,St. Louis City,Minnesota United,A,0.35995151502710565,0.26320472231614406,0.3768437626567502,0.3763675650222342,0.25862690965431595,0.36500552532344976,2025-06-29
2025-07-27,mls,Chicago Fire,New York Red Bulls,H,0.3516919367214942,0.2695763241511265,0.3787317391273793,0.5392535392535392,0.23037323037323035,0.23037323037323035,2025-06-29
2025-07-27,mls,Inter Miami,FC Cincinnati,D,0.49997033738793795,0.22755793646945705,0.2724717261426049,0.39957639939485634,0.25993948562783664,0.3404841149773072,2025-06-29
2025-07-27,mls,DC United,Austin FC,A,0.36029965553606524,0.28496806049071394,0.3547322839732206,0.3534862678720467,0.2917326427618699,0.35478108936608344,2025-06-29
2025-07-27,mls,Charlotte,Toronto FC,H,0.5895426988414029,0.24263528140476362,0.16782201975383348,0.6422820637019389,0.2002958618613115,0.15742207443674971,2025-06-29
2025-07-27,mls,Atlanta Utd,Seattle Sounders,D,0.3449215270134972,0.29164667651536086,0.363431796471142,0.3853872723187595,0.2628592536739365,0.3517534740073041,2025-06-29
2025-07-27,mls,Philadelphia Union,Colorado Rapids,H,0.6594508033755738,0.20417838607085406,0.13637081055357203,0.5982245640601701,0.22141185014640782,0.1803635857934221,2025-06-29
2025-08-10,mls,San Jose Earthquakes,Vancouver Whitecaps,H,0.33390142287541597,0.24520320855455052,0.42089536857003346,0.38261824279864787,0.25208962351056746,0.36529213369078456,2025-08-10
2025-08-10,mls,New York Red Bulls,Real Salt Lake,H,0.46211533521708476,0.27206104694882755,0.2658236178340878,0.42586874168879885,0.26127622800907385,0.31285503030212736,2025-08-10
2025-08-10,mls,Minnesota United,Colorado Rapids,A,0.5868407986290534,0.2232697602465337,0.18988944112441294,0.6208926648318775,0.20476247457221494,0.17434486059590767,2025-08-10
2025-08-10,mls,FC Cincinnati,Charlotte,A,0.48647890220452145,0.2552590261765979,0.2582620716188807,0.5541299968190011,0.23984731205598558,0.20602269112501326,2025-08-10
2025-08-10,mls,St. Louis City,Nashville SC,H,0.3177072338126686,0.2817907189443048,0.4005020472430267,0.30511013119771996,0.2512205495835772,0.4436693192187029,2025-08-10
2025-08-10,mls,Sporting Kansas City,San Diego FC,A,0.296392417380981,0.22897746702654395,0.47463011559247503,0.27216317774330534,0.23739048672941865,0.4904463355272761,2025-08-10
2025-08-10,mls,Chicago Fire,Los Angeles FC,D,0.314045347275603,0.2511910241634339,0.43476362856096307,0.40155465081293534,0.2726047066082181,0.32584064257884654,2025-08-10
2025-08-10,mls,FC Dallas,Portland Timbers,H,0.44285972352794456,0.24466623530379117,0.3124740411682644,0.4519130658753451,0.26938550444937004,0.2787014296752849,2025-08-10
2025-08-10,mls,Austin FC,Houston Dynamo,D,0.39382187350660824,0.30175960798587076,0.30441851850752105,0.4805715770329956,0.27363990646921277,0.2457885164977916,2025-08-10
2025-08-10,mls,Philadelphia Union,Toronto FC,D,0.6805429828543329,0.2024178019339931,0.1170392152116739,0.7132330379020675,0.17930439500331305,0.10746256709461953,2025-08-10
2025-08-10,mls,New England Revolution,DC United,H,0.5489934964723173,0.22946384661137476,0.22154265691630795,0.6070620100631666,0.2224029023042477,0.1705350876325857,2025-08-10
2025-08-10,mls,CF Montreal,Atlanta Utd,D,0.38858736546206807,0.25794358911257514,0.35346904542535684,0.4011034524687089,0.26556574737626054,0.3333308001550305,2025-08-10
2025-08-11,mls,Orlando City,Inter Miami,H,0.4797697898136265,0.23015331365009206,0.2900768965362816,0.49348729047087764,0.23250843493339424,0.27400427459572807,2025-08-10
2025-08-11,mls,Los Angeles Galaxy,Seattle Sounders,A,0.38109473170801605,0.2577765607738915,0.36112870751809256,0.39640234838360927,0.25188065886875177,0.3517169927476388,2025-08-10
2025-08-17,mls,New York City,Nashville SC,H,0.4226449072833479,0.29624346394921713,0.2811116287674349,0.39616396568160156,0.2670276453765491,0.33680838894184933,2025-08-10
2025-08-17,mls,Portland Timbers,FC Cincinnati,A,0.39789394009863455,0.2548331392772467,0.3472729206241187,0.3542880299883491,0.2861557165290512,0.3595562534825997,2025-08-10
2025-08-17,mls,Colorado Rapids,Atlanta Utd,H,0.4162475618460889,0.25209835119329915,0.331654086960612,0.42056355795464545,0.2412209933405697,0.3382154487047848,2025-08-10
2025-08-17,mls,Minnesota United,Seattle Sounders,H,0.4188626695769082,0.2788960412443398,0.302241289178752,0.40432013292716695,0.2647466075879258,0.3309332594849072,2025-08-10
2025-08-17,mls,Chicago Fire,St. Louis City,H,0.5118125900795749,0.23731130332645686,0.250876106593968,0.5986786986192997,0.1971109825719985,0.20421031880870183,2025-08-10
2025-08-17,mls,Austin FC,FC Dallas,D,0.42075764661634724,0.278326333338915,0.30091602004473794,0.48791466272043404,0.2502774694783574,0.2618078678012085,2025-08-10
2025-08-17,mls,Toronto FC,Columbus Crew,D,0.24579903676831602,0.2547905390405684,0.4994104241911153,0.25111669223119315,0.25308881285080986,0.4957944949179968,2025-08-10
2025-08-17,mls,Orlando City,Sporting Kansas City,H,0.6112713827135148,0.2090051732629263,0.17972344402355891,0.6962827808015833,0.16857372587827804,0.13514349332013853,2025-08-10
2025-08-17,mls,New York Red Bulls,Philadelphia Union,H,0.35355711891275365,0.272880713385213,0.3735621677020334,0.32282716830966807,0.26679931265261825,0.4103735190377137,2025-08-10
2025-08-17,mls,New England Revolution,Los Angeles FC,A,0.2861866312900283,0.2520584381508767,0.461754930559095,0.2982731554160126,0.25431711145996866,0.4474097331240189,2025-08-10
2025-08-17,mls,Inter Miami,Los Angeles Galaxy,H,0.5987280762637998,0.18813297328932274,0.21313895044687764,0.6685894074462507,0.18877818563188256,0.1426324069218668,2025-08-10
2025-08-17,mls,Charlotte,Real Salt Lake,H,0.4609938204045035,0.26960454945493373,0.2694016301405628,0.48989392814752225,0.2506729970001607,0.25943307485231687,2025-08-10
2025-08-17,mls,CF Montreal,DC United,D,0.5083024659063359,0.24275014103205803,0.24894739306160613,0.4719781011381646,0.2622100561878692,0.26581184267396624,2025-08-10
2025-08-18,mls,San Jose Earthquakes,San Diego FC,A,0.28159341836745433,0.22311668992980924,0.49528989170273646,0.4649136389870353,0.2393614774982756,0.2957248835146891,2025-08-10
2025-08-18,mls,Vancouver Whitecaps,Houston Dynamo,D,0.5132057203373184,0.2588339407796182,0.22796033888306336,0.566615585318195,0.23436654380557942,0.19901787087622552,2025-08-10
2025-08-24,mls,Atlanta Utd,Toronto FC,D,0.5413168720621775,0.24740625212393294,0.2112768758138894,0.5648904721334348,0.22782139324249373,0.20728813462407156,2025-08-10
2025-08-24,mls,San Diego FC,Portland Timbers,D,0.6046452064428123,0.20476782757633846,0.19058696598084937,0.5748798718633208,0.2205018686599039,0.20461825947677523,2025-08-10
2025-08-24,mls,Los Angeles Galaxy,Colorado Rapids,H,0.5546055823698375,0.21492098177802613,0.23047343585213653,0.37402822095665933,0.2604121215800397,0.365559657463301,2025-08-10
2025-08-24,mls,Vancouver Whitecaps,St. Louis City,H,0.6014071558194827,0.2207396750783804,0.17785316910213705,0.6502213788741303,0.18722327640733716,0.16255534471853259,2025-08-10
2025-08-24,mls,Real Salt Lake,Minnesota United,A,0.4080163339127341,0.27305974678205297,0.3189239193052129,0.41014392134051375,0.25950124781866285,0.3303548308408233,2025-08-10
2025-08-24,mls,Nashville SC,Orlando City,H,0.40993296148179564,0.2841043553560636,0.3059626831621409,0.5129135357408068,0.2404681913198795,0.24661827293931377,2025-08-10
2025-08-24,mls,Houston Dynamo,San Jose Earthquakes,A,0.5196408545985919,0.2413243612039096,0.2390347841974986,0.4607329842931937,0.2513089005235602,0.28795811518324604,2025-08-10
2025-08-24,mls,FC Dallas,Los Angeles FC,D,0.32435774375854376,0.2547770020242774,0.4208652542171787,0.24426474114731822,0.25454957235352105,0.5011856864991607,2025-08-10
2025-08-24,mls,Philadelphia Union,Chicago Fire,H,0.6304409330761515,0.2082106013617948,0.1613484655620537,0.5395494862966449,0.2304996612102612,0.22995085249309388,2025-08-10
2025-08-24,mls,FC Cincinnati,New York City,A,0.45433139309065146,0.27093295450817806,0.2747356524011704,0.4475200838281522,0.2577715682850157,0.294708347886832,2025-08-10
2025-08-24,mls,DC United,Inter Miami,D,0.2464377773560709,0.2142144777349638,0.5393477449089653,0.29953372707491455,0.25868821883742615,0.44177805408765936,2025-08-10
2025-08-24,mls,Columbus Crew,New England Revolution,A,0.6412364268251936,0.19916604698385545,0.15959752619095108,0.613127847404992,0.205247488363718,0.18162466423129012,2025-08-10
2025-08-24,mls,CF Montreal,Austin FC,H,0.38506962734370875,0.28855658625919667,0.32637378639709463,0.3353830494725201,0.27535710595897256,0.3892598445685073,2025-08-10
2025-08-25,mls,Charlotte,New York Red Bulls,H,0.44456615103085756,0.26654311158044236,0.28889073738870014,0.4949913843008081,0.24623295902718767,0.2587756566720042,2025-08-10
2025-08-25,mls,Seattle Sounders,Sporting Kansas City,H,0.5782449228902742,0.2320658876024033,0.18968918950732272,0.6566347328330755,0.18742777810963515,0.15593748905728935,2025-08-10
2025-08-31,mls,St. Louis City,Houston Dynamo,A,0.37938608584453726,0.27459368056087363,0.34602023359458894,0.42973973586782344,0.2511465988837929,0.31911366524838375,2025-08-10
2025-08-31,mls,Sporting Kansas City,Colorado Rapids,H,0.49323224359212625,0.2349464128127562,0.2718213435951176,0.4642986589343964,0.2261689017760058,0.3095324392895976,2025-08-10
2025-08-31,mls,Nashville SC,Atlanta Utd,A,0.5231038124162947,0.2572206669671579,0.21967552061654744,0.6498979377706556,0.19669712636003484,0.15340493586930948,2025-08-10
2025-08-31,mls,Austin FC,San Jose Earthquakes,H,0.47476483797093644,0.2592911751816535,0.26594398684740994,0.45009622821375256,0.2474953684551325,0.302408403331115,2025-08-10
2025-08-31,mls,Minnesota United,Portland Timbers,D,0.5150781417186217,0.23809527185098545,0.24682658643039285,0.5401128493702247,0.2324043270126688,0.22748282361710642,2025-08-10
2025-08-31,mls,New York Red Bulls,Columbus Crew,D,0.3884345931528386,0.259455773907098,0.35210963294006364,0.3681262709551432,0.2719584529809064,0.35991527606395046,2025-08-10
2025-08-31,mls,Toronto FC,CF Montreal,D,0.4179832622811163,0.27738982245256705,0.3046269152663165,0.48511579288718076,0.25606907900410875,0.25881512810871043,2025-08-10
2025-08-31,mls,New York City,DC United,A,0.6432879848240339,0.21138830907093673,0.14532370610502937,0.6133127881522789,0.21350356483349844,0.17318364701422265,2025-08-10
2025-08-31,mls,New England Revolution,Charlotte,A,0.3640360544342114,0.26213693147664796,0.3738270140891408,0.431615079599929,0.25850742735396814,0.30987749304610285,2025-08-10
2025-08-31,mls,FC Cincinnati,Philadelphia Union,A,0.38459815591437585,0.26774268544105406,0.34765915864457025,0.35182226566171076,0.2532751912486138,0.3949025430896753,2025-08-10
2025-09-01,mls,Los Angeles FC,San Diego FC,A,0.4613586734216225,0.2429540250277438,0.2956873015506335,0.5330729710929287,0.2280997819570215,0.23882724695004975,2025-08-10
2025-09-07,mls,Houston Dynamo,Los Angeles Galaxy,D,0.458857679735318,0.2470676453314104,0.2940746749332716,0.5643610063860891,0.23828575825190432,0.19735323536200663,2025-08-10
2025-09-07,mls,St. Louis City,FC Dallas,D,0.4041428345892879,0.25373637873173027,0.3421207866789818,0.4669139795174229,0.24284219537715207,0.290243825105425,2025-08-10
2025-09-07,mls,Chicago Fire,New England Revolution,H,0.49719672869169496,0.23884569776014708,0.2639575735481581,0.5665877062673145,0.2184124944794636,0.214999799253222,2025-08-10
2025-09-08,mls,Sporting Kansas City,Austin FC,A,0.43930248376719855,0.2680362760118359,0.2926612402209656,0.42784598358865794,0.2551271564407301,0.31702685997061214,2025-08-10
2025-09-14,mls,San Jose Earthquakes,Los Angeles FC,A,0.286505101323596,0.24100097819738464,0.4724939204790193,0.3003047148739394,0.24357208611941686,0.4561231990066438,2025-09-14
2025-09-14,mls,Portland Timbers,New York Red Bulls,H,0.40944132781739734,0.2694656478616681,0.3210930243209346,0.4434076632012049,0.2722897762756695,0.2843025605231255,2025-09-14
2025-09-14,mls,Vancouver Whitecaps,Philadelphia Union,H,0.36614787525213627,0.2728308940537963,0.36102123069406744,0.4301675977653631,0.27653631284916197,0.29329608938547486,2025-09-14
2025-09-14,mls,Real Salt Lake,Sporting Kansas City,H,0.5245137663523854,0.23917474089627738,0.23631149275133714,0.6344141807176826,0.19057501080847386,0.17501080847384348,2025-09-14
2025-09-14,mls,Colorado Rapids,Houston Dynamo,H,0.38855924100490963,0.27058229023838953,0.3408584687567007,0.4742469465157019,0.24369364506096522,0.2820594084233329,2025-09-14
2025-09-14,mls,Seattle Sounders,Los Angeles Galaxy,D,0.5686719816785668,0.228093982691667,0.20323403562976614,0.7091602851161928,0.17191764487665281,0.11892207000715442,2025-09-14
2025-09-14,mls,FC Dallas,Austin FC,H,0.4605465263730129,0.27261437665795424,0.26683909696903285,0.3558757378735425,0.27038603547933954,0.373738226647118,2025-09-14
2025-09-14,mls,San Diego FC,Minnesota United,A,0.5546229211362184,0.23762043298809857,0.20775664587568327,0.5388543305026579,0.23525591502433113,0.22588975447301116,2025-09-14
2025-09-14,mls,New England Revolution,Toronto FC,D,0.49371921900309834,0.26588689820308575,0.240393882793816,0.49334324525241596,0.24173819017368384,0.26491856457390006,2025-09-14
2025-09-14,mls,FC Cincinnati,Nashville SC,H,0.43908620840785123,0.2806578681314875,0.2802559234606611,0.3655186749144491,0.27439787210291505,0.3600834529826358,2025-09-14
2025-09-14,mls,DC United,Orlando City,D,0.24991305697610736,0.24161659361793988,0.5084703494059525,0.2649760735750542,0.2538484694354194,0.4811754569895264,2025-09-14
2025-09-14,mls,Charlotte,Inter Miami,H,0.4407918403858816,0.2425775642903976,0.31663059532372073,0.3519165954487101,0.24315845162913383,0.40492495292215597,2025-09-14
2025-09-14,mls,CF Montreal,St. Louis City,A,0.438511293888681,0.25281146326493525,0.30867724284638365,0.36259342177075327,0.24386005947806325,0.39354651875118335,2025-09-14
2025-09-14,mls,Atlanta Utd,Columbus Crew,A,0.33456459929553556,0.25474350612102686,0.4106918945834377,0.3111911813215693,0.24688892191583686,0.44191989676259386,2025-09-14
2025-09-14,mls,Chicago Fire,New York City,A,0.36532543146737495,0.26518339088272913,0.36949117764989603,0.45033379663970846,0.25083359139258377,0.2988326119677078,2025-09-14
2025-09-17,mls,Inter Miami,Seattle Sounders,H,0.44448190031234147,0.2490303181102451,0.3064877815774136,0.47159932062016263,0.2537476659504812,0.2746530134293561,2025-09-14
2025-09-18,mls,Real Salt Lake,Los Angeles FC,A,0.3343479167184135,0.27793612331489864,0.3877159599666878,0.30043007409710343,0.2657650655474377,0.43380486035545884,2025-09-14
2025-09-18,mls,New York City,Columbus Crew,H,0.40561859039111414,0.2712299756892313,0.32315143391965456,0.4978907917513992,0.24453370531587704,0.25757550293272385,2025-09-14
2025-09-20,mls,New York City,Charlotte,H,0.44006865959573227,0.2825504324356724,0.27738090796859527,0.5167943048911656,0.24099884043553116,0.24220685467330322,2025-09-14
2025-09-20,mls,Philadelphia Union,New England Revolution,H,0.6549901226504743,0.20515731662856873,0.13985256072095703,0.621174946045479,0.20750456171777854,0.17132049223674242,2025-09-14
2025-09-20,mls,Atlanta Utd,San Diego FC,D,0.2819875948213085,0.2544387486618359,0.46357365651685567,0.37249920609717374,0.24769768180374727,0.3798031120990792,2025-09-14
2025-09-21,mls,San Jose Earthquakes,St. Louis City,A,0.4859282591183707,0.23035984188317718,0.2837118989984523,0.5628558787041027,0.20522037368529117,0.23192374761060616,2025-09-14
2025-09-21,mls,Los Angeles Galaxy,FC Cincinnati,A,0.4010644336405212,0.24550910385681315,0.35342646250266546,0.3496183658429097,0.24517541098350876,0.40520622317358146,2025-09-14
2025-09-21,mls,Sporting Kansas City,Vancouver Whitecaps,A,0.3444848729686694,0.2456649664832867,0.4098501605480439,0.27062310352127583,0.23392844541669602,0.49544845106202806,2025-09-14
2025-09-21,mls,Minnesota United,Chicago Fire,A,0.5612692184678387,0.22570217932142783,0.21302860221073358,0.42973973586782344,0.2511465988837929,0.31911366524838375,2025-09-14
2025-09-21,mls,Houston Dynamo,Portland Timbers,H,0.44245786825535627,0.26705060426540483,0.29049152747923895,0.449736065263862,0.26418921866592987,0.2860747160702081,2025-09-14
2025-09-21,mls,Orlando City,Nashville SC,H,0.47377597385284975,0.26645850195920895,0.2597655241879413,0.4761336057129887,0.2523632427147172,0.2715031515722941,2025-09-14
2025-09-21,mls,Inter Miami,DC United,H,0.7115858722479673,0.163531027712464,0.1248831000395688,0.7075615602527784,0.16648507300065374,0.1259533667465679,2025-09-14
2025-09-21,mls,Columbus Crew,Toronto FC,D,0.6497372325727391,0.21321886281285451,0.13704390461440663,0.6185874034507935,0.20531837220919957,0.17609422434000693,2025-09-14
2025-09-21,mls,CF Montreal,New York Red Bulls,A,0.32051583876144213,0.2751391359007159,0.40434502533784217,0.298545841461252,0.2657386061358397,0.4357155524029084,2025-09-14
2025-09-21,mls,FC Dallas,Colorado Rapids,H,0.5215237056933288,0.23885028706549177,0.23962600724117936,0.44352214960058095,0.24855482933914308,0.30792302106027597,2025-09-14
2025-09-22,mls,Austin FC,Seattle Sounders,H,0.316236642896694,0.30072775721688944,0.3830355998864167,0.3013571073307729,0.2724947364878257,0.4261481561814014,2025-09-14
2025-09-22,mls,Los Angeles FC,Real Salt Lake,H,0.5584706195826759,0.24619161562323674,0.19533776479408752,0.6699973754977996,0.19334593601539707,0.13665668848680332,2025-09-14
2025-09-25,mls,New York City,Inter Miami,A,0.4417036239247881,0.24789979088569775,0.3103965851895141,0.40328508212705316,0.25470636765919147,0.3420085502137553,2025-09-14
2025-09-25,mls,Vancouver Whitecaps,Portland Timbers,D,0.5194844351263608,0.24248903170371297,0.23802653316992647,0.6054190117078666,0.20657000614066695,0.18801098215146642,2025-09-14
2025-09-27,mls,Toronto FC,Inter Miami,D,0.27533053423213755,0.24807413300575828,0.4765953327621039,0.2062626041969145,0.20278870770517698,0.5909486880979085,2025-09-14
2025-09-28,mls,Colorado Rapids,Minnesota United,D,0.3347201931511207,0.2590730509706627,0.40620675587821653,0.4931479991616694,0.2398436918999682,0.2670083089383624,2025-09-14
2025-09-28,mls,San Diego FC,San Jose Earthquakes,A,0.6980324840440463,0.17519155195081815,0.1267759640051357,0.539408055999317,0.2117413202278021,0.24885062377288084,2025-09-14
2025-09-28,mls,Portland Timbers,FC Dallas,D,0.47175387768958493,0.24956049304568076,0.2786856292647342,0.5422690189307817,0.24130971342419782,0.21642126764502048,2025-09-14
2025-09-28,mls,Seattle Sounders,Vancouver Whitecaps,D,0.47654099917186515,0.2698670419954476,0.2535919588326872,0.47594578049846964,0.2549261040664626,0.26912811543506776,2025-09-14
2025-09-28,mls,Real Salt Lake,Austin FC,H,0.4592136819218846,0.286030651776893,0.25475566630122226,0.5632007611249658,0.2331896613858817,0.2036095774891525,2025-09-14
2025-09-28,mls,St. Louis City,Los Angeles FC,A,0.27700888749799596,0.24889078971408016,0.47410032278792374,0.2713698252300595,0.2064266191920965,0.522203555577844,2025-09-14
2025-09-28,mls,Los Angeles Galaxy,Sporting Kansas City,H,0.5489296789956796,0.20709072680874618,0.2439795941955743,0.5511297392228338,0.20093271742499152,0.2479375433521746,2025-09-14
2025-09-28,mls,Chicago Fire,Columbus Crew,H,0.3316389659154644,0.2421446469078682,0.42621638717666765,0.43039007670964585,0.23910559817202548,0.3305043251183287,2025-09-14
2025-09-28,mls,New York Red Bulls,New York City,A,0.4199988808796225,0.2878415031719891,0.2921596159483884,0.37245527452189997,0.27668106107341145,0.35086366440468847,2025-09-14
2025-09-28,mls,New England Revolution,Atlanta Utd,H,0.4269051452500015,0.2562912599499616,0.3168035948000367,0.3963579949391493,0.25450355464513796,0.3491384504157128,2025-09-14
2025-09-28,mls,DC United,Philadelphia Union,A,0.2034454149584215,0.2394399490491057,0.5571146359924727,0.24326714287117918,0.24574314432533875,0.5109897128034823,2025-09-14
2025-09-28,mls,Charlotte,CF Montreal,A,0.5890771186055325,0.2332202030638219,0.17770267833064546,0.6513976204961807,0.1897772595146353,0.15882511998918408,2025-09-14
2025-09-28,mls,Nashville SC,Houston Dynamo,H,0.4863385457233967,0.2795931052493975,0.23406834902720597,0.5753646677471638,0.23014586709886548,0.19448946515397086,2025-09-14
2025-09-29,mls,FC Cincinnati,Orlando City,D,0.42729717726953,0.26057280062966603,0.3121300221008038,0.38516107525834586,0.24725173884870796,0.36758718589294603,2025-09-14
2025-10-01,mls,Inter Miami,Chicago Fire,A,0.6179520330217211,0.1896323193398222,0.19241564763845662,0.6125826580287319,0.1942938935565877,0.19312344841468052,2025-09-14
2025-10-04,mls,CF Montreal,Nashville SC,D,0.3063207416152513,0.2805789821849889,0.41310027619976,0.3001316398564981,0.2503688809165606,0.4494994792269414,2025-09-14
2025-10-04,mls,DC United,Charlotte,A,0.2767070176396721,0.26229651273308974,0.46099646962723806,0.38987574013843723,0.2585272287548995,0.35159703110666335,2025-09-14
2025-10-04,mls,FC Dallas,Los Angeles Galaxy,H,0.4713713140601652,0.23396928038136797,0.2946594055584668,0.5800054078214757,0.20885227266456605,0.21114231951395823,2025-09-14
2025-10-05,mls,Vancouver Whitecaps,San Jose Earthquakes,H,0.5989787894489604,0.21141044656507527,0.1896107639859644,0.6721847978990065,0.18239549544508146,0.1454197066559121,2025-09-14
2025-10-05,mls,Seattle Sounders,Portland Timbers,H,0.5401483167679284,0.2500183607351414,0.20983332249693026,0.5810458385460625,0.23019954462684095,0.1887546168270966,2025-09-14
2025-10-05,mls,Minnesota United,Sporting Kansas City,H,0.5936946325305702,0.21320461273047128,0.19310075473895857,0.6299844730227474,0.18429756094164504,0.18571796603560758,2025-09-14
2025-10-05,mls,Houston Dynamo,San Diego FC,A,0.2969580541490708,0.2722951539920644,0.4307467918588649,0.347778084460392,0.26856196522219156,0.38365995031741645,2025-09-14
2025-10-05,mls,Chicago Fire,Toronto FC,D,0.5284756317311392,0.24869780956496113,0.22282655870389956,0.6171919283527944,0.22548463892982654,0.15732343271737897,2025-09-14
2025-10-05,mls,Real Salt Lake,Colorado Rapids,H,0.5197371769237334,0.25069463662902525,0.2295681864472412,0.5678027556200145,0.22189992748368384,0.21029731689630166,2025-09-14
2025-10-05,mls,Philadelphia Union,New York City,H,0.5215886605898326,0.26383234703591335,0.21457899237425393,0.499675535366645,0.2498377676833225,0.2504866969500324,2025-09-14
2025-10-05,mls,Orlando City,Columbus Crew,D,0.4491552408048761,0.24829615795905927,0.3025486012360644,0.5056713895234448,0.2332928391279661,0.2610357713485891,2025-09-14
2025-10-05,mls,New York Red Bulls,FC Cincinnati,A,0.4271369496418965,0.27621268866931437,0.2966503616887892,0.39851258882523105,0.2568662044682524,0.3446212067065166,2025-09-14
2025-10-05,mls,Inter Miami,New England Revolution,H,0.6323449137847974,0.1918148906748533,0.17584019554034921,0.697030271345245,0.16787116482660347,0.1350985638281514,2025-09-14
2025-10-05,mls,Austin FC,St. Louis City,A,0.48570150999977535,0.26181867997451824,0.2524798100257064,0.5001725402956972,0.24377096029563022,0.2560564994086726,2025-09-14
2025-10-06,mls,Los Angeles FC,Atlanta Utd,H,0.6034304863142989,0.22167609115884254,0.17489342252685888,0.6973165311662318,0.17031802000166366,0.13236544883210452,2025-09-14
2025-10-09,mls,Los Angeles FC,Toronto FC,H,0.6558477943202232,0.21560067228379876,0.12855153339597794,0.6630345415102378,0.1962040990183356,0.14076135947142673,2025-09-14
2025-10-12,mls,Inter Miami,Atlanta Utd,H,0.5957766659810945,0.20400987351413646,0.2002134605047692,0.7473451372745799,0.14320385863944046,0.10945100408597964,2025-09-14
2025-10-12,mls,Orlando City,Vancouver Whitecaps,A,0.4843963826164787,0.2494865726555852,0.2661170447279361,0.38699720628435824,0.25064585899246,0.36235693472318187,2025-09-14
2025-10-12,mls,Seattle Sounders,Real Salt Lake,H,0.5204882312627681,0.2693101027011242,0.21020166603610754,0.5450642867306255,0.2341659678430114,0.22076974542636316,2025-09-14
2025-10-12,mls,Los Angeles Galaxy,FC Dallas,H,0.47795605330652713,0.23304728932726387,0.2889966573662089,0.38880706921944036,0.2444771723122239,0.3667157584683358,2025-09-14
2025-10-13,mls,Austin FC,Los Angeles FC,H,0.30399396605332574,0.2826726348726225,0.4133333990740518,0.32466534790374313,0.28043557587047957,0.3948990762257773,2025-09-14
2025-10-18,mls,Atlanta Utd,DC United,D,0.567878219532601,0.22783338125222516,0.204288399215174,0.541714062060446,0.2242444256901381,0.234041512249416,2025-10-18
2025-10-18,mls,Charlotte,Philadelphia Union,H,0.3496124189829933,0.27673053247552065,0.3736570485414861,0.40333378263018377,0.25340342364200025,0.34326279372781593,2025-10-18
2025-10-18,mls,Columbus Crew,New York Red Bulls,H,0.5039670007620315,0.2484191804101866,0.24761381882778197,0.6171192460493867,0.23031244589402952,0.15256830805658375,2025-10-18
2025-10-18,mls,FC Cincinnati,CF Montreal,H,0.6046819508581633,0.22444199619542593,0.1708760529464108,0.6089069559180141,0.19475161747985067,0.19634142660213516,2025-10-18
2025-10-18,mls,Nashville SC,Inter Miami,A,0.43100496880426675,0.2422196306189943,0.32677540057673904,0.39807480196530626,0.24365787626591795,0.3582673217687756,2025-10-18
2025-10-18,mls,New England Revolution,Chicago Fire,D,0.41196826549143184,0.24326262988192363,0.3447691046266444,0.3224631242224987,0.25324329127421363,0.4242935845032878,2025-10-18
2025-10-18,mls,New York City,Seattle Sounders,A,0.4032014948288972,0.288422648066533,0.3083758571045697,0.4925527499370607,0.25272340049126674,0.25472384957167254,2025-10-18
2025-10-18,mls,Toronto FC,Orlando City,H,0.27332281878077214,0.2746198981800582,0.4520572830391697,0.31505150250815567,0.2512228864155942,0.4337256110762502,2025-10-18
2025-10-19,mls,Vancouver Whitecaps,FC Dallas,A,0.5589533214005262,0.2307430844090376,0.21030359419043604,0.7025506278769543,0.173735444077875,0.12371392804517062,2025-10-18
2025-10-19,mls,St. Louis City,Real Salt Lake,D,0.41140881999954476,0.26131899251362456,0.3272721874868307,0.39761131296388114,0.23915729962926516,0.36323138740685385,2025-10-18
2025-10-19,mls,San Jose Earthquakes,Austin FC,H,0.42624999232955485,0.25834524892317007,0.315404758747275,0.5429816601467068,0.23067001314108304,0.2263483267122103,2025-10-18
2025-10-19,mls,Sporting Kansas City,Houston Dynamo,D,0.3937803644622874,0.25456626997545906,0.3516533655622535,0.37830336671895737,0.2548570049475081,0.36683962833353445,2025-10-18
2025-10-19,mls,Los Angeles Galaxy,Minnesota United,H,0.4038544610412286,0.24073380356718532,0.35541173539158627,0.3783159186828008,0.2589542117187085,0.3627298695984907,2025-10-18
2025-10-19,mls,Colorado Rapids,Los Angeles FC,D,0.247322370470473,0.2442937423561614,0.5083838871733657,0.287436403739817,0.22724383919194943,0.48531975706823366,2025-10-18
2025-10-19,mls,Portland Timbers,San Diego FC,A,0.336353832316521,0.25737633153277845,0.4062698361507005,0.33236745563232095,0.25252984226894354,0.4151027020987356,2025-10-18
2025-10-23,mls,Chicago Fire,Orlando City,H,0.37301330335938343,0.2415832015913097,0.3854034950493069,0.4519600307455803,0.24673328209069945,0.30130668716372017,2025-10-18
2025-10-23,mls,Portland Timbers,Real Salt Lake,H,0.45634831328239234,0.2639803919348012,0.2796712947828065,0.43223052294557096,0.2689434364994664,0.29882604055496265,2025-10-18
2025-10-25,mls,Inter Miami,Nashville SC,H,0.5021263197635587,0.2327020093046615,0.26517167093177973,0.6033475188857893,0.20280588870110566,0.19384659241310498,2025-10-18
2025-10-26,mls,Philadelphia Union,Chicago Fire,D,0.6190101991773443,0.20626323184615553,0.17472656897650005,,,,2025-10-18
2025-10-26,mls,Vancouver Whitecaps,FC Dallas,H,0.5589533214005262,0.2307430844090376,0.21030359419043604,0.66293142902074,0.18592854392264468,0.15114002705661525,2025-10-18
2025-10-27,mls,FC Cincinnati,Columbus Crew,H,0.4364896745658877,0.25367635690520246,0.30983396852890993,0.39810770644491583,0.26005422759708213,0.341838065958002,2025-10-18
2025-10-27,mls,San Diego FC,Portland Timbers,H,0.5789234658803719,0.22531169718471272,0.19576483693491545,,,,2025-10-18
2025-10-28,mls,Minnesota United,Seattle Sounders,D,0.4133296301038707,0.2791169001473208,0.3075534697488084,0.3755434279900101,0.27842012764776614,0.34603644436222364,2025-10-18
2025-10-28,mls,Charlotte,New York City,A,0.4183736015283806,0.2803701964880607,0.301256201983559,0.37965518435973533,0.2758178689792949,0.3445269466609698,2025-10-18
2025-10-30,mls,Los Angeles FC,Austin FC,H,0.6211172358065703,0.22660587130563722,0.15227689288779242,0.6466421178851763,0.20987507334869762,0.1434828087661261,2025-10-18
2025-11-01,mls,Chicago Fire,Philadelphia Union,A,0.31301180788597305,0.2456929063104066,0.44129528580362043,,,,2025-10-18
2025-11-01,mls,Nashville SC,Inter Miami,H,0.43100496880426675,0.2422196306189943,0.32677540057673904,,,,2025-10-18
2025-11-01,mls,New York City,Charlotte,D,0.4525686267660152,0.2756257633075352,0.2718056099264494,,,,2025-10-18
2025-11-02,mls,Portland Timbers,San Diego FC,D,0.336353832316521,0.25737633153277845,0.4062698361507005,,,,2025-10-18
2025-11-02,mls,FC Dallas,Vancouver Whitecaps,D,0.3553962502445495,0.25786474460763054,0.38673900514781984,,,,2025-10-18
2025-11-02,mls,Columbus Crew,FC Cincinnati,H,0.4757628900274647,0.24835102433906708,0.2758860856334682,,,,2025-10-18
2025-11-03,mls,Austin FC,Los Angeles FC,A,0.2674174298521372,0.2727696113937024,0.45981295875416045,,,,2025-10-18
2025-11-04,mls,Seattle Sounders,Minnesota United,H,0.46063451056996246,0.27256707968384497,0.2667984097461927,,,,2025-10-18
2025-11-08,mls,Charlotte,New York City,A,0.4183736015283806,0.2803701964880607,0.301256201983559,,,,2025-10-18
2025-11-08,mls,Minnesota United,Seattle Sounders,D,0.4133296301038707,0.2791169001473208,0.3075534697488084,,,,2025-10-18
2025-11-08,mls,FC Cincinnati,Columbus Crew,H,0.4364896745658877,0.25367635690520246,0.30983396852890993,,,,2025-10-18
2025-11-09,mls,Inter Miami,Nashville SC,H,0.5021263197635587,0.2327020093046615,0.26517167093177973,,,,2025-10-18
2025-11-10,mls,San Diego FC,Portland Timbers,H,0.5789234658803719,0.22531169718471272,0.19576483693491545,,,,2025-10-18
2025-11-23,mls,Vancouver Whitecaps,Los Angeles FC,D,0.40521286262384215,0.2608362735986418,0.3339508637775162,0.4542171142712365,0.25260638469914715,0.2931765010296163,2025-11-23
2025-11-23,mls,FC Cincinnati,Inter Miami,A,0.43466135914455906,0.23410294252093952,0.3312356983345014,0.30048861094887397,0.2431088761948176,0.45640251285630856,2025-11-23
2025-11-24,mls,Philadelphia Union,New York City,A,0.5057754166674212,0.2634890328235205,0.23073555050905822,0.5429977612735866,0.2640808784336022,0.19292136029281118,2025-11-23
2025-11-25,mls,San Diego FC,Minnesota United,H,0.5779158609962847,0.2254862726515854,0.19659786635212997,0.5834522227566585,0.22284633508066815,0.19370144216267335,2025-11-23
2025-11-29,mls,Inter Miami,New York City,H,0.5125151855664679,0.2289844602347101,0.2585003541988221,0.6283711208186503,0.20586891110332656,0.1657599680780233,2025-11-23
2025-11-30,mls,San Diego FC,Vancouver Whitecaps,A,0.5217923536028386,0.24022243205034527,0.23798521434681627,0.35984847019126964,0.2789603414451053,0.36119118836362507,2025-11-23
2025-12-06,mls,Inter Miami,Vancouver Whitecaps,H,0.4789495908922363,0.22322013000220364,0.2978302791055599,0.4810760930798395,0.24730510155766683,0.2716188053624936,2025-11-23
2026-02-21,mls,St. Louis City,Charlotte,D,0.36733896352074963,0.26602343897386616,0.3666375975053842,,,,2026-02-21
2026-02-21,mls,FC Cincinnati,Atlanta Utd,H,0.5467862765844395,0.24153845784793673,0.2116752655676237,,,,2026-02-21
2026-02-22,mls,Los Angeles FC,Inter Miami,H,0.510770996551356,0.215399875383337,0.27382912806530696,,,,2026-02-21
2026-02-22,mls,San Diego FC,CF Montreal,H,0.7039849613292563,0.18036312863714699,0.11565191003359687,,,,2026-02-21
2026-02-22,mls,Portland Timbers,Columbus Crew,H,0.34972390193447567,0.24880690289886231,0.4014691951666621,,,,2026-02-21
2026-02-22,mls,San Jose Earthquakes,Sporting Kansas City,H,0.4951525064845509,0.22231633512135493,0.28253115839409404,,,,2026-02-21
2026-02-22,mls,Nashville SC,New England Revolution,H,0.5341656098682865,0.2477474437774511,0.21808694635426215,,,,2026-02-21
2026-02-22,mls,DC United,Philadelphia Union,H,0.20195821289450355,0.23732900250750738,0.5607127845979891,,,,2026-02-21
2026-02-22,mls,FC Dallas,Toronto FC,H,0.5276005926116633,0.25782968813356477,0.21456971925477186,,,,2026-02-21
2026-02-22,mls,Austin FC,Minnesota United,D,0.3417697690052737,0.2794512879639262,0.3787789430308001,,,,2026-02-21
2026-02-22,mls,Vancouver Whitecaps,Real Salt Lake,H,0.570434575278649,0.23473953969108058,0.1948258850302703,,,,2026-02-21
2026-02-22,mls,Orlando City,New York Red Bulls,A,0.48423788749353275,0.2545051864319893,0.26125692607447815,,,,2026-02-21
2026-02-22,mls,Houston Dynamo,Chicago Fire,H,0.45059424825808575,0.2515293451906159,0.2978764065512984,,,,2026-02-21
2026-02-23,mls,Los Angeles Galaxy,New York City,D,0.40425250861908923,0.2504769278819079,0.345270563499003,,,,2026-02-21
2026-02-23,mls,Seattle Sounders,Colorado Rapids,H,0.6105827150409602,0.22293305441702468,0.16648423054201528,,,,2026-02-21
2026-02-28,mls,Colorado Rapids,Portland Timbers,H,0.4027906648612342,0.25343036785353673,0.3437789672852292,,,,2026-02-21
2026-02-28,mls,Minnesota United,FC Cincinnati,H,0.4457798768611189,0.2640873399089993,0.2901327832298817,,,,2026-02-21
2026-02-28,mls,Chicago Fire,CF Montreal,H,0.5635036508688792,0.22028022757418259,0.21621612155693834,,,,2026-02-21
2026-02-28,mls,New York Red Bulls,New England Revolution,H,0.5349384831336478,0.2480791860086659,0.21698233085768662,,,,2026-02-21
2026-03-01,mls,Real Salt Lake,Seattle Sounders,H,0.33571480723181774,0.2827700740411238,0.38151511872705846,,,,2026-02-21
2026-03-01,mls,San Jose Earthquakes,Atlanta Utd,H,0.44707462252035024,0.24026815922342892,0.31265721825622106,,,,2026-02-21
2026-03-01,mls,FC Dallas,Nashville SC,D,0.4208813995050344,0.26955742894022044,0.3095611715547454,,,,2026-02-21
2026-03-01,mls,Houston Dynamo,Los Angeles FC,A,0.28864487230996677,0.2682430376507681,0.4431120900392649,,,,2026-02-21
2026-03-01,mls,Sporting Kansas City,Columbus Crew,D,0.2883373292337589,0.23180009902547324,0.47986257174076774,,,,2026-02-21
2026-03-01,mls,Vancouver Whitecaps,Toronto FC,H,0.631245440935323,0.22129471993986385,0.14745983912481314,,,,2026-02-21
2026-03-01,mls,Los Angeles Galaxy,Charlotte,H,0.4281023071604286,0.24993363058182536,0.32196406225774593,,,,2026-02-21
2026-03-01,mls,Austin FC,DC United,H,0.5352285889216514,0.25171053433482005,0.2130608767435289,,,,2026-02-21
2026-03-01,mls,Philadelphia Union,New York City,A,0.505844745110896,0.2628665235730073,0.2312887313160967,,,,2026-02-21
2026-03-02,mls,Orlando City,Inter Miami,A,0.409317959966983,0.22131444304984987,0.369367596983167,,,,2026-02-21
2026-03-02,mls,San Diego FC,St. Louis City,H,0.6724697866308295,0.18707641370889413,0.14045379966027643,,,,2026-02-21
2026-03-07,mls,DC United,Inter Miami,A,0.19763200956934532,0.19392885120071932,0.6084391392299355,,,,2026-02-21
2026-03-07,mls,New York City,Orlando City,H,0.4456903543846461,0.2620843752202682,0.29222527039508567,,,,2026-02-21
2026-03-08,mls,Colorado Rapids,Los Angeles Galaxy,H,0.3954418988984638,0.2351881788949391,0.3693699222065971,,,,2026-02-21
2026-03-08,mls,FC Cincinnati,Toronto FC,A,0.5678151103352435,0.2504249015228146,0.181759988141942,,,,2026-02-21
2026-03-08,mls,New York Red Bulls,CF Montreal,A,0.5676121642322826,0.2411333822841905,0.19125445348352713,,,,2026-02-21
2026-03-08,mls,Portland Timbers,Vancouver Whitecaps,A,0.3370402657468155,0.25508272400617465,0.40787701024700995,,,,2026-02-21
2026-03-08,mls,Los Angeles FC,FC Dallas,H,0.609653935460774,0.21679370094210013,0.1735523635971258,,,,2026-02-21
2026-03-08,mls,St. Louis City,Seattle Sounders,A,0.31175858836422954,0.2616330737053023,0.4266083379304683,,,,2026-02-21
2026-03-08,mls,Columbus Crew,Chicago Fire,D,0.5928334585025141,0.20420653765052205,0.2029600038469638,,,,2026-02-21
2026-03-08,mls,Nashville SC,Minnesota United,H,0.4206042974557938,0.27109169717264986,0.3083040053715564,,,,2026-02-21
2026-03-08,mls,Philadelphia Union,San Jose Earthquakes,A,0.6662224366141912,0.1902359621067102,0.14354160127909865,,,,2026-02-21
2026-03-08,mls,Charlotte,Austin FC,H,0.5133799080949196,0.26987342504753387,0.21674666685754646,,,,2026-02-21
2026-03-08,mls,Atlanta Utd,Real Salt Lake,A,0.415314085527279,0.2678361925284103,0.31684972194431066,,,,2026-02-21
2026-03-08,mls,Sporting Kansas City,San Diego FC,A,0.23985478870443286,0.22676275366949297,0.5333824576260742,,,,2026-02-21
2026-03-14,mls,Toronto FC,New York Red Bulls,D,0.3230889786393137,0.29319296624802105,0.3837180551126653,,,,2026-02-21
2026-03-14,mls,Atlanta Utd,Philadelphia Union,H,0.2837371064578624,0.2614878043228967,0.45477508921924065,,,,2026-02-21
2026-03-14,mls,Columbus Crew,Nashville SC,A,0.5239445850440876,0.24347691729392468,0.23257849766198777,,,,2026-02-21
2026-03-14,mls,Charlotte,Inter Miami,D,0.3704481874040529,0.2401272822008168,0.3894245303951303,,,,2026-02-21
2026-03-14,mls,New York City,Colorado Rapids,H,0.57408606925308,0.23522418252100202,0.19068974822591797,,,,2026-02-21
2026-03-14,mls,Orlando City,CF Montreal,H,0.6234636916920232,0.21016611761546627,0.16637019069251063,,,,2026-02-21
2026-03-15,mls,San Jose Earthquakes,Seattle Sounders,A,0.2993259231794291,0.2511809586774838,0.449493118143087,,,,2026-02-21
2026-03-15,mls,Vancouver Whitecaps,Minnesota United,H,0.5119855142074089,0.2448028554931155,0.2432116302994755,,,,2026-02-21
2026-03-15,mls,New England Revolution,FC Cincinnati,H,0.33903217056742296,0.2665533161498865,0.39441451328269056,,,,2026-02-21
2026-03-15,mls,Los Angeles FC,St. Louis City,H,0.6730013760724155,0.18775718831642854,0.13924143561115615,,,,2026-02-21
2026-03-15,mls,Los Angeles Galaxy,Sporting Kansas City,A,0.5789989949968837,0.20148303354841254,0.2195179714547039,,,,2026-02-21
2026-03-15,mls,Houston Dynamo,Portland Timbers,H,0.44336626472837565,0.26657651655265624,0.2900572187189681,,,,2026-02-21
2026-03-15,mls,FC Dallas,San Diego FC,D,0.3102438066881683,0.255230038237807,0.43452615507402487,,,,2026-02-21
2026-03-15,mls,Chicago Fire,DC United,A,0.6221961270761133,0.20087646427631733,0.1769274086475694,,,,2026-02-21
2026-03-15,mls,Real Salt Lake,Austin FC,H,0.4720167429120181,0.27478502390667453,0.2531982331813071,,,,2026-02-21
2026-03-21,mls,Toronto FC,Columbus Crew,H,0.2725394945105298,0.26373275488242875,0.4637277506070414,,,,2026-02-21
2026-03-21,mls,Philadelphia Union,Chicago Fire,A,0.6096358143470746,0.20977899734576358,0.1805851883071618,,,,2026-02-21
2026-03-21,mls,Nashville SC,Orlando City,H,0.4150069014514471,0.2633377704660102,0.3216553280825426,,,,2026-02-21
2026-03-21,mls,Atlanta Utd,DC United,D,0.5615871455589166,0.23200022604281126,0.2064126283982721,,,,2026-02-21
2026-03-21,mls,Charlotte,New York Red Bulls,H,0.43995055451677917,0.2810663769556501,0.27898306852757065,,,,2026-02-21
2026-03-22,mls,San Diego FC,Real Salt Lake,D,0.614881487499366,0.21939711552796806,0.16572139697266586,,,,2026-02-21
2026-03-22,mls,Portland Timbers,Los Angeles Galaxy,D,0.4547951614405345,0.23212442171108008,0.31308041684838556,,,,2026-02-21
2026-03-22,mls,Minnesota United,Seattle Sounders,D,0.39820074551411233,0.2749938950991502,0.32680535938673744,,,,2026-02-21
2026-03-22,mls,New York City,Inter Miami,A,0.39604542714338237,0.23890114855047995,0.36505342430613774,,,,2026-02-21
2026-03-22,mls,FC Cincinnati,CF Montreal,H,0.5964833367229998,0.22819731439454727,0.175319348882453,,,,2026-02-21
2026-03-22,mls,Austin FC,Los Angeles FC,D,0.256063620316681,0.26415545714784017,0.47978092253547894,,,,2026-02-21
2026-03-22,mls,St. Louis City,New England Revolution,H,0.4756313828255322,0.24338385336846444,0.28098476380600335,,,,2026-02-21
2026-03-22,mls,Sporting Kansas City,Colorado Rapids,A,0.4551335296677247,0.23928208835308434,0.3055843819791913,,,,2026-02-21
2026-03-22,mls,FC Dallas,Houston Dynamo,H,0.45924622022094674,0.2674574486712434,0.27329633110780993,,,,2026-02-21
2026-03-22,mls,Vancouver Whitecaps,San Jose Earthquakes,A,0.654852958877598,0.18934914698092467,0.15579789414147735,,,,2026-02-21
2026-04-04,mls,Toronto FC,Colorado Rapids,H,0.39764231997725685,0.27025134796087485,0.3321063320618684,,,,2026-04-04
2026-04-04,mls,New England Revolution,CF Montreal,H,0.5205635193594863,0.23373056770710998,0.24570591293340358,,,,2026-04-04
2026-04-04,mls,Real Salt Lake,Sporting Kansas City,H,0.5735058131322284,0.2226693186990059,0.20382486816876552,,,,2026-04-04
2026-04-05,mls,Vancouver Whitecaps,Portland Timbers,H,0.6431521595586812,0.19920415078124665,0.15764368966007233,,,,2026-04-04
2026-04-05,mls,San Jose Earthquakes,San Diego FC,H,0.27138455159593616,0.23429400986967355,0.4943214385343903,,,,2026-04-04
2026-04-05,mls,Los Angeles Galaxy,Minnesota United,A,0.45129422845099754,0.2345809542817992,0.3141248172672032,,,,2026-04-04
2026-04-05,mls,Los Angeles FC,Orlando City,H,0.6597576571835837,0.19427539562091511,0.14596694719550105,,,,2026-04-04
2026-04-05,mls,Houston Dynamo,Seattle Sounders,A,0.3288113569683595,0.2859364638754514,0.38525217915618903,,,,2026-04-04
2026-04-05,mls,Chicago Fire,Nashville SC,H,0.38921754261271146,0.2554739152021758,0.3553085421851127,,,,2026-04-04
2026-04-05,mls,New York Red Bulls,FC Cincinnati,H,0.42995936926281303,0.2665600090047963,0.30348062173239065,,,,2026-04-04
2026-04-05,mls,Inter Miami,Austin FC,D,0.6662089211300104,0.18504244624468236,0.14874863262530724,,,,2026-04-04
2026-04-05,mls,DC United,FC Dallas,A,0.30473123603664787,0.25727371096007645,0.43799505300327574,,,,2026-04-04
2026-04-05,mls,Charlotte,Philadelphia Union,H,0.41118573966846905,0.277387256195244,0.31142700413628677,,,,2026-04-04
2026-04-05,mls,Atlanta Utd,Columbus Crew,A,0.3363298228020785,0.253373991574784,0.41029618562313747,,,,2026-04-04
2026-04-05,mls,New York City,St. Louis City,D,0.5784898840178749,0.22954691916633707,0.19196319681578777,,,,2026-04-04
2026-04-11,mls,Toronto FC,FC Cincinnati,D,0.3491550888295926,0.28144453239895934,0.36940037877144793,,,,2026-04-04
2026-04-11,mls,Austin FC,Los Angeles Galaxy,A,0.4112616936923219,0.2531096646425351,0.3356286416651428,,,,2026-04-04
2026-04-11,mls,CF Montreal,Philadelphia Union,A,0.28073540713229506,0.25714968891542994,0.462114903952275,,,,2026-04-04
2026-04-11,mls,Portland Timbers,Los Angeles FC,H,0.2667329577073893,0.24911320793086003,0.48415383436175075,,,,2026-04-04
2026-04-12,mls,Sporting Kansas City,San Jose Earthquakes,A,0.41741953021308814,0.23712629418534303,0.34545417560156877,,,,2026-04-04
2026-04-12,mls,FC Dallas,St. Louis City,D,0.5357038599633497,0.23032522037272257,0.2339709196639277,,,,2026-04-04
2026-04-12,mls,Vancouver Whitecaps,New York City,H,0.5309664804734873,0.24453587694569975,0.22449764258081303,,,,2026-04-04
2026-04-12,mls,Chicago Fire,Atlanta Utd,H,0.5313057216522424,0.2292777278971958,0.23941655045056165,,,,2026-04-04
2026-04-12,mls,Inter Miami,New York Red Bulls,D,0.6380114284502563,0.19030412492960827,0.1716844466201356,,,,2026-04-04
2026-04-12,mls,Charlotte,Nashville SC,A,0.4235862518572969,0.27821711477919847,0.2981966333635044,,,,2026-04-04
2026-04-12,mls,Colorado Rapids,Houston Dynamo,H,0.4391321042383551,0.2541661070946524,0.3067017886669927,,,,2026-04-04
2026-04-12,mls,New England Revolution,DC United,H,0.5486978620860758,0.2349838703725757,0.21631826754134834,,,,2026-04-04
2026-04-12,mls,San Diego FC,Minnesota United,A,0.6169541961841913,0.21008037868532647,0.1729654251304823,,,,2026-04-04
2026-04-13,mls,Columbus Crew,Orlando City,D,0.5491785140922271,0.21953701538671905,0.23128447052105378,,,,2026-04-04
2026-04-18,mls,Vancouver Whitecaps,Sporting Kansas City,H,0.7164167388845246,0.1671596297817244,0.11642363133375103,,,,2026-04-04
2026-04-18,mls,Toronto FC,Austin FC,D,0.39532602836485786,0.2953105760185918,0.30936339561655046,,,,2026-04-04
2026-04-18,mls,CF Montreal,New York Red Bulls,H,0.3641717484488748,0.26520331883087295,0.3706249327202524,,,,2026-04-04
2026-04-18,mls,Colorado Rapids,Inter Miami,A,0.3174637012381511,0.21618034842027892,0.46635595034156985,,,,2026-04-04
2026-04-19,mls,Seattle Sounders,St. Louis City,H,0.6075836402800298,0.22758510737591067,0.16483125234405982,,,,2026-04-04
2026-04-19,mls,Real Salt Lake,San Diego FC,H,0.30449368723905135,0.2555739132186417,0.43993239954230695,,,,2026-04-04
2026-04-19,mls,Minnesota United,Portland Timbers,H,0.5251533211069197,0.23495118461467113,0.23989549427840948,,,,2026-04-04
2026-04-19,mls,FC Dallas,Los Angeles Galaxy,D,0.4977062171833669,0.22412386614700008,0.27816991666963303,,,,2026-04-04
2026-04-19,mls,Philadelphia Union,DC United,D,0.6700211617579989,0.20257655358561122,0.12740228465638997,,,,2026-04-04
2026-04-19,mls,New York City,Charlotte,A,0.4764708964211665,0.2685162953472677,0.2550128082315657,,,,2026-04-04
2026-04-19,mls,New England Revolution,Columbus Crew,H,0.34053561350886397,0.24525129534575774,0.4142130911453784,,,,2026-04-04
2026-04-19,mls,FC Cincinnati,Chicago Fire,D,0.49887936504584307,0.2361457435696462,0.26497489138451047,,,,2026-04-04
2026-04-19,mls,Atlanta Utd,Nashville SC,A,0.33095175381810427,0.27061462237987843,0.3984336238020172,,,,2026-04-04
2026-04-19,mls,Orlando City,Houston Dynamo,A,0.48172445602259933,0.24345355549514214,0.27482198848225864,,,,2026-04-04
2026-04-20,mls,Los Angeles FC,San Jose Earthquakes,A,0.6851758281319266,0.1858381893344545,0.12898598253361895,,,,2026-04-04
2026-04-23,mls,Houston Dynamo,San Diego FC,H,0.2854607669362137,0.2535649466101247,0.4609742864536614,,,,2026-04-04
2026-04-23,mls,San Jose Earthquakes,Austin FC,H,0.48042481685869626,0.2551106278154007,0.2644645553259029,,,,2026-04-04
2026-04-23,mls,Los Angeles FC,Colorado Rapids,D,0.6880943936694246,0.1858752717439284,0.1260303345866467,,,,2026-04-04
2026-04-23,mls,Real Salt Lake,Inter Miami,A,0.36287683561033196,0.23139423880082843,0.4057289255888397,,,,2026-04-04
2026-04-23,mls,FC Dallas,Minnesota United,A,0.450729655267219,0.24874135417213453,0.30052899056064636,,,,2026-04-04
2026-04-23,mls,New York City,FC Cincinnati,D,0.5147397115872583,0.2518432387775346,0.23341704963520712,,,,2026-04-04
2026-04-23,mls,Toronto FC,Philadelphia Union,D,0.28970948328888463,0.2832497510781656,0.42704076563294974,,,,2026-04-04
2026-04-23,mls,Orlando City,Charlotte,H,0.4250796359018986,0.25560799979644083,0.31931236430166027,,,,2026-04-04
2026-04-23,mls,New York Red Bulls,DC United,D,0.5815298312602983,0.2366967863163872,0.18177338242331467,,,,2026-04-04
2026-04-23,mls,Columbus Crew,Los Angeles Galaxy,H,0.5548493177336429,0.21198128409391173,0.23316939817244514,,,,2026-04-04
2026-04-23,mls,Atlanta Utd,New England Revolution,A,0.4665282210955956,0.2474184049577102,0.2860533739466944,,,,2026-04-04
2026-04-25,mls,Toronto FC,Atlanta Utd,A,0.42025672440424405,0.2777139164384396,0.3020293591573164,,,,2026-04-04
2026-04-25,mls,CF Montreal,New York City,H,0.2864446773551858,0.2589759525387678,0.4545793701060464,,,,2026-04-04
2026-04-25,mls,Minnesota United,Los Angeles FC,A,0.3114277732743026,0.2628296848570935,0.42574254186860394,,,,2026-04-04
2026-04-26,mls,St. Louis City,San Jose Earthquakes,A,0.45768718008512826,0.24060458657992354,0.3017082333349482,,,,2026-04-04
2026-04-26,mls,Vancouver Whitecaps,Colorado Rapids,H,0.6592024992774642,0.19258016465981376,0.148217336062722,,,,2026-04-04
2026-04-26,mls,Seattle Sounders,FC Dallas,H,0.5505235815186801,0.24519508928507167,0.2042813291962482,,,,2026-04-04
2026-04-26,mls,San Diego FC,Portland Timbers,A,0.677884434142784,0.18428973955627734,0.13782582630093898,,,,2026-04-04
2026-04-26,mls,Nashville SC,Charlotte,H,0.46747811952287105,0.2715106463297018,0.2610112341474273,,,,2026-04-04
2026-04-26,mls,FC Cincinnati,New York Red Bulls,H,0.47997938100396725,0.258994517119012,0.26102610187702063,,,,2026-04-04
2026-04-26,mls,Austin FC,Houston Dynamo,H,0.4067514343072604,0.2807145446777831,0.3125340210149565,,,,2026-04-04
2026-04-26,mls,Inter Miami,New England Revolution,D,0.7106628730588316,0.15654060062302733,0.13279652631814126,,,,2026-04-04
2026-04-26,mls,DC United,Orlando City,H,0.3190142402774189,0.2511705719801937,0.4298151877423875,,,,2026-04-04
2026-04-26,mls,Columbus Crew,Philadelphia Union,H,0.44860812439079256,0.255584276312498,0.2958075992967095,,,,2026-04-04
2026-04-26,mls,Chicago Fire,Sporting Kansas City,H,0.5694912140668702,0.20991951441381715,0.22058927151931262,,,,2026-04-04
2026-04-27,mls,Los Angeles Galaxy,Real Salt Lake,H,0.46972920014736663,0.23727652366012628,0.29299427619250695,,,,2026-04-04
2026-05-02,mls,Toronto FC,San Jose Earthquakes,D,0.3928811469592935,0.2681522984953655,0.33896655454534114,,,,2026-04-04
2026-05-02,mls,Sporting Kansas City,Seattle Sounders,D,0.26877863100257193,0.25744580993073857,0.47377555906668944,,,,2026-04-04
2026-05-02,mls,Real Salt Lake,Portland Timbers,H,0.49765566467130684,0.2454596328479521,0.256884702480741,,,,2026-04-04
2026-05-03,mls,Austin FC,St. Louis City,H,0.44829698412453284,0.26568626682977475,0.2860167490456924,,,,2026-04-04
2026-05-03,mls,New York City,DC United,A,0.6626309644873453,0.20618452419633695,0.13118451131631773,,,,2026-04-04
2026-05-03,mls,Los Angeles Galaxy,Vancouver Whitecaps,D,0.3337253719589759,0.2350426968033579,0.4312319312376662,,,,2026-04-04
2026-05-03,mls,San Diego FC,Los Angeles FC,D,0.4510262159236462,0.25539863493991705,0.2935751491364366,,,,2026-04-04
2026-05-03,mls,Houston Dynamo,Colorado Rapids,H,0.49090418218050164,0.2464179570604774,0.26267786075902116,,,,2026-04-04
2026-05-03,mls,Chicago Fire,FC Cincinnati,A,0.4484125303014701,0.24363148813286897,0.30795598156566095,,,,2026-04-04
2026-05-03,mls,Philadelphia Union,Nashville SC,D,0.46276930115225523,0.2690923838738073,0.2681383149739374,,,,2026-04-04
2026-05-03,mls,New England Revolution,Charlotte,H,0.35639272217387347,0.26429578770503537,0.3793114901210912,,,,2026-04-04
2026-05-03,mls,Columbus Crew,Minnesota United,A,0.5040422263860205,0.23913276810764156,0.256825005506338,,,,2026-04-04
2026-05-03,mls,Atlanta Utd,CF Montreal,H,0.5109659689535022,0.24263605113185432,0.24639797991464338,,,,2026-04-04
2026-05-03,mls,Inter Miami,Orlando City,A,0.6467086326110386,0.1750153228736457,0.17827604451531556,,,,2026-04-04
2026-05-03,mls,New York Red Bulls,FC Dallas,A,0.4319131991373882,0.25913447842704623,0.30895232243556564,,,,2026-04-04
2026-05-09,mls,Toronto FC,Inter Miami,A,0.27593893701381056,0.22496143632215607,0.4990996266640331,,,,2026-05-09
2026-05-09,mls,Chicago Fire,New York Red Bulls,A,0.5144412782092384,0.23002057385933802,0.2555381479314236,,,,2026-05-09
2026-05-09,mls,CF Montreal,Orlando City,H,0.36818065259187804,0.23835040939450217,0.3934689380136197,,,,2026-05-09
2026-05-10,mls,Portland Timbers,Sporting Kansas City,H,0.5859044617838185,0.21081223603692717,0.20328330217925433,,,,2026-05-09
2026-05-10,mls,New York City,Columbus Crew,H,0.4305704163779776,0.2577577887681064,0.311671794853916,,,,2026-05-09
2026-05-10,mls,Seattle Sounders,San Diego FC,D,0.4861997651427585,0.254813744641219,0.2589864902160225,,,,2026-05-09
2026-05-10,mls,San Jose Earthquakes,Vancouver Whitecaps,D,0.3433289042622087,0.24070999198663254,0.4159611037511588,,,,2026-05-09
2026-05-10,mls,Colorado Rapids,St. Louis City,A,0.5156877490531389,0.2280491995310166,0.2562630514158444,,,,2026-05-09
2026-05-10,mls,FC Dallas,Real Salt Lake,H,0.4712149267113946,0.25135106653794914,0.27743400675065644,,,,2026-05-09
2026-05-10,mls,New England Revolution,Philadelphia Union,H,0.35970813105336386,0.26914186652603456,0.3711500024206014,,,,2026-05-09
2026-05-10,mls,Charlotte,FC Cincinnati,D,0.4697701163454121,0.24904317396652645,0.2811867096880615,,,,2026-05-09
2026-05-10,mls,Atlanta Utd,Los Angeles Galaxy,A,0.38037710730070157,0.2430163647886635,0.37660652791063504,,,,2026-05-09
2026-05-10,mls,Nashville SC,DC United,D,0.6571064504790364,0.20806641110170765,0.1348271384192561,,,,2026-05-09
2026-05-11,mls,Minnesota United,Austin FC,D,0.5551458573421578,0.24198542571419845,0.20286871694364378,,,,2026-05-09
2026-05-11,mls,Los Angeles FC,Houston Dynamo,A,0.6485354336187835,0.21120459512955986,0.14025997125165662,,,,2026-05-09
2026-05-14,mls,FC Dallas,Vancouver Whitecaps,A,0.3386038246593477,0.2536260589297096,0.40777011641094274,,,,2026-05-09
2026-05-14,mls,Seattle Sounders,San Jose Earthquakes,H,0.5665113345019382,0.2311249906849061,0.2023636748131557,,,,2026-05-09
2026-05-14,mls,San Diego FC,Austin FC,H,0.6154729925773321,0.21247492886612745,0.17205207855654048,,,,2026-05-09
2026-05-14,mls,Real Salt Lake,Houston Dynamo,H,0.4941407174703391,0.2585135574485968,0.2473457250810644,,,,2026-05-09
2026-05-14,mls,St. Louis City,Los Angeles FC,H,0.24053867726568465,0.24181712687221513,0.5176441958621001,,,,2026-05-09
2026-05-14,mls,Sporting Kansas City,Los Angeles Galaxy,H,0.35191177117966144,0.22824583312301922,0.4198423956973192,,,,2026-05-09
2026-05-14,mls,Minnesota United,Colorado Rapids,A,0.5600143240705026,0.22438789041447993,0.21559778551501746,,,,2026-05-09
2026-05-14,mls,New England Revolution,Nashville SC,A,0.3433467615162575,0.2706911992942384,0.3859620391895039,,,,2026-05-09
2026-05-14,mls,New York Red Bulls,Columbus Crew,H,0.3701391639613931,0.2531455679702653,0.3767152680683415,,,,2026-05-09
2026-05-14,mls,FC Cincinnati,Inter Miami,A,0.3855707717361643,0.21873444743546935,0.3956947808283664,,,,2026-05-09
2026-05-14,mls,DC United,Chicago Fire,A,0.33491866634648787,0.24639477354107522,0.41868656011243666,,,,2026-05-09
2026-05-14,mls,CF Montreal,Portland Timbers,D,0.3683458457930112,0.24948909419543666,0.38216506001155215,,,,2026-05-09
2026-05-14,mls,Charlotte,New York City,A,0.43619752634853476,0.2688676293509828,0.2949348443004827,,,,2026-05-09
2026-05-14,mls,Orlando City,Philadelphia Union,H,0.3986483781830959,0.25095214292100193,0.35039947889590217,,,,2026-05-09
2026-05-16,mls,CF Montreal,Chicago Fire,A,0.358569167946751,0.24037520648740396,0.40105562556584495,,,,2026-05-09
2026-05-17,mls,San Diego FC,FC Cincinnati,D,0.5839960477051283,0.21016009574170322,0.20584385655316845,,,,2026-05-09
2026-05-17,mls,Real Salt Lake,Colorado Rapids,H,0.5181440673006296,0.23503230568795364,0.24682362701141664,,,,2026-05-09
2026-05-17,mls,Inter Miami,Portland Timbers,H,0.6389392392724245,0.18075556227303768,0.1803051984545381,,,,2026-05-09
2026-05-17,mls,Seattle Sounders,Los Angeles Galaxy,A,0.5880739573432013,0.22254422622819076,0.18938181642860777,,,,2026-05-09
2026-05-17,mls,San Jose Earthquakes,FC Dallas,A,0.4805592044201565,0.2321917759934482,0.2872490195863953,,,,2026-05-09
2026-05-17,mls,Austin FC,Sporting Kansas City,A,0.5408853134358476,0.23396187826024192,0.2251528083039105,,,,2026-05-09
2026-05-17,mls,Houston Dynamo,Vancouver Whitecaps,H,0.2897956277250705,0.26185796382958193,0.4483464084453476,,,,2026-05-09
2026-05-17,mls,Orlando City,Atlanta Utd,D,0.5520514583135789,0.2221762104444051,0.22577233124201607,,,,2026-05-09
2026-05-17,mls,New York Red Bulls,New York City,D,0.39351276728712753,0.26631270648773087,0.3401745262251414,,,,2026-05-09
2026-05-17,mls,New England Revolution,Minnesota United,H,0.36192504676205317,0.2620230468792727,0.376051906358674,,,,2026-05-09
2026-05-17,mls,DC United,St. Louis City,D,0.38458389610774474,0.2574364564506058,0.3579796474416495,,,,2026-05-09
2026-05-17,mls,Charlotte,Toronto FC,H,0.5536932260608278,0.2454849632156311,0.20082181072354108,,,,2026-05-09
2026-05-17,mls,Philadelphia Union,Columbus Crew,D,0.4595325121121204,0.2561807796402909,0.28428670824758867,,,,2026-05-09
2026-05-18,mls,Nashville SC,Los Angeles FC,H,0.3500528214739971,0.27693867512761766,0.3730085033983852,,,,2026-05-09
2026-05-23,mls,St. Louis City,Austin FC,H,0.44577736405033536,0.2578587972159344,0.2963638387337301,,,,2026-05-09
2026-05-23,mls,Minnesota United,Real Salt Lake,D,0.4970937767807669,0.25216001310488395,0.25074621011434917,,,,2026-05-09
2026-05-24,mls,Sporting Kansas City,New York Red Bulls,A,0.3934549667111611,0.2469229226966283,0.3596221105922105,,,,2026-05-09
2026-05-24,mls,Columbus Crew,Atlanta Utd,H,0.6121102159294907,0.2131240343165984,0.17476574975391101,,,,2026-05-09
2026-05-24,mls,Los Angeles Galaxy,Houston Dynamo,D,0.5062453886904899,0.2360573546722992,0.2576972566372108,,,,2026-05-09
2026-05-24,mls,San Diego FC,Vancouver Whitecaps,A,0.41643794163317155,0.2454342286555169,0.33812782971131167,,,,2026-05-09
2026-05-24,mls,Portland Timbers,San Jose Earthquakes,A,0.433884668943396,0.23511408287243704,0.33100124818416704,,,,2026-05-09
2026-05-24,mls,Colorado Rapids,FC Dallas,A,0.42107710646665886,0.2425945526318575,0.33632834090148367,,,,2026-05-09
2026-05-24,mls,Nashville SC,New York City,H,0.49309606380653953,0.26409926883158,0.2428046673618803,,,,2026-05-09
2026-05-24,mls,Chicago Fire,Toronto FC,H,0.5644931752442829,0.22587241264013522,0.20963441211558181,,,,2026-05-09
2026-05-24,mls,FC Cincinnati,Orlando City,H,0.506700886458333,0.2228621718483894,0.27043694169327764,,,,2026-05-09
2026-05-24,mls,DC United,CF Montreal,D,0.4424545228431079,0.25495950884593865,0.3025859683109533,,,,2026-05-09
2026-05-24,mls,Charlotte,New England Revolution,H,0.5121870425239068,0.24813344852998243,0.23967950894611093,,,,2026-05-09
2026-05-25,mls,Inter Miami,Philadelphia Union,H,0.5376938007523109,0.21773484073861982,0.2445713585090693,,,,2026-05-09
2026-05-25,mls,Los Angeles FC,Seattle Sounders,H,0.4915463998704401,0.268810690871752,0.2396429092578078,,,,2026-05-09
2026-07-17,mls,CF Montreal,Toronto FC,D,0.4524104688303813,0.25479874378399664,0.2927907873856221,,,,2026-07-17
2026-07-17,mls,St. Louis City,Sporting Kansas City,H,0.5683541201311069,0.21637084804231863,0.21527503182657468,,,,2026-07-17
2026-07-17,mls,Seattle Sounders,Portland Timbers,A,0.5733440328917456,0.23621256304150734,0.19044340406674717,,,,2026-07-17
2026-07-18,mls,Nashville SC,Atlanta Utd,H,0.6178830519596133,0.22363335860616113,0.15848358943422558,,,,2026-07-17
2026-07-18,mls,Los Angeles Galaxy,Los Angeles FC,A,0.3293894952468688,0.2407295183275372,0.4298809864255941,,,,2026-07-17
2026-07-23,mls,Austin FC,Seattle Sounders,H,0.27650863168641615,0.2800644837553151,0.4434268845582685,,,,2026-07-17
2026-07-23,mls,Colorado Rapids,San Diego FC,H,0.3389192092700427,0.23147106075615362,0.42960972997380376,,,,2026-07-17
2026-07-23,mls,Sporting Kansas City,Minnesota United,H,0.30679369813413826,0.24521380891332933,0.44799249295253235,,,,2026-07-17
2026-07-23,mls,Los Angeles Galaxy,St. Louis City,A,0.531345440182867,0.22257321915727904,0.24608134065985388,,,,2026-07-17
2026-07-23,mls,Los Angeles FC,Real Salt Lake,H,0.5853891190784489,0.22723946841658915,0.18737141250496178,,,,2026-07-17
2026-07-23,mls,Nashville SC,CF Montreal,H,0.6585482102737666,0.19962189040315342,0.1418298993230799,,,,2026-07-17
2026-07-23,mls,Portland Timbers,FC Dallas,D,0.4216795832954635,0.242949106590095,0.3353713101144414,,,,2026-07-17
2026-07-23,mls,Charlotte,Atlanta Utd,D,0.5462486570150817,0.24716667102675924,0.20658467195815916,,,,2026-07-17
2026-07-23,mls,Philadelphia Union,New York Red Bulls,H,0.5249683317574704,0.23995216080752535,0.2350795074350042,,,,2026-07-17
2026-07-23,mls,New England Revolution,Toronto FC,D,0.5104796497662873,0.25157567130435093,0.23794467892936144,,,,2026-07-17
2026-07-23,mls,Inter Miami,Chicago Fire,H,0.6424663556881081,0.17166498242149075,0.18586866189040113,,,,2026-07-17
2026-07-23,mls,FC Cincinnati,Vancouver Whitecaps,H,0.3300958034083376,0.23750927230370097,0.43239492428796106,,,,2026-07-17
2026-07-23,mls,Columbus Crew,New York City,A,0.46436280987095263,0.25709035242538214,0.27854683770366523,,,,2026-07-17
2026-07-23,mls,Houston Dynamo,DC United,D,0.5793660584932067,0.23178967133247752,0.18884427017431585,,,,2026-07-17
2026-07-23,mls,San Jose Earthquakes,Orlando City,A,0.5570826886129147,0.20251098423218886,0.24040632715489674,,,,2026-07-17
