Date,liga,HomeTeam,AwayTeam,FTR,prob_casa_modelo,prob_empate_modelo,prob_fora_modelo,prob_casa_odds,prob_empate_odds,prob_fora_odds,prob_casa_prejogo,prob_empate_prejogo,prob_fora_prejogo,PSH,PSD,PSA,PSCH,PSCD,PSCA,data_corte_modelo
2023-05-25,La Liga,Mallorca,Valencia,H,0.35822545963195856,0.2865529956496289,0.3552215447184126,0.31867567765765703,0.3294054984542111,0.35191882388813206,0.2835365504389566,0.327451302358795,0.3890121472022485,3.43,2.97,2.5,3.07,2.97,2.78,2023-05-25
2023-05-25,La Liga,Osasuna,Ath Bilbao,H,0.32763245404694796,0.3092764256062697,0.3630911203467824,0.3027955565917826,0.29637262054286595,0.4008318228653515,0.31585805399556516,0.2886773905953533,0.39546455540908154,3.08,3.37,2.46,3.23,3.3,2.44,2023-05-25
2023-05-27,La Liga,Sevilla,Real Madrid,A,0.2803285430172726,0.2566895690679074,0.46298188791482003,0.3036393543744217,0.27310578801274804,0.42325485761283027,0.33104658583280155,0.2780791320995533,0.3908742820676452,2.94,3.5,2.49,3.22,3.58,2.31,2023-05-25
2023-05-28,La Liga,Vallecano,Villarreal,H,0.2748345947253358,0.25202127185979134,0.47314413341487294,0.31580078824793983,0.25102113937656756,0.4331780723754927,0.31576818043896027,0.24810357034489736,0.43612824921614246,3.08,3.92,2.23,3.1,3.9,2.26,2023-05-25
2023-05-28,La Liga,Valencia,Espanol,D,0.5355680391129233,0.2356042864597221,0.22882767442735466,0.45883804041873555,0.2784401783737626,0.2627217812075018,0.48103150211294654,0.25705916250480215,0.2619093353822512,2.02,3.78,3.71,2.13,3.51,3.72,2023-05-25
2023-05-28,La Liga,Girona,Betis,A,0.46646142815840536,0.24094422024977272,0.29259435159182207,0.4889743555620617,0.27015157765859765,0.24087406677934078,0.488916376529749,0.26224894590140174,0.24883467756884928,1.99,3.71,3.91,2.0,3.62,4.06,2023-05-25
2023-05-28,La Liga,Getafe,Osasuna,H,0.41273649079895425,0.33217780719985845,0.2550857020011872,0.39442981931315063,0.3338518607155677,0.27171831997128154,0.425129290512561,0.3110370847520015,0.2638336247354376,2.29,3.13,3.69,2.48,2.93,3.6,2023-05-25
2023-05-28,La Liga,Cadiz,Celta,H,0.34189920099706733,0.2908078187816337,0.36729298022129875,0.3736102995374985,0.3252023205276566,0.301187379934845,0.3580181842139939,0.301488997232837,0.3404928185531691,2.72,3.23,2.86,2.62,3.01,3.25,2023-05-25
2023-05-28,La Liga,Barcelona,Mallorca,H,0.7867641437565287,0.14752753100547653,0.06570832523799476,0.7632943512797882,0.15870476610767875,0.0780008826125331,0.7304818810212598,0.17379980353457522,0.09571831544416506,1.33,5.59,10.15,1.26,6.06,12.33,2023-05-25
2023-05-28,La Liga,Ath Madrid,Sociedad,H,0.5513789260920244,0.2566519335887566,0.19196914031921894,0.4180300206887445,0.31759423649729285,0.2643757428139627,0.46711900522899646,0.279197566343768,0.2536834284272357,2.08,3.48,3.83,2.34,3.08,3.7,2023-05-25
2023-05-28,La Liga,Ath Bilbao,Elche,A,0.6279574510250755,0.22929659050543671,0.1427459584694878,0.6818264846537503,0.19638815582318975,0.1217853595230598,0.7194945573570831,0.1746974195021695,0.10580802314074753,1.35,5.56,9.18,1.42,4.93,7.95,2023-05-25
2023-05-28,La Liga,Almeria,Valladolid,D,0.5884432252276952,0.2099669564665043,0.2015898183058006,0.42351669919398416,0.2835720507646677,0.2929112500413483,0.41386837495921175,0.2802854988916852,0.305846126149103,2.35,3.47,3.18,2.31,3.45,3.34,2023-05-25
2023-06-04,La Liga,Valladolid,Getafe,D,0.3276477715626184,0.31423897644999244,0.3581132519873892,0.485845733688122,0.29179923945232555,0.22235502685955238,0.42385213304410707,0.2910791757049892,0.28506869125090384,2.28,3.32,3.39,2.0,3.33,4.37,2023-05-25
2023-06-04,La Liga,Espanol,Almeria,D,0.4663153704099586,0.22112350263797362,0.3125611269520679,0.39979847074862196,0.25671270227016774,0.3434888269812104,0.3435754189944134,0.2625698324022347,0.39385474860335196,2.82,3.69,2.46,2.44,3.8,2.84,2023-05-25
2023-06-04,La Liga,Elche,Cadiz,D,0.3983271359885294,0.29840178098013004,0.3032710830313404,0.3874166458481465,0.3038799315871399,0.3087034225647135,0.35578221205996424,0.2897388074260787,0.35447898051395704,2.72,3.34,2.73,2.51,3.2,3.15,2023-05-25
2023-06-04,La Liga,Celta,Barcelona,H,0.1848357111981856,0.23308511757672476,0.5820791712250897,0.33954678224462576,0.272206498615105,0.3882467191402693,0.37126604554476994,0.25168944905762325,0.37704450539760687,2.61,3.85,2.57,2.87,3.58,2.51,2023-05-25
2023-06-04,La Liga,Betis,Valencia,D,0.5043763092914745,0.2577815546880325,0.23784213602049295,0.3099140994345394,0.3129036245094707,0.3771822760559898,0.3384607750707091,0.2696372748474173,0.3919019500818737,2.86,3.59,2.47,3.14,3.11,2.58,2023-05-25
2023-06-04,La Liga,Mallorca,Vallecano,H,0.4057434732076675,0.2805117561091534,0.3137447706831792,0.30694275274056027,0.30694275274056027,0.3861144945188794,0.31242603550295855,0.2840236686390532,0.4035502958579882,3.1,3.41,2.4,3.17,3.17,2.52,2023-05-25
2023-06-04,La Liga,Sociedad,Sevilla,H,0.4639452606618591,0.28141262862288247,0.25464211071525844,0.6174483618191979,0.22284917886348066,0.15970245931732135,0.561053097575584,0.23141758461151185,0.20752931781290415,1.72,4.17,4.65,1.57,4.35,6.07,2023-05-25
2023-06-04,La Liga,Real Madrid,Ath Bilbao,D,0.6495834015852866,0.21069816418939066,0.13971843422532274,0.5778112121410349,0.22162621835546545,0.2005625695034997,0.5018297275149215,0.24396256274654873,0.2542077097385298,1.93,3.97,3.81,1.68,4.38,4.84,2023-05-25
2023-06-04,La Liga,Osasuna,Girona,H,0.3451860151953142,0.2666313695117376,0.3881826152929481,0.4657767679636467,0.2638139417463473,0.270409290290006,0.4477778507188341,0.2694150856692707,0.2828070636118952,2.16,3.59,3.42,2.09,3.69,3.6,2023-05-25
2023-06-04,La Liga,Villarreal,Ath Madrid,D,0.3751187001389345,0.26170391630572093,0.3631773835553448,0.3538706479617892,0.2551593619513953,0.3909699900868155,0.3625209911237534,0.26231193666678093,0.3751670722094657,2.67,3.69,2.58,2.74,3.8,2.48,2023-05-25
2023-08-11,La Liga,Sevilla,Valencia,A,0.5188374944882101,0.25712115850708767,0.22404134700470213,0.5039625497703883,0.28256859727010214,0.21346885295950946,0.5006940843401047,0.28136987448507317,0.21793604117482226,1.95,3.47,4.48,1.94,3.46,4.58,2023-08-11
2023-08-11,La Liga,Almeria,Vallecano,A,0.48175009245619654,0.2340284742606123,0.28422143328319105,0.36803807395958466,0.3012250082253832,0.33073691781503217,0.37326322547116453,0.29634837901043976,0.33038839551839566,2.62,3.3,2.96,2.66,3.25,2.96,2023-08-11
2023-08-12,La Liga,Las Palmas,Mallorca,D,0.2940383362205834,0.2762356273475029,0.4297260364319138,0.3708917323735302,0.33418231176318075,0.29492595586328907,0.3969276586692599,0.32201084892042614,0.28106149241031414,2.45,3.02,3.46,2.64,2.93,3.32,2023-08-11
2023-08-12,La Liga,Ath Bilbao,Real Madrid,A,0.25445920148543266,0.2674439874068832,0.4780968111076842,0.2842062525375559,0.2793341453511977,0.43645960211124646,0.28374343588611467,0.27185474443837243,0.444401819675513,3.43,3.58,2.19,3.44,3.5,2.24,2023-08-11
2023-08-12,La Liga,Sociedad,Girona,D,0.5307902413254223,0.2416703318875041,0.22753942678707384,0.5289127605140711,0.27180239081973107,0.1992848486661979,0.5886068636136039,0.23980279628702383,0.17159034009937219,1.65,4.05,5.66,1.85,3.6,4.91,2023-08-11
2023-08-13,La Liga,Getafe,Barcelona,D,0.17477370216312346,0.2775555513102772,0.5476707465265993,0.1305578837196696,0.2410796565714691,0.6283624597088614,0.14456952570674458,0.2393985462817132,0.6160319280115423,6.69,4.04,1.57,7.46,4.04,1.55,2023-08-11
2023-08-13,La Liga,Celta,Osasuna,A,0.4700651528377793,0.27856642857492864,0.25136841858729203,0.45287375624501447,0.303791091145724,0.24333515260926156,0.4519103429421518,0.3045790712619519,0.24351058579589632,2.15,3.19,3.99,2.16,3.22,4.02,2023-08-11
2023-08-13,La Liga,Villarreal,Betis,A,0.5400970965309727,0.23862171922711933,0.22128118424190804,0.5579816174903754,0.23816288551418466,0.20385549699543987,0.5366673261600743,0.24406227646978249,0.21927039737014323,1.81,3.98,4.43,1.75,4.1,4.79,2023-08-11
2023-08-14,La Liga,Cadiz,Alaves,H,0.46864520803485443,0.2900243801389691,0.24133041182617646,0.4196267679935607,0.3303143139949312,0.25005891801150804,0.4322602694900341,0.31577454751707035,0.25196518299289555,2.25,3.08,3.86,2.33,2.96,3.91,2023-08-11
2023-08-14,La Liga,Ath Madrid,Granada,H,0.7622209601671659,0.14901875244152227,0.08876028739131182,0.7425030563079799,0.1648608480955006,0.09263609559651939,0.7382171200473828,0.16789312973299853,0.0938897502196186,1.31,5.76,10.3,1.31,5.9,10.5,2023-08-11
2023-08-18,La Liga,Mallorca,Villarreal,A,0.26000749686002866,0.2608278825216713,0.47916462061830006,0.3467391304347826,0.3065217391304348,0.3467391304347826,0.32200162758917195,0.3127427948469913,0.3652555775638368,3.04,3.13,2.68,2.82,3.19,2.82,2023-08-11
2023-08-18,La Liga,Valencia,Las Palmas,H,0.6855470902829924,0.1942056130104499,0.12024729670655757,0.5987442498664988,0.24707674108415006,0.15417900904935117,0.6065857724437292,0.24293609294388166,0.15047813461238893,1.61,4.02,6.49,1.63,3.95,6.33,2023-08-11
2023-08-19,La Liga,Sociedad,Celta,D,0.5534907561391547,0.25442871931113614,0.19208052454970917,0.5774535198871876,0.2695846543119743,0.1529618258008381,0.5515252549550508,0.27420464653132465,0.17427009851362463,1.76,3.54,5.57,1.69,3.62,6.38,2023-08-11
2023-08-19,La Liga,Almeria,Real Madrid,A,0.17989733201318542,0.19452013303210694,0.6255825349547075,0.14120500325615862,0.18512946037591788,0.6736655363679235,0.11881648549671568,0.1895018310759751,0.6916816834273092,8.15,5.11,1.4,6.87,5.24,1.44,2023-08-11
2023-08-19,La Liga,Osasuna,Ath Bilbao,A,0.34922340798512697,0.3112296955535058,0.3395468964613673,0.3309083053992231,0.32541148969491707,0.34368020490585977,0.3369158314213259,0.31409250090568774,0.34899166767298634,2.89,3.1,2.79,2.96,3.01,2.85,2023-08-11
2023-08-20,La Liga,Girona,Getafe,H,0.5172193643874199,0.2631496369539465,0.21963099865863342,0.49360452925141546,0.30446634514573284,0.20192912560285178,0.472208234093229,0.30209595100374276,0.22569581490302826,2.06,3.22,4.31,1.98,3.21,4.84,2023-08-11
2023-08-20,La Liga,Barcelona,Cadiz,H,0.7893160382934286,0.15038640664055722,0.06029755506601422,0.7677182510073124,0.15305775257424267,0.07922399641844502,0.7960232767249716,0.1395924876575675,0.06438423561746093,1.21,6.9,14.96,1.26,6.32,12.21,2023-08-11
2023-08-20,La Liga,Betis,Ath Madrid,D,0.2983842858161064,0.26815429834546506,0.43346141583842834,0.25321240128289135,0.27688381556712766,0.469903783149981,0.2471341770590231,0.2720552705439666,0.4808105523970103,3.93,3.57,2.02,3.86,3.53,2.08,2023-08-11
2023-08-21,La Liga,Alaves,Sevilla,H,0.24638194900010102,0.2661466779140498,0.48747137308584926,0.2877810597383808,0.3176803906202905,0.39453854964132856,0.28213213496724004,0.31398576310870263,0.4038821019240573,3.45,3.1,2.41,3.4,3.08,2.48,2023-08-11
2023-08-21,La Liga,Granada,Vallecano,A,0.45957047234106,0.2472934269610904,0.2931361006978497,0.3326319197151182,0.31045645840077696,0.3569116218841049,0.3633981905194396,0.3151803076349833,0.321421501845577,2.68,3.09,3.03,2.94,3.15,2.74,2023-08-11
2023-08-25,La Liga,Celta,Real Madrid,A,0.214584434602298,0.23632096196087757,0.5490946034368245,0.22129684711481262,0.26234384295062463,0.5163593099345629,0.1976692244879379,0.24546833166890017,0.5568624438431621,4.93,3.97,1.75,4.41,3.72,1.89,2023-08-11
2023-08-25,La Liga,Las Palmas,Sociedad,D,0.1642420262621776,0.23720901143869397,0.5985489622991284,0.20618850434980815,0.29261482353835055,0.5011966721118415,0.2308158564674506,0.2905806764456298,0.4786034670869196,4.23,3.36,2.04,4.74,3.34,1.95,2023-08-11
2023-08-26,La Liga,Cadiz,Almeria,D,0.39810152744900795,0.2634016089429313,0.33849686360806075,0.454486582893056,0.27998457112322933,0.26552884598371473,0.43434343434343425,0.2828282828282828,0.2828282828282828,2.24,3.44,3.44,2.15,3.49,3.68,2023-08-11
2023-08-26,La Liga,Granada,Mallorca,H,0.4683899302513417,0.2566920619117734,0.2749180078368851,0.34953454414453083,0.3263096574904092,0.3241557983650599,0.3593355703915111,0.3213859391950479,0.31927849041344103,2.71,3.03,3.05,2.81,3.01,3.03,2023-08-11
2023-08-26,La Liga,Sevilla,Girona,A,0.5051783787626356,0.2359071839130371,0.25891443732432723,0.4938710250488541,0.27162906377686974,0.23449991117427604,0.46305008711108603,0.27625147242422754,0.26069844046468654,2.1,3.52,3.73,1.98,3.6,4.17,2023-08-11
2023-08-27,La Liga,Villarreal,Barcelona,A,0.30976248790211636,0.25973440058174085,0.43050311151614284,0.2738225629791895,0.2606790799561884,0.4654983570646221,0.2688137710835011,0.2588047476920941,0.4723814812244048,3.62,3.76,2.06,3.57,3.75,2.1,2023-08-11
2023-08-27,La Liga,Valencia,Osasuna,A,0.47225911683028954,0.28359681567739675,0.24414406749231363,0.5496259351620948,0.2748129675810474,0.17556109725685784,0.513316081472074,0.27251893089388196,0.2141649876340441,1.89,3.56,4.53,1.76,3.52,5.51,2023-08-11
2023-08-27,La Liga,Ath Bilbao,Betis,H,0.41948418841020696,0.2868402327322867,0.2936755788575063,0.48823198384587374,0.2846833725048826,0.22708464364924358,0.49511575003345376,0.26227753245015384,0.24260671751639235,1.96,3.7,4.0,2.0,3.43,4.3,2023-08-11
2023-08-28,La Liga,Getafe,Alaves,H,0.5178346219587099,0.291391167262234,0.190774210779056,0.3733089771136382,0.3609112620065433,0.2657797608798185,0.4123955513710722,0.33676591738260564,0.25083853124632227,2.36,2.89,3.88,2.62,2.71,3.68,2023-08-11
2023-08-28,La Liga,Vallecano,Ath Madrid,A,0.20594845918072066,0.2414037177688884,0.5526478230503907,0.24123472209831387,0.28905343920064236,0.46971183870104377,0.23389611786213568,0.279599956984622,0.48650392515324226,4.16,3.48,2.0,4.05,3.38,2.08,2023-08-11
2023-09-01,La Liga,Cadiz,Villarreal,H,0.22776258588384846,0.2641469800528865,0.508090434063265,0.2987950233484636,0.26695620938510267,0.43424876726643374,0.2851059548151315,0.27239928273423436,0.44249476245063407,3.43,3.59,2.21,3.27,3.66,2.25,2023-08-11
2023-09-01,La Liga,Almeria,Celta,A,0.4345253242191716,0.239354428643282,0.3261202471375465,0.33154388953099334,0.28936522902852974,0.37909088144047687,0.3220539544197795,0.29400721364448335,0.38393883193573713,3.04,3.33,2.55,2.95,3.38,2.58,2023-08-11
2023-09-02,La Liga,Betis,Vallecano,H,0.5696594525145963,0.23816064259061984,0.1921799048947838,0.46785943456762163,0.2918884233571132,0.24025214207526513,0.4911573628488932,0.2739412897016362,0.23490134744947067,1.98,3.55,4.14,2.09,3.35,4.07,2023-08-11
2023-09-02,La Liga,Alaves,Valencia,H,0.3037509942540554,0.28051733476995433,0.41573167097599034,0.2938442034089308,0.3283561064938723,0.3777996900971967,0.32898936377753674,0.3256884671510063,0.345322169071457,2.96,2.99,2.82,3.33,2.98,2.59,2023-08-11
2023-09-02,La Liga,Real Madrid,Getafe,H,0.695624471839608,0.20458865366351867,0.09978687449687332,0.7079392069927416,0.19753089889614175,0.09452989411111658,0.7216340660518699,0.1884970075067263,0.08986892644140389,1.34,5.13,10.76,1.37,4.91,10.26,2023-08-11
2023-09-02,La Liga,Sociedad,Granada,H,0.625830751194011,0.21704301071600238,0.15712623808998685,0.6625172737825438,0.2145155049472113,0.12296722127024487,0.6606083234435213,0.2097395756937314,0.12965210086274717,1.47,4.63,7.49,1.47,4.54,7.92,2023-08-11
2023-09-03,La Liga,Girona,Las Palmas,H,0.7655136610248369,0.14387966284423506,0.09060667613092821,0.5598108376150748,0.25104919006449233,0.18913997232043303,0.5735329966916246,0.25307330663416333,0.1733936966742121,1.69,3.83,5.59,1.74,3.88,5.15,2023-08-11
2023-09-03,La Liga,Mallorca,Ath Bilbao,D,0.3301564631375054,0.3023306683412798,0.36751286852121456,0.30259137630197414,0.32463445669483326,0.37277416700319255,0.2952993261871804,0.3133401210346287,0.3913605527781909,3.3,3.11,2.49,3.24,3.02,2.63,2023-08-11
2023-09-03,La Liga,Osasuna,Barcelona,A,0.17052850730934244,0.25036470377134457,0.579106788919313,0.1436160070854664,0.208197080935462,0.6481869119790715,0.18043001109249251,0.23235231644285007,0.5872176724646575,5.37,4.17,1.65,6.77,4.67,1.5,2023-08-11
2023-09-15,La Liga,Vallecano,Alaves,H,0.5196753904144765,0.25463259739551125,0.2256920121900124,0.4792856929197452,0.2990039185187401,0.2217103885615148,0.4813250648652748,0.3025046073301882,0.21617032780453713,2.03,3.23,4.52,2.04,3.27,4.41,2023-09-15
2023-09-16,La Liga,Ath Bilbao,Cadiz,H,0.5468509044331105,0.2769008941853181,0.17624820138157157,0.6052260999377006,0.24299601518695713,0.15177788487534236,0.6217610316340922,0.23260124924440864,0.14563771912149912,1.56,4.17,6.66,1.61,4.01,6.42,2023-09-15
2023-09-16,La Liga,Valencia,Ath Madrid,H,0.21808824377283348,0.2547087025226795,0.527203053704487,0.2769089949472394,0.3035679354545823,0.4195230695981782,0.24740743324554823,0.2851352529780072,0.46745731377644445,3.93,3.41,2.08,3.53,3.22,2.33,2023-09-15
2023-09-16,La Liga,Celta,Mallorca,A,0.49877592747763805,0.2693042977101667,0.23191977481219528,0.459802365470278,0.31190415237315033,0.22829348215657155,0.46788791346179975,0.3109287092653494,0.2211833772728508,2.08,3.13,4.4,2.13,3.14,4.29,2023-09-15
2023-09-16,La Liga,Barcelona,Betis,H,0.6666345185045406,0.2037519318263821,0.12961354966907718,0.7363703409542179,0.16066261984455665,0.1029670392012254,0.7006739484080875,0.17906112014873343,0.1202649314431792,1.38,5.4,8.04,1.32,6.05,9.44,2023-09-15
2023-09-17,La Liga,Sevilla,Las Palmas,H,0.6055490206484997,0.29424862759951514,0.10020235175198523,0.6090310442144873,0.2348071495766698,0.15616180620884287,0.5913337268742386,0.24676521935718862,0.16190105376857283,1.64,3.93,5.99,1.6,4.15,6.24,2023-09-15
2023-09-17,La Liga,Real Madrid,Sociedad,H,0.6055016040048459,0.23130673429996723,0.16319166169518687,0.5559264783418999,0.2580560575857626,0.18601746407233746,0.5734076090947914,0.24409543057183813,0.18249696033337054,1.69,3.97,5.31,1.75,3.77,5.23,2023-09-15
2023-09-17,La Liga,Getafe,Osasuna,H,0.38791854531592435,0.3388291617347596,0.27325229294931586,0.36365347025142186,0.33160265592417787,0.3047438738244002,0.36733130318027224,0.33222797045314717,0.30044072636658065,2.65,2.93,3.24,2.69,2.95,3.21,2023-09-15
2023-09-17,La Liga,Villarreal,Almeria,H,0.7052161594535161,0.16253922693854278,0.132244613607941,0.6352252920080942,0.19515957766513733,0.16961513032676862,0.6539522323670582,0.1943472497797683,0.1517005178531734,1.48,4.98,6.38,1.53,4.98,5.73,2023-09-15
2023-09-18,La Liga,Granada,Girona,A,0.32453562138521747,0.21977906573222405,0.4556853128825585,0.3247317045857519,0.2730286119561769,0.40223968345807126,0.3499934731361965,0.2828435625926239,0.3671629642711797,2.78,3.44,2.65,3.01,3.58,2.43,2023-09-15
2023-09-22,La Liga,Alaves,Ath Bilbao,A,0.2656768052190757,0.28413652861893907,0.4501866661619851,0.23049120512202675,0.3159960070221335,0.45351278785583965,0.22907320275741333,0.3095387898019477,0.46138800744063907,4.27,3.16,2.12,4.25,3.1,2.16,2023-09-15
2023-09-23,La Liga,Girona,Mallorca,H,0.606907372223183,0.21953906842096726,0.17355355935584973,0.5119913104657048,0.2876186479380871,0.20039004159620824,0.5001039811794066,0.28619519866904086,0.21370082015155256,1.94,3.39,4.54,1.91,3.4,4.88,2023-09-15
2023-09-23,La Liga,Osasuna,Sevilla,D,0.3570235732698302,0.2874380267945116,0.3555383999356581,0.39950077440115483,0.30209163496383623,0.298407590635009,0.3717584369449378,0.3024866785079929,0.3257548845470693,2.62,3.22,2.99,2.45,3.24,3.28,2023-09-15
2023-09-23,La Liga,Barcelona,Celta,H,0.7404408862721857,0.1680921996500694,0.0914669140777451,0.7760635680415138,0.14443723718350185,0.07949919477498435,0.7474659322579491,0.15964090275045603,0.09289316499159482,1.29,6.04,10.38,1.26,6.77,12.3,2023-09-15
2023-09-23,La Liga,Almeria,Valencia,D,0.3891399501854074,0.24829564544157517,0.36256440437301735,0.3599051080460469,0.28540579996654447,0.35468909198740867,0.3126156247771936,0.2754205646054029,0.4119638106174035,3.11,3.53,2.36,2.72,3.43,2.76,2023-09-15
2023-09-24,La Liga,Sociedad,Getafe,H,0.5206393697651374,0.30048361848780164,0.17887701174706103,0.5703251418050438,0.2843311931447886,0.14534366505016766,0.6213465246918756,0.2537436069422319,0.12490986836589255,1.56,3.82,7.76,1.71,3.43,6.71,2023-09-15
2023-09-24,La Liga,Vallecano,Villarreal,D,0.2814954040313778,0.2475697142464194,0.4709348817222027,0.3707114740969636,0.27724597496203507,0.3520425509410014,0.38055262218237895,0.2752018962674831,0.34424548155013784,2.56,3.54,2.83,2.64,3.53,2.78,2023-09-15
2023-09-24,La Liga,Betis,Cadiz,D,0.5750100725225608,0.25623023047333043,0.16875969700410878,0.540091683038638,0.26709452084697666,0.1928137961143855,0.5222820611683935,0.2683548712080696,0.20936306762353707,1.86,3.62,4.64,1.81,3.66,5.07,2023-09-15
2023-09-24,La Liga,Las Palmas,Granada,H,0.24530707281211137,0.34497399810077095,0.40971892908711766,0.5004008311110384,0.2616036516532238,0.23799551723573778,0.4749333820543493,0.273486919441409,0.25157969850424183,2.05,3.56,3.87,1.95,3.73,4.1,2023-09-15
2023-09-24,La Liga,Ath Madrid,Real Madrid,H,0.43233850222337855,0.2624601657809511,0.3052013319956703,0.34104884800347257,0.2895888147248421,0.36936233727168544,0.3380608115119859,0.28890656888858146,0.3730326195994328,2.88,3.37,2.61,2.87,3.38,2.65,2023-09-15
2023-09-26,La Liga,Sevilla,Almeria,H,0.6169014796007829,0.2001653969662289,0.18293312343298823,0.5679087351668411,0.24461560129352605,0.18747566353963288,0.5718787679491396,0.23712046475939935,0.19100076729146118,1.7,4.1,5.09,1.71,3.97,5.18,2023-09-15
2023-09-26,La Liga,Mallorca,Barcelona,D,0.1459469386470943,0.22776483483143584,0.62628822652147,0.12979351032448377,0.22123893805309733,0.6489675516224188,0.13959938366718028,0.21510015408320493,0.6453004622496148,6.98,4.53,1.51,7.5,4.4,1.5,2023-09-15
2023-09-27,La Liga,Valencia,Sociedad,A,0.33409819090731435,0.2934378355712457,0.37246397352143995,0.38060028251276445,0.3238883198866903,0.2955113976005452,0.36306444848315395,0.30597884337573983,0.33095670814110634,2.68,3.18,2.94,2.57,3.02,3.31,2023-09-15
2023-09-27,La Liga,Cadiz,Vallecano,D,0.3952995246551653,0.29619061977135447,0.30850985557348026,0.359548656605984,0.31446056140459056,0.32599078198942555,0.36862179636262155,0.30699102283827157,0.32438718079910694,2.64,3.17,3.0,2.72,3.11,3.0,2023-09-15
2023-09-27,La Liga,Villarreal,Girona,A,0.5339779277857118,0.2186713765323699,0.24735069568191823,0.4508899143045485,0.26301911667765326,0.2860909690177983,0.4378129030847598,0.2612754421634857,0.30091165475175446,2.22,3.72,3.23,2.17,3.72,3.42,2023-09-15
2023-09-27,La Liga,Real Madrid,Las Palmas,H,0.769037719840755,0.18770473155560807,0.04325754860363684,0.8203343483935118,0.120999316388043,0.05866633521844509,0.7964053016007642,0.1331008860410117,0.07049381235822418,1.21,7.24,13.67,1.18,8.0,16.5,2023-09-15
2023-09-27,La Liga,Ath Bilbao,Getafe,D,0.47682751102599696,0.31651612468576806,0.20665636428823508,0.6350103697708533,0.23930193737670094,0.12568769285244574,0.5923853592898423,0.25838084820088864,0.14923379250926905,1.64,3.76,6.51,1.53,4.06,7.73,2023-09-15
2023-09-28,La Liga,Celta,Alaves,D,0.5680776391632874,0.24136216605638053,0.19056019478033226,0.6131386861313868,0.24433346139070303,0.14252785247791008,0.5672937196763358,0.27021511438622126,0.16249116593744295,1.71,3.59,5.97,1.59,3.99,6.84,2023-09-15
2023-09-28,La Liga,Granada,Betis,D,0.32272555948535997,0.24192298393673878,0.4353514565779012,0.351197194300734,0.2831908011846959,0.36561200451457004,0.3126156247771936,0.2754205646054029,0.4119638106174035,3.11,3.53,2.36,2.79,3.46,2.68,2023-09-15
2023-09-28,La Liga,Osasuna,Ath Madrid,A,0.19830980976786045,0.26003328646031465,0.5416569037718247,0.23232594984007413,0.2810609910421586,0.48661305911776725,0.264540123830627,0.2805497566849301,0.45491011948444277,3.68,3.47,2.14,4.21,3.48,2.01,2023-09-15
2023-09-29,La Liga,Barcelona,Sevilla,H,0.6890317598824257,0.19063487255584818,0.12033336756172631,0.7192360871068095,0.16915831316972002,0.11160559972347046,0.6974802401388456,0.18087640555839463,0.12164335430275977,1.39,5.36,7.97,1.35,5.74,8.7,2023-09-15
2023-09-30,La Liga,Getafe,Villarreal,D,0.28742766305643647,0.2957283366150386,0.4168440003285249,0.34915475653566813,0.3102362327179981,0.34060901074633365,0.3245301204819277,0.299566265060241,0.3759036144578313,3.0,3.25,2.59,2.79,3.14,2.86,2023-09-15
2023-09-30,La Liga,Vallecano,Mallorca,D,0.4519763692133895,0.27836046310576346,0.26966316768084725,0.48126522614129863,0.2996835610634467,0.21905121279525475,0.45081643030679697,0.3081530029945194,0.24103056669868356,2.16,3.16,4.04,2.03,3.26,4.46,2023-09-15
2023-09-30,La Liga,Girona,Real Madrid,A,0.26420219506888104,0.2327464540067263,0.5030513509243928,0.23951299108823898,0.24069285803941262,0.5197941508723485,0.27280870816254515,0.24159179130812458,0.4855995005293303,3.56,4.02,2.0,4.08,4.06,1.88,2023-09-15
2023-09-30,La Liga,Sociedad,Ath Bilbao,H,0.46667329965595533,0.29050377183617077,0.2428229285078739,0.4214548708395065,0.31139340775403024,0.2671517214064631,0.43009363185255195,0.29454897211720227,0.2753573960302457,2.26,3.3,3.53,2.32,3.14,3.66,2023-09-15
2023-10-01,La Liga,Ath Madrid,Cadiz,H,0.7430739867304355,0.17660497375019368,0.08032103951937093,0.724523939099618,0.18283654960329346,0.09263951129708856,0.703207071785455,0.19024640218644576,0.10654652602809926,1.35,4.99,8.91,1.34,5.31,10.48,2023-09-15
2023-10-01,La Liga,Betis,Valencia,H,0.5088187306239904,0.2619073704673445,0.2292738989086649,0.4718284534161704,0.28641785881861365,0.24175368776521602,0.41481441373148875,0.2912526734710453,0.293932912797466,2.31,3.29,3.26,2.07,3.41,4.04,2023-09-15
2023-10-01,La Liga,Almeria,Granada,D,0.48962192027486123,0.21023733657278298,0.3001407431523558,0.49332246099382465,0.26187090422728493,0.2448066347788904,0.4983585029546947,0.2600131319763624,0.24162836506894286,1.92,3.68,3.96,1.98,3.73,3.99,2023-09-15
2023-10-01,La Liga,Alaves,Osasuna,A,0.33560307228821207,0.29554290537554356,0.36885402233624465,0.3791129428668658,0.32513328543880216,0.2957537716943321,0.3474521409414594,0.3207250531767317,0.3318228058818089,2.76,2.99,2.89,2.59,3.02,3.32,2023-09-15
2023-10-02,La Liga,Las Palmas,Celta,H,0.19895525968105696,0.38032890286658616,0.42071583745235686,0.32387191245038727,0.31653500828484454,0.35959307926476813,0.378385218931916,0.3027081751455328,0.31890660592255127,2.52,3.15,2.99,3.02,3.09,2.72,2023-09-15
2023-10-06,La Liga,Ath Bilbao,Almeria,H,0.5971057060322161,0.2183681760957393,0.18452611787204432,0.728071302612333,0.16979754760570312,0.10213114978196382,0.7028580449110069,0.17928726469079284,0.1178546903982004,1.38,5.41,8.23,1.32,5.66,9.41,2023-09-15
2023-10-07,La Liga,Cadiz,Girona,A,0.29070486823083413,0.26824161669243585,0.4410535150767301,0.28446546448944826,0.28114808297936716,0.4343864525311844,0.2965219864951865,0.2860565046188858,0.4174215088859278,3.28,3.4,2.33,3.39,3.43,2.22,2023-09-15
2023-10-07,La Liga,Real Madrid,Osasuna,H,0.723993927707857,0.18147465375902533,0.09453141853311767,0.7660410283505964,0.1513020382589825,0.0826569333904212,0.7441980961561635,0.16259790336185084,0.0932040004819858,1.3,5.95,10.38,1.27,6.43,11.77,2023-09-15
2023-10-07,La Liga,Mallorca,Valencia,D,0.362701173407463,0.29432163703582487,0.34297718955671214,0.38112212973321447,0.3264946244714537,0.2923832457953317,0.38285894710901636,0.3188399100514432,0.29830114283954035,2.54,3.05,3.26,2.57,3.0,3.35,2023-09-15
2023-10-07,La Liga,Sevilla,Vallecano,D,0.5651242625058613,0.23617686519503153,0.19869887229910707,0.5329359787351786,0.25732792640775115,0.2097360948570703,0.5091220416411001,0.2693692796494463,0.22150867870945357,1.91,3.61,4.39,1.83,3.79,4.65,2023-09-15
2023-10-08,La Liga,Villarreal,Las Palmas,A,0.6800775368819774,0.242250772505345,0.07767169061267763,0.5897424735546946,0.23618327217603058,0.17407425426927478,0.5951180569856632,0.2304138795455181,0.17446806346881857,1.63,4.21,5.56,1.65,4.12,5.59,2023-09-15
2023-10-08,La Liga,Ath Madrid,Sociedad,H,0.5804678202024823,0.24403815021147912,0.1754940295860383,0.48433362753751097,0.2906001765225066,0.22506619593998234,0.5025628603265346,0.28611985853398575,0.21131728113947967,1.93,3.39,4.59,2.04,3.4,4.39,2023-09-15
2023-10-08,La Liga,Alaves,Betis,D,0.25860395751566406,0.26754119779815977,0.4738548446861761,0.3801358474411067,0.3005997316688136,0.3192644208900798,0.33234642154051247,0.30430469222303175,0.3633488862364558,2.93,3.2,2.68,2.57,3.25,3.06,2023-09-15
2023-10-08,La Liga,Celta,Getafe,D,0.43658296910455585,0.310390747949492,0.2530262829459522,0.47942908473899587,0.2972751771633895,0.22329573809761452,0.4694331921209685,0.30084418194749374,0.22972262593153775,2.07,3.23,4.23,2.04,3.29,4.38,2023-09-15
2023-10-08,La Liga,Granada,Barcelona,D,0.13871380454304374,0.1794388803860267,0.6818473150709297,0.1423216653081603,0.18729421465409146,0.6703841200377482,0.14077310603347418,0.18095647398705914,0.6782704199794666,6.89,5.36,1.43,6.83,5.19,1.45,2023-09-15
2023-10-20,La Liga,Osasuna,Granada,H,0.4919087029670855,0.2454606903406951,0.26263060669221944,0.5771981566337893,0.2507621811596668,0.17203966220654388,0.5661358978401387,0.2440485574649219,0.1898155446949393,1.72,3.99,5.13,1.69,3.89,5.67,2023-10-20
2023-10-21,La Liga,Celta,Ath Madrid,A,0.21387542299402804,0.2428921063665357,0.5432324706394365,0.2853625743009671,0.275716515451357,0.438920910247676,0.2662624839447664,0.2753138998295744,0.45842361622565914,3.65,3.53,2.12,3.43,3.55,2.23,2023-10-20
2023-10-21,La Liga,Sevilla,Real Madrid,D,0.24804498761774696,0.25384065483523405,0.4981143575470188,0.20321699441776814,0.23618440029183704,0.5605986052903948,0.23232323232323235,0.24836601307189543,0.5193107546048722,4.18,3.91,1.87,4.8,4.13,1.74,2023-10-20
2023-10-21,La Liga,Sociedad,Mallorca,H,0.6063650675547786,0.2380608499065116,0.15557408253870977,0.5758791764507073,0.27109632540437195,0.15302449814492064,0.6177853148335523,0.2480621340891757,0.13415255107727203,1.57,3.91,7.23,1.69,3.59,6.36,2023-10-20
2023-10-21,La Liga,Getafe,Betis,D,0.351146962218562,0.30980055820760344,0.3390524795738345,0.39257020125686104,0.3103173971839949,0.2971124015591441,0.38768981746071324,0.3128943542850129,0.29941582825427393,2.51,3.11,3.25,2.49,3.15,3.29,2023-10-20
2023-10-22,La Liga,Las Palmas,Vallecano,A,0.3778907589277707,0.3574348749767507,0.2646743660954787,0.3677221654749745,0.3217568947906027,0.3105209397344229,0.35917859365276916,0.31197884256378344,0.3288425637834474,2.71,3.12,2.96,2.66,3.04,3.15,2023-10-20
2023-10-22,La Liga,Girona,Almeria,H,0.7209006022493211,0.1495021029686863,0.12959729478199247,0.6995563979834825,0.18243590866736217,0.1180076933491554,0.6580291553608923,0.1978124454765873,0.14415839916252038,1.47,4.89,6.71,1.39,5.33,8.24,2023-10-20
2023-10-22,La Liga,Villarreal,Alaves,D,0.719531947817769,0.1786663612374598,0.1018016909447711,0.46771083591969725,0.2909272759143355,0.24136188816596724,0.5590649049921679,0.24441531022270654,0.19651978478512566,1.74,3.98,4.95,2.09,3.36,4.05,2023-10-20
2023-10-22,La Liga,Barcelona,Ath Bilbao,H,0.6548045896007273,0.21431071211954633,0.13088469827972612,0.5249291286604005,0.2576169338544446,0.2174539374851548,0.5775744598014405,0.2343780416585556,0.18804749854000388,1.68,4.14,5.16,1.86,3.79,4.49,2023-10-20
2023-10-23,La Liga,Valencia,Cadiz,H,0.5144428970593109,0.28510928296364174,0.20044781997704736,0.5765228350858306,0.2639123604752576,0.1595648044389119,0.5461710096879105,0.2700512214568002,0.18377776885528935,1.78,3.6,5.29,1.68,3.67,6.07,2023-10-20
2023-10-27,La Liga,Girona,Celta,H,0.5952892353095768,0.2104511629256377,0.19425960176478543,0.5547151485542964,0.2356192985364123,0.2096655529092913,0.5730796640295929,0.2268160731170988,0.20010426285330823,1.69,4.27,4.84,1.75,4.12,4.63,2023-10-20
2023-10-28,La Liga,Almeria,Las Palmas,A,0.3855941626870815,0.3109711973694142,0.3034346399435044,0.4209748892171344,0.2946824224519941,0.28434268833087145,0.4102813131712385,0.2810308416808773,0.3086878451478842,2.37,3.46,3.15,2.31,3.3,3.42,2023-10-20
2023-10-28,La Liga,Barcelona,Real Madrid,A,0.45643961770942504,0.25966314114147604,0.2838972411490988,0.3772281273990444,0.278867784724795,0.3439040878761606,0.3815869993880465,0.2658597946556061,0.35255320595634737,2.55,3.66,2.76,2.58,3.49,2.83,2023-10-20
2023-10-28,La Liga,Mallorca,Getafe,D,0.39068286440538097,0.311870701960299,0.2974464336343202,0.41935788548303893,0.3301026598565813,0.2505394546603797,0.4139236407085773,0.3210298863581375,0.2650464729332852,2.35,3.03,3.67,2.33,2.96,3.9,2023-10-20
2023-10-28,La Liga,Cadiz,Sevilla,D,0.28160869294225316,0.2986968151385114,0.41969449191923536,0.25047097873867413,0.27989593612631203,0.4696330851350139,0.2868383590971095,0.2885406638988727,0.42462097700401796,3.39,3.37,2.29,3.9,3.49,2.08,2023-10-20
2023-10-29,La Liga,Ath Bilbao,Valencia,D,0.4954999560661893,0.27724203844380607,0.2272580054900047,0.5887076466802831,0.2446769816177499,0.1666153717019669,0.5917959331297219,0.2450872046294808,0.16311686224079727,1.64,3.96,5.95,1.65,3.97,5.83,2023-10-20
2023-10-29,La Liga,Ath Madrid,Alaves,H,0.8187758610020027,0.12788094075631395,0.053343198241683404,0.6692921120547235,0.21235745349657528,0.11835043444870111,0.6932691938641045,0.1956808208487392,0.11104998528715632,1.4,4.96,8.74,1.45,4.57,8.2,2023-10-20
2023-10-29,La Liga,Vallecano,Sociedad,D,0.2883332340922543,0.2811306093873892,0.43053615652035626,0.28849084790776985,0.3085756537747664,0.40293349831746367,0.2914025839478335,0.31295325735876656,0.39564415869339997,3.34,3.11,2.46,3.38,3.16,2.42,2023-10-20
2023-10-29,La Liga,Betis,Osasuna,H,0.5260551910118949,0.2690271859700417,0.2049176230180635,0.48871767937133465,0.2802732512821199,0.2310090693465454,0.4635009637287542,0.28628000700893647,0.2502190292623095,2.1,3.4,3.89,1.99,3.47,4.21,2023-10-20
2023-10-30,La Liga,Granada,Villarreal,A,0.2935575192281145,0.2233509975566226,0.48309148321526274,0.32547055104323724,0.2673508097855163,0.4071786391712466,0.30742358726367863,0.26835871153403995,0.42421770120228147,3.16,3.62,2.29,2.99,3.64,2.39,2023-10-20
2023-11-03,La Liga,Las Palmas,Ath Madrid,H,0.18597616642773201,0.3225452568245707,0.49147857674769735,0.17423626820108493,0.26253486482331495,0.5632288669756002,0.16927417286483712,0.2523724031803026,0.5783534239548601,5.74,3.85,1.68,5.56,3.69,1.72,2023-10-20
2023-11-04,La Liga,Osasuna,Girona,A,0.3288423598322502,0.26147676198214964,0.40968087818560023,0.32559587164600057,0.2941183251424597,0.38028580321153976,0.3358655874379629,0.27875875844995196,0.385375654112085,2.88,3.47,2.51,2.99,3.31,2.56,2023-10-20
2023-11-04,La Liga,Betis,Mallorca,H,0.5543384734837207,0.251169164587651,0.19449236192862837,0.5110625771531668,0.2814547526350774,0.2074826702117558,0.5000771501078459,0.2863943322576091,0.21352851763454483,1.93,3.37,4.52,1.9,3.45,4.68,2023-10-20
2023-11-04,La Liga,Celta,Sevilla,D,0.3658665593263236,0.2723172751156826,0.36181616555799406,0.4037609657003862,0.2853559904216806,0.31088304387793314,0.37537732030301274,0.2774995662985023,0.34712311339848495,2.58,3.49,2.79,2.41,3.41,3.13,2023-10-20
2023-11-04,La Liga,Sociedad,Barcelona,A,0.2900941907111256,0.2767255894734007,0.43318021981547367,0.28752161372476215,0.2953869466230079,0.41709143965223006,0.28726436781609194,0.27269885057471266,0.4400367816091954,3.37,3.55,2.2,3.38,3.29,2.33,2023-10-20
2023-11-05,La Liga,Alaves,Almeria,H,0.39515971333034494,0.2494350683610462,0.355405218308609,0.5481838712027391,0.2573701464267502,0.19444598237051064,0.5425471159337522,0.2541404911479155,0.2033123929183324,1.78,3.8,4.75,1.77,3.77,4.99,2023-10-20
2023-11-05,La Liga,Valencia,Granada,H,0.5478217018747306,0.22527766697259738,0.22690063115267198,0.5820384269704627,0.2342178730218488,0.18374370000768858,0.5818246342289638,0.23385687477483774,0.18431849099619843,1.66,4.13,5.24,1.67,4.15,5.29,2023-10-20
2023-11-05,La Liga,Villarreal,Ath Bilbao,A,0.4881120988255909,0.2616319159620477,0.2502559852123615,0.25454894840770237,0.24679618855772154,0.49865486303457596,0.3162114417719799,0.27028128821850794,0.4135072700095122,3.06,3.58,2.34,3.82,3.94,1.95,2023-10-20
2023-11-05,La Liga,Real Madrid,Vallecano,D,0.7758329486054076,0.14888743589976786,0.07527961549482456,0.7903780068728522,0.13974799541809851,0.06987399770904926,0.7552109014299162,0.1537047828230759,0.09108431574700794,1.27,6.24,10.53,1.22,6.9,13.8,2023-10-20
2023-11-06,La Liga,Getafe,Cadiz,H,0.4665442708643104,0.32032581413728367,0.21312991499840592,0.46671764794242754,0.3131524863613708,0.22012986569620166,0.4998731628685101,0.3024310985380014,0.1976957385934886,1.93,3.19,4.88,2.08,3.1,4.41,2023-10-20
2023-11-10,La Liga,Ath Bilbao,Celta,H,0.5256959473737816,0.26158595307679683,0.21271809954942175,0.5673588123181864,0.24014444778814326,0.1924967398936704,0.5745167665800114,0.23283773034058014,0.19264550307940856,1.69,4.17,5.04,1.71,4.04,5.04,2023-10-20
2023-11-11,La Liga,Real Madrid,Valencia,H,0.7264128935955637,0.1768049091807373,0.09678219722369925,0.7360826609024343,0.16781159108656535,0.09610574801100034,0.7289709592570722,0.17182886896773847,0.09920017177518922,1.32,5.6,9.7,1.32,5.79,10.11,2023-10-20
2023-11-11,La Liga,Osasuna,Las Palmas,D,0.38123055063400996,0.3778116486355932,0.24095780073039685,0.4933337274957873,0.2892462628472325,0.21742000965698013,0.4835886214442013,0.2975929978118162,0.21881838074398247,2.0,3.25,4.42,1.97,3.36,4.47,2023-10-20
2023-11-11,La Liga,Almeria,Sociedad,A,0.2521994486774903,0.2336747261104635,0.5141258252120464,0.2212291909242534,0.25499575164427096,0.5237750574314755,0.19949614006264985,0.2402908619707229,0.5602129979666273,4.83,4.01,1.72,4.38,3.8,1.85,2023-10-20
2023-11-11,La Liga,Vallecano,Girona,A,0.3282771051664022,0.2453801597589399,0.42634273507465775,0.3257612446273988,0.27829317755312066,0.39594557781948064,0.3315100485526396,0.27816360395796197,0.3903263474893983,2.92,3.48,2.48,2.99,3.5,2.46,2023-10-20
2023-11-11,La Liga,Granada,Getafe,D,0.4103465390651873,0.26660745690480625,0.32304600403000644,0.3904528763769889,0.3047735618115055,0.3047735618115055,0.3752148236102865,0.3063462800362466,0.3184388963534669,2.58,3.16,3.04,2.49,3.19,3.19,2023-10-20
2023-11-12,La Liga,Barcelona,Alaves,H,0.8461343616462687,0.11147627024795996,0.04238936810577141,0.7719602298640883,0.14822585058834262,0.0798139195475691,0.7719723829072588,0.14704235864900167,0.0809852584437395,1.24,6.51,11.82,1.25,6.51,12.09,2023-10-20
2023-11-12,La Liga,Sevilla,Betis,D,0.4568156532956799,0.2684541574137295,0.27473018929059073,0.434335129421092,0.2811880606656781,0.2844768099132299,0.44570332799039736,0.27476597208498926,0.2795306999246134,2.17,3.52,3.46,2.24,3.46,3.42,2023-10-20
2023-11-12,La Liga,Ath Madrid,Villarreal,H,0.6084117249032519,0.21552796659083093,0.1760603085059172,0.7240974152316556,0.16700353466616502,0.10889905010217941,0.6977724443111079,0.17733443336083402,0.1248931223280582,1.38,5.43,7.71,1.34,5.81,8.91,2023-10-20
2023-11-24,La Liga,Alaves,Granada,H,0.40115875581726684,0.25863528359581145,0.34020596058692154,0.5576061532800115,0.26436912989297556,0.17802471682701285,0.5517741223923868,0.2596584105375937,0.18856746707001953,1.76,3.74,5.15,1.74,3.67,5.45,2023-11-24
2023-11-25,La Liga,Vallecano,Barcelona,D,0.17405838947443472,0.23634750716998434,0.589594103355581,0.19407447675998915,0.22832291383528136,0.5776026094047296,0.1790665771577012,0.23598260412714164,0.5849508187151572,5.39,4.09,1.65,5.0,4.25,1.68,2023-11-24
2023-11-25,La Liga,Valencia,Celta,D,0.47398162535817023,0.2657476465629339,0.2602707280788959,0.42348194951202867,0.29337604936074274,0.2831420011272285,0.44200544094809074,0.2822133864945535,0.27578117255735574,2.19,3.43,3.51,2.3,3.32,3.44,2023-11-24
2023-11-25,La Liga,Getafe,Almeria,H,0.5490222683381646,0.24293102767527136,0.20804670398656408,0.5448183041722745,0.2635262449528936,0.19165545087483177,0.5737479990852962,0.2497141550423051,0.17653784587239882,1.68,3.86,5.46,1.78,3.68,5.06,2023-11-24
2023-11-25,La Liga,Ath Madrid,Mallorca,H,0.7394550740692447,0.1723282932343284,0.08821663269642688,0.7118766562274149,0.18983377499397736,0.09828956877860755,0.7010779505932936,0.19641652194536038,0.10250552746134603,1.37,4.89,9.37,1.36,5.1,9.85,2023-11-24
2023-11-26,La Liga,Cadiz,Real Madrid,A,0.12780511205412137,0.22712005537149188,0.6450748325743865,0.14024759062865438,0.2058953990080245,0.653857010363321,0.14425912658080212,0.20560007997733976,0.6501407934418582,6.67,4.68,1.48,6.9,4.7,1.48,2023-11-24
2023-11-26,La Liga,Villarreal,Osasuna,H,0.5864839338045378,0.2324971711339045,0.18101889506155758,0.4423138382869926,0.2812400127836369,0.2764461489293704,0.4460747974130218,0.2773588281909047,0.2765663743960735,2.17,3.49,3.5,2.2,3.46,3.52,2023-11-24
2023-11-26,La Liga,Sociedad,Sevilla,H,0.49294455023282524,0.26926560330926697,0.23778984645790766,0.5951282387489578,0.2455845643445066,0.1592871969065355,0.5477025106584558,0.25637138796778774,0.1959261013737565,1.76,3.76,4.92,1.63,3.95,6.09,2023-11-24
2023-11-26,La Liga,Betis,Las Palmas,H,0.45462859192134164,0.32605258594621367,0.21931882213244475,0.5650346528454532,0.2598555087952351,0.17510983835931163,0.5835959399911923,0.24627450153081004,0.17012955847799774,1.65,3.91,5.66,1.72,3.74,5.55,2023-11-24
2023-11-27,La Liga,Girona,Ath Bilbao,D,0.5077857410959563,0.2340419753965031,0.2581722835075405,0.42802595706533164,0.2654696509667494,0.3065043919679189,0.41675515648627254,0.26202492223527163,0.3212199212784559,2.32,3.69,3.01,2.27,3.66,3.17,2023-11-24
2023-11-29,La Liga,Mallorca,Cadiz,D,0.45113679777154697,0.307243607455071,0.24161959477338202,0.5195700319022271,0.291770558455605,0.1886594096421679,0.4863006189389333,0.3014760846381549,0.2122232964229117,1.99,3.21,4.56,1.87,3.33,5.15,2023-11-24
2023-12-01,La Liga,Las Palmas,Getafe,H,0.3790385959311569,0.3792223019516369,0.24173910211720626,0.4041268318997812,0.32682740432163515,0.26904576377858364,0.39068832844306933,0.32976743655025176,0.27954423500667896,2.49,2.95,3.48,2.41,2.98,3.62,2023-11-24
2023-12-02,La Liga,Girona,Valencia,H,0.586359326086945,0.21476923863241615,0.19887143528063897,0.5813387659455438,0.2415014276440443,0.17715980641041204,0.5641015439615558,0.24297572800359205,0.1929227280348521,1.71,3.97,5.0,1.67,4.02,5.48,2023-11-24
2023-12-02,La Liga,Ath Bilbao,Vallecano,H,0.543475413790244,0.25507942426056923,0.2014451619491866,0.6558386437273586,0.20348871964706305,0.14067263662557836,0.6140135218192994,0.22314843269821757,0.1628380454824831,1.57,4.32,5.92,1.48,4.77,6.9,2023-11-24
2023-12-02,La Liga,Real Madrid,Granada,H,0.8485743841596831,0.1001877800959795,0.05123783574433731,0.8111078162884404,0.12454429695267666,0.06434788675888294,0.8262082542791277,0.10841646775608461,0.06537527796478773,1.16,8.84,14.66,1.19,7.75,15.0,2023-11-24
2023-12-02,La Liga,Osasuna,Sociedad,D,0.28366191146783354,0.2965221334507571,0.41981595508140923,0.2430912550768269,0.30673975404016013,0.45016899088301277,0.25789208491248056,0.2984862093894451,0.44362170569807435,3.75,3.24,2.18,4.0,3.17,2.16,2023-11-24
2023-12-03,La Liga,Mallorca,Alaves,D,0.4884345797217883,0.28692557996427953,0.22463984031393222,0.3537481244763148,0.33545080769305713,0.310801067830628,0.3920911863220517,0.32390141478778184,0.28400739889016646,2.47,2.99,3.41,2.75,2.9,3.13,2023-11-24
2023-12-03,La Liga,Almeria,Betis,D,0.280260939995583,0.23289980920942438,0.48683925079499263,0.27416379128230406,0.25603126540384485,0.46980494331385114,0.2878867330886209,0.26428945988463554,0.4478238070267435,3.36,3.66,2.16,3.53,3.78,2.06,2023-11-24
2023-12-03,La Liga,Sevilla,Villarreal,D,0.4329818516742572,0.25510556390518,0.31191258442056274,0.5115539263972096,0.24606391396321475,0.24238215963957566,0.47120389288222203,0.2589726489030979,0.2698234582146802,2.05,3.73,3.58,1.9,3.95,4.01,2023-11-24
2023-12-03,La Liga,Barcelona,Ath Madrid,H,0.4933656523735909,0.2548344358750781,0.25179991175133104,0.4983585661602398,0.24790796020726213,0.25373347363249804,0.4718221984766096,0.2572434858715557,0.2709343156518346,2.05,3.76,3.57,1.95,3.92,3.83,2023-11-24
2023-12-04,La Liga,Celta,Cadiz,D,0.5035459031845497,0.27894769310164974,0.21750640371380053,0.6267300618367544,0.22696999902966575,0.14629993913357975,0.5997301039275137,0.23379309136157314,0.1664768047109133,1.61,4.13,5.8,1.55,4.28,6.64,2023-11-24
2023-12-08,La Liga,Getafe,Valencia,H,0.39520174711893763,0.3153545703323097,0.2894436825487527,0.36427830666868644,0.33082417646441925,0.3048975168668943,0.3524459826021888,0.3377607333270975,0.30979328407071366,2.76,2.88,3.14,2.67,2.94,3.19,2023-11-24
2023-12-09,La Liga,Mallorca,Sevilla,H,0.31349005493640647,0.2864653656877143,0.4000445793758791,0.3733106347496786,0.31737483931487337,0.309314525935448,0.35986083077430553,0.30633722619711445,0.33380194302857996,2.69,3.16,2.9,2.61,3.07,3.15,2023-11-24
2023-12-09,La Liga,Villarreal,Sociedad,A,0.42058325661367074,0.2664184361848647,0.31299830720146443,0.27633468215637647,0.2795109428708175,0.444154374972806,0.280186352425322,0.2722937791175665,0.44751986845711156,3.45,3.55,2.16,3.52,3.48,2.19,2023-11-24
2023-12-09,La Liga,Alaves,Las Palmas,A,0.2864290625358532,0.358768126057876,0.35480281140627085,0.48141994569842367,0.2986586700166146,0.2199213842849617,0.46436768739853324,0.3056597436040978,0.22997256899736884,2.08,3.16,4.2,2.01,3.24,4.4,2023-11-24
2023-12-09,La Liga,Betis,Real Madrid,D,0.23868768797007062,0.2579674679485737,0.5033448440813556,0.2042784295606772,0.23158055857117346,0.5641410118681494,0.22000688374227517,0.24638526010933365,0.5336078561483911,4.39,3.92,1.81,4.75,4.19,1.72,2023-11-24
2023-12-10,La Liga,Ath Madrid,Almeria,H,0.8495499424127225,0.09739054957968747,0.05305950800759015,0.8033561061612569,0.1220287756194314,0.07461511821931179,0.8038286653165717,0.12536777348974054,0.07080356119368768,1.19,7.63,13.51,1.2,7.9,12.92,2023-11-24
2023-12-10,La Liga,Cadiz,Osasuna,D,0.3538455696950097,0.32097134916627656,0.32518308113871364,0.34309690231888007,0.3173925741321236,0.33951052354899625,0.32371768487485547,0.3082534642598146,0.36802885086533005,2.99,3.14,2.63,2.84,3.07,2.87,2023-11-24
2023-12-10,La Liga,Barcelona,Girona,A,0.6695378178882221,0.18421474639630678,0.14624743571547125,0.6641199611163796,0.18123647537007745,0.15464356351354297,0.6341673856773081,0.19672131147540983,0.16911130284728215,1.52,4.9,5.7,1.46,5.35,6.27,2023-11-24
2023-12-11,La Liga,Granada,Ath Bilbao,D,0.3073902317189179,0.24540529403155573,0.4472044742495264,0.23306203795517244,0.26337905102251197,0.5035589110223156,0.19858260199023242,0.23152058164726613,0.5698968163625013,4.85,4.16,1.69,4.17,3.69,1.93,2023-11-24
2023-12-11,La Liga,Vallecano,Celta,D,0.43924117756507225,0.2708657893034798,0.2898930331314482,0.35415688116486616,0.30530765617660877,0.3405354626585252,0.38618478239873283,0.2928470706407309,0.3209681469605362,2.51,3.31,3.02,2.75,3.19,2.86,2023-11-24
2023-12-15,La Liga,Osasuna,Vallecano,H,0.4249572458444474,0.28929135128692507,0.2857514028686276,0.42535457268878296,0.3063087960557588,0.2683366312554581,0.4245315489694632,0.3076510275759717,0.26781742345456494,2.29,3.16,3.63,2.29,3.18,3.63,2023-11-24
2023-12-16,La Liga,Sevilla,Getafe,A,0.4985686336452701,0.2889633131127363,0.2124680532419938,0.5333718851235328,0.2813729944709652,0.18525512040550188,0.49088440846699183,0.28526321082005135,0.22385238071295693,1.97,3.39,4.32,1.82,3.45,5.24,2023-11-24
2023-12-16,La Liga,Celta,Granada,H,0.5346435558208293,0.22417230558364673,0.24118413859552398,0.566604933005677,0.2536372867643214,0.17975778023000147,0.5770829503581903,0.23505573831662877,0.18786131132518089,1.67,4.1,5.13,1.71,3.82,5.39,2023-11-24
2023-12-16,La Liga,Ath Bilbao,Ath Madrid,H,0.28492796002556936,0.26734281430599455,0.44772922566843615,0.3702853975317386,0.291572034583375,0.3381425678848863,0.3953575439910145,0.2751778360164733,0.32946461999251214,2.45,3.52,2.94,2.63,3.34,2.88,2023-11-24
2023-12-16,La Liga,Valencia,Barcelona,D,0.19771776173397368,0.24850580293743796,0.5537764353285883,0.16073718969171572,0.21290627757411468,0.6263565327341696,0.18537190850881174,0.23742214882902,0.5772059426621684,5.2,4.06,1.67,6.04,4.56,1.55,2023-11-24
2023-12-17,La Liga,Real Madrid,Villarreal,H,0.6758468804794399,0.18898957787325377,0.1351635416473066,0.7892499482558232,0.13208298173828592,0.07866707000589088,0.7435900393305729,0.1522589128153078,0.10415104785411933,1.29,6.3,9.21,1.22,7.29,12.24,2023-11-24
2023-12-17,La Liga,Las Palmas,Cadiz,D,0.4550883511595574,0.3515095128617001,0.19340213597874256,0.4835601589786824,0.2945320968324701,0.22190774418884737,0.49293364157095043,0.29188819863415794,0.2151781597948915,1.96,3.31,4.49,2.01,3.3,4.38,2023-11-24
2023-12-17,La Liga,Almeria,Mallorca,D,0.4121880850215179,0.2492813995212162,0.33853051545726615,0.40554194156456175,0.3139679547596607,0.2804901036757776,0.3641673945595208,0.2935409907661592,0.3422916146743199,2.66,3.3,2.83,2.4,3.1,3.47,2023-11-24
2023-12-17,La Liga,Sociedad,Betis,D,0.4902162656684452,0.2731962402519713,0.23658749407958368,0.6096866911670074,0.23191431553960334,0.1583989932933892,0.5666629194536562,0.24700691360800403,0.1863301669383396,1.7,3.9,5.17,1.59,4.18,6.12,2023-11-24
2023-12-18,La Liga,Girona,Alaves,H,0.7149164450573618,0.1732000583223515,0.11188349662028664,0.5970352374279854,0.2347565739401302,0.16820818863188458,0.6136457675472027,0.21995978425778728,0.16639444819501006,1.57,4.38,5.79,1.62,4.12,5.75,2023-11-24
2023-12-19,La Liga,Granada,Sevilla,A,0.31266014411889903,0.24088720148250325,0.44645265439859777,0.3117443569007208,0.3068272534795738,0.3814283896197055,0.32896610652235825,0.2950726288806607,0.37596126459698087,2.96,3.3,2.59,3.12,3.17,2.55,2023-11-24
2023-12-19,La Liga,Vallecano,Valencia,A,0.40524862703991354,0.28249472809993953,0.3122566448601469,0.4269501666997858,0.3070808769954295,0.26596895630478457,0.4341534642622472,0.30581879243629995,0.2600277433014529,2.24,3.18,3.74,2.28,3.17,3.66,2023-11-24
2023-12-19,La Liga,Ath Madrid,Getafe,D,0.668215913546993,0.21856619372920993,0.11321789272379697,0.6547280354430977,0.2134355710255032,0.13183639353139928,0.6555039361156616,0.21801029785419757,0.12648576603014072,1.48,4.45,7.67,1.48,4.54,7.35,2023-11-24
2023-12-20,La Liga,Ath Bilbao,Las Palmas,H,0.45704148680887224,0.3272592502670955,0.21569926292403227,0.7009929479468856,0.1863911884714262,0.11261586358168825,0.6925991757974251,0.19292842772713842,0.11447239647543649,1.39,4.99,8.41,1.38,5.19,8.59,2023-11-24
2023-12-20,La Liga,Villarreal,Celta,H,0.5924215930969219,0.2190889068362567,0.1884895000668213,0.3971828093566629,0.2878987819301255,0.31491840871321175,0.4000671253566035,0.2750461486826649,0.3248867259607317,2.42,3.52,2.98,2.45,3.38,3.09,2023-11-24
2023-12-20,La Liga,Barcelona,Almeria,H,0.8695762264955598,0.0875123554509432,0.04291141805349726,0.8426966292134832,0.10674157303370785,0.05056179775280898,0.8492440550750945,0.09148196208149253,0.059273982843413016,1.13,10.49,16.19,1.14,9.0,19.0,2023-11-24
2023-12-21,La Liga,Cadiz,Sociedad,D,0.22985181400749424,0.300627171427423,0.4695210145650827,0.15488082261370803,0.2705021609437185,0.5746170164425736,0.20119292549878257,0.282376035787765,0.5164310387134524,4.8,3.42,1.87,6.27,3.59,1.69,2023-11-24
2023-12-21,La Liga,Alaves,Real Madrid,A,0.11197141106584911,0.20109663222331817,0.6869319567108331,0.16032141921333812,0.23446522325631047,0.6052133575303514,0.1627290749963735,0.2265219283400223,0.6107489966636043,5.93,4.26,1.58,6.04,4.13,1.6,2023-11-24
2023-12-21,La Liga,Betis,Girona,D,0.426591809833313,0.2438168230685901,0.32959136709809694,0.36434149933423116,0.27402586006264706,0.3616326406031216,0.3374128582494191,0.26243222308288155,0.40015491866769953,2.87,3.69,2.42,2.67,3.55,2.69,2023-11-24
2023-12-21,La Liga,Mallorca,Osasuna,H,0.4017546286338384,0.30121044302594313,0.2970349283402185,0.4303201979274983,0.3330560436014199,0.23662375847108177,0.39975387531721035,0.3246323417005534,0.2756137829822362,2.42,2.98,3.51,2.26,2.92,4.11,2023-11-24
2023-12-23,La Liga,Ath Madrid,Sevilla,H,0.6335451857688348,0.21302739145226546,0.1534274227788997,0.610572274991824,0.22735595251451995,0.16207177249365612,0.6265629341483746,0.21394831897749378,0.15948874687413173,1.54,4.51,6.05,1.59,4.27,5.99,2023-11-24
2024-01-02,La Liga,Sociedad,Alaves,D,0.668137592532039,0.22734101615162505,0.10452139131633582,0.6333916176548509,0.2504106395379643,0.11619774280718488,0.6063054634118681,0.24718607354483857,0.14650846304329335,1.59,3.9,6.58,1.53,3.87,8.34,2024-01-02
2024-01-02,La Liga,Valencia,Villarreal,H,0.3747516845632317,0.2700571422453273,0.35519117319144095,0.4368501914072907,0.28401630520065835,0.27913350339205106,0.4744724017485516,0.27734203425989834,0.24818556399155012,2.04,3.49,3.9,2.23,3.43,3.49,2024-01-02
2024-01-02,La Liga,Getafe,Vallecano,A,0.4679277113744396,0.30601632638047804,0.2260559622450824,0.40228041024465705,0.3272789778261616,0.2704406119291812,0.40030499428135724,0.3229126953869615,0.27678231033168127,2.42,3.0,3.5,2.4,2.95,3.57,2024-01-02
2024-01-03,La Liga,Real Madrid,Mallorca,H,0.7689339238122759,0.1638363838572232,0.06722969233050059,0.7884436230631133,0.14250388446474047,0.06905249247214632,0.7800884109605828,0.1436390337547181,0.07627255528469927,1.23,6.68,12.58,1.22,6.75,13.93,2024-01-02
2024-01-03,La Liga,Girona,Ath Madrid,H,0.37001329735545674,0.24363388139189873,0.38635282125264453,0.3615035790578271,0.26308885807442944,0.3754075628677435,0.37060221656374837,0.27247092541729107,0.35692685801896057,2.61,3.55,2.71,2.7,3.71,2.6,2024-01-02
2024-01-03,La Liga,Granada,Cadiz,H,0.441020536516744,0.2790542178439126,0.27992524563934346,0.4328706225892916,0.31216631436727754,0.2549630630434309,0.4277177505798341,0.30302260699386363,0.26925964242630224,2.26,3.19,3.59,2.25,3.12,3.82,2024-01-02
2024-01-03,La Liga,Celta,Betis,H,0.3384908034982771,0.29620510321877586,0.3653040932829471,0.44055705659419375,0.2941483670915916,0.26529457631421477,0.39191436652762285,0.29069924484181037,0.31738638863056673,2.47,3.33,3.05,2.21,3.31,3.67,2024-01-02
2024-01-04,La Liga,Sevilla,Ath Bilbao,A,0.3983496325532611,0.2895060367249798,0.3121443307217591,0.3150555696173405,0.29862629144711106,0.3863181389355484,0.30559801041758905,0.29899558426659173,0.3954064053158193,3.17,3.24,2.45,3.09,3.26,2.52,2024-01-02
2024-01-04,La Liga,Las Palmas,Barcelona,A,0.21610837010293477,0.3298048689116966,0.4540867609853687,0.1523894137359213,0.2067676874408334,0.6408428988232453,0.16576197404971202,0.21975733233925376,0.6144806936110343,5.82,4.39,1.57,6.35,4.68,1.51,2024-01-02
2024-01-04,La Liga,Osasuna,Almeria,H,0.5308280372653789,0.23914576411792904,0.230026198616692,0.558824520418707,0.25454310615930636,0.18663237342198663,0.5637072665678715,0.24465467660686807,0.19163805682526047,1.71,3.94,5.03,1.74,3.82,5.21,2024-01-02
2024-01-12,La Liga,Sevilla,Alaves,A,0.6159653846629347,0.24393542732731202,0.1400991880097534,0.4694331921209685,0.30084418194749374,0.22972262593153775,0.49876671426716873,0.2860573802414644,0.21517590549136703,1.95,3.4,4.52,2.07,3.23,4.23,2024-01-02
2024-01-13,La Liga,Las Palmas,Villarreal,H,0.3559897396261704,0.3248959199981636,0.3191143403756661,0.3629299890899,0.2781429261116327,0.3589270847984672,0.3845405930967428,0.28585318424890616,0.32960622265435097,2.52,3.39,2.94,2.69,3.51,2.72,2024-01-02
2024-01-13,La Liga,Mallorca,Celta,D,0.3960752053768757,0.3027865082702518,0.30113828635287265,0.40397199845849346,0.330024581791515,0.2660034197499916,0.3767729459558508,0.3206312818233565,0.30259577222079265,2.57,3.02,3.2,2.41,2.95,3.66,2024-01-02
2024-01-13,La Liga,Ath Bilbao,Sociedad,H,0.39033480877069376,0.3036562958355486,0.30600889539375775,0.4528996494890438,0.31467702919043955,0.23242332132051652,0.47912625045737917,0.27891499306164436,0.24195875648097648,2.02,3.47,4.0,2.14,3.08,4.17,2024-01-02
2024-01-13,La Liga,Betis,Granada,H,0.64849270177765,0.20753326758952148,0.1439740306328285,0.5517654651055591,0.2555545312067853,0.19268000368765556,0.5851504190839514,0.23898470086349496,0.17586488005255366,1.65,4.04,5.49,1.76,3.8,5.04,2024-01-02
2024-01-14,La Liga,Almeria,Girona,D,0.22879633917096823,0.19809559573947472,0.5731080650895571,0.2531052959164344,0.2584905149784862,0.4884041891050794,0.20466764452257433,0.21809606463830883,0.5772362908391169,4.71,4.42,1.67,3.84,3.76,1.99,2024-01-02
2024-01-14,La Liga,Cadiz,Valencia,A,0.31630418000688787,0.32503206343326674,0.3586637565598454,0.3087985969014908,0.3413037123648056,0.34989769073370364,0.32067191402525985,0.3271720203906367,0.35215606558410356,3.02,2.96,2.75,3.15,2.85,2.78,2024-01-02
2024-01-19,La Liga,Alaves,Cadiz,H,0.3738204827677826,0.3366388701359509,0.28954064709626637,0.5774127093127674,0.27172362791189053,0.15086366277534202,0.5614158555993634,0.27670923936948677,0.16187490503114974,1.73,3.51,6.0,1.68,3.57,6.43,2024-01-02
2024-01-20,La Liga,Vallecano,Las Palmas,A,0.32590315164682243,0.36604031480132526,0.3080565335518524,0.5623785292277367,0.2614300189923532,0.1761914517799102,0.5017016782067832,0.2831240464734186,0.21517427531979813,1.93,3.42,4.5,1.72,3.7,5.49,2024-01-02
2024-01-20,La Liga,Villarreal,Mallorca,D,0.5915438804830575,0.23540471122088985,0.1730514082960524,0.4584910546723949,0.28504429205439213,0.25646465327321305,0.4606910365548322,0.27641462193289934,0.26289434151226837,2.1,3.5,3.68,2.12,3.41,3.79,2024-01-02
2024-01-20,La Liga,Valencia,Ath Bilbao,H,0.34187280656784774,0.3012396333610753,0.3568875600710772,0.27376987707124373,0.30182703838599845,0.4244030845427577,0.27875612977276154,0.2795617833270181,0.4416820869002203,3.47,3.46,2.19,3.55,3.22,2.29,2024-01-02
2024-01-20,La Liga,Celta,Sociedad,A,0.28299290929006127,0.2947837536030537,0.4222233371068852,0.3861508810572687,0.32764317180616737,0.2862059471365639,0.30156657963446476,0.31429503916449086,0.3841383812010444,3.21,3.08,2.52,2.52,2.97,3.4,2024-01-02
2024-01-21,La Liga,Girona,Sevilla,H,0.5509948960517677,0.22666485676247228,0.22234024718575982,0.530442058290336,0.24328545530609397,0.22627248640356992,0.5541718336367554,0.24535852176283826,0.20046964460040634,1.74,3.93,4.81,1.83,3.99,4.29,2024-01-02
2024-01-21,La Liga,Betis,Barcelona,A,0.26865214730740017,0.2816257679514167,0.44972208474118297,0.23677569276130037,0.23562629619449793,0.5275980110442018,0.22522567251806774,0.24095215339214732,0.5338221740897849,4.29,4.01,1.81,4.1,4.12,1.84,2024-01-02
2024-01-21,La Liga,Real Madrid,Almeria,H,0.8708327210267166,0.08932925369116879,0.039838025282114484,0.8583485641560529,0.09948039769193227,0.04217103815201477,0.8383448443929971,0.10063638528725954,0.06101877031974344,1.15,9.58,15.8,1.13,9.75,23.0,2024-01-02
2024-01-21,La Liga,Osasuna,Getafe,H,0.3745406466946412,0.3215423882139192,0.3039169650914398,0.3922151334703025,0.3346545507425789,0.2731303157871187,0.4382754037470641,0.3114432933379459,0.25028130291499007,2.21,3.11,3.87,2.5,2.93,3.59,2024-01-02
2024-01-22,La Liga,Granada,Ath Madrid,A,0.1551576693528084,0.19875971404913859,0.646082616598053,0.1837341259119157,0.24344771683328828,0.572818157254796,0.19170590059485212,0.24107016999802655,0.5672239294071213,5.03,4.0,1.7,5.3,4.0,1.7,2024-01-02
2024-01-26,La Liga,Almeria,Alaves,A,0.49247397462612985,0.2574427796024069,0.2500832457714632,0.33889040721508606,0.31374692538945065,0.34736266739546323,0.36695097947324024,0.2989970943856031,0.33405192614115664,2.64,3.24,2.9,2.87,3.1,2.8,2024-01-02
2024-01-27,La Liga,Sociedad,Vallecano,D,0.6093701730413418,0.2475273611525689,0.14310246580608954,0.5333949631943407,0.2941754039435455,0.1724296328621137,0.5771325822285476,0.2583944805151942,0.16447293725625842,1.67,3.73,5.86,1.82,3.3,5.63,2024-01-02
2024-01-27,La Liga,Las Palmas,Real Madrid,A,0.18692658900764525,0.32089388769640137,0.4921795232959532,0.1421688904808812,0.19921196382197548,0.6586191456971434,0.13393170321061945,0.20287544916714081,0.6631928476222397,7.18,4.74,1.45,6.81,4.86,1.47,2024-01-02
2024-01-27,La Liga,Barcelona,Villarreal,A,0.6604621010937356,0.1955891349881094,0.14394876391815503,0.7122422596516029,0.16063838691976454,0.12711935342863256,0.7127547640388137,0.16308795448345736,0.12415728147772884,1.35,5.9,7.75,1.36,6.03,7.62,2024-01-02
2024-01-27,La Liga,Mallorca,Betis,A,0.3027267002085966,0.3139443692749029,0.3833289305165005,0.4283040858270003,0.30963384548639833,0.26206206868660126,0.40440361766814525,0.30879381668590006,0.28680256564595463,2.39,3.13,3.37,2.27,3.14,3.71,2024-01-02
2024-01-28,La Liga,Celta,Girona,A,0.3018596114327523,0.24557134053956997,0.452569048027678,0.3514115474672098,0.2741999961927243,0.3743884563400658,0.34560295703064836,0.2749114430925612,0.3794855998767904,2.8,3.52,2.55,2.77,3.55,2.6,2024-01-02
2024-01-28,La Liga,Cadiz,Ath Bilbao,D,0.245130744481818,0.3095308143534849,0.4453384411646972,0.18922012098751978,0.2888985775791596,0.5218813014333206,0.18896461581551674,0.26239380076556806,0.5486415834189152,5.11,3.68,1.76,5.13,3.36,1.86,2024-01-02
2024-01-28,La Liga,Sevilla,Osasuna,D,0.5341436376879507,0.2649282167317394,0.20092814558031002,0.4570428395369496,0.30139357529836,0.24156358516469045,0.46082516078029184,0.287161079417986,0.25201375980172214,2.1,3.37,3.84,2.13,3.23,4.03,2024-01-02
2024-01-28,La Liga,Ath Madrid,Valencia,H,0.6597277681017175,0.21385374778790275,0.12641848411037968,0.6065001470406876,0.24019807803591586,0.15330177492339656,0.6387489735349839,0.21577426175342856,0.14547676471158758,1.51,4.47,6.63,1.6,4.04,6.33,2024-01-02
2024-01-29,La Liga,Getafe,Granada,H,0.555755409142688,0.25113964303491126,0.19310494782240079,0.5198353707230173,0.2825849253639659,0.1975797039130168,0.5309903340681703,0.2761149737154486,0.19289469221638122,1.82,3.5,5.01,1.87,3.44,4.92,2024-01-02
2024-01-31,La Liga,Ath Madrid,Vallecano,H,0.7180834971243985,0.18580954786537637,0.09610695501022537,0.5922360599083997,0.25359455306782647,0.15416938702377386,0.6433181816270495,0.21539671259834245,0.14128510577460823,1.5,4.48,6.83,1.64,3.83,6.3,2024-01-02
2024-01-31,La Liga,Barcelona,Osasuna,H,0.7322459779091547,0.179104844597732,0.08864917749311332,0.7226376441186555,0.16782226050589227,0.10954009537545231,0.7308428422608231,0.16575817040967122,0.10339898732950552,1.32,5.82,9.33,1.34,5.77,8.84,2024-01-02
2024-02-01,La Liga,Getafe,Real Madrid,A,0.17858529894317698,0.26329293724957636,0.5581217638072464,0.14654263654235164,0.25462263882161884,0.5988347246360295,0.14995032929835536,0.2310239523161265,0.6190257183855182,6.44,4.18,1.56,6.62,3.81,1.62,2024-02-01
2024-02-02,La Liga,Ath Bilbao,Mallorca,H,0.5652232169451699,0.27130355179653476,0.16347323125829546,0.6344364800976056,0.24889431142290683,0.11666920847948754,0.6215836871333048,0.24241763798198887,0.13599867488470624,1.56,4.0,7.13,1.53,3.9,8.32,2024-02-01
2024-02-03,La Liga,Valencia,Almeria,H,0.6044141905160714,0.21962591516904345,0.17595989431488487,0.559223637951497,0.25472490315068186,0.18605145889782118,0.5770991661209817,0.2427595988468613,0.1801412350321569,1.67,3.97,5.35,1.74,3.82,5.23,2024-02-01
2024-02-03,La Liga,Granada,Las Palmas,D,0.2539383309216483,0.30050585467928365,0.4455558143990681,0.4399848542218856,0.2928814842862552,0.2671336614918591,0.41690670764711896,0.2994500191149585,0.2836432732379225,2.32,3.23,3.41,2.21,3.32,3.64,2024-02-01
2024-02-03,La Liga,Alaves,Barcelona,A,0.1621181940650237,0.2322284321678012,0.605653373767175,0.2261203501806229,0.2700881960490774,0.5037914537702999,0.22388705123033484,0.2600951996772892,0.5160177490923759,4.31,3.71,1.87,4.3,3.6,1.93,2024-02-01
2024-02-03,La Liga,Girona,Sociedad,D,0.47287144141920523,0.2537893658151788,0.27333919276561586,0.471963427239492,0.2793806494578602,0.24865592330264794,0.44198700297389576,0.28302676506223146,0.2749862319638727,2.19,3.42,3.52,2.06,3.48,3.91,2024-02-01
2024-02-04,La Liga,Villarreal,Cadiz,D,0.6470759425423561,0.21574957835230757,0.13717447910533603,0.6010927606467278,0.23319502280511606,0.16571221654815613,0.581279521866264,0.2400308473378105,0.17868963079592556,1.66,4.02,5.4,1.61,4.15,5.84,2024-02-01
2024-02-04,La Liga,Osasuna,Celta,A,0.4242740695155996,0.29195604728054037,0.2837698832038598,0.44622806643043167,0.31178755923664775,0.2419843743329207,0.40625669595028924,0.30597814441825577,0.2877651596314549,2.38,3.16,3.36,2.18,3.12,4.02,2024-02-01
2024-02-04,La Liga,Betis,Getafe,D,0.47863014748538957,0.29789799711685533,0.22347185539775502,0.46077197435352113,0.30382152058935297,0.2354065050571258,0.5085229563450466,0.2800561208856779,0.2114209227692754,1.9,3.45,4.57,2.11,3.2,4.13,2024-02-01
2024-02-04,La Liga,Real Madrid,Ath Madrid,D,0.5300447321641478,0.24781617861052335,0.22213908922532882,0.5643193762421302,0.23388658485215996,0.20179403890570977,0.541512181393243,0.23741174455171737,0.22107607405503954,1.78,4.06,4.36,1.72,4.15,4.81,2024-02-01
2024-02-05,La Liga,Vallecano,Sevilla,A,0.35919766744543563,0.2886692567512976,0.3521330758032668,0.4526153944485674,0.2985040178111718,0.2488805877402609,0.4439141859596987,0.2880157516048045,0.26807006243549675,2.18,3.36,3.61,2.15,3.26,3.91,2024-02-01
2024-02-09,La Liga,Cadiz,Betis,A,0.24679860964310585,0.31339309647451885,0.43980829388237536,0.31856748798286755,0.32172162152725237,0.35971089048988,0.3119092627599244,0.3276622558286075,0.3604284814114682,3.12,2.97,2.7,3.06,3.03,2.71,2024-02-01
2024-02-10,La Liga,Las Palmas,Valencia,H,0.44616780347419893,0.32479706943626685,0.22903512708953416,0.37430469715698395,0.3243974042027194,0.3012978986402967,0.34104388384454204,0.3328400790785221,0.32611603707693576,2.84,2.91,2.97,2.6,3.0,3.23,2024-02-01
2024-02-10,La Liga,Real Madrid,Girona,H,0.6396871676219799,0.19578251292509435,0.16453031945292576,0.6760093338782491,0.17640389551932412,0.1475867706024269,0.6644890636968713,0.188185379367278,0.14732555693585064,1.45,5.12,6.54,1.43,5.48,6.55,2024-02-01
2024-02-10,La Liga,Sociedad,Osasuna,A,0.5684531532121728,0.2652596113461106,0.16628723544171659,0.5514751989709784,0.29147037543210863,0.15705442559691293,0.5107446183679368,0.3007187939923366,0.18853658763972667,1.89,3.21,5.12,1.76,3.33,6.18,2024-02-01
2024-02-10,La Liga,Alaves,Villarreal,D,0.2928040652387662,0.26059632258557885,0.44659961217565486,0.43796645886381597,0.27939239617174466,0.28264114496443943,0.4321905384912729,0.28307216556153547,0.2847372959471916,2.24,3.42,3.4,2.22,3.48,3.44,2024-02-01
2024-02-11,La Liga,Getafe,Celta,H,0.4374110957828204,0.30267462135590434,0.25991428286127527,0.4386016514459119,0.3161349565616638,0.2452633919924243,0.43156475286551527,0.3078678491779472,0.2605673979565375,2.24,3.14,3.71,2.22,3.08,3.97,2024-02-01
2024-02-11,La Liga,Mallorca,Vallecano,H,0.40039206452618026,0.3164497475870347,0.2831581878867852,0.38746028687889816,0.34609441995232537,0.26644529316877646,0.400251256281407,0.3261306532663316,0.2736180904522613,2.42,2.97,3.54,2.51,2.81,3.65,2024-02-01
2024-02-11,La Liga,Sevilla,Ath Madrid,H,0.26339780985553374,0.2582591580878819,0.47834303205658435,0.257194942745446,0.2685626750214878,0.47424238223306625,0.26883308714918763,0.2658788774002954,0.465288035450517,3.6,3.64,2.08,3.78,3.62,2.05,2024-02-01
2024-02-11,La Liga,Barcelona,Granada,D,0.821167249284762,0.11808419114678681,0.06074855956845096,0.8118977259954728,0.11987075607129188,0.06823151793323536,0.7996287765279424,0.12254847149853523,0.07782275197352236,1.2,7.83,12.33,1.19,8.06,14.16,2024-02-01
2024-02-12,La Liga,Almeria,Ath Bilbao,D,0.2388005937360345,0.2473404098699113,0.5138589963940541,0.20583043201098422,0.26616976413475213,0.5279998038542638,0.208364982909229,0.24230915305734899,0.549325864033422,4.64,3.99,1.76,4.72,3.65,1.84,2024-02-01
2024-02-16,La Liga,Villarreal,Getafe,D,0.5251014398341544,0.25263457407073964,0.22226398609510598,0.46763395983305783,0.2701885101257668,0.2621775300411753,0.48117621308089026,0.2715016621294409,0.24732212478966878,2.02,3.58,3.93,2.08,3.6,3.71,2024-02-01
2024-02-17,La Liga,Ath Madrid,Las Palmas,H,0.533948727238304,0.28515417531393805,0.18089709744775764,0.6563609199996193,0.21829531721335654,0.12534376278702408,0.651131628401013,0.21040934716888632,0.13845902443010047,1.48,4.58,6.96,1.48,4.45,7.75,2024-02-01
2024-02-17,La Liga,Osasuna,Cadiz,H,0.49789953507493073,0.2998773398016231,0.2022231251234461,0.5368916797488227,0.28414442700156983,0.17896389324960754,0.5365727638887259,0.2832348900292394,0.18019234608203477,1.8,3.41,5.36,1.81,3.42,5.43,2024-02-01
2024-02-17,La Liga,Celta,Barcelona,A,0.20108458536407242,0.2413609059081729,0.5575545087277548,0.24484182964083098,0.25659423746359084,0.49856393289557815,0.2364258673442929,0.24922211274179332,0.5143520199139138,4.09,3.88,1.88,3.93,3.75,1.93,2024-02-01
2024-02-17,La Liga,Valencia,Sevilla,D,0.43362674597555195,0.2785465789302817,0.2878266750941665,0.4212374401936075,0.30695851320101997,0.27180404660537244,0.42303539292141573,0.29535092981403716,0.2816136772645471,2.29,3.28,3.44,2.31,3.17,3.58,2024-02-01
2024-02-18,La Liga,Betis,Alaves,D,0.5653854922824176,0.2632601950534521,0.1713543126641301,0.39684378608476273,0.3146496038536145,0.28850661006162276,0.449866806806444,0.29220955729119474,0.2579236359023612,2.15,3.31,3.75,2.45,3.09,3.37,2024-02-01
2024-02-18,La Liga,Mallorca,Sociedad,A,0.252952625802818,0.31781555901826475,0.4292318151789173,0.250096942525085,0.34621961082654124,0.40368344664837374,0.28497288923315256,0.3423702556158017,0.37265685515104563,3.4,2.83,2.6,3.89,2.81,2.41,2024-02-01
2024-02-18,La Liga,Granada,Almeria,D,0.47659026526200693,0.2327091288261571,0.290700605911836,0.42495817924874724,0.28454802060807927,0.29049380014317344,0.44200544094809074,0.27578117255735574,0.2822133864945535,2.19,3.51,3.43,2.29,3.42,3.35,2024-02-01
2024-02-18,La Liga,Vallecano,Real Madrid,D,0.15114157599600564,0.23369003100725974,0.6151683929967345,0.18026421409232526,0.24694357899892516,0.5727922069087495,0.17765344327121282,0.23414033906861303,0.5882062176601742,5.43,4.12,1.64,5.37,3.92,1.69,2024-02-01
2024-02-19,La Liga,Ath Bilbao,Girona,H,0.4146411455833152,0.25444386780900763,0.3309149866076772,0.5190802163306986,0.2652131159941001,0.2157066676752014,0.4970491803278689,0.2544262295081967,0.24852459016393444,1.94,3.79,3.88,1.87,3.66,4.5,2024-02-01
2024-02-23,La Liga,Sociedad,Villarreal,A,0.5102746595662339,0.2513320352851652,0.23839330514860094,0.5869794309355607,0.23913976815893218,0.17388080090550723,0.5632102987026049,0.25227127962720847,0.18451842167018673,1.72,3.84,5.25,1.65,4.05,5.57,2024-02-01
2024-02-24,La Liga,Barcelona,Getafe,H,0.6731384524978676,0.2094348587936982,0.11742668870843401,0.6832364712023664,0.19173829824256133,0.1250252305550722,0.6790369650692035,0.188695203600444,0.13226783133035241,1.42,5.11,7.29,1.42,5.06,7.76,2024-02-01
2024-02-24,La Liga,Alaves,Mallorca,D,0.3846384769787239,0.3214522079617815,0.29390931505949475,0.5104227018897697,0.31054843998471426,0.1790288581255162,0.49312618969793687,0.3127920167663289,0.19408179353573415,1.96,3.09,4.98,1.88,3.09,5.36,2024-02-01
2024-02-24,La Liga,Almeria,Ath Madrid,D,0.15124957827195995,0.1927115495415772,0.656038872186463,0.17981072555205047,0.24605678233438485,0.5741324921135647,0.21199609279023915,0.239945826416813,0.5480580807929479,4.55,4.02,1.76,5.46,3.99,1.71,2024-02-01
2024-02-25,La Liga,Cadiz,Celta,D,0.3206691506515385,0.318759296231375,0.3605715531170863,0.2853768013229388,0.32223009685802034,0.3923931018190409,0.3070202221856871,0.3181295065410903,0.37485027127322257,3.15,3.04,2.58,3.41,3.02,2.48,2024-02-01
2024-02-25,La Liga,Betis,Ath Bilbao,H,0.386204333505219,0.3000665558176813,0.31372911067709963,0.24142430178385652,0.29305419764727164,0.46552150056887176,0.2664800823036163,0.2958173390709869,0.4377025786253969,3.63,3.27,2.21,4.03,3.32,2.09,2024-02-01
2024-02-25,La Liga,Las Palmas,Osasuna,D,0.49146707100246156,0.3153887872779883,0.19314414171955013,0.39398182949025656,0.31290518290705266,0.2931129876026909,0.3970253557389485,0.3197167881198133,0.2832578561412381,2.44,3.03,3.42,2.47,3.11,3.32,2024-02-01
2024-02-25,La Liga,Real Madrid,Sevilla,H,0.7184614186407295,0.17946742635058863,0.10207115500868169,0.747485445873157,0.1562813979216163,0.09623315620522681,0.7313945126070565,0.16037221871118182,0.10823326868176171,1.32,6.02,8.92,1.29,6.17,10.02,2024-02-01
2024-02-26,La Liga,Girona,Vallecano,H,0.6704659763886343,0.1924668289451384,0.13706719466622713,0.5837248835907886,0.2374959085197816,0.1787792078894297,0.5746635600036484,0.23263488694123596,0.19270155305511563,1.68,4.15,5.01,1.66,4.08,5.42,2024-02-01
2024-03-01,La Liga,Celta,Almeria,H,0.5497682572497351,0.2344403620063168,0.21579138074394816,0.5316067760078133,0.25268581820631125,0.21570740578587547,0.5166402232714621,0.25695333855829333,0.22640643817024445,1.88,3.78,4.29,1.83,3.85,4.51,2024-02-01
2024-03-02,La Liga,Valencia,Real Madrid,D,0.18280269481962266,0.2634598419016916,0.5537374632786857,0.1696899596580811,0.24205151352723783,0.588258526814681,0.1759001584107548,0.2434173909320546,0.5806824506571906,5.48,3.96,1.66,5.72,4.01,1.65,2024-03-02
2024-03-02,La Liga,Getafe,Las Palmas,D,0.3554176497984751,0.34863944386290757,0.2959429063386175,0.46944287505684246,0.298081825572903,0.23247529937025452,0.47153826244500047,0.3020791993788284,0.22638253817617118,2.05,3.2,4.27,2.07,3.26,4.18,2024-03-02
2024-03-02,La Liga,Vallecano,Cadiz,D,0.476086784784985,0.3140506723636832,0.20986254285133174,0.551257123888004,0.276413828502247,0.17232904760974901,0.5250189765895152,0.2909743725676832,0.18400665084280154,1.84,3.32,5.25,1.76,3.51,5.63,2024-03-02
2024-03-02,La Liga,Sevilla,Sociedad,H,0.3530674599506243,0.3104998008172869,0.3364327392320889,0.3434626748079575,0.34104392357691554,0.31549340161512707,0.36649621792303877,0.3203807997737823,0.3131229823031788,2.64,3.02,3.09,2.82,2.84,3.07,2024-03-02
2024-03-03,La Liga,Villarreal,Granada,H,0.671867373629784,0.18421668657182838,0.14391593979838768,0.5450255603617774,0.2449862367282737,0.20998820290994885,0.5853281729012947,0.22304653239887673,0.1916252946998286,1.65,4.33,5.04,1.78,3.96,4.62,2024-03-02
2024-03-03,La Liga,Ath Madrid,Betis,H,0.5906964546816406,0.24384745626471124,0.16545608905364803,0.6331507436792141,0.22269439950096495,0.14415485681982104,0.6104532681734881,0.22121930360415396,0.168327428222358,1.58,4.36,5.73,1.53,4.35,6.72,2024-03-02
2024-03-03,La Liga,Mallorca,Girona,H,0.24755246300756598,0.2570705643220893,0.49537697267034464,0.25973969787648266,0.29259833435483296,0.44766196776868444,0.2956481958025962,0.29296048493166355,0.4113913192657403,3.27,3.3,2.35,3.74,3.32,2.17,2024-03-02
2024-03-03,La Liga,Ath Bilbao,Barcelona,D,0.31464880597635936,0.2742504421019708,0.41110075192166984,0.2959520926731895,0.27439815875301327,0.4296497485737971,0.3289057123193393,0.2731589814177564,0.39793530626290435,2.94,3.54,2.43,3.31,3.57,2.28,2024-03-02
2024-03-04,La Liga,Osasuna,Alaves,H,0.4699247491301618,0.3029592038998136,0.2271160469700247,0.3953954487951348,0.3168315322592937,0.2877730189455715,0.39652745190051614,0.31722196152041293,0.2862505865790708,2.44,3.05,3.38,2.46,3.07,3.38,2024-03-02
2024-03-08,La Liga,Barcelona,Mallorca,H,0.7446547214267016,0.1734372348777371,0.08190804369556101,0.6673073038195442,0.20719391660349873,0.12549877957695707,0.6608120673623308,0.20756276474842442,0.13162516788924478,1.47,4.68,7.38,1.45,4.67,7.71,2024-03-02
2024-03-09,La Liga,Valencia,Getafe,H,0.4413432915587876,0.31007969302580357,0.2485770154154087,0.5165620146371828,0.2988112576978165,0.18462672766500068,0.48360083740404747,0.3070481507327285,0.209351011863224,2.0,3.15,4.62,1.88,3.25,5.26,2024-03-02
2024-03-09,La Liga,Cadiz,Ath Madrid,H,0.1382947741245096,0.2498532272158413,0.6118519986596492,0.19518213275730115,0.2628875880227064,0.5419302792199925,0.19465361445783133,0.2567771084337349,0.5485692771084338,4.96,3.76,1.76,4.97,3.69,1.79,2024-03-02
2024-03-09,La Liga,Granada,Sociedad,A,0.24079036226325917,0.2730917954967068,0.486117842240034,0.20495791792807214,0.2906119731815948,0.504430108890333,0.21733123100180435,0.27632113655943696,0.5063476324387588,4.45,3.5,1.91,4.75,3.35,1.93,2024-03-02
2024-03-09,La Liga,Girona,Osasuna,H,0.6399925009229582,0.20799886716107835,0.15200863191596334,0.6334308212460755,0.21584613730656912,0.15072304144735543,0.5959003042502843,0.2298472602108239,0.1742524355388918,1.62,4.2,5.54,1.53,4.49,6.43,2024-03-02
2024-03-10,La Liga,Betis,Villarreal,A,0.45395165425631484,0.26436988198850175,0.28167846375518363,0.45036714713081316,0.26896926842534674,0.2806635844438401,0.46561585292387503,0.26461228800045355,0.26977185907567136,2.08,3.66,3.59,2.15,3.6,3.45,2024-03-02
2024-03-10,La Liga,Real Madrid,Celta,H,0.7572469114533299,0.16682324370349932,0.07592984484317096,0.7450538225061918,0.16035926643345189,0.09458691106035638,0.7468669793518558,0.1571710282812225,0.09596199236692173,1.29,6.13,10.04,1.3,6.04,10.24,2024-03-02
2024-03-10,La Liga,Alaves,Vallecano,H,0.3895265822618561,0.3171558385633822,0.29331757917476164,0.46049267227938884,0.31142292900945845,0.22808439871115269,0.4395159820680103,0.3119145679192331,0.24856945001275646,2.2,3.1,3.89,2.11,3.12,4.26,2024-03-02
2024-03-10,La Liga,Las Palmas,Ath Bilbao,A,0.3394248839978292,0.3338998198011463,0.3266752962010245,0.20077384873762444,0.27786180212112493,0.5213643491412506,0.23339654532712206,0.28587624190955185,0.4807272127633261,4.14,3.38,2.01,4.83,3.49,1.86,2024-03-02
2024-03-11,La Liga,Almeria,Sevilla,D,0.2976041298261781,0.265703014831152,0.43669285534266994,0.2773443041566179,0.2821676833593417,0.44048801248404024,0.3114566974374689,0.2882828360209906,0.4002604665415406,3.11,3.36,2.42,3.51,3.45,2.21,2024-03-02
2024-03-15,La Liga,Sociedad,Cadiz,H,0.6251516656527275,0.2606777354150331,0.11417059893223948,0.6716685598134752,0.22598194535780472,0.10234949482872004,0.6537118748675812,0.23313098188048675,0.11315714325193217,1.48,4.15,8.55,1.44,4.28,9.45,2024-03-02
2024-03-16,La Liga,Mallorca,Granada,H,0.4652789284045034,0.2782989022904926,0.25642216930500406,0.5220053994310667,0.28982986356471163,0.1881647370042217,0.5250878718479419,0.2816797913120154,0.19323233684004262,1.84,3.43,5.0,1.86,3.35,5.16,2024-03-02
2024-03-16,La Liga,Osasuna,Real Madrid,A,0.15413262359797394,0.24849731251149446,0.5973700638905316,0.13285246766851455,0.21715123078553164,0.6499963015459538,0.15742932220130829,0.22097877336513913,0.6215919044335526,6.12,4.36,1.55,7.29,4.46,1.49,2024-03-02
2024-03-16,La Liga,Getafe,Girona,H,0.29964872205583976,0.26744821300729077,0.4329030649368694,0.2605091158044123,0.28329416966485643,0.45619671453073135,0.30919625367056813,0.2718495151654153,0.4189542311640166,3.13,3.56,2.31,3.73,3.43,2.13,2024-03-02
2024-03-16,La Liga,Ath Bilbao,Alaves,H,0.6067957316705651,0.2523283660841639,0.14087590224527105,0.6028780024251795,0.25746248909934727,0.13965950847547323,0.6212987716151737,0.23603262156949,0.14266860681533616,1.55,4.08,6.75,1.61,3.77,6.95,2024-03-02
2024-03-17,La Liga,Ath Madrid,Barcelona,A,0.4429830724259428,0.25763274351860566,0.29938418405545125,0.4299213969995863,0.2730420014370632,0.29703660156335054,0.4002285420229753,0.2646319868020765,0.33513947117494813,2.42,3.66,2.89,2.28,3.59,3.3,2024-03-02
2024-03-17,La Liga,Sevilla,Celta,A,0.4965756031193655,0.2726802595796465,0.23074413730098803,0.48384335544618023,0.27241600684784933,0.24374063770597043,0.4785512458258413,0.28158232725404575,0.23986642692011304,2.03,3.45,4.05,2.01,3.57,3.99,2024-03-02
2024-03-17,La Liga,Las Palmas,Almeria,A,0.567859853306749,0.2609258795945826,0.17121426709866855,0.5506317040602211,0.24534475927746552,0.20402353666231346,0.5036876126587126,0.2649534839191036,0.2313589034221838,1.92,3.65,4.18,1.76,3.95,4.75,2024-03-02
2024-03-17,La Liga,Villarreal,Valencia,H,0.5121095789990008,0.25301135280581954,0.23487906819517962,0.4325517220915828,0.2833087302588145,0.2841395476496028,0.4544746211479011,0.2773727630501517,0.2681526158019472,2.13,3.49,3.61,2.24,3.42,3.41,2024-03-02
2024-03-17,La Liga,Vallecano,Betis,H,0.2993842941164488,0.3089680357559498,0.3916476701276015,0.37552682196223525,0.31173540669300936,0.3127377713447554,0.38536019341744254,0.29222177808996397,0.32241802849259354,2.51,3.31,3.0,2.59,3.12,3.11,2024-03-02
2024-03-29,La Liga,Cadiz,Granada,H,0.38553970150784767,0.3006751161248263,0.3137851823673262,0.521688500727802,0.2887918486171761,0.18951965065502183,0.48147572710599823,0.2885996939923194,0.22992457890168236,2.02,3.37,4.23,1.86,3.36,5.12,2024-03-02
2024-03-30,La Liga,Getafe,Sevilla,A,0.37050156707401943,0.31089010314308557,0.3186083297828948,0.35929820195358675,0.3245660424314067,0.3161357556150065,0.3811556918622074,0.3034907389749238,0.3153535691628687,2.54,3.19,3.07,2.71,3.0,3.08,2024-03-02
2024-03-30,La Liga,Almeria,Osasuna,A,0.3615742387299187,0.27988437079735645,0.3585413904727249,0.3849404312265377,0.2978285293587585,0.3172310394147037,0.36774638126597947,0.2975916869937003,0.33466193174032033,2.63,3.25,2.89,2.53,3.27,3.07,2024-03-02
2024-03-30,La Liga,Valencia,Mallorca,D,0.4960854102738732,0.29655855297413813,0.20735603675198863,0.4481199420495245,0.32199346829386366,0.22988658965661182,0.46266607784133895,0.3234020410329091,0.21393188112575184,2.09,2.99,4.52,2.17,3.02,4.23,2024-03-02
2024-03-30,La Liga,Barcelona,Las Palmas,H,0.6284538638797256,0.2376733748538434,0.133872761266431,0.7649848640999712,0.1445098843727082,0.09050525152732053,0.7561824471641617,0.1479740690136341,0.09584348382220413,1.27,6.49,10.02,1.26,6.67,10.65,2024-03-02
2024-03-31,La Liga,Celta,Vallecano,D,0.47105103821079525,0.28681125918385597,0.2421377026053486,0.506658767162103,0.27325416655933643,0.22008706627856056,0.49052809287278076,0.2842177479292289,0.22525415919799022,1.97,3.4,4.29,1.92,3.56,4.42,2024-03-02
2024-03-31,La Liga,Girona,Betis,H,0.527867357898638,0.2419821369870167,0.23015050511434526,0.5610099934212588,0.23846370727734092,0.20052629930140034,0.538628576349801,0.24224752554425724,0.2191238981059418,1.79,3.98,4.4,1.73,4.07,4.84,2024-03-02
2024-03-31,La Liga,Alaves,Sociedad,A,0.2417692873429767,0.31665556731938715,0.44157514533763625,0.23547079456428138,0.32328663544138964,0.44124256999432904,0.2782403722524949,0.3249249984693566,0.39683462927814855,3.48,2.98,2.44,4.16,3.03,2.22,2024-03-02
2024-03-31,La Liga,Real Madrid,Ath Bilbao,H,0.6325657604497635,0.23095915005232226,0.13647508949791418,0.6141876904384027,0.22620432421740708,0.1596079853441902,0.6144191596065712,0.22124726618860477,0.164333574204824,1.57,4.36,5.87,1.58,4.29,6.08,2024-03-02
2024-04-01,La Liga,Villarreal,Ath Madrid,A,0.34477239703544216,0.24352596546813843,0.41170163749641936,0.2901930568969821,0.26860844935919004,0.44119849374382797,0.323357062570251,0.2599025852379168,0.41674035219183214,2.99,3.72,2.32,3.36,3.63,2.21,2024-04-01
2024-04-04,La Liga,Granada,Valencia,A,0.3113037081598638,0.27310554564936124,0.41559074619077513,0.3090507726269316,0.30708854549914155,0.38386068187392697,0.2870664018139624,0.29950890839413424,0.4134246897919033,3.37,3.23,2.34,3.13,3.15,2.52,2024-04-01
2024-04-12,La Liga,Betis,Celta,H,0.5181488503465023,0.2648069943583025,0.21704415529519538,0.5166222835810026,0.2660958611321328,0.21728185528686464,0.4589919897923017,0.27801800524562276,0.26299000496207553,2.12,3.5,3.7,1.88,3.65,4.47,2024-04-01
2024-04-13,La Liga,Mallorca,Real Madrid,A,0.13947671147227153,0.2453598507233164,0.6151634378044123,0.1863689006913817,0.27222423696493964,0.5414068623436787,0.18956635759108365,0.26219911960288467,0.5482345228060317,5.09,3.68,1.76,5.2,3.56,1.79,2024-04-01
2024-04-13,La Liga,Cadiz,Barcelona,A,0.13339120029578438,0.23623423179970915,0.6303745679045065,0.2586246028143441,0.28268270540172497,0.45869269178393096,0.21809841670663238,0.27605028171725177,0.5058513015761159,4.43,3.5,1.91,3.76,3.44,2.12,2024-04-01
2024-04-13,La Liga,Ath Madrid,Girona,H,0.5583403786114711,0.21766760474238833,0.22399201664614043,0.5114671490406356,0.24917630337877122,0.23935654758059305,0.49050161685481697,0.2490433467020592,0.26045503644312384,1.97,3.88,3.71,1.9,3.9,4.06,2024-04-01
2024-04-13,La Liga,Vallecano,Getafe,D,0.37605800881033313,0.31987871822142555,0.3040632729682414,0.38154612507831326,0.32539886921394606,0.2930550057077406,0.4281507677852051,0.3151859072294995,0.25666332498529537,2.26,3.07,3.77,2.55,2.99,3.32,2024-04-01
2024-04-14,La Liga,Sociedad,Almeria,D,0.6878031226818146,0.1952939254966982,0.11690295182148702,0.7496716641393794,0.17279666017397044,0.07753167568665022,0.7182907829293189,0.18092286637693372,0.10078635069374736,1.34,5.32,9.55,1.3,5.64,12.57,2024-04-01
2024-04-14,La Liga,Ath Bilbao,Villarreal,D,0.49511378369163467,0.2504208850961879,0.25446533121217735,0.5989050764636684,0.22721925617591168,0.17387566736041987,0.5431841265235056,0.24051436448055719,0.21630150899593734,1.78,4.02,4.47,1.62,4.27,5.58,2024-04-01
2024-04-14,La Liga,Granada,Alaves,H,0.4207475670925896,0.2824556973183308,0.2967967355890797,0.358958571211454,0.31999267367863177,0.3210487551099143,0.3103684448111078,0.3083915757358779,0.38123997945301435,3.12,3.14,2.54,2.71,3.04,3.03,2024-04-01
2024-04-14,La Liga,Las Palmas,Sevilla,A,0.3745207365311395,0.3123419868946284,0.313137276574232,0.34500370929966095,0.30121066880032316,0.35378562190001595,0.3460541887997232,0.31156004136309484,0.34238576983718194,2.8,3.11,2.83,2.82,3.23,2.75,2024-04-01
2024-04-15,La Liga,Osasuna,Valencia,A,0.3874480292549064,0.3048850692499794,0.3076669014951143,0.3987504928274649,0.32004973766414946,0.28119976950838566,0.4350733455826982,0.30482845868851466,0.260098195728787,2.2,3.14,3.68,2.44,3.04,3.46,2024-04-01
2024-04-19,La Liga,Ath Bilbao,Granada,D,0.6988886110058355,0.18827706692643506,0.1128343220677293,0.7566446458749424,0.16141752445332103,0.08193782967173657,0.7594407162785579,0.15961972361848178,0.08093956010296037,1.28,6.09,12.01,1.28,6.0,11.82,2024-04-01
2024-04-20,La Liga,Celta,Las Palmas,H,0.4044719431641425,0.3127027301374087,0.282825326698449,0.5741076650647807,0.24688090431538917,0.17901143061983016,0.5476980089931666,0.25912593973870246,0.19317605126813087,1.76,3.72,4.99,1.69,3.93,5.42,2024-04-01
2024-04-20,La Liga,Vallecano,Osasuna,H,0.38879097121761175,0.30667643323123245,0.30453259555115575,0.45607119621752695,0.316427246887079,0.22750155689539403,0.43131615619533314,0.3096628813710084,0.2590209624336585,2.24,3.12,3.73,2.13,3.07,4.27,2024-04-01
2024-04-20,La Liga,Valencia,Betis,A,0.3906755225006659,0.2998302523019921,0.30949422519734193,0.3474856727742352,0.31108241181693436,0.34143191540883033,0.43007420210388286,0.2950204130285782,0.2749053848675388,2.25,3.28,3.52,2.82,3.15,2.87,2024-04-01
2024-04-20,La Liga,Girona,Cadiz,H,0.7040240424381973,0.1903336136530177,0.1056423439087849,0.692552225249773,0.19391462306993643,0.11353315168029066,0.6743787174576125,0.19721095418494594,0.1284103283574415,1.43,4.89,7.51,1.4,5.0,8.54,2024-04-01
2024-04-21,La Liga,Getafe,Sociedad,D,0.2998598415393093,0.3173386738470018,0.3828014846136887,0.24906499545132926,0.31618315980996664,0.43475184473870415,0.24927763106881345,0.315047950666774,0.4356744182644126,3.88,3.07,2.22,3.91,3.08,2.24,2024-04-01
2024-04-21,La Liga,Almeria,Villarreal,A,0.2584929423198845,0.2225382109225568,0.5189688467575586,0.2727923450404155,0.23919722865612789,0.48801042630345676,0.28645881088693853,0.24961765148153173,0.46392353763152977,3.32,3.81,2.05,3.56,4.06,1.99,2024-04-01
2024-04-21,La Liga,Alaves,Ath Madrid,H,0.18007034941102926,0.2579986388539084,0.5619310117350621,0.1799608780699848,0.2811562703760052,0.53888285155401,0.22968371811975738,0.2844024862600525,0.48591379562019016,4.21,3.4,1.99,5.39,3.45,1.8,2024-04-01
2024-04-21,La Liga,Real Madrid,Barcelona,H,0.5160159169223821,0.24872758869289857,0.2352564943847195,0.5628178329641531,0.22128973886999653,0.2158924281658503,0.5138943095777067,0.24397002575911328,0.24213566466318007,1.88,3.96,3.99,1.73,4.4,4.51,2024-04-01
2024-04-22,La Liga,Sevilla,Mallorca,H,0.5172811603817074,0.2826957965773421,0.20002304304095045,0.4582245248502283,0.30937451996257453,0.23240095518719717,0.4787363064713869,0.32021435068615944,0.20104934284245354,2.02,3.02,4.81,2.12,3.14,4.18,2024-04-01
2024-04-26,La Liga,Sociedad,Real Madrid,A,0.2590308787055826,0.2826681882696695,0.45830093302474784,0.41061411528346814,0.30316369259246717,0.2862221921240646,0.3881305274598273,0.30161226746878217,0.31025720507139054,2.51,3.23,3.14,2.37,3.21,3.4,2024-04-01
2024-04-27,La Liga,Ath Madrid,Ath Bilbao,H,0.5253595572519782,0.25874192415318537,0.21589851859483628,0.49309681086957247,0.27833831444500223,0.22856487468542536,0.4906192420062504,0.2707338674376228,0.23864689055612676,1.97,3.57,4.05,1.97,3.49,4.25,2024-04-01
2024-04-27,La Liga,Alaves,Celta,H,0.3497166749433628,0.3094624092732041,0.34082091578343304,0.3651155172144829,0.3132926696098466,0.32159181317567037,0.3585462269160422,0.31329281963537675,0.32816095344858104,2.7,3.09,2.95,2.66,3.1,3.02,2024-04-01
2024-04-27,La Liga,Las Palmas,Girona,A,0.30919301863575227,0.27698751188867965,0.41381946947556797,0.18442458351852545,0.23705306222990957,0.578522354251565,0.21514124021818598,0.2391049922226869,0.5457537675591272,4.49,4.04,1.77,5.27,4.1,1.68,2024-04-01
2024-04-27,La Liga,Almeria,Getafe,A,0.34393196514261437,0.2827688701582332,0.3732991646991525,0.3755563798219585,0.30021327893175076,0.32423034124629085,0.35427799423408646,0.2887902437847553,0.3569317619811582,2.69,3.3,2.67,2.59,3.24,3.0,2024-04-01
2024-04-28,La Liga,Cadiz,Mallorca,D,0.33697318343927546,0.35281068911581004,0.31021612744491467,0.34018175866315414,0.34997116179015136,0.3098470795466945,0.3601427190961124,0.33992418048019024,0.2999331004236973,2.69,2.85,3.23,2.86,2.78,3.14,2024-04-01
2024-04-28,La Liga,Granada,Osasuna,H,0.3508385740989762,0.2707994210591773,0.3783620048418464,0.4070373358872458,0.3118010361443966,0.2811616279683577,0.3667054714784634,0.3073341094295693,0.3259604190919674,2.64,3.15,2.97,2.39,3.12,3.46,2024-04-01
2024-04-28,La Liga,Villarreal,Vallecano,H,0.6070750437029647,0.22306148372340517,0.1698634725736301,0.5423979429745515,0.25617211554734753,0.20142994147810106,0.5548612934278463,0.24566377876958082,0.19947492780257287,1.74,3.93,4.84,1.79,3.79,4.82,2024-04-01
2024-04-28,La Liga,Betis,Sevilla,D,0.45744577010041537,0.27568759609387034,0.2668666338057142,0.49100087136804776,0.276974850515309,0.23202427811664308,0.46514790887453245,0.2828969738184291,0.25195511730703846,2.08,3.42,3.84,1.98,3.51,4.19,2024-04-01
2024-04-29,La Liga,Barcelona,Valencia,H,0.6792688765570091,0.20326026802358674,0.11747085541940419,0.7279283528392326,0.16521240772631046,0.10685923943445688,0.7072224304481617,0.1751953561765938,0.11758221337524451,1.36,5.49,8.18,1.33,5.86,9.06,2024-04-01
2024-05-03,La Liga,Getafe,Ath Bilbao,A,0.3195071724000856,0.3168916174498632,0.363601210150051,0.24715896815451754,0.3113252387330942,0.44151579311238814,0.23821422622022326,0.2945194069631851,0.4672663668165917,4.08,3.3,2.08,3.93,3.12,2.2,2024-05-03
2024-05-04,La Liga,Sociedad,Las Palmas,H,0.5767251680093689,0.27334381621588094,0.14993101577475015,0.7187036071760832,0.1906188349091773,0.09067755791473948,0.7093067365435457,0.189893142066776,0.10080012138967838,1.36,5.08,9.57,1.35,5.09,10.7,2024-05-03
2024-05-04,La Liga,Real Madrid,Cadiz,H,0.8158618714285181,0.13883728670032885,0.04530084187115336,0.7108396847018602,0.192195222901497,0.0969650923966429,0.7131637086288728,0.1740996395386941,0.11273665183243306,1.35,5.53,8.54,1.36,5.03,9.97,2024-05-03
2024-05-04,La Liga,Girona,Barcelona,H,0.3536701572574513,0.23457562726667716,0.41175421547587154,0.33214601129421767,0.2501768157048992,0.41767717300088325,0.35183002794706897,0.25000841779184485,0.39816155426108624,2.75,3.87,2.43,2.93,3.89,2.33,2024-05-03
2024-05-04,La Liga,Mallorca,Ath Madrid,A,0.2080136514865543,0.2766508542181953,0.5153354942952504,0.24951076320939342,0.31800391389432486,0.43248532289628183,0.25296263533815344,0.30579660347840065,0.4412407611834458,3.82,3.16,2.19,3.9,3.06,2.25,2024-05-03
2024-05-05,La Liga,Vallecano,Almeria,A,0.5037417780130814,0.2608881453839956,0.23537007660292295,0.5817778347669305,0.24472770379364578,0.17349446143942387,0.6028708133971291,0.2296650717703349,0.16746411483253587,1.6,4.2,5.76,1.67,3.97,5.6,2024-05-03
2024-05-05,La Liga,Sevilla,Granada,H,0.6210997654491984,0.21496617781845442,0.16393405673234707,0.5637604228624015,0.2461086109957691,0.1901309661418295,0.5774647117649309,0.23636423251162608,0.18617105572344295,1.67,4.08,5.18,1.72,3.94,5.1,2024-05-03
2024-05-05,La Liga,Osasuna,Betis,A,0.3345634543094086,0.2973898008012808,0.3680467448893108,0.284325637910085,0.3001215066828676,0.41555285540704745,0.30066111720778355,0.2942640721608094,0.40507481063140716,3.22,3.29,2.39,3.42,3.24,2.34,2024-05-03
2024-05-05,La Liga,Celta,Villarreal,H,0.34468729846274654,0.25231498386703727,0.40299771767021625,0.34262481103516923,0.26659026392873436,0.3907849250360965,0.39676217591470797,0.2623576447782893,0.34088017930700265,2.44,3.69,2.84,2.84,3.65,2.49,2024-05-03
2024-05-05,La Liga,Valencia,Alaves,A,0.5018585491583426,0.2956259985659611,0.20251545227569623,0.4360587078051237,0.31267232103068354,0.25126897116419267,0.4492808544831241,0.3296770775217463,0.22104206799512968,2.15,2.93,4.37,2.23,3.11,3.87,2024-05-03
2024-05-10,La Liga,Alaves,Girona,D,0.2494150269927884,0.25666848880534177,0.49391648420186984,0.3049469457459064,0.2665152758710798,0.4285377783830138,0.2726702594683079,0.2681633130308152,0.45916642750087694,3.57,3.63,2.12,3.19,3.65,2.27,2024-05-03
2024-05-11,La Liga,Mallorca,Las Palmas,H,0.40657523886490887,0.3400150585809454,0.25340970255414597,0.5908883784512662,0.27452037979038996,0.13459124175834397,0.5852538546520005,0.28557567606513284,0.12917046928286663,1.62,3.32,7.34,1.64,3.53,7.2,2024-05-03
2024-05-11,La Liga,Villarreal,Sevilla,H,0.5143250903285578,0.23857964235927534,0.24709526731216694,0.48179684515037396,0.2508323781452978,0.26737077670432835,0.516104176298351,0.24102327014948371,0.24287255355216522,1.84,3.94,3.91,2.02,3.88,3.64,2024-05-03
2024-05-11,La Liga,Granada,Real Madrid,A,0.11001887709714524,0.17781325860829608,0.7121678642945585,0.16798067379538945,0.21070619299986895,0.6213131332047417,0.1780589524280766,0.20682830282038595,0.6151127447515373,5.32,4.58,1.54,5.77,4.6,1.56,2024-05-03
2024-05-11,La Liga,Ath Bilbao,Osasuna,D,0.5725916065442648,0.2598912780358731,0.16751711541986228,0.6855448999055848,0.21151385314373622,0.10294124695067886,0.6529176174636429,0.22068311079773476,0.12639927173862245,1.45,4.29,7.49,1.41,4.57,9.39,2024-05-03
2024-05-12,La Liga,Cadiz,Getafe,H,0.2977246937046832,0.341677217554088,0.36059808874122884,0.45661544524633085,0.30204686284928095,0.24133769190438825,0.45325129060854147,0.2901913750847369,0.25655733430672156,2.1,3.28,3.71,2.13,3.22,4.03,2024-05-03
2024-05-12,La Liga,Ath Madrid,Celta,H,0.6918804617054667,0.18942947286576745,0.11869006542876588,0.6972768760665105,0.19041549267828087,0.11230763125520851,0.661655927116057,0.2242104207999909,0.11413365208395194,1.43,4.22,8.29,1.39,5.09,8.63,2024-05-03
2024-05-12,La Liga,Valencia,Vallecano,D,0.4995448165865258,0.29143074568862776,0.20902443772484636,0.4265521869426927,0.31271350039528595,0.2607343126620213,0.41981333919298686,0.31765875998936005,0.2625279008176529,2.27,3.0,3.63,2.28,3.11,3.73,2024-05-03
2024-05-12,La Liga,Betis,Almeria,H,0.6546634089764944,0.2031832061493355,0.14215338487417017,0.7066381156316915,0.17601713062098498,0.11734475374732332,0.7020025943870221,0.1798298866076812,0.11816751900529675,1.35,5.27,8.02,1.37,5.5,8.25,2024-05-03
2024-05-13,La Liga,Barcelona,Sociedad,H,0.5909446093397857,0.2373627311595545,0.17169265950065973,0.5608028569726642,0.244380086287836,0.19481705673949976,0.5301230494038028,0.25372199423337083,0.21615495636282625,1.79,3.74,4.39,1.73,3.97,4.98,2024-05-03
2024-05-14,La Liga,Girona,Villarreal,A,0.5492139058564778,0.2071483330548507,0.2436377610886716,0.563713349844212,0.21642566110090275,0.21986098905488535,0.5649585804173646,0.21216785116110634,0.22287356842152914,1.72,4.58,4.36,1.72,4.48,4.41,2024-05-03
2024-05-14,La Liga,Real Madrid,Alaves,H,0.7864117394101732,0.15460713748344512,0.05898112310638161,0.8020563126773725,0.12953803165717995,0.06840565566544754,0.7996396181992809,0.13164135211171835,0.0687190296890007,1.21,7.35,14.08,1.2,7.43,14.07,2024-05-03
2024-05-14,La Liga,Osasuna,Mallorca,D,0.42861217236974236,0.31746874783888157,0.25391907979137607,0.3517419936711321,0.3359742491272538,0.31228375720161405,0.33792068059552105,0.33329163017640434,0.32878768922807455,2.88,2.92,2.96,2.77,2.9,3.12,2024-05-03
2024-05-15,La Liga,Sevilla,Cadiz,A,0.5945018941620019,0.25814177674451744,0.14735632909348081,0.4440334232744364,0.2843371920967882,0.2716293846287753,0.5037234622745347,0.2621000128908148,0.23417652483465048,1.92,3.69,4.13,2.19,3.42,3.58,2024-05-03
2024-05-15,La Liga,Vallecano,Granada,H,0.4761601345676059,0.27045598205892857,0.2533838833734657,0.6245106458916562,0.22992672235916084,0.14556263174918302,0.5746824048822045,0.2547404855414521,0.1705771095763434,1.68,3.79,5.66,1.55,4.21,6.65,2024-05-03
2024-05-15,La Liga,Celta,Ath Bilbao,H,0.3165747668028908,0.28957405437905404,0.39385117881805515,0.4234713901703928,0.30061240660243926,0.2759162032271681,0.3665016931492576,0.28444907528002084,0.34904923157072154,2.6,3.35,2.73,2.3,3.24,3.53,2024-05-03
2024-05-15,La Liga,Getafe,Ath Madrid,A,0.24969310499397004,0.2802548248808249,0.47005207012520495,0.19019624794674506,0.25866689720757324,0.5511368548456816,0.1984323484456122,0.26869876078471,0.5328688907696777,4.78,3.53,1.78,5.1,3.75,1.76,2024-05-03
2024-05-16,La Liga,Las Palmas,Betis,D,0.30130191083148516,0.3149796583724447,0.38371843079607026,0.30049261083743845,0.30049261083743845,0.3990147783251232,0.2334095200238498,0.26330120242472427,0.503289277551426,4.14,3.67,1.92,3.24,3.24,2.44,2024-05-03
2024-05-16,La Liga,Almeria,Barcelona,A,0.13008369659729263,0.1779880459586704,0.691928257444037,0.13553713489395428,0.17716462787783785,0.6872982372282079,0.1415215185240638,0.1769670553919693,0.6815114260839669,6.79,5.43,1.41,7.15,5.47,1.41,2024-05-03
2024-05-16,La Liga,Sociedad,Valencia,H,0.509028506281495,0.28565420357262916,0.20531729014587585,0.6591807608392526,0.2258731278400236,0.11494611132072377,0.5816207832493214,0.25746413338503293,0.16091508336564556,1.66,3.75,6.0,1.47,4.29,8.43,2024-05-03
2024-05-18,La Liga,Alaves,Getafe,H,0.3499926908586078,0.33138797434065365,0.3186193348007385,0.48810545902805846,0.2865279833232556,0.22536655764868596,0.4667161697187738,0.30380580859052253,0.2294780216907035,2.07,3.18,4.21,1.99,3.39,4.31,2024-05-03
2024-05-19,La Liga,Mallorca,Almeria,D,0.49653502226646484,0.2726612690162145,0.23080370871732073,0.6983045673807159,0.2052100102873562,0.09648542233192792,0.6389784214362875,0.22356691813846463,0.1374546604252479,1.48,4.23,6.88,1.39,4.73,10.06,2024-05-03
2024-05-19,La Liga,Villarreal,Real Madrid,D,0.24007368144082972,0.23651443676069112,0.5234118817984792,0.32207690806168265,0.24562430867330343,0.432298783265014,0.2974181744256963,0.24720471640577352,0.4553771091685303,3.2,3.85,2.09,3.02,3.96,2.25,2024-05-03
2024-05-19,La Liga,Valencia,Girona,A,0.338720150038122,0.25987204467367975,0.40140780528819825,0.24393002814577242,0.25820252979259956,0.4978674420616279,0.31176823486153316,0.26561260232616646,0.42261916281230044,3.05,3.58,2.25,3.98,3.76,1.95,2024-05-03
2024-05-19,La Liga,Granada,Celta,A,0.3831110458902914,0.2621778865260236,0.35471106758368515,0.24142430178385652,0.29305419764727164,0.46552150056887176,0.24977753953363707,0.26958992227284906,0.4806325381935138,3.81,3.53,1.98,4.03,3.32,2.09,2024-05-03
2024-05-19,La Liga,Cadiz,Las Palmas,D,0.34489025554920943,0.3506333447129882,0.3044763997378026,0.5037779084753063,0.2834668697834813,0.21275522174121247,0.5138872882332602,0.27716952863893046,0.20894318312780916,1.85,3.43,4.55,1.93,3.43,4.57,2024-05-03
2024-05-19,La Liga,Betis,Sociedad,A,0.3862203094926896,0.30064169017974884,0.3131380003275617,0.28045074942010284,0.3190701968812318,0.4004790536986653,0.35846196251378165,0.31160418963616315,0.3299338478500551,2.66,3.06,2.89,3.47,3.05,2.43,2024-05-03
2024-05-19,La Liga,Barcelona,Vallecano,H,0.7532562985264507,0.16664984394731208,0.08009385752623707,0.7432524566838103,0.15944359631830915,0.09730394699788052,0.7451464220866892,0.15806136226081285,0.09679221565249779,1.26,5.94,9.7,1.3,6.06,9.93,2024-05-03
2024-05-19,La Liga,Ath Madrid,Osasuna,A,0.6934886810883276,0.19530298772857807,0.11120833118309428,0.7399275954688777,0.16828214410837322,0.09179026042274903,0.6808286963690586,0.19432276960020356,0.12484853403073766,1.39,4.87,7.58,1.31,5.76,10.56,2024-05-03
2024-05-19,La Liga,Ath Bilbao,Sevilla,H,0.4924125685536405,0.27495962769441756,0.23262780375194186,0.620674583273905,0.22465251737988212,0.15467289934621276,0.5573895940072577,0.25001644058373035,0.1925939654090118,1.7,3.79,4.92,1.56,4.31,6.26,2024-05-03
2024-05-24,La Liga,Girona,Granada,H,0.7517946236636853,0.1458394264907245,0.10236594984559014,0.7907618618799612,0.1272730173474344,0.0819651207726043,0.7792973250488137,0.1316818194680821,0.08902085548310419,1.22,7.22,10.68,1.22,7.58,11.77,2024-05-03
2024-05-25,La Liga,Osasuna,Villarreal,D,0.31966430222971565,0.26333474721259964,0.4170009505576846,0.377199289223995,0.25277251070075507,0.3700282000752499,0.3320239459557271,0.25472736594487,0.4132486880994028,2.9,3.78,2.33,2.58,3.85,2.63,2024-05-03
2024-05-25,La Liga,Sociedad,Ath Madrid,A,0.35320844427012654,0.2859253781896352,0.36086617754023803,0.3618338573109341,0.29054718691534703,0.3476189557737188,0.3982513088197876,0.2761513373478183,0.3255973538323939,2.42,3.49,2.96,2.69,3.35,2.8,2024-05-03
2024-05-25,La Liga,Almeria,Cadiz,H,0.4515614037011795,0.2846999604991993,0.2637386357996213,0.4379072127819794,0.25924106996693186,0.3028517172510886,0.46212603437301075,0.26479949077021003,0.27307447485677916,2.08,3.63,3.52,2.22,3.75,3.21,2024-05-03
2024-05-25,La Liga,Vallecano,Ath Bilbao,A,0.2729683321664547,0.3076985895233588,0.4193330783101865,0.29580746223988424,0.300372392212722,0.40382014554739387,0.33532707245121657,0.27186121410592984,0.39281171344285365,2.87,3.54,2.45,3.29,3.24,2.41,2024-05-03
2024-05-25,La Liga,Real Madrid,Betis,D,0.6974800277650682,0.19502039870982898,0.10749957352510278,0.8011652093335042,0.11957689691544841,0.0792578937510474,0.7085192082809997,0.1686950495907142,0.1227857421282862,1.35,5.67,7.79,1.2,8.04,12.13,2024-05-03
2024-05-26,La Liga,Las Palmas,Alaves,D,0.40454387229465083,0.3332714141070919,0.26218471359825735,0.4093628634407474,0.2783667471397082,0.31227038941954444,0.3806767220614213,0.2883569182082023,0.3309663597303765,2.53,3.34,2.91,2.38,3.5,3.12,2024-05-03
2024-05-26,La Liga,Sevilla,Barcelona,A,0.26181727674295546,0.25430688331752,0.4838758399395246,0.20507497754128945,0.22095777762421395,0.5739672448344966,0.24135740072202166,0.23372322503008425,0.5249193742478941,3.98,4.11,1.83,4.73,4.39,1.69,2024-05-03
2024-05-26,La Liga,Getafe,Mallorca,A,0.45042269647092475,0.3235945148074551,0.22598278872162,0.4037609657003862,0.31088304387793314,0.2853559904216806,0.4094908486882928,0.29978302006775326,0.2907261312439541,2.35,3.21,3.31,2.41,3.13,3.41,2024-05-03
2024-05-26,La Liga,Celta,Valencia,D,0.39715739955137164,0.29100531156589843,0.31183728888273016,0.5087681175871542,0.2570759535956256,0.23415592881722033,0.49013657056145676,0.2690945877592312,0.24076884167931206,1.96,3.57,3.99,1.91,3.78,4.15,2024-05-03
2024-08-15,La Liga,Ath Bilbao,Getafe,D,0.5616971430884634,0.2696777404685232,0.16862511644301356,0.6030649276556632,0.2617074214354765,0.13522765090886044,0.6498422712933754,0.2334384858044164,0.1167192429022082,1.48,4.12,8.24,1.61,3.71,7.18,2024-08-15
2024-08-15,La Liga,Betis,Girona,D,0.36705492642627546,0.24472412443288288,0.3882209491408416,0.41369865072536194,0.2834378510800584,0.3028634981945796,0.40165568107481553,0.28303806765798406,0.3153062512672005,2.41,3.42,3.07,2.35,3.43,3.21,2024-08-15
2024-08-16,La Liga,Celta,Alaves,H,0.49445959632496284,0.27574523860181405,0.22979516507322312,0.4524494652187677,0.29748206428756896,0.2500684704936634,0.4748605453693539,0.28886175608521525,0.23627769854543093,2.05,3.37,4.12,2.15,3.27,3.89,2024-08-15
2024-08-16,La Liga,Las Palmas,Sevilla,D,0.30578864831054237,0.30619249960490974,0.38801885208454784,0.36767119056352443,0.29979343230564304,0.33253537713083264,0.33926072919371647,0.30144838785943234,0.359290882946851,2.87,3.23,2.71,2.65,3.25,2.93,2024-08-15
2024-08-17,La Liga,Osasuna,Leganes,D,0.4587743208077326,0.3054331529365593,0.23579252625570832,0.5166875083467893,0.29615015722315974,0.18716233443005084,0.5106638543159386,0.2781425604199204,0.2111935852641409,1.89,3.47,4.57,1.88,3.28,5.19,2024-08-15
2024-08-17,La Liga,Valencia,Barcelona,A,0.21715704828585294,0.2536637507033671,0.5291792010107799,0.2279323555589954,0.2610193103982044,0.5110483340428003,0.1974561493486512,0.2507949533285465,0.5517488973228024,4.89,3.85,1.75,4.26,3.72,1.9,2024-08-15
2024-08-18,La Liga,Sociedad,Vallecano,A,0.5864523825280232,0.26686928579178143,0.14667833168019542,0.5411609917655332,0.2882970759703287,0.17054193226413814,0.5989600598581211,0.25922733773429435,0.14181260240758456,1.61,3.72,6.8,1.79,3.36,5.68,2024-08-15
2024-08-18,La Liga,Mallorca,Real Madrid,D,0.13856171390687974,0.23779667794417625,0.6236416081489441,0.10343472451465849,0.20576907961958657,0.6907961958657549,0.12382569673253167,0.2171841227114608,0.6589901805560076,7.77,4.43,1.46,9.35,4.7,1.4,2024-08-15
2024-08-19,La Liga,Valladolid,Espanol,H,0.3620169057316231,0.2712988788511984,0.3666842154171784,0.41744637761207765,0.32859799318788546,0.2539556292000368,0.40530751231761364,0.3155325584492172,0.27915992923316907,2.39,3.07,3.47,2.33,2.96,3.83,2024-08-15
2024-08-19,La Liga,Villarreal,Ath Madrid,D,0.35589516370982727,0.23900008330157452,0.40510475298859816,0.27657742962899207,0.2727037961607989,0.4507187742102092,0.28169095451985154,0.26255434076170947,0.45575470471843904,3.43,3.68,2.12,3.52,3.57,2.16,2024-08-15
2024-08-23,La Liga,Sevilla,Villarreal,A,0.4107756182124962,0.24550167107299067,0.3437227107145131,0.4396613050917329,0.26767258519358944,0.29266610971467766,0.3970414491539178,0.270961434659359,0.3319971161867231,2.45,3.59,2.93,2.21,3.63,3.32,2024-08-15
2024-08-23,La Liga,Celta,Valencia,H,0.42674991989982186,0.2831296846662917,0.2901203954338865,0.44645903590557434,0.28541955961118826,0.2681214044832375,0.4486673867718355,0.28890451907860026,0.26242809414956414,2.17,3.37,3.71,2.18,3.41,3.63,2024-08-15
2024-08-24,La Liga,Getafe,Vallecano,D,0.4420759785530315,0.31804559021936973,0.23987843122759883,0.3553065718811575,0.3514584862651161,0.2932349418537264,0.38284810787197937,0.3305821545788763,0.2865697375491443,2.53,2.93,3.38,2.74,2.77,3.32,2024-08-15
2024-08-24,La Liga,Espanol,Sociedad,A,0.2854797484847475,0.2705879142397319,0.4439323372755209,0.24932830646559195,0.31266250650025995,0.43800918703414793,0.2314393593160038,0.3100693980579794,0.4584912426260169,4.18,3.12,2.11,3.9,3.11,2.22,2024-08-15
2024-08-24,La Liga,Osasuna,Mallorca,H,0.4374485836678911,0.3072277057341135,0.25532371059799525,0.40070248324048724,0.3202983665376264,0.27899915022188654,0.3842119961522946,0.32060073851118626,0.295187265336519,2.52,3.02,3.28,2.43,3.04,3.49,2024-08-15
2024-08-24,La Liga,Barcelona,Ath Bilbao,H,0.591287234920259,0.23194677180023685,0.176765993279504,0.6056894508099566,0.22125642038719878,0.17305412880284474,0.5911914706067538,0.22835120784099733,0.18045732155224883,1.63,4.22,5.34,1.6,4.38,5.6,2024-08-15
2024-08-25,La Liga,Real Madrid,Valladolid,H,0.8561767551720513,0.1056861667805316,0.03813707804741721,0.8513215338303204,0.1004665164147583,0.048211949754921275,0.8267979698272176,0.11367257634522263,0.05952945382755967,1.17,8.51,16.25,1.14,9.66,20.13,2024-08-15
2024-08-25,La Liga,Leganes,Las Palmas,H,0.40216096287844655,0.3411276339645691,0.25671140315698426,0.4040437445976925,0.3224322597617348,0.2735239956405728,0.41787348824869,0.32454840920648254,0.2575781025448275,2.33,3.0,3.78,2.41,3.02,3.56,2024-08-15
2024-08-25,La Liga,Alaves,Betis,D,0.30206448833873956,0.3021659148075989,0.39576959685366164,0.38774178032775625,0.32768749785275014,0.28457072181949356,0.39667231551378834,0.30824218148205207,0.2950855030041596,2.44,3.14,3.28,2.51,2.97,3.42,2024-08-15
2024-08-25,La Liga,Ath Madrid,Girona,H,0.5330036263146001,0.21699465262091286,0.2500017210644871,0.647002772002772,0.21006583506583507,0.14293139293139293,0.6022932935086631,0.22153316542847382,0.17617354106286306,1.6,4.35,5.47,1.5,4.62,6.79,2024-08-15
2024-08-26,La Liga,Villarreal,Celta,H,0.592977980195164,0.21004949707309226,0.19697252273174415,0.5769425523921531,0.23188121722938212,0.1911762303784649,0.48154454331443125,0.26999896359248454,0.24845649309308418,1.94,3.46,3.76,1.68,4.18,5.07,2024-08-15
2024-08-27,La Liga,Mallorca,Sevilla,D,0.33747539793774356,0.30669230428807714,0.3558322977741793,0.41056976337305334,0.30407823099816766,0.285352005628779,0.3943289253743846,0.31318085069927004,0.2924902239263453,2.47,3.11,3.33,2.37,3.2,3.41,2024-08-15
2024-08-27,La Liga,Vallecano,Barcelona,A,0.160613859080682,0.2373679278376624,0.6020182130816557,0.18328472450618774,0.2430015520395321,0.57371372345428,0.17018086880255368,0.23833684328613167,0.5914822879113146,5.7,4.07,1.64,5.29,3.99,1.69,2024-08-15
2024-08-28,La Liga,Ath Bilbao,Valencia,H,0.5310291062951975,0.27439998721359526,0.19457090649120712,0.5540049148444819,0.26062059166071055,0.1853744934948075,0.5915865524970996,0.24662048096426403,0.1617929665386363,1.63,3.91,5.96,1.75,3.72,5.23,2024-08-15
2024-08-28,La Liga,Valladolid,Leganes,D,0.3556626599407782,0.3261132537420064,0.3182240863172154,0.43895693401817465,0.32161201106282106,0.23943105491900435,0.41361768734102916,0.3204852279397378,0.26589708471923296,2.34,3.02,3.64,2.22,3.03,4.07,2024-08-15
2024-08-28,La Liga,Ath Madrid,Espanol,D,0.7420274368285791,0.1577489686143569,0.10022359455706416,0.762100545135622,0.16920763851787415,0.0686918163465039,0.7447554740481612,0.17531652582520585,0.07992800012663297,1.29,5.48,12.02,1.27,5.72,14.09,2024-08-15
2024-08-28,La Liga,Sociedad,Alaves,A,0.5834490473649266,0.2651985717828954,0.15135238085217778,0.5914321860991192,0.25865300938734814,0.14991480451353253,0.5638563409450106,0.26932802877541007,0.16681563027957927,1.71,3.58,5.78,1.64,3.75,6.47,2024-08-15
2024-08-29,La Liga,Las Palmas,Real Madrid,D,0.11986552393135283,0.22384723512343438,0.6562872409452127,0.0975129686177845,0.17370589750193152,0.7287811338802841,0.11895462039726779,0.1828334772709429,0.6982119023317893,8.1,5.27,1.38,9.94,5.58,1.33,2024-08-15
2024-08-29,La Liga,Girona,Osasuna,H,0.6787969385735834,0.1833658230568435,0.1378372383695729,0.5782055826672388,0.24224074286308261,0.1795536744696786,0.5479090734701708,0.24107999232687513,0.21101093420295416,1.76,4.0,4.57,1.68,4.01,5.41,2024-08-15
2024-08-31,La Liga,Barcelona,Valladolid,H,0.821356050969425,0.12475045861847349,0.05389349041210164,0.8107818317618847,0.12433381182946429,0.06488435640865116,0.7684203136970037,0.1503169627732793,0.08126272352971697,1.25,6.39,11.82,1.19,7.76,14.87,2024-08-15
2024-08-31,La Liga,Ath Bilbao,Ath Madrid,A,0.3573175956965794,0.27946557748908235,0.3632168268143383,0.34532474478524755,0.3005604260167895,0.35411482919796294,0.31743158138012056,0.2890048725998112,0.39356354602006816,3.05,3.35,2.46,2.82,3.24,2.75,2024-08-15
2024-08-31,La Liga,Espanol,Vallecano,H,0.4683181318661649,0.2728119205124169,0.258869947621418,0.3367439096386248,0.33558272374331927,0.3276733666180558,0.3461241592237292,0.3219759620685853,0.3318998787076855,2.8,3.01,2.92,2.89,2.9,2.97,2024-08-15
2024-08-31,La Liga,Leganes,Mallorca,A,0.3728409809377208,0.34398302908139244,0.2831759899808869,0.34176050679491804,0.3529048711469263,0.30533462205815565,0.37274676777722526,0.3353431128791646,0.2919101193436102,2.6,2.89,3.32,2.85,2.76,3.19,2024-08-15
2024-08-31,La Liga,Valencia,Villarreal,D,0.3595503118215293,0.2617031337435461,0.3787465544349243,0.36433756277162205,0.30590606685541843,0.3297563703729596,0.3447473108075131,0.2840879599322908,0.37116472926019606,2.81,3.41,2.61,2.67,3.18,2.95,2024-08-15
2024-09-01,La Liga,Alaves,Las Palmas,H,0.41732928703268063,0.32676724633942683,0.2559034666278926,0.5590539087697742,0.26724005529104594,0.17370603593917988,0.49753235068406143,0.2855659054222128,0.21690174389372563,1.94,3.38,4.45,1.74,3.64,5.6,2024-08-15
2024-09-01,La Liga,Osasuna,Celta,H,0.4236070899374078,0.2759352160824986,0.3004576939800935,0.3905684442759143,0.29470164431728085,0.31472991140680484,0.38536019341744254,0.29222177808996397,0.32241802849259354,2.51,3.31,3.0,2.49,3.3,3.09,2024-08-15
2024-09-01,La Liga,Sevilla,Girona,A,0.34422537835013634,0.23868187389706794,0.41709274775279576,0.32620645693501815,0.26705913232592143,0.4067344107390603,0.3998196302419961,0.25462197504885015,0.3455583947091538,2.42,3.8,2.8,2.98,3.64,2.39,2024-08-15
2024-09-01,La Liga,Getafe,Sociedad,D,0.28367501512312376,0.3182767286736166,0.39804825620325945,0.3049135422016778,0.3549905838041431,0.3400958739941791,0.2695257473783065,0.3371419627484739,0.39333228987321955,3.59,2.87,2.46,3.19,2.74,2.86,2024-08-15
2024-09-01,La Liga,Real Madrid,Betis,H,0.7054354418152439,0.1871024585272693,0.10746209965748692,0.7634190216445192,0.1561538907909244,0.08042708756455638,0.7427304703846545,0.1604894986258299,0.09678003098951558,1.29,5.97,9.9,1.26,6.16,11.96,2024-08-15
2024-09-13,La Liga,Betis,Leganes,H,0.5494290152296027,0.27573281575782727,0.17483816901256988,0.5749201215962745,0.26904339952137635,0.15603647888234912,0.5919269655562723,0.2566066366640223,0.15146639777970547,1.63,3.76,6.37,1.68,3.59,6.19,2024-08-15
2024-09-14,La Liga,Espanol,Alaves,H,0.4288195920395663,0.2919459784914014,0.27923442946903215,0.3234953861494895,0.3224242093741601,0.35408040447635036,0.3509236817155846,0.31744740944666366,0.33162890883775176,2.75,3.04,2.91,3.01,3.02,2.75,2024-09-14
2024-09-14,La Liga,Sevilla,Getafe,H,0.4904239752600925,0.2911655605027854,0.21841046423712213,0.42327701895325115,0.31711307608875494,0.259609904957994,0.4301572617946346,0.3108233117483812,0.2590194264569843,2.24,3.1,3.72,2.3,3.07,3.75,2024-09-14
2024-09-14,La Liga,Mallorca,Villarreal,A,0.3051302383736658,0.279435303451896,0.4154344581744382,0.4028101097439309,0.3017958097771866,0.29539408047888266,0.3856316059276767,0.3003361416882217,0.31403225238410154,2.5,3.21,3.07,2.42,3.23,3.3,2024-09-14
2024-09-14,La Liga,Sociedad,Real Madrid,A,0.23886092230839023,0.28437578818148695,0.4767632895101228,0.19319843308019027,0.2577687316693255,0.5490328352504843,0.18048589560792866,0.251357320584864,0.5681567838072075,5.32,3.82,1.69,5.03,3.77,1.77,2024-09-14
2024-09-15,La Liga,Ath Madrid,Valencia,H,0.6585442092891659,0.2179403778388269,0.1235154128720071,0.6958931646240271,0.19862248435880853,0.1054843510171644,0.7152571185720357,0.18793030174245648,0.09681257968550787,1.34,5.1,9.9,1.39,4.87,9.17,2024-09-14
2024-09-15,La Liga,Las Palmas,Ath Bilbao,A,0.24797463375595424,0.31225135341126764,0.439774012832778,0.2502190292623095,0.28628000700893647,0.4635009637287542,0.2467380305693135,0.28385791127443144,0.46940405815625497,3.9,3.39,2.05,3.89,3.4,2.1,2024-09-14
2024-09-15,La Liga,Celta,Valladolid,H,0.6418937400319178,0.21948518506407588,0.138621074904006,0.5886151362570626,0.2409962716685244,0.17038859207441284,0.572855612890663,0.23880829520007787,0.18833609190925907,1.68,4.03,5.11,1.65,4.03,5.7,2024-09-14
2024-09-15,La Liga,Girona,Barcelona,A,0.3773726768333083,0.23131421229512822,0.39131311087156356,0.22025514189013276,0.22910700338453524,0.550637854725332,0.22915889994551344,0.24490264116314414,0.5259384588913423,4.2,3.93,1.83,4.4,4.23,1.76,2024-09-14
2024-09-16,La Liga,Vallecano,Osasuna,H,0.3894151036119537,0.31074778351723353,0.29983711287081266,0.45062563408860323,0.31197159283057146,0.23740277308082516,0.46345215998193245,0.30313851973660993,0.23340932028145753,2.08,3.18,4.13,2.16,3.12,4.1,2024-09-14
2024-09-17,La Liga,Mallorca,Sociedad,H,0.2830523634462239,0.34101183292998427,0.3759358036237918,0.316446282912319,0.36503915781645796,0.3185145592712231,0.33115068835263634,0.34647082695969783,0.32237848468766583,2.94,2.81,3.02,3.08,2.67,3.06,2024-09-14
2024-09-18,La Liga,Betis,Getafe,H,0.5176860808769927,0.29070197680848564,0.19161194231452167,0.5035744906582121,0.30952190030902843,0.18690360903275946,0.4932958869360391,0.3069396629824243,0.1997644500815365,1.96,3.15,4.84,1.93,3.14,5.2,2024-09-14
2024-09-19,La Liga,Leganes,Ath Bilbao,A,0.20942569525707141,0.33306719714917343,0.4575071075937551,0.2315989847715736,0.32423857868020306,0.4441624365482234,0.22695950869157902,0.305964400957635,0.46707609035078584,4.26,3.16,2.07,4.2,3.0,2.19,2024-09-14
2024-09-20,La Liga,Alaves,Sevilla,H,0.35422162514131017,0.30512913237917716,0.34064924247951295,0.4443770774011238,0.2940138367095048,0.26160908588937126,0.4422310756972112,0.2948207171314741,0.26294820717131473,2.2,3.3,3.7,2.19,3.31,3.72,2024-09-14
2024-09-21,La Liga,Valladolid,Sociedad,D,0.18808129983212493,0.28856108888043275,0.5233576112874424,0.24057979301275087,0.317628223454743,0.44179198353250615,0.24969373227234096,0.31891575706071273,0.4313905106669462,3.87,3.03,2.24,4.04,3.06,2.2,2024-09-14
2024-09-21,La Liga,Osasuna,Las Palmas,H,0.48213132926731966,0.29306323838162973,0.2248054323510509,0.5253367543296985,0.2669980756895446,0.20766516998075693,0.5036546732608151,0.28192914654832796,0.21441618019085698,1.92,3.43,4.51,1.85,3.64,4.68,2024-09-14
2024-09-21,La Liga,Valencia,Girona,H,0.28109318854981263,0.25458039164740814,0.4643264198027789,0.3831202321660881,0.3079510726904632,0.3089286951434488,0.32692031586503945,0.2905958363244795,0.38248384781048095,2.96,3.33,2.53,2.54,3.16,3.15,2024-09-14
2024-09-21,La Liga,Real Madrid,Espanol,H,0.8248165351508328,0.12225717028748587,0.0529262945616814,0.8554874762373168,0.09914880493827363,0.04536371882440957,0.8222768923501479,0.11549387323525485,0.06222923441459722,1.17,8.33,15.46,1.13,9.75,21.31,2024-09-14
2024-09-22,La Liga,Vallecano,Ath Madrid,D,0.1925456229527716,0.2710958056481754,0.5363585713990527,0.16455294863665187,0.2742549143944198,0.5611921369689284,0.1943471926073057,0.27307707516493945,0.5325757322277548,4.96,3.53,1.81,5.9,3.54,1.73,2024-09-14
2024-09-22,La Liga,Villarreal,Barcelona,A,0.29744081076957174,0.22599100621214352,0.47656818301828474,0.2505612095792614,0.23365587495704618,0.5157829154636924,0.24768224846296477,0.2385088318532253,0.5138089196838098,3.9,4.05,1.88,3.87,4.15,1.88,2024-09-14
2024-09-22,La Liga,Getafe,Leganes,D,0.4671322868775461,0.3433522857934859,0.18951542732896814,0.4713894210639836,0.34434830049354836,0.184262278442468,0.46603844704108555,0.34330946098756127,0.1906520919713532,2.07,2.81,5.06,2.06,2.82,5.27,2024-09-14
2024-09-22,La Liga,Ath Bilbao,Celta,H,0.5625547378317824,0.24713423480814464,0.1903110273600729,0.532008830022075,0.2660044150110375,0.20198675496688742,0.559999189728067,0.24140315948177318,0.19859765079015984,1.72,3.99,4.85,1.83,3.66,4.82,2024-09-14
2024-09-23,La Liga,Betis,Mallorca,A,0.5168379478522106,0.2973339515668433,0.18582810058094604,0.5168284194862248,0.30651022985302917,0.17666135066074592,0.5135560805489932,0.2925713428582143,0.19387257659279256,1.88,3.3,4.98,1.88,3.17,5.5,2024-09-14
2024-09-24,La Liga,Sevilla,Valladolid,H,0.6514931127605781,0.22405365172394487,0.12445323551547703,0.6019840145665507,0.24169433003794183,0.15632165539550752,0.5772357066021789,0.24717528975016384,0.17558900364765734,1.67,3.9,5.49,1.61,4.01,6.2,2024-09-14
2024-09-24,La Liga,Valencia,Osasuna,D,0.4562901379181419,0.29230920062833016,0.25140066145352813,0.4861702931523321,0.30290983997030035,0.2109198668773675,0.46272493573264784,0.3070143224384869,0.2302607418288652,2.09,3.15,4.2,2.0,3.21,4.61,2024-09-14
2024-09-24,La Liga,Real Madrid,Alaves,H,0.7805571805950755,0.15692959713330357,0.06251322227162107,0.8347360009127376,0.11939503835496616,0.045868960732296335,0.8130654200955886,0.12982641349293564,0.057108166411475855,1.18,7.39,16.8,1.16,8.11,21.11,2024-09-14
2024-09-25,La Liga,Girona,Vallecano,D,0.7104166459713747,0.1818147423619529,0.10776861166667237,0.56973293768546,0.2522255192878338,0.17804154302670622,0.5483054606949651,0.24680757310054693,0.20488696620448799,1.76,3.91,4.71,1.7,3.84,5.44,2024-09-14
2024-09-25,La Liga,Barcelona,Getafe,H,0.7378751785829724,0.1774511996066728,0.0846736218103545,0.7579316326552042,0.16115489863765142,0.0809134687071444,0.7813080544256459,0.1462722841618789,0.0724196614124751,1.23,6.57,13.27,1.28,6.02,11.99,2024-09-14
2024-09-26,La Liga,Espanol,Villarreal,A,0.3058677917501095,0.23810223079448592,0.4560299774554045,0.2679580765188741,0.2732269151021104,0.45881500837901545,0.2804432145278343,0.2837328710032341,0.4358239144689316,3.45,3.41,2.22,3.63,3.56,2.12,2024-09-14
2024-09-26,La Liga,Las Palmas,Betis,D,0.2802431206703064,0.3120399103461263,0.40771696898356746,0.2637913524492751,0.28969943170768603,0.446509215843039,0.30458660784043384,0.2935107311916908,0.40190266096787536,3.18,3.3,2.41,3.69,3.36,2.18,2024-09-14
2024-09-26,La Liga,Celta,Ath Madrid,A,0.24785778032940864,0.24864037596532623,0.5035018437052653,0.23008735486301843,0.2719800105103467,0.49793263462663484,0.24130053834413456,0.25734445711701587,0.5013550045388496,4.01,3.76,1.93,4.22,3.57,1.95,2024-09-14
2024-09-27,La Liga,Valladolid,Mallorca,A,0.2870219349126509,0.3379353763985532,0.3750426886887959,0.28846900827240873,0.3317885863064906,0.3797424054211006,0.31297361951477987,0.3356372264451605,0.3513891540400597,3.11,2.9,2.77,3.37,2.93,2.56,2024-09-14
2024-09-28,La Liga,Sociedad,Valencia,H,0.5187018953222128,0.2892937119100482,0.19200439276773898,0.521492241465009,0.2930439785875881,0.18546377994740282,0.5035352607194328,0.29032663681120446,0.20613810246936265,1.92,3.33,4.69,1.86,3.31,5.23,2024-09-14
2024-09-28,La Liga,Osasuna,Barcelona,H,0.18119228613063224,0.22856611962647252,0.5902415942428955,0.21721969676348096,0.24335138960720795,0.539428913629311,0.15033477148574367,0.2019140654683001,0.647751163045956,6.42,4.78,1.49,4.47,3.99,1.8,2024-09-14
2024-09-28,La Liga,Getafe,Alaves,H,0.4168712018922261,0.328836174747711,0.25429262336006275,0.3771853394136218,0.35909157774433376,0.2637230828420446,0.36383466026829525,0.3481295670193042,0.28803577271240044,2.66,2.78,3.36,2.58,2.71,3.69,2024-09-14
2024-09-28,La Liga,Vallecano,Leganes,D,0.4443643665677417,0.34667945376601095,0.20895617966624722,0.5113382593186553,0.31039702642346484,0.17826471425787982,0.5005990924386887,0.3038227196247387,0.1955781879365727,1.93,3.18,4.94,1.9,3.13,5.45,2024-09-14
2024-09-29,La Liga,Celta,Girona,D,0.29247622551201613,0.2275762416838998,0.47994753280408414,0.37431394072447854,0.28540065861690445,0.3402854006586169,0.4393789862864382,0.26410758738529067,0.29651342632827116,2.2,3.66,3.26,2.6,3.41,2.86,2024-09-14
2024-09-29,La Liga,Ath Bilbao,Sevilla,D,0.5144434245783397,0.2731430091899657,0.2124135662316944,0.5589958614993246,0.25503259463629663,0.18597154386437875,0.5525523249203356,0.2505094737333128,0.19693820134635176,1.75,3.86,4.91,1.72,3.77,5.17,2024-09-14
2024-09-29,La Liga,Betis,Espanol,H,0.5770623584469515,0.24427788603303152,0.17865975552001695,0.6447198033088776,0.23014820401806263,0.12513199267305977,0.5877967356190682,0.24909215669645268,0.16311110768447917,1.64,3.87,5.91,1.51,4.23,7.78,2024-09-14
2024-09-29,La Liga,Ath Madrid,Real Madrid,D,0.34461243788037915,0.274851947988807,0.38053561413081377,0.34243910031909097,0.3039147015331932,0.35364619814771575,0.34444946562998496,0.2789345816773077,0.37661595269270726,2.81,3.47,2.57,2.84,3.2,2.75,2024-09-14
2024-09-30,La Liga,Villarreal,Las Palmas,H,0.6619858549268581,0.20319612698482295,0.13481801808831895,0.6442078208187995,0.2023131999265651,0.1534789792546356,0.6562130431319203,0.19606365313087862,0.14772330373720102,1.47,4.92,6.53,1.52,4.84,6.38,2024-09-14
2024-10-04,La Liga,Leganes,Valencia,D,0.28777620493890615,0.3536842252621219,0.3585395697989719,0.32476635514018687,0.3504672897196262,0.32476635514018687,0.31590288078694667,0.3462565383714576,0.33784058084159574,3.08,2.81,2.88,3.0,2.78,3.0,2024-09-14
2024-10-05,La Liga,Espanol,Mallorca,H,0.41433578875877813,0.3077036271086134,0.27796058413260843,0.25689298622697565,0.3322950231400128,0.4108119906330116,0.2950996146465513,0.3326208714916455,0.3722795138618032,3.28,2.91,2.6,3.79,2.93,2.37,2024-09-14
2024-10-05,La Liga,Getafe,Osasuna,D,0.41611681983299953,0.3111934859603448,0.2726896942066556,0.4404764027314707,0.31916486886444273,0.2403587284040865,0.4279340332471262,0.32784098818254415,0.2442249785703296,2.26,2.95,3.96,2.21,3.05,4.05,2024-09-14
2024-10-05,La Liga,Las Palmas,Celta,A,0.3505036314632625,0.29078085503060885,0.3587155135061287,0.2551190086899651,0.27303466941257504,0.4718463218974598,0.30831831135511956,0.26892208268196544,0.42275960596291506,3.14,3.6,2.29,3.81,3.56,2.06,2024-09-14
2024-10-05,La Liga,Valladolid,Vallecano,A,0.3106682037165005,0.3263057419522811,0.3630260543312181,0.27708797152657016,0.329910762085147,0.39300126638828276,0.3033764488493197,0.32151856206954477,0.3751049890811355,3.19,3.01,2.58,3.56,2.99,2.51,2024-09-14
2024-10-05,La Liga,Real Madrid,Villarreal,H,0.7265069811941242,0.16285585382308287,0.11063716498279315,0.7590132827324478,0.1469431202850928,0.0940435969824594,0.7552293211019222,0.14423176508262273,0.10053891381545506,1.27,6.65,9.54,1.27,6.56,10.25,2024-09-14
2024-10-06,La Liga,Sociedad,Ath Madrid,D,0.32801229694589,0.2979559679350062,0.3740317351191038,0.3372564414507208,0.3133990726021168,0.34934448594716244,0.2888670448156237,0.30623563295327194,0.40489732223110436,3.35,3.16,2.39,2.89,3.11,2.79,2024-09-14
2024-10-06,La Liga,Sevilla,Betis,H,0.4019903781118945,0.28933454863877667,0.3086750732493288,0.35126286067168727,0.3012378093066792,0.34749933002163347,0.37688226741353165,0.30554808430686947,0.3175696482795988,2.57,3.17,3.05,2.77,3.23,2.8,2024-09-14
2024-10-06,La Liga,Alaves,Barcelona,A,0.17107596091581148,0.24082018247983095,0.5881038566043578,0.19860460831036997,0.23345589774944928,0.5679394939401807,0.16956643972081994,0.21977973622129057,0.6106538240578895,5.69,4.39,1.58,4.89,4.16,1.71,2024-09-14
2024-10-06,La Liga,Girona,Ath Bilbao,H,0.53283779461568,0.2396772057309182,0.22748499965340194,0.4020041753653445,0.29302713987473905,0.3049686847599165,0.39667231551378834,0.2950855030041596,0.30824218148205207,2.44,3.28,3.14,2.42,3.32,3.19,2024-09-14
2024-10-18,La Liga,Alaves,Valladolid,A,0.5570830188865785,0.27228316181891576,0.17063381929450588,0.5990439561772807,0.24568385038156826,0.15527219344115117,0.5886367712324856,0.2484017065303328,0.16296152223718144,1.65,3.91,5.96,1.62,3.95,6.25,2024-10-18
2024-10-19,La Liga,Ath Bilbao,Espanol,H,0.6276011335293261,0.22550413721576013,0.14689472925491362,0.686880727110184,0.21008716382328835,0.1030321090665276,0.6687089761060198,0.22393975013782988,0.10735127375615032,1.44,4.3,8.97,1.41,4.61,9.4,2024-10-18
2024-10-19,La Liga,Osasuna,Betis,A,0.3577490675279669,0.2984042242177372,0.3438467082542958,0.3991333581234396,0.3101545840194881,0.2907120578570724,0.3722795138618032,0.2950996146465513,0.3326208714916455,2.6,3.28,2.91,2.44,3.14,3.35,2024-10-18
2024-10-19,La Liga,Girona,Sociedad,A,0.5043152931428495,0.2597006087803591,0.23598409807679127,0.34739299610894936,0.3039688715953307,0.3486381322957198,0.37660461693603337,0.29418658526614155,0.3292087977978251,2.57,3.29,2.94,2.8,3.2,2.79,2024-10-18
2024-10-19,La Liga,Celta,Real Madrid,A,0.1610682164918171,0.2223271935803998,0.6166045899277831,0.1631195173409335,0.21472591331383947,0.6221545693452271,0.1712309108364097,0.219707241758133,0.6090618474054572,5.62,4.38,1.58,5.95,4.52,1.56,2024-10-18
2024-10-20,La Liga,Mallorca,Vallecano,H,0.4121137429871433,0.3396494276267432,0.24823682938611344,0.4723866343616498,0.30794824898259443,0.2196651166557559,0.4538808721632445,0.31593668552539567,0.2301824423113597,2.13,3.06,4.2,2.06,3.16,4.43,2024-10-18
2024-10-20,La Liga,Ath Madrid,Leganes,H,0.7336161707355976,0.201473451358357,0.06491037790604537,0.6875330333603612,0.21074382109524117,0.10172314554439763,0.7256616748107817,0.1866789221466808,0.08765940304253766,1.33,5.17,11.01,1.41,4.6,9.53,2024-10-18
2024-10-20,La Liga,Villarreal,Getafe,D,0.5879484017531754,0.23802405212917732,0.17402754611764717,0.5217963617755226,0.2780920438115966,0.20011159441288084,0.5630580642958359,0.24815187885203085,0.18879005685213326,1.71,3.88,5.1,1.86,3.49,4.85,2024-10-18
2024-10-20,La Liga,Barcelona,Sevilla,H,0.720599568005037,0.17607888660675494,0.10332154538820804,0.7479929227423295,0.15740797232261097,0.09459910493505935,0.7308069134626315,0.16433818156229532,0.10485490497507323,1.32,5.87,9.2,1.29,6.13,10.2,2024-10-18
2024-10-21,La Liga,Valencia,Las Palmas,A,0.49800601298871383,0.3024071136342041,0.19958687337708203,0.5039369323576519,0.28690214733046254,0.20916092031188557,0.5909686864660656,0.25416331370440287,0.15486799982953164,1.63,3.79,6.22,1.93,3.39,4.65,2024-10-18
2024-10-25,La Liga,Espanol,Sevilla,A,0.361874927924143,0.2774977796023963,0.36062729247346054,0.3150219943888331,0.3032454712341103,0.38173253437705656,0.3014711210957316,0.30429741285600403,0.3942314660482643,3.23,3.2,2.47,3.09,3.21,2.55,2024-10-18
2024-10-26,La Liga,Real Madrid,Barcelona,A,0.521619368132359,0.24353638140613926,0.23484425046150179,0.48800561355647665,0.2404320339961178,0.27156235244740573,0.474443455647856,0.23664172359941965,0.28891482075272423,2.04,4.09,3.35,2.02,4.1,3.63,2024-10-18
2024-10-26,La Liga,Las Palmas,Girona,H,0.21202091109390242,0.2456850409158243,0.5422940479902734,0.36471908040324563,0.3016812146545365,0.33359970494221786,0.3284516017581911,0.28084992034396056,0.39069847789784834,2.95,3.45,2.48,2.68,3.24,2.93,2024-10-18
2024-10-26,La Liga,Vallecano,Alaves,H,0.42704321834126907,0.31783134532926094,0.2551254363294698,0.4655241104781234,0.31385335190299285,0.22062253761888384,0.4285756531767977,0.31244547618695573,0.2589788706362467,2.26,3.1,3.74,2.09,3.1,4.41,2024-10-18
2024-10-26,La Liga,Valladolid,Villarreal,A,0.18381674513422547,0.225102269477579,0.5910809853881955,0.24241767617603044,0.27153488309102847,0.48604744073294104,0.26217315025895854,0.2636018867726313,0.4742249629684102,3.69,3.67,2.04,4.01,3.58,2.0,2024-10-18
2024-10-27,La Liga,Leganes,Celta,H,0.2738989917053006,0.3314771699854408,0.3946238383092587,0.2511025979461095,0.2990052474004443,0.4498921546534462,0.2887120364465388,0.30319289093915525,0.4080950726143059,3.35,3.19,2.37,3.87,3.25,2.16,2024-10-18
2024-10-27,La Liga,Getafe,Valencia,D,0.3877395629210283,0.34029020045042757,0.2719702366285441,0.45460498778034314,0.3366279148269669,0.20876709739268978,0.44164547939959364,0.33237237109453954,0.22598214950586684,2.19,2.91,4.28,2.14,2.89,4.66,2024-10-18
2024-10-27,La Liga,Betis,Ath Madrid,H,0.28372701546967416,0.29336828604647475,0.42290469848385115,0.2685450990937302,0.29893093599424403,0.4325239649120257,0.2969920356046326,0.29790585725264684,0.40510210714272055,3.26,3.25,2.39,3.64,3.27,2.26,2024-10-18
2024-10-27,La Liga,Sociedad,Osasuna,A,0.5430865248261505,0.2752411610307498,0.18167231414309987,0.5914487204127797,0.254586850781354,0.15396442880586647,0.5383640997445329,0.2604518212277605,0.20118407902770646,1.79,3.7,4.79,1.64,3.81,6.3,2024-10-18
2024-10-28,La Liga,Mallorca,Ath Bilbao,D,0.28479727727791215,0.3290066893135263,0.38619603340856157,0.383047511948271,0.32175991003654764,0.29519257801518134,0.3185736121397394,0.3305337136193882,0.3508926742408724,3.04,2.93,2.76,2.52,3.0,3.27,2024-10-18
2024-11-01,La Liga,Alaves,Mallorca,H,0.3848318345628613,0.3328520672227683,0.2823160982143704,0.40737560177698473,0.3322961393334449,0.2603282588895704,0.40368260786308874,0.32756736867004843,0.268750023466863,2.41,2.97,3.62,2.39,2.93,3.74,2024-10-18
2024-11-02,La Liga,Osasuna,Valladolid,H,0.6112566611469386,0.24223457254452016,0.14650876630854123,0.5644991821835158,0.26456092462006736,0.17093989319641675,0.5915113597465452,0.2537272411544391,0.15476139909901585,1.63,3.8,6.23,1.72,3.67,5.68,2024-10-18
2024-11-02,La Liga,Girona,Leganes,H,0.7195067509639339,0.19562635957372843,0.08486688946233766,0.5637098421092231,0.27083266157202895,0.16545749631874807,0.5634542222517568,0.26325320219959125,0.17329257554865185,1.71,3.66,5.56,1.72,3.58,5.86,2024-10-18
2024-11-03,La Liga,Sevilla,Sociedad,A,0.36427896367359075,0.3147514508487007,0.32096958547770865,0.28296661951058,0.3080396111127833,0.4089937693766367,0.32138803052279746,0.3203238317462319,0.35828813773097046,3.01,3.02,2.7,3.44,3.16,2.38,2024-10-18
2024-11-03,La Liga,Ath Bilbao,Betis,D,0.48439124219082336,0.29006752626968246,0.22554123153949412,0.5027817092021418,0.2756729257841289,0.22154536501372915,0.5012062845774038,0.2717213846164015,0.22707233080619466,1.93,3.56,4.26,1.93,3.52,4.38,2024-10-18
2024-11-03,La Liga,Ath Madrid,Las Palmas,H,0.7499410626341219,0.17652945758655111,0.07352947977932738,0.7215567081193028,0.17741027318896618,0.10103301869173101,0.7582512860602547,0.15607441382439605,0.08567430011534909,1.27,6.17,11.24,1.34,5.45,9.57,2024-10-18
2024-11-03,La Liga,Barcelona,Espanol,H,0.8200836581455081,0.11960346273658085,0.060312879117910854,0.8326983781430283,0.11363883748775444,0.05366278436921737,0.8663086587904933,0.0809429807455764,0.05274836046393021,1.11,11.88,18.23,1.16,8.5,18.0,2024-10-18
2024-11-04,La Liga,Celta,Getafe,H,0.4659175689107942,0.2931613556345881,0.24092107545461752,0.45115121344119474,0.3248288736776602,0.22401991288114503,0.4876982012326936,0.29530349799410804,0.21699830077319848,1.98,3.27,4.45,2.16,3.0,4.35,2024-10-18
2024-11-08,La Liga,Vallecano,Las Palmas,A,0.46830808229184573,0.31310775911998423,0.21858415858817007,0.5133464429871193,0.28452339508670244,0.20213016192617822,0.516596813710249,0.2823261656323454,0.2010770206574054,1.88,3.44,4.83,1.89,3.41,4.8,2024-10-18
2024-11-09,La Liga,Real Madrid,Osasuna,H,0.7904397325737842,0.1459752784475871,0.0635849889786287,0.769914124962985,0.1492448919159017,0.08084098312111342,0.8042387645232699,0.12625912002410175,0.06950211545262827,1.19,7.58,13.77,1.26,6.5,12.0,2024-10-18
2024-11-09,La Liga,Villarreal,Alaves,H,0.6355621757208288,0.20963397671749573,0.15480384756167567,0.6140554170181601,0.23434965190548146,0.1515949310763583,0.587769616662786,0.2317168681074445,0.18051351522976952,1.64,4.16,5.34,1.58,4.14,6.4,2024-10-18
2024-11-09,La Liga,Leganes,Sevilla,H,0.24508452586359175,0.34467497934939534,0.41024049478701285,0.30512383008523597,0.3233704378644195,0.3715057320503445,0.32593354374268585,0.3194794141636228,0.35458704209369124,2.97,3.03,2.73,3.19,3.01,2.62,2024-10-18
2024-11-10,La Liga,Betis,Celta,D,0.5086496990789559,0.2656976779248805,0.2256526229961638,0.4296481864720618,0.3004901426859819,0.26986167084195617,0.48067419237371906,0.26837642407532647,0.2509493835509546,2.01,3.6,3.85,2.28,3.26,3.63,2024-10-18
2024-11-10,La Liga,Mallorca,Ath Madrid,A,0.20835904130928065,0.29733758509867214,0.49430337359204707,0.2725055859902231,0.3320289904385995,0.3954654235711775,0.24940284346192043,0.3280281466550004,0.4225690098830791,3.88,2.95,2.29,3.57,2.93,2.46,2024-10-18
2024-11-10,La Liga,Getafe,Girona,A,0.272614648356456,0.2766744656825291,0.4507108859610148,0.37393086655673535,0.3375764767526083,0.2884926566906564,0.3888979212635002,0.31037045639298577,0.30073162234351414,2.49,3.12,3.22,2.6,2.88,3.37,2024-10-18
2024-11-10,La Liga,Valladolid,Ath Bilbao,D,0.17141054441106587,0.26873291432893165,0.5598565412600025,0.20738775785141728,0.2897237930580993,0.5028884490904834,0.1995305164319249,0.28403755868544606,0.516431924882629,4.84,3.4,1.87,4.68,3.35,1.93,2024-10-18
2024-11-10,La Liga,Sociedad,Barcelona,H,0.2744001694720957,0.2809347285830842,0.44466510194482006,0.23863462121928858,0.2568942624207645,0.5044711163599469,0.19694829047753598,0.23537722520486012,0.5676744843176038,4.9,4.1,1.7,4.08,3.79,1.93,2024-10-18
2024-11-22,La Liga,Getafe,Valladolid,H,0.5308035495461341,0.2917300812132461,0.17746636924061995,0.5807164196533705,0.2770846916631796,0.14219888868344993,0.5775097369730453,0.2796012559408404,0.14288900708611432,1.68,3.47,6.79,1.67,3.5,6.82,2024-11-22
2024-11-23,La Liga,Celta,Barcelona,D,0.1818506116864972,0.20643759869424166,0.6117117896192613,0.21921838812579209,0.22584592079006016,0.5549356910841479,0.21125829845727465,0.21406883014406766,0.5746728713986579,4.57,4.51,1.68,4.43,4.3,1.75,2024-11-22
2024-11-23,La Liga,Las Palmas,Mallorca,A,0.3849882620266924,0.33163664608087595,0.2833750918924317,0.339012211477929,0.3243216823138854,0.33666610620818554,0.3271426372680955,0.3282515953605297,0.34460576737137466,2.96,2.95,2.81,2.87,3.0,2.89,2024-11-22
2024-11-23,La Liga,Girona,Espanol,H,0.7269294024038919,0.15791171453488342,0.11515888306122485,0.5416308962229361,0.2656217271887824,0.19274737658828145,0.5807393754080697,0.24040582622877701,0.1788547983631532,1.66,4.01,5.39,1.79,3.65,5.03,2024-11-22
2024-11-23,La Liga,Ath Madrid,Alaves,H,0.7297530345582212,0.1830985971265115,0.08714836831526745,0.6637697414837999,0.21975143368851424,0.11647882482768603,0.7097351105112197,0.19618694111692256,0.09407794837185761,1.36,4.92,10.26,1.46,4.41,8.32,2024-11-22
2024-11-23,La Liga,Valencia,Betis,H,0.3430977885638613,0.3093357199604734,0.3475664914756653,0.3786357974943219,0.32009671038171295,0.30126749212396514,0.3246219766988916,0.31306585455103464,0.36231216875007377,2.98,3.09,2.67,2.57,3.04,3.23,2024-11-22
2024-11-24,La Liga,Osasuna,Villarreal,D,0.3439242383784768,0.24559424313707748,0.4104815184844457,0.3660145086832271,0.2923719498790943,0.3416135414376786,0.3697164093944207,0.2767591407466806,0.35352444985889864,2.62,3.5,2.74,2.66,3.33,2.85,2024-11-22
2024-11-24,La Liga,Sevilla,Vallecano,H,0.5036787643429363,0.2834991304392679,0.2128221052177958,0.4763461067080643,0.2944685023286216,0.22918539096331397,0.4170854271356784,0.29145728643216084,0.29145728643216084,2.32,3.32,3.32,2.04,3.3,4.24,2024-11-22
2024-11-24,La Liga,Leganes,Real Madrid,A,0.14999505688890552,0.23269532025615147,0.617309622854943,0.09569410727921113,0.18695451074625802,0.7173513819745307,0.10374184818357794,0.20013531545415245,0.6961228363622695,9.26,4.8,1.38,10.12,5.18,1.35,2024-11-22
2024-11-24,La Liga,Ath Bilbao,Sociedad,H,0.425043831585542,0.3142336033444377,0.26072256507002023,0.4004522087359528,0.3343982361609503,0.26514955510309685,0.4260461800643803,0.31605386560331483,0.2578999543323049,2.27,3.06,3.75,2.43,2.91,3.67,2024-11-22
2024-11-29,La Liga,Mallorca,Valencia,H,0.38718890504608894,0.3383065191946019,0.2745045757593091,0.44152391480013575,0.3416739835379142,0.21680210166195005,0.47364665305556103,0.3275387024519812,0.19881464449245773,2.04,2.95,4.86,2.19,2.83,4.46,2024-11-22
2024-11-30,La Liga,Barcelona,Las Palmas,A,0.808825401626965,0.13005793985866448,0.0611166585143704,0.8561073562542854,0.10183171711235182,0.042060926633362715,0.8284478078494103,0.10344450560875307,0.0681076865418367,1.16,9.29,14.11,1.13,9.5,23.0,2024-11-22
2024-11-30,La Liga,Alaves,Leganes,D,0.3905613339419396,0.30851871246718493,0.3009199535908755,0.5246405418703619,0.30714715267726883,0.1682123054523691,0.530201897291103,0.2924143797181235,0.17738372299077343,1.82,3.3,5.44,1.85,3.16,5.77,2024-11-22
2024-11-30,La Liga,Espanol,Celta,H,0.3902285538418171,0.2533332791727888,0.3564381669853942,0.25418306101427174,0.31505537983322357,0.4307615591525048,0.2876316146233449,0.28849021645804146,0.4238781689186136,3.36,3.35,2.28,3.83,3.09,2.26,2024-11-22
2024-11-30,La Liga,Valladolid,Ath Madrid,A,0.12399983552469554,0.215730262416697,0.6602699020586076,0.12175403718491216,0.2115376488508102,0.6667083139642777,0.14902601448171787,0.23289814340500356,0.6180758421132786,6.47,4.14,1.56,7.94,4.57,1.45,2024-11-22
2024-12-01,La Liga,Sociedad,Betis,H,0.45315748974156256,0.30870961451125983,0.2381328957471778,0.5777499668263338,0.2574588711586846,0.1647911620149815,0.5343826521215342,0.2694241226573752,0.19619322522109067,1.81,3.59,4.93,1.68,3.77,5.89,2024-11-22
2024-12-01,La Liga,Vallecano,Ath Bilbao,A,0.26685653951246235,0.30983264612612976,0.4233108143614079,0.2855210876993817,0.32346408938700727,0.3910148229136111,0.33258977661880673,0.30627729429136946,0.3611329290898237,2.91,3.16,2.68,3.41,3.01,2.49,2024-11-22
2024-12-01,La Liga,Villarreal,Girona,D,0.45123001527316586,0.21634953144965868,0.33242045327717523,0.5364930870250181,0.24771747130491903,0.21578944167006278,0.5131537697894352,0.2486415173206542,0.23820471288991069,1.88,3.88,4.05,1.81,3.92,4.5,2024-11-22
2024-12-01,La Liga,Real Madrid,Getafe,H,0.7480938187396594,0.1788958320350471,0.07301034922529333,0.7261067023496006,0.19054887616331467,0.0833444214870846,0.7018678345222664,0.19744536617977512,0.10068679929795862,1.37,4.87,9.55,1.32,5.03,11.5,2024-11-22
2024-12-02,La Liga,Sevilla,Osasuna,D,0.4898165801510995,0.2671615598833847,0.24302185996551584,0.49283378846288173,0.27979324589967636,0.22737296563744194,0.4478238070267435,0.2878867330886209,0.26428945988463554,2.16,3.36,3.66,1.97,3.47,4.27,2024-11-22
2024-12-03,La Liga,Mallorca,Barcelona,A,0.16495229868596478,0.248754891343978,0.5862928099700574,0.16743057427878136,0.2341601509840928,0.598409274737126,0.1546328784043326,0.21985218766330278,0.6255149339323647,6.27,4.41,1.55,5.79,4.14,1.62,2024-11-22
2024-12-04,La Liga,Ath Bilbao,Real Madrid,H,0.26593648064018044,0.274355265013311,0.45970825434650864,0.2876633592595731,0.2802023499416015,0.4321342907988253,0.3073644328676296,0.27350224958560265,0.4191333175467677,3.15,3.54,2.31,3.38,3.47,2.25,2024-11-22
2024-12-06,La Liga,Celta,Mallorca,H,0.4593985246105777,0.2947933527286294,0.2458081226607929,0.5108537001956461,0.29502189373000837,0.19412440607434553,0.5091849845470015,0.28520331979025587,0.20561169566274262,1.91,3.41,4.73,1.9,3.29,5.0,2024-11-22
2024-12-07,La Liga,Las Palmas,Valladolid,H,0.5386274846157031,0.2687472307804444,0.19262528460385264,0.5887920370530192,0.2549408820229568,0.15626708092402403,0.5358350123295731,0.26280736299543095,0.20135762467499613,1.8,3.67,4.79,1.68,3.88,6.33,2024-11-22
2024-12-07,La Liga,Betis,Barcelona,D,0.24225261632631373,0.2513969041208194,0.5063504795528668,0.16194661314423645,0.2009213167225174,0.6371320701332461,0.187124285131505,0.21314819233522425,0.5997275225332707,5.16,4.53,1.61,5.98,4.82,1.52,2024-11-22
2024-12-07,La Liga,Valencia,Vallecano,A,0.44885928991142016,0.3114053446906759,0.23973536539790394,0.44198541731417085,0.3167322208766045,0.24128236180922477,0.43037142303940723,0.32385809426042356,0.2457704827001691,2.25,2.99,3.94,2.2,3.07,4.03,2024-11-22
2024-12-07,La Liga,Girona,Real Madrid,A,0.28654424828474745,0.23558640783238533,0.4778693438828674,0.2270934044562983,0.24178103758033753,0.5311255579633642,0.20527330027316906,0.23704779147024435,0.5576789082565865,4.7,4.07,1.73,4.28,4.02,1.83,2024-11-22
2024-12-08,La Liga,Ath Madrid,Sevilla,H,0.6546692205965307,0.2137912772768489,0.13153950212662044,0.7027957780147843,0.1975271229450921,0.09967709904012356,0.7025146709644082,0.19172213131897198,0.1057631977166197,1.37,5.02,9.1,1.38,4.91,9.73,2024-11-22
2024-12-08,La Liga,Leganes,Sociedad,A,0.28518928482818706,0.3257588840011004,0.3890518311707125,0.15537975458620099,0.31225354527419236,0.5323667001396066,0.20358226485269645,0.30155622981305663,0.4948615053342469,4.74,3.2,1.95,6.27,3.12,1.83,2024-11-22
2024-12-08,La Liga,Ath Bilbao,Villarreal,H,0.49526632473888454,0.24328034957384634,0.26145332568726926,0.5195796029583495,0.2736940443752433,0.20672635266640715,0.4864498552232573,0.2560939714006038,0.25745617337613885,1.99,3.78,3.76,1.87,3.55,4.7,2024-11-22
2024-12-08,La Liga,Osasuna,Alaves,D,0.4923556556718974,0.27586701897898985,0.2317773253491127,0.4300355268351877,0.3155455489115338,0.25441892425327856,0.4624834577642389,0.28180478913331164,0.25571175310244953,2.09,3.43,3.78,2.26,3.08,3.82,2024-11-22
2024-12-09,La Liga,Getafe,Espanol,H,0.4657758868165179,0.28892246458039816,0.24530164860308387,0.5250925907781545,0.31539652368168375,0.15951088554016188,0.5362022730174946,0.2988124122078917,0.1649853147746137,1.8,3.23,5.85,1.85,3.08,6.09,2024-11-22
2024-12-13,La Liga,Valladolid,Valencia,H,0.2920207478909034,0.30469286414603763,0.40328638796305905,0.29032429518378755,0.30778050280559754,0.401895202010615,0.2951627693718477,0.31522237505731315,0.38961485557083897,3.3,3.09,2.5,3.35,3.16,2.42,2024-11-22
2024-12-14,La Liga,Vallecano,Real Madrid,D,0.1403803414891782,0.23409805577731355,0.6255216027335083,0.14874907938491755,0.22554511571852615,0.6257058048965565,0.15875148712318968,0.2427258253999399,0.5985226874768703,6.07,3.97,1.61,6.52,4.3,1.55,2024-11-22
2024-12-14,La Liga,Sevilla,Celta,H,0.48257192361634904,0.25740937637301425,0.26001870001063687,0.377217708506052,0.29945282706018905,0.32332946443375893,0.42781381552336295,0.28947880930622766,0.2827073751704094,2.26,3.34,3.42,2.58,3.25,3.01,2024-11-22
2024-12-14,La Liga,Espanol,Osasuna,D,0.4023603657178927,0.2649908404279583,0.33264879385414886,0.350239948976814,0.3081224867580831,0.3416375642651027,0.3363482193329565,0.30751837196156023,0.3561334087054833,2.88,3.15,2.72,2.78,3.16,2.85,2024-11-22
2024-12-14,La Liga,Mallorca,Girona,H,0.2796754018271837,0.2799107504726431,0.44041384770017317,0.34889148191365227,0.32555425904317387,0.32555425904317387,0.40706082518077413,0.31454700127605273,0.2783921735431731,2.38,3.08,3.48,2.79,2.99,2.99,2024-11-22
2024-12-15,La Liga,Ath Madrid,Getafe,H,0.6624497797207873,0.22947134865473928,0.1080788716244734,0.7362885048835462,0.19534184823441023,0.06836964688204358,0.6845129260386387,0.21935527857147283,0.0961317953898885,1.41,4.4,10.04,1.3,4.9,14.0,2024-11-22
2024-12-15,La Liga,Alaves,Ath Bilbao,D,0.2558951987994427,0.29398213673591156,0.4501226644646458,0.23933932968120725,0.325789656121242,0.4348710141975507,0.25320689340749525,0.3051262879547734,0.44166681863773144,3.82,3.17,2.19,4.07,2.99,2.24,2024-11-22
2024-12-15,La Liga,Sociedad,Las Palmas,D,0.5762477755533907,0.26955179588775413,0.15420042855885516,0.7221401491554384,0.19199757933894596,0.08586227150561558,0.673919102209175,0.22052730346890617,0.10555359432191894,1.43,4.37,9.13,1.34,5.04,11.27,2024-11-22
2024-12-15,La Liga,Villarreal,Betis,A,0.4984759858316752,0.24278520839646558,0.25873880577185915,0.5024248078780706,0.2627858751232185,0.23478931699871092,0.5367052129899877,0.2427310008497432,0.22056378616026895,1.8,3.98,4.38,1.93,3.69,4.13,2024-11-22
2024-12-15,La Liga,Barcelona,Leganes,A,0.7834848049983315,0.14587447951149646,0.07064071549017198,0.8714480439958834,0.08636672578887773,0.04218523021523902,0.8427804791212044,0.10511704006544562,0.052102480813349936,1.14,9.14,18.44,1.11,11.2,22.93,2024-11-22
2024-12-18,La Liga,Espanol,Valencia,D,0.39146154637613584,0.2812221838566695,0.3273162697671947,0.3730326195994327,0.33806081151198586,0.2889065688885814,0.35605098296766174,0.33053197053653244,0.3134170464958059,2.72,2.93,3.09,2.61,2.88,3.37,2024-11-22
2024-12-18,La Liga,Villarreal,Vallecano,D,0.6247679137101935,0.2162962613207935,0.15893582496901304,0.550561797752809,0.2516853932584269,0.19775280898876402,0.5215147774262239,0.2636071962400312,0.21487802633374484,1.85,3.66,4.49,1.76,3.85,4.9,2024-11-22
2024-12-20,La Liga,Girona,Valladolid,H,0.7859562450374018,0.13919403128576815,0.07484972367682992,0.7072135661878322,0.1930044991389104,0.09978193467325747,0.6906493079920571,0.19299581460855889,0.11635487739938387,1.4,5.01,8.31,1.37,5.02,9.71,2024-11-22
2024-12-21,La Liga,Barcelona,Ath Madrid,A,0.5355518026939207,0.23801825749440947,0.22642993981166987,0.47426971315296085,0.2678382677585591,0.25789201908848003,0.5132364272747457,0.24614400083584742,0.24061957188940697,1.88,3.92,4.01,2.05,3.63,3.77,2024-11-22
2024-12-21,La Liga,Osasuna,Ath Bilbao,A,0.3049646415091666,0.2888041936179391,0.40623116487289435,0.21171775875517643,0.3165421865427556,0.4717400547020678,0.2510241279122228,0.2973670438344793,0.451608828253298,3.85,3.25,2.14,4.59,3.07,2.06,2024-11-22
2024-12-21,La Liga,Getafe,Mallorca,A,0.38292873930904076,0.36081552029157404,0.25625574039938503,0.4019669551534225,0.3712824547600314,0.22675059008654602,0.4083787315898445,0.35323269849194583,0.23838856991820978,2.37,2.74,4.06,2.42,2.62,4.29,2024-11-22
2024-12-21,La Liga,Celta,Sociedad,H,0.3283890135531181,0.2956597239280914,0.37595126251879063,0.35248698150475855,0.32537259831208476,0.3221404201831568,0.32841182879255876,0.3018114937501708,0.36977667745727033,2.95,3.21,2.62,2.76,2.99,3.02,2024-11-22
2024-12-22,La Liga,Valencia,Alaves,D,0.46536353235027705,0.28927284771189904,0.24536361993782393,0.4588869293949848,0.3083603251666936,0.23275274543832158,0.4169516521634444,0.31509049935478534,0.26795784848177034,2.32,3.07,3.61,2.11,3.14,4.16,2024-12-22
2024-12-22,La Liga,Real Madrid,Sevilla,H,0.74798638566732,0.16249248145060494,0.08952113288207512,0.7719900439396525,0.1448930262649498,0.08311692979539757,0.7131768049552684,0.16401851562003616,0.12280467942469546,1.35,5.87,7.84,1.25,6.66,11.61,2024-12-22
2024-12-22,La Liga,Las Palmas,Espanol,H,0.48892339687680114,0.2604138443322167,0.2506627587909822,0.45675364118816403,0.2943214952337106,0.2489248635781254,0.5163654127992183,0.2704771209900668,0.21315746621071488,1.87,3.57,4.53,2.12,3.29,3.89,2024-12-22
2024-12-22,La Liga,Leganes,Villarreal,A,0.3039774534116652,0.25972159210784956,0.43630095448048517,0.22238470846301672,0.2714584290456377,0.5061568624913454,0.22393333684932226,0.2748272770423501,0.5012393861083276,4.32,3.52,1.93,4.37,3.58,1.92,2024-12-22
2024-12-22,La Liga,Betis,Vallecano,D,0.527980448285248,0.2745938247783625,0.19742572693638963,0.5535852496517087,0.265354913056191,0.18105983729210023,0.5271847105241066,0.2679855611830876,0.20482972829280577,1.83,3.6,4.71,1.74,3.63,5.32,2024-12-22
2025-01-03,La Liga,Valencia,Real Madrid,A,0.155149400154113,0.2275379422739015,0.6173126575719853,0.12961582426320759,0.19800208737140298,0.6723820883653893,0.12798590696231518,0.2029567311243408,0.6690573619133442,7.58,4.78,1.45,7.47,4.89,1.44,2024-12-22
2025-01-10,La Liga,Vallecano,Celta,H,0.38852527414394317,0.28554158157411985,0.32593314428193704,0.3342489737953038,0.30683423146508965,0.3589167947396067,0.34238576983718194,0.31156004136309484,0.3460541887997232,2.83,3.11,2.8,2.91,3.17,2.71,2024-12-22
2025-01-11,La Liga,Espanol,Leganes,D,0.42243430002514337,0.2839322809477242,0.29363341902713236,0.45159941459335146,0.3236462471252352,0.2247543382814133,0.4538074661755331,0.31383438407593683,0.23235814974853014,2.13,3.08,4.16,2.15,3.0,4.32,2024-12-22
2025-01-11,La Liga,Alaves,Girona,A,0.2603191656667111,0.2417992082621537,0.4978816260711353,0.2996733337153992,0.3091867728809674,0.3911398934036334,0.34689164349342505,0.30244615167082994,0.35066220483574495,2.79,3.2,2.76,3.25,3.15,2.49,2024-12-22
2025-01-11,La Liga,Valladolid,Betis,H,0.19946973570364201,0.26294112799191777,0.53758913630444,0.19046672474173165,0.26686271873154704,0.5426705565267214,0.20585926045046493,0.27506550755347026,0.5190752319960648,4.69,3.51,1.86,5.1,3.64,1.79,2024-12-22
2025-01-11,La Liga,Sevilla,Valencia,D,0.48174205499623945,0.2774095620678053,0.2408483829359554,0.45416070513839574,0.30467207178563227,0.24116722307597194,0.46920727827967934,0.2730415235186835,0.25775119820163717,2.06,3.54,3.75,2.14,3.19,4.03,2024-12-22
2025-01-12,La Liga,Ath Madrid,Osasuna,H,0.7114740823775225,0.18338118130795852,0.1051447363145189,0.7279498899610631,0.18198747249026578,0.09006263754867107,0.7464617337243238,0.16717632578201003,0.08636194049366616,1.29,5.76,11.15,1.33,5.32,10.75,2024-12-22
2025-01-12,La Liga,Las Palmas,Getafe,A,0.40395019936743254,0.32605170397609945,0.269998096656468,0.37882127601355975,0.34770381405530304,0.2734749099311372,0.38553787514912996,0.32473156598131414,0.2897305588695558,2.51,2.98,3.34,2.57,2.8,3.56,2024-12-22
2025-01-13,La Liga,Sociedad,Villarreal,H,0.48101036387765284,0.261498209696974,0.25749142642537315,0.4832834880625375,0.2832069419841691,0.2335095699532933,0.4901170156247871,0.26970126278794154,0.24018172158727136,1.97,3.58,4.02,2.01,3.43,4.16,2024-12-22
2025-01-17,La Liga,Espanol,Valladolid,H,0.5792373824932723,0.23815009450105845,0.18261252300566908,0.5331239409844195,0.28205975947431505,0.18481629954126547,0.5393341326201235,0.2822097205570414,0.17845614682283498,1.8,3.44,5.44,1.82,3.44,5.25,2024-12-22
2025-01-18,La Liga,Girona,Sevilla,A,0.592215086271106,0.21233005315384873,0.19545486057504521,0.5058978907433543,0.2728438062436068,0.22125830301303878,0.49765713308222004,0.2674390133461238,0.23490385357165613,1.94,3.61,4.11,1.92,3.56,4.39,2024-12-22
2025-01-18,La Liga,Leganes,Ath Madrid,H,0.17981142546784756,0.25723755321474334,0.5629510213174093,0.1322574147741578,0.23498162042398915,0.6327609648018531,0.13556537094991467,0.22700805041141367,0.6374265786386716,7.1,4.24,1.51,7.32,4.12,1.53,2024-12-22
2025-01-18,La Liga,Betis,Alaves,A,0.5636914246524369,0.2539401274672368,0.1823684478803263,0.52197334320622,0.27660125879303965,0.20142539800074047,0.5426822695205357,0.25690809567727485,0.2004096348021895,1.78,3.76,4.82,1.86,3.51,4.82,2024-12-22
2025-01-18,La Liga,Getafe,Barcelona,D,0.1791376820099375,0.2505486328813579,0.5703136851087045,0.13343960731238633,0.21198502168225924,0.6545753710053546,0.14326647564469913,0.21489971346704867,0.6418338108882521,6.72,4.48,1.5,7.26,4.57,1.48,2024-12-22
2025-01-19,La Liga,Celta,Ath Bilbao,A,0.3129348668317153,0.27389186925234,0.4131732639159448,0.27869427345644465,0.30206304793881733,0.4192426786047379,0.3313800037705021,0.30621190221831207,0.36240809401118584,2.92,3.16,2.67,3.49,3.22,2.32,2024-12-22
2025-01-19,La Liga,Real Madrid,Las Palmas,H,0.7921909072556824,0.14149478254705522,0.0663143101972626,0.8377336290135233,0.10985104599379154,0.05241532499268508,0.8346890602325616,0.10594839064762095,0.0593625491198173,1.15,9.06,16.17,1.15,8.77,18.38,2024-12-22
2025-01-19,La Liga,Osasuna,Vallecano,D,0.4473444653275925,0.29120699998268584,0.2614485346897215,0.4171972736212008,0.30664657651022015,0.27615614986857895,0.4360194438130989,0.3092534074329328,0.2547271487539683,2.22,3.13,3.8,2.33,3.17,3.52,2024-12-22
2025-01-19,La Liga,Valencia,Sociedad,H,0.2904568350020673,0.3250069454971592,0.38453621950077377,0.30034891835310534,0.33789253314724355,0.3617585484996511,0.31367047766009687,0.31065441537490357,0.37567510696499967,3.09,3.12,2.58,3.24,2.88,2.69,2024-12-22
2025-01-20,La Liga,Villarreal,Mallorca,H,0.5734432565565132,0.23481797866356194,0.191738764779925,0.5582771823638583,0.2618335033188985,0.17988931431724323,0.5450587219189914,0.2600414926675511,0.19489978541345754,1.77,3.71,4.95,1.74,3.71,5.4,2024-12-22
2025-01-24,La Liga,Las Palmas,Osasuna,D,0.4131784605797001,0.28097957234327464,0.3058419670770252,0.38733187519460005,0.3000626564007549,0.31260546840464504,0.38008552512348703,0.30502161263828426,0.31489286223822877,2.56,3.19,3.09,2.51,3.24,3.11,2025-01-24
2025-01-25,La Liga,Valladolid,Real Madrid,A,0.07061428316661894,0.14360173702338638,0.7857839798099948,0.07227472691749673,0.14210486748337223,0.785620405599131,0.08795759735789538,0.14786679679670958,0.764175605845395,10.86,6.46,1.25,13.37,6.8,1.23,2025-01-24
2025-01-25,La Liga,Sevilla,Espanol,D,0.5743369859007605,0.2310986661010073,0.1945643479982324,0.5432756789782233,0.267160292684346,0.18956402833743075,0.5642160158194824,0.2505998407925493,0.18518414338796832,1.71,3.85,5.21,1.79,3.64,5.13,2025-01-24
2025-01-25,La Liga,Mallorca,Betis,A,0.3400396401679854,0.30774196989545255,0.35221838993656207,0.45882836025184776,0.3220914316999727,0.21908020804817957,0.4192783362244344,0.3124299860253043,0.26829167775026136,2.31,3.1,3.61,2.12,3.02,4.44,2025-01-24
2025-01-25,La Liga,Ath Madrid,Villarreal,D,0.627395846826086,0.19686865762441108,0.17573549554950293,0.4758826454500248,0.2789656887120835,0.24515166583789158,0.5607411616015213,0.23184490335447513,0.20741393504400354,1.72,4.16,4.65,2.04,3.48,3.96,2025-01-24
2025-01-26,La Liga,Vallecano,Girona,H,0.292202182712682,0.2584949919876087,0.44930282529970933,0.3849404312265377,0.3172310394147037,0.2978285293587585,0.3518700981358137,0.31214282899144763,0.33598707287273877,2.75,3.1,2.88,2.53,3.07,3.27,2025-01-24
2025-01-26,La Liga,Sociedad,Getafe,A,0.49845465059534755,0.3259163377843358,0.17562901162031655,0.49499393389786894,0.32666266344775186,0.17834340265437923,0.5423550607575667,0.30168500254639646,0.15595993669603694,1.78,3.2,6.19,1.96,2.97,5.44,2025-01-24
2025-01-26,La Liga,Ath Bilbao,Leganes,D,0.6288656302842422,0.23354404246815127,0.13759032724760642,0.7078440944477274,0.20415713881966033,0.08799876673261221,0.6941858855024078,0.2053017831592227,0.10051233133836945,1.39,4.7,9.6,1.37,4.75,11.02,2025-01-24
2025-01-26,La Liga,Barcelona,Valencia,H,0.748339878695727,0.15870700057005463,0.09295312073421831,0.7819263005441517,0.14397744755528544,0.0740962519005629,0.7867687418749097,0.1348114979055323,0.078419760219558,1.22,7.12,12.24,1.23,6.68,12.98,2025-01-24
2025-01-27,La Liga,Alaves,Celta,D,0.39702639467415,0.2675019664496221,0.3354716388762279,0.419171477888221,0.3106957919171478,0.2701327301946313,0.3599236686181428,0.3073633868516838,0.3327129445301732,2.69,3.15,2.91,2.32,3.13,3.6,2025-01-24
2025-01-31,La Liga,Leganes,Vallecano,A,0.38999205624078725,0.3084898440358732,0.3015180997233394,0.2828325789105933,0.32004739192514503,0.39712002916426153,0.29579507008216527,0.3180280328661189,0.38617689705171576,3.29,3.06,2.52,3.44,3.04,2.45,2025-01-24
2025-02-01,La Liga,Espanol,Real Madrid,H,0.11728689413775997,0.17355637888221268,0.7091567269800273,0.09347440553028749,0.16232551967088515,0.7442000747988273,0.09735959587383791,0.17318100776839157,0.7294593963577705,9.89,5.56,1.32,10.35,5.96,1.3,2025-01-24
2025-02-01,La Liga,Getafe,Sevilla,D,0.36503590837522215,0.3150215320034627,0.3199425596213153,0.3485838779956427,0.3376906318082789,0.3137254901960785,0.3845405930967428,0.32960622265435097,0.28585318424890616,2.52,2.94,3.39,2.79,2.88,3.1,2025-01-24
2025-02-01,La Liga,Villarreal,Valladolid,H,0.7795502610868712,0.1390937907321077,0.08135594818102093,0.8064834260165228,0.13095806647088326,0.06255850751259387,0.7800758052790489,0.14235804755092435,0.07756614717002669,1.23,6.74,12.37,1.2,7.39,15.47,2025-01-24
2025-02-01,La Liga,Ath Madrid,Mallorca,H,0.6875175533918843,0.2077983147646667,0.10468413184344885,0.6510116467450173,0.2304055471852912,0.11858280606969143,0.6752372455186958,0.21747505880444476,0.10728769567685943,1.43,4.44,9.0,1.49,4.21,8.18,2025-01-24
2025-02-02,La Liga,Osasuna,Sociedad,H,0.2970770667775642,0.3139223680826806,0.3890005651397552,0.2950148738308632,0.3171169653556511,0.3878681608134856,0.31609195402298856,0.3256704980842912,0.35823754789272033,3.06,2.97,2.7,3.3,3.07,2.51,2025-01-24
2025-02-02,La Liga,Betis,Ath Bilbao,D,0.33849852554084575,0.2906364904487758,0.37086498401037843,0.30328532494041716,0.29772045659288654,0.39899421846669636,0.3218118007484536,0.2953211951990382,0.38286700405250806,3.01,3.28,2.53,3.21,3.27,2.44,2025-01-24
2025-02-02,La Liga,Barcelona,Alaves,H,0.7847772719790775,0.13835674812979426,0.07686597989112827,0.8354108099506711,0.11075160451917467,0.05383758553015435,0.8069093152375076,0.1258482418260333,0.06724244293645898,1.19,7.63,14.28,1.16,8.75,18.0,2025-01-24
2025-02-02,La Liga,Valencia,Celta,H,0.42640335568017196,0.27033921621574947,0.30325742810407835,0.425049495094732,0.30900423611648764,0.26594626878878036,0.4051458237898916,0.30837532447701943,0.28647885173308907,2.39,3.14,3.38,2.29,3.15,3.66,2025-01-24
2025-02-03,La Liga,Girona,Las Palmas,H,0.659637760007884,0.1922897364361403,0.14807250355597576,0.6474219971032756,0.21203777197705534,0.14054023091966908,0.5913532004404886,0.23339121470169402,0.1752555848578175,1.63,4.13,5.5,1.5,4.58,6.91,2025-01-24
2025-02-07,La Liga,Vallecano,Valladolid,H,0.574089466289252,0.26155674489138603,0.16435378881936202,0.6775329816389178,0.21772408174014662,0.10474293662093541,0.6424726811667287,0.2256929793325745,0.13183433950069673,1.5,4.27,7.31,1.43,4.45,9.25,2025-01-24
2025-02-08,La Liga,Celta,Betis,H,0.4072860045258909,0.26464984525271407,0.32806415022139496,0.4459844409740298,0.28764676962230323,0.2663687894036671,0.4115833935842308,0.2861600517523498,0.3022565546634195,2.35,3.38,3.2,2.18,3.38,3.65,2025-01-24
2025-02-08,La Liga,Ath Bilbao,Girona,H,0.48021558451461177,0.24571691374515656,0.2740675017402316,0.5490361663808628,0.2633588115160237,0.1876050221031134,0.5740514075887393,0.2460220318237454,0.17992656058751527,1.68,3.92,5.36,1.77,3.69,5.18,2025-01-24
2025-02-08,La Liga,Las Palmas,Villarreal,A,0.3095762335708081,0.24008605227205543,0.45033771415713614,0.17188237104533563,0.2323290422024274,0.595788586752237,0.20911745049069613,0.2356396637236625,0.5552428857856414,4.62,4.1,1.74,5.65,4.18,1.63,2025-01-24
2025-02-08,La Liga,Real Madrid,Ath Madrid,D,0.5411883345920642,0.2370590422830312,0.22175262312490454,0.49164063442691086,0.2561706463592851,0.25218871921380404,0.5078674805326285,0.26292866839563883,0.22920385107173263,1.9,3.67,4.21,1.98,3.8,3.86,2025-01-24
2025-02-09,La Liga,Alaves,Getafe,A,0.38609289751092674,0.32360371175361946,0.290303390735454,0.4125451557530351,0.34748427097477863,0.23997057327218624,0.408570079660674,0.3339003754468267,0.2575295448924993,2.37,2.9,3.76,2.35,2.79,4.04,2025-01-24
2025-02-09,La Liga,Valencia,Leganes,H,0.4698468378493094,0.2875374445896105,0.24261571756108002,0.5454652479565866,0.28389711735752166,0.17063763468589174,0.5510198897553789,0.27709333536549224,0.1718867748791289,1.75,3.48,5.61,1.78,3.42,5.69,2025-01-24
2025-02-09,La Liga,Sociedad,Espanol,H,0.6133114491913891,0.24220098324295747,0.1444875675656536,0.5951008611509245,0.2628765321615195,0.14202260668755592,0.5978979546274193,0.25003005375328446,0.15207199161929624,1.61,3.85,6.33,1.63,3.69,6.83,2025-01-24
2025-02-09,La Liga,Sevilla,Barcelona,A,0.23065910952314952,0.22551865479767566,0.5438222356791749,0.14937641838018456,0.194578500896032,0.6560450807237835,0.17162487637993118,0.2060965395844473,0.6222785840356214,5.62,4.68,1.55,6.5,4.99,1.48,2025-01-24
2025-02-10,La Liga,Mallorca,Osasuna,D,0.40054839030511263,0.30329452245804506,0.2961570872368422,0.42252937826784703,0.3155251850701455,0.26194543666200754,0.47217326650878455,0.30060720383323236,0.22721952965798314,2.05,3.22,4.26,2.3,3.08,3.71,2025-01-24
2025-02-14,La Liga,Girona,Getafe,A,0.5947053568922416,0.23681364738953822,0.1684809957182202,0.500094736443215,0.30508924172950846,0.19481602182727645,0.48878769287300805,0.29837040147769517,0.21284190564929675,1.99,3.26,4.57,1.94,3.18,4.98,2025-01-24
2025-02-15,La Liga,Villarreal,Valencia,D,0.5967682752174884,0.21397438703732038,0.189257337745191,0.5614102372485598,0.24588347099747043,0.1927062917539699,0.6283309957924264,0.214586255259467,0.1570827489481066,1.53,4.48,6.12,1.73,3.95,5.04,2025-01-24
2025-02-15,La Liga,Ath Madrid,Celta,D,0.6994974659831072,0.18233757609172246,0.11816495792517012,0.693717384534568,0.1986102941407761,0.10767232132465579,0.6749290519756296,0.20149238921193113,0.1235785588124392,1.43,4.79,7.81,1.4,4.89,9.02,2025-01-24
2025-02-15,La Liga,Leganes,Alaves,D,0.4157666757344405,0.2913531465853924,0.2928801776801673,0.24706053975200581,0.33336250911743254,0.41957695113056165,0.29534566032154985,0.3306258586534756,0.3740284810249744,3.28,2.93,2.59,3.94,2.92,2.32,2025-01-24
2025-02-15,La Liga,Osasuna,Real Madrid,D,0.15685826764042912,0.21023356002433619,0.6329081723352346,0.14409089003479647,0.19720789837756258,0.6587012115876411,0.1652587386747893,0.22212606445433572,0.612615196870875,5.82,4.33,1.57,6.72,4.91,1.47,2025-01-24
2025-02-16,La Liga,Espanol,Ath Bilbao,D,0.23347301997526948,0.25921065545972305,0.5073163245650076,0.1757077439591801,0.2784137031788727,0.5458785528619472,0.17741090517790647,0.270080847268042,0.5525082475540516,5.45,3.58,1.75,5.53,3.49,1.78,2025-01-24
2025-02-16,La Liga,Valladolid,Sevilla,A,0.23349641426185952,0.26629843786386925,0.5002051478742712,0.22632439830423604,0.2870781453416563,0.4865974563541075,0.2332281520098779,0.28398957332967484,0.48278227466044726,4.14,3.4,2.0,4.3,3.39,2.0,2025-01-24
2025-02-16,La Liga,Mallorca,Las Palmas,H,0.4221614475408626,0.3028219280169457,0.27501662444219166,0.5259668508287293,0.2861878453038674,0.18784530386740333,0.5554407480181583,0.26624432549630733,0.17831492648553424,1.74,3.63,5.42,1.85,3.4,5.18,2025-01-24
2025-02-16,La Liga,Betis,Sociedad,H,0.35164088622627554,0.31775459395691563,0.33060451981680883,0.4018497847233296,0.30872269175570083,0.28942752352096957,0.37860210369079483,0.30671562830646665,0.3146822680027386,2.56,3.16,3.08,2.42,3.15,3.36,2025-01-24
2025-02-17,La Liga,Barcelona,Vallecano,H,0.7516008269803438,0.16020615615177303,0.08819301686788304,0.7967287343121976,0.12922811910425724,0.07404314658354524,0.7979757390059523,0.12517266494211016,0.07685159605193762,1.2,7.65,12.46,1.21,7.46,13.02,2025-01-24
2025-02-21,La Liga,Celta,Osasuna,H,0.4787970971545885,0.25442911206751523,0.26677379077789626,0.5642276781771616,0.25538726485913626,0.18038505696370222,0.5695366051288789,0.250832183605983,0.1796312112651381,1.7,3.86,5.39,1.72,3.8,5.38,2025-01-24
2025-02-22,La Liga,Las Palmas,Barcelona,A,0.17021514442828622,0.20770261965627623,0.6220822359154374,0.0851005254381273,0.1380140326589686,0.7768854419029041,0.08946534215136981,0.13853533444568117,0.7719993234029492,10.7,6.91,1.24,11.32,6.98,1.24,2025-01-24
2025-02-22,La Liga,Alaves,Espanol,A,0.4802993412668598,0.2617413704568906,0.2579592882762496,0.5154841285447839,0.30863380944719543,0.17588206200802065,0.539177884573094,0.2797473661987937,0.18107474922811226,1.79,3.45,5.33,1.88,3.14,5.51,2025-01-24
2025-02-22,La Liga,Vallecano,Villarreal,A,0.3201752831573458,0.25530580947575016,0.4245189073669041,0.34509834228525055,0.2931257003748213,0.3617759573399281,0.313109246923771,0.2870942353099265,0.3997965177663026,3.09,3.37,2.42,2.82,3.32,2.69,2025-01-24
2025-02-22,La Liga,Valencia,Ath Madrid,A,0.21613148833766618,0.26418966439473035,0.5196788472676037,0.23497149856970848,0.30399437627456033,0.4610341251557313,0.21273977184533804,0.2815855872238585,0.5056746409308035,4.54,3.43,1.91,4.14,3.2,2.11,2025-01-24
2025-02-23,La Liga,Sociedad,Leganes,H,0.5615475169362466,0.27287766431657345,0.16557481874717989,0.5914321860991192,0.25865300938734814,0.14991480451353253,0.6163289990928333,0.24844269730873902,0.13522830359842758,1.56,3.87,7.11,1.64,3.75,6.47,2025-02-23
2025-02-23,La Liga,Getafe,Betis,A,0.36582151600803015,0.3176984485783933,0.3164800354135764,0.3191858014766714,0.33802663003605826,0.3427875684872704,0.36391122699001066,0.3112552616699127,0.32483351134007665,2.66,3.11,2.98,3.05,2.88,2.84,2025-02-23
2025-02-23,La Liga,Ath Bilbao,Valladolid,H,0.7841374703745453,0.15348406545349183,0.06237846417196263,0.8177357804833728,0.12865709612938397,0.05360712338724332,0.8181620367012402,0.127293827518677,0.05454413578008268,1.17,7.52,17.55,1.18,7.5,18.0,2025-02-23
2025-02-23,La Liga,Real Madrid,Girona,H,0.7078781934896894,0.16406530006118397,0.1280565064491265,0.7522338122182841,0.1502120561059912,0.0975541316757248,0.7484487540152831,0.14876000079806867,0.10279124518664833,1.28,6.44,9.32,1.28,6.41,9.87,2025-02-23
2025-02-24,La Liga,Sevilla,Mallorca,D,0.5000715613432455,0.2774909216912213,0.2224375169655332,0.4914026732621165,0.29044098300268373,0.21815634373519968,0.4585275425606199,0.30139972423766603,0.24007273320171413,2.11,3.21,4.03,1.98,3.35,4.46,2025-02-23
2025-02-28,La Liga,Valladolid,Las Palmas,D,0.27398415060763515,0.28477145488924527,0.4412443945031194,0.31816596526308444,0.3130507568183403,0.3687832779185751,0.30049261083743845,0.30049261083743845,0.3990147783251232,3.24,3.24,2.44,3.06,3.11,2.64,2025-02-23
2025-03-01,La Liga,Girona,Celta,D,0.5911102573225927,0.20276321017267865,0.20612653250472848,0.44645903590557434,0.28541955961118826,0.2681214044832375,0.4418722504167983,0.2718259068575248,0.286301842725677,2.19,3.56,3.38,2.18,3.41,3.63,2025-02-23
2025-03-01,La Liga,Vallecano,Sevilla,D,0.37013638563301376,0.3007473513800331,0.3291162629869532,0.36585024927392173,0.322238961281004,0.3119107894450743,0.41732759271848324,0.2979076969559634,0.2847647103255532,2.32,3.25,3.4,2.66,3.02,3.12,2025-02-23
2025-03-01,La Liga,Betis,Real Madrid,H,0.21653079261563532,0.2376404299210332,0.5458287774633317,0.2531052959164344,0.2584905149784862,0.4884041891050794,0.21079993883720113,0.234335854338442,0.5548642068243569,4.58,4.12,1.74,3.84,3.76,1.99,2025-02-23
2025-03-01,La Liga,Ath Madrid,Ath Bilbao,H,0.5217287422699621,0.26632868753612216,0.2119425701939155,0.4463152395676699,0.2966445701053999,0.2570401903269303,0.4734893115637098,0.2775626998821747,0.24894798855411548,2.04,3.48,3.88,2.2,3.31,3.82,2025-02-23
2025-03-02,La Liga,Leganes,Getafe,H,0.324722647963026,0.33358112085542685,0.3416962311815473,0.30831654810278375,0.3568792278405849,0.33480422405663124,0.2970013384785178,0.3470338220214939,0.3559648394999882,3.26,2.79,2.72,3.16,2.73,2.91,2025-02-23
2025-03-02,La Liga,Barcelona,Sociedad,H,0.650564617813321,0.2107866303883071,0.13864875179837163,0.7650309478703946,0.15497411484191273,0.0799949372876927,0.7535663262042347,0.16248374096424079,0.0839499328315244,1.27,5.89,11.4,1.26,6.22,12.05,2025-02-23
2025-03-02,La Liga,Mallorca,Alaves,D,0.42769593076313484,0.30514851581120855,0.2671555534256567,0.3788976149479045,0.34047792671892124,0.28062445833317423,0.4190729640153292,0.3112728446544728,0.2696541913301979,2.31,3.11,3.59,2.57,2.86,3.47,2025-02-23
2025-03-02,La Liga,Osasuna,Valencia,D,0.4466187366549142,0.28028412878939973,0.2730971345556861,0.43573327110777293,0.3065252979717141,0.25774143092051294,0.41154084735377955,0.3031727245396182,0.2852864281066023,2.35,3.19,3.39,2.23,3.17,3.77,2025-02-23
2025-03-08,La Liga,Alaves,Villarreal,H,0.28585561240201596,0.241685286809952,0.4724591007880319,0.3119062307217767,0.307958050586058,0.3801357186921654,0.3083753244770194,0.286478851733089,0.40514582378989156,3.14,3.38,2.39,3.12,3.16,2.56,2025-02-23
2025-03-08,La Liga,Valencia,Valladolid,H,0.635264671821871,0.22765514657588504,0.13708018160224414,0.6834881857114059,0.20782724276449602,0.10868457152409815,0.6844554297405934,0.21210596833719486,0.10343860192221187,1.41,4.55,9.33,1.42,4.67,8.93,2025-02-23
2025-03-08,La Liga,Celta,Leganes,H,0.5436381522797271,0.24682676478389948,0.20953508293637335,0.616759274187139,0.23850050750586416,0.14474021830699674,0.6186228274813621,0.23537844167583538,0.14599873084280254,1.56,4.1,6.61,1.57,4.06,6.69,2025-02-23
2025-03-09,La Liga,Getafe,Ath Madrid,H,0.22101454386323224,0.3041904783127555,0.47479497782401225,0.19162268721650247,0.301375619523168,0.5070016932603295,0.20797793351611826,0.3060434781170728,0.485978588366809,4.65,3.16,1.99,5.08,3.23,1.92,2025-02-23
2025-03-09,La Liga,Real Madrid,Vallecano,H,0.7463921982510915,0.1722867921905207,0.08132100955838785,0.7447676413403987,0.1635469482673173,0.09168541039228395,0.7529097825469823,0.1546909344558808,0.09239928299713686,1.28,6.23,10.43,1.3,5.92,10.56,2025-02-23
2025-03-09,La Liga,Ath Bilbao,Mallorca,D,0.5934479504161402,0.25795482829433003,0.14859722128952982,0.5579659129979206,0.2734818841172907,0.16855220288478853,0.5909203958227088,0.25347374873447776,0.1556058554428135,1.63,3.8,6.19,1.74,3.55,5.76,2025-02-23
2025-03-09,La Liga,Betis,Las Palmas,H,0.5654725362293314,0.24491155413728635,0.18961590963338237,0.7235830232718149,0.1819139308037959,0.0945030459243891,0.6569431639056599,0.20723314397882406,0.13582369211551618,1.47,4.66,7.11,1.34,5.33,10.26,2025-02-23
2025-03-09,La Liga,Sociedad,Sevilla,A,0.4671104421261352,0.28783559321715385,0.24505396465671092,0.38734437604580835,0.31981394206413777,0.2928416818900539,0.42805009476383366,0.3090713144301163,0.26287859080604997,2.26,3.13,3.68,2.51,3.04,3.32,2025-02-23
2025-03-10,La Liga,Espanol,Girona,D,0.29334697815272665,0.23496327426683802,0.47168974758043525,0.2696288226597152,0.3090031904131974,0.4213679869270874,0.30942323908682406,0.2952727860798047,0.39530397483337115,3.13,3.28,2.45,3.61,3.15,2.31,2025-02-23
2025-03-14,La Liga,Las Palmas,Alaves,D,0.42310682792263793,0.28587281080206184,0.2910203612753,0.33571891267530884,0.32025817327578804,0.34402291404890306,0.3317103915544,0.3186165603088316,0.3496730481367683,2.92,3.04,2.77,2.9,3.04,2.83,2025-02-23
2025-03-15,La Liga,Valladolid,Celta,A,0.21533754621231282,0.24759438013402735,0.5370680736536598,0.20162049568103182,0.2524183868006684,0.5459611175182997,0.18182017953479176,0.2445804445518772,0.5735993759133311,5.3,3.94,1.68,4.82,3.85,1.78,2025-02-23
2025-03-15,La Liga,Mallorca,Espanol,H,0.43770887811647935,0.2915942101277334,0.2706969117557872,0.521664719784847,0.2913802939338785,0.18695498628127463,0.5271317829457364,0.2837209302325582,0.18914728682170545,1.83,3.4,5.1,1.86,3.33,5.19,2025-02-23
2025-03-15,La Liga,Villarreal,Real Madrid,A,0.26354196914791644,0.21802861507541021,0.5184294157766732,0.30384930384930386,0.2620802620802621,0.43407043407043405,0.3140535372848948,0.24426386233269598,0.4416826003824092,3.08,3.96,2.19,3.2,3.71,2.24,2025-02-23
2025-03-15,La Liga,Girona,Valencia,D,0.6117219627581165,0.20920857800951656,0.17906945923236692,0.4959368993172931,0.27151852588321074,0.2325445747994963,0.48822709952334775,0.2670413417282399,0.24473155874841224,1.98,3.62,3.95,1.96,3.58,4.18,2025-02-23
2025-03-16,La Liga,Vallecano,Sociedad,D,0.31298527882164556,0.3381513373731548,0.3488633838051997,0.3980731400131654,0.33471201738131207,0.26721484260552264,0.385932126503852,0.30752051984910106,0.30654735364704694,2.51,3.15,3.16,2.43,2.89,3.62,2025-02-23
2025-03-16,La Liga,Osasuna,Getafe,A,0.38856714767911055,0.321918955032285,0.2895138972886046,0.3970270647163689,0.3342667726993484,0.26870616258428287,0.4134786552205609,0.32144187814488784,0.26507946663455134,2.34,3.01,3.65,2.45,2.91,3.62,2025-02-23
2025-03-16,La Liga,Ath Madrid,Barcelona,A,0.41818122650233036,0.251122480434164,0.3306962930635057,0.3127764442897191,0.25870604833537936,0.4285175073749015,0.3164854342864814,0.2624513357497651,0.42106322996375356,3.06,3.69,2.3,3.11,3.76,2.27,2025-02-23
2025-03-16,La Liga,Leganes,Betis,A,0.30068463904749865,0.2839017585353023,0.41541360241719893,0.24006854650257048,0.2902321233837046,0.4696993301137249,0.25167266379279635,0.28592397306637213,0.4624033631408315,3.84,3.38,2.09,4.05,3.35,2.07,2025-02-23
2025-03-16,La Liga,Sevilla,Ath Bilbao,A,0.32439467473346106,0.2827327006455856,0.3928726246209536,0.3674535393772184,0.3224343971356387,0.31011206348714293,0.3225579211020664,0.3052598622417032,0.3721822166562304,3.0,3.17,2.6,2.65,3.02,3.14,2025-02-23
2025-03-27,La Liga,Barcelona,Osasuna,H,0.7936679838334605,0.1310400784970331,0.07529193766950652,0.8171448654866126,0.12441689564828423,0.0584382388651032,0.7494023019594074,0.14689662274242593,0.10370107529816665,1.28,6.53,9.25,1.18,7.75,16.5,2025-03-27
2025-03-29,La Liga,Real Madrid,Leganes,H,0.8318881912443525,0.1166952077486309,0.05141660100701653,0.8024051837750769,0.1295943769219505,0.06800043930297262,0.8308941230276699,0.11207409101303453,0.05703178595929568,1.16,8.6,16.9,1.2,7.43,14.16,2025-03-27
2025-03-29,La Liga,Alaves,Vallecano,A,0.3923897613296513,0.3095227643992388,0.29808747427110976,0.45673461161573686,0.31382087830371597,0.22944451008054703,0.4434861910985365,0.3201324160909966,0.2363813928104669,2.18,3.02,4.09,2.13,3.1,4.24,2025-03-27
2025-03-29,La Liga,Sociedad,Valladolid,H,0.7194301336298257,0.19348553497856943,0.08708433139160494,0.7034229133917643,0.19891877468865463,0.09765831191958095,0.7118037000191154,0.19570977495433928,0.09248652502654531,1.35,4.91,10.39,1.38,4.88,9.94,2025-03-27
2025-03-29,La Liga,Espanol,Ath Madrid,D,0.18998563754956724,0.23715739332255384,0.5728569691278788,0.16548826777995965,0.2606885078469257,0.5738232243731146,0.15329523115947558,0.24875815288927816,0.5979466159512463,6.28,3.87,1.61,5.86,3.72,1.69,2025-03-27
2025-03-30,La Liga,Getafe,Villarreal,A,0.3468609821712336,0.2773961118834543,0.37574290594531196,0.29080525500562393,0.3082903810977342,0.400904363896642,0.2849116199963555,0.30462248678855613,0.4104658932150884,3.4,3.18,2.36,3.35,3.16,2.43,2025-03-27
2025-03-30,La Liga,Barcelona,Girona,H,0.7220223199211713,0.1525644550942625,0.12541322498456636,0.7448783209775318,0.15179984740300412,0.10332183161946408,0.7808870842784922,0.13471123613780442,0.08440167958370345,1.23,7.13,11.38,1.29,6.33,9.3,2025-03-27
2025-03-30,La Liga,Ath Bilbao,Osasuna,D,0.6181233493340867,0.22949600025606232,0.1523806504098507,0.6438212280913271,0.22406771279280532,0.13211105911586743,0.6591040118071197,0.2157605061072634,0.125135482085617,1.46,4.46,7.69,1.5,4.31,7.31,2025-03-27
2025-03-30,La Liga,Valencia,Mallorca,H,0.4324061734584342,0.298386788572125,0.2692070379694409,0.4837973165082132,0.30106272637198406,0.21513995711980274,0.44340628835252177,0.30019431944363273,0.2563993922038455,2.18,3.22,3.77,2.01,3.23,4.52,2025-03-27
2025-03-30,La Liga,Betis,Sevilla,H,0.48558481946553234,0.2596374397022215,0.2547777408322463,0.5449687460282615,0.27096211394701264,0.18406914002472588,0.5127269910333296,0.2730670660460793,0.21420594292059106,1.88,3.53,4.5,1.78,3.58,5.27,2025-03-27
2025-03-31,La Liga,Celta,Las Palmas,D,0.5395412886797273,0.24399240462050373,0.21646630669976918,0.6024972059829705,0.23716882680503243,0.1603339672119971,0.609276783190886,0.22865969535429928,0.16206352145481479,1.58,4.21,5.94,1.61,4.09,6.05,2025-03-27
2025-04-04,La Liga,Vallecano,Espanol,A,0.46274489668981295,0.28714673005636326,0.2501083732538236,0.5783312501905314,0.26546352467762097,0.1562052251318477,0.5747195714046544,0.26683408672358944,0.15844634187175624,1.69,3.64,6.13,1.68,3.66,6.22,2025-03-27
2025-04-05,La Liga,Girona,Alaves,A,0.617540494384944,0.21029827088129574,0.1721612347337604,0.4648308000796482,0.2935034356998383,0.24166576422051364,0.4613031475500698,0.2857630117566804,0.25293384069324976,2.1,3.39,3.83,2.09,3.31,4.02,2025-03-27
2025-04-05,La Liga,Real Madrid,Valencia,A,0.7731651343415392,0.149325034418415,0.07750983124004582,0.7567645782086528,0.1513529156417306,0.09188250614961656,0.7408429052274009,0.16519653118278238,0.09396056358981672,1.3,5.83,10.25,1.27,6.35,10.46,2025-03-27
2025-04-05,La Liga,Mallorca,Celta,A,0.38590223335053914,0.28679936189525856,0.327298404754202,0.3322838252821443,0.3071266902450103,0.36058948447284545,0.354883989761374,0.31558087688877884,0.3295351333498473,2.73,3.07,2.94,2.93,3.17,2.7,2025-03-27
2025-04-05,La Liga,Barcelona,Betis,D,0.712846502579834,0.1679110223098803,0.11924247511028568,0.7018298819574927,0.17047995359605764,0.12769016444644954,0.7040911495422177,0.16746612410986775,0.12844272634791457,1.37,5.76,7.51,1.37,5.64,7.53,2025-03-27
2025-04-06,La Liga,Villarreal,Ath Bilbao,D,0.40041594801965325,0.25161968924615646,0.3479643627341905,0.4160942760942761,0.2915151515151515,0.29239057239057237,0.43383998663771506,0.2756305328211124,0.29052948054117256,2.23,3.51,3.33,2.34,3.34,3.33,2025-03-27
2025-04-06,La Liga,Valladolid,Getafe,A,0.20297815688454524,0.29682799394096687,0.5001938491744877,0.20845055470035567,0.31538298211157706,0.4761664631880673,0.20223493077949786,0.3005173270461697,0.49724774217433243,4.77,3.21,1.94,4.66,3.08,2.04,2025-03-27
2025-04-06,La Liga,Las Palmas,Sociedad,A,0.2978502778338212,0.30464158301324973,0.39750813915292915,0.2929940146843764,0.29656711242442974,0.41043887289119385,0.30471637936997104,0.2981532573527717,0.39713036327725737,3.18,3.25,2.44,3.32,3.28,2.37,2025-03-27
2025-04-06,La Liga,Sevilla,Ath Madrid,A,0.2623816228664837,0.26382762276587945,0.47379075436763685,0.2654593218224645,0.3007991076997586,0.43374157047777684,0.2799380853104437,0.2857185177504823,0.434343396939074,3.46,3.39,2.23,3.66,3.23,2.24,2025-03-27
2025-04-07,La Liga,Leganes,Osasuna,D,0.36178397606833235,0.2799906672060155,0.35822535672565203,0.35247687082796586,0.32645508841784754,0.32106804075418666,0.3494552260860999,0.3132656881095459,0.33727908580435423,2.77,3.09,2.87,2.76,2.98,3.03,2025-03-27
2025-04-11,La Liga,Valencia,Sevilla,H,0.38553957932942784,0.2788002164226153,0.33566020424795684,0.4008970743144517,0.3183594413673587,0.2807434843181895,0.41056976337305334,0.30407823099816766,0.285352005628779,2.37,3.2,3.41,2.43,3.06,3.47,2025-03-27
2025-04-12,La Liga,Sociedad,Mallorca,A,0.49578762175755514,0.30284366606985436,0.2013687121725905,0.47143557281367066,0.3153208421442257,0.2132435850421038,0.5510238452793644,0.27950484905475015,0.16947130566588536,1.75,3.45,5.69,2.04,3.05,4.51,2025-03-27
2025-04-12,La Liga,Getafe,Las Palmas,A,0.48118746107850285,0.30158393909929015,0.21722859982220702,0.5664456244108002,0.26683802141665797,0.1667163541725419,0.5389291843648941,0.2748385299182794,0.18623228571682637,1.79,3.51,5.18,1.71,3.63,5.81,2025-03-27
2025-04-12,La Liga,Celta,Espanol,A,0.5362792650480146,0.2390185905351526,0.22470214441683276,0.5848351178166481,0.25281934780615517,0.16234553437719662,0.587848544088898,0.24847206502726618,0.1636793908838358,1.64,3.88,5.89,1.66,3.84,5.98,2025-03-27
2025-04-12,La Liga,Leganes,Barcelona,A,0.11786913552639108,0.1729019064690148,0.7092289580045941,0.09082957147817831,0.14649037595108635,0.7626800525707353,0.12871537247890166,0.15182332911290922,0.7194612984081892,7.49,6.35,1.34,10.58,6.56,1.26,2025-03-27
2025-04-13,La Liga,Osasuna,Girona,H,0.3418592611864494,0.24541224507247963,0.41272849374107096,0.37461874058916644,0.31118489633604884,0.3141963630747848,0.38421015827136895,0.3044684273093867,0.3113214144192443,2.52,3.18,3.11,2.6,3.13,3.1,2025-03-27
2025-04-13,La Liga,Alaves,Real Madrid,A,0.14830399059875438,0.2146634903099426,0.6370325190913027,0.18579360692671787,0.2514245953475844,0.5627817977256977,0.1794532777050469,0.2282408118328965,0.5923059104620566,5.38,4.23,1.63,5.21,3.85,1.72,2025-03-27
2025-04-13,La Liga,Betis,Villarreal,A,0.4318784439625619,0.23861887563098713,0.329502680406451,0.4419779323997788,0.2786107310256485,0.2794113365745728,0.41020714024153154,0.26816865677839735,0.3216242029800712,2.36,3.61,3.01,2.2,3.49,3.48,2025-03-27
2025-04-13,La Liga,Ath Bilbao,Vallecano,H,0.5872156515459376,0.25899362828432443,0.15379072016973794,0.5256563508683303,0.29558183863416754,0.17876181049750206,0.5359322789039875,0.27961684116729785,0.18445087992871462,1.8,3.45,5.23,1.85,3.29,5.44,2025-03-27
2025-04-14,La Liga,Ath Madrid,Valladolid,H,0.8698117243179122,0.09583591919866838,0.03435235648341938,0.8624151114680259,0.10076639723468514,0.036818491297288806,0.8483944834957654,0.10264301566918789,0.048962500835046725,1.13,9.34,19.58,1.11,9.5,26.0,2025-03-27
2025-04-18,La Liga,Espanol,Getafe,H,0.3538891583145148,0.3129551922860741,0.33315564939941095,0.33821484845676153,0.36481601631291133,0.2969691352303272,0.33632463339533525,0.35222361606493297,0.3114517505397317,2.88,2.75,3.11,2.88,2.67,3.28,2025-03-27
2025-04-19,La Liga,Las Palmas,Ath Madrid,H,0.18328816248468127,0.24214836331563971,0.5745634741996791,0.16613068377695564,0.24940956124869432,0.58445975497435,0.16076505001754376,0.2248462238007605,0.6143887261816959,6.0,4.29,1.57,5.84,3.89,1.66,2025-03-27
2025-04-19,La Liga,Mallorca,Leganes,D,0.4801876574651671,0.2893181628762688,0.23049417965856409,0.5270517272893438,0.3068908791811369,0.1660573935295193,0.5161554611091197,0.3064160991346203,0.1774284397562599,1.87,3.15,5.44,1.84,3.16,5.84,2025-03-27
2025-04-19,La Liga,Vallecano,Valencia,D,0.42165374549085805,0.3004440150306473,0.2779022394784944,0.39598861273807395,0.3132257194005344,0.2907856678613916,0.41863659174348267,0.3050632577058186,0.27630015055069856,2.31,3.17,3.5,2.46,3.11,3.35,2025-03-27
2025-04-19,La Liga,Barcelona,Celta,H,0.7792484178024833,0.13431170262878703,0.08643987956872971,0.769920366220018,0.13709408230413428,0.09298555147584758,0.7424702422077025,0.1466748257960086,0.11085493199628892,1.29,6.53,8.64,1.25,7.02,10.35,2025-03-27
2025-04-20,La Liga,Valladolid,Osasuna,A,0.2257596287601266,0.26093337537368766,0.5133069958661856,0.18976342994862685,0.2592757024164393,0.5509608676349337,0.19614874873314106,0.2832618694940361,0.520589381772823,4.91,3.4,1.85,5.11,3.74,1.76,2025-03-27
2025-04-20,La Liga,Villarreal,Sociedad,D,0.49193146334570753,0.2520821209114578,0.2559864157428348,0.5853155679124934,0.23640482791599485,0.1782796041715117,0.569822828196275,0.2413535287347631,0.18882364306896177,1.69,3.99,5.1,1.66,4.11,5.45,2025-03-27
2025-04-20,La Liga,Sevilla,Alaves,D,0.5177231808353164,0.2621109425071028,0.22016587665758078,0.44849573354876515,0.32879585871649336,0.2227084077347415,0.4651294625477246,0.3203540669202872,0.2145164705319883,2.08,3.02,4.51,2.17,2.96,4.37,2025-03-27
2025-04-20,La Liga,Real Madrid,Ath Bilbao,H,0.5877311726644532,0.23337198348389013,0.17889684385165674,0.6719859016022375,0.20720764417713536,0.12080645422062698,0.5754070917668545,0.24288540556992846,0.18170750266321717,1.68,3.98,5.32,1.44,4.67,8.01,2025-03-27
2025-04-21,La Liga,Girona,Betis,A,0.4971588345378556,0.2333593387366443,0.26948182672550036,0.3729975976919452,0.28300108429534215,0.34400131801271266,0.34112530578961675,0.2729002446316934,0.38597444957868987,2.84,3.55,2.51,2.61,3.44,2.83,2025-03-27
2025-04-22,La Liga,Valencia,Espanol,D,0.4806983979375327,0.2648524165636156,0.2544491854988515,0.47196051429584285,0.3019374718787069,0.2261020138254503,0.48401179861812554,0.2886835950214932,0.22730460636038136,2.01,3.37,4.28,2.06,3.22,4.3,2025-03-27
2025-04-22,La Liga,Barcelona,Mallorca,H,0.7739005975411174,0.1495293045877423,0.0765700978711398,0.7470933578911017,0.16461379072176818,0.08829285138713021,0.78209742059671,0.14167596867952184,0.0762266107237681,1.23,6.79,12.62,1.3,5.9,11.0,2025-03-27
2025-04-23,La Liga,Getafe,Real Madrid,A,0.18697498651507785,0.266926795629904,0.5460982178550179,0.1574319081630623,0.25123848556592326,0.5913296062710145,0.20051529069116167,0.2606698778985101,0.5388148314103282,4.81,3.7,1.79,6.16,3.86,1.64,2025-03-27
2025-04-23,La Liga,Ath Bilbao,Las Palmas,H,0.6596191041488766,0.21572292827515882,0.12465796757596445,0.6981996840883284,0.1919353713230863,0.10986494458858531,0.7030177533937593,0.18996732192296847,0.10701492468327224,1.37,5.07,9.0,1.38,5.02,8.77,2025-03-27
2025-04-23,La Liga,Celta,Villarreal,H,0.37311989491106723,0.2326984629190197,0.3941816421699131,0.4037927948928107,0.2718269932099648,0.3243802118972246,0.3770359345098873,0.2841590474165426,0.33880501807357005,2.57,3.41,2.86,2.41,3.58,3.0,2025-03-27
2025-04-23,La Liga,Alaves,Sociedad,H,0.31531343334127276,0.31025865602463937,0.3744279106340878,0.4075908762930922,0.3225636405100962,0.26984548319681173,0.40136062256928845,0.30903485635526684,0.2896045210754447,2.41,3.13,3.34,2.39,3.02,3.61,2025-03-27
2025-04-24,La Liga,Betis,Valladolid,H,0.7608827864021934,0.1598622348177775,0.07925497878002913,0.8262550696618824,0.1176056486015088,0.05613928173660873,0.8036795426225903,0.1321117056365902,0.06420875174081947,1.2,7.3,15.02,1.17,8.22,17.22,2025-03-27
2025-04-24,La Liga,Ath Madrid,Vallecano,H,0.6600632109147355,0.22014844799303435,0.11978834109223009,0.6389584429920363,0.21977841661001707,0.14126314039794652,0.6208513964892333,0.2313268424419018,0.14782176106886508,1.55,4.16,6.51,1.51,4.39,6.83,2025-03-27
2025-04-24,La Liga,Leganes,Girona,D,0.26294975533263454,0.23906709536148735,0.4979831493058782,0.29930924812403714,0.3068627938180191,0.3938279580579436,0.3409037179466973,0.31332251099308106,0.34577377106022156,2.84,3.09,2.8,3.25,3.17,2.47,2025-03-27
2025-04-24,La Liga,Osasuna,Sevilla,H,0.39166299828911166,0.2741470722380053,0.3341899294728832,0.412310349448357,0.32327323079671844,0.2644164197549246,0.3871979553903346,0.3194702602230483,0.2933317843866171,2.5,3.03,3.3,2.36,3.01,3.68,2025-03-27
2025-04-27,La Liga,Villarreal,Espanol,H,0.589975553157758,0.20927430419759036,0.20075014264465152,0.6960221547582673,0.18247771847595023,0.12150012676578233,0.6632031131551019,0.18144236114620713,0.15535452569869107,1.45,5.3,6.19,1.4,5.34,8.02,2025-04-27
2025-05-02,La Liga,Vallecano,Getafe,H,0.35328031686271644,0.33365451391927226,0.31306516921801136,0.3984512069695686,0.32845302196140114,0.27309577106903016,0.397026149376175,0.32102774454509203,0.281946106078733,2.45,3.03,3.45,2.44,2.96,3.56,2025-04-27
2025-05-03,La Liga,Valladolid,Barcelona,A,0.04549421995819661,0.09084013754507901,0.8636656424967244,0.11886317134037447,0.16086149188064008,0.7202753367789855,0.07256402823033081,0.1093850894123501,0.8180508823573192,13.19,8.75,1.17,8.12,6.0,1.34,2025-04-27
2025-05-03,La Liga,Alaves,Ath Madrid,D,0.20098705641446457,0.2568586960970071,0.5421542474885284,0.23885387262673521,0.30474459610997257,0.4564015312632922,0.24658959537572256,0.30589595375722545,0.447514450867052,3.92,3.16,2.16,4.07,3.19,2.13,2025-04-27
2025-05-03,La Liga,Villarreal,Osasuna,H,0.5868300992722033,0.21263172446726283,0.20053817626053394,0.6764460707364865,0.19660932543763732,0.12694460382587608,0.6184637095236278,0.21345207673824326,0.16808421373812882,1.56,4.52,5.74,1.43,4.92,7.62,2025-04-27
2025-05-03,La Liga,Las Palmas,Valencia,A,0.3852328347378114,0.2847631253997658,0.3300040398624229,0.3647439027225594,0.3062472390783753,0.3290088581990654,0.36563088293397167,0.28331047946638155,0.3510586375996468,2.65,3.42,2.76,2.67,3.18,2.96,2025-04-27
2025-05-04,La Liga,Sevilla,Leganes,D,0.5262936099054167,0.2637245131149396,0.20998187697964354,0.5818628996005932,0.25688628014281506,0.16125082025659176,0.5335936253540885,0.2751579663506838,0.19124840829522774,1.81,3.51,5.05,1.66,3.76,5.99,2025-04-27
2025-05-04,La Liga,Espanol,Betis,A,0.3412161940111909,0.26548212862474113,0.393301677364068,0.28312085361089084,0.31225225977021087,0.40462688661889823,0.2738791646593716,0.3266194092052641,0.3995014261353644,3.53,2.96,2.42,3.43,3.11,2.4,2025-04-27
2025-05-04,La Liga,Real Madrid,Celta,H,0.742606623029053,0.15738622409943537,0.10000715287151173,0.7145834122684045,0.16777175766301672,0.1176448300685788,0.7038107304951867,0.1648240514151121,0.13136521808970109,1.37,5.85,7.34,1.35,5.75,8.2,2025-04-27
2025-05-04,La Liga,Sociedad,Ath Bilbao,D,0.31393289285178644,0.3147000935919725,0.3713670135562411,0.3760281119567886,0.3358320034372698,0.28813988460594153,0.38561769509172233,0.29599401060557273,0.31838829430270493,2.51,3.27,3.04,2.59,2.9,3.38,2025-04-27
2025-05-05,La Liga,Girona,Mallorca,H,0.5411901819173683,0.2468034296412828,0.21200638844134911,0.47486860233709244,0.29499413175486044,0.23013726590804712,0.4733019150466971,0.3026758328198314,0.22402225213347152,2.04,3.19,4.31,2.05,3.3,4.23,2025-04-27
2025-05-09,La Liga,Las Palmas,Vallecano,A,0.40999794036255605,0.2957891058457679,0.294212953791676,0.3636223006002104,0.3026421632324732,0.3337355361673164,0.3911469519010325,0.291603565938195,0.31724948216077237,2.49,3.34,3.07,2.68,3.22,2.92,2025-04-27
2025-05-10,La Liga,Valencia,Getafe,H,0.39309242051672555,0.31542580805974285,0.29148177142353165,0.4811163565676201,0.3085254096084421,0.21035823382393778,0.4650042347583411,0.30901239881704456,0.22598336642461436,2.08,3.13,4.28,2.02,3.15,4.62,2025-04-27
2025-05-10,La Liga,Celta,Sevilla,H,0.44919453571859164,0.2561864351854719,0.29461902909593657,0.510945789377401,0.2689188365144216,0.2201353741081773,0.521802718384866,0.2588029568396789,0.21939432477545504,1.85,3.73,4.4,1.9,3.61,4.41,2025-04-27
2025-05-10,La Liga,Girona,Villarreal,A,0.44281997456565847,0.21651264492351874,0.34066738051082285,0.310103052924294,0.2719898285425372,0.4179071185331688,0.3033838973162194,0.25670945157526254,0.43990665110851807,3.19,3.77,2.2,3.14,3.58,2.33,2025-04-27
2025-05-10,La Liga,Mallorca,Valladolid,H,0.6371346908985231,0.22753211580842714,0.13533319329304971,0.7127945449837443,0.18429668843686167,0.1029087665793941,0.714566578320433,0.1851564070504001,0.1002770146291668,1.35,5.21,9.62,1.36,5.26,9.42,2025-04-27
2025-05-10,La Liga,Ath Madrid,Sociedad,H,0.5797792102039965,0.2481446018438778,0.1720761879521257,0.5308691206850542,0.2759916167197868,0.1931392625951589,0.5698496355009613,0.25014178805107135,0.18000857644796725,1.69,3.85,5.35,1.83,3.52,5.03,2025-04-27
2025-05-11,La Liga,Leganes,Espanol,H,0.35791959576910154,0.2848914824057075,0.357188921825191,0.41589760862243186,0.30037049511620073,0.28373189626136747,0.39530397483337115,0.30942323908682406,0.2952727860798047,2.45,3.13,3.28,2.34,3.24,3.43,2025-04-27
2025-05-11,La Liga,Barcelona,Real Madrid,H,0.4613686194551286,0.23370623903398574,0.3049251415108857,0.5206755969714618,0.21898660454280724,0.2603377984857309,0.49315004001694845,0.2306859375735606,0.2761640224094911,1.96,4.19,3.5,1.88,4.47,3.76,2025-04-27
2025-05-11,La Liga,Ath Bilbao,Alaves,H,0.6085799218246453,0.2480336993933248,0.14338637878202976,0.46686255305256286,0.3379040156709109,0.19523343127652626,0.5101566134284385,0.2930686928205923,0.1967746937509691,1.89,3.29,4.9,2.07,2.86,4.95,2025-04-27
2025-05-11,La Liga,Betis,Osasuna,D,0.5451940912553764,0.2432864107397139,0.21151949800490968,0.585582562325163,0.24095043088192497,0.17346700679291185,0.5816956166969767,0.24080167673740183,0.17750270656562153,1.66,4.01,5.44,1.65,4.01,5.57,2025-04-27
2025-05-13,La Liga,Sevilla,Las Palmas,H,0.5038130413428445,0.26255393250163256,0.23363302615552292,0.5643138659978503,0.2508061626657112,0.18487997133643855,0.5731289744007827,0.2533833360508723,0.17348768954834504,1.68,3.8,5.55,1.72,3.87,5.25,2025-04-27
2025-05-13,La Liga,Sociedad,Celta,A,0.4709417925313465,0.26813432820693367,0.2609238792617197,0.42461456118701774,0.28599039562302075,0.2893950431899615,0.4052457214393673,0.2882551411428833,0.3064991374177493,2.39,3.36,3.16,2.29,3.4,3.36,2025-04-27
2025-05-13,La Liga,Valladolid,Girona,A,0.15084095967163327,0.1819120931572443,0.6672469471711224,0.19224444861520015,0.24331690864831096,0.5644386427364888,0.20561967003119405,0.2452823474991401,0.549097982469666,4.7,3.94,1.76,5.05,3.99,1.72,2025-04-27
2025-05-14,La Liga,Alaves,Valencia,H,0.3866328394960767,0.29611799908004144,0.31724916142388176,0.4132754364786219,0.342469505053963,0.244255058467415,0.43993904895863095,0.30057947444378513,0.25948147659758397,2.2,3.22,3.73,2.37,2.86,4.01,2025-04-27
2025-05-14,La Liga,Villarreal,Leganes,H,0.6524797497662155,0.197352370129171,0.15016788010461343,0.739622127974091,0.16339038577505216,0.09698748625085678,0.7061880525046879,0.17851593892311815,0.11529600857219394,1.36,5.38,8.33,1.31,5.93,9.99,2025-04-27
2025-05-14,La Liga,Real Madrid,Mallorca,H,0.7277729112316494,0.18361359238996935,0.088613496378381,0.6716586423777493,0.19325389509057977,0.13508746253167106,0.6965545931329581,0.18521104788506396,0.1182343589819781,1.38,5.19,8.13,1.43,4.97,7.11,2025-04-27
2025-05-15,La Liga,Vallecano,Betis,D,0.3022757315365968,0.28528371932770613,0.4124405491356969,0.2956616938552848,0.2886430186302335,0.4156952875144817,0.3082052383835622,0.3152327193890506,0.37656204222738726,3.14,3.07,2.57,3.29,3.37,2.34,2025-04-27
2025-05-15,La Liga,Osasuna,Ath Madrid,H,0.22472949750868637,0.25130533706911135,0.5239651654222022,0.26801603105386534,0.28364378796662715,0.4483401809795075,0.24887161752647152,0.28910834610859565,0.4620200363649328,3.88,3.34,2.09,3.63,3.43,2.17,2025-04-27
2025-05-15,La Liga,Espanol,Barcelona,A,0.17000932455184736,0.19929167317538946,0.6306990022727631,0.12324470021454742,0.16537964045883713,0.7113756593266155,0.105640615652816,0.1645520777380353,0.7298073066091487,9.05,5.81,1.31,7.85,5.85,1.36,2025-04-27
2025-05-15,La Liga,Getafe,Ath Bilbao,A,0.2652997564076424,0.32551155151780164,0.409188692074556,0.2912487241080268,0.3844943630517034,0.3242569128402698,0.2651390411717738,0.37509980630890477,0.35976115251932134,3.65,2.58,2.69,3.34,2.53,3.0,2025-04-27
2025-05-18,La Liga,Valladolid,Alaves,A,0.24023709012253702,0.2639354708553236,0.4958274390221394,0.17714542291070326,0.2625806813717237,0.5602738957175731,0.15798915375508582,0.24856408745237318,0.593446758792541,6.01,3.82,1.6,5.44,3.67,1.72,2025-04-27
2025-05-18,La Liga,Sociedad,Girona,H,0.43451680278228666,0.2600138100853035,0.3054693871324102,0.5646788787368048,0.2503215648008516,0.18499955646234362,0.4538808721632445,0.31593668552539567,0.2301824423113597,2.13,3.06,4.2,1.72,3.88,5.25,2025-04-27
2025-05-18,La Liga,Sevilla,Real Madrid,A,0.19342200410359273,0.23272585088456627,0.573852145011841,0.3068656738247328,0.26079468794219923,0.432339638233068,0.2269973817528313,0.23703657799742822,0.5359660402497406,4.25,4.07,1.8,3.17,3.73,2.25,2025-04-27
2025-05-18,La Liga,Osasuna,Espanol,H,0.4357843942608448,0.26878597781751684,0.2954296279216385,0.4763109215145909,0.2849484691758843,0.23874060930952468,0.5264934188322645,0.26763415457306783,0.2058724265946676,1.83,3.6,4.68,2.04,3.41,4.07,2025-04-27
2025-05-18,La Liga,Valencia,Ath Bilbao,A,0.2638637439138198,0.29155930968869326,0.44457694639748685,0.3830307316248251,0.3221516749427337,0.2948175934324411,0.4222687915026205,0.33230087028900374,0.24543033820837584,2.29,2.91,3.94,2.54,3.02,3.3,2025-04-27
2025-05-18,La Liga,Las Palmas,Leganes,A,0.4535675445253419,0.2823629283602099,0.26406952711444825,0.28618239553188374,0.2787167678223564,0.43510083664575994,0.3264168887002586,0.27310524785236534,0.40047786344737607,2.92,3.49,2.38,3.36,3.45,2.21,2025-04-27
2025-05-18,La Liga,Celta,Vallecano,A,0.500610604150715,0.2615310727674387,0.23785832308184618,0.50328853302831,0.2759508149842722,0.22076065198741773,0.5360796034678004,0.2400356433437912,0.2238847531884085,1.8,4.02,4.31,1.93,3.52,4.4,2025-04-27
2025-05-18,La Liga,Barcelona,Villarreal,A,0.7081547242930234,0.1565039545124082,0.13534132119456843,0.5641507317087204,0.21202148378503557,0.22382778450624408,0.5165232640982079,0.22727023620321152,0.25620649969858067,1.87,4.25,3.77,1.71,4.55,4.31,2025-04-27
2025-05-18,La Liga,Mallorca,Getafe,A,0.35670200770081406,0.3456969277486635,0.2976010645505227,0.3806764750492947,0.345578644016381,0.27374488093432425,0.48098156997984054,0.2920764216493895,0.2269420083707698,2.01,3.31,4.26,2.56,2.82,3.56,2025-04-27
2025-05-18,La Liga,Ath Madrid,Betis,H,0.5811305287146737,0.22943737894258245,0.18943209234274366,0.6229154136366122,0.22035103067417572,0.1567335556892121,0.49828932539043636,0.24597488327161485,0.2557357913379488,1.94,3.93,3.78,1.56,4.41,6.2,2025-04-27
2025-05-23,La Liga,Betis,Valencia,D,0.5366508087431372,0.24960509156865182,0.21374409968821098,0.5006170654155515,0.24712394577765134,0.2522589888067973,0.49083124646578885,0.24791986428629129,0.26124888924791984,1.98,3.92,3.72,1.94,3.93,3.85,2025-04-27
2025-05-24,La Liga,Real Madrid,Sociedad,H,0.6585135912213687,0.21232574132582158,0.12916066745280985,0.6983942495779629,0.17241217610332535,0.12919357431871162,0.668799105617838,0.18809974845501695,0.14310114592714512,1.44,5.12,6.73,1.38,5.59,7.46,2025-04-27
2025-05-24,La Liga,Espanol,Las Palmas,H,0.47789926250465925,0.264220216931541,0.25788052056379956,0.7028739039535682,0.1830124504633819,0.11411364558304989,0.6881467544684855,0.19661335841956726,0.11523988711194734,1.4,4.9,8.36,1.38,5.3,8.5,2025-04-27
2025-05-24,La Liga,Leganes,Valladolid,H,0.6078103494579989,0.22852361809596627,0.16366603244603495,0.7225555649454914,0.169863939829291,0.10758049522521762,0.7250602824193799,0.17469749558293035,0.10024222199768974,1.33,5.52,9.62,1.34,5.7,9.0,2025-04-27
2025-05-24,La Liga,Alaves,Osasuna,D,0.3928203833465571,0.2901916378636164,0.31698797878982654,0.2914556580454573,0.2995267378067161,0.4090176041478266,0.2991179562177231,0.29367944792285544,0.4072025958594214,3.24,3.3,2.38,3.34,3.25,2.38,2025-04-27
2025-05-24,La Liga,Getafe,Celta,A,0.40505055349334906,0.2905259937275931,0.30442345277905764,0.19614711033274956,0.2521891418563923,0.5516637478108581,0.2230116186616738,0.25622611505809334,0.5207622662802328,4.32,3.76,1.85,4.95,3.85,1.76,2025-04-27
2025-05-24,La Liga,Vallecano,Mallorca,D,0.38558679323196504,0.3263967755812507,0.28801643118678427,0.644114636642784,0.2226202661207779,0.13326509723643806,0.6173090684589373,0.22983344792265922,0.1528574836184035,1.56,4.19,6.3,1.5,4.34,7.25,2025-04-27
2025-05-25,La Liga,Girona,Ath Madrid,A,0.2986245078318817,0.23734807843952765,0.4640274137285905,0.2918816063002519,0.27225931343973075,0.4358590802600174,0.25078263812505286,0.2540824096793299,0.4951349521956173,3.85,3.8,1.95,3.33,3.57,2.23,2025-04-27
2025-05-25,La Liga,Villarreal,Sevilla,H,0.5515162352156456,0.22252280201130847,0.22596096277304584,0.5445808862786973,0.23758675920982378,0.21783235451147887,0.6560894530069508,0.19250528860682986,0.1514052583862194,1.47,5.01,6.37,1.78,4.08,4.45,2025-04-27
2025-05-25,La Liga,Ath Bilbao,Barcelona,A,0.3218790712550074,0.26130918680155263,0.41681174194343995,0.2910322082660866,0.2460879938249947,0.46287979790891864,0.29158604726858467,0.25815084718178694,0.45026310554962834,3.32,3.75,2.15,3.34,3.95,2.1,2025-04-27
2025-08-15,La Liga,Girona,Vallecano,A,0.5264355588650683,0.24267156760269717,0.23089287353223448,0.4248941845066086,0.293074603168715,0.28203121232467643,0.4230769230769231,0.2948717948717949,0.28205128205128205,2.3,3.3,3.45,2.29,3.32,3.45,2025-08-15
2025-08-16,La Liga,Mallorca,Barcelona,A,0.16366259287638757,0.21906551889900527,0.617271888224607,0.12024358575433872,0.18251662922409986,0.6972397850215613,0.14419759627836354,0.19149899465993406,0.6643034090617024,6.68,5.03,1.45,8.06,5.31,1.39,2025-08-15
2025-08-16,La Liga,Alaves,Levante,H,0.44957130698875564,0.2549363170221651,0.2954923759890794,0.443517170736967,0.30933203946304383,0.24715078979998922,0.4438047886955384,0.30424353438876534,0.2519516769156963,2.18,3.18,3.84,2.19,3.14,3.93,2025-08-15
2025-08-16,La Liga,Valencia,Sociedad,D,0.3830616461226668,0.29538122579797316,0.3215571280793601,0.38477765589401736,0.3202261412539026,0.29499620285207995,0.3653116891757036,0.33497438626837867,0.29971392455591783,2.65,2.89,3.23,2.53,3.04,3.3,2025-08-15
2025-08-17,La Liga,Celta,Getafe,A,0.47836843978073995,0.26840927064239534,0.25322228957686505,0.6022904247584228,0.25996986162494923,0.13773971361662796,0.5490430789673608,0.2817247285663425,0.16923219246629684,1.76,3.43,5.71,1.61,3.73,7.04,2025-08-15
2025-08-17,La Liga,Ath Bilbao,Sevilla,H,0.5797315985880297,0.24667546126686732,0.17359294014510296,0.5813268297116543,0.263093714259746,0.15557945602859974,0.6036825953529154,0.2384918895221394,0.1578255151249452,1.6,4.05,6.12,1.67,3.69,6.24,2025-08-15
2025-08-17,La Liga,Espanol,Ath Madrid,H,0.20241307035561223,0.23545275183537007,0.5621341778090176,0.16708497854965665,0.2491241325419045,0.583790888908439,0.1468790578431419,0.2499988108884566,0.6031221312684015,6.57,3.86,1.6,5.8,3.89,1.66,2025-08-15
2025-08-18,La Liga,Elche,Betis,D,0.2470954281100399,0.2559017322620902,0.4970028396278699,0.2916358476610261,0.3025042643440457,0.40585988799492806,0.28035416427807963,0.28198888243713544,0.43765695328478493,3.45,3.43,2.21,3.34,3.22,2.4,2025-08-15
2025-08-19,La Liga,Real Madrid,Osasuna,H,0.7393467557288098,0.16112146851192666,0.09953177575926357,0.7924994848547291,0.13208324747578815,0.0754172676694828,0.7839192965714675,0.13794288051257583,0.07813782291595665,1.23,6.99,12.34,1.22,7.32,12.82,2025-08-15
2025-08-22,La Liga,Betis,Alaves,H,0.5437807226202641,0.25393055447945934,0.20228872290027675,0.4932096142507518,0.28746240830591163,0.21932797744333665,0.5066079295154184,0.2819383259911894,0.21145374449339205,1.92,3.45,4.6,1.97,3.38,4.43,2025-08-15
2025-08-23,La Liga,Mallorca,Celta,D,0.36625352712823045,0.2816797870888554,0.35206668578291417,0.2988498733945514,0.3083071478690625,0.39284297873638613,0.3160536428515411,0.311975531330876,0.37197082581758295,3.06,3.1,2.6,3.26,3.16,2.48,2025-08-15
2025-08-23,La Liga,Ath Madrid,Elche,D,0.7817419795591913,0.14739063484256495,0.0708673855982437,0.7635471106429136,0.16242961985201013,0.07402326950507637,0.7730061115355232,0.15263177998472113,0.07436210847975552,1.24,6.28,12.89,1.27,5.97,13.1,2025-08-15
2025-08-23,La Liga,Levante,Barcelona,A,0.14155316448748934,0.1557371950215971,0.7027096404909134,0.08740440728913351,0.13021955673252503,0.7823760359783415,0.10070292412049224,0.1468004224122076,0.7524966534673002,9.49,6.51,1.27,11.01,7.39,1.23,2025-08-15
2025-08-24,La Liga,Sociedad,Espanol,D,0.4882250776385091,0.2737473169074607,0.23802760545403015,0.5448058154015466,0.27012656028266097,0.1850676243157925,0.5271303283201929,0.2764035818985539,0.19646608978125318,1.83,3.49,4.91,1.78,3.59,5.24,2025-08-15
2025-08-24,La Liga,Villarreal,Girona,H,0.5722792209147235,0.19533072596625803,0.23239005311901834,0.6297005762376549,0.21312942580351396,0.15716999795883121,0.6283812182022102,0.20499429932822633,0.16662448246956352,1.53,4.69,5.77,1.54,4.55,6.17,2025-08-15
2025-08-24,La Liga,Osasuna,Valencia,H,0.43492339453944207,0.2705802391313345,0.2944963663292234,0.392147551279891,0.3058257632623049,0.3020266854578042,0.3980722780172663,0.3061125429056826,0.2958151790770511,2.43,3.16,3.27,2.48,3.18,3.22,2025-08-15
2025-08-25,La Liga,Sevilla,Getafe,A,0.4418511967509586,0.29092942576171504,0.26721937748732644,0.45873219056099734,0.30971727515583264,0.2315505342831701,0.43191282005847437,0.310091255426597,0.2579959245149287,2.24,3.12,3.75,2.12,3.14,4.2,2025-08-15
2025-08-25,La Liga,Ath Bilbao,Vallecano,H,0.5838367671895908,0.2626505302160058,0.15351270259440356,0.5678861166386039,0.26174804836981475,0.17036583499158117,0.5642615247151225,0.2621976106692553,0.1735408646156222,1.71,3.68,5.56,1.71,3.71,5.7,2025-08-15
2025-08-27,La Liga,Celta,Betis,D,0.40588075444823424,0.24271291173581172,0.35140633381595415,0.40522133938706023,0.2860385925085131,0.3087400681044268,0.43790777396881564,0.26882671679752296,0.2932655092336614,2.21,3.6,3.3,2.4,3.4,3.15,2025-08-15
2025-08-29,La Liga,Elche,Levante,H,0.36467061917195387,0.24887352272609514,0.38645585810195093,0.4341446270099288,0.30014937175995077,0.26570600123012034,0.43604549175535035,0.29827651736638994,0.2656779908782599,2.23,3.26,3.66,2.24,3.24,3.66,2025-08-15
2025-08-29,La Liga,Valencia,Getafe,H,0.42998097008154385,0.30122656788017443,0.2687924620382815,0.40907427735089646,0.32345407976582513,0.26747164288327846,0.4247752511898466,0.3178873611845584,0.25733738762559494,2.29,3.06,3.78,2.38,3.01,3.64,2025-08-15
2025-08-30,La Liga,Alaves,Ath Madrid,D,0.19405085212005965,0.2569915178599511,0.5489576300199894,0.16962816895270677,0.26952031289152295,0.5608515181557703,0.20233868061950094,0.26735609599862037,0.5303052233818787,4.77,3.61,1.82,5.72,3.6,1.73,2025-08-15
2025-08-30,La Liga,Girona,Sevilla,A,0.5074243986839159,0.22927301020728705,0.26330259110879706,0.3834738358137302,0.3053365338454153,0.3111896303408545,0.38872045071731426,0.2959981413718999,0.3152814079107859,2.49,3.27,3.07,2.54,3.19,3.13,2025-08-15
2025-08-30,La Liga,Real Madrid,Mallorca,H,0.7314481829003473,0.17800731347392412,0.09054450362572845,0.8086414730999236,0.12813360226217166,0.06322492463790468,0.791017181778119,0.1336774846301011,0.07530533359178,1.21,7.16,12.71,1.19,7.51,15.22,2025-08-15
2025-08-31,La Liga,Celta,Villarreal,D,0.3664011790591534,0.22274351126616057,0.41085530967468586,0.3296353777471211,0.2860071659864727,0.38435745626640605,0.35044929396662394,0.26572528883183566,0.38382541720154045,2.76,3.64,2.52,2.95,3.4,2.53,2025-08-15
2025-08-31,La Liga,Betis,Ath Bilbao,A,0.3424549911899309,0.2826932518676096,0.3748517569424596,0.3078848560700876,0.29662077596996245,0.39549436795994997,0.3150775386130181,0.30707556937840175,0.3778468920085803,3.07,3.15,2.56,3.16,3.28,2.46,2025-08-15
2025-08-31,La Liga,Espanol,Osasuna,H,0.40784026757474473,0.26806378671969555,0.32409594570556005,0.40722102886826006,0.3022541177003545,0.2905248534313855,0.3985125396367829,0.30167771692130296,0.29980974344191413,2.43,3.21,3.23,2.39,3.22,3.35,2025-08-15
2025-08-31,La Liga,Vallecano,Barcelona,D,0.16613001149042364,0.21074270287844302,0.6231272856311334,0.14246213975316577,0.17933781466134088,0.6782000455854934,0.1388179072777354,0.17989137047976198,0.6812907222425028,6.92,5.34,1.41,6.76,5.37,1.42,2025-08-15
2025-09-12,La Liga,Sevilla,Elche,D,0.5683487294511098,0.24196382291661037,0.18968744763227985,0.5030554153661195,0.28724761883331673,0.20969696580056382,0.516745695033691,0.27916146743199405,0.20409283753431498,1.88,3.48,4.76,1.93,3.38,4.63,2025-08-15
2025-09-13,La Liga,Ath Madrid,Villarreal,H,0.5972705294445299,0.20303241417471063,0.19969705638075938,0.5421283513225995,0.25140148934389983,0.20647015933350069,0.5191490714830832,0.2667451030272196,0.2141058254896973,1.86,3.62,4.51,1.79,3.86,4.7,2025-08-15
2025-09-13,La Liga,Ath Bilbao,Alaves,A,0.5899321480770986,0.26180058189416344,0.14826727002873796,0.6008514320078535,0.2525772338205337,0.14657133417161278,0.5978522750740001,0.24936325462931097,0.15278447029668893,1.61,3.86,6.3,1.61,3.83,6.6,2025-08-15
2025-09-13,La Liga,Sociedad,Real Madrid,A,0.217697023325455,0.250879117516919,0.5314238591576261,0.1727078891257996,0.2302771855010661,0.5970149253731344,0.18220532746785612,0.21798831502926355,0.5998063575028804,5.3,4.43,1.61,5.6,4.2,1.62,2025-08-15
2025-09-14,La Liga,Celta,Girona,D,0.4795639529599615,0.22360118531216566,0.2968348617278731,0.5468871418475695,0.2595148099383909,0.19359804821403961,0.5645315145247828,0.22875566109890488,0.20671282437631233,1.71,4.22,4.67,1.77,3.73,5.0,2025-09-14
2025-09-14,La Liga,Levante,Betis,D,0.3031873557284749,0.2277681317478534,0.46904451252367174,0.27645421454571406,0.26881735779030763,0.45472842766397825,0.28445674044265595,0.2779175050301811,0.43762575452716296,3.4,3.48,2.21,3.52,3.62,2.14,2025-09-14
2025-09-14,La Liga,Osasuna,Vallecano,H,0.4335783468975383,0.2926285140424524,0.2737931390600095,0.3659093379715186,0.31601261006631154,0.3180780519621698,0.3811821847222006,0.30446627333156906,0.3143515419462304,2.54,3.18,3.08,2.66,3.08,3.06,2025-09-14
2025-09-14,La Liga,Barcelona,Valencia,H,0.7495139748782547,0.15193510678673733,0.09855091833500823,0.7455881172805732,0.16030144521532325,0.09411043750410367,0.7773033754733677,0.1381623051780697,0.08453431934856254,1.23,6.92,11.31,1.29,6.0,10.22,2025-09-14
2025-09-15,La Liga,Espanol,Mallorca,H,0.4484882827142465,0.29140777063365403,0.26010394665209957,0.42652329749103945,0.3010752688172043,0.2724014336917563,0.424546424759872,0.29967982924226255,0.2757737459978655,2.28,3.23,3.51,2.28,3.23,3.57,2025-09-14
2025-09-19,La Liga,Betis,Sociedad,H,0.4759804425699356,0.26867433049875716,0.25534522693130707,0.5046327248771293,0.254292730812757,0.24107454431011371,0.49941296588473955,0.2584093898545703,0.24217764426069022,1.93,3.73,3.98,1.93,3.83,4.04,2025-09-14
2025-09-20,La Liga,Girona,Levante,A,0.5914842277840578,0.19046298098771683,0.21805279122822532,0.5427677910668672,0.24784549643104398,0.20938671250208887,0.5063364491520121,0.25720814305328277,0.23645540779470497,1.91,3.76,4.09,1.79,3.92,4.64,2025-09-14
2025-09-20,La Liga,Real Madrid,Espanol,H,0.7545552324683271,0.15365401539906223,0.09179075213261052,0.7947131216777865,0.1375683658412191,0.06771851248099447,0.7869447601363789,0.15095481247899092,0.06210042738463016,1.22,6.36,15.46,1.21,6.99,14.2,2025-09-14
2025-09-20,La Liga,Alaves,Sevilla,A,0.38920125363275065,0.28882534411779176,0.3219734022494577,0.38483664241582843,0.319225149282638,0.29593820830153367,0.4189917379680152,0.29965043798950936,0.28135782404247534,2.31,3.23,3.44,2.53,3.05,3.29,2025-09-14
2025-09-20,La Liga,Villarreal,Osasuna,H,0.5983336526454299,0.21055258105599592,0.19111376629857416,0.5763271200492072,0.24890220094670126,0.1747706790040917,0.6168608422761036,0.2192033972552897,0.16393576046860678,1.56,4.39,5.87,1.68,3.89,5.54,2025-09-14
2025-09-20,La Liga,Valencia,Ath Bilbao,H,0.2835012763669013,0.29291301355786903,0.4235857100752296,0.2699690815668305,0.30562537535867607,0.42440554307449346,0.3062609183928125,0.3142157474419765,0.3795233341652109,3.16,3.08,2.55,3.6,3.18,2.29,2025-09-14
2025-09-21,La Liga,Barcelona,Getafe,H,0.738098170454126,0.16582533221958518,0.09607649732628887,0.7617173129276728,0.15963382630662448,0.0786488607657028,0.7787408364544648,0.15474171709838314,0.0665174464471522,1.23,6.19,14.4,1.27,6.06,12.3,2025-09-14
2025-09-21,La Liga,Elche,Oviedo,H,0.6569375018158018,0.2703736100191197,0.07268888816507846,0.4839030888352344,0.296538173341104,0.21955873782366167,0.49296800991036943,0.29279312103767396,0.21423886905195658,1.96,3.3,4.51,2.01,3.28,4.43,2025-09-14
2025-09-21,La Liga,Mallorca,Ath Madrid,D,0.1970473914806561,0.26989726423366583,0.5330553442856782,0.19043853426521382,0.2639229686827691,0.5456384970520171,0.19091686779218564,0.261281892235918,0.5478012399718963,5.05,3.69,1.76,5.1,3.68,1.78,2025-09-14
2025-09-21,La Liga,Vallecano,Celta,D,0.4006940551420826,0.27425327482968476,0.32505267002823274,0.4364506113014889,0.28626025388303533,0.27728913481547585,0.4149398084659422,0.292087538889923,0.2929726526441349,2.33,3.31,3.3,2.23,3.4,3.51,2025-09-14
2025-09-23,La Liga,Ath Bilbao,Girona,D,0.6049169847016648,0.21889906646602197,0.17618394883231334,0.6629743464333816,0.215577404408182,0.1214482491584363,0.6649467190128996,0.21144139091418956,0.12361189007291083,1.45,4.56,7.8,1.46,4.49,7.97,2025-09-14
2025-09-23,La Liga,Espanol,Valencia,D,0.41618743114130324,0.2717564525870077,0.31205611627168905,0.41948090692124107,0.29761336515513126,0.28290572792362767,0.4137405621759302,0.3006686072955517,0.2855908305285182,2.34,3.22,3.39,2.32,3.27,3.44,2025-09-14
2025-09-23,La Liga,Levante,Real Madrid,A,0.12590760191534425,0.15788406204014788,0.716208336044508,0.11204906255475731,0.1608957420711407,0.7270551953741019,0.11197534926855536,0.16313160020342837,0.7248930505280162,8.61,5.91,1.33,8.63,6.01,1.33,2025-09-14
2025-09-23,La Liga,Sevilla,Villarreal,A,0.33138043631318875,0.23268084025761607,0.43593872342919515,0.302234573928719,0.28539452435497803,0.4123709017163031,0.3031727245396182,0.2852864281066023,0.41154084735377955,3.19,3.39,2.35,3.22,3.41,2.36,2025-09-14
2025-09-24,La Liga,Getafe,Alaves,D,0.4105654408206892,0.32428056040008696,0.2651539987792237,0.4054595247209871,0.3462999499396331,0.24824052533937985,0.4103420545716369,0.33278599614744436,0.2568719492809186,2.36,2.91,3.77,2.4,2.81,3.92,2025-09-14
2025-09-24,La Liga,Ath Madrid,Vallecano,H,0.6573251129138883,0.21552899294526232,0.127145894140849,0.650063147358943,0.22164624475167619,0.1282906078893808,0.6415032406304909,0.2133602795888551,0.14513647978065405,1.5,4.51,6.63,1.49,4.37,7.55,2025-09-14
2025-09-24,La Liga,Sociedad,Mallorca,H,0.4640189728046064,0.30760009768284485,0.22838092951254876,0.5436538596614455,0.2688066306103814,0.18753950972817304,0.5248296733141926,0.2735656087530069,0.2016047179328005,1.84,3.53,4.79,1.78,3.6,5.16,2025-09-14
2025-09-25,La Liga,Osasuna,Elche,D,0.481638564002827,0.2721003689185674,0.24626106707860557,0.4904630197393312,0.30158906182729056,0.20794791843337812,0.47147133851241585,0.31278842846292965,0.21574023302465456,2.05,3.09,4.48,1.98,3.22,4.67,2025-09-14
2025-09-25,La Liga,Oviedo,Barcelona,A,0.02762342802452044,0.11812747598372154,0.8542490959917579,0.07623848927303814,0.13513058070586254,0.7886309300210994,0.10189044642578254,0.13716582272769867,0.7609437308465188,9.41,6.99,1.26,12.62,7.12,1.22,2025-09-14
2025-09-26,La Liga,Girona,Espanol,D,0.48600185561831755,0.23288360523340132,0.28111453914828094,0.3755424823994599,0.29474394830745493,0.32971356929308515,0.38432426208114234,0.28938701876943157,0.3262887191494262,2.53,3.36,2.98,2.59,3.3,2.95,2025-09-14
2025-09-27,La Liga,Villarreal,Ath Bilbao,H,0.4124906469865845,0.2575841502755627,0.329925202737853,0.46200968283766425,0.2904851299278728,0.24750518723446302,0.45865968235163984,0.29062220112971776,0.2507181165186425,2.11,3.33,3.86,2.1,3.34,3.92,2025-09-14
2025-09-27,La Liga,Mallorca,Alaves,H,0.37811230292666004,0.3327656272670368,0.2891220698063031,0.37860522952575043,0.33436956696947717,0.28702520350477245,0.3999793381314784,0.31945544497629624,0.2805652168922254,2.42,3.03,3.45,2.57,2.91,3.39,2025-09-14
2025-09-27,La Liga,Getafe,Levante,D,0.5118590177572186,0.24671651680200632,0.2414244654407751,0.4528413617105272,0.3061663294583753,0.2409923088310974,0.4606824925816024,0.30044510385756673,0.23887240356083086,2.1,3.22,4.05,2.15,3.18,4.04,2025-09-14
2025-09-27,La Liga,Ath Madrid,Real Madrid,H,0.3887007355164254,0.2551661279861642,0.3561331364974104,0.3152137415402524,0.27206996127356975,0.4127162971861779,0.3205785260999985,0.2674439637629822,0.41197751013701933,3.02,3.62,2.35,3.09,3.58,2.36,2025-09-14
2025-09-28,La Liga,Vallecano,Sevilla,A,0.4053041059275552,0.2823420620422059,0.312353832030239,0.4782455431854973,0.28554072137251746,0.23621373544198523,0.4741060805310289,0.28530277412486693,0.24059114534410425,2.04,3.39,4.02,2.03,3.4,4.11,2025-09-14
2025-09-28,La Liga,Elche,Celta,H,0.36944072592281485,0.26378781452257644,0.3667714595546088,0.33140399814039984,0.30639237563923755,0.3622036262203627,0.3354035323748885,0.3029113151760712,0.36168515244904026,2.89,3.2,2.68,2.94,3.18,2.69,2025-09-14
2025-09-28,La Liga,Barcelona,Sociedad,H,0.7161386303965698,0.1719533926737504,0.11190797692967976,0.746268656716418,0.16044776119402987,0.09328358208955224,0.7423621886136165,0.17933468601340177,0.07830312537298163,1.29,5.34,12.23,1.29,6.0,10.32,2025-09-14
2025-09-28,La Liga,Betis,Osasuna,H,0.5118786370091541,0.25138220936171535,0.23673915362913056,0.5093159167814314,0.2740263101556434,0.21665777306292516,0.5364783155827015,0.25082103066204225,0.21270065375525612,1.8,3.85,4.54,1.91,3.55,4.49,2025-09-14
2025-09-30,La Liga,Valencia,Oviedo,A,0.708791909139419,0.23408412757429145,0.057123963286289464,0.5470104448676671,0.2766309964045059,0.17635855872782707,0.5519551445423433,0.25486055486783665,0.19318430058982017,1.75,3.79,5.0,1.77,3.5,5.49,2025-09-14
2025-10-03,La Liga,Osasuna,Getafe,H,0.4241384938372216,0.3004595469835761,0.27540195917920224,0.44204861233247733,0.32966337190896616,0.2282880157585564,0.4472564010250111,0.3285965395285796,0.22414705944640928,2.16,2.94,4.31,2.2,2.95,4.26,2025-09-14
2025-10-04,La Liga,Oviedo,Levante,A,0.12924422202249405,0.2783351507443333,0.5924206272331726,0.3938279580579436,0.29930924812403714,0.3068627938180191,0.37833224715265495,0.28997920739844213,0.33168854544890297,2.56,3.34,2.92,2.47,3.25,3.17,2025-09-14
2025-10-04,La Liga,Girona,Valencia,H,0.4586660130516032,0.24290893831711408,0.2984250486312826,0.4160899071448346,0.29064190528922773,0.2932681875659377,0.3838797655660652,0.2836882725004352,0.3324319619334998,2.52,3.41,2.91,2.34,3.35,3.32,2025-09-14
2025-10-04,La Liga,Ath Bilbao,Mallorca,H,0.5820716423187784,0.26988654681609947,0.14804181086512208,0.5897900500256036,0.2600149682908575,0.15019498168353881,0.6100495465584412,0.24651618505430622,0.14343426838725257,1.58,3.91,6.72,1.64,3.72,6.44,2025-09-14
2025-10-04,La Liga,Real Madrid,Villarreal,H,0.6516301491590515,0.18243551042210235,0.16593434041884617,0.6893227577791337,0.17937766931055524,0.1312995729103112,0.6553889433099741,0.17907467410142416,0.1655363825886017,1.47,5.38,5.82,1.4,5.38,7.35,2025-09-14
2025-10-05,La Liga,Sociedad,Vallecano,A,0.4461750456076654,0.3017951223105917,0.25202983208174295,0.45014256282292364,0.2834717013695379,0.2663857358075384,0.4668620202779887,0.27611553770726754,0.2570224420147437,2.07,3.5,3.76,2.16,3.43,3.65,2025-09-14
2025-10-05,La Liga,Celta,Ath Madrid,D,0.24678844362982996,0.2372311590401402,0.51598039733003,0.2039629094242499,0.24946232768042872,0.5465747628953214,0.21989751828726523,0.23777096189189517,0.5423315198208395,4.39,4.06,1.78,4.77,3.9,1.78,2025-09-14
2025-10-05,La Liga,Espanol,Betis,A,0.35944517669854564,0.26138738506311193,0.3791674382383425,0.36449071728014004,0.2829041323075505,0.3526051504123094,0.3585930378084393,0.27742154787472384,0.3639854143168369,2.7,3.49,2.66,2.67,3.44,2.76,2025-09-14
2025-10-05,La Liga,Alaves,Elche,H,0.43353586174295394,0.3006879319980861,0.2657762062589601,0.4069122136830548,0.319907957467928,0.27317982884901715,0.39979651776630254,0.31310924692377096,0.2870942353099264,2.42,3.09,3.37,2.39,3.04,3.56,2025-09-14
2025-10-05,La Liga,Sevilla,Barcelona,H,0.18963624096261916,0.19808597772694492,0.6122777813104356,0.16359599579324582,0.19183578078136562,0.6445682234253886,0.16320536355654883,0.16923936467395642,0.6675552717694947,5.89,5.68,1.44,5.91,5.04,1.5,2025-09-14
2025-10-17,La Liga,Oviedo,Espanol,A,0.1911284006208614,0.30404719830850485,0.5048244010706338,0.3276622558286075,0.3119092627599244,0.3604284814114682,0.312907103739265,0.31805360215602924,0.36903929410470565,3.09,3.04,2.62,2.97,3.12,2.7,2025-10-17
2025-10-18,La Liga,Sevilla,Mallorca,A,0.4955176223012836,0.2765102878312841,0.22797208986743228,0.5195911835804864,0.27840559120215175,0.2020032252173617,0.5168019562367651,0.2793120399314309,0.20388600383180397,1.87,3.46,4.74,1.87,3.49,4.81,2025-10-17
2025-10-18,La Liga,Barcelona,Girona,H,0.8021094046947902,0.11772588165546512,0.08016471364974466,0.7960235155888687,0.12825412168608938,0.07572236272504175,0.8269113957480523,0.10875478674237421,0.06433381750957348,1.16,8.82,14.91,1.21,7.51,12.72,2025-10-17
2025-10-18,La Liga,Villarreal,Betis,D,0.5229840023990271,0.22372916421637387,0.2532868333845991,0.4654712679213201,0.2665301232754956,0.26799860880318427,0.5006201213498922,0.2522707138917211,0.2471091647583867,1.93,3.83,3.91,2.09,3.65,3.63,2025-10-17
2025-10-18,La Liga,Ath Madrid,Osasuna,H,0.6664736068577587,0.20279118479052102,0.13073520835172037,0.7178968408405801,0.1874585561189136,0.09464460304050618,0.703131330221613,0.18777581333403703,0.10909285644434993,1.37,5.13,8.83,1.35,5.17,10.24,2025-10-17
2025-10-19,La Liga,Elche,Ath Bilbao,D,0.2556063203011872,0.29323358531244365,0.45116009438636906,0.24271264173771137,0.2883571086913705,0.4689302495709181,0.255884127942064,0.28786964393482195,0.456246228123114,3.78,3.36,2.12,3.98,3.35,2.06,2025-10-17
2025-10-19,La Liga,Celta,Sociedad,D,0.4317568980482081,0.2758681687269364,0.2923749332248554,0.4463447060013584,0.2780089883094175,0.27564630568922416,0.4584779055429702,0.2828620996186161,0.2586599948384136,2.11,3.42,3.74,2.18,3.5,3.53,2025-10-17
2025-10-19,La Liga,Levante,Vallecano,A,0.4888843587431257,0.24443138783076912,0.2666842534261051,0.3401050815075037,0.28863517303010694,0.37125974546238943,0.3408625332791149,0.2734603374329622,0.38567712928792286,2.84,3.54,2.51,2.86,3.37,2.62,2025-10-17
2025-10-19,La Liga,Getafe,Real Madrid,A,0.17937890564272177,0.2436463188293222,0.5769747755279558,0.13084617994340367,0.2104418867798724,0.6587119332767238,0.13709633747901584,0.2072660758016089,0.6556375867193751,7.03,4.65,1.47,7.35,4.57,1.46,2025-10-17
2025-10-20,La Liga,Alaves,Valencia,D,0.40598399793130974,0.29704964075577023,0.29696636131292037,0.4360898963324078,0.30107754452670876,0.26283255914088355,0.4240179910044978,0.3059370314842578,0.27004497751124434,2.28,3.16,3.58,2.23,3.23,3.7,2025-10-17
2025-10-24,La Liga,Sociedad,Sevilla,H,0.42240318185706965,0.2816705055766358,0.29592631256629454,0.49119527198166685,0.2686648172717404,0.2401399107465927,0.47904191616766467,0.27784431137724547,0.24311377245508978,2.03,3.5,4.0,1.98,3.62,4.05,2025-10-17
2025-10-25,La Liga,Valencia,Villarreal,A,0.3092864522155383,0.2428648035507287,0.44784874423373283,0.25384110446891484,0.2809859624612555,0.4651729330698297,0.2937466343068332,0.26696862620703904,0.43928473948612784,3.29,3.62,2.2,3.83,3.46,2.09,2025-10-17
2025-10-25,La Liga,Ath Bilbao,Getafe,A,0.5493756347625186,0.284798787889291,0.16582557734819017,0.5860106480631541,0.26858821369561225,0.14540113824123369,0.5736311995799322,0.26330612439734596,0.16306267602272187,1.68,3.66,5.91,1.65,3.6,6.65,2025-10-17
2025-10-25,La Liga,Espanol,Elche,H,0.4697915505102247,0.267485992227554,0.2627224572622216,0.4789228550488215,0.29550559141310256,0.225571553538076,0.48333001694787325,0.27857637864430734,0.23809360440781935,2.0,3.47,4.06,2.03,3.29,4.31,2025-10-17
2025-10-25,La Liga,Girona,Oviedo,D,0.6851293964183176,0.2118147525298659,0.10305585105181626,0.550344124394596,0.25898547030333924,0.19067040530206472,0.5322925819675896,0.26987383007320365,0.19783358795920677,1.81,3.57,4.87,1.76,3.74,5.08,2025-10-17
2025-10-26,La Liga,Mallorca,Levante,D,0.3958074467206246,0.2607360358391361,0.34345651744023914,0.4907914385266302,0.28581383773021407,0.22339472374315583,0.46265031924478045,0.28355987308551056,0.25378980766970893,2.09,3.41,3.81,1.98,3.4,4.35,2025-10-17
2025-10-26,La Liga,Real Madrid,Barcelona,H,0.4778345765937178,0.2196312856572067,0.3025341377490755,0.5194482497992348,0.21730832821578727,0.2632434219849781,0.4906040470248654,0.21915872395441832,0.2902372290207162,1.97,4.41,3.33,1.87,4.47,3.69,2025-10-17
2025-10-26,La Liga,Osasuna,Celta,A,0.432687262558406,0.2644670550497879,0.3028456823918061,0.4051954449855051,0.29922125168160374,0.2955833033328912,0.398505603985056,0.302615193026152,0.298879202988792,2.43,3.2,3.24,2.4,3.25,3.29,2025-10-17
2025-10-26,La Liga,Vallecano,Alaves,H,0.40553399723725897,0.3201418046728382,0.27432419808990277,0.43640375387122476,0.31596765296520496,0.24762859316357028,0.44989240865441227,0.3130319348242675,0.23707565652132018,2.15,3.09,4.08,2.23,3.08,3.93,2025-10-17
2025-10-27,La Liga,Betis,Ath Madrid,A,0.31216509309335316,0.25504266958172356,0.4327922373249231,0.2829365208611537,0.27263351029758226,0.44442996884126423,0.3130330612829851,0.2532126071634617,0.43375433155355325,3.09,3.82,2.23,3.44,3.57,2.19,2025-10-17
2025-10-31,La Liga,Getafe,Girona,H,0.41662707790007486,0.27597774091602645,0.30739518118389864,0.43954833379234365,0.3180941889286698,0.2423574772789865,0.4393532951497136,0.3190023925179439,0.2416443123323425,2.2,3.03,4.0,2.2,3.04,3.99,2025-10-17
2025-11-01,La Liga,Sociedad,Ath Bilbao,H,0.30137439575322705,0.31784569880574987,0.3807799054410229,0.3604633072483159,0.32659427166793725,0.3129424210837469,0.3457014289097655,0.3205178811083919,0.3337806899818426,2.8,3.02,2.9,2.7,2.98,3.11,2025-10-17
2025-11-01,La Liga,Real Madrid,Valencia,H,0.7518046665231803,0.1558671526472534,0.09232818082956622,0.8246016284914331,0.11940394868007137,0.055994422828495455,0.813579160445828,0.11374684944621764,0.07267399010795433,1.18,8.44,13.21,1.17,8.08,17.23,2025-10-17
2025-11-01,La Liga,Villarreal,Vallecano,H,0.6115548714509537,0.22002285411981418,0.16842227442923205,0.5537525354969574,0.24847870182555784,0.19776876267748478,0.5639969709603587,0.2454032621735912,0.1905997668660501,1.71,3.93,5.06,1.75,3.9,4.9,2025-10-17
2025-11-01,La Liga,Ath Madrid,Sevilla,H,0.6614510852945357,0.1965795781296269,0.1419693365758371,0.7204753291407898,0.17747002592806221,0.10205464493114783,0.7203264657975701,0.1658483615410213,0.11382517266140849,1.34,5.82,8.48,1.34,5.44,9.46,2025-10-17
2025-11-02,La Liga,Betis,Mallorca,H,0.553155969993913,0.2591971193096105,0.18764691069647663,0.6182569068641413,0.21771575049843356,0.16402734263742524,0.6021060246774648,0.2282866444274748,0.1696073308950605,1.6,4.22,5.68,1.56,4.43,5.88,2025-10-17
2025-11-02,La Liga,Barcelona,Elche,H,0.8026655749006436,0.12584180890274188,0.07149261619661464,0.8078620861280306,0.12356759415068848,0.06857031972128078,0.760373831775701,0.16897196261682243,0.07065420560747664,1.26,5.67,13.56,1.19,7.78,14.02,2025-10-17
2025-11-02,La Liga,Levante,Celta,A,0.470618749914411,0.22061035165034099,0.3087708984352479,0.30896878704069536,0.2821019359936784,0.40892927696562625,0.3304072233996147,0.28389828872752815,0.3856944878728571,2.93,3.41,2.51,3.15,3.45,2.38,2025-10-17
2025-11-02,La Liga,Alaves,Espanol,H,0.41183978756251743,0.29359506780553846,0.29456514463194416,0.38941525504832997,0.3110345487606469,0.2995501961910231,0.3969389478208809,0.31651340937351286,0.28654764280560635,2.44,3.06,3.38,2.5,3.13,3.25,2025-10-17
2025-11-03,La Liga,Oviedo,Osasuna,D,0.1800066829541786,0.3109832742651414,0.5090100427806802,0.30098876645076433,0.30381053613624026,0.3952006974129954,0.316431586331767,0.31540086455218475,0.3681675491160483,3.06,3.07,2.63,3.23,3.2,2.46,2025-10-17
2025-11-07,La Liga,Elche,Sociedad,D,0.36110323590476223,0.3006973980244702,0.3381993660707678,0.30876108272922914,0.3068130632798334,0.38442585399093754,0.3486347585917561,0.300213264342901,0.3511519770653428,2.79,3.24,2.77,3.15,3.17,2.53,2025-10-17
2025-11-08,La Liga,Girona,Alaves,H,0.46398369923459026,0.26557683214835,0.2704394686170596,0.4460534484501104,0.29113668192252723,0.26280986962736236,0.3868643211392858,0.30413861724786617,0.30899706161284807,2.5,3.18,3.13,2.18,3.34,3.7,2025-10-17
2025-11-08,La Liga,Sevilla,Osasuna,H,0.4671373625264564,0.263734532229175,0.2691281052443685,0.4162303664921467,0.306282722513089,0.2774869109947644,0.4377751395515179,0.2949643470758703,0.2672605133726118,2.21,3.28,3.62,2.34,3.18,3.51,2025-10-17
2025-11-08,La Liga,Ath Madrid,Levante,H,0.7262893322040778,0.15473931076640862,0.1189713570295136,0.7869656572030951,0.13560707652369716,0.07742726627320773,0.7845481585996279,0.13615202752369074,0.07929981387668153,1.22,7.03,12.07,1.22,7.08,12.4,2025-10-17
2025-11-08,La Liga,Espanol,Villarreal,A,0.30578456541958254,0.23995921577051524,0.45425621880990213,0.33914220908127707,0.28212699711978706,0.3787307937989359,0.33357350069206126,0.26503100054985684,0.40139549875808195,2.9,3.65,2.41,2.87,3.45,2.57,2025-10-17
2025-11-09,La Liga,Celta,Barcelona,A,0.19834628380891334,0.19692559777966095,0.6047281184114256,0.2282309477686684,0.22504632989282652,0.5467227223385052,0.2073437910787836,0.22215406187012532,0.570502147051091,4.65,4.34,1.69,4.24,4.3,1.77,2025-10-17
2025-11-09,La Liga,Mallorca,Getafe,H,0.3761050127293672,0.3360341066088407,0.2878608806617922,0.36878279421092086,0.34402352534163644,0.2871936804474428,0.38282202905711066,0.3339792184532724,0.2831987524896169,2.53,2.9,3.42,2.64,2.83,3.39,2025-10-17
2025-11-09,La Liga,Valencia,Betis,D,0.34837791315377803,0.2660075378006746,0.3856145490455476,0.2764318692513891,0.2772194244344415,0.4463487063141695,0.29015704833364736,0.2706506921431501,0.43919225952320257,3.33,3.57,2.2,3.52,3.51,2.18,2025-10-17
2025-11-09,La Liga,Ath Bilbao,Oviedo,H,0.7326854543824952,0.20601459461714677,0.06129995100035802,0.6004632310364795,0.2641381972592164,0.13539857170430422,0.6327078455699751,0.2472277442844118,0.12006441014561323,1.52,3.89,8.01,1.61,3.66,7.14,2025-10-17
2025-11-09,La Liga,Vallecano,Real Madrid,D,0.17856428698796376,0.23700783532012784,0.5844278776919085,0.15630250250470665,0.20717612216362616,0.6365213753316672,0.1568192106227501,0.19917656441982282,0.6440042249574269,6.16,4.85,1.5,6.19,4.67,1.52,2025-10-17
2025-11-21,La Liga,Valencia,Levante,H,0.4883095106633521,0.2335219183003548,0.27816857103629344,0.46735048483829383,0.2761616501317191,0.25648786502998716,0.47644441342244404,0.26425742055944296,0.25929816601811295,2.03,3.66,3.73,2.08,3.52,3.79,2025-11-21
2025-11-22,La Liga,Alaves,Celta,A,0.37800853087764497,0.2856200410203908,0.3363714281019641,0.35166196086067575,0.32255087138545424,0.3257871677538701,0.37529290467710186,0.31033836348298804,0.31436873183991004,2.58,3.12,3.08,2.77,3.02,2.99,2025-11-21
2025-11-22,La Liga,Barcelona,Ath Bilbao,H,0.60749492795445,0.21633523297278673,0.1761698390727632,0.6772009029345373,0.18445662689455014,0.1383424701709126,0.6793335594620102,0.1816673548843794,0.13899908565361016,1.42,5.31,6.94,1.43,5.25,7.0,2025-11-21
2025-11-22,La Liga,Osasuna,Sociedad,A,0.3867529072139408,0.2997371119446847,0.31350998084137444,0.35929820195358675,0.3245660424314067,0.3161357556150065,0.3353030678319946,0.3136006038946487,0.35109632827335674,2.89,3.09,2.76,2.71,3.0,3.08,2025-11-21
2025-11-22,La Liga,Villarreal,Mallorca,H,0.640049848508897,0.212791881202588,0.1471582702885152,0.6853390174233468,0.19249562043165716,0.12216536214499606,0.6730563470700199,0.19326718399801773,0.13367646893196228,1.43,4.98,7.2,1.41,5.02,7.91,2025-11-21
2025-11-23,La Liga,Getafe,Ath Madrid,A,0.20536152506307462,0.27608142698309474,0.5185570479538306,0.1955028613060508,0.28974226451046453,0.5147548741834848,0.18095388548204103,0.26791228044979964,0.5511338340681592,5.33,3.6,1.75,4.95,3.34,1.88,2025-11-21
2025-11-23,La Liga,Oviedo,Vallecano,D,0.21206003663834472,0.33333190386481254,0.45460805949684285,0.27023709922932615,0.30119305177262357,0.42856984899805023,0.2767815664777478,0.2926693301124222,0.43054910340982994,3.5,3.31,2.25,3.6,3.23,2.27,2025-11-21
2025-11-23,La Liga,Betis,Girona,D,0.5721581055311927,0.2152898575637825,0.21255203690502456,0.6314375520511513,0.21373881739784545,0.15482363055100343,0.6212401152908138,0.20619318601729367,0.1725666986918927,1.55,4.67,5.58,1.53,4.52,6.24,2025-11-21
2025-11-23,La Liga,Elche,Real Madrid,D,0.14721031196887607,0.217661857156034,0.6351278308750901,0.13658248992826963,0.1736759359339688,0.6897415741377617,0.13327691982229742,0.17844298709540934,0.6882800930822932,7.23,5.4,1.4,7.07,5.56,1.4,2025-11-21
2025-11-24,La Liga,Espanol,Sevilla,H,0.4157568202261344,0.26326540078623106,0.3209777789876345,0.5248351853872169,0.2589186914576937,0.21624612315508937,0.4650970293387289,0.2862135565161409,0.2486894141451301,2.08,3.38,3.89,1.85,3.75,4.49,2025-11-21
2025-11-28,La Liga,Getafe,Elche,H,0.4350167961274788,0.31630864106918843,0.24867456280333272,0.42325425433816755,0.32777265487467516,0.24897309078715738,0.4299331938824994,0.3271545515738884,0.24291225454361215,2.26,2.97,4.0,2.3,2.97,3.91,2025-11-21
2025-11-29,La Liga,Ath Madrid,Oviedo,H,0.8325609506672205,0.12740826765669716,0.04003078167608234,0.770999140292606,0.15469485158358864,0.07430600812380549,0.7817355462748149,0.15533678867819423,0.06292766504699099,1.23,6.19,15.28,1.25,6.23,12.97,2025-11-21
2025-11-29,La Liga,Levante,Ath Bilbao,A,0.27532357887492437,0.24982552246536668,0.4748508986597091,0.24646337956434516,0.27984602751686455,0.4736905929187903,0.2745435276083744,0.2801139759946312,0.44534249639699436,3.52,3.45,2.17,3.94,3.47,2.05,2025-11-21
2025-11-29,La Liga,Barcelona,Alaves,H,0.7582468820139172,0.15592914544993725,0.08582397253614558,0.7688983173404554,0.14474742419812792,0.08635425846141681,0.8038601820647692,0.1263663958595872,0.06977342207564372,1.19,7.57,13.71,1.25,6.64,11.13,2025-11-21
2025-11-29,La Liga,Mallorca,Osasuna,D,0.37953987420568014,0.3132435935839238,0.3072165322103961,0.38957159371411354,0.3214287076849121,0.2889996986009744,0.40649057985106213,0.31308983172994437,0.2804195884189936,2.38,3.09,3.45,2.5,3.03,3.37,2025-11-21
2025-11-30,La Liga,Girona,Real Madrid,D,0.17464311322409315,0.19582361978212143,0.6295332669937854,0.1368479368955223,0.16800420974388988,0.6951478533605879,0.13799958034698678,0.18269262625481775,0.6793077933981956,6.99,5.28,1.42,7.01,5.71,1.38,2025-11-21
2025-11-30,La Liga,Celta,Espanol,A,0.4927352096080674,0.24542367045617208,0.26184111993576037,0.5065397415060754,0.2724247349276372,0.22103552356628742,0.4720538132261728,0.28295623307416784,0.24498995369965923,2.05,3.42,3.95,1.92,3.57,4.4,2025-11-21
2025-11-30,La Liga,Sevilla,Betis,A,0.37154326068329946,0.2566393120017785,0.371817427314922,0.3503370405219886,0.2915978960033318,0.3580650634746795,0.3255770770712686,0.28608399967504966,0.3883389232536818,2.97,3.38,2.49,2.78,3.34,2.72,2025-11-21
2025-11-30,La Liga,Sociedad,Villarreal,A,0.3239069724091765,0.2587686169550093,0.4173244106358144,0.33570063242893317,0.28549320646448856,0.3788061611065783,0.33133916601442925,0.28624567004796847,0.38241516393760216,2.92,3.38,2.53,2.9,3.41,2.57,2025-11-21
2025-12-01,La Liga,Vallecano,Valencia,D,0.42606505490828844,0.2989543547002744,0.27498059039143713,0.4606802778097862,0.3028147620494233,0.23650496014079048,0.48863257055965587,0.28372213774431626,0.2276452916960279,1.98,3.41,4.25,2.11,3.21,4.11,2025-11-21
2025-12-02,La Liga,Barcelona,Ath Madrid,H,0.5086458297931702,0.22391876987899317,0.2674354003278364,0.5710647802165264,0.21494420458038518,0.21399101520308858,0.5533824152044032,0.21713435574163806,0.2294832290539587,1.75,4.46,4.22,1.69,4.49,4.51,2025-11-21
2025-12-03,La Liga,Ath Bilbao,Real Madrid,A,0.2825100065873272,0.2772904706578732,0.44019952275479973,0.2235911936982428,0.2629771763280146,0.5134316299737428,0.2375431996150313,0.22962509296119687,0.5328317074237718,4.06,4.2,1.81,4.34,3.69,1.89,2025-11-21
2025-12-05,La Liga,Oviedo,Mallorca,D,0.226650256554051,0.3418969230639403,0.4314528203820088,0.370020814034163,0.3190671281671635,0.31091205779867365,0.3658896429625258,0.3201534375922101,0.31395691944526405,2.66,3.04,3.1,2.63,3.05,3.13,2025-11-21
2025-12-06,La Liga,Villarreal,Getafe,H,0.6130327362548655,0.2258240168250397,0.16114324692009477,0.5892387991732932,0.2556485795355029,0.15511262129120398,0.6061634410352016,0.24277074842467772,0.15106581054012078,1.59,3.97,6.38,1.64,3.78,6.23,2025-11-21
2025-12-06,La Liga,Alaves,Sociedad,H,0.3498627837722357,0.3228485563409049,0.3272886598868594,0.35127792783650014,0.32219862917453823,0.3265234429889616,0.34599023160548287,0.3176303765558532,0.3363793918386639,2.8,3.05,2.88,2.77,3.02,2.98,2025-11-21
2025-12-06,La Liga,Betis,Barcelona,A,0.2704008932922566,0.22018598275151788,0.5094131239562255,0.25750443656450817,0.23557583491059628,0.5069197285248958,0.23845586024004156,0.2189900757306504,0.5425540640293081,4.05,4.41,1.78,3.76,4.11,1.91,2025-11-21
2025-12-06,La Liga,Ath Bilbao,Ath Madrid,H,0.32217742469023136,0.29229890751931104,0.3855236677904577,0.3255995697876407,0.3042320980203268,0.3701683321920326,0.29056603773584905,0.29056603773584905,0.4188679245283019,3.33,3.33,2.31,2.99,3.2,2.63,2025-11-21
2025-12-07,La Liga,Real Madrid,Celta,A,0.7538364972384766,0.14992051583380225,0.0962429869277212,0.7578408643541402,0.1539740168846507,0.08818511876120905,0.7366713075884304,0.16398505134673966,0.09934364106482983,1.3,5.84,9.64,1.28,6.3,11.0,2025-11-21
2025-12-07,La Liga,Elche,Girona,H,0.39113679585504413,0.2650270968818098,0.343836107263146,0.4525315438542608,0.2887070680375848,0.25876138810815447,0.4482035830085481,0.27118199980349134,0.2806144171879606,2.16,3.57,3.45,2.15,3.37,3.76,2025-11-21
2025-12-07,La Liga,Valencia,Sevilla,D,0.40339724488541007,0.2682663624501362,0.3283363926644537,0.4832571911152715,0.2815498417802016,0.23519296710452678,0.44792281945264817,0.27643236857649145,0.27564481197086044,2.16,3.5,3.51,2.01,3.45,4.13,2025-11-21
2025-12-07,La Liga,Espanol,Vallecano,H,0.41917451343432016,0.29549021596818936,0.28533527059749053,0.3955750895626595,0.3031510032162437,0.30127390722109676,0.41512782205774174,0.28448465452780536,0.30038752341445285,2.33,3.4,3.22,2.46,3.21,3.23,2025-11-21
2025-12-08,La Liga,Osasuna,Levante,H,0.5058436992080773,0.23483288803001479,0.2593234127619076,0.5687203791469194,0.24170616113744073,0.18957345971563982,0.5454911901967986,0.25209383985596173,0.20241496994723973,1.77,3.83,4.77,1.7,4.0,5.1,2025-11-21
2025-12-12,La Liga,Sociedad,Girona,A,0.48214892403306736,0.2535751185879664,0.26427595737896625,0.5280148907277874,0.26328807902775236,0.20869703024446026,0.5461475265536061,0.253823132445279,0.20002934100111494,1.78,3.83,4.86,1.83,3.67,4.63,2025-11-21
2025-12-13,La Liga,Ath Madrid,Valencia,H,0.7083241523112572,0.1844631648123957,0.10721268287634701,0.7253662701411071,0.17414027784976038,0.10049345200913255,0.7229173732217126,0.19229602127697557,0.08478660550131198,1.33,5.0,11.34,1.33,5.54,9.6,2025-11-21
2025-12-13,La Liga,Mallorca,Elche,H,0.4200978142208545,0.3144469125185589,0.2654552732605867,0.37118862247588325,0.32202456651881267,0.30678681100530414,0.38583211506171505,0.31341055301129606,0.300757331926989,2.51,3.09,3.22,2.62,3.02,3.17,2025-11-21
2025-12-13,La Liga,Barcelona,Osasuna,H,0.7585474809174768,0.14880459800346213,0.09264792107906075,0.8043504006948009,0.11843196083849829,0.07721763846670089,0.7833197492544353,0.1371090522367878,0.07957119850877693,1.22,6.97,12.01,1.2,8.15,12.5,2025-11-21
2025-12-13,La Liga,Getafe,Espanol,A,0.4125277637839749,0.3032654471150475,0.28420678910097774,0.3580147717791031,0.34778577829970025,0.29419944992119657,0.3708611079690614,0.3349299279582181,0.29420896407272046,2.61,2.89,3.29,2.72,2.8,3.31,2025-11-21
2025-12-14,La Liga,Sevilla,Oviedo,H,0.6614776153855549,0.22463882846991984,0.11388355614452528,0.45232593010743205,0.3087303967399933,0.23894367315257464,0.4995803766486953,0.2930669078820613,0.2073527154692434,1.93,3.29,4.65,2.15,3.15,4.07,2025-11-21
2025-12-14,La Liga,Celta,Ath Bilbao,H,0.33103778719108845,0.27824769476238614,0.39071451804652546,0.32003463822086914,0.3128312862351904,0.36713407554394045,0.3535207299704193,0.2980451692673689,0.3484341007622119,2.74,3.25,2.78,3.04,3.11,2.65,2025-11-21
2025-12-14,La Liga,Alaves,Real Madrid,A,0.16314117729071528,0.2414173211611158,0.595441501548169,0.1680733591614069,0.23375251164923824,0.598174129189355,0.160581346929241,0.24832167050913562,0.5910969825616234,6.0,3.88,1.63,5.73,4.12,1.61,2025-11-21
2025-12-15,La Liga,Vallecano,Betis,D,0.3292238531818299,0.28952118266112165,0.38125496415704846,,,,0.365049565887212,0.27798314643710104,0.356967287675687,2.65,3.48,2.71,,,,2025-11-21
2025-12-19,La Liga,Valencia,Mallorca,D,0.42783828938136126,0.30101600780158627,0.27114570281705236,0.46031267737889187,0.301633462506044,0.23805386011506416,0.47685920136768833,0.2947856881182073,0.2283551105141043,2.04,3.3,4.26,2.11,3.22,4.08,2025-11-21
2025-12-20,La Liga,Real Madrid,Sevilla,H,0.7497811188660557,0.15502792017186828,0.0951909609620761,0.7939555916674379,0.1360745419146742,0.06996986641788783,0.7938563412758788,0.1366381469336861,0.06950551179043511,1.21,7.03,13.82,1.21,7.06,13.73,2025-11-21
2025-12-20,La Liga,Osasuna,Alaves,H,0.43301510352457595,0.3084518878073305,0.25853300866809337,0.4356794495525449,0.31959380674413657,0.24472674370331868,0.4338977064523962,0.310125604291296,0.25597668925630784,2.23,3.12,3.78,2.23,3.04,3.97,2025-11-21
2025-12-20,La Liga,Oviedo,Celta,D,0.19454673211875706,0.2695850612480909,0.5358682066331522,0.27047386892612224,0.2986828000411166,0.43084333103276107,0.25392443260248465,0.2853840968187217,0.46069147057879356,3.81,3.39,2.1,3.6,3.26,2.26,2025-11-21
2025-12-20,La Liga,Levante,Sociedad,D,0.37498412657934876,0.252135798354055,0.3728800750665964,0.30620102368981295,0.28808261992118495,0.40571635638900216,0.27859155032500155,0.27385628318066724,0.4475521664943311,3.47,3.53,2.16,3.18,3.38,2.4,2025-11-21
2025-12-21,La Liga,Betis,Getafe,H,0.5344399840471151,0.270291723298166,0.19526829265471882,0.5487016507761734,0.28150780344168896,0.1697905457821376,0.564460987267674,0.2659031097046068,0.16963590302771925,1.71,3.63,5.69,1.77,3.45,5.72,2025-12-21
2025-12-21,La Liga,Elche,Vallecano,H,0.4020933109249752,0.31068555231679096,0.28722113675823374,0.38028580321153976,0.32559587164600057,0.2941183251424597,0.39007575640211317,0.31408697268741576,0.29583727091047113,2.48,3.08,3.27,2.56,2.99,3.31,2025-12-21
2025-12-21,La Liga,Girona,Ath Madrid,A,0.2259534173179501,0.22658754994068425,0.5474590327413658,0.19447057823577857,0.2563710275415967,0.5491583942226248,0.1955435757207857,0.23062914552714678,0.5738272787520675,4.93,4.18,1.68,4.97,3.77,1.76,2025-12-21
2025-12-21,La Liga,Villarreal,Barcelona,A,0.3354816895147199,0.20884047765433278,0.4556778328309472,0.23097069559299666,0.21601946753005713,0.5530098368769463,0.2730135926621726,0.19886175267985412,0.5281246546579732,3.54,4.86,1.83,4.19,4.48,1.75,2025-12-21
2025-12-22,La Liga,Ath Bilbao,Espanol,A,0.5181237071105447,0.27527660313469116,0.20659968975476425,0.5170251423017758,0.28338404301088577,0.19959081468733847,0.5359741309620049,0.27485852869846406,0.18916734033953117,1.8,3.51,5.1,1.88,3.43,4.87,2025-12-21
2026-01-02,La Liga,Vallecano,Getafe,D,0.38971000925420396,0.34691745633801235,0.2633725344077837,0.45278973574118214,0.3391978856597706,0.20801237859904737,0.46113520661379487,0.32871462363348214,0.21015016975272294,2.11,2.96,4.63,2.15,2.87,4.68,2025-12-21
2026-01-03,La Liga,Celta,Valencia,H,0.5086742837765462,0.252676107813975,0.23864960840947844,0.47140190263627413,0.2951635013467248,0.2334345960170011,0.48083543722745015,0.28850126233647,0.23066330043607985,2.01,3.35,4.19,2.06,3.29,4.16,2025-12-21
2026-01-03,La Liga,Osasuna,Ath Bilbao,D,0.32742398796664857,0.3041396825034569,0.3684363295298946,0.3141486438230682,0.32247046220248726,0.3633808939744445,0.3055410770201476,0.33170041580611914,0.36275850717373337,3.17,2.92,2.67,3.1,3.02,2.68,2025-12-21
2026-01-03,La Liga,Elche,Villarreal,A,0.26241426727803213,0.2379966440136927,0.49958908870827495,0.3003769552699534,0.2764833338280253,0.42313971090202135,0.29837773478196156,0.2700401845512725,0.43158208066676584,3.24,3.58,2.24,3.24,3.52,2.3,2025-12-21
2026-01-03,La Liga,Espanol,Barcelona,A,0.18780731883833207,0.2019590445805043,0.6102336365811637,0.16237928382189554,0.2030595675583283,0.6345611486197761,0.17382342837512885,0.19973499533788092,0.6264415762869903,5.55,4.83,1.54,5.94,4.75,1.52,2025-12-21
2026-01-04,La Liga,Mallorca,Girona,A,0.41408432826977115,0.2705171510542494,0.3153985206759797,0.432339638233068,0.3068656738247328,0.26079468794219923,0.42835824793228106,0.2942521703121444,0.2773895817555745,2.26,3.29,3.49,2.25,3.17,3.73,2025-12-21
2026-01-04,La Liga,Sociedad,Ath Madrid,D,0.24665277142358086,0.26831807283336884,0.4850291557430503,0.2285127275859539,0.25490264888196956,0.5165846235320767,0.2501860588970292,0.2596016632641217,0.4902122778388491,3.86,3.72,1.97,4.25,3.81,1.88,2025-12-21
2026-01-04,La Liga,Alaves,Oviedo,D,0.5764903227832033,0.3178306889125558,0.10567898830424094,0.5027264167224262,0.32021847665817904,0.1770551066193946,0.503332584437954,0.30974312888489475,0.18692428667715122,1.92,3.12,5.17,1.93,3.03,5.48,2025-12-21
2026-01-04,La Liga,Real Madrid,Betis,H,0.6701819500112159,0.18910208366702563,0.14071596632175856,0.6428504149616435,0.21334156628397397,0.14380801875438246,0.6631516352824579,0.1954410307234886,0.1414073339940535,1.45,4.92,6.8,1.51,4.55,6.75,2025-12-21
2026-01-04,La Liga,Sevilla,Levante,A,0.587099200754693,0.21143822646936497,0.20146257277594207,0.5424558029917073,0.26602627050826194,0.19151792650003077,0.5431614232131132,0.2524353350703241,0.20440324171656266,1.78,3.83,4.73,1.79,3.65,5.07,2025-12-21
2026-01-09,La Liga,Getafe,Sociedad,A,0.35681380572079463,0.3264716839714095,0.31671451030779574,0.2673508097855163,0.32547055104323724,0.4071786391712466,0.27518427518427524,0.33824733824733827,0.3865683865683866,3.54,2.88,2.52,3.64,2.99,2.39,2025-12-21
2026-01-10,La Liga,Oviedo,Betis,D,0.11180791867192948,0.26597728948601995,0.6222147918420505,0.24904261372562023,0.2783838412047881,0.4725735450695916,0.22230282930873665,0.2829308736656648,0.49476629702559854,4.34,3.41,1.95,3.89,3.48,2.05,2025-12-21
2026-01-10,La Liga,Villarreal,Alaves,H,0.6570504032850624,0.2056562220823321,0.13729337463260546,0.6496334269361439,0.2256302578402924,0.12473631522356372,0.6508223932397768,0.2121623660781651,0.13701524068205825,1.48,4.54,7.03,1.49,4.29,7.76,2025-12-21
2026-01-10,La Liga,Girona,Osasuna,H,0.4491516060265862,0.25268869461962223,0.2981596993537912,0.3729432565121344,0.30999423550849386,0.3170625079793716,0.3998615863739475,0.3023953246952978,0.29774308893075474,2.42,3.2,3.25,2.61,3.14,3.07,2025-12-21
2026-01-10,La Liga,Valencia,Elche,D,0.44421464217581735,0.27992358129623235,0.27586177652795013,0.4762139511954646,0.2891298989401035,0.23465614986443184,0.4278566216437581,0.30794775952703607,0.2641956188292058,2.26,3.14,3.66,2.04,3.36,4.14,2025-12-21
2026-01-11,La Liga,Vallecano,Mallorca,H,0.4024904093423952,0.32886262613797623,0.2686469645196284,0.5036953904287659,0.29911757031615943,0.19718703925507466,0.5001388628745261,0.29792222387278866,0.2019389132526852,1.93,3.24,4.78,1.93,3.25,4.93,2025-12-21
2026-01-11,La Liga,Levante,Espanol,D,0.35475132575950613,0.2543992190302375,0.3908494552102564,0.30221439260480004,0.2939970828360895,0.40378852455911046,0.30615948995208686,0.29406200250717157,0.39977850754074157,3.16,3.29,2.42,3.22,3.31,2.41,2025-12-21
2026-01-12,La Liga,Sevilla,Celta,A,0.4313382847190329,0.25233191655975906,0.3163297987212079,0.36615134255492265,0.30919446704637915,0.3246541903986981,0.3651781304565942,0.2854637302979276,0.3493581392454782,2.65,3.39,2.77,2.66,3.15,3.0,2025-12-21
2026-01-16,La Liga,Espanol,Girona,A,0.46389741088405834,0.248691535650437,0.2874110534655047,,,,,,,,,,,,,2025-12-21
2026-01-17,La Liga,Osasuna,Oviedo,H,0.6554129464596637,0.2579859862990158,0.08660106724132047,,,,,,,,,,,,,2025-12-21
2026-01-17,La Liga,Betis,Villarreal,H,0.3943726350202543,0.2363568941294607,0.3692704708502851,,,,,,,,,,,,,2025-12-21
2026-01-17,La Liga,Real Madrid,Levante,H,0.8515205482711937,0.09770619811851906,0.05077325361028729,,,,,,,,,,,,,2025-12-21
2026-01-17,La Liga,Mallorca,Ath Bilbao,H,0.29275633933555834,0.32033061013864517,0.3869130505257962,,,,,,,,,,,,,2025-12-21
2026-01-18,La Liga,Sociedad,Barcelona,H,0.2049972005399245,0.21509285542143428,0.5799099440386413,,,,,,,,,,,,,2025-12-21
2026-01-18,La Liga,Celta,Vallecano,H,0.4857617621354908,0.27874073810454864,0.2354974997599603,,,,,,,,,,,,,2025-12-21
2026-01-18,La Liga,Getafe,Valencia,A,0.4023154741906051,0.3170214536370367,0.2806630721723581,,,,,,,,,,,,,2025-12-21
2026-01-18,La Liga,Ath Madrid,Alaves,H,0.6890583811022724,0.20637150825346096,0.10457011064426655,,,,,,,,,,,,,2025-12-21
2026-01-19,La Liga,Elche,Sevilla,D,0.39397304763521024,0.2704047361787426,0.33562221618604726,,,,,,,,,,,,,2025-12-21
2026-01-23,La Liga,Levante,Elche,H,0.4126416910228855,0.2541631637198044,0.33319514525731025,,,,,,,,,,,,,2026-01-23
2026-01-24,La Liga,Vallecano,Osasuna,A,0.3689263495721192,0.311804683528825,0.3192689668990556,,,,,,,,,,,,,2026-01-23
2026-01-24,La Liga,Valencia,Espanol,H,0.40499995264194244,0.28962754397152907,0.30537250338652844,,,,,,,,,,,,,2026-01-23
2026-01-24,La Liga,Sevilla,Ath Bilbao,H,0.340309193504093,0.28714866542648615,0.3725421410694208,,,,,,,,,,,,,2026-01-23
2026-01-24,La Liga,Villarreal,Real Madrid,A,0.318681177140401,0.23418512985823342,0.4471336930013655,,,,,,,,,,,,,2026-01-23
2026-01-25,La Liga,Ath Madrid,Mallorca,H,0.6920114809307647,0.20208441379070313,0.10590410527853218,,,,,,,,,,,,,2026-01-23
2026-01-25,La Liga,Barcelona,Oviedo,H,0.9002677812505337,0.07642101282240266,0.023311205927063587,,,,,,,,,,,,,2026-01-23
2026-01-25,La Liga,Sociedad,Celta,H,0.4216105818923791,0.2734413252842806,0.3049480928233404,,,,,,,,,,,,,2026-01-23
2026-01-25,La Liga,Alaves,Betis,H,0.291710039964892,0.2899510090011588,0.41833895103394925,,,,,,,,,,,,,2026-01-23
2026-01-26,La Liga,Girona,Getafe,D,0.4896933353774252,0.2744493083446906,0.2358573562778841,,,,,,,,,,,,,2026-01-23
2026-01-30,La Liga,Espanol,Alaves,A,0.45768735271326216,0.3041549442147769,0.2381577030719608,,,,,,,,,,,,,2026-01-23
2026-01-31,La Liga,Elche,Barcelona,A,0.16797810094641988,0.19135858156975336,0.6406633174838269,,,,,,,,,,,,,2026-01-23
2026-01-31,La Liga,Levante,Ath Madrid,D,0.17930379903358257,0.21910988886412727,0.6015863121022901,,,,,,,,,,,,,2026-01-23
2026-01-31,La Liga,Oviedo,Girona,H,0.20531194394274457,0.27983423319026096,0.5148538228669944,,,,,,,,,,,,,2026-01-23
2026-01-31,La Liga,Osasuna,Villarreal,D,0.30096398876889596,0.24926322521964148,0.44977278601146253,,,,,,,,,,,,,2026-01-23
2026-02-01,La Liga,Real Madrid,Vallecano,H,0.7548867329178068,0.16778071799564478,0.07733254908654842,,,,,,,,,,,,,2026-01-23
2026-02-01,La Liga,Betis,Valencia,H,0.5766034258304037,0.23431070764169973,0.18908586652789658,,,,,,,,,,,,,2026-01-23
2026-02-01,La Liga,Getafe,Celta,D,0.3195449445247986,0.30072075799126047,0.3797342974839412,,,,,,,,,,,,,2026-01-23
2026-02-01,La Liga,Ath Bilbao,Sociedad,D,0.46776920431136,0.29277173511299315,0.23945906057564698,,,,,,,,,,,,,2026-01-23
2026-02-02,La Liga,Mallorca,Sevilla,H,0.4078649536550609,0.28429170567632,0.30784334066861907,,,,,,,,,,,,,2026-01-23
2026-02-06,La Liga,Celta,Osasuna,A,0.5059191163879277,0.254666998765054,0.23941388484701845,,,,,,,,,,,,,2026-01-23
2026-02-07,La Liga,Sociedad,Elche,H,0.487398940528698,0.2688768517675067,0.24372420770379516,,,,,,,,,,,,,2026-01-23
2026-02-07,La Liga,Barcelona,Mallorca,H,0.7908488892815356,0.13591440658472057,0.07323670413374382,,,,,,,,,,,,,2026-01-23
2026-02-08,La Liga,Valencia,Real Madrid,A,0.16373582245517473,0.22133508890129672,0.6149290886435286,,,,,,,,,,,,,2026-01-23
2026-02-08,La Liga,Ath Madrid,Betis,A,0.6099211537268531,0.21942942578918143,0.1706494204839655,,,,,,,,,,,,,2026-01-23
2026-02-08,La Liga,Alaves,Getafe,A,0.38654824122961323,0.34607850849317057,0.2673732502772161,,,,,,,,,,,,,2026-01-23
2026-02-08,La Liga,Ath Bilbao,Levante,H,0.592251547277347,0.23324083355977968,0.17450761916287338,,,,,,,,,,,,,2026-01-23
2026-02-08,La Liga,Sevilla,Girona,D,0.4507115971994861,0.24564209277417873,0.3036463100263351,,,,,,,,,,,,,2026-01-23
2026-02-09,La Liga,Villarreal,Espanol,H,0.6298651427541875,0.20692617276148162,0.1632086844843306,,,,,,,,,,,,,2026-01-23
2026-02-13,La Liga,Elche,Osasuna,D,0.42703455935325624,0.27461053415465425,0.29835490649208946,,,,,,,,,,,,,2026-01-23
2026-02-14,La Liga,Espanol,Celta,D,0.3788041563467819,0.2737826168294082,0.3474132268238098,,,,,,,,,,,,,2026-01-23
2026-02-14,La Liga,Getafe,Villarreal,H,0.24694576470263016,0.26765462829909215,0.4853996069982778,,,,,,,,,,,,,2026-01-23
2026-02-14,La Liga,Sevilla,Alaves,D,0.47268992297890716,0.28601130743725184,0.24129876958384075,,,,,,,,,,,,,2026-01-23
2026-02-14,La Liga,Real Madrid,Sociedad,H,0.6978710545801977,0.18970730420101845,0.11242164121878367,,,,,,,,,,,,,2026-01-23
2026-02-15,La Liga,Mallorca,Betis,A,0.3180833302854268,0.27901341631284104,0.4029032534017319,,,,,,,,,,,,,2026-01-23
2026-02-15,La Liga,Levante,Valencia,A,0.425807058452221,0.262527658867147,0.31166528268063215,,,,,,,,,,,,,2026-01-23
2026-02-15,La Liga,Vallecano,Ath Madrid,H,0.18501909112832957,0.2701577963999474,0.5448231124717231,,,,,,,,,,,,,2026-01-23
2026-02-15,La Liga,Oviedo,Ath Bilbao,A,0.15289736452362518,0.3011235938314776,0.5459790416448973,,,,,,,,,,,,,2026-01-23
2026-02-16,La Liga,Girona,Barcelona,H,0.17709415491497887,0.18259101085128393,0.6403148342337374,,,,,,,,,,,,,2026-01-23
2026-02-18,La Liga,Levante,Villarreal,A,0.2508804029418718,0.2175370068637333,0.5315825901943951,,,,,,,,,,,,,2026-01-23
2026-02-20,La Liga,Ath Bilbao,Elche,H,0.5339083633455465,0.2620475948944621,0.20404404175999152,,,,,,,,,,,,,2026-01-23
2026-02-21,La Liga,Ath Madrid,Espanol,H,0.6795648544319127,0.20364186723497774,0.11679327833310942,,,,,,,,,,,,,2026-01-23
2026-02-21,La Liga,Sociedad,Oviedo,D,0.6479537428071208,0.24807960260160627,0.10396665459127302,,,,,,,,,,,,,2026-01-23
2026-02-21,La Liga,Betis,Vallecano,D,0.5722016749993876,0.2504072654831747,0.17739105951743753,,,,,,,,,,,,,2026-01-23
2026-02-21,La Liga,Osasuna,Real Madrid,H,0.1851530269451595,0.2321783017430862,0.5826686713117543,,,,,,,,,,,,,2026-01-23
2026-02-22,La Liga,Celta,Mallorca,H,0.5227564998870915,0.25961393725469345,0.217629562858215,,,,,,,,,,,,,2026-02-22
2026-02-22,La Liga,Villarreal,Valencia,H,0.6491591438905989,0.20079338985490686,0.15004746625449408,,,,,,,,,,,,,2026-02-22
2026-02-22,La Liga,Getafe,Sevilla,A,0.3992682241393183,0.30827002342258436,0.29246175243809747,,,,,,,,,,,,,2026-02-22
2026-02-22,La Liga,Barcelona,Levante,H,0.861987020851343,0.09085356825893796,0.0471594108897189,,,,,,,,,,,,,2026-02-22
2026-02-23,La Liga,Alaves,Girona,D,0.37719482599338966,0.2922781736901888,0.33052700031642146,,,,,,,,,,,,,2026-02-22
2026-02-27,La Liga,Levante,Alaves,H,0.4107967006225982,0.2913088200741957,0.2978944793032063,,,,,,,,,,,,,2026-02-22
2026-02-28,La Liga,Oviedo,Ath Madrid,A,0.11631218346545008,0.2294482817674796,0.6542395347670701,,,,,,,,,,,,,2026-02-22
2026-02-28,La Liga,Mallorca,Sociedad,A,0.35861539504045165,0.2969839294739793,0.34440067548556896,,,,,,,,,,,,,2026-02-22
2026-02-28,La Liga,Vallecano,Ath Bilbao,D,0.3078235158733695,0.31786376209504263,0.374312722031588,,,,,,,,,,,,,2026-02-22
2026-02-28,La Liga,Barcelona,Villarreal,H,0.670277513615037,0.17162276056370904,0.1580997258212541,,,,,,,,,,,,,2026-02-22
2026-03-01,La Liga,Elche,Espanol,D,0.4370926845139598,0.2644129240392171,0.2984943914468231,,,,,,,,,,,,,2026-02-22
2026-03-01,La Liga,Valencia,Osasuna,H,0.3874363675194802,0.2905257198046614,0.3220379126758584,,,,,,,,,,,,,2026-02-22
2026-03-01,La Liga,Betis,Sevilla,D,0.5799534041180412,0.22698727233644775,0.1930593235455114,,,,,,,,,,,,,2026-02-22
2026-03-01,La Liga,Girona,Celta,A,0.41871673435303347,0.25227738014054074,0.32900588550642584,,,,,,,,,,,,,2026-02-22
2026-03-02,La Liga,Real Madrid,Getafe,A,0.7330768378770299,0.18591422956242065,0.08100893256054956,,,,,,,,,,,,,2026-02-22
2026-03-04,La Liga,Vallecano,Oviedo,H,0.5397070228585099,0.2959903851148179,0.16430259202667213,,,,,,,,,,,,,2026-02-22
2026-03-06,La Liga,Celta,Real Madrid,A,0.21576379531893022,0.23238896780295,0.5518472368781199,,,,,,,,,,,,,2026-02-22
2026-03-07,La Liga,Osasuna,Mallorca,D,0.48345262636409336,0.2836514950759135,0.2328958785599933,,,,,,,,,,,,,2026-02-22
2026-03-07,La Liga,Levante,Girona,D,0.37832128297465384,0.25126618979263116,0.3704125272327151,,,,,,,,,,,,,2026-02-22
2026-03-07,La Liga,Ath Madrid,Sociedad,H,0.6264372911850139,0.2247451753230495,0.14881753349193633,,,,,,,,,,,,,2026-02-22
2026-03-07,La Liga,Ath Bilbao,Barcelona,A,0.2533161743052881,0.24330229511106238,0.5033815305836495,,,,,,,,,,,,,2026-02-22
2026-03-08,La Liga,Valencia,Alaves,H,0.4417677713437153,0.3063246263273676,0.25190760232891707,,,,,,,,,,,,,2026-02-22
2026-03-08,La Liga,Sevilla,Vallecano,D,0.44788399280283636,0.2878790282680027,0.2642369789291608,,,,,,,,,,,,,2026-02-22
2026-03-08,La Liga,Villarreal,Elche,H,0.680201140793371,0.1820824523842424,0.1377164068223866,,,,,,,,,,,,,2026-02-22
2026-03-08,La Liga,Getafe,Betis,H,0.3033528764371601,0.3057379926373236,0.39090913092551643,,,,,,,,,,,,,2026-02-22
2026-03-09,La Liga,Espanol,Oviedo,D,0.5852853027625007,0.2565626689289306,0.1581520283085688,,,,,,,,,,,,,2026-02-22
2026-03-13,La Liga,Alaves,Villarreal,D,0.2546629002803997,0.26711328516538174,0.4782238145542184,,,,,,,,,,,,,2026-02-22
2026-03-14,La Liga,Girona,Ath Bilbao,H,0.3618076195710989,0.27613819232266723,0.36205418810623385,,,,,,,,,,,,,2026-02-22
2026-03-14,La Liga,Ath Madrid,Getafe,H,0.6521688153206007,0.23454084306538064,0.11329034161401882,,,,,,,,,,,,,2026-02-22
2026-03-14,La Liga,Oviedo,Valencia,H,0.2697958867298914,0.31273268226149165,0.417471431008617,,,,,,,,,,,,,2026-02-22
2026-03-14,La Liga,Real Madrid,Elche,H,0.7966241249493065,0.1347528353324927,0.06862303971820097,,,,,,,,,,,,,2026-02-22
2026-03-15,La Liga,Betis,Celta,D,0.5154093234313987,0.2416795315558049,0.242911145012796,,,,,,,,,,,,,2026-02-22
2026-03-15,La Liga,Mallorca,Espanol,H,0.42550273166420494,0.28552334040851574,0.28897392792727944,,,,,,,,,,,,,2026-02-22
2026-03-15,La Liga,Barcelona,Sevilla,H,0.8084705112424744,0.12110143261970067,0.0704280561378249,,,,,,,,,,,,,2026-02-22
2026-03-15,La Liga,Sociedad,Osasuna,H,0.45443521624924726,0.2788700153412803,0.26669476840947254,,,,,,,,,,,,,2026-02-22
2026-03-16,La Liga,Vallecano,Levante,D,0.4755386949476133,0.27674907704935,0.24771222800303666,,,,,,,,,,,,,2026-02-22
2026-03-20,La Liga,Villarreal,Sociedad,H,0.5824137865445462,0.22118900191087118,0.196397211544583,,,,,,,,,,,,,2026-02-22
2026-03-21,La Liga,Elche,Mallorca,H,0.4331773712858249,0.2816734573629641,0.28514917135121104,,,,,,,,,,,,,2026-02-22
2026-03-21,La Liga,Espanol,Getafe,A,0.427873941299784,0.30808807841441455,0.26403798028580144,,,,,,,,,,,,,2026-02-22
2026-03-21,La Liga,Levante,Oviedo,H,0.5490170666968233,0.26210188753253955,0.1888810457706372,,,,,,,,,,,,,2026-02-22
2026-03-21,La Liga,Osasuna,Girona,H,0.47097394266752507,0.2600669006466067,0.26895915668586823,,,,,,,,,,,,,2026-02-22
2026-03-21,La Liga,Sevilla,Valencia,A,0.45343352395289066,0.27013157351379835,0.27643490253331093,,,,,,,,,,,,,2026-02-22
2026-03-22,La Liga,Barcelona,Vallecano,H,0.781733360102423,0.14518094390971897,0.07308569598785802,,,,,,,,,,,,,2026-02-22
2026-03-22,La Liga,Celta,Alaves,A,0.5264168550735855,0.26995126661686114,0.20363187830955348,,,,,,,,,,,,,2026-02-22
2026-03-22,La Liga,Ath Bilbao,Betis,H,0.43489352301132284,0.27566521730115245,0.28944125968752454,,,,,,,,,,,,,2026-02-22
2026-03-22,La Liga,Real Madrid,Ath Madrid,H,0.5288388389918691,0.24695266080928005,0.22420850019885072,,,,,,,,,,,,,2026-02-22
2026-04-03,La Liga,Vallecano,Elche,H,0.4503291736137832,0.2820723133867007,0.2675985129995161,,,,,,,,,,,,,2026-04-03
2026-04-04,La Liga,Ath Madrid,Barcelona,A,0.37817297877161493,0.24410746993525184,0.377719551293133,,,,,,,,,,,,,2026-04-03
2026-04-04,La Liga,Betis,Espanol,D,0.5859937848642396,0.22303027854191787,0.1909759365938427,,,,,,,,,,,,,2026-04-03
2026-04-04,La Liga,Sociedad,Levante,H,0.5657836619214389,0.2295793058701163,0.20463703220844467,,,,,,,,,,,,,2026-04-03
2026-04-04,La Liga,Mallorca,Real Madrid,H,0.16281485941948928,0.2255294958523724,0.6116556447281387,,,,,,,,,,,,,2026-04-03
2026-04-05,La Liga,Getafe,Ath Bilbao,H,0.3249866049586352,0.33728521601906175,0.337728179022303,,,,,,,,,,,,,2026-04-03
2026-04-05,La Liga,Valencia,Celta,A,0.3875848177064859,0.2676439220794945,0.34477126021401955,,,,,,,,,,,,,2026-04-03
2026-04-05,La Liga,Oviedo,Sevilla,H,0.2740103769194703,0.2845694139512708,0.441420209129259,,,,,,,,,,,,,2026-04-03
2026-04-05,La Liga,Alaves,Osasuna,D,0.37056954136679676,0.29966182079615805,0.3297686378370451,,,,,,,,,,,,,2026-04-03
2026-04-06,La Liga,Girona,Villarreal,H,0.33097833421782674,0.2334493271580127,0.4355723386241606,,,,,,,,,,,,,2026-04-03
2026-04-10,La Liga,Real Madrid,Girona,D,0.764423908425261,0.1462866763632506,0.08928941521148853,,,,,,,,,,,,,2026-04-03
2026-04-11,La Liga,Sociedad,Alaves,D,0.5267580207323783,0.2655720457651856,0.20766993350243615,,,,,,,,,,,,,2026-04-03
2026-04-11,La Liga,Elche,Valencia,H,0.4276193419217662,0.26644477620556273,0.30593588187267096,,,,,,,,,,,,,2026-04-03
2026-04-11,La Liga,Barcelona,Espanol,H,0.8282602377434295,0.11067133504810943,0.0610684272084611,,,,,,,,,,,,,2026-04-03
2026-04-11,La Liga,Sevilla,Ath Madrid,H,0.22820287410962714,0.24406139553137743,0.5277357303589956,,,,,,,,,,,,,2026-04-03
2026-04-12,La Liga,Ath Bilbao,Villarreal,A,0.3907775177785706,0.2601874816439577,0.3490350005774715,,,,,,,,,,,,,2026-04-03
2026-04-12,La Liga,Mallorca,Vallecano,H,0.3958567593408983,0.31600788268257585,0.288135357976526,,,,,,,,,,,,,2026-04-03
2026-04-12,La Liga,Osasuna,Betis,D,0.38406077210910033,0.27002259427079905,0.3459166336201004,,,,,,,,,,,,,2026-04-03
2026-04-12,La Liga,Celta,Oviedo,A,0.6816510175713463,0.2032394736350215,0.11510950879363224,,,,,,,,,,,,,2026-04-03
2026-04-13,La Liga,Levante,Getafe,H,0.39409516836755637,0.3004505459993357,0.30545428563310795,,,,,,,,,,,,,2026-04-03
2026-04-21,La Liga,Ath Bilbao,Osasuna,H,0.4919643442944322,0.2777957665110132,0.23023988919455457,,,,,,,,,,,,,2026-04-03
2026-04-21,La Liga,Mallorca,Valencia,D,0.40459447568424484,0.29345452507320996,0.3019509992425454,,,,,,,,,,,,,2026-04-03
2026-04-21,La Liga,Girona,Betis,A,0.3903176912713877,0.2507497515150467,0.3589325572135655,,,,,,,,,,,,,2026-04-03
2026-04-21,La Liga,Real Madrid,Alaves,H,0.7706506609634629,0.1545678403348678,0.07478149870166945,,,,,,,,,,,,,2026-04-03
2026-04-22,La Liga,Elche,Ath Madrid,H,0.21517753075023416,0.23716961022477057,0.5476528590249954,,,,,,,,,,,,,2026-04-03
2026-04-22,La Liga,Sociedad,Getafe,A,0.47063152272359565,0.30212115048786675,0.22724732678853765,,,,,,,,,,,,,2026-04-03
2026-04-22,La Liga,Barcelona,Celta,H,0.7642096575637984,0.14005119196053964,0.09573915047566182,,,,,,,,,,,,,2026-04-03
2026-04-23,La Liga,Levante,Sevilla,H,0.43351352744652794,0.24860319893109634,0.3178832736223758,,,,,,,,,,,,,2026-04-03
2026-04-23,La Liga,Vallecano,Espanol,H,0.44374056492561487,0.28859648246435426,0.267662952610031,,,,,,,,,,,,,2026-04-03
2026-04-23,La Liga,Oviedo,Villarreal,D,0.1557127444163447,0.21803289058461642,0.626254364999039,,,,,,,,,,,,,2026-04-03
2026-04-24,La Liga,Betis,Real Madrid,D,0.2542409337784263,0.23747084150943093,0.508288224712143,,,,,,,,,,,,,2026-04-03
2026-04-25,La Liga,Alaves,Mallorca,H,0.4164557158773764,0.3032865267403512,0.28025775738227227,,,,,,,,,,,,,2026-04-03
2026-04-25,La Liga,Getafe,Barcelona,A,0.1712573830332094,0.23991521251801423,0.5888274044487763,,,,,,,,,,,,,2026-04-03
2026-04-25,La Liga,Valencia,Girona,H,0.42866307236073586,0.2638929334831206,0.30744399415614343,,,,,,,,,,,,,2026-04-03
2026-04-25,La Liga,Ath Madrid,Ath Bilbao,H,0.576664009338533,0.24669255086624226,0.17664343979522465,,,,,,,,,,,,,2026-04-03
2026-04-26,La Liga,Vallecano,Sociedad,D,0.36367478955356836,0.30243424138174907,0.3338909690646826,,,,,,,,,,,,,2026-04-03
2026-04-26,La Liga,Oviedo,Elche,A,0.28817278379030886,0.2843606942077074,0.4274665220019838,,,,,,,,,,,,,2026-04-03
2026-04-26,La Liga,Osasuna,Sevilla,H,0.48614274004276037,0.25920316394044773,0.2546540960167919,,,,,,,,,,,,,2026-04-03
2026-04-26,La Liga,Villarreal,Celta,H,0.5878021144702597,0.20638591342391205,0.20581197210582816,,,,,,,,,,,,,2026-04-03
2026-04-27,La Liga,Espanol,Levante,D,0.48099948962291006,0.2450123503524439,0.2739881600246461,,,,,,,,,,,,,2026-04-03
2026-05-01,La Liga,Girona,Mallorca,A,0.5012099147837483,0.25797611201930426,0.2408139731969474,,,,,,,,,,,,,2026-04-03
2026-05-02,La Liga,Osasuna,Barcelona,A,0.1879860295679622,0.21347284447084997,0.5985411259611877,,,,,,,,,,,,,2026-04-03
2026-05-02,La Liga,Alaves,Ath Bilbao,A,0.3120889824404161,0.30722373931936203,0.380687278240222,,,,,,,,,,,,,2026-04-03
2026-05-02,La Liga,Valencia,Ath Madrid,A,0.23285088744666743,0.2621753185943515,0.5049737939589811,,,,,,,,,,,,,2026-04-03
2026-05-02,La Liga,Villarreal,Levante,H,0.7014550405656403,0.16733259413475365,0.13121236529960603,,,,,,,,,,,,,2026-04-03
2026-05-03,La Liga,Celta,Elche,H,0.5375286441079811,0.22824331781833693,0.2342280380736822,,,,,,,,,,,,,2026-05-03
2026-05-03,La Liga,Getafe,Vallecano,A,0.4047851592303337,0.34338700867562394,0.2518278320940422,,,,,,,,,,,,,2026-05-03
2026-05-03,La Liga,Betis,Oviedo,H,0.6558724856004605,0.21430872263251782,0.12981879176702144,,,,,,,,,,,,,2026-05-03
2026-05-03,La Liga,Espanol,Real Madrid,A,0.1736798653576786,0.21688822933571347,0.6094319053066078,,,,,,,,,,,,,2026-05-03
2026-05-04,La Liga,Sevilla,Sociedad,H,0.3853538749184951,0.25850256574723807,0.3561435593342667,,,,,,,,,,,,,2026-05-03
2026-05-08,La Liga,Levante,Osasuna,H,0.37858946182605224,0.26932700227689904,0.352083535897049,,,,,,,,,,,,,2026-05-03
2026-05-09,La Liga,Ath Madrid,Celta,A,0.6389868841179343,0.2017781567949807,0.1592349590870851,,,,,,,,,,,,,2026-05-03
2026-05-09,La Liga,Sociedad,Betis,D,0.419927625840971,0.25572924008729164,0.3243431340717372,,,,,,,,,,,,,2026-05-03
2026-05-09,La Liga,Sevilla,Espanol,H,0.46906542972467535,0.2572445556251037,0.27369001465022086,,,,,,,,,,,,,2026-05-03
2026-05-09,La Liga,Elche,Alaves,D,0.47819490487376276,0.25413624408651464,0.26766885103972266,,,,,,,,,,,,,2026-05-03
2026-05-10,La Liga,Mallorca,Villarreal,D,0.2928674777919071,0.2515195903699556,0.4556129318381372,,,,,,,,,,,,,2026-05-03
2026-05-10,La Liga,Ath Bilbao,Valencia,A,0.5336748035028598,0.2586397202305179,0.20768547626662218,,,,,,,,,,,,,2026-05-03
2026-05-10,La Liga,Oviedo,Getafe,D,0.2939823776694901,0.3479824082402765,0.3580352140902331,,,,,,,,,,,,,2026-05-03
2026-05-10,La Liga,Barcelona,Real Madrid,H,0.5297054311868767,0.21843678752644013,0.25185778128668296,,,,,,,,,,,,,2026-05-03
2026-05-11,La Liga,Vallecano,Girona,D,0.40564183796436315,0.2824983153376268,0.3118598466980099,,,,,,,,,,,,,2026-05-03
2026-05-12,La Liga,Betis,Elche,H,0.5779345893262618,0.22080712846690118,0.20125828220683697,,,,,,,,,,,,,2026-05-03
2026-05-12,La Liga,Osasuna,Ath Madrid,A,0.27178229357662737,0.2627926726039102,0.4654250338194627,,,,,,,,,,,,,2026-05-03
2026-05-12,La Liga,Celta,Levante,A,0.5756582880673813,0.22081524012919893,0.20352647180341996,,,,,,,,,,,,,2026-05-03
2026-05-13,La Liga,Alaves,Barcelona,H,0.1444607883553985,0.1888876114943282,0.6666516001502731,,,,,,,,,,,,,2026-05-03
2026-05-13,La Liga,Getafe,Mallorca,H,0.40964487724052445,0.32969678354397386,0.2606583392155018,,,,,,,,,,,,,2026-05-03
2026-05-13,La Liga,Espanol,Ath Bilbao,H,0.3324224263320231,0.2803264836938952,0.3872510899740815,,,,,,,,,,,,,2026-05-03
2026-05-13,La Liga,Villarreal,Sevilla,A,0.6728573365295648,0.18100171688234779,0.14614094658808754,,,,,,,,,,,,,2026-05-03
2026-05-14,La Liga,Girona,Sociedad,D,0.42539022110710817,0.25261123443859346,0.32199854445429826,,,,,,,,,,,,,2026-05-03
2026-05-14,La Liga,Real Madrid,Oviedo,H,0.8217552975782991,0.12591685903644603,0.052327843385254716,,,,,,,,,,,,,2026-05-03
2026-05-14,La Liga,Valencia,Vallecano,D,0.42930479775385405,0.2972386150646853,0.27345658718146065,,,,,,,,,,,,,2026-05-03
2026-05-17,La Liga,Sociedad,Valencia,A,0.5181399665073623,0.2517355358834143,0.23012449760922352,,,,,,,,,,,,,2026-05-03
2026-05-17,La Liga,Sevilla,Real Madrid,A,0.1822371408321403,0.21284969477355767,0.6049131643943022,,,,,,,,,,,,,2026-05-03
2026-05-17,La Liga,Vallecano,Villarreal,H,0.28451630549654366,0.26130226427691167,0.45418143022654456,,,,,,,,,,,,,2026-05-03
2026-05-17,La Liga,Oviedo,Alaves,A,0.33907309319674345,0.30064135359068994,0.3602855532125666,,,,,,,,,,,,,2026-05-03
2026-05-17,La Liga,Barcelona,Betis,H,0.7327132758397294,0.15594211361923524,0.11134461054103552,,,,,,,,,,,,,2026-05-03
2026-05-17,La Liga,Levante,Mallorca,H,0.40936184754456745,0.2737589638138446,0.316879188641588,,,,,,,,,,,,,2026-05-03
2026-05-17,La Liga,Elche,Getafe,H,0.41523453626862994,0.3014077609754286,0.2833577027559413,,,,,,,,,,,,,2026-05-03
2026-05-17,La Liga,Ath Madrid,Girona,H,0.6715485853633232,0.19024564702037916,0.1382057676162974,,,,,,,,,,,,,2026-05-03
2026-05-17,La Liga,Ath Bilbao,Celta,D,0.4872092834819726,0.25431211423777095,0.2584786022802563,,,,,,,,,,,,,2026-05-03
2026-05-17,La Liga,Osasuna,Espanol,A,0.5007051621748283,0.26251522154339146,0.2367796162817802,,,,,,,,,,,,,2026-05-03
2026-05-23,La Liga,Mallorca,Oviedo,H,0.5311323685047935,0.27713295681726885,0.19173467467793737,,,,,,,,,,,,,2026-05-03
2026-05-23,La Liga,Girona,Elche,D,0.4988847790940748,0.23749711948106425,0.263618101424861,,,,,,,,,,,,,2026-05-03
2026-05-23,La Liga,Real Madrid,Ath Bilbao,H,0.6596385168899115,0.20165640187175027,0.13870508123833827,,,,,,,,,,,,,2026-05-03
2026-05-23,La Liga,Getafe,Osasuna,H,0.3854963500748669,0.325834770659975,0.2886688792651582,,,,,,,,,,,,,2026-05-03
2026-05-23,La Liga,Valencia,Barcelona,H,0.15688372996877484,0.1974756308446664,0.6456406391865586,,,,,,,,,,,,,2026-05-03
2026-05-23,La Liga,Celta,Sevilla,H,0.5418016438142989,0.23080998749851722,0.22738836868718404,,,,,,,,,,,,,2026-05-03
2026-05-23,La Liga,Betis,Levante,H,0.6145152905750667,0.21163683955611015,0.17384786986882325,,,,,,,,,,,,,2026-05-03
2026-05-23,La Liga,Alaves,Vallecano,A,0.41343677759940817,0.29807440300966365,0.2884888193909283,,,,,,,,,,,,,2026-05-03
2026-05-23,La Liga,Espanol,Sociedad,D,0.3667512461344719,0.2671561299638616,0.3660926239016663,,,,,,,,,,,,,2026-05-03
2026-05-24,La Liga,Villarreal,Ath Madrid,H,0.4130716812642941,0.23951149228923305,0.34741682644647254,,,,,,,,,,,,,2026-05-03
